_key,_text
mst.lottery_info.1110001._infoText,Jubiläums-Rekrutierung
mst.lottery_info.1110001._detailText,"„Das Jubiläums-Rekrutierungs-Event“ garantiert, dass mindestens ein Idol der Stufe R oder höher erscheint. <br> „Einmaliges Rekrutieren“ kann für 300 Loveca durchgeführt werden. <br> „Zehnmaliges Rekrutieren“ kann für 3000 Loveca durchgeführt werden und garantiert, dass mindestens ein Idol der Stufe SR oder höher hinzugefügt wird. <br> „Kostenpflichtiges Einzel-Rekrutieren“ kann einmal täglich für 150 kostenpflichtige Loveca durchgeführt werden. <br> <br> Wenn bereits vorhandene Idols erscheinen, werden sie automatisch in „Fanleuchten“ umgewandelt. <br> ※Die umgewandelten Fanleuchten werden direkt hinzugefügt, ohne den Geschenk-Prozess zu durchlaufen. <br> ※Wenn die maximale Anzahl an Fanleuchten erreicht ist, werden sie als Geschenk übermittelt. <br> ※Die Anzahl der erhaltenen Fanleuchten hängt von der Seltenheit des Idols ab. <br> ・UR: 500 Stück <br> ・SR: 50 Stück <br> ・R: 20 Stück <br> <br> Außerdem erhältst du je nach Anzahl der erschienenen Idols „Rekrutierungs-Punkte [Jubiläum]“. <br> Die erhaltenen „Rekrutierungs-Punkte“ können im Austauschladen gegen Idols und andere Gegenstände eingetauscht werden. <br> Die bei dem Jubiläums-Rekrutierungs-Event erhältlichen „Rekrutierungs-Punkte“ können auch in den folgenden Rekrutierungs-Events erhalten werden. <br> ・UR-garantiertes Jubiläums-Rekrutierungs-Event <br> <br> Nicht eingetauschte „Rekrutierungs-Punkte“ werden am Ende dieses Events automatisch in „Fähigkeitsbuch (Mittel)“ umgewandelt. <br> ※Die umgewandelten Fähigkeitsbücher (Mittel) werden direkt hinzugefügt, ohne den Geschenk-Prozess zu durchlaufen. <br> ※Wenn die maximale Anzahl an Fähigkeitenbüchern (Mittel) erreicht ist, werden sie als Geschenk übermittelt."
mst.lottery_info.1110002._infoText,UR-garantiertes Jubiläums-Rekrutierungs-Event
mst.lottery_info.1110002._detailText,"„UR-garantiertes Jubiläums-Rekrutierungs“-Event kann mit 3000 kostenpflichtigen Loveca durchgeführt werden, wobei garantiert ein UR-Idol hinzugefügt wird. <br><br>Wenn bereits vorhandene Idols erscheinen, werden sie automatisch in „Lichtstäbe“ umgewandelt. <br>※Die umgewandelten Lichtstäbe werden direkt gutgeschrieben, ohne den Geschenk-Prozess. <br>※Wenn die maximale Anzahl an Lichtstäben erreicht ist, werden sie als Geschenk versendet. <br>※Die Anzahl der erhaltenen Lichtstäbe hängt von der Seltenheit des Idols ab. <br>・UR: 500 Stück <br>・SR: 50 Stück <br>・R: 20 Stück <br><br>Außerdem erhältst du je nach Anzahl der erschienenen Idols „Rekrutierungspunkte [Jubiläum]“. <br>Die erhaltenen „Rekrutierungspunkte“ können im Austauschladen gegen Idols und andere Gegenstände eingetauscht werden. <br>„Rekrutierungspunkte“, die beim „UR-garantierten Jubiläums-Rekrutierungs“-Event erhalten wurden, können auch bei den folgenden Rekrutierungen erhalten werden: <br>・Jubiläums-Rekrutierungs-Event <br><br>Nicht eingetauschte „Rekrutierungspunkte“ werden am Ende dieses Events automatisch in „Skillbuch (M)“ umgewandelt. <br>※Die umgewandelten Skillbücher (M) werden direkt gutgeschrieben, ohne den Geschenk-Prozess. <br>※Wenn die maximale Anzahl an Skillbüchern (M) erreicht ist, werden sie als Geschenk versendet."
mst.lottery_info.1110003._infoText,"Pick-up Rekrutierung – After School in Harajuku, Liella!♡"
mst.lottery_info.1110003._detailText,"„Pick-up-Rekrutierung ~Liella nach der Schule in Harajuku!♡~“: Hier erscheinen immer mindestens Idols mit R- oder höherer Seltenheit. <br> „Einzelne Rekrutierung“ kann für 300 Loveca durchgeführt werden. <br> „10er-Rekrutierung“ kann für 3000 Loveca durchgeführt werden, wobei garantiert mindestens ein Idol mit SR- oder höherer Seltenheit erscheint. <br> „Kostenpflichtige Einzelrekrutierung“ kann täglich einmal für 150 kostenpflichtige Loveca durchgeführt werden. <br> <br> Wenn bereits vorhandene Idols erscheinen, werden diese automatisch in „Lichtstäbe“ umgewandelt. <br> ※Die umgewandelten Lichtstäbe werden direkt hinzugefügt, ohne über das Geschenkmenü zu gehen. <br> ※Wenn die maximale Anzahl an Lichtstäben erreicht ist, werden sie als Geschenk versendet. <br> ※Die Anzahl der erhaltenen Lichtstäbe hängt von der Seltenheit des Idols ab. <br> ・UR: 500 Stück <br> ・SR: 50 Stück <br> ・R: 20 Stück <br> <br> Außerdem erhältst du je nach Anzahl der erschienenen Idols „Rekrutierungspunkte [Liella nach der Schule in Harajuku!♡]“. <br> Die erhaltenen „Rekrutierungspunkte“ können im Austauschladen gegen Idols oder andere Gegenstände eingetauscht werden. <br> <br> Nicht eingetauschte „Rekrutierungspunkte“ werden am Ende dieser Rekrutierungsaktion automatisch in „Skillbuch (M)“ umgewandelt. <br> ※Die umgewandelten Skillbücher (M) werden direkt hinzugefügt, ohne über das Geschenkmenü zu gehen. <br> ※Wenn die maximale Anzahl an Skillbüchern (M) erreicht ist, werden sie als Geschenk versendet."
mst.lottery_info.1110004._infoText,Normales Rekrutieren
mst.lottery_info.1110004._detailText,"„Normales Rekrutieren“ garantiert, dass mindestens ein Idol der Stufe R oder höher erscheint. <br> „Einmaliges Rekrutieren“ kann für 300 Loveca durchgeführt werden. <br> „Zehnmaliges Rekrutieren“ kann für 3000 Loveca durchgeführt werden und garantiert, dass mindestens ein Idol der Stufe SR oder höher hinzugefügt wird. <br> „Kostenpflichtiges einmaliges Rekrutieren“ kann täglich einmal für 150 kostenpflichtige Loveca durchgeführt werden. <br> <br> Wenn ein bereits rekrutiertes Idol erscheint, wird es automatisch in ein „Leuchtstäbchen“ umgewandelt. <br> ※Das umgewandelte Leuchtstäbchen wird direkt hinzugefügt, ohne über das Geschenkmenü zu gehen. <br> ※Wenn die maximale Anzahl an Leuchtstäbchen erreicht ist, werden sie als Geschenk versendet. <br> ※Die Anzahl der erhaltenen Leuchtstäbchen hängt von der Seltenheit des Idols ab. <br> ・UR: 500 Stück <br> ・SR: 50 Stück <br> ・R: 20 Stück <br> <br> Abhängig von der Anzahl der erschienenen Idols erhältst du „Rekrutierungspunkte [Normal]“. <br> Die erhaltenen „Rekrutierungspunkte“ können im Austauschladen gegen Idols und andere Gegenstände eingetauscht werden. <br> <br> Nicht eingetäuschte „Rekrutierungspunkte“ werden am Ende dieser Rekrutierungsaktion automatisch in ein „Skillbuch (M)“ umgewandelt. <br> ※Das umgewandelte Skillbuch (M) wird direkt hinzugefügt, ohne über das Geschenkmenü zu gehen. <br> ※Wenn die maximale Anzahl an Skillbüchern (M) erreicht ist, werden sie als Geschenk versendet."
mst.lottery_info.1110005._infoText,Normales Rekrutieren
mst.lottery_info.1110005._detailText,"„Normales Rekrutieren“ garantiert, dass mindestens ein Idol der Stufe R oder höher erscheint. <br> „Einmaliges Rekrutieren“ kann für 300 Loveca durchgeführt werden. <br> „Zehnmaliges Rekrutieren“ kann für 3000 Loveca durchgeführt werden und garantiert, dass mindestens ein Idol der Stufe SR oder höher hinzugefügt wird. <br> „Kostenpflichtiges einmaliges Rekrutieren“ kann täglich einmal für 150 kostenpflichtige Loveca durchgeführt werden. <br> <br> Wenn ein bereits rekrutiertes Idol erscheint, wird es automatisch in ein „Leuchtstäbchen“ umgewandelt. <br> ※Das umgewandelte Leuchtstäbchen wird direkt hinzugefügt, ohne über das Geschenkmenü zu gehen. <br> ※Wenn die maximale Anzahl an Leuchtstäbchen erreicht ist, werden sie als Geschenk versendet. <br> ※Die Anzahl der erhaltenen Leuchtstäbchen hängt von der Seltenheit des Idols ab. <br> ・UR: 500 Stück <br> ・SR: 50 Stück <br> ・R: 20 Stück <br> <br> Abhängig von der Anzahl der erschienenen Idols erhältst du „Rekrutierungspunkte [Normal]“. <br> Die erhaltenen „Rekrutierungspunkte“ können im Austauschladen gegen Idols und andere Gegenstände eingetauscht werden. <br> <br> Nicht eingetäuschte „Rekrutierungspunkte“ werden am Ende dieser Rekrutierungsaktion automatisch in ein „Skillbuch (M)“ umgewandelt. <br> ※Das umgewandelte Skillbuch (M) wird direkt hinzugefügt, ohne über das Geschenkmenü zu gehen. <br> ※Wenn die maximale Anzahl an Skillbüchern (M) erreicht ist, werden sie als Geschenk versendet."
mst.lottery_info.1110006._infoText,Normales Rekrutieren
mst.lottery_info.1110006._detailText,"„Normales Rekrutieren“ garantiert, dass mindestens ein Idol der Stufe R oder höher erscheint. <br> „Einmaliges Rekrutieren“ kann für 300 Loveca durchgeführt werden. <br> „Zehnmaliges Rekrutieren“ kann für 3000 Loveca durchgeführt werden und garantiert, dass mindestens ein Idol der Stufe SR oder höher hinzugefügt wird. <br> „Kostenpflichtiges einmaliges Rekrutieren“ kann täglich einmal für 150 kostenpflichtige Loveca durchgeführt werden. <br> <br> Wenn ein bereits rekrutiertes Idol erscheint, wird es automatisch in ein „Leuchtstäbchen“ umgewandelt. <br> ※Das umgewandelte Leuchtstäbchen wird direkt hinzugefügt, ohne über das Geschenkmenü zu gehen. <br> ※Wenn die maximale Anzahl an Leuchtstäbchen erreicht ist, werden sie als Geschenk versendet. <br> ※Die Anzahl der erhaltenen Leuchtstäbchen hängt von der Seltenheit des Idols ab. <br> ・UR: 500 Stück <br> ・SR: 50 Stück <br> ・R: 20 Stück <br> <br> Abhängig von der Anzahl der erschienenen Idols erhältst du „Rekrutierungspunkte [Normal]“. <br> Die erhaltenen „Rekrutierungspunkte“ können im Austauschladen gegen Idols und andere Gegenstände eingetauscht werden. <br> <br> Nicht eingetäuschte „Rekrutierungspunkte“ werden am Ende dieser Rekrutierungsaktion automatisch in ein „Skillbuch (M)“ umgewandelt. <br> ※Das umgewandelte Skillbuch (M) wird direkt hinzugefügt, ohne über das Geschenkmenü zu gehen. <br> ※Wenn die maximale Anzahl an Skillbüchern (M) erreicht ist, werden sie als Geschenk versendet."
mst.lottery_info.1110007._infoText,Normales Rekrutieren
mst.lottery_info.1110007._detailText,"„Normales Rekrutieren“ garantiert, dass mindestens ein Idol der Stufe R oder höher erscheint. <br> „Einmaliges Rekrutieren“ kann für 300 Loveca durchgeführt werden. <br> „Zehnmaliges Rekrutieren“ kann für 3000 Loveca durchgeführt werden und garantiert, dass mindestens ein Idol der Stufe SR oder höher hinzugefügt wird. <br> „Kostenpflichtiges einmaliges Rekrutieren“ kann täglich einmal für 150 kostenpflichtige Loveca durchgeführt werden. <br> <br> Wenn ein bereits rekrutiertes Idol erscheint, wird es automatisch in ein „Leuchtstäbchen“ umgewandelt. <br> ※Das umgewandelte Leuchtstäbchen wird direkt hinzugefügt, ohne über das Geschenkmenü zu gehen. <br> ※Wenn die maximale Anzahl an Leuchtstäbchen erreicht ist, werden sie als Geschenk versendet. <br> ※Die Anzahl der erhaltenen Leuchtstäbchen hängt von der Seltenheit des Idols ab. <br> ・UR: 500 Stück <br> ・SR: 50 Stück <br> ・R: 20 Stück <br> <br> Abhängig von der Anzahl der erschienenen Idols erhältst du „Rekrutierungspunkte [Normal]“. <br> Die erhaltenen „Rekrutierungspunkte“ können im Austauschladen gegen Idols und andere Gegenstände eingetauscht werden. <br> <br> Nicht eingetäuschte „Rekrutierungspunkte“ werden am Ende dieser Rekrutierungsaktion automatisch in ein „Skillbuch (M)“ umgewandelt. <br> ※Das umgewandelte Skillbuch (M) wird direkt hinzugefügt, ohne über das Geschenkmenü zu gehen. <br> ※Wenn die maximale Anzahl an Skillbüchern (M) erreicht ist, werden sie als Geschenk versendet."
mst.lottery_info.1110008._infoText,Normales Rekrutieren
mst.lottery_info.1110008._detailText,"„Normales Rekrutieren“ garantiert, dass mindestens ein Idol der Stufe R oder höher erscheint. <br> „Einmaliges Rekrutieren“ kann für 300 Loveca durchgeführt werden. <br> „Zehnmaliges Rekrutieren“ kann für 3000 Loveca durchgeführt werden und garantiert, dass mindestens ein Idol der Stufe SR oder höher hinzugefügt wird. <br> „Kostenpflichtiges einmaliges Rekrutieren“ kann täglich einmal für 150 kostenpflichtige Loveca durchgeführt werden. <br> <br> Wenn ein bereits rekrutiertes Idol erscheint, wird es automatisch in ein „Leuchtstäbchen“ umgewandelt. <br> ※Das umgewandelte Leuchtstäbchen wird direkt hinzugefügt, ohne über das Geschenkmenü zu gehen. <br> ※Wenn die maximale Anzahl an Leuchtstäbchen erreicht ist, werden sie als Geschenk versendet. <br> ※Die Anzahl der erhaltenen Leuchtstäbchen hängt von der Seltenheit des Idols ab. <br> ・UR: 500 Stück <br> ・SR: 50 Stück <br> ・R: 20 Stück <br> <br> Abhängig von der Anzahl der erschienenen Idols erhältst du „Rekrutierungspunkte [Normal]“. <br> Die erhaltenen „Rekrutierungspunkte“ können im Austauschladen gegen Idols und andere Gegenstände eingetauscht werden. <br> <br> Nicht eingetäuschte „Rekrutierungspunkte“ werden am Ende dieser Rekrutierungsaktion automatisch in ein „Skillbuch (M)“ umgewandelt. <br> ※Das umgewandelte Skillbuch (M) wird direkt hinzugefügt, ohne über das Geschenkmenü zu gehen. <br> ※Wenn die maximale Anzahl an Skillbüchern (M) erreicht ist, werden sie als Geschenk versendet."
mst.lottery_info.1110009._infoText,Normales Rekrutieren
mst.lottery_info.1110009._detailText,"„Normales Rekrutieren“ garantiert, dass mindestens ein Idol der Stufe R oder höher erscheint. <br> „Einmaliges Rekrutieren“ kann für 300 Loveca durchgeführt werden. <br> „Zehnmaliges Rekrutieren“ kann für 3000 Loveca durchgeführt werden und garantiert, dass mindestens ein Idol der Stufe SR oder höher hinzugefügt wird. <br> „Kostenpflichtiges einmaliges Rekrutieren“ kann täglich einmal für 150 kostenpflichtige Loveca durchgeführt werden. <br> <br> Wenn ein bereits rekrutiertes Idol erscheint, wird es automatisch in ein „Leuchtstäbchen“ umgewandelt. <br> ※Das umgewandelte Leuchtstäbchen wird direkt hinzugefügt, ohne über das Geschenkmenü zu gehen. <br> ※Wenn die maximale Anzahl an Leuchtstäbchen erreicht ist, werden sie als Geschenk versendet. <br> ※Die Anzahl der erhaltenen Leuchtstäbchen hängt von der Seltenheit des Idols ab. <br> ・UR: 500 Stück <br> ・SR: 50 Stück <br> ・R: 20 Stück <br> <br> Abhängig von der Anzahl der erschienenen Idols erhältst du „Rekrutierungspunkte [Normal]“. <br> Die erhaltenen „Rekrutierungspunkte“ können im Austauschladen gegen Idols und andere Gegenstände eingetauscht werden. <br> <br> Nicht eingetäuschte „Rekrutierungspunkte“ werden am Ende dieser Rekrutierungsaktion automatisch in ein „Skillbuch (M)“ umgewandelt. <br> ※Das umgewandelte Skillbuch (M) wird direkt hinzugefügt, ohne über das Geschenkmenü zu gehen. <br> ※Wenn die maximale Anzahl an Skillbüchern (M) erreicht ist, werden sie als Geschenk versendet."
mst.lottery_info.1110010._infoText,Normales Rekrutieren
mst.lottery_info.1110010._detailText,"„Normales Rekrutieren“ garantiert, dass mindestens ein Idol der Stufe R oder höher erscheint. <br> „Einmaliges Rekrutieren“ kann für 300 Loveca durchgeführt werden. <br> „Zehnmaliges Rekrutieren“ kann für 3000 Loveca durchgeführt werden und garantiert, dass mindestens ein Idol der Stufe SR oder höher hinzugefügt wird. <br> „Kostenpflichtiges einmaliges Rekrutieren“ kann täglich einmal für 150 kostenpflichtige Loveca durchgeführt werden. <br> <br> Wenn ein bereits rekrutiertes Idol erscheint, wird es automatisch in ein „Leuchtstäbchen“ umgewandelt. <br> ※Das umgewandelte Leuchtstäbchen wird direkt hinzugefügt, ohne über das Geschenkmenü zu gehen. <br> ※Wenn die maximale Anzahl an Leuchtstäbchen erreicht ist, werden sie als Geschenk versendet. <br> ※Die Anzahl der erhaltenen Leuchtstäbchen hängt von der Seltenheit des Idols ab. <br> ・UR: 500 Stück <br> ・SR: 50 Stück <br> ・R: 20 Stück <br> <br> Abhängig von der Anzahl der erschienenen Idols erhältst du „Rekrutierungspunkte [Normal]“. <br> Die erhaltenen „Rekrutierungspunkte“ können im Austauschladen gegen Idols und andere Gegenstände eingetauscht werden. <br> <br> Nicht eingetäuschte „Rekrutierungspunkte“ werden am Ende dieser Rekrutierungsaktion automatisch in ein „Skillbuch (M)“ umgewandelt. <br> ※Das umgewandelte Skillbuch (M) wird direkt hinzugefügt, ohne über das Geschenkmenü zu gehen. <br> ※Wenn die maximale Anzahl an Skillbüchern (M) erreicht ist, werden sie als Geschenk versendet."
mst.lottery_info.1110011._infoText,Normales Rekrutieren
mst.lottery_info.1110011._detailText,"„Normales Rekrutieren“ garantiert, dass mindestens ein Idol der Stufe R oder höher erscheint. <br> „Einmaliges Rekrutieren“ kann für 300 Loveca durchgeführt werden. <br> „Zehnmaliges Rekrutieren“ kann für 3000 Loveca durchgeführt werden und garantiert, dass mindestens ein Idol der Stufe SR oder höher hinzugefügt wird. <br> „Kostenpflichtiges einmaliges Rekrutieren“ kann täglich einmal für 150 kostenpflichtige Loveca durchgeführt werden. <br> <br> Wenn ein bereits rekrutiertes Idol erscheint, wird es automatisch in ein „Leuchtstäbchen“ umgewandelt. <br> ※Das umgewandelte Leuchtstäbchen wird direkt hinzugefügt, ohne über das Geschenkmenü zu gehen. <br> ※Wenn die maximale Anzahl an Leuchtstäbchen erreicht ist, werden sie als Geschenk versendet. <br> ※Die Anzahl der erhaltenen Leuchtstäbchen hängt von der Seltenheit des Idols ab. <br> ・UR: 500 Stück <br> ・SR: 50 Stück <br> ・R: 20 Stück <br> <br> Abhängig von der Anzahl der erschienenen Idols erhältst du „Rekrutierungspunkte [Normal]“. <br> Die erhaltenen „Rekrutierungspunkte“ können im Austauschladen gegen Idols und andere Gegenstände eingetauscht werden. <br> <br> Nicht eingetäuschte „Rekrutierungspunkte“ werden am Ende dieser Rekrutierungsaktion automatisch in ein „Skillbuch (M)“ umgewandelt. <br> ※Das umgewandelte Skillbuch (M) wird direkt hinzugefügt, ohne über das Geschenkmenü zu gehen. <br> ※Wenn die maximale Anzahl an Skillbüchern (M) erreicht ist, werden sie als Geschenk versendet."
mst.lottery_info.1110012._infoText,Normales Rekrutieren
mst.lottery_info.1110012._detailText,"„Normales Rekrutieren“ garantiert, dass mindestens ein Idol der Stufe R oder höher erscheint. <br> „Einmaliges Rekrutieren“ kann für 300 Loveca durchgeführt werden. <br> „Zehnmaliges Rekrutieren“ kann für 3000 Loveca durchgeführt werden und garantiert, dass mindestens ein Idol der Stufe SR oder höher hinzugefügt wird. <br> „Kostenpflichtiges einmaliges Rekrutieren“ kann täglich einmal für 150 kostenpflichtige Loveca durchgeführt werden. <br> <br> Wenn ein bereits rekrutiertes Idol erscheint, wird es automatisch in ein „Leuchtstäbchen“ umgewandelt. <br> ※Das umgewandelte Leuchtstäbchen wird direkt hinzugefügt, ohne über das Geschenkmenü zu gehen. <br> ※Wenn die maximale Anzahl an Leuchtstäbchen erreicht ist, werden sie als Geschenk versendet. <br> ※Die Anzahl der erhaltenen Leuchtstäbchen hängt von der Seltenheit des Idols ab. <br> ・UR: 500 Stück <br> ・SR: 50 Stück <br> ・R: 20 Stück <br> <br> Abhängig von der Anzahl der erschienenen Idols erhältst du „Rekrutierungspunkte [Normal]“. <br> Die erhaltenen „Rekrutierungspunkte“ können im Austauschladen gegen Idols und andere Gegenstände eingetauscht werden. <br> <br> Nicht eingetäuschte „Rekrutierungspunkte“ werden am Ende dieser Rekrutierungsaktion automatisch in ein „Skillbuch (M)“ umgewandelt. <br> ※Das umgewandelte Skillbuch (M) wird direkt hinzugefügt, ohne über das Geschenkmenü zu gehen. <br> ※Wenn die maximale Anzahl an Skillbüchern (M) erreicht ist, werden sie als Geschenk versendet."
mst.lottery_info.1110013._infoText,Normales Rekrutieren
mst.lottery_info.1110013._detailText,"„Normales Rekrutieren“ garantiert, dass mindestens ein Idol der Stufe R oder höher erscheint. <br> „Einmaliges Rekrutieren“ kann für 300 Loveca durchgeführt werden. <br> „Zehnmaliges Rekrutieren“ kann für 3000 Loveca durchgeführt werden und garantiert, dass mindestens ein Idol der Stufe SR oder höher hinzugefügt wird. <br> „Kostenpflichtiges einmaliges Rekrutieren“ kann täglich einmal für 150 kostenpflichtige Loveca durchgeführt werden. <br> <br> Wenn ein bereits rekrutiertes Idol erscheint, wird es automatisch in ein „Leuchtstäbchen“ umgewandelt. <br> ※Das umgewandelte Leuchtstäbchen wird direkt hinzugefügt, ohne über das Geschenkmenü zu gehen. <br> ※Wenn die maximale Anzahl an Leuchtstäbchen erreicht ist, werden sie als Geschenk versendet. <br> ※Die Anzahl der erhaltenen Leuchtstäbchen hängt von der Seltenheit des Idols ab. <br> ・UR: 500 Stück <br> ・SR: 50 Stück <br> ・R: 20 Stück <br> <br> Abhängig von der Anzahl der erschienenen Idols erhältst du „Rekrutierungspunkte [Normal]“. <br> Die erhaltenen „Rekrutierungspunkte“ können im Austauschladen gegen Idols und andere Gegenstände eingetauscht werden. <br> <br> Nicht eingetäuschte „Rekrutierungspunkte“ werden am Ende dieser Rekrutierungsaktion automatisch in ein „Skillbuch (M)“ umgewandelt. <br> ※Das umgewandelte Skillbuch (M) wird direkt hinzugefügt, ohne über das Geschenkmenü zu gehen. <br> ※Wenn die maximale Anzahl an Skillbüchern (M) erreicht ist, werden sie als Geschenk versendet."
mst.lottery_info.1110014._infoText,Normales Rekrutieren
mst.lottery_info.1110014._detailText,"„Normales Rekrutieren“ garantiert, dass mindestens ein Idol der Stufe R oder höher erscheint. <br> „Einmaliges Rekrutieren“ kann für 300 Loveca durchgeführt werden. <br> „Zehnmaliges Rekrutieren“ kann für 3000 Loveca durchgeführt werden und garantiert, dass mindestens ein Idol der Stufe SR oder höher hinzugefügt wird. <br> „Kostenpflichtiges einmaliges Rekrutieren“ kann täglich einmal für 150 kostenpflichtige Loveca durchgeführt werden. <br> <br> Wenn ein bereits rekrutiertes Idol erscheint, wird es automatisch in ein „Leuchtstäbchen“ umgewandelt. <br> ※Das umgewandelte Leuchtstäbchen wird direkt hinzugefügt, ohne über das Geschenkmenü zu gehen. <br> ※Wenn die maximale Anzahl an Leuchtstäbchen erreicht ist, werden sie als Geschenk versendet. <br> ※Die Anzahl der erhaltenen Leuchtstäbchen hängt von der Seltenheit des Idols ab. <br> ・UR: 500 Stück <br> ・SR: 50 Stück <br> ・R: 20 Stück <br> <br> Abhängig von der Anzahl der erschienenen Idols erhältst du „Rekrutierungspunkte [Normal]“. <br> Die erhaltenen „Rekrutierungspunkte“ können im Austauschladen gegen Idols und andere Gegenstände eingetauscht werden. <br> <br> Nicht eingetäuschte „Rekrutierungspunkte“ werden am Ende dieser Rekrutierungsaktion automatisch in ein „Skillbuch (M)“ umgewandelt. <br> ※Das umgewandelte Skillbuch (M) wird direkt hinzugefügt, ohne über das Geschenkmenü zu gehen. <br> ※Wenn die maximale Anzahl an Skillbüchern (M) erreicht ist, werden sie als Geschenk versendet."
mst.lottery_info.1110015._infoText,Normales Rekrutieren
mst.lottery_info.1110015._detailText,"„Normales Rekrutieren“ garantiert, dass mindestens ein Idol der Stufe R oder höher erscheint. <br> „Einmaliges Rekrutieren“ kann für 300 Loveca durchgeführt werden. <br> „Zehnmaliges Rekrutieren“ kann für 3000 Loveca durchgeführt werden und garantiert, dass mindestens ein Idol der Stufe SR oder höher hinzugefügt wird. <br> „Kostenpflichtiges einmaliges Rekrutieren“ kann täglich einmal für 150 kostenpflichtige Loveca durchgeführt werden. <br> <br> Wenn ein bereits rekrutiertes Idol erscheint, wird es automatisch in ein „Leuchtstäbchen“ umgewandelt. <br> ※Das umgewandelte Leuchtstäbchen wird direkt hinzugefügt, ohne über das Geschenkmenü zu gehen. <br> ※Wenn die maximale Anzahl an Leuchtstäbchen erreicht ist, werden sie als Geschenk versendet. <br> ※Die Anzahl der erhaltenen Leuchtstäbchen hängt von der Seltenheit des Idols ab. <br> ・UR: 500 Stück <br> ・SR: 50 Stück <br> ・R: 20 Stück <br> <br> Abhängig von der Anzahl der erschienenen Idols erhältst du „Rekrutierungspunkte [Normal]“. <br> Die erhaltenen „Rekrutierungspunkte“ können im Austauschladen gegen Idols und andere Gegenstände eingetauscht werden. <br> <br> Nicht eingetäuschte „Rekrutierungspunkte“ werden am Ende dieser Rekrutierungsaktion automatisch in ein „Skillbuch (M)“ umgewandelt. <br> ※Das umgewandelte Skillbuch (M) wird direkt hinzugefügt, ohne über das Geschenkmenü zu gehen. <br> ※Wenn die maximale Anzahl an Skillbüchern (M) erreicht ist, werden sie als Geschenk versendet."
mst.lottery_info.1110016._infoText,Normales Rekrutieren
mst.lottery_info.1110016._detailText,"„Normales Rekrutieren“ garantiert, dass mindestens ein Idol der Stufe R oder höher erscheint. <br> „Einmaliges Rekrutieren“ kann für 300 Loveca durchgeführt werden. <br> „Zehnmaliges Rekrutieren“ kann für 3000 Loveca durchgeführt werden und garantiert, dass mindestens ein Idol der Stufe SR oder höher hinzugefügt wird. <br> „Kostenpflichtiges einmaliges Rekrutieren“ kann täglich einmal für 150 kostenpflichtige Loveca durchgeführt werden. <br> <br> Wenn ein bereits rekrutiertes Idol erscheint, wird es automatisch in ein „Leuchtstäbchen“ umgewandelt. <br> ※Das umgewandelte Leuchtstäbchen wird direkt hinzugefügt, ohne über das Geschenkmenü zu gehen. <br> ※Wenn die maximale Anzahl an Leuchtstäbchen erreicht ist, werden sie als Geschenk versendet. <br> ※Die Anzahl der erhaltenen Leuchtstäbchen hängt von der Seltenheit des Idols ab. <br> ・UR: 500 Stück <br> ・SR: 50 Stück <br> ・R: 20 Stück <br> <br> Abhängig von der Anzahl der erschienenen Idols erhältst du „Rekrutierungspunkte [Normal]“. <br> Die erhaltenen „Rekrutierungspunkte“ können im Austauschladen gegen Idols und andere Gegenstände eingetauscht werden. <br> <br> Nicht eingetäuschte „Rekrutierungspunkte“ werden am Ende dieser Rekrutierungsaktion automatisch in ein „Skillbuch (M)“ umgewandelt. <br> ※Das umgewandelte Skillbuch (M) wird direkt hinzugefügt, ohne über das Geschenkmenü zu gehen. <br> ※Wenn die maximale Anzahl an Skillbüchern (M) erreicht ist, werden sie als Geschenk versendet."
mst.lottery_info.1110017._infoText,Normales Rekrutieren
mst.lottery_info.1110017._detailText,"„Normales Rekrutieren“ garantiert, dass mindestens ein Idol der Stufe R oder höher erscheint. <br> „Einmaliges Rekrutieren“ kann für 300 Loveca durchgeführt werden. <br> „Zehnmaliges Rekrutieren“ kann für 3000 Loveca durchgeführt werden und garantiert, dass mindestens ein Idol der Stufe SR oder höher hinzugefügt wird. <br> „Kostenpflichtiges einmaliges Rekrutieren“ kann täglich einmal für 150 kostenpflichtige Loveca durchgeführt werden. <br> <br> Wenn ein bereits rekrutiertes Idol erscheint, wird es automatisch in ein „Leuchtstäbchen“ umgewandelt. <br> ※Das umgewandelte Leuchtstäbchen wird direkt hinzugefügt, ohne über das Geschenkmenü zu gehen. <br> ※Wenn die maximale Anzahl an Leuchtstäbchen erreicht ist, werden sie als Geschenk versendet. <br> ※Die Anzahl der erhaltenen Leuchtstäbchen hängt von der Seltenheit des Idols ab. <br> ・UR: 500 Stück <br> ・SR: 50 Stück <br> ・R: 20 Stück <br> <br> Abhängig von der Anzahl der erschienenen Idols erhältst du „Rekrutierungspunkte [Normal]“. <br> Die erhaltenen „Rekrutierungspunkte“ können im Austauschladen gegen Idols und andere Gegenstände eingetauscht werden. <br> <br> Nicht eingetäuschte „Rekrutierungspunkte“ werden am Ende dieser Rekrutierungsaktion automatisch in ein „Skillbuch (M)“ umgewandelt. <br> ※Das umgewandelte Skillbuch (M) wird direkt hinzugefügt, ohne über das Geschenkmenü zu gehen. <br> ※Wenn die maximale Anzahl an Skillbüchern (M) erreicht ist, werden sie als Geschenk versendet."
mst.lottery_info.1110018._infoText,Normales Rekrutieren
mst.lottery_info.1110018._detailText,"„Normales Rekrutieren“ garantiert, dass mindestens ein Idol der Stufe R oder höher erscheint. <br> „Einmaliges Rekrutieren“ kann für 300 Loveca durchgeführt werden. <br> „Zehnmaliges Rekrutieren“ kann für 3000 Loveca durchgeführt werden und garantiert, dass mindestens ein Idol der Stufe SR oder höher hinzugefügt wird. <br> „Kostenpflichtiges einmaliges Rekrutieren“ kann täglich einmal für 150 kostenpflichtige Loveca durchgeführt werden. <br> <br> Wenn ein bereits rekrutiertes Idol erscheint, wird es automatisch in ein „Leuchtstäbchen“ umgewandelt. <br> ※Das umgewandelte Leuchtstäbchen wird direkt hinzugefügt, ohne über das Geschenkmenü zu gehen. <br> ※Wenn die maximale Anzahl an Leuchtstäbchen erreicht ist, werden sie als Geschenk versendet. <br> ※Die Anzahl der erhaltenen Leuchtstäbchen hängt von der Seltenheit des Idols ab. <br> ・UR: 500 Stück <br> ・SR: 50 Stück <br> ・R: 20 Stück <br> <br> Abhängig von der Anzahl der erschienenen Idols erhältst du „Rekrutierungspunkte [Normal]“. <br> Die erhaltenen „Rekrutierungspunkte“ können im Austauschladen gegen Idols und andere Gegenstände eingetauscht werden. <br> <br> Nicht eingetäuschte „Rekrutierungspunkte“ werden am Ende dieser Rekrutierungsaktion automatisch in ein „Skillbuch (M)“ umgewandelt. <br> ※Das umgewandelte Skillbuch (M) wird direkt hinzugefügt, ohne über das Geschenkmenü zu gehen. <br> ※Wenn die maximale Anzahl an Skillbüchern (M) erreicht ist, werden sie als Geschenk versendet."
mst.lottery_info.1110019._infoText,Normales Rekrutieren
mst.lottery_info.1110019._detailText,"„Normales Rekrutieren“ garantiert, dass mindestens ein Idol der Stufe R oder höher erscheint. <br> „Einmaliges Rekrutieren“ kann für 300 Loveca durchgeführt werden. <br> „Zehnmaliges Rekrutieren“ kann für 3000 Loveca durchgeführt werden und garantiert, dass mindestens ein Idol der Stufe SR oder höher hinzugefügt wird. <br> „Kostenpflichtiges einmaliges Rekrutieren“ kann täglich einmal für 150 kostenpflichtige Loveca durchgeführt werden. <br> <br> Wenn ein bereits rekrutiertes Idol erscheint, wird es automatisch in ein „Leuchtstäbchen“ umgewandelt. <br> ※Das umgewandelte Leuchtstäbchen wird direkt hinzugefügt, ohne über das Geschenkmenü zu gehen. <br> ※Wenn die maximale Anzahl an Leuchtstäbchen erreicht ist, werden sie als Geschenk versendet. <br> ※Die Anzahl der erhaltenen Leuchtstäbchen hängt von der Seltenheit des Idols ab. <br> ・UR: 500 Stück <br> ・SR: 50 Stück <br> ・R: 20 Stück <br> <br> Abhängig von der Anzahl der erschienenen Idols erhältst du „Rekrutierungspunkte [Normal]“. <br> Die erhaltenen „Rekrutierungspunkte“ können im Austauschladen gegen Idols und andere Gegenstände eingetauscht werden. <br> <br> Nicht eingetäuschte „Rekrutierungspunkte“ werden am Ende dieser Rekrutierungsaktion automatisch in ein „Skillbuch (M)“ umgewandelt. <br> ※Das umgewandelte Skillbuch (M) wird direkt hinzugefügt, ohne über das Geschenkmenü zu gehen. <br> ※Wenn die maximale Anzahl an Skillbüchern (M) erreicht ist, werden sie als Geschenk versendet."
mst.lottery_info.1110020._infoText,Normales Rekrutieren
mst.lottery_info.1110020._detailText,"„Normales Rekrutieren“ garantiert, dass mindestens ein Idol der Stufe R oder höher erscheint. <br> „Einmaliges Rekrutieren“ kann für 300 Loveca durchgeführt werden. <br> „Zehnmaliges Rekrutieren“ kann für 3000 Loveca durchgeführt werden und garantiert, dass mindestens ein Idol der Stufe SR oder höher hinzugefügt wird. <br> „Kostenpflichtiges einmaliges Rekrutieren“ kann täglich einmal für 150 kostenpflichtige Loveca durchgeführt werden. <br> <br> Wenn ein bereits rekrutiertes Idol erscheint, wird es automatisch in ein „Leuchtstäbchen“ umgewandelt. <br> ※Das umgewandelte Leuchtstäbchen wird direkt hinzugefügt, ohne über das Geschenkmenü zu gehen. <br> ※Wenn die maximale Anzahl an Leuchtstäbchen erreicht ist, werden sie als Geschenk versendet. <br> ※Die Anzahl der erhaltenen Leuchtstäbchen hängt von der Seltenheit des Idols ab. <br> ・UR: 500 Stück <br> ・SR: 50 Stück <br> ・R: 20 Stück <br> <br> Abhängig von der Anzahl der erschienenen Idols erhältst du „Rekrutierungspunkte [Normal]“. <br> Die erhaltenen „Rekrutierungspunkte“ können im Austauschladen gegen Idols und andere Gegenstände eingetauscht werden. <br> <br> Nicht eingetäuschte „Rekrutierungspunkte“ werden am Ende dieser Rekrutierungsaktion automatisch in ein „Skillbuch (M)“ umgewandelt. <br> ※Das umgewandelte Skillbuch (M) wird direkt hinzugefügt, ohne über das Geschenkmenü zu gehen. <br> ※Wenn die maximale Anzahl an Skillbüchern (M) erreicht ist, werden sie als Geschenk versendet."
mst.lottery_info.1110021._infoText,Normales Rekrutieren
mst.lottery_info.1110021._detailText,"„Normales Rekrutieren“ garantiert, dass mindestens ein Idol der Stufe R oder höher erscheint. <br> „Einmaliges Rekrutieren“ kann für 300 Loveca durchgeführt werden. <br> „Zehnmaliges Rekrutieren“ kann für 3000 Loveca durchgeführt werden und garantiert, dass mindestens ein Idol der Stufe SR oder höher hinzugefügt wird. <br> „Kostenpflichtiges einmaliges Rekrutieren“ kann täglich einmal für 150 kostenpflichtige Loveca durchgeführt werden. <br> <br> Wenn ein bereits rekrutiertes Idol erscheint, wird es automatisch in ein „Leuchtstäbchen“ umgewandelt. <br> ※Das umgewandelte Leuchtstäbchen wird direkt hinzugefügt, ohne über das Geschenkmenü zu gehen. <br> ※Wenn die maximale Anzahl an Leuchtstäbchen erreicht ist, werden sie als Geschenk versendet. <br> ※Die Anzahl der erhaltenen Leuchtstäbchen hängt von der Seltenheit des Idols ab. <br> ・UR: 500 Stück <br> ・SR: 50 Stück <br> ・R: 20 Stück <br> <br> Abhängig von der Anzahl der erschienenen Idols erhältst du „Rekrutierungspunkte [Normal]“. <br> Die erhaltenen „Rekrutierungspunkte“ können im Austauschladen gegen Idols und andere Gegenstände eingetauscht werden. <br> <br> Nicht eingetäuschte „Rekrutierungspunkte“ werden am Ende dieser Rekrutierungsaktion automatisch in ein „Skillbuch (M)“ umgewandelt. <br> ※Das umgewandelte Skillbuch (M) wird direkt hinzugefügt, ohne über das Geschenkmenü zu gehen. <br> ※Wenn die maximale Anzahl an Skillbüchern (M) erreicht ist, werden sie als Geschenk versendet."
mst.lottery_info.1110022._infoText,Normales Rekrutieren
mst.lottery_info.1110022._detailText,"„Normales Rekrutieren“ garantiert, dass mindestens ein Idol der Stufe R oder höher erscheint. <br> „Einmaliges Rekrutieren“ kann für 300 Loveca durchgeführt werden. <br> „Zehnmaliges Rekrutieren“ kann für 3000 Loveca durchgeführt werden und garantiert, dass mindestens ein Idol der Stufe SR oder höher hinzugefügt wird. <br> „Kostenpflichtiges einmaliges Rekrutieren“ kann täglich einmal für 150 kostenpflichtige Loveca durchgeführt werden. <br> <br> Wenn ein bereits rekrutiertes Idol erscheint, wird es automatisch in ein „Leuchtstäbchen“ umgewandelt. <br> ※Das umgewandelte Leuchtstäbchen wird direkt hinzugefügt, ohne über das Geschenkmenü zu gehen. <br> ※Wenn die maximale Anzahl an Leuchtstäbchen erreicht ist, werden sie als Geschenk versendet. <br> ※Die Anzahl der erhaltenen Leuchtstäbchen hängt von der Seltenheit des Idols ab. <br> ・UR: 500 Stück <br> ・SR: 50 Stück <br> ・R: 20 Stück <br> <br> Abhängig von der Anzahl der erschienenen Idols erhältst du „Rekrutierungspunkte [Normal]“. <br> Die erhaltenen „Rekrutierungspunkte“ können im Austauschladen gegen Idols und andere Gegenstände eingetauscht werden. <br> <br> Nicht eingetäuschte „Rekrutierungspunkte“ werden am Ende dieser Rekrutierungsaktion automatisch in ein „Skillbuch (M)“ umgewandelt. <br> ※Das umgewandelte Skillbuch (M) wird direkt hinzugefügt, ohne über das Geschenkmenü zu gehen. <br> ※Wenn die maximale Anzahl an Skillbüchern (M) erreicht ist, werden sie als Geschenk versendet."
mst.lottery_info.1110023._infoText,Normales Rekrutieren
mst.lottery_info.1110023._detailText,"„Normales Rekrutieren“ garantiert, dass mindestens ein Idol der Stufe R oder höher erscheint. <br> „Einmaliges Rekrutieren“ kann für 300 Loveca durchgeführt werden. <br> „Zehnmaliges Rekrutieren“ kann für 3000 Loveca durchgeführt werden und garantiert, dass mindestens ein Idol der Stufe SR oder höher hinzugefügt wird. <br> „Kostenpflichtiges einmaliges Rekrutieren“ kann täglich einmal für 150 kostenpflichtige Loveca durchgeführt werden. <br> <br> Wenn ein bereits rekrutiertes Idol erscheint, wird es automatisch in ein „Leuchtstäbchen“ umgewandelt. <br> ※Das umgewandelte Leuchtstäbchen wird direkt hinzugefügt, ohne über das Geschenkmenü zu gehen. <br> ※Wenn die maximale Anzahl an Leuchtstäbchen erreicht ist, werden sie als Geschenk versendet. <br> ※Die Anzahl der erhaltenen Leuchtstäbchen hängt von der Seltenheit des Idols ab. <br> ・UR: 500 Stück <br> ・SR: 50 Stück <br> ・R: 20 Stück <br> <br> Abhängig von der Anzahl der erschienenen Idols erhältst du „Rekrutierungspunkte [Normal]“. <br> Die erhaltenen „Rekrutierungspunkte“ können im Austauschladen gegen Idols und andere Gegenstände eingetauscht werden. <br> <br> Nicht eingetäuschte „Rekrutierungspunkte“ werden am Ende dieser Rekrutierungsaktion automatisch in ein „Skillbuch (M)“ umgewandelt. <br> ※Das umgewandelte Skillbuch (M) wird direkt hinzugefügt, ohne über das Geschenkmenü zu gehen. <br> ※Wenn die maximale Anzahl an Skillbüchern (M) erreicht ist, werden sie als Geschenk versendet."
mst.lottery_info.1110024._infoText,Normales Rekrutieren
mst.lottery_info.1110024._detailText,"„Normales Rekrutieren“ garantiert, dass mindestens ein Idol der Stufe R oder höher erscheint. <br> „Einmaliges Rekrutieren“ kann für 300 Loveca durchgeführt werden. <br> „Zehnmaliges Rekrutieren“ kann für 3000 Loveca durchgeführt werden und garantiert, dass mindestens ein Idol der Stufe SR oder höher hinzugefügt wird. <br> „Kostenpflichtiges einmaliges Rekrutieren“ kann täglich einmal für 150 kostenpflichtige Loveca durchgeführt werden. <br> <br> Wenn ein bereits rekrutiertes Idol erscheint, wird es automatisch in ein „Leuchtstäbchen“ umgewandelt. <br> ※Das umgewandelte Leuchtstäbchen wird direkt hinzugefügt, ohne über das Geschenkmenü zu gehen. <br> ※Wenn die maximale Anzahl an Leuchtstäbchen erreicht ist, werden sie als Geschenk versendet. <br> ※Die Anzahl der erhaltenen Leuchtstäbchen hängt von der Seltenheit des Idols ab. <br> ・UR: 500 Stück <br> ・SR: 50 Stück <br> ・R: 20 Stück <br> <br> Abhängig von der Anzahl der erschienenen Idols erhältst du „Rekrutierungspunkte [Normal]“. <br> Die erhaltenen „Rekrutierungspunkte“ können im Austauschladen gegen Idols und andere Gegenstände eingetauscht werden. <br> <br> Nicht eingetäuschte „Rekrutierungspunkte“ werden am Ende dieser Rekrutierungsaktion automatisch in ein „Skillbuch (M)“ umgewandelt. <br> ※Das umgewandelte Skillbuch (M) wird direkt hinzugefügt, ohne über das Geschenkmenü zu gehen. <br> ※Wenn die maximale Anzahl an Skillbüchern (M) erreicht ist, werden sie als Geschenk versendet."
mst.lottery_info.2110001._infoText,Pick-up-Rekrutierung – Wir und diese Stadt
mst.lottery_info.2110001._detailText,"„Pick-up-Rekrutierung – Wir und diese Stadt“ garantiert, dass mindestens ein Idol der Stufe R oder höher erscheint. <br> „Einzelne Rekrutierung“ kann für 300 Loveca durchgeführt werden. <br> „10er-Rekrutierung“ kann für 3000 Loveca durchgeführt werden und garantiert, dass mindestens ein Idol der Stufe SR oder höher hinzugefügt wird. <br> „Kostenpflichtige Einzelrekrutierung“ kann täglich einmal für 150 kostenpflichtige Loveca durchgeführt werden. <br> <br> Wenn bereits rekrutierte Idols erscheinen, werden sie automatisch in „Lichtstäbe“ umgewandelt. <br> ※Die umgewandelten Lichtstäbe werden direkt hinzugefügt, ohne über das Geschenkmenü zu gehen. <br> ※Wenn die maximale Anzahl an Lichtstäben erreicht ist, werden sie als Geschenk versendet. <br> ※Die Anzahl der erhaltenen Lichtstäbe hängt von der Seltenheit des Idols ab. <br> ・UR: 500 Stück <br> ・SR: 50 Stück <br> ・R: 20 Stück <br> <br> Außerdem erhältst du je nach Anzahl der erschienenen Idols „Rekrutierungspunkte [Wir und diese Stadt]“. <br> Die erhaltenen „Rekrutierungspunkte“ können im Austauschladen gegen Idols oder andere Gegenstände eingetauscht werden. <br> <br> Nicht eingetauschte „Rekrutierungspunkte“ werden am Ende dieser Rekrutierungsaktion automatisch in „Skillbuch (M)“ umgewandelt. <br> ※Die umgewandelten Skillbücher (M) werden direkt hinzugefügt, ohne über das Geschenkmenü zu gehen. <br> ※Wenn die maximale Anzahl an Skillbüchern (M) erreicht ist, werden sie als Geschenk versendet."
mst.lottery_info.2110002._infoText,Pick-up-Rekrutierung – Lasst uns die Einkaufsstraße bewerben!
mst.lottery_info.2110002._detailText,"„Pick-up-Rekrutierung – Lasst uns die Einkaufsstraße bewerben!“ beinhaltet immer Idols der Stufe R oder höher. <br> „1x Rekrutieren“ kann für 300 Loveca durchgeführt werden. <br> „10x Rekrutieren“ kann für 3000 Loveca durchgeführt werden und garantiert, dass mindestens ein Idol der Stufe SR oder höher hinzugefügt wird. <br> „1x Bezahlte Rekrutierung“ kann täglich einmal für 150 bezahlte Loveca durchgeführt werden. <br> <br> Wenn ein bereits vorhandenes Idol erscheint, wird es automatisch in eine „Leuchtstab“-Belohnung umgewandelt. <br> ※Die umgewandelten Leuchtstäbe werden direkt hinzugefügt und nicht über das Geschenk-System verteilt. <br> ※Wenn die maximale Anzahl an Leuchtstäben erreicht ist, werden sie als Geschenk verteilt. <br> ※Die Anzahl der erhaltenen Leuchtstäbe hängt von der Seltenheit des Idols ab. <br> ・UR: 500 Stück <br> ・SR: 50 Stück <br> ・R: 20 Stück <br> <br> Abhängig von der Anzahl der erscheinenden Idols erhältst du „Rekrutierungspunkte [Lasst uns die Einkaufsstraße bewerben!]“. <br> Die erhaltenen „Rekrutierungspunkte“ können im Austauschladen gegen Idols und andere Gegenstände eingetauscht werden. <br> <br> Nicht eingetäuschte „Rekrutierungspunkte“ werden am Ende dieser Rekrutierungsaktion automatisch in ein „Skillbuch (M)“ umgewandelt. <br> ※Die umgewandelten Skillbücher (M) werden direkt hinzugefügt und nicht über das Geschenk-System verteilt. <br> ※Wenn die maximale Anzahl an Skillbüchern (M) erreicht ist, werden sie als Geschenk verteilt."
mst.lottery_info.2110003._infoText,Pick-up-Rekrutierung – Live in Nature
mst.lottery_info.2110003._detailText,"„Pick-up-Rekrutierung ~Live in Nature~“ garantiert, dass mindestens ein Idol der Stufe R oder höher erscheint. <br> „Einmal Rekrutieren“ kann für 300 Loveca durchgeführt werden. <br> „Zehnmal Rekrutieren“ kann für 3000 Loveca durchgeführt werden und garantiert, dass mindestens ein Idol der Stufe SR oder höher hinzugefügt wird. <br> „Kostenpflichtiges Einzel-Rekrutieren“ kann täglich einmal für 150 kostenpflichtige Loveca durchgeführt werden. <br> <br> Wenn ein bereits vorhandenes Idol erscheint, wird es automatisch in eine „Leuchtstab“-Belohnung umgewandelt. <br> ※Die umgewandelten Leuchtstäbe werden direkt hinzugefügt und nicht über das Geschenk-System verteilt. <br> ※Wenn die maximale Anzahl an Leuchtstäben erreicht ist, werden sie als Geschenk verteilt. <br> ※Die Anzahl der erhaltenen Leuchtstäbe hängt von der Seltenheit des Idols ab. <br> ・UR: 500 Stück <br> ・SR: 50 Stück <br> ・R: 20 Stück <br> <br> Abhängig von der Anzahl der erscheinenden Idols erhältst du „Rekrutierungspunkte [Live in Nature]“. <br> Die erhaltenen „Rekrutierungspunkte“ können im Austauschladen gegen Idols oder andere Gegenstände eingetauscht werden. <br> <br> Nicht eingetäuschte „Rekrutierungspunkte“ werden am Ende dieser Rekrutierungsaktion automatisch in ein „Skillbuch (M)“ umgewandelt. <br> ※Die umgewandelten Skillbücher (M) werden direkt hinzugefügt und nicht über das Geschenk-System verteilt. <br> ※Wenn die maximale Anzahl an Skillbüchern (M) erreicht ist, werden sie als Geschenk verteilt."
mst.lottery_info.2110004._infoText,Pick-up-Rekrutierung – Funkelnde Tänzerin
mst.lottery_info.2110004._detailText,"„Pick-up-Rekrutierung ~Funkelnde Tänzerinnen~“ garantiert, dass mindestens ein Idol der Stufe R oder höher erscheint. <br> „Einmaliges Rekrutieren“ kann für 300 Loveca durchgeführt werden. <br> „Zehnmaliges Rekrutieren“ kann für 3000 Loveca durchgeführt werden und garantiert, dass mindestens ein Idol der Stufe SR oder höher hinzugefügt wird. <br> „Kostenpflichtiges einmaliges Rekrutieren“ kann täglich einmal für 150 kostenpflichtige Loveca durchgeführt werden. <br> <br> Wenn ein bereits rekrutiertes Idol erscheint, wird es automatisch in ein „Leuchtstäbchen“ umgewandelt. <br> ※Das umgewandelte Leuchtstäbchen wird direkt hinzugefügt, ohne über das Geschenkmenü zu gehen. <br> ※Wenn die maximale Anzahl an Leuchtstäbchen erreicht ist, werden sie als Geschenk versendet. <br> ※Die Anzahl der erhaltenen Leuchtstäbchen hängt von der Seltenheit des Idols ab. <br> ・UR: 500 Stück <br> ・SR: 50 Stück <br> ・R: 20 Stück <br> <br> Außerdem erhältst du je nach Anzahl der erschienenen Idols „Rekrutierungspunkte [Funkelnde Tänzerinnen]“. <br> Die erhaltenen „Rekrutierungspunkte“ können im Austauschladen gegen Idols und andere Gegenstände eingetauscht werden. <br> <br> Nicht eingetäuschte „Rekrutierungspunkte“ werden am Ende dieser Rekrutierungsaktion automatisch in ein „Skillbuch (M)“ umgewandelt. <br> ※Das umgewandelte Skillbuch (M) wird direkt hinzugefügt, ohne über das Geschenkmenü zu gehen. <br> ※Wenn die maximale Anzahl an Skillbüchern (M) erreicht ist, werden sie als Geschenk versendet."
mst.lottery_info.2110005._infoText,Pick-up-Rekrutierung – Funkelnde Tänzerin
mst.lottery_info.2110005._detailText,"„Pick-up-Rekrutierung ~Funkelnde Tänzerinnen~“ garantiert, dass mindestens ein Idol der Stufe R oder höher erscheint. <br> „Einmaliges Rekrutieren“ kann für 300 Loveca durchgeführt werden. <br> „Zehnmaliges Rekrutieren“ kann für 3000 Loveca durchgeführt werden und garantiert, dass mindestens ein Idol der Stufe SR oder höher hinzugefügt wird. <br> „Kostenpflichtiges einmaliges Rekrutieren“ kann täglich einmal für 150 kostenpflichtige Loveca durchgeführt werden. <br> <br> Wenn ein bereits rekrutiertes Idol erscheint, wird es automatisch in ein „Leuchtstäbchen“ umgewandelt. <br> ※Das umgewandelte Leuchtstäbchen wird direkt hinzugefügt, ohne über das Geschenkmenü zu gehen. <br> ※Wenn die maximale Anzahl an Leuchtstäbchen erreicht ist, werden sie als Geschenk versendet. <br> ※Die Anzahl der erhaltenen Leuchtstäbchen hängt von der Seltenheit des Idols ab. <br> ・UR: 500 Stück <br> ・SR: 50 Stück <br> ・R: 20 Stück <br> <br> Außerdem erhältst du je nach Anzahl der erschienenen Idols „Rekrutierungspunkte [Funkelnde Tänzerinnen]“. <br> Die erhaltenen „Rekrutierungspunkte“ können im Austauschladen gegen Idols und andere Gegenstände eingetauscht werden. <br> <br> Nicht eingetäuschte „Rekrutierungspunkte“ werden am Ende dieser Rekrutierungsaktion automatisch in ein „Skillbuch (M)“ umgewandelt. <br> ※Das umgewandelte Skillbuch (M) wird direkt hinzugefügt, ohne über das Geschenkmenü zu gehen. <br> ※Wenn die maximale Anzahl an Skillbüchern (M) erreicht ist, werden sie als Geschenk versendet."
mst.lottery_info.2110006._infoText,Pick-up-Rekrutierung ~Sommercamp im Sonnenschein~
mst.lottery_info.2110006._detailText,"„Pick-up-Rekrutierung ~Sonnenverwöhntes Sommercamp~“ garantiert die Erscheinung von Idols der Stufe R oder höher. <br> „Einmal Rekrutieren“ kann für 300 Loveca durchgeführt werden. <br> „Zehnmal Rekrutieren“ kann für 3000 Loveca durchgeführt werden und garantiert, dass mindestens ein Idol der Stufe SR oder höher hinzugefügt wird. <br> „Kostenpflichtiges Einzel-Rekrutieren“ kann täglich einmal für 150 kostenpflichtige Loveca durchgeführt werden. <br> <br> Wenn ein bereits vorhandenes Idol erscheint, wird es automatisch in ein „Leuchtstäbchen“ umgewandelt. <br> ※Das umgewandelte Leuchtstäbchen wird direkt hinzugefügt, ohne über das Geschenkmenü zu gehen. <br> ※Wenn die maximale Anzahl an Leuchtstäbchen erreicht ist, werden sie als Geschenk versendet. <br> ※Die Anzahl der erhaltenen Leuchtstäbchen hängt von der Seltenheit des Idols ab. <br> ・UR: 500 Stück <br> ・SR: 50 Stück <br> ・R: 20 Stück <br> <br> Außerdem erhältst du je nach Anzahl der erschienenen Idols „Rekrutierungspunkte [Sonnenverwöhntes Sommercamp]“. <br> Die erhaltenen „Rekrutierungspunkte“ können im Austauschladen gegen Idols und andere Gegenstände eingetauscht werden. <br> <br> Nicht eingetäuschte „Rekrutierungspunkte“ werden am Ende dieser Rekrutierungsaktion automatisch in ein „Skillbuch (M)“ umgewandelt. <br> ※Das umgewandelte Skillbuch (M) wird direkt hinzugefügt, ohne über das Geschenkmenü zu gehen. <br> ※Wenn die maximale Anzahl an Skillbüchern (M) erreicht ist, werden sie als Geschenk versendet."
mst.lottery_info.2110007._infoText,Pick-up-Rekrutierung ~Sommercamp im Sonnenschein~
mst.lottery_info.2110007._detailText,"„Pick-up-Rekrutierung ~Sonnenverwöhntes Sommercamp~“ garantiert die Erscheinung von Idols der Stufe R oder höher. <br> „Einmal Rekrutieren“ kann für 300 Loveca durchgeführt werden. <br> „Zehnmal Rekrutieren“ kann für 3000 Loveca durchgeführt werden und garantiert, dass mindestens ein Idol der Stufe SR oder höher hinzugefügt wird. <br> „Kostenpflichtiges Einzel-Rekrutieren“ kann täglich einmal für 150 kostenpflichtige Loveca durchgeführt werden. <br> <br> Wenn ein bereits vorhandenes Idol erscheint, wird es automatisch in ein „Leuchtstäbchen“ umgewandelt. <br> ※Das umgewandelte Leuchtstäbchen wird direkt hinzugefügt, ohne über das Geschenkmenü zu gehen. <br> ※Wenn die maximale Anzahl an Leuchtstäbchen erreicht ist, werden sie als Geschenk versendet. <br> ※Die Anzahl der erhaltenen Leuchtstäbchen hängt von der Seltenheit des Idols ab. <br> ・UR: 500 Stück <br> ・SR: 50 Stück <br> ・R: 20 Stück <br> <br> Außerdem erhältst du je nach Anzahl der erschienenen Idols „Rekrutierungspunkte [Sonnenverwöhntes Sommercamp]“. <br> Die erhaltenen „Rekrutierungspunkte“ können im Austauschladen gegen Idols und andere Gegenstände eingetauscht werden. <br> <br> Nicht eingetäuschte „Rekrutierungspunkte“ werden am Ende dieser Rekrutierungsaktion automatisch in ein „Skillbuch (M)“ umgewandelt. <br> ※Das umgewandelte Skillbuch (M) wird direkt hinzugefügt, ohne über das Geschenkmenü zu gehen. <br> ※Wenn die maximale Anzahl an Skillbüchern (M) erreicht ist, werden sie als Geschenk versendet."
mst.lottery_info.2110008._infoText,Pick-up-Rekrutierung ~Sommerliche Meerjungfrau~
mst.lottery_info.2110008._detailText,"„Pickup-Rekrutierung ~Sommerliche Meerjungfrau~“ garantiert, dass mindestens ein Idol der Stufe R oder höher erscheint. <br> „Einmal Rekrutieren“ kann für 300 Loveca durchgeführt werden. <br> „Zehnmal Rekrutieren“ kann für 3000 Loveca durchgeführt werden und garantiert, dass mindestens ein Idol der Stufe SR oder höher hinzugefügt wird. <br> „Kostenpflichtiges Einzel-Rekrutieren“ kann täglich einmal für 150 kostenpflichtige Loveca durchgeführt werden. <br> <br> Wenn ein bereits rekrutiertes Idol erscheint, wird es automatisch in einen „Leuchtstab“ umgewandelt. <br> ※Der umgewandelte Leuchtstab wird direkt hinzugefügt, ohne über das Geschenkmenü zu gehen. <br> ※Wenn die maximale Anzahl an Leuchtstäben erreicht ist, wird er als Geschenk versendet. <br> ※Die Anzahl der erhaltenen Leuchtstäbe hängt von der Seltenheit des Idols ab. <br> ・UR: 500 Stück <br> ・SR: 50 Stück <br> ・R: 20 Stück <br> <br> Außerdem erhältst du je nach Anzahl der erschienenen Idols „Rekrutierungspunkte [Sommerliche Meerjungfrau]“. <br> Die erhaltenen „Rekrutierungspunkte“ können im Austauschladen gegen Idols und andere Gegenstände eingetauscht werden. <br> <br> Nicht eingelöste „Rekrutierungspunkte“ werden am Ende dieser Rekrutierungsaktion automatisch in ein „Skillbuch (M)“ umgewandelt. <br> ※Das umgewandelte Skillbuch (M) wird direkt hinzugefügt, ohne über das Geschenkmenü zu gehen. <br> ※Wenn die maximale Anzahl an Skillbüchern (M) erreicht ist, wird es als Geschenk versendet."
mst.lottery_info.2110009._infoText,Pick-up-Rekrutierung ~Sommerliche Meerjungfrau~
mst.lottery_info.2110009._detailText,"„Pickup-Rekrutierung ~Sommerliche Meerjungfrau~“ garantiert, dass mindestens ein Idol der Stufe R oder höher erscheint. <br> „Einmal Rekrutieren“ kann für 300 Loveca durchgeführt werden. <br> „Zehnmal Rekrutieren“ kann für 3000 Loveca durchgeführt werden und garantiert, dass mindestens ein Idol der Stufe SR oder höher hinzugefügt wird. <br> „Kostenpflichtiges Einzel-Rekrutieren“ kann täglich einmal für 150 kostenpflichtige Loveca durchgeführt werden. <br> <br> Wenn ein bereits rekrutiertes Idol erscheint, wird es automatisch in einen „Leuchtstab“ umgewandelt. <br> ※Der umgewandelte Leuchtstab wird direkt hinzugefügt, ohne über das Geschenkmenü zu gehen. <br> ※Wenn die maximale Anzahl an Leuchtstäben erreicht ist, wird er als Geschenk versendet. <br> ※Die Anzahl der erhaltenen Leuchtstäbe hängt von der Seltenheit des Idols ab. <br> ・UR: 500 Stück <br> ・SR: 50 Stück <br> ・R: 20 Stück <br> <br> Außerdem erhältst du je nach Anzahl der erschienenen Idols „Rekrutierungspunkte [Sommerliche Meerjungfrau]“. <br> Die erhaltenen „Rekrutierungspunkte“ können im Austauschladen gegen Idols und andere Gegenstände eingetauscht werden. <br> <br> Nicht eingelöste „Rekrutierungspunkte“ werden am Ende dieser Rekrutierungsaktion automatisch in ein „Skillbuch (M)“ umgewandelt. <br> ※Das umgewandelte Skillbuch (M) wird direkt hinzugefügt, ohne über das Geschenkmenü zu gehen. <br> ※Wenn die maximale Anzahl an Skillbüchern (M) erreicht ist, wird es als Geschenk versendet."
mst.lottery_info.2110010._infoText,Pick-up-Rekrutierung ~Sommer am Strand~
mst.lottery_info.2110010._detailText,"„Pickup-Rekrutierung ~Sommerliche Idole am Strand~“ garantiert, dass mindestens ein Idol der Stufe R oder höher erscheint. <br> „Einmal Rekrutieren“ kann für 300 Loveca durchgeführt werden. <br> „Zehnmal Rekrutieren“ kann für 3000 Loveca durchgeführt werden und garantiert, dass mindestens ein Idol der Stufe SR oder höher hinzugefügt wird. <br> „Kostenpflichtiges Einzel-Rekrutieren“ kann täglich einmal für 150 kostenpflichtige Loveca durchgeführt werden. <br> <br> Wenn bereits vorhandene Idole erscheinen, werden sie automatisch in „Lichtstäbe“ umgewandelt. <br> ※Umgewandelte Lichtstäbe werden direkt hinzugefügt, ohne den Geschenk-Prozess. <br> ※Wenn die maximale Anzahl an Lichtstäben erreicht ist, werden sie als Geschenk versendet. <br> ※Die Anzahl der erhaltenen Lichtstäbe hängt von der Seltenheit des Idols ab. <br> ・UR: 500 Stück <br> ・SR: 50 Stück <br> ・R: 20 Stück <br> <br> Außerdem erhältst du, je nach Anzahl der erschienenen Idole, „Rekrutierungspunkte [Sommerliche Idole am Strand]“. <br> Die erhaltenen „Rekrutierungspunkte“ können im Austauschladen gegen Idole und andere Gegenstände eingetauscht werden. <br> <br> Nicht eingetauschte „Rekrutierungspunkte“ werden automatisch in „Skillbuch (Mittelstufe)“ umgewandelt, wenn diese Rekrutierungsaktion endet. <br> ※Umgewandelte Skillbücher (Mittelstufe) werden direkt hinzugefügt, ohne den Geschenk-Prozess. <br> ※Wenn die maximale Anzahl an Skillbüchern (Mittelstufe) erreicht ist, werden sie als Geschenk versendet."
mst.lottery_info.2110011._infoText,Pick-up-Rekrutierung ~Sommer am Strand~
mst.lottery_info.2110011._detailText,"„Pickup-Rekrutierung ~Sommerliche Idole am Strand~“ garantiert, dass mindestens ein Idol der Stufe R oder höher erscheint. <br> „Einmal Rekrutieren“ kann für 300 Loveca durchgeführt werden. <br> „Zehnmal Rekrutieren“ kann für 3000 Loveca durchgeführt werden und garantiert, dass mindestens ein Idol der Stufe SR oder höher hinzugefügt wird. <br> „Kostenpflichtiges Einzel-Rekrutieren“ kann täglich einmal für 150 kostenpflichtige Loveca durchgeführt werden. <br> <br> Wenn bereits vorhandene Idole erscheinen, werden sie automatisch in „Lichtstäbe“ umgewandelt. <br> ※Umgewandelte Lichtstäbe werden direkt hinzugefügt, ohne den Geschenk-Prozess. <br> ※Wenn die maximale Anzahl an Lichtstäben erreicht ist, werden sie als Geschenk versendet. <br> ※Die Anzahl der erhaltenen Lichtstäbe hängt von der Seltenheit des Idols ab. <br> ・UR: 500 Stück <br> ・SR: 50 Stück <br> ・R: 20 Stück <br> <br> Außerdem erhältst du, je nach Anzahl der erschienenen Idole, „Rekrutierungspunkte [Sommerliche Idole am Strand]“. <br> Die erhaltenen „Rekrutierungspunkte“ können im Austauschladen gegen Idole und andere Gegenstände eingetauscht werden. <br> <br> Nicht eingetauschte „Rekrutierungspunkte“ werden automatisch in „Skillbuch (Mittelstufe)“ umgewandelt, wenn diese Rekrutierungsaktion endet. <br> ※Umgewandelte Skillbücher (Mittelstufe) werden direkt hinzugefügt, ohne den Geschenk-Prozess. <br> ※Wenn die maximale Anzahl an Skillbüchern (Mittelstufe) erreicht ist, werden sie als Geschenk versendet."
mst.lottery_info.2110012._infoText,Pick-up-Rekrutierung ~Blühende Blumen in einer Sommernacht~
mst.lottery_info.2110012._detailText,"„Pickup-Rekrutierung ~Blühende Blumen in einer Sommernacht~“ garantiert, dass mindestens ein Idol der Stufe R oder höher erscheint. <br> „Einmaliges Rekrutieren“ kann für 300 Loveca durchgeführt werden. <br> „Zehnmaliges Rekrutieren“ kann für 3000 Loveca durchgeführt werden und garantiert, dass mindestens ein Idol der Stufe SR oder höher hinzugefügt wird. <br> „Kostenpflichtiges einmaliges Rekrutieren“ kann täglich einmal für 150 kostenpflichtige Loveca durchgeführt werden. <br> <br> Wenn ein bereits vorhandenes Idol erscheint, wird es automatisch in ein „Leuchtstäbchen“ umgewandelt. <br> ※Das umgewandelte Leuchtstäbchen wird direkt hinzugefügt, ohne über das Geschenkmenü zu gehen. <br> ※Wenn die maximale Anzahl an Leuchtstäbchen erreicht ist, werden sie als Geschenk versendet. <br> ※Die Anzahl der erhaltenen Leuchtstäbchen hängt von der Seltenheit des Idols ab. <br> ・UR: 500 Stück <br> ・SR: 50 Stück <br> ・R: 20 Stück <br> <br> Außerdem erhältst du, je nach Anzahl der erschienenen Idols, „Rekrutierungspunkte [Blühende Blumen in einer Sommernacht]“. <br> Die erhaltenen „Rekrutierungspunkte“ können im Austauschladen gegen Idols und andere Gegenstände eingetauscht werden. <br> <br> Nicht eingelöste „Rekrutierungspunkte“ werden am Ende dieser Rekrutierungsaktion automatisch in ein „Skillbuch (M)“ umgewandelt. <br> ※Das umgewandelte Skillbuch (M) wird direkt hinzugefügt, ohne über das Geschenkmenü zu gehen. <br> ※Wenn die maximale Anzahl an Skillbüchern (M) erreicht ist, werden sie als Geschenk versendet."
mst.lottery_info.2110013._infoText,Pick-up-Rekrutierung ~Blühende Blumen in einer Sommernacht~
mst.lottery_info.2110013._detailText,"„Pickup-Rekrutierung ~Blühende Blumen in einer Sommernacht~“ garantiert, dass mindestens ein Idol der Stufe R oder höher erscheint. <br> „Einmaliges Rekrutieren“ kann für 300 Loveca durchgeführt werden. <br> „Zehnmaliges Rekrutieren“ kann für 3000 Loveca durchgeführt werden und garantiert, dass mindestens ein Idol der Stufe SR oder höher hinzugefügt wird. <br> „Kostenpflichtiges einmaliges Rekrutieren“ kann täglich einmal für 150 kostenpflichtige Loveca durchgeführt werden. <br> <br> Wenn ein bereits vorhandenes Idol erscheint, wird es automatisch in ein „Leuchtstäbchen“ umgewandelt. <br> ※Das umgewandelte Leuchtstäbchen wird direkt hinzugefügt, ohne über das Geschenkmenü zu gehen. <br> ※Wenn die maximale Anzahl an Leuchtstäbchen erreicht ist, werden sie als Geschenk versendet. <br> ※Die Anzahl der erhaltenen Leuchtstäbchen hängt von der Seltenheit des Idols ab. <br> ・UR: 500 Stück <br> ・SR: 50 Stück <br> ・R: 20 Stück <br> <br> Außerdem erhältst du, je nach Anzahl der erschienenen Idols, „Rekrutierungspunkte [Blühende Blumen in einer Sommernacht]“. <br> Die erhaltenen „Rekrutierungspunkte“ können im Austauschladen gegen Idols und andere Gegenstände eingetauscht werden. <br> <br> Nicht eingelöste „Rekrutierungspunkte“ werden am Ende dieser Rekrutierungsaktion automatisch in ein „Skillbuch (M)“ umgewandelt. <br> ※Das umgewandelte Skillbuch (M) wird direkt hinzugefügt, ohne über das Geschenkmenü zu gehen. <br> ※Wenn die maximale Anzahl an Skillbüchern (M) erreicht ist, werden sie als Geschenk versendet."
mst.lottery_info.2110014._infoText,Pick-up-Rekrutierung ~Tsukiyo ni Kagayaku Obana~
mst.lottery_info.2110014._detailText,"„Pick-up-Rekrutierung ~Tsukiyo ni Kagayaku Obana~“ garantiert, dass mindestens ein Idol der Stufe R oder höher erscheint. <br> „Einmal Rekrutieren“ kann für 300 Loveca durchgeführt werden. <br> „Zehnmal Rekrutieren“ kann für 3000 Loveca durchgeführt werden und garantiert, dass mindestens ein Idol der Stufe SR oder höher hinzugefügt wird. <br> „Kostenpflichtiges Einzel-Rekrutieren“ kann täglich einmal für 150 kostenpflichtige Loveca durchgeführt werden. <br> <br> Wenn ein bereits rekrutiertes Idol erscheint, wird es automatisch in ein „Leuchtstäbchen“ umgewandelt. <br> ※Das umgewandelte Leuchtstäbchen wird direkt hinzugefügt, ohne über Geschenke zu gehen. <br> ※Wenn die maximale Anzahl an Leuchtstäbchen erreicht ist, werden sie als Geschenk versendet. <br> ※Die Anzahl der erhaltenen Leuchtstäbchen hängt von der Seltenheit des Idols ab. <br> ・UR: 500 Stück <br> ・SR: 50 Stück <br> ・R: 20 Stück <br> <br> Außerdem erhältst du, je nach Anzahl der erschienenen Idols, „Rekrutierungspunkte [Tsukiyo ni Kagayaku Obana]“. <br> Die erhaltenen „Rekrutierungspunkte“ können im Austauschladen gegen Idols und andere Gegenstände eingetauscht werden. <br> <br> Nicht eingetäuschte „Rekrutierungspunkte“ werden am Ende dieser Rekrutierung automatisch in ein „Skillbuch (M)“ umgewandelt. <br> ※Das umgewandelte Skillbuch (M) wird direkt hinzugefügt, ohne über Geschenke zu gehen. <br> ※Wenn die maximale Anzahl an Skillbüchern (M) erreicht ist, werden sie als Geschenk versendet."
mst.lottery_info.2110015._infoText,Pick-up-Rekrutierung ~Tsukiyo ni Kagayaku Obana~
mst.lottery_info.2110015._detailText,"„Pick-up-Rekrutierung ~Tsukiyo ni Kagayaku Obana~“ garantiert, dass mindestens ein Idol der Stufe R oder höher erscheint. <br> „Einmal Rekrutieren“ kann für 300 Loveca durchgeführt werden. <br> „Zehnmal Rekrutieren“ kann für 3000 Loveca durchgeführt werden und garantiert, dass mindestens ein Idol der Stufe SR oder höher hinzugefügt wird. <br> „Kostenpflichtiges Einzel-Rekrutieren“ kann täglich einmal für 150 kostenpflichtige Loveca durchgeführt werden. <br> <br> Wenn ein bereits rekrutiertes Idol erscheint, wird es automatisch in ein „Leuchtstäbchen“ umgewandelt. <br> ※Das umgewandelte Leuchtstäbchen wird direkt hinzugefügt, ohne über Geschenke zu gehen. <br> ※Wenn die maximale Anzahl an Leuchtstäbchen erreicht ist, werden sie als Geschenk versendet. <br> ※Die Anzahl der erhaltenen Leuchtstäbchen hängt von der Seltenheit des Idols ab. <br> ・UR: 500 Stück <br> ・SR: 50 Stück <br> ・R: 20 Stück <br> <br> Außerdem erhältst du, je nach Anzahl der erschienenen Idols, „Rekrutierungspunkte [Tsukiyo ni Kagayaku Obana]“. <br> Die erhaltenen „Rekrutierungspunkte“ können im Austauschladen gegen Idols und andere Gegenstände eingetauscht werden. <br> <br> Nicht eingetäuschte „Rekrutierungspunkte“ werden am Ende dieser Rekrutierung automatisch in ein „Skillbuch (M)“ umgewandelt. <br> ※Das umgewandelte Skillbuch (M) wird direkt hinzugefügt, ohne über Geschenke zu gehen. <br> ※Wenn die maximale Anzahl an Skillbüchern (M) erreicht ist, werden sie als Geschenk versendet."
mst.lottery_info.2110016._infoText,Pick-up-Rekrutierung ~Stadtbummel im Yukata~
mst.lottery_info.2110016._detailText,"„Pick-up-Rekrutierung ~Stadtbummel im Yukata~“ garantiert die Erscheinung von Idols der Stufe R oder höher. <br> „Einmal Rekrutieren“ kann für 300 Loveca durchgeführt werden. <br> „Zehnmal Rekrutieren“ kann für 3000 Loveca durchgeführt werden und garantiert, dass mindestens ein Idol der Stufe SR oder höher hinzugefügt wird. <br> „Kostenpflichtiges Einzel-Rekrutieren“ kann täglich einmal für 150 kostenpflichtige Loveca durchgeführt werden. <br> <br> Wenn ein bereits vorhandenes Idol erscheint, wird es automatisch in ein „Leuchtstäbchen“ umgewandelt. <br> ※Das umgewandelte Leuchtstäbchen wird direkt hinzugefügt, ohne den Geschenk-Prozess. <br> ※Wenn die maximale Anzahl an Leuchtstäbchen erreicht ist, werden sie als Geschenk versendet. <br> ※Die Anzahl der erhaltenen Leuchtstäbchen hängt von der Seltenheit des Idols ab. <br> ・UR: 500 Stück <br> ・SR: 50 Stück <br> ・R: 20 Stück <br> <br> Außerdem erhältst du, je nach Anzahl der erschienenen Idols, „Rekrutierungspunkte [Stadtbummel im Yukata]“. <br> Die erhaltenen „Rekrutierungspunkte“ können im Austauschladen gegen Idols und andere Gegenstände eingetauscht werden. <br> <br> Nicht eingetäuschte „Rekrutierungspunkte“ werden am Ende dieser Rekrutierungsaktion automatisch in ein „Skillbuch (M)“ umgewandelt. <br> ※Das umgewandelte Skillbuch (M) wird direkt hinzugefügt, ohne den Geschenk-Prozess. <br> ※Wenn die maximale Anzahl an Skillbüchern (M) erreicht ist, werden sie als Geschenk versendet."
mst.lottery_info.2110017._infoText,Pick-up-Rekrutierung ~Stadtbummel im Yukata~
mst.lottery_info.2110017._detailText,"„Pick-up-Rekrutierung ~Stadtbummel im Yukata~“ garantiert die Erscheinung von Idols der Stufe R oder höher. <br> „Einmal Rekrutieren“ kann für 300 Loveca durchgeführt werden. <br> „Zehnmal Rekrutieren“ kann für 3000 Loveca durchgeführt werden und garantiert, dass mindestens ein Idol der Stufe SR oder höher hinzugefügt wird. <br> „Kostenpflichtiges Einzel-Rekrutieren“ kann täglich einmal für 150 kostenpflichtige Loveca durchgeführt werden. <br> <br> Wenn ein bereits vorhandenes Idol erscheint, wird es automatisch in ein „Leuchtstäbchen“ umgewandelt. <br> ※Das umgewandelte Leuchtstäbchen wird direkt hinzugefügt, ohne den Geschenk-Prozess. <br> ※Wenn die maximale Anzahl an Leuchtstäbchen erreicht ist, werden sie als Geschenk versendet. <br> ※Die Anzahl der erhaltenen Leuchtstäbchen hängt von der Seltenheit des Idols ab. <br> ・UR: 500 Stück <br> ・SR: 50 Stück <br> ・R: 20 Stück <br> <br> Außerdem erhältst du, je nach Anzahl der erschienenen Idols, „Rekrutierungspunkte [Stadtbummel im Yukata]“. <br> Die erhaltenen „Rekrutierungspunkte“ können im Austauschladen gegen Idols und andere Gegenstände eingetauscht werden. <br> <br> Nicht eingetäuschte „Rekrutierungspunkte“ werden am Ende dieser Rekrutierungsaktion automatisch in ein „Skillbuch (M)“ umgewandelt. <br> ※Das umgewandelte Skillbuch (M) wird direkt hinzugefügt, ohne den Geschenk-Prozess. <br> ※Wenn die maximale Anzahl an Skillbüchern (M) erreicht ist, werden sie als Geschenk versendet."
mst.lottery_info.2110018._infoText,Pick-up-Rekrutierung ~Trick or Treat!~
mst.lottery_info.2110018._detailText,"„Pick-up-Rekrutierung ~Trick or Treat!~“ garantiert, dass mindestens ein Idol der Stufe R oder höher erscheint. <br> „Einmal Rekrutieren“ kann für 300 Loveca durchgeführt werden. <br> „Zehnmal Rekrutieren“ kann für 3000 Loveca durchgeführt werden und garantiert, dass mindestens ein Idol der Stufe SR oder höher hinzugefügt wird. <br> „Kostenpflichtiges Einzel-Rekrutieren“ kann täglich einmal für 150 kostenpflichtige Loveca durchgeführt werden. <br> <br> Wenn bereits vorhandene Idols erscheinen, werden sie automatisch in „Lichtstäbe“ umgewandelt. <br> ※Die umgewandelten Lichtstäbe werden direkt hinzugefügt, ohne den Geschenk-Prozess. <br> ※Wenn die maximale Anzahl an Lichtstäben erreicht ist, werden sie als Geschenk versendet. <br> ※Die Anzahl der erhaltenen Lichtstäbe hängt von der Seltenheit des Idols ab. <br> ・UR: 500 Stück <br> ・SR: 50 Stück <br> ・R: 20 Stück <br> <br> Außerdem erhältst du, je nach Anzahl der erschienenen Idols, „Rekrutierungspunkte [Trick or Treat!]“. <br> Die erhaltenen „Rekrutierungspunkte“ können im Austauschladen gegen Idols und andere Gegenstände eingetauscht werden. <br> <br> Nicht eingetauschte „Rekrutierungspunkte“ werden am Ende dieser Rekrutierungsaktion automatisch in „Skillbuch (M)“ umgewandelt. <br> ※Die umgewandelten Skillbücher (M) werden direkt hinzugefügt, ohne den Geschenk-Prozess. <br> ※Wenn die maximale Anzahl an Skillbüchern (M) erreicht ist, werden sie als Geschenk versendet."
mst.lottery_info.2110019._infoText,Pick-up-Rekrutierung ~Trick or Treat!~
mst.lottery_info.2110019._detailText,"„Pick-up-Rekrutierung ~Trick or Treat!~“ garantiert, dass mindestens ein Idol der Stufe R oder höher erscheint. <br> „Einmal Rekrutieren“ kann für 300 Loveca durchgeführt werden. <br> „Zehnmal Rekrutieren“ kann für 3000 Loveca durchgeführt werden und garantiert, dass mindestens ein Idol der Stufe SR oder höher hinzugefügt wird. <br> „Kostenpflichtiges Einzel-Rekrutieren“ kann täglich einmal für 150 kostenpflichtige Loveca durchgeführt werden. <br> <br> Wenn bereits vorhandene Idols erscheinen, werden sie automatisch in „Lichtstäbe“ umgewandelt. <br> ※Die umgewandelten Lichtstäbe werden direkt hinzugefügt, ohne den Geschenk-Prozess. <br> ※Wenn die maximale Anzahl an Lichtstäben erreicht ist, werden sie als Geschenk versendet. <br> ※Die Anzahl der erhaltenen Lichtstäbe hängt von der Seltenheit des Idols ab. <br> ・UR: 500 Stück <br> ・SR: 50 Stück <br> ・R: 20 Stück <br> <br> Außerdem erhältst du, je nach Anzahl der erschienenen Idols, „Rekrutierungspunkte [Trick or Treat!]“. <br> Die erhaltenen „Rekrutierungspunkte“ können im Austauschladen gegen Idols und andere Gegenstände eingetauscht werden. <br> <br> Nicht eingetauschte „Rekrutierungspunkte“ werden am Ende dieser Rekrutierungsaktion automatisch in „Skillbuch (M)“ umgewandelt. <br> ※Die umgewandelten Skillbücher (M) werden direkt hinzugefügt, ohne den Geschenk-Prozess. <br> ※Wenn die maximale Anzahl an Skillbüchern (M) erreicht ist, werden sie als Geschenk versendet."
mst.lottery_info.2110020._infoText,Spezial-Rekrutierung – Boo! Boo! Halloweenland
mst.lottery_info.2110020._detailText,"„Pickup-Rekrutierung ~Boo! Boo! Halloweenland~“ garantiert, dass mindestens ein Idol der Stufe R oder höher erscheint. <br> „Einmal Rekrutieren“ kann für 300 Loveca durchgeführt werden. <br> „Zehnmal Rekrutieren“ kann für 3000 Loveca durchgeführt werden und garantiert, dass mindestens ein Idol der Stufe SR oder höher hinzugefügt wird. <br> „Kostenpflichtiges Einzel-Rekrutieren“ kann täglich einmal für 150 kostenpflichtige Loveca durchgeführt werden. <br> <br> Wenn ein bereits vorhandenes Idol erscheint, wird es automatisch in eine „Leuchtstab“-Artikel umgewandelt. <br> ※Die umgewandelten Leuchtstäbe werden direkt hinzugefügt und nicht über das Geschenkmenü verteilt. <br> ※Wenn die maximale Anzahl an Leuchtstäben erreicht ist, werden sie als Geschenk verteilt. <br> ※Die Anzahl der erhaltenen Leuchtstäbe hängt von der Seltenheit des Idols ab. <br> ・UR: 500 Stück <br> ・SR: 50 Stück <br> ・R: 20 Stück <br> <br> Außerdem erhältst du, je nachdem, wie viele Idole erscheinen, „Rekrutierungspunkte [Half Anniversary]“. <br> Die erhaltenen „Rekrutierungspunkte“ können im Austauschladen gegen Idols und andere Gegenstände eingetauscht werden. <br> <br> Nicht eingelöste „Rekrutierungspunkte“ werden am Ende dieser Rekrutierungsaktion automatisch in ein „Skillbuch (M)“ umgewandelt. <br> ※Die umgewandelten Skillbücher (M) werden direkt hinzugefügt und nicht über das Geschenkmenü verteilt. <br> ※Wenn die maximale Anzahl an Skillbüchern (M) erreicht ist, werden sie als Geschenk verteilt."
mst.lottery_info.2110021._infoText,Spezial-Rekrutierung – Boo! Boo! Halloweenland
mst.lottery_info.2110021._detailText,"„Pickup-Rekrutierung ~Boo! Boo! Halloweenland~“ garantiert, dass mindestens ein Idol der Stufe R oder höher erscheint. <br> „Einmal Rekrutieren“ kann für 300 Loveca durchgeführt werden. <br> „Zehnmal Rekrutieren“ kann für 3000 Loveca durchgeführt werden und garantiert, dass mindestens ein Idol der Stufe SR oder höher hinzugefügt wird. <br> „Kostenpflichtiges Einzel-Rekrutieren“ kann täglich einmal für 150 kostenpflichtige Loveca durchgeführt werden. <br> <br> Wenn ein bereits vorhandenes Idol erscheint, wird es automatisch in eine „Leuchtstab“-Artikel umgewandelt. <br> ※Die umgewandelten Leuchtstäbe werden direkt hinzugefügt und nicht über das Geschenkmenü verteilt. <br> ※Wenn die maximale Anzahl an Leuchtstäben erreicht ist, werden sie als Geschenk verteilt. <br> ※Die Anzahl der erhaltenen Leuchtstäbe hängt von der Seltenheit des Idols ab. <br> ・UR: 500 Stück <br> ・SR: 50 Stück <br> ・R: 20 Stück <br> <br> Außerdem erhältst du, je nachdem, wie viele Idole erscheinen, „Rekrutierungspunkte [Half Anniversary]“. <br> Die erhaltenen „Rekrutierungspunkte“ können im Austauschladen gegen Idols und andere Gegenstände eingetauscht werden. <br> <br> Nicht eingelöste „Rekrutierungspunkte“ werden am Ende dieser Rekrutierungsaktion automatisch in ein „Skillbuch (M)“ umgewandelt. <br> ※Die umgewandelten Skillbücher (M) werden direkt hinzugefügt und nicht über das Geschenkmenü verteilt. <br> ※Wenn die maximale Anzahl an Skillbüchern (M) erreicht ist, werden sie als Geschenk verteilt."
mst.lottery_info.2110022._infoText,Pick-up-Rekrutierung ~Sonnenstrahl-Marchingband~
mst.lottery_info.2110022._detailText,"„Pick-up-Rekrutierung ~Hidamari Marching Band~“ garantiert, dass mindestens ein Idol der Stufe R oder höher erscheint. <br> „Einmal Rekrutieren“ kann für 300 Loveca durchgeführt werden. <br> „Zehnmal Rekrutieren“ kann für 3000 Loveca durchgeführt werden und garantiert, dass mindestens ein Idol der Stufe SR oder höher hinzugefügt wird. <br> „Kostenpflichtiges Einzel-Rekrutieren“ kann täglich einmal für 150 kostenpflichtige Loveca durchgeführt werden. <br> <br> Wenn ein bereits vorhandenes Idol erscheint, wird es automatisch in ein „Leuchtstäbchen“ umgewandelt. <br> ※Das umgewandelte Leuchtstäbchen wird direkt hinzugefügt, ohne über das Geschenkmenü zu gehen. <br> ※Wenn die maximale Anzahl an Leuchtstäbchen erreicht ist, werden sie als Geschenk versendet. <br> ※Die Anzahl der erhaltenen Leuchtstäbchen hängt von der Seltenheit des Idols ab. <br> ・UR: 500 Stück <br> ・SR: 50 Stück <br> ・R: 20 Stück <br> <br> Abhängig von der Anzahl der erscheinenden Idols erhältst du „Rekrutierungspunkte [Hidamari Marching Band]“. <br> Die erhaltenen „Rekrutierungspunkte“ können im Austauschladen gegen Idols und andere Gegenstände eingetauscht werden. <br> <br> Nicht eingetäuschte „Rekrutierungspunkte“ werden am Ende dieser Rekrutierungsaktion automatisch in ein „Skillbuch (M)“ umgewandelt. <br> ※Das umgewandelte Skillbuch (M) wird direkt hinzugefügt, ohne über das Geschenkmenü zu gehen. <br> ※Wenn die maximale Anzahl an Skillbüchern (M) erreicht ist, werden sie als Geschenk versendet."
mst.lottery_info.2110023._infoText,Pick-up-Rekrutierung ~Sonnenstrahl-Marchingband~
mst.lottery_info.2110023._detailText,"„Pick-up-Rekrutierung ~Hidamari Marching Band~“ garantiert, dass mindestens ein Idol der Stufe R oder höher erscheint. <br> „Einmal Rekrutieren“ kann für 300 Loveca durchgeführt werden. <br> „Zehnmal Rekrutieren“ kann für 3000 Loveca durchgeführt werden und garantiert, dass mindestens ein Idol der Stufe SR oder höher hinzugefügt wird. <br> „Kostenpflichtiges Einzel-Rekrutieren“ kann täglich einmal für 150 kostenpflichtige Loveca durchgeführt werden. <br> <br> Wenn ein bereits vorhandenes Idol erscheint, wird es automatisch in ein „Leuchtstäbchen“ umgewandelt. <br> ※Das umgewandelte Leuchtstäbchen wird direkt hinzugefügt, ohne über das Geschenkmenü zu gehen. <br> ※Wenn die maximale Anzahl an Leuchtstäbchen erreicht ist, werden sie als Geschenk versendet. <br> ※Die Anzahl der erhaltenen Leuchtstäbchen hängt von der Seltenheit des Idols ab. <br> ・UR: 500 Stück <br> ・SR: 50 Stück <br> ・R: 20 Stück <br> <br> Abhängig von der Anzahl der erscheinenden Idols erhältst du „Rekrutierungspunkte [Hidamari Marching Band]“. <br> Die erhaltenen „Rekrutierungspunkte“ können im Austauschladen gegen Idols und andere Gegenstände eingetauscht werden. <br> <br> Nicht eingetäuschte „Rekrutierungspunkte“ werden am Ende dieser Rekrutierungsaktion automatisch in ein „Skillbuch (M)“ umgewandelt. <br> ※Das umgewandelte Skillbuch (M) wird direkt hinzugefügt, ohne über das Geschenkmenü zu gehen. <br> ※Wenn die maximale Anzahl an Skillbüchern (M) erreicht ist, werden sie als Geschenk versendet."
mst.lottery_info.2110024._infoText,Pick-up-Rekrutierung ~Nyan Nyan🐾 Maid~
mst.lottery_info.2110024._detailText,"„Pick-up-Rekrutierung ~Nyan Nyan🐾 Maid~“ garantiert, dass mindestens ein Idol der Stufe R oder höher erscheint. <br> „Einmaliges Rekrutieren“ kann für 300 Loveca durchgeführt werden. <br> „Zehnmaliges Rekrutieren“ kann für 3000 Loveca durchgeführt werden und garantiert, dass mindestens ein Idol der Stufe SR oder höher hinzugefügt wird. <br> „Kostenpflichtiges einmaliges Rekrutieren“ kann täglich einmal für 150 kostenpflichtige Loveca durchgeführt werden. <br> <br> Wenn ein bereits rekrutiertes Idol erscheint, wird es automatisch in ein „Leuchtstäbchen“ umgewandelt. <br> ※Das umgewandelte Leuchtstäbchen wird direkt hinzugefügt, ohne über das Geschenkmenü zu gehen. <br> ※Wenn die maximale Anzahl an Leuchtstäbchen erreicht ist, werden sie als Geschenk versendet. <br> ※Die Anzahl der erhaltenen Leuchtstäbchen hängt von der Seltenheit des Idols ab. <br> ・UR: 500 Stück <br> ・SR: 50 Stück <br> ・R: 20 Stück <br> <br> Außerdem erhältst du je nach Anzahl der erschienenen Idols „Rekrutierungspunkte [Nyan Nyan🐾 Maid]“. <br> Die erhaltenen „Rekrutierungspunkte“ können im Austauschladen gegen Idols und andere Gegenstände eingetauscht werden. <br> <br> Nicht eingelöste „Rekrutierungspunkte“ werden am Ende dieser Rekrutierungsaktion automatisch in ein „Skillbuch (M)“ umgewandelt. <br> ※Das umgewandelte Skillbuch (M) wird direkt hinzugefügt, ohne über das Geschenkmenü zu gehen. <br> ※Wenn die maximale Anzahl an Skillbüchern (M) erreicht ist, werden sie als Geschenk versendet."
mst.lottery_info.2110025._infoText,Pick-up-Rekrutierung ~Nyan Nyan🐾 Maid~
mst.lottery_info.2110025._detailText,"„Pick-up-Rekrutierung ~Nyan Nyan🐾 Maid~“ garantiert, dass mindestens ein Idol der Stufe R oder höher erscheint. <br> „Einmaliges Rekrutieren“ kann für 300 Loveca durchgeführt werden. <br> „Zehnmaliges Rekrutieren“ kann für 3000 Loveca durchgeführt werden und garantiert, dass mindestens ein Idol der Stufe SR oder höher hinzugefügt wird. <br> „Kostenpflichtiges einmaliges Rekrutieren“ kann täglich einmal für 150 kostenpflichtige Loveca durchgeführt werden. <br> <br> Wenn ein bereits rekrutiertes Idol erscheint, wird es automatisch in ein „Leuchtstäbchen“ umgewandelt. <br> ※Das umgewandelte Leuchtstäbchen wird direkt hinzugefügt, ohne über das Geschenkmenü zu gehen. <br> ※Wenn die maximale Anzahl an Leuchtstäbchen erreicht ist, werden sie als Geschenk versendet. <br> ※Die Anzahl der erhaltenen Leuchtstäbchen hängt von der Seltenheit des Idols ab. <br> ・UR: 500 Stück <br> ・SR: 50 Stück <br> ・R: 20 Stück <br> <br> Außerdem erhältst du je nach Anzahl der erschienenen Idols „Rekrutierungspunkte [Nyan Nyan🐾 Maid]“. <br> Die erhaltenen „Rekrutierungspunkte“ können im Austauschladen gegen Idols und andere Gegenstände eingetauscht werden. <br> <br> Nicht eingelöste „Rekrutierungspunkte“ werden am Ende dieser Rekrutierungsaktion automatisch in ein „Skillbuch (M)“ umgewandelt. <br> ※Das umgewandelte Skillbuch (M) wird direkt hinzugefügt, ohne über das Geschenkmenü zu gehen. <br> ※Wenn die maximale Anzahl an Skillbüchern (M) erreicht ist, werden sie als Geschenk versendet."
mst.lottery_info.2110026._infoText,Pick-up-Rekrutierung – Gemeinsam frohe Weihnachten!
mst.lottery_info.2110026._detailText,"„Pick-up-Rekrutierung ~Fröhliches Weihnachten mit allen!~“ garantiert, dass mindestens ein Idol der Stufe R oder höher erscheint. <br> „Einmal Rekrutieren“ kann für 300 Loveca durchgeführt werden. <br> „Zehnmal Rekrutieren“ kann für 3000 Loveca durchgeführt werden und garantiert, dass mindestens ein Idol der Stufe SR oder höher hinzugefügt wird. <br> „Kostenpflichtiges Einzel-Rekrutieren“ kann täglich einmal für 150 kostenpflichtige Loveca durchgeführt werden. <br> <br> Wenn ein bereits vorhandenes Idol erscheint, wird es automatisch in ein „Leuchtstäbchen“ umgewandelt. <br> ※Das umgewandelte Leuchtstäbchen wird direkt hinzugefügt, ohne über das Geschenkmenü zu gehen. <br> ※Wenn die maximale Anzahl an Leuchtstäbchen erreicht ist, werden sie als Geschenk versendet. <br> ※Die Anzahl der erhaltenen Leuchtstäbchen hängt von der Seltenheit des Idols ab. <br> ・UR: 500 Stück <br> ・SR: 50 Stück <br> ・R: 20 Stück <br> <br> Abhängig von der Anzahl der erschienenen Idols erhältst du „Rekrutierungspunkte [Fröhliches Weihnachten mit allen!]“. <br> Die erhaltenen „Rekrutierungspunkte“ können im Austauschladen gegen Idols und andere Gegenstände eingetauscht werden. <br> <br> Nicht eingetauschte „Rekrutierungspunkte“ werden am Ende dieser Rekrutierungsaktion automatisch in ein „Skillbuch (M)“ umgewandelt. <br> ※Das umgewandelte Skillbuch (M) wird direkt hinzugefügt, ohne über das Geschenkmenü zu gehen. <br> ※Wenn die maximale Anzahl an Skillbüchern (M) erreicht ist, werden sie als Geschenk versendet."
mst.lottery_info.2110027._infoText,Pick-up-Rekrutierung – Gemeinsam frohe Weihnachten!
mst.lottery_info.2110027._detailText,"„Pick-up-Rekrutierung ~Fröhliches Weihnachten mit allen!~“ garantiert, dass mindestens ein Idol der Stufe R oder höher erscheint. <br> „Einmal Rekrutieren“ kann für 300 Loveca durchgeführt werden. <br> „Zehnmal Rekrutieren“ kann für 3000 Loveca durchgeführt werden und garantiert, dass mindestens ein Idol der Stufe SR oder höher hinzugefügt wird. <br> „Kostenpflichtiges Einzel-Rekrutieren“ kann täglich einmal für 150 kostenpflichtige Loveca durchgeführt werden. <br> <br> Wenn ein bereits vorhandenes Idol erscheint, wird es automatisch in ein „Leuchtstäbchen“ umgewandelt. <br> ※Das umgewandelte Leuchtstäbchen wird direkt hinzugefügt, ohne über das Geschenkmenü zu gehen. <br> ※Wenn die maximale Anzahl an Leuchtstäbchen erreicht ist, werden sie als Geschenk versendet. <br> ※Die Anzahl der erhaltenen Leuchtstäbchen hängt von der Seltenheit des Idols ab. <br> ・UR: 500 Stück <br> ・SR: 50 Stück <br> ・R: 20 Stück <br> <br> Abhängig von der Anzahl der erschienenen Idols erhältst du „Rekrutierungspunkte [Fröhliches Weihnachten mit allen!]“. <br> Die erhaltenen „Rekrutierungspunkte“ können im Austauschladen gegen Idols und andere Gegenstände eingetauscht werden. <br> <br> Nicht eingetauschte „Rekrutierungspunkte“ werden am Ende dieser Rekrutierungsaktion automatisch in ein „Skillbuch (M)“ umgewandelt. <br> ※Das umgewandelte Skillbuch (M) wird direkt hinzugefügt, ohne über das Geschenkmenü zu gehen. <br> ※Wenn die maximale Anzahl an Skillbüchern (M) erreicht ist, werden sie als Geschenk versendet."
mst.lottery_info.2110028._infoText,Pick-up-Rekrutierung ~Schneefest-Weihnachtsmann~
mst.lottery_info.2110028._detailText,"„Pickup-Rekrutierung ~Weihnachtsmann beim Schneefest~“ garantiert, dass mindestens ein Idol der Stufe R oder höher erscheint. <br> „Einmal Rekrutieren“ kann für 300 Loveca durchgeführt werden. <br> „Zehnmal Rekrutieren“ kann für 3000 Loveca durchgeführt werden und garantiert, dass mindestens ein Idol der Stufe SR oder höher hinzugefügt wird. <br> „Kostenpflichtiges Einzel-Rekrutieren“ kann täglich einmal für 150 kostenpflichtige Loveca durchgeführt werden. <br> <br> Wenn ein bereits rekrutiertes Idol erscheint, wird es automatisch in ein „Leuchtstäbchen“ umgewandelt. <br> ※Das umgewandelte Leuchtstäbchen wird direkt hinzugefügt, ohne über das Geschenkmenü zu gehen. <br> ※Wenn die maximale Anzahl an Leuchtstäbchen erreicht ist, werden sie als Geschenk versendet. <br> ※Die Anzahl der erhaltenen Leuchtstäbchen hängt von der Seltenheit des Idols ab. <br> ・UR: 500 Stück <br> ・SR: 50 Stück <br> ・R: 20 Stück <br> <br> Außerdem erhältst du, je nach Anzahl der erschienenen Idols, „Rekrutierungspunkte [Weihnachtsmann beim Schneefest]“. <br> Die erhaltenen „Rekrutierungspunkte“ können im Austauschladen gegen Idols und andere Gegenstände eingetauscht werden. <br> <br> Nicht eingelöste „Rekrutierungspunkte“ werden am Ende dieser Rekrutierungsaktion automatisch in ein „Skillbuch (M)“ umgewandelt. <br> ※Das umgewandelte Skillbuch (M) wird direkt hinzugefügt, ohne über das Geschenkmenü zu gehen. <br> ※Wenn die maximale Anzahl an Skillbüchern (M) erreicht ist, werden sie als Geschenk versendet."
mst.lottery_info.2110029._infoText,Pick-up-Rekrutierung ~Schneefest-Weihnachtsmann~
mst.lottery_info.2110029._detailText,"„Pickup-Rekrutierung ~Weihnachtsmann beim Schneefest~“ garantiert, dass mindestens ein Idol der Stufe R oder höher erscheint. <br> „Einmal Rekrutieren“ kann für 300 Loveca durchgeführt werden. <br> „Zehnmal Rekrutieren“ kann für 3000 Loveca durchgeführt werden und garantiert, dass mindestens ein Idol der Stufe SR oder höher hinzugefügt wird. <br> „Kostenpflichtiges Einzel-Rekrutieren“ kann täglich einmal für 150 kostenpflichtige Loveca durchgeführt werden. <br> <br> Wenn ein bereits rekrutiertes Idol erscheint, wird es automatisch in ein „Leuchtstäbchen“ umgewandelt. <br> ※Das umgewandelte Leuchtstäbchen wird direkt hinzugefügt, ohne über das Geschenkmenü zu gehen. <br> ※Wenn die maximale Anzahl an Leuchtstäbchen erreicht ist, werden sie als Geschenk versendet. <br> ※Die Anzahl der erhaltenen Leuchtstäbchen hängt von der Seltenheit des Idols ab. <br> ・UR: 500 Stück <br> ・SR: 50 Stück <br> ・R: 20 Stück <br> <br> Außerdem erhältst du, je nach Anzahl der erschienenen Idols, „Rekrutierungspunkte [Weihnachtsmann beim Schneefest]“. <br> Die erhaltenen „Rekrutierungspunkte“ können im Austauschladen gegen Idols und andere Gegenstände eingetauscht werden. <br> <br> Nicht eingelöste „Rekrutierungspunkte“ werden am Ende dieser Rekrutierungsaktion automatisch in ein „Skillbuch (M)“ umgewandelt. <br> ※Das umgewandelte Skillbuch (M) wird direkt hinzugefügt, ohne über das Geschenkmenü zu gehen. <br> ※Wenn die maximale Anzahl an Skillbüchern (M) erreicht ist, werden sie als Geschenk versendet."
mst.lottery_info.2110030._infoText,Spezial-Rekrutierung – Frohe Neujahrswünsche an alle
mst.lottery_info.2110030._detailText,"„Pick-up-Rekrutierung – Frohes neues Jahr an alle“ garantiert, dass mindestens ein Idol der Stufe R oder höher erscheint. <br> „Einmal Rekrutieren“ kann für 300 Loveca durchgeführt werden. <br> „Zehnmal Rekrutieren“ kann für 3000 Loveca durchgeführt werden und garantiert, dass mindestens ein Idol der Stufe SR oder höher hinzugefügt wird. <br> „Kostenpflichtiges Einzel-Rekrutieren“ kann täglich einmal für 150 kostenpflichtige Loveca durchgeführt werden. <br> <br> Wenn ein bereits vorhandenes Idol erscheint, wird es automatisch in ein „Leuchtstäbchen“ umgewandelt. <br> ※Das umgewandelte Leuchtstäbchen wird direkt hinzugefügt, ohne über das Geschenkmenü zu gehen. <br> ※Wenn die maximale Anzahl an Leuchtstäbchen erreicht ist, werden sie als Geschenk versendet. <br> ※Die Anzahl der erhaltenen Leuchtstäbchen hängt von der Seltenheit des Idols ab. <br> ・UR: 500 Stück <br> ・SR: 50 Stück <br> ・R: 20 Stück <br> <br> Außerdem erhältst du je nach Anzahl der erschienenen Idols „Rekrutierungspunkte [Frohes neues Jahr an alle]“. <br> Die erhaltenen „Rekrutierungspunkte“ können im Austauschladen gegen Idols und andere Gegenstände eingetauscht werden. <br> <br> Nicht eingetäuschte „Rekrutierungspunkte“ werden am Ende dieser Rekrutierungsaktion automatisch in ein „Skillbuch (M)“ umgewandelt. <br> ※Das umgewandelte Skillbuch (M) wird direkt hinzugefügt, ohne über das Geschenkmenü zu gehen. <br> ※Wenn die maximale Anzahl an Skillbüchern (M) erreicht ist, werden sie als Geschenk versendet."
mst.lottery_info.2110031._infoText,Spezial-Rekrutierung – Frohe Neujahrswünsche an alle
mst.lottery_info.2110031._detailText,"„Pick-up-Rekrutierung – Frohes neues Jahr an alle“ garantiert, dass mindestens ein Idol der Stufe R oder höher erscheint. <br> „Einmal Rekrutieren“ kann für 300 Loveca durchgeführt werden. <br> „Zehnmal Rekrutieren“ kann für 3000 Loveca durchgeführt werden und garantiert, dass mindestens ein Idol der Stufe SR oder höher hinzugefügt wird. <br> „Kostenpflichtiges Einzel-Rekrutieren“ kann täglich einmal für 150 kostenpflichtige Loveca durchgeführt werden. <br> <br> Wenn ein bereits vorhandenes Idol erscheint, wird es automatisch in ein „Leuchtstäbchen“ umgewandelt. <br> ※Das umgewandelte Leuchtstäbchen wird direkt hinzugefügt, ohne über das Geschenkmenü zu gehen. <br> ※Wenn die maximale Anzahl an Leuchtstäbchen erreicht ist, werden sie als Geschenk versendet. <br> ※Die Anzahl der erhaltenen Leuchtstäbchen hängt von der Seltenheit des Idols ab. <br> ・UR: 500 Stück <br> ・SR: 50 Stück <br> ・R: 20 Stück <br> <br> Außerdem erhältst du je nach Anzahl der erschienenen Idols „Rekrutierungspunkte [Frohes neues Jahr an alle]“. <br> Die erhaltenen „Rekrutierungspunkte“ können im Austauschladen gegen Idols und andere Gegenstände eingetauscht werden. <br> <br> Nicht eingetäuschte „Rekrutierungspunkte“ werden am Ende dieser Rekrutierungsaktion automatisch in ein „Skillbuch (M)“ umgewandelt. <br> ※Das umgewandelte Skillbuch (M) wird direkt hinzugefügt, ohne über das Geschenkmenü zu gehen. <br> ※Wenn die maximale Anzahl an Skillbüchern (M) erreicht ist, werden sie als Geschenk versendet."
mst.lottery_info.2110032._infoText,Pick-up-Rekrutierung – Eisfee
mst.lottery_info.2110032._detailText,"„Pick-up-Rekrutierung ~Eisfee~“ garantiert, dass mindestens ein Idol der Stufe R oder höher erscheint. <br> „Einmal Rekrutieren“ kann für 300 Loveca durchgeführt werden. <br> „Zehnmal Rekrutieren“ kann für 3000 Loveca durchgeführt werden und garantiert, dass mindestens ein Idol der Stufe SR oder höher hinzugefügt wird. <br> „Kostenpflichtiges Einzel-Rekrutieren“ kann täglich einmal für 150 kostenpflichtige Loveca durchgeführt werden. <br> <br> Wenn ein bereits vorhandenes Idol erscheint, wird es automatisch in eine „Leuchtstab“-Artikel umgewandelt. <br> ※Die umgewandelten Leuchtstäbe werden direkt hinzugefügt und nicht über das Geschenk-System verteilt. <br> ※Wenn die maximale Anzahl an Leuchtstäben erreicht ist, werden sie als Geschenk versendet. <br> ※Die Anzahl der erhaltenen Leuchtstäbe hängt von der Seltenheit des Idols ab. <br> ・UR: 500 Stück <br> ・SR: 50 Stück <br> ・R: 20 Stück <br> <br> Außerdem erhältst du, je nachdem, wie viele Idole erscheinen, „Rekrutierungspunkte [Eisfee]“. <br> Die erhaltenen „Rekrutierungspunkte“ können im Austauschladen gegen Idols und andere Gegenstände eingetauscht werden. <br> <br> Nicht eingetäuschte „Rekrutierungspunkte“ werden am Ende dieser Rekrutierungsaktion automatisch in ein „Skillbuch (M)“ umgewandelt. <br> ※Die umgewandelten Skillbücher (M) werden direkt hinzugefügt und nicht über das Geschenk-System verteilt. <br> ※Wenn die maximale Anzahl an Skillbüchern (M) erreicht ist, werden sie als Geschenk versendet."
mst.lottery_info.2110033._infoText,Pick-up-Rekrutierung – Eisfee
mst.lottery_info.2110033._detailText,"„Pick-up-Rekrutierung ~Eisfee~“ garantiert, dass mindestens ein Idol der Stufe R oder höher erscheint. <br> „Einmal Rekrutieren“ kann für 300 Loveca durchgeführt werden. <br> „Zehnmal Rekrutieren“ kann für 3000 Loveca durchgeführt werden und garantiert, dass mindestens ein Idol der Stufe SR oder höher hinzugefügt wird. <br> „Kostenpflichtiges Einzel-Rekrutieren“ kann täglich einmal für 150 kostenpflichtige Loveca durchgeführt werden. <br> <br> Wenn ein bereits vorhandenes Idol erscheint, wird es automatisch in eine „Leuchtstab“-Artikel umgewandelt. <br> ※Die umgewandelten Leuchtstäbe werden direkt hinzugefügt und nicht über das Geschenk-System verteilt. <br> ※Wenn die maximale Anzahl an Leuchtstäben erreicht ist, werden sie als Geschenk versendet. <br> ※Die Anzahl der erhaltenen Leuchtstäbe hängt von der Seltenheit des Idols ab. <br> ・UR: 500 Stück <br> ・SR: 50 Stück <br> ・R: 20 Stück <br> <br> Außerdem erhältst du, je nachdem, wie viele Idole erscheinen, „Rekrutierungspunkte [Eisfee]“. <br> Die erhaltenen „Rekrutierungspunkte“ können im Austauschladen gegen Idols und andere Gegenstände eingetauscht werden. <br> <br> Nicht eingetäuschte „Rekrutierungspunkte“ werden am Ende dieser Rekrutierungsaktion automatisch in ein „Skillbuch (M)“ umgewandelt. <br> ※Die umgewandelten Skillbücher (M) werden direkt hinzugefügt und nicht über das Geschenk-System verteilt. <br> ※Wenn die maximale Anzahl an Skillbüchern (M) erreicht ist, werden sie als Geschenk versendet."
mst.lottery_info.2110034._infoText,Pick-up-Rekrutierung – Verzauberte Mädchen
mst.lottery_info.2110034._detailText,"„Pick-up-Rekrutierung ~Verliebte Mädchen~“ garantiert, dass mindestens ein Idol der Stufe R oder höher erscheint. <br> „Einmal Rekrutieren“ kann für 300 Loveca durchgeführt werden. <br> „Zehnmal Rekrutieren“ kann für 3000 Loveca durchgeführt werden und garantiert, dass mindestens ein Idol der Stufe SR oder höher hinzugefügt wird. <br> „Kostenpflichtiges Einzel-Rekrutieren“ kann täglich einmal für 150 kostenpflichtige Loveca durchgeführt werden. <br> <br> Wenn ein bereits rekrutiertes Idol erscheint, wird es automatisch in ein „Leuchtstäbchen“ umgewandelt. <br> ※Das umgewandelte Leuchtstäbchen wird direkt hinzugefügt, ohne über das Geschenkmenü zu gehen. <br> ※Wenn die maximale Anzahl an Leuchtstäbchen erreicht ist, werden sie als Geschenk versendet. <br> ※Die Anzahl der erhaltenen Leuchtstäbchen hängt von der Seltenheit des Idols ab. <br> ・UR: 500 Stück <br> ・SR: 50 Stück <br> ・R: 20 Stück <br> <br> Außerdem erhältst du je nach Anzahl der erschienenen Idols „Rekrutierungspunkte [Verliebte Mädchen]“. <br> Die erhaltenen „Rekrutierungspunkte“ können im Austauschladen gegen Idols und andere Gegenstände eingetauscht werden. <br> <br> Nicht eingetauschte „Rekrutierungspunkte“ werden am Ende dieser Rekrutierungsaktion automatisch in ein „Skillbuch (M)“ umgewandelt. <br> ※Das umgewandelte Skillbuch (M) wird direkt hinzugefügt, ohne über das Geschenkmenü zu gehen. <br> ※Wenn die maximale Anzahl an Skillbüchern (M) erreicht ist, werden sie als Geschenk versendet."
mst.lottery_info.2110035._infoText,Pick-up-Rekrutierung – Verzauberte Mädchen
mst.lottery_info.2110035._detailText,"„Pick-up-Rekrutierung ~Verliebte Mädchen~“ garantiert, dass mindestens ein Idol der Stufe R oder höher erscheint. <br> „Einmal Rekrutieren“ kann für 300 Loveca durchgeführt werden. <br> „Zehnmal Rekrutieren“ kann für 3000 Loveca durchgeführt werden und garantiert, dass mindestens ein Idol der Stufe SR oder höher hinzugefügt wird. <br> „Kostenpflichtiges Einzel-Rekrutieren“ kann täglich einmal für 150 kostenpflichtige Loveca durchgeführt werden. <br> <br> Wenn ein bereits rekrutiertes Idol erscheint, wird es automatisch in ein „Leuchtstäbchen“ umgewandelt. <br> ※Das umgewandelte Leuchtstäbchen wird direkt hinzugefügt, ohne über das Geschenkmenü zu gehen. <br> ※Wenn die maximale Anzahl an Leuchtstäbchen erreicht ist, werden sie als Geschenk versendet. <br> ※Die Anzahl der erhaltenen Leuchtstäbchen hängt von der Seltenheit des Idols ab. <br> ・UR: 500 Stück <br> ・SR: 50 Stück <br> ・R: 20 Stück <br> <br> Außerdem erhältst du je nach Anzahl der erschienenen Idols „Rekrutierungspunkte [Verliebte Mädchen]“. <br> Die erhaltenen „Rekrutierungspunkte“ können im Austauschladen gegen Idols und andere Gegenstände eingetauscht werden. <br> <br> Nicht eingetauschte „Rekrutierungspunkte“ werden am Ende dieser Rekrutierungsaktion automatisch in ein „Skillbuch (M)“ umgewandelt. <br> ※Das umgewandelte Skillbuch (M) wird direkt hinzugefügt, ohne über das Geschenkmenü zu gehen. <br> ※Wenn die maximale Anzahl an Skillbüchern (M) erreicht ist, werden sie als Geschenk versendet."
mst.lottery_info.2110036._infoText,Pick-up-Rekrutierung – Nacht der hundert Geister
mst.lottery_info.2110036._detailText,"„Pick-up-Rekrutierung ~Yōkai Hyakuyagyō no Yoru~“ garantiert, dass mindestens ein Idol der Stufe R oder höher erscheint. <br> „Einmaliges Rekrutieren“ kann für 300 Loveca durchgeführt werden. <br> „Zehnmaliges Rekrutieren“ kann für 3000 Loveca durchgeführt werden und garantiert, dass mindestens ein Idol der Stufe SR oder höher hinzugefügt wird. <br> „Kostenpflichtiges einmaliges Rekrutieren“ kann täglich einmal für 150 kostenpflichtige Loveca durchgeführt werden. <br> <br> Wenn ein bereits rekrutiertes Idol erscheint, wird es automatisch in eine „Leuchtstab“-Artikel umgewandelt. <br> ※Die umgewandelten Leuchtstäbe werden direkt hinzugefügt und nicht über das Geschenk-System. <br> ※Wenn die maximale Anzahl an Leuchtstäben erreicht ist, werden sie als Geschenk versendet. <br> ※Die Anzahl der erhaltenen Leuchtstäbe hängt von der Seltenheit des Idols ab. <br> ・UR: 500 Stück <br> ・SR: 50 Stück <br> ・R: 20 Stück <br> <br> Außerdem erhältst du, je nach Anzahl der erschienenen Idols, „Rekrutierungspunkte [Yōkai Hyakuyagyō no Yoru]“. <br> Die erhaltenen „Rekrutierungspunkte“ können im Austauschladen gegen Idols und andere Gegenstände eingetauscht werden. <br> <br> Nicht eingelöste „Rekrutierungspunkte“ werden am Ende dieser Rekrutierungsaktion automatisch in ein „Skillbuch (M)“ umgewandelt. <br> ※Die umgewandelten Skillbücher (M) werden direkt hinzugefügt und nicht über das Geschenk-System. <br> ※Wenn die maximale Anzahl an Skillbüchern (M) erreicht ist, werden sie als Geschenk versendet."
mst.lottery_info.2110037._infoText,Pick-up-Rekrutierung – Nacht der hundert Geister
mst.lottery_info.2110037._detailText,"„Pick-up-Rekrutierung ~Yōkai Hyakuyagyō no Yoru~“ garantiert, dass mindestens ein Idol der Stufe R oder höher erscheint. <br> „Einmaliges Rekrutieren“ kann für 300 Loveca durchgeführt werden. <br> „Zehnmaliges Rekrutieren“ kann für 3000 Loveca durchgeführt werden und garantiert, dass mindestens ein Idol der Stufe SR oder höher hinzugefügt wird. <br> „Kostenpflichtiges einmaliges Rekrutieren“ kann täglich einmal für 150 kostenpflichtige Loveca durchgeführt werden. <br> <br> Wenn ein bereits rekrutiertes Idol erscheint, wird es automatisch in eine „Leuchtstab“-Artikel umgewandelt. <br> ※Die umgewandelten Leuchtstäbe werden direkt hinzugefügt und nicht über das Geschenk-System. <br> ※Wenn die maximale Anzahl an Leuchtstäben erreicht ist, werden sie als Geschenk versendet. <br> ※Die Anzahl der erhaltenen Leuchtstäbe hängt von der Seltenheit des Idols ab. <br> ・UR: 500 Stück <br> ・SR: 50 Stück <br> ・R: 20 Stück <br> <br> Außerdem erhältst du, je nach Anzahl der erschienenen Idols, „Rekrutierungspunkte [Yōkai Hyakuyagyō no Yoru]“. <br> Die erhaltenen „Rekrutierungspunkte“ können im Austauschladen gegen Idols und andere Gegenstände eingetauscht werden. <br> <br> Nicht eingelöste „Rekrutierungspunkte“ werden am Ende dieser Rekrutierungsaktion automatisch in ein „Skillbuch (M)“ umgewandelt. <br> ※Die umgewandelten Skillbücher (M) werden direkt hinzugefügt und nicht über das Geschenk-System. <br> ※Wenn die maximale Anzahl an Skillbüchern (M) erreicht ist, werden sie als Geschenk versendet."
mst.lottery_info.2110038._infoText,Pick-up-Rekrutierung – Y2K♡GALS
mst.lottery_info.2110038._detailText,"„Pick-up-Rekrutierung ~Y2K♡GALS~“ garantiert, dass mindestens ein Idol der Stufe R oder höher erscheint. <br> „Einmaliges Rekrutieren“ kann für 300 Loveca durchgeführt werden. <br> „Zehnmaliges Rekrutieren“ kann für 3000 Loveca durchgeführt werden und garantiert, dass mindestens ein Idol der Stufe SR oder höher hinzugefügt wird. <br> „Kostenpflichtiges einmaliges Rekrutieren“ kann täglich einmal für 150 kostenpflichtige Loveca durchgeführt werden. <br> <br> Wenn ein bereits vorhandenes Idol erscheint, wird es automatisch in ein „Leuchtstäbchen“ umgewandelt. <br> ※Das umgewandelte Leuchtstäbchen wird direkt hinzugefügt, ohne über das Geschenkmenü zu gehen. <br> ※Wenn die maximale Anzahl an Leuchtstäbchen erreicht ist, werden sie als Geschenk versendet. <br> ※Die Anzahl der erhaltenen Leuchtstäbchen hängt von der Seltenheit des Idols ab. <br> ・UR: 500 Stück <br> ・SR: 50 Stück <br> ・R: 20 Stück <br> <br> Außerdem erhältst du je nach Anzahl der erschienenen Idols „Rekrutierungspunkte [Y2K♡GALS]“. <br> Die erhaltenen „Rekrutierungspunkte“ können im Austauschladen gegen Idols und andere Gegenstände eingetauscht werden. <br> <br> Nicht eingelöste „Rekrutierungspunkte“ werden am Ende dieser Rekrutierungsaktion automatisch in ein „Skillbuch (M)“ umgewandelt. <br> ※Das umgewandelte Skillbuch (M) wird direkt hinzugefügt, ohne über das Geschenkmenü zu gehen. <br> ※Wenn die maximale Anzahl an Skillbüchern (M) erreicht ist, werden sie als Geschenk versendet."
mst.lottery_info.2110039._infoText,Pick-up-Rekrutierung – Y2K♡GALS
mst.lottery_info.2110039._detailText,"„Pick-up-Rekrutierung ~Y2K♡GALS~“ garantiert, dass mindestens ein Idol der Stufe R oder höher erscheint. <br> „Einmaliges Rekrutieren“ kann für 300 Loveca durchgeführt werden. <br> „Zehnmaliges Rekrutieren“ kann für 3000 Loveca durchgeführt werden und garantiert, dass mindestens ein Idol der Stufe SR oder höher hinzugefügt wird. <br> „Kostenpflichtiges einmaliges Rekrutieren“ kann täglich einmal für 150 kostenpflichtige Loveca durchgeführt werden. <br> <br> Wenn ein bereits vorhandenes Idol erscheint, wird es automatisch in ein „Leuchtstäbchen“ umgewandelt. <br> ※Das umgewandelte Leuchtstäbchen wird direkt hinzugefügt, ohne über das Geschenkmenü zu gehen. <br> ※Wenn die maximale Anzahl an Leuchtstäbchen erreicht ist, werden sie als Geschenk versendet. <br> ※Die Anzahl der erhaltenen Leuchtstäbchen hängt von der Seltenheit des Idols ab. <br> ・UR: 500 Stück <br> ・SR: 50 Stück <br> ・R: 20 Stück <br> <br> Außerdem erhältst du je nach Anzahl der erschienenen Idols „Rekrutierungspunkte [Y2K♡GALS]“. <br> Die erhaltenen „Rekrutierungspunkte“ können im Austauschladen gegen Idols und andere Gegenstände eingetauscht werden. <br> <br> Nicht eingelöste „Rekrutierungspunkte“ werden am Ende dieser Rekrutierungsaktion automatisch in ein „Skillbuch (M)“ umgewandelt. <br> ※Das umgewandelte Skillbuch (M) wird direkt hinzugefügt, ohne über das Geschenkmenü zu gehen. <br> ※Wenn die maximale Anzahl an Skillbüchern (M) erreicht ist, werden sie als Geschenk versendet."
mst.lottery_info.3110001._infoText,Kanon-chan Geburtstags-Rekrutierung ~Harmonie Stern~
mst.lottery_info.3110001._detailText,"„Kanon-chan Geburtstags-Rekrutierung ~Harmonie Stern~“ garantiert das Erscheinen von Idols der Stufe R oder höher. <br> „Einmal Rekrutieren“ kann für 300 Loveca durchgeführt werden. <br> „Zehnmal Rekrutieren“ kann für 3000 Loveca durchgeführt werden und garantiert, dass mindestens ein Idol der Stufe SR oder höher hinzugefügt wird. <br> „Kostenpflichtiges Einzel-Rekrutieren“ kann täglich einmal für 150 kostenpflichtige Loveca durchgeführt werden. <br> <br> Wenn bereits vorhandene Idols erscheinen, werden sie automatisch in „Leuchtstäbe“ umgewandelt. <br> ※Die umgewandelten Leuchtstäbe werden direkt hinzugefügt, ohne über Geschenke zu laufen. <br> ※Wenn die maximale Anzahl an Leuchtstäben erreicht ist, werden sie als Geschenk versendet. <br> ※Die Anzahl der erhaltenen Leuchtstäbe hängt von der Seltenheit des Idols ab. <br> ・UR: 500 Stück <br> ・SR: 50 Stück <br> ・R: 20 Stück <br> <br> Außerdem erhältst du, je nach Anzahl der erschienenen Idols, „Rekrutierungspunkte [Kanon-chan Geburtstagsfeier]“. <br> Die erhaltenen „Rekrutierungspunkte“ können im Austauschladen gegen Idols und andere Gegenstände eingetauscht werden. <br> <br> Nicht eingetauschte „Rekrutierungspunkte“ werden am Ende dieser Rekrutierung automatisch in „Skillbuch (Mittel)“ umgewandelt. <br> ※Die umgewandelten Skillbücher (Mittel) werden direkt hinzugefügt, ohne über Geschenke zu laufen. <br> ※Wenn die maximale Anzahl an Skillbüchern (Mittel) erreicht ist, werden sie als Geschenk versendet."
mst.lottery_info.3110002._infoText,Ai-chan Geburtstags-Event – Buntes Heldinnen-Set
mst.lottery_info.3110002._detailText,"„Ai-chan Geburtstags-Rekrutierung ~Bunte Heldinnen~“ garantiert die Erscheinung von mindestens einem Idol der Stufe R oder höher. <br> „Einmal Rekrutieren“ kann für 300 Loveca durchgeführt werden. <br> „Zehnmal Rekrutieren“ kann für 3000 Loveca durchgeführt werden und garantiert, dass mindestens ein Idol der Stufe SR oder höher hinzugefügt wird. <br> „Kostenpflichtiges Einzel-Rekrutieren“ kann täglich einmal für 150 kostenpflichtige Loveca durchgeführt werden. <br> <br> Wenn bereits vorhandene Idols erscheinen, werden sie automatisch in „Lichtstäbe“ umgewandelt. <br> ※Umgewandelte Lichtstäbe werden direkt hinzugefügt, ohne über Geschenke zu laufen. <br> ※Wenn die maximale Anzahl an Lichtstäben erreicht ist, werden sie als Geschenk versendet. <br> ※Die Anzahl der erhaltenen Lichtstäbe hängt von der Seltenheit des Idols ab. <br> ・UR: 500 Stück <br> ・SR: 50 Stück <br> ・R: 20 Stück <br> <br> Außerdem erhältst du, je nach Anzahl der erschienenen Idols, „Rekrutierungspunkte [Ai-chan Geburtstagsfeier]“. <br> Die erhaltenen „Rekrutierungspunkte“ können im Austauschladen gegen Idols und andere Gegenstände eingetauscht werden. <br> <br> Nicht eingetauschte „Rekrutierungspunkte“ werden am Ende dieser Rekrutierung automatisch in „Skillbuch (Mittel)“ umgewandelt. <br> ※Umgewandelte Skillbücher (Mittel) werden direkt hinzugefügt, ohne über Geschenke zu laufen. <br> ※Wenn die maximale Anzahl an Skillbüchern (Mittel) erreicht ist, werden sie als Geschenk versendet."
mst.lottery_info.3110003._infoText,Nozomi-chan Geburtstags-Event – Blumenregen
mst.lottery_info.3110003._detailText,"„‚希ちゃんお誕生日記念勧誘～フラワーシャワー～‘ beinhaltet, dass immer mindestens ein Idol der Stufe R oder höher erscheint. <br> ‚1x Rekrutieren‘ kann für 300 Loveca durchgeführt werden. <br> ‚10x Rekrutieren‘ kann für 3000 Loveca durchgeführt werden und garantiert, dass mindestens ein Idol der Stufe SR oder höher hinzugefügt wird. <br> ‚1x Bezahltes Rekrutieren‘ kann täglich einmal für 150 bezahlte Loveca durchgeführt werden. <br> <br> Wenn ein bereits vorhandenes Idol erscheint, wird es automatisch in eine „Leuchtstab“-Artikel umgewandelt. <br> ※Die umgewandelten Leuchtstäbe werden direkt hinzugefügt und nicht über das Geschenk-System. <br> ※Wenn die maximale Anzahl an Leuchtstäben erreicht ist, werden sie als Geschenk versendet. <br> ※Die Anzahl der erhaltenen Leuchtstäbe hängt von der Seltenheit des Idols ab. <br> ・UR: 500 Stück <br> ・SR: 50 Stück <br> ・R: 20 Stück <br> <br> Außerdem erhältst du, je nachdem wie viele Idole erscheinen, „Rekrutierungs-Punkte [希ちゃんお誕生記念]“. <br> Die erhaltenen „Rekrutierungs-Punkte“ können im Austauschladen gegen Idols und andere Gegenstände eingetauscht werden. <br> <br> Nicht eingetäuschte „Rekrutierungs-Punkte“ werden am Ende dieser Rekrutierung automatisch in ein „Skillbuch (M)“ umgewandelt. <br> ※Die umgewandelten Skillbücher (M) werden direkt hinzugefügt und nicht über das Geschenk-System. <br> ※Wenn die maximale Anzahl an Skillbüchern (M) erreicht ist, werden sie als Geschenk versendet."
mst.lottery_info.3110004._infoText,Maruri-chan Geburtstags-Rekrutierung ~Feenflügel~
mst.lottery_info.3110004._detailText,"„Mari-chan Geburtstags-Rekrutierung ~Feenflügel~“ garantiert das Erscheinen von Idols der Stufe R oder höher. <br> „Einmal Rekrutieren“ kann für 300 Loveca durchgeführt werden. <br> „Zehnmal Rekrutieren“ kann für 3000 Loveca durchgeführt werden und garantiert, dass mindestens ein Idol der Stufe SR oder höher hinzugefügt wird. <br> „Kostenpflichtiges Einzel-Rekrutieren“ kann täglich einmal für 150 kostenpflichtige Loveca durchgeführt werden. <br> <br> Wenn bereits vorhandene Idols erscheinen, werden sie automatisch in „Leuchtstäbe“ umgewandelt. <br> ※Die umgewandelten Leuchtstäbe werden direkt hinzugefügt, ohne den Geschenk-Prozess. <br> ※Wenn die maximale Anzahl an Leuchtstäben erreicht ist, werden sie als Geschenk versendet. <br> ※Die Anzahl der erhaltenen Leuchtstäbe hängt von der Seltenheit des Idols ab. <br> ・UR: 500 Stück <br> ・SR: 50 Stück <br> ・R: 20 Stück <br> <br> Außerdem erhältst du, je nach Anzahl der erschienenen Idols, „Rekrutierungs-Punkte [Mari-chan Geburtstagsfeier]“. <br> Die erhaltenen „Rekrutierungs-Punkte“ können im Austauschladen gegen Idols und andere Gegenstände eingetauscht werden. <br> <br> Nicht eingetäuschte „Rekrutierungs-Punkte“ werden am Ende dieser Rekrutierung automatisch in „Skillbuch (M)“ umgewandelt. <br> ※Die umgewandelten Skillbücher (M) werden direkt hinzugefügt, ohne den Geschenk-Prozess. <br> ※Wenn die maximale Anzahl an Skillbüchern (M) erreicht ist, werden sie als Geschenk versendet."
mst.lottery_info.3110005._infoText,Shiki-chan Geburtstags-Rekrutierung ~Harmonie Stern~
mst.lottery_info.3110005._detailText,"„„四季ちゃんお誕生日記念勧誘～ハーモニースター～“ beinhaltet, dass immer mindestens ein Idol der Stufe R oder höher erscheint. <br> „1x Rekrutieren“ kann für 300 Loveca durchgeführt werden. <br> „10x Rekrutieren“ kann für 3000 Loveca durchgeführt werden und garantiert, dass mindestens ein Idol der Stufe SR oder höher hinzugefügt wird. <br> „1x Bezahltes Rekrutieren“ kann täglich einmal für 150 bezahlte Loveca durchgeführt werden. <br> <br> Wenn ein bereits vorhandenes Idol erscheint, wird es automatisch in eine „Leuchtstab“-Artikel umgewandelt. <br> ※Die umgewandelten Leuchtstäbe werden direkt hinzugefügt und nicht über das Geschenkmenü. <br> ※Wenn die maximale Anzahl an Leuchtstäben erreicht ist, werden sie als Geschenk versendet. <br> ※Die Anzahl der erhaltenen Leuchtstäbe hängt von der Seltenheit des Idols ab. <br> ・UR: 500 Stück <br> ・SR: 50 Stück <br> ・R: 20 Stück <br> <br> Außerdem erhältst du, je nachdem, wie viele Idole erscheinen, „Rekrutierungspunkte [四季ちゃんお誕生記念]“. <br> Die erhaltenen „Rekrutierungspunkte“ können im Austauschladen gegen Idols und andere Gegenstände eingetauscht werden. <br> <br> Nicht eingelöste „Rekrutierungspunkte“ werden am Ende dieser Rekrutierungsaktion automatisch in ein „Skillbuch (M)“ umgewandelt. <br> ※Die umgewandelten Skillbücher (M) werden direkt hinzugefügt und nicht über das Geschenkmenü. <br> ※Wenn die maximale Anzahl an Skillbüchern (M) erreicht ist, werden sie als Geschenk versendet."
mst.lottery_info.3110006._infoText,Karin-chan Geburtstags-Rekrutierung ~Bunte Heldinnen~
mst.lottery_info.3110006._detailText,"„‚果林ちゃんお誕生日記念勧誘～カラフルヒロインズ～‘: Hier sind immer mindestens R-Idols dabei. <br> ‚1x Rekrutieren‘ kostet 300 Loveca. <br> ‚10x Rekrutieren‘ kostet 3000 Loveca und garantiert mindestens ein SR- oder UR-Idol. <br> ‚1x Bezahltes Rekrutieren‘ kann einmal täglich für 150 bezahlte Loveca durchgeführt werden. <br> <br> Wenn ein bereits vorhandenes Idol erscheint, wird es automatisch in eine „Leuchtstab“-Belohnung umgewandelt. <br> ※ Die umgewandelten Leuchtstäbe werden direkt deinem Konto gutgeschrieben, ohne den Geschenk-Prozess. <br> ※ Wenn du die maximale Anzahl an Leuchtstäben erreicht hast, werden sie als Geschenk behandelt. <br> ※ Die Anzahl der erhaltenen Leuchtstäbe hängt von der Seltenheit des Idols ab: <br> • UR: 500 <br> • SR: 50 <br> • R: 20 <br> <br> Außerdem erhältst du, je nachdem wie viele verschiedene Idols erscheinen, „Rekrutierungs-Punkte [果林ちゃんお誕生記念]“. <br> Die erhaltenen „Rekrutierungs-Punkte“ können im Tauschladen gegen Idols und andere Gegenstände eingetauscht werden. <br> <br> Nicht eingetauschte „Rekrutierungs-Punkte“ werden am Ende dieser Rekrutierung automatisch in ein „Skillbuch (M)“ umgewandelt. <br> ※ Die umgewandelten Skillbücher (M) werden direkt deinem Konto gutgeschrieben, ohne den Geschenk-Prozess. <br> ※ Wenn du die maximale Anzahl an Skillbüchern (M) erreicht hast, werden sie als Geschenk behandelt."
mst.lottery_info.3110007._infoText,Zenko-chan Geburtstags-Rekrutierung ~Feenflügel~
mst.lottery_info.3110007._detailText,"„善子ちゃんお誕生日記念勧誘～フェアリーウイング～“ beinhaltet, dass immer mindestens ein Idol der Stufe R oder höher erscheint. <br> „1x Rekrutieren“ kann für 300 Loveca durchgeführt werden. <br> „10x Rekrutieren“ kann für 3000 Loveca durchgeführt werden und garantiert, dass mindestens ein Idol der Stufe SR oder höher hinzugefügt wird. <br> „1x Bezahltes Rekrutieren“ kann täglich einmal für 150 bezahlte Loveca durchgeführt werden. <br> <br> Wenn ein bereits vorhandenes Idol erscheint, wird es automatisch in eine „Leuchtstab“-Artikel umgewandelt. <br> ※Die umgewandelten Leuchtstäbe werden direkt hinzugefügt und nicht über das Geschenkmenü. <br> ※Wenn die maximale Anzahl an Leuchtstäben erreicht ist, werden sie als Geschenk versendet. <br> ※Die Anzahl der erhaltenen Leuchtstäbe hängt von der Seltenheit des Idols ab. <br> ・UR: 500 Stück <br> ・SR: 50 Stück <br> ・R: 20 Stück <br> <br> Außerdem erhältst du, je nachdem, wie viele Idole erscheinen, „Rekrutierungspunkte [善子ちゃんお誕生記念]“. <br> Die erhaltenen „Rekrutierungspunkte“ können im Austauschladen gegen Idols und andere Gegenstände eingetauscht werden. <br> <br> Nicht eingelöste „Rekrutierungspunkte“ werden am Ende dieser Rekrutierungsaktion automatisch in ein „Skillbuch (M)“ umgewandelt. <br> ※Die umgewandelten Skillbücher (M) werden direkt hinzugefügt und nicht über das Geschenkmenü. <br> ※Wenn die maximale Anzahl an Skillbüchern (M) erreicht ist, werden sie als Geschenk versendet."
mst.lottery_info.3110008._infoText,Koko-chan Geburtstags-Rekrutierung ~Harmonie Stern~
mst.lottery_info.3110008._detailText,"„可可ちゃんお誕生日記念勧誘～ハーモニースター～“ beinhaltet, dass immer mindestens ein Idol der Stufe R oder höher erscheint. <br> „1x Rekrutieren“ kann für 300 Loveca durchgeführt werden. <br> „10x Rekrutieren“ kann für 3000 Loveca durchgeführt werden und garantiert, dass mindestens ein Idol der Stufe SR oder höher hinzugefügt wird. <br> „1x Bezahltes Rekrutieren“ kann täglich einmal für 150 bezahlte Loveca durchgeführt werden. <br> <br> Wenn bereits vorhandene Idols erscheinen, werden sie automatisch in „Fanlights“ umgewandelt. <br> ※Die umgewandelten Fanlights werden direkt hinzugefügt, ohne den Geschenk-Prozess. <br> ※Wenn die maximale Anzahl an Fanlights erreicht ist, werden sie als Geschenk versendet. <br> ※Die Anzahl der erhaltenen Fanlights hängt von der Seltenheit des Idols ab. <br> ・UR: 500 Stück <br> ・SR: 50 Stück <br> ・R: 20 Stück <br> <br> Außerdem erhältst du, je nachdem, wie viele Idols erscheinen, „Rekrutierungspunkte [可可ちゃんお誕生記念]“. <br> Die erhaltenen „Rekrutierungspunkte“ können im Austauschladen gegen Idols und andere Gegenstände eingetauscht werden. <br> <br> Nicht eingetauschte „Rekrutierungspunkte“ werden am Ende dieser Rekrutierungsaktion automatisch in „Skillbuch (M)“ umgewandelt. <br> ※Die umgewandelten Skillbücher (M) werden direkt hinzugefügt, ohne den Geschenk-Prozess. <br> ※Wenn die maximale Anzahl an Skillbüchern (M) erreicht ist, werden sie als Geschenk versendet."
mst.lottery_info.3110009._infoText,Niko-chan Geburtstags-Rekrutierung ~Flower Shower~
mst.lottery_info.3110009._detailText,"„Nico-chan Geburtstags-Rekrutierung ~Blumenschauer~“ garantiert, dass mindestens ein Idol der Stufe R oder höher erscheint. <br> „Einmal Rekrutieren“ kann für 300 Loveca durchgeführt werden. <br> „Zehnmal Rekrutieren“ kann für 3000 Loveca durchgeführt werden und garantiert, dass mindestens ein Idol der Stufe SR oder höher hinzugefügt wird. <br> „Kostenpflichtiges Einzel-Rekrutieren“ kann täglich einmal für 150 kostenpflichtige Loveca durchgeführt werden. <br> <br> Wenn ein bereits vorhandenes Idol erscheint, wird es automatisch in eine „Leuchtstab“-Artikel umgewandelt. <br> ※Die umgewandelten Leuchtstäbe werden direkt hinzugefügt und nicht über das Geschenkmenü verteilt. <br> ※Wenn die maximale Anzahl an Leuchtstäben erreicht ist, werden sie als Geschenk verteilt. <br> ※Die Anzahl der erhaltenen Leuchtstäbe hängt von der Seltenheit des Idols ab. <br> ・UR: 500 Stück <br> ・SR: 50 Stück <br> ・R: 20 Stück <br> <br> Außerdem erhältst du, je nach Anzahl der erschienenen Idols, „Rekrutierungspunkte [Nico-chan Geburtstagsfeier]“. <br> Die erhaltenen „Rekrutierungspunkte“ können im Austauschladen gegen Idols und andere Gegenstände eingetauscht werden. <br> <br> Nicht eingelöste „Rekrutierungspunkte“ werden am Ende dieser Rekrutierungsaktion automatisch in ein „Skillbuch (M)“ umgewandelt. <br> ※Die umgewandelten Skillbücher (M) werden direkt hinzugefügt und nicht über das Geschenkmenü verteilt. <br> ※Wenn die maximale Anzahl an Skillbüchern (M) erreicht ist, werden sie als Geschenk verteilt."
mst.lottery_info.3110010._infoText,Chika-chan Geburtstags-Rekrutierung ~Feenflügel~
mst.lottery_info.3110010._detailText,"„‚Chika-chan Geburtstags-Rekrutierung ~Feenflügel~‘ garantiert die Erscheinung von mindestens einem Idol der Stufe R oder höher. <br> ‚Einmal Rekrutieren‘ kann für 300 Loveca durchgeführt werden. <br> ‚Zehnmal Rekrutieren‘ kann für 3000 Loveca durchgeführt werden und garantiert, dass mindestens ein Idol der Stufe SR oder höher hinzugefügt wird. <br> ‚Kostenpflichtiges Einzel-Rekrutieren‘ kann täglich einmal für 150 kostenpflichtige Loveca durchgeführt werden. <br> <br> Wenn bereits vorhandene Idols erscheinen, werden sie automatisch in „Lichtstäbe“ umgewandelt. <br> ※Umgewandelte Lichtstäbe werden direkt hinzugefügt, ohne den Geschenk-Prozess. <br> ※Wenn die maximale Anzahl an Lichtstäben erreicht ist, werden sie als Geschenk versendet. <br> ※Die Anzahl der erhaltenen Lichtstäbe hängt von der Seltenheit des Idols ab. <br> ・UR: 500 Stück <br> ・SR: 50 Stück <br> ・R: 20 Stück <br> <br> Außerdem erhältst du, je nach Anzahl der erschienenen Idols, „Rekrutierungs-Punkte [Chika-chan Geburtstagsfeier]“. <br> Die erhaltenen „Rekrutierungs-Punkte“ können im Austauschladen gegen Idols und andere Gegenstände eingetauscht werden. <br> <br> Nicht eingetauschte „Rekrutierungs-Punkte“ werden am Ende dieser Rekrutierung automatisch in „Skillbuch (M)“ umgewandelt. <br> ※Umgewandelte Skillbücher (M) werden direkt hinzugefügt, ohne den Geschenk-Prozess. <br> ※Wenn die maximale Anzahl an Skillbüchern (M) erreicht ist, werden sie als Geschenk versendet."
mst.lottery_info.3110011._infoText,Hono-chan Geburtstags-Rekrutierung ~Flower Shower~
mst.lottery_info.3110011._detailText,"„Hono-chan Geburtstags-Rekrutierung ~Blumendusch~“ garantiert die Erscheinung von Idols der Stufe R oder höher. <br> „Einmal Rekrutieren“ kann für 300 Loveca durchgeführt werden. <br> „Zehnmal Rekrutieren“ kann für 3000 Loveca durchgeführt werden und garantiert, dass mindestens ein Idol der Stufe SR oder höher hinzugefügt wird. <br> „Kostenpflichtiges Einzel-Rekrutieren“ kann täglich einmal für 150 kostenpflichtige Loveca durchgeführt werden. <br> <br> Wenn bereits vorhandene Idols erscheinen, werden sie automatisch in „Leuchtstäbe“ umgewandelt. <br> ※Die umgewandelten Leuchtstäbe werden direkt hinzugefügt, ohne über Geschenke zu laufen. <br> ※Wenn die maximale Anzahl an Leuchtstäben erreicht ist, werden sie als Geschenk versendet. <br> ※Die Anzahl der erhaltenen Leuchtstäbe hängt von der Seltenheit des Idols ab. <br> ・UR: 500 Stück <br> ・SR: 50 Stück <br> ・R: 20 Stück <br> <br> Außerdem erhältst du, je nach Anzahl der erschienenen Idols, „Rekrutierungspunkte [Hono-chan Geburtstagsfeier]“. <br> Die erhaltenen „Rekrutierungspunkte“ können im Austauschladen gegen Idols und andere Gegenstände eingetauscht werden. <br> <br> Nicht eingetäuschte „Rekrutierungspunkte“ werden am Ende dieser Rekrutierungsaktion automatisch in „Skillbuch (M)“ umgewandelt. <br> ※Die umgewandelten Skillbücher (M) werden direkt hinzugefügt, ohne über Geschenke zu laufen. <br> ※Wenn die maximale Anzahl an Skillbüchern (M) erreicht ist, werden sie als Geschenk versendet."
mst.lottery_info.3110012._infoText,Natsumi-chan Geburtstags-Rekrutierung ~Harmonie Stern~
mst.lottery_info.3110012._detailText,"„‚Sommer-chan Geburtstags-Rekrutierung ~Harmonie Stern~‘ garantiert die Erscheinung von mindestens einem Idol der Stufe R oder höher. <br> ‚Einmal Rekrutieren‘ kann für 300 Loveca durchgeführt werden. <br> ‚Zehnmal Rekrutieren‘ kann für 3000 Loveca durchgeführt werden und garantiert, dass mindestens ein Idol der Stufe SR oder höher hinzugefügt wird. <br> ‚Kostenpflichtiges Einzel-Rekrutieren‘ kann täglich einmal für 150 kostenpflichtige Loveca durchgeführt werden. <br> <br> Wenn bereits vorhandene Idols erscheinen, werden sie automatisch in „Lichtstäbe“ umgewandelt. <br> ※Die umgewandelten Lichtstäbe werden direkt hinzugefügt, ohne den Geschenk-Prozess. <br> ※Wenn die maximale Anzahl an Lichtstäben erreicht ist, werden sie als Geschenk versendet. <br> ※Die Anzahl der erhaltenen Lichtstäbe hängt von der Seltenheit des Idols ab. <br> • UR: 500 Stück <br> • SR: 50 Stück <br> • R: 20 Stück <br> <br> Außerdem erhältst du, je nach Anzahl der erschienenen Idols, „Rekrutierungs-Punkte [Sommer-chan Geburtstagsfeier]“. <br> Die erhaltenen „Rekrutierungs-Punkte“ können im Austauschladen gegen Idols und andere Gegenstände eingetauscht werden. <br> <br> Nicht eingetauschte „Rekrutierungs-Punkte“ werden am Ende dieser Rekrutierung automatisch in „Skillbuch (M)“ umgewandelt. <br> ※Die umgewandelten Skillbücher (M) werden direkt hinzugefügt, ohne den Geschenk-Prozess. <br> ※Wenn die maximale Anzahl an Skillbüchern (M) erreicht ist, werden sie als Geschenk versendet."
mst.lottery_info.3110013._infoText,Setsuna-chan Geburtstags-Rekrutierung ~Bunte Heldinnen~
mst.lottery_info.3110013._detailText,"„Setsuna-chan Geburtstags-Rekrutierung ~Bunte Heldinnen~“ garantiert die Erscheinung von mindestens einem Idol der Stufe R oder höher. <br> „Einmal Rekrutieren“ kann für 300 Loveca durchgeführt werden. <br> „Zehnmal Rekrutieren“ kann für 3000 Loveca durchgeführt werden und garantiert, dass mindestens ein Idol der Stufe SR oder höher hinzugefügt wird. <br> „Kostenpflichtiges Einzel-Rekrutieren“ kann täglich einmal für 150 kostenpflichtige Loveca durchgeführt werden. <br> <br> Wenn ein bereits vorhandenes Idol erscheint, wird es automatisch in eine „Leuchtstab“-Artikel umgewandelt. <br> ※Die umgewandelten Leuchtstäbe werden direkt hinzugefügt und nicht über das Geschenkmenü. <br> ※Wenn die maximale Anzahl an Leuchtstäben erreicht ist, werden sie als Geschenk versendet. <br> ※Die Anzahl der erhaltenen Leuchtstäbe hängt von der Seltenheit des Idols ab. <br> ・UR: 500 Stück <br> ・SR: 50 Stück <br> ・R: 20 Stück <br> <br> Außerdem erhältst du, je nach Anzahl der erschienenen Idols, „Rekrutierungspunkte [Setsuna-chan Geburtstagsfeier]“. <br> Die erhaltenen „Rekrutierungspunkte“ können im Austauschladen gegen Idols und andere Gegenstände eingetauscht werden. <br> <br> Nicht eingelöste „Rekrutierungspunkte“ werden am Ende dieser Rekrutierungsaktion automatisch in ein „Skillbuch (M)“ umgewandelt. <br> ※Die umgewandelten Skillbücher (M) werden direkt hinzugefügt und nicht über das Geschenkmenü. <br> ※Wenn die maximale Anzahl an Skillbüchern (M) erreicht ist, werden sie als Geschenk versendet."
mst.lottery_info.3110014._infoText,Kotori-chan Geburtstags-Rekrutierung ~Blumenschauer~
mst.lottery_info.3110014._detailText,"„‚Kotori-chan Geburtstags-Rekrutierung ~Blumenshower~‘ garantiert die Erscheinung von Idols der Stufe R oder höher. <br> ‚Einmal Rekrutieren‘ kann für 300 Loveca durchgeführt werden. <br> ‚Zehnmal Rekrutieren‘ kann für 3000 Loveca durchgeführt werden und garantiert, dass mindestens ein Idol der Stufe SR oder höher hinzugefügt wird. <br> ‚Kostenpflichtiges Einzel-Rekrutieren‘ kann täglich einmal für 150 kostenpflichtige Loveca durchgeführt werden. <br> <br> Wenn ein bereits vorhandenes Idol erscheint, wird es automatisch in ein „Leuchtstäbchen“ umgewandelt. <br> ※Das umgewandelte Leuchtstäbchen wird direkt hinzugefügt, ohne den Geschenk-Prozess. <br> ※Wenn die maximale Anzahl an Leuchtstäbchen erreicht ist, werden sie als Geschenk versendet. <br> ※Die Anzahl der erhaltenen Leuchtstäbchen hängt von der Seltenheit des Idols ab. <br> • UR: 500 Stück <br> • SR: 50 Stück <br> • R: 20 Stück <br> <br> Außerdem erhältst du, je nach Anzahl der erschienenen Idols, „Rekrutierungs-Punkte [Kotori-chan Geburtstagsfeier]“. <br> Die erhaltenen „Rekrutierungs-Punkte“ können im Austauschladen gegen Idols und andere Gegenstände eingetauscht werden. <br> <br> Nicht eingelöste „Rekrutierungs-Punkte“ werden am Ende dieser Rekrutierung automatisch in ein „Skillbuch (M)“ umgewandelt. <br> ※Das umgewandelte Skillbuch (M) wird direkt hinzugefügt, ohne den Geschenk-Prozess. <br> ※Wenn die maximale Anzahl an Skillbüchern (M) erreicht ist, werden sie als Geschenk versendet."
mst.lottery_info.3110015._infoText,Riko-chan Geburtstags-Rekrutierung ~Feenflügel~
mst.lottery_info.3110015._detailText,"„‚梨子ちゃんお誕生日記念勧誘～フェアリーウイング～‘ beinhaltet, dass immer mindestens ein Idol der Stufe R oder höher erscheint. <br> ‚1x Rekrutieren‘ kann für 300 Loveca durchgeführt werden. <br> ‚10x Rekrutieren‘ kann für 3000 Loveca durchgeführt werden und garantiert, dass mindestens ein Idol der Stufe SR oder höher hinzugefügt wird. <br> ‚1x Bezahltes Rekrutieren‘ kann täglich einmal für 150 bezahlte Loveca durchgeführt werden. <br> <br> Wenn ein bereits vorhandenes Idol erscheint, wird es automatisch in eine „Leuchtstab“-Artikel umgewandelt. <br> ※Die umgewandelten Leuchtstäbe werden direkt hinzugefügt und nicht über das Geschenkmenü. <br> ※Wenn die maximale Anzahl an Leuchtstäben erreicht ist, werden sie als Geschenk versendet. <br> ※Die Anzahl der erhaltenen Leuchtstäbe hängt von der Seltenheit des Idols ab. <br> ・UR: 500 Stück <br> ・SR: 50 Stück <br> ・R: 20 Stück <br> <br> Außerdem erhältst du, je nachdem, wie viele Idole erscheinen, „Rekrutierungspunkte [梨子ちゃんお誕生記念]“. <br> Die erhaltenen „Rekrutierungspunkte“ können im Austauschladen gegen Idols und andere Gegenstände eingetauscht werden. <br> <br> Nicht eingetäuschte „Rekrutierungspunkte“ werden am Ende dieser Rekrutierungsaktion automatisch in ein „Skillbuch (M)“ umgewandelt. <br> ※Die umgewandelten Skillbücher (M) werden direkt hinzugefügt und nicht über das Geschenkmenü. <br> ※Wenn die maximale Anzahl an Skillbüchern (M) erreicht ist, werden sie als Geschenk versendet."
mst.lottery_info.3110016._infoText,Rubi-chan Geburtstags-Rekrutierung ~Feenflügel~
mst.lottery_info.3110016._detailText,"„Rubi-chan Geburtstags-Rekrutierung ~Fairy Wing~“ garantiert das Erscheinen von mindestens einem Idol der Stufe R oder höher. <br> „Einmal Rekrutieren“ kann für 300 Loveca durchgeführt werden. <br> „Zehnmal Rekrutieren“ kann für 3000 Loveca durchgeführt werden und garantiert, dass mindestens ein Idol der Stufe SR oder höher hinzugefügt wird. <br> „Kostenpflichtiges Einzel-Rekrutieren“ kann täglich einmal für 150 kostenpflichtige Loveca durchgeführt werden. <br> <br> Wenn bereits vorhandene Idols erscheinen, werden sie automatisch in „Leuchtstäbe“ umgewandelt. <br> ※Die umgewandelten Leuchtstäbe werden direkt hinzugefügt, ohne über Geschenke zu laufen. <br> ※Wenn die maximale Anzahl an Leuchtstäben erreicht ist, werden sie als Geschenk versendet. <br> ※Die Anzahl der erhaltenen Leuchtstäbe hängt von der Seltenheit des Idols ab. <br> ・UR: 500 Stück <br> ・SR: 50 Stück <br> ・R: 20 Stück <br> <br> Außerdem erhältst du, je nach Anzahl der erschienenen Idols, „Rekrutierungspunkte [Rubi-chan Geburtstagsfeier]“. <br> Die erhaltenen „Rekrutierungspunkte“ können im Austauschladen gegen Idols und andere Gegenstände eingetauscht werden. <br> <br> Nicht eingetäuschte „Rekrutierungspunkte“ werden am Ende dieser Rekrutierungsaktion automatisch in „Skillbuch (M)“ umgewandelt. <br> ※Die umgewandelten Skillbücher (M) werden direkt hinzugefügt, ohne über Geschenke zu laufen. <br> ※Wenn die maximale Anzahl an Skillbüchern (M) erreicht ist, werden sie als Geschenk versendet."
mst.lottery_info.3110017._infoText,Sumire-chan Geburtstags-Rekrutierung ~Harmonie Stern~
mst.lottery_info.3110017._detailText,"„Sumire-chan Geburtstags-Rekrutierung ~Harmonie Stern~“ beinhaltet, dass immer mindestens ein Idol der Stufe R oder höher erscheint. <br> „Einmal Rekrutieren“ kann für 300 Loveca durchgeführt werden. <br> „Zehnmal Rekrutieren“ kann für 3000 Loveca durchgeführt werden und garantiert, dass mindestens ein Idol der Stufe SR oder höher hinzugefügt wird. <br> „Kostenpflichtiges Einzel-Rekrutieren“ kann täglich einmal für 150 kostenpflichtige Loveca durchgeführt werden. <br> <br> Wenn bereits vorhandene Idols erscheinen, werden sie automatisch in „Fanlights“ umgewandelt. <br> ※Die umgewandelten Fanlights werden direkt hinzugefügt, ohne den Geschenk-Prozess. <br> ※Wenn die maximale Anzahl an Fanlights erreicht ist, werden sie als Geschenk versendet. <br> ※Die Anzahl der erhaltenen Fanlights hängt von der Seltenheit des Idols ab. <br> ・UR: 500 Stück <br> ・SR: 50 Stück <br> ・R: 20 Stück <br> <br> Außerdem erhältst du, je nachdem, wie viele Idols erscheinen, „Rekrutierungs-Punkte [Sumire-chan Geburtstagsfeier]“. <br> Die erhaltenen „Rekrutierungs-Punkte“ können im Austauschladen gegen Idols und andere Gegenstände eingetauscht werden. <br> <br> Nicht eingetäuschte „Rekrutierungs-Punkte“ werden am Ende dieser Rekrutierung automatisch in „Skillbuch (Mittel)“ umgewandelt. <br> ※Die umgewandelten Skillbücher (Mittel) werden direkt hinzugefügt, ohne den Geschenk-Prozess. <br> ※Wenn die maximale Anzahl an Skillbüchern (Mittel) erreicht ist, werden sie als Geschenk versendet."
mst.lottery_info.3110018._infoText,Shizuku-chan Geburtstags-Rekrutierung ~Bunte Heldinnen~
mst.lottery_info.3110018._detailText,"„Shikoko-chan Geburtstags-Rekrutierung ~Bunte Heldinnen~“ beinhaltet immer mindestens ein Idol der Stufe R oder höher, das zur Nijigasaki High School School Idol Club gehört. <br> „Einmal Rekrutieren“ kann für 300 Loveca durchgeführt werden. <br> „Zehnmal Rekrutieren“ kann für 3000 Loveca durchgeführt werden und garantiert mindestens ein Idol der Stufe SR oder höher. <br> „Kostenpflichtiges Einzel-Rekrutieren“ kann täglich einmal für 150 kostenpflichtige Loveca durchgeführt werden. <br> „Kostenpflichtiges Zehnmal-Rekrutieren“ kann während des Zeitraums einmal für 2000 kostenpflichtige Loveca durchgeführt werden. <br> <br> Wenn ein bereits rekrutiertes Idol erscheint, wird es automatisch in ein „Leuchtstäbchen“ umgewandelt. <br> ※Das umgewandelte Leuchtstäbchen wird direkt hinzugefügt, ohne über Geschenke zu gehen. <br> ※Wenn die maximale Anzahl an Leuchtstäbchen erreicht ist, werden sie als Geschenk versendet. <br> ※Die Anzahl der erhaltenen Leuchtstäbchen hängt von der Seltenheit des Idols ab. <br> ・UR: 500 Stück <br> ・SR: 50 Stück <br> ・R: 20 Stück <br> <br> Außerdem erhältst du je nach Anzahl der erschienenen Idols „Rekrutierungspunkte [Shikoko-chan Geburtstagsfeier]“. <br> Die erhaltenen „Rekrutierungspunkte“ können im Austauschladen gegen Idols oder andere Gegenstände eingetauscht werden. <br> <br> Nicht eingelöste „Rekrutierungspunkte“ werden am Ende dieser Rekrutierungsaktion automatisch in ein „Skillbuch (M)“ umgewandelt. <br> ※Das umgewandelte Skillbuch (M) wird direkt hinzugefügt, ohne über Geschenke zu gehen. <br> ※Wenn die maximale Anzahl an Skillbüchern (M) erreicht ist, werden sie als Geschenk versendet."
mst.lottery_info.3110019._infoText,Eri-chan Geburtstags-Rekrutierung ~Blumenshower~
mst.lottery_info.3110019._detailText,"„Eri-chan Geburtstags-Rekrutierung ~Blumenschauer~“ beinhaltet, dass mindestens ein Idol der Gruppe μ's mit dem Rang R oder höher erscheint. <br> „Einmaliges Rekrutieren“ kann für 300 Loveca durchgeführt werden. <br> „Zehnmaliges Rekrutieren“ kann für 3000 Loveca durchgeführt werden und garantiert, dass mindestens ein Idol mit dem Rang SR oder höher hinzugefügt wird. <br> „Kostenpflichtiges einmaliges Rekrutieren“ kann täglich einmal für 150 kostenpflichtige Loveca durchgeführt werden. <br> „Kostenpflichtiges zehnmaliges Rekrutieren“ kann einmal während des Zeitraums für 2000 kostenpflichtige Loveca durchgeführt werden. <br> <br> Wenn ein bereits hinzugefügtes Idol erscheint, wird es automatisch in ein „Leuchtstäbchen“ umgewandelt. <br> ※Das umgewandelte Leuchtstäbchen wird direkt gutgeschrieben, ohne über Geschenke zu gehen. <br> ※Wenn die maximale Anzahl an Leuchtstäbchen erreicht ist, werden sie als Geschenk versendet. <br> ※Die Anzahl der erhaltenen Leuchtstäbchen hängt von der Seltenheit des Idols ab. <br> ・UR: 500 Stück <br> ・SR: 50 Stück <br> ・R: 20 Stück <br> <br> Außerdem erhältst du, je nach Anzahl der erschienenen Idols, „Rekrutierungspunkte [Eri-chan Geburtstagsfeier]“. <br> Die erhaltenen „Rekrutierungspunkte“ können im Austauschladen gegen Idols und andere Gegenstände eingetauscht werden. <br> <br> Nicht eingetäuschte „Rekrutierungspunkte“ werden am Ende dieser Rekrutierungsaktion automatisch in ein „Skillbuch (Mittelstufe)“ umgewandelt. <br> ※Das umgewandelte Skillbuch (Mittelstufe) wird direkt gutgeschrieben, ohne über Geschenke zu gehen. <br> ※Wenn die maximale Anzahl an Skillbüchern (Mittelstufe) erreicht ist, werden sie als Geschenk versendet."
mst.lottery_info.3110020._infoText,May-chan Geburtstags-Rekrutierung ~Harmonie Stern~
mst.lottery_info.3110020._detailText,"„May-chan Geburtstags-Rekrutierung ~Harmonie Stern~“ beinhaltet, dass mindestens ein R oder höheres Idol von Liella! erscheint. <br> „1x Rekrutieren“ kann für 300 Loveca durchgeführt werden. <br> „10x Rekrutieren“ kann für 3000 Loveca durchgeführt werden und garantiert, dass mindestens ein SR oder höheres Idol hinzugefügt wird. <br> „Kostenpflichtige 1x Rekrutierung“ kann täglich einmal für 150 kostenpflichtige Loveca durchgeführt werden. <br> „Kostenpflichtige 10x Rekrutierung“ kann einmal während des Zeitraums für 2000 kostenpflichtige Loveca durchgeführt werden. <br> <br> Wenn ein bereits hinzugefügtes Idol erscheint, wird es automatisch in ein „Leuchtstäbchen“ umgewandelt. <br> ※Das umgewandelte Leuchtstäbchen wird direkt gutgeschrieben, ohne über Geschenke zu laufen. <br> ※Wenn die maximale Anzahl an Leuchtstäbchen erreicht ist, werden sie als Geschenk versendet. <br> ※Die Anzahl der erhaltenen Leuchtstäbchen hängt von der Seltenheit des Idols ab. <br> ・UR: 500 Stück <br> ・SR: 50 Stück <br> ・R: 20 Stück <br> <br> Außerdem erhältst du, je nachdem, wie viele Idols erscheinen, „Rekrutierungspunkte [May-chan Geburtstagsfeier]“. <br> Die erhaltenen „Rekrutierungspunkte“ können im Austauschladen gegen Idols und andere Gegenstände eingetauscht werden. <br> <br> Nicht eingetäuschte „Rekrutierungspunkte“ werden am Ende dieser Rekrutierung automatisch in ein „Skillbuch (M)“ umgewandelt. <br> ※Das umgewandelte Skillbuch (M) wird direkt gutgeschrieben, ohne über Geschenke zu laufen. <br> ※Wenn die maximale Anzahl an Skillbüchern (M) erreicht ist, werden sie als Geschenk versendet."
mst.lottery_info.3110021._infoText,Rin-chan Geburtstags-Rekrutierung ~Blumenschauer~
mst.lottery_info.3110021._detailText,"„Rin-chan Geburtstags-Rekrutierung ~Blumenschauer~“ beinhaltet, dass mindestens ein Idol der Gruppe μ's mit R oder höher erscheint. <br> „1x Rekrutieren“ kann für 300 Loveca durchgeführt werden. <br> „10x Rekrutieren“ kann für 3000 Loveca durchgeführt werden und garantiert, dass mindestens ein Idol mit SR oder höher hinzugefügt wird. <br> „Kostenpflichtige 1x Rekrutierung“ kann täglich einmal für 150 kostenpflichtige Loveca durchgeführt werden. <br> „Kostenpflichtige 10x Rekrutierung“ kann einmal während des Zeitraums für 2000 kostenpflichtige Loveca durchgeführt werden. <br> <br> Wenn ein bereits hinzugefügtes Idol erscheint, wird es automatisch in ein „Leuchtstäbchen“ umgewandelt. <br> ※Das umgewandelte Leuchtstäbchen wird direkt gutgeschrieben, ohne über Geschenke zu laufen. <br> ※Wenn die maximale Anzahl an Leuchtstäbchen erreicht ist, werden sie als Geschenk versendet. <br> ※Die Anzahl der erhaltenen Leuchtstäbchen hängt von der Seltenheit des Idols ab. <br> ・UR: 500 Stück <br> ・SR: 50 Stück <br> ・R: 20 Stück <br> <br> Außerdem erhältst du, je nach Anzahl der erschienenen Idols, „Rekrutierungspunkte [Rin-chan Geburtstagsfeier]“. <br> Die erhaltenen „Rekrutierungspunkte“ können im Austauschladen gegen Idols und andere Gegenstände eingetauscht werden. <br> <br> Nicht eingetäuschte „Rekrutierungspunkte“ werden am Ende dieser Rekrutierung automatisch in ein „Skillbuch (M)“ umgewandelt. <br> ※Das umgewandelte Skillbuch (M) wird direkt gutgeschrieben, ohne über Geschenke zu laufen. <br> ※Wenn die maximale Anzahl an Skillbüchern (M) erreicht ist, werden sie als Geschenk versendet."
mst.lottery_info.3110022._infoText,Rina-chan Geburtstags-Rekrutierung ~Bunte Heldinnen~
mst.lottery_info.3110022._detailText,"„Rina-chan Geburtstags-Rekrutierung ~Bunte Heldinnen~“ beinhaltet, dass immer mindestens ein Idol der Stufe R oder höher von Rainbow High School School Idol Club erscheint. <br> „Einmal Rekrutieren“ kann für 300 Loveca durchgeführt werden. <br> „Zehnmal Rekrutieren“ kann für 3000 Loveca durchgeführt werden, wobei garantiert mindestens ein Idol der Stufe SR oder höher hinzugefügt wird. <br> „Kostenpflichtiges Einzel-Rekrutieren“ kann täglich einmal für 150 kostenpflichtige Loveca durchgeführt werden. <br> „Kostenpflichtiges Zehnmal-Rekrutieren“ kann während des Zeitraums einmal für 2000 kostenpflichtige Loveca durchgeführt werden. <br> <br> Wenn ein bereits hinzugefügtes Idol erscheint, wird es automatisch in ein „Leuchtstäbchen“ umgewandelt. <br> ※Das umgewandelte Leuchtstäbchen wird direkt gutgeschrieben, ohne über Geschenke zu gehen. <br> ※Wenn die maximale Anzahl an Leuchtstäbchen erreicht ist, werden sie als Geschenk versendet. <br> ※Die Anzahl der erhaltenen Leuchtstäbchen hängt von der Seltenheit des Idols ab. <br> ・UR: 500 Stück <br> ・SR: 50 Stück <br> ・R: 20 Stück <br> <br> Außerdem erhältst du je nach Anzahl der erschienenen Idols „Rekrutierungspunkte [Rina-chan Geburtstagsfeier]“. <br> Die erhaltenen „Rekrutierungspunkte“ können im Austauschladen gegen Idols und andere Gegenstände eingetauscht werden. <br> <br> Nicht eingetauschte „Rekrutierungspunkte“ werden am Ende dieser Rekrutierung automatisch in ein „Skillbuch (M)“ umgewandelt. <br> ※Das umgewandelte Skillbuch (M) wird direkt gutgeschrieben, ohne über Geschenke zu gehen. <br> ※Wenn die maximale Anzahl an Skillbüchern (M) erreicht ist, werden sie als Geschenk versendet."
mst.lottery_info.3110023._infoText,Koi-chan Geburtstags-Rekrutierung ~Harmonie Stern~
mst.lottery_info.3110023._detailText,"„恋ちゃんお誕生日記念勧誘～ハーモニースター～“ beinhaltet, dass mindestens ein R oder höheres Idol von Liella! erscheint. <br> „1x Rekrutieren“ kann für 300 Loveca durchgeführt werden. <br> „10x Rekrutieren“ kann für 3000 Loveca durchgeführt werden und garantiert mindestens ein SR- oder höheres Idol. <br> „1x Bezahltes Rekrutieren“ kann täglich einmal für 150 bezahlte Loveca durchgeführt werden. <br> „10x Bezahltes Rekrutieren“ kann einmal während des Zeitraums für 2000 bezahlte Loveca durchgeführt werden. <br> <br> Wenn ein bereits rekrutiertes Idol erscheint, wird es automatisch in ein „Lichtstäbchen“ umgewandelt. <br> ※Das umgewandelte Lichtstäbchen wird direkt hinzugefügt und nicht über Geschenke verteilt. <br> ※Wenn die maximale Anzahl an Lichtstäbchen erreicht ist, werden sie als Geschenk verteilt. <br> ※Die Anzahl der erhaltenen Lichtstäbchen hängt von der Seltenheit des Idols ab. <br> ・UR: 500 Stück <br> ・SR: 50 Stück <br> ・R: 20 Stück <br> <br> Abhängig von der Anzahl der erschienenen Idols erhältst du „Rekrutierungspunkte [恋ちゃんお誕生記念]“. <br> Die erhaltenen „Rekrutierungspunkte“ können im Austauschladen gegen Idols und andere Gegenstände eingetauscht werden. <br> <br> Nicht eingetauschte „Rekrutierungspunkte“ werden am Ende dieser Rekrutierungsaktion automatisch in ein „Skillbuch (M)“ umgewandelt. <br> ※Das umgewandelte Skillbuch (M) wird direkt hinzugefügt und nicht über Geschenke verteilt. <br> ※Wenn die maximale Anzahl an Skillbüchern (M) erreicht ist, werden sie als Geschenk verteilt."
mst.lottery_info.3110024._infoText,Mia-chan Geburtstags-Rekrutierung ~Bunte Heldinnen~
mst.lottery_info.3110024._detailText,"„Mia-chan Geburtstags-Rekrutierung ~Bunte Heldinnen~“ beinhaltet, dass mindestens ein Idol der Stufe R oder höher von Rainbow High School School Idol Club erscheint. <br> „Einmal Rekrutieren“ kann für 300 Loveca durchgeführt werden. <br> „Zehnmal Rekrutieren“ kann für 3000 Loveca durchgeführt werden und garantiert, dass mindestens ein Idol der Stufe SR oder höher hinzugefügt wird. <br> „Kostenpflichtiges Einzel-Rekrutieren“ kann täglich einmal für 150 kostenpflichtige Loveca durchgeführt werden. <br> „Kostenpflichtiges Zehnmal-Rekrutieren“ kann während des Zeitraums einmal für 2000 kostenpflichtige Loveca durchgeführt werden. <br> <br> Wenn ein bereits hinzugefügtes Idol erscheint, wird es automatisch in ein „Leuchtstäbchen“ umgewandelt. <br> ※Das umgewandelte Leuchtstäbchen wird direkt gutgeschrieben, ohne über Geschenke zu gehen. <br> ※Wenn die maximale Anzahl an Leuchtstäbchen erreicht ist, werden sie als Geschenk versendet. <br> ※Die Anzahl der erhaltenen Leuchtstäbchen hängt von der Seltenheit des Idols ab. <br> ・UR: 500 Stück <br> ・SR: 50 Stück <br> ・R: 20 Stück <br> <br> Außerdem erhältst du je nach Anzahl der erschienenen Idols „Rekrutierungspunkte [Mia-chan Geburtstagsfeier]“. <br> Die erhaltenen „Rekrutierungspunkte“ können im Austauschladen gegen Idols und andere Gegenstände eingetauscht werden. <br> <br> Nicht eingelöste „Rekrutierungspunkte“ werden am Ende dieser Rekrutierungsaktion automatisch in ein „Skillbuch (M)“ umgewandelt. <br> ※Das umgewandelte Skillbuch (M) wird direkt gutgeschrieben, ohne über Geschenke zu gehen. <br> ※Wenn die maximale Anzahl an Skillbüchern (M) erreicht ist, werden sie als Geschenk versendet."
mst.lottery_info.3110025._infoText,Kanon-chan Geburtstags-Rekrutierung ~Colorful Heroines~
mst.lottery_info.3110025._detailText,"„彼方ちゃんお誕生日記念勧誘～カラフルヒロインズ～“ beinhaltet, dass immer mindestens ein Idol der Stufe R oder höher aus dem Nijigasaki High School School Idol Club erscheint. <br> „1x Rekrutieren“ kann für 300 Loveca durchgeführt werden. <br> „10x Rekrutieren“ kann für 3000 Loveca durchgeführt werden, wobei garantiert mindestens ein Idol der Stufe SR oder höher hinzugefügt wird. <br> „1x Bezahltes Rekrutieren“ kann täglich einmal für 150 bezahlte Loveca durchgeführt werden. <br> „10x Bezahltes Rekrutieren“ kann einmal während des Zeitraums für 2000 bezahlte Loveca durchgeführt werden. <br> <br> Wenn ein bereits hinzugefügtes Idol erscheint, wird es automatisch in ein „Lichtstäbchen“ umgewandelt. <br> ※Das umgewandelte Lichtstäbchen wird direkt gutgeschrieben, ohne über Geschenke zu laufen. <br> ※Wenn die maximale Anzahl an Lichtstäbchen erreicht ist, werden sie als Geschenk versendet. <br> ※Die Anzahl der erhaltenen Lichtstäbchen hängt von der Seltenheit des Idols ab. <br> ・UR: 500 Stück <br> ・SR: 50 Stück <br> ・R: 20 Stück <br> <br> Außerdem erhältst du je nach Anzahl der erschienenen Idols „Rekrutierungspunkte [彼方ちゃんお誕生記念]“. <br> Die erhaltenen „Rekrutierungspunkte“ können im Austauschladen gegen Idols und andere Gegenstände eingetauscht werden. <br> <br> Nicht eingetauschte „Rekrutierungspunkte“ werden am Ende dieser Rekrutierungsaktion automatisch in ein „Skillbuch (M)“ umgewandelt. <br> ※Das umgewandelte Skillbuch (M) wird direkt gutgeschrieben, ohne über Geschenke zu laufen. <br> ※Wenn die maximale Anzahl an Skillbüchern (M) erreicht ist, werden sie als Geschenk versendet."
mst.lottery_info.3110026._infoText,Fuyumari-chan Geburtstags-Rekrutierung ~Harmonie Stern~
mst.lottery_info.3110026._detailText,"„Winter Mari Geburtstags-Rekrutierung ~Harmonie Stern~“ beinhaltet, dass mindestens ein Idol der Gruppe Liella! mit R oder höher erscheint. <br> „1x Rekrutieren“ kann für 300 Loveca durchgeführt werden. <br> „10x Rekrutieren“ kann für 3000 Loveca durchgeführt werden und garantiert, dass mindestens ein Idol mit SR oder höher hinzugefügt wird. <br> „Kostenpflichtige 1x Rekrutierung“ kann täglich einmal für 150 kostenpflichtige Loveca durchgeführt werden. <br> „Kostenpflichtige 10x Rekrutierung“ kann einmal während des Zeitraums für 2000 kostenpflichtige Loveca durchgeführt werden. <br> <br> Wenn ein bereits hinzugefügtes Idol erscheint, wird es automatisch in ein „Leuchtstäbchen“ umgewandelt. <br> ※Das umgewandelte Leuchtstäbchen wird direkt gutgeschrieben, ohne über Geschenke zu laufen. <br> ※Wenn die maximale Anzahl an Leuchtstäbchen erreicht ist, werden sie als Geschenk versendet. <br> ※Die Anzahl der erhaltenen Leuchtstäbchen hängt von der Seltenheit des Idols ab. <br> ・UR: 500 Stück <br> ・SR: 50 Stück <br> ・R: 20 Stück <br> <br> Außerdem erhältst du, je nach Anzahl der erschienenen Idols, „Rekrutierungspunkte [Winter Mari Geburtstagsfeier]“. <br> Die erhaltenen „Rekrutierungspunkte“ können im Austauschladen gegen Idols und andere Gegenstände eingetauscht werden. <br> <br> Nicht eingetäuschte „Rekrutierungspunkte“ werden am Ende dieser Rekrutierung automatisch in ein „Skillbuch (M)“ umgewandelt. <br> ※Das umgewandelte Skillbuch (M) wird direkt gutgeschrieben, ohne über Geschenke zu laufen. <br> ※Wenn die maximale Anzahl an Skillbüchern (M) erreicht ist, werden sie als Geschenk versendet."
mst.lottery_info.3110027._infoText,Dia-chan Geburtstags-Rekrutierung ~Fairy Wings~
mst.lottery_info.3110027._detailText,"„Diamas Geburtstags-Rekrutierung ~Feenflügel~“ beinhaltet, dass mindestens ein Idol der Stufe R oder höher von Aqours erscheint. <br> „Einmal Rekrutieren“ kann für 300 Loveca durchgeführt werden. <br> „Zehnmal Rekrutieren“ kann für 3000 Loveca durchgeführt werden und garantiert, dass mindestens ein Idol der Stufe SR oder höher hinzugefügt wird. <br> „Kostenpflichtiges Einzel-Rekrutieren“ kann täglich einmal für 150 kostenpflichtige Loveca durchgeführt werden. <br> „Kostenpflichtiges Zehnmal-Rekrutieren“ kann während des Zeitraums einmal für 2000 kostenpflichtige Loveca durchgeführt werden. <br> <br> Wenn ein bereits hinzugefügtes Idol erscheint, wird es automatisch in ein „Leuchtstäbchen“ umgewandelt. <br> ※Das umgewandelte Leuchtstäbchen wird direkt gutgeschrieben, ohne über Geschenke zu laufen. <br> ※Wenn die maximale Anzahl an Leuchtstäbchen erreicht ist, werden sie als Geschenk versendet. <br> ※Die Anzahl der erhaltenen Leuchtstäbchen hängt von der Seltenheit des Idols ab. <br> ・UR: 500 Stück <br> ・SR: 50 Stück <br> ・R: 20 Stück <br> <br> Außerdem erhältst du, je nach Anzahl der erschienenen Idols, „Rekrutierungspunkte [Diamas Geburtstagsfeier]“. <br> Die erhaltenen „Rekrutierungspunkte“ können im Austauschladen gegen Idols und andere Gegenstände eingetauscht werden. <br> <br> Nicht eingetäuschte „Rekrutierungspunkte“ werden am Ende dieser Rekrutierung automatisch in ein „Skillbuch (Mittel)“ umgewandelt. <br> ※Das umgewandelte Skillbuch (Mittel) wird direkt gutgeschrieben, ohne über Geschenke zu laufen. <br> ※Wenn die maximale Anzahl an Skillbüchern (Mittel) erreicht ist, werden sie als Geschenk versendet."
mst.lottery_info.3110028._infoText,Hanamaru-chan Geburtstags-Rekrutierung ~Blumendusch~
mst.lottery_info.3110028._detailText,"„‚Hana-chan Geburtstags-Rekrutierung ~Blumenschauer~‘ beinhaltet, dass mindestens ein Idol der Gruppe μ's mit dem Rang R oder höher erscheint. <br> ‚Einmal Rekrutieren‘ kann für 300 Loveca durchgeführt werden. <br> ‚Zehnmal Rekrutieren‘ kann für 3000 Loveca durchgeführt werden und garantiert, dass mindestens ein Idol mit dem Rang SR oder höher hinzugefügt wird. <br> ‚Kostenpflichtig einmal Rekrutieren‘ kann täglich einmal für 150 kostenpflichtige Loveca durchgeführt werden. <br> ‚Kostenpflichtig zehnmal Rekrutieren‘ kann einmal während des Zeitraums für 2000 kostenpflichtige Loveca durchgeführt werden. <br> <br> Wenn ein bereits hinzugefügtes Idol erscheint, wird es automatisch in ein „Leuchtstäbchen“ umgewandelt. <br> ※Das umgewandelte Leuchtstäbchen wird direkt gutgeschrieben, ohne über Geschenke zu laufen. <br> ※Wenn die maximale Anzahl an Leuchtstäbchen erreicht ist, werden sie als Geschenk versendet. <br> ※Die Anzahl der erhaltenen Leuchtstäbchen hängt von der Seltenheit des Idols ab. <br> ・UR: 500 Stück <br> ・SR: 50 Stück <br> ・R: 20 Stück <br> <br> Außerdem erhältst du, je nach Anzahl der erschienenen Idols, „Rekrutierungspunkte [Hana-chan Geburtstagsfeier]“. <br> Die erhaltenen „Rekrutierungspunkte“ können im Austauschladen gegen Idols oder andere Gegenstände eingetauscht werden. <br> <br> Nicht eingetäuschte „Rekrutierungspunkte“ werden am Ende dieser Rekrutierung automatisch in ein „Skillbuch (M)“ umgewandelt. <br> ※Das umgewandelte Skillbuch (M) wird direkt gutgeschrieben, ohne über Geschenke zu laufen. <br> ※Wenn die maximale Anzahl an Skillbüchern (M) erreicht ist, werden sie als Geschenk versendet."
mst.lottery_info.3110029._infoText,Margarete-chan Geburtstags-Rekrutierung ~Harmonie Stern~
mst.lottery_info.3110029._detailText,"„Margarete-chan Geburtstags-Rekrutierung ~Harmonie Stern~“ beinhaltet, dass mindestens ein Idol der Stufe R oder höher von Liella! erscheint. <br> „Einmaliges Rekrutieren“ kann für 300 Loveca durchgeführt werden. <br> „Zehnmaliges Rekrutieren“ kann für 3000 Loveca durchgeführt werden und garantiert, dass mindestens ein Idol der Stufe SR oder höher hinzugefügt wird. <br> „Kostenpflichtiges einmaliges Rekrutieren“ kann täglich einmal für 150 kostenpflichtige Loveca durchgeführt werden. <br> „Kostenpflichtiges zehnmaliges Rekrutieren“ kann während des Zeitraums einmal für 2000 kostenpflichtige Loveca durchgeführt werden. <br> <br> Wenn ein bereits hinzugefügtes Idol erscheint, wird es automatisch in ein „Leuchtstäbchen“ umgewandelt. <br> ※Das umgewandelte Leuchtstäbchen wird direkt gutgeschrieben, ohne über Geschenke zu gehen. <br> ※Wenn die maximale Anzahl an Leuchtstäbchen erreicht ist, werden sie als Geschenk versendet. <br> ※Die Anzahl der erhaltenen Leuchtstäbchen hängt von der Seltenheit des Idols ab. <br> ・UR: 500 Stück <br> ・SR: 50 Stück <br> ・R: 20 Stück <br> <br> Außerdem erhältst du, je nach Anzahl der erschienenen Idols, „Rekrutierungspunkte [Margarete-chan Geburtstagsfeier]“. <br> Die erhaltenen „Rekrutierungspunkte“ können im Austauschladen gegen Idols oder andere Gegenstände eingetauscht werden. <br> <br> Nicht eingetauschte „Rekrutierungspunkte“ werden am Ende dieser Rekrutierung automatisch in ein „Skillbuch (M)“ umgewandelt. <br> ※Das umgewandelte Skillbuch (M) wird direkt gutgeschrieben, ohne über Geschenke zu gehen. <br> ※Wenn die maximale Anzahl an Skillbüchern (M) erreicht ist, werden sie als Geschenk versendet."
mst.lottery_info.3110030._infoText,Kasumi-chan Geburtstags-Rekrutierung ~Bunte Heldinnen~
mst.lottery_info.3110030._detailText,"„Kasumi-chan Geburtstags-Rekrutierung ~Bunte Heldinnen~“ beinhaltet, dass mindestens ein Idol der Stufe R oder höher von der Rainbow High School School Idol Club erscheint. <br> „Einmal Rekrutieren“ kann für 300 Loveca durchgeführt werden. <br> „Zehnmal Rekrutieren“ kann für 3000 Loveca durchgeführt werden, wobei garantiert mindestens ein Idol der Stufe SR oder höher hinzugefügt wird. <br> „Kostenpflichtiges Einzel-Rekrutieren“ kann täglich einmal für 150 kostenpflichtige Loveca durchgeführt werden. <br> „Kostenpflichtiges Zehnmal-Rekrutieren“ kann während des Zeitraums einmal für 2000 kostenpflichtige Loveca durchgeführt werden. <br> <br> Wenn ein bereits hinzugefügtes Idol erscheint, wird es automatisch in ein „Leuchtstäbchen“ umgewandelt. <br> ※Das umgewandelte Leuchtstäbchen wird direkt gutgeschrieben, ohne über Geschenke zu gehen. <br> ※Wenn die maximale Anzahl an Leuchtstäbchen erreicht ist, werden sie als Geschenk versendet. <br> ※Die Anzahl der erhaltenen Leuchtstäbchen hängt von der Seltenheit des Idols ab. <br> ・UR: 500 Stück <br> ・SR: 50 Stück <br> ・R: 20 Stück <br> <br> Außerdem erhältst du je nach Anzahl der erschienenen Idols „Rekrutierungspunkte [Kasumi-chan Geburtstagsfeier]“. <br> Die erhaltenen „Rekrutierungspunkte“ können im Austauschladen gegen Idols und andere Gegenstände eingetauscht werden. <br> <br> Nicht eingetauschte „Rekrutierungspunkte“ werden am Ende dieser Rekrutierungsaktion automatisch in ein „Skillbuch (Mittel)“ umgewandelt. <br> ※Das umgewandelte Skillbuch (Mittel) wird direkt gutgeschrieben, ohne über Geschenke zu gehen. <br> ※Wenn die maximale Anzahl an Skillbüchern (Mittel) erreicht ist, werden sie als Geschenk versendet."
mst.lottery_info.3110031._infoText,Emma-chan Geburtstags-Rekrutierung ~Bunte Heldinnen~
mst.lottery_info.3110031._detailText,"„Ema-chan Geburtstags-Rekrutierung ~Bunte Heldinnen~“ beinhaltet, dass mindestens ein Idol der Stufe R oder höher aus dem Nijigasaki High School School Idol Club erscheint. <br> „Einmal Rekrutieren“ kann für 300 Loveca durchgeführt werden. <br> „Zehnmal Rekrutieren“ kann für 3000 Loveca durchgeführt werden, wobei garantiert mindestens ein Idol der Stufe SR oder höher hinzugefügt wird. <br> „Kostenpflichtiges Einzel-Rekrutieren“ kann täglich einmal für 150 kostenpflichtige Loveca durchgeführt werden. <br> „Kostenpflichtiges Zehnmal-Rekrutieren“ kann während des Zeitraums einmal für 2000 kostenpflichtige Loveca durchgeführt werden. <br> <br> Wenn ein bereits hinzugefügtes Idol erscheint, wird es automatisch in ein „Leuchtstäbchen“ umgewandelt. <br> ※Das umgewandelte Leuchtstäbchen wird direkt gutgeschrieben, ohne über Geschenke zu laufen. <br> ※Wenn die maximale Anzahl an Leuchtstäbchen erreicht ist, werden sie als Geschenk versendet. <br> ※Die Anzahl der erhaltenen Leuchtstäbchen hängt von der Seltenheit des Idols ab. <br> ・UR: 500 Stück <br> ・SR: 50 Stück <br> ・R: 20 Stück <br> <br> Außerdem erhältst du je nach Anzahl der erschienenen Idols „Rekrutierungspunkte [Ema-chan Geburtstagsfeier]“. <br> Die erhaltenen „Rekrutierungspunkte“ können im Austauschladen gegen Idols und andere Gegenstände eingetauscht werden. <br> <br> Nicht eingetauschte „Rekrutierungspunkte“ werden am Ende dieser Rekrutierungsaktion automatisch in ein „Skillbuch (M)“ umgewandelt. <br> ※Das umgewandelte Skillbuch (M) wird direkt gutgeschrieben, ohne über Geschenke zu laufen. <br> ※Wenn die maximale Anzahl an Skillbüchern (M) erreicht ist, werden sie als Geschenk versendet."
mst.lottery_info.3110032._infoText,Kanamin-chan Geburtstags-Rekrutierung ~Fairy Wings~
mst.lottery_info.3110032._detailText,"„‚果南ちゃんお誕生日記念勧誘～フェアリーウイング～‘ beinhaltet, dass immer mindestens ein Idol der Stufe R oder höher von Aqours erscheint. <br> ‚1x Rekrutieren‘ kann für 300 Loveca durchgeführt werden. <br> ‚10x Rekrutieren‘ kann für 3000 Loveca durchgeführt werden und garantiert, dass mindestens ein Idol der Stufe SR oder höher hinzugefügt wird. <br> ‚1x Bezahltes Rekrutieren‘ kann täglich einmal für 150 bezahlte Loveca durchgeführt werden. <br> ‚10x Bezahltes Rekrutieren‘ kann einmal während des Zeitraums für 2000 bezahlte Loveca durchgeführt werden. <br> <br> Wenn ein bereits hinzugefügtes Idol erscheint, wird es automatisch in ein „Leuchtstäbchen“ umgewandelt. <br> ※Das umgewandelte Leuchtstäbchen wird direkt gutgeschrieben, ohne über Geschenke zu laufen. <br> ※Wenn die maximale Anzahl an Leuchtstäbchen erreicht ist, werden sie als Geschenk versendet. <br> ※Die Anzahl der erhaltenen Leuchtstäbchen hängt von der Seltenheit des Idols ab. <br> ・UR: 500 Stück <br> ・SR: 50 Stück <br> ・R: 20 Stück <br> <br> Außerdem erhältst du, je nachdem, wie viele Idols erscheinen, „Rekrutierungspunkte [果南ちゃんお誕生記念]“. <br> Die erhaltenen „Rekrutierungspunkte“ können im Austauschladen gegen Idols oder andere Gegenstände eingetauscht werden. <br> <br> Nicht eingetäuschte „Rekrutierungspunkte“ werden am Ende dieser Rekrutierungsaktion automatisch in ein „Skillbuch (M)“ umgewandelt. <br> ※Das umgewandelte Skillbuch (M) wird direkt gutgeschrieben, ohne über Geschenke zu laufen. <br> ※Wenn die maximale Anzahl an Skillbüchern (M) erreicht ist, werden sie als Geschenk versendet."
mst.lottery_info.3110033._infoText,Arashi-chan Geburtstags-Rekrutierung ~Bunte Heldinnen~
mst.lottery_info.3110033._detailText,"„Aranju-chan Geburtstags-Rekrutierung ~Bunte Heldinnen~“ beinhaltet, dass mindestens ein Idol der Stufe R oder höher von Rainbow High School School Idol Club erscheint. <br> „1x Rekrutieren“ kann für 300 Loveca durchgeführt werden. <br> „10x Rekrutieren“ kann für 3000 Loveca durchgeführt werden und garantiert, dass mindestens ein Idol der Stufe SR oder höher hinzugefügt wird. <br> „Kostenpflichtige 1x Rekrutierung“ kann täglich einmal für 150 kostenpflichtige Loveca durchgeführt werden. <br> „Kostenpflichtige 10x Rekrutierung“ kann einmal während des Zeitraums für 2000 kostenpflichtige Loveca durchgeführt werden. <br> <br> Wenn ein bereits hinzugefügtes Idol erscheint, wird es automatisch in ein „Leuchtstäbchen“ umgewandelt. <br> ※Das umgewandelte Leuchtstäbchen wird direkt gutgeschrieben, ohne über Geschenke zu gehen. <br> ※Wenn die maximale Anzahl an Leuchtstäbchen erreicht ist, werden sie als Geschenk versendet. <br> ※Die Anzahl der erhaltenen Leuchtstäbchen hängt von der Seltenheit des Idols ab. <br> ・UR: 500 Stück <br> ・SR: 50 Stück <br> ・R: 20 Stück <br> <br> Außerdem erhältst du je nach Anzahl der erschienenen Idols „Rekrutierungspunkte [Aranju-chan Geburtstagsfeier]“. <br> Die erhaltenen „Rekrutierungspunkte“ können im Austauschladen gegen Idols und andere Gegenstände eingetauscht werden. <br> <br> Nicht eingetauschte „Rekrutierungspunkte“ werden am Ende dieser Rekrutierung automatisch in ein „Skillbuch (M)“ umgewandelt. <br> ※Das umgewandelte Skillbuch (M) wird direkt gutgeschrieben, ohne über Geschenke zu gehen. <br> ※Wenn die maximale Anzahl an Skillbüchern (M) erreicht ist, werden sie als Geschenk versendet."
mst.lottery_info.3110034._infoText,Chisato-chan Geburtstags-Rekrutierung ~Harmonie Stern~
mst.lottery_info.3110034._detailText,"„‚千砂都ちゃんお誕生日記念勧誘～ハーモニースター～‘ beinhaltet, dass mindestens ein Idol der Stufe R oder höher von Liella! erscheint. <br> ‚Einmaliges Rekrutieren‘ kann für 300 Loveca durchgeführt werden. <br> ‚Zehnmaliges Rekrutieren‘ kann für 3000 Loveca durchgeführt werden und garantiert, dass mindestens ein Idol der Stufe SR oder höher hinzugefügt wird. <br> ‚Kostenpflichtiges einmaliges Rekrutieren‘ kann täglich einmal für 150 kostenpflichtige Loveca durchgeführt werden. <br> ‚Kostenpflichtiges zehnmaliges Rekrutieren‘ kann während des Zeitraums einmal für 2000 kostenpflichtige Loveca durchgeführt werden. <br> <br> Wenn ein bereits hinzugefügtes Idol erscheint, wird es automatisch in ein „Leuchtstäbchen“ umgewandelt. <br> ※Das umgewandelte Leuchtstäbchen wird direkt gutgeschrieben, ohne über Geschenke zu gehen. <br> ※Wenn die maximale Anzahl an Leuchtstäbchen erreicht ist, werden sie als Geschenk versendet. <br> ※Die Anzahl der erhaltenen Leuchtstäbchen hängt von der Seltenheit des Idols ab. <br> ・UR: 500 Stück <br> ・SR: 50 Stück <br> ・R: 20 Stück <br> <br> Außerdem erhältst du, je nach Anzahl der erschienenen Idols, „Rekrutierungspunkte [千砂都ちゃんお誕生記念]“. <br> Die erhaltenen „Rekrutierungspunkte“ können im Austauschladen gegen Idols oder andere Gegenstände eingetauscht werden. <br> <br> Nicht eingetauschte „Rekrutierungspunkte“ werden am Ende dieser Rekrutierungsaktion automatisch in ein „Skillbuch (M)“ umgewandelt. <br> ※Das umgewandelte Skillbuch (M) wird direkt gutgeschrieben, ohne über Geschenke zu gehen. <br> ※Wenn die maximale Anzahl an Skillbüchern (M) erreicht ist, werden sie als Geschenk versendet."
mst.lottery_info.3110035._infoText,Ayumu-chan Geburtstags-Rekrutierung ~Bunte Heldinnen~
mst.lottery_info.3110035._detailText,"„‚歩夢ちゃんお誕生日記念勧誘～カラフルヒロインズ～‘ beinhaltet, dass bei diesem Rekrutieren immer mindestens ein Idol der Stufe R oder höher von der Gruppe ‚虹ヶ咲学園スクールアイドル同好会‘ erscheint. <br> ‚1x Rekrutieren‘ kann für 300 Loveca durchgeführt werden. <br> ‚10x Rekrutieren‘ kann für 3000 Loveca durchgeführt werden, wobei garantiert mindestens ein Idol der Stufe SR oder höher hinzugefügt wird. <br> ‚1x Bezahltes Rekrutieren‘ kann täglich einmal für 150 bezahlte Loveca durchgeführt werden. <br> ‚10x Bezahltes Rekrutieren‘ kann einmal während des Zeitraums für 2000 bezahlte Loveca durchgeführt werden. <br> <br> Wenn ein bereits hinzugefügtes Idol erscheint, wird es automatisch in ein „Lichtstäbchen“ umgewandelt. <br> ※Das umgewandelte Lichtstäbchen wird direkt gutgeschrieben und nicht über Geschenke verteilt. <br> ※Wenn die maximale Anzahl an Lichtstäbchen erreicht ist, werden sie als Geschenk verteilt. <br> ※Die Anzahl der erhaltenen Lichtstäbchen hängt von der Seltenheit des Idols ab. <br> ・UR: 500 Stück <br> ・SR: 50 Stück <br> ・R: 20 Stück <br> <br> Außerdem erhältst du, je nachdem, wie viele Idols erscheinen, „Rekrutierungspunkte [歩夢ちゃんお誕生記念]“. <br> Die erhaltenen „Rekrutierungspunkte“ können im Austauschladen gegen Idols oder andere Gegenstände eingetauscht werden. <br> <br> Nicht eingetäuschte „Rekrutierungspunkte“ werden am Ende dieses Rekrutierens automatisch in ein „Skillbuch (M)“ umgewandelt. <br> ※Das umgewandelte Skillbuch (M) wird direkt gutgeschrieben und nicht über Geschenke verteilt. <br> ※Wenn die maximale Anzahl an Skillbüchern (M) erreicht ist, werden sie als Geschenk verteilt."
mst.lottery_info.3110036._infoText,Hanamaru-chan Geburtstags-Rekrutierung ~Fairy Wing~
mst.lottery_info.3110036._detailText,"„‚Hanamaru-chan Geburtstags-Rekrutierung ~Feenflügel~‘ beinhaltet, dass mindestens ein Idol der Stufe R oder höher von Aqours erscheint. <br> ‚Einmal Rekrutieren‘ kann für 300 Loveca durchgeführt werden. <br> ‚Zehnmal Rekrutieren‘ kann für 3000 Loveca durchgeführt werden und garantiert, dass mindestens ein Idol der Stufe SR oder höher hinzugefügt wird. <br> ‚Kostenpflichtig einmal Rekrutieren‘ kann täglich einmal für 150 kostenpflichtige Loveca durchgeführt werden. <br> ‚Kostenpflichtig zehnmal Rekrutieren‘ kann einmal während des Zeitraums für 2000 kostenpflichtige Loveca durchgeführt werden. <br> <br> Wenn ein bereits hinzugefügtes Idol erscheint, wird es automatisch in ein „Leuchtstäbchen“ umgewandelt. <br> ※Das umgewandelte Leuchtstäbchen wird direkt gutgeschrieben, ohne über Geschenke zu laufen. <br> ※Wenn die maximale Anzahl an Leuchtstäbchen erreicht ist, werden sie als Geschenk versendet. <br> ※Die Anzahl der erhaltenen Leuchtstäbchen hängt von der Seltenheit des Idols ab. <br> ・UR: 500 Stück <br> ・SR: 50 Stück <br> ・R: 20 Stück <br> <br> Außerdem erhältst du, je nach Anzahl der erschienenen Idols, „Rekrutierungspunkte [Hanamaru-chan Geburtstagsfeier]“. <br> Die erhaltenen „Rekrutierungspunkte“ können im Austauschladen gegen Idols oder andere Gegenstände eingetauscht werden. <br> <br> Nicht eingetäuschte „Rekrutierungspunkte“ werden am Ende dieser Rekrutierung automatisch in ein „Skillbuch (M)“ umgewandelt. <br> ※Das umgewandelte Skillbuch (M) wird direkt gutgeschrieben, ohne über Geschenke zu laufen. <br> ※Wenn die maximale Anzahl an Skillbüchern (M) erreicht ist, werden sie als Geschenk versendet."
mst.lottery_info.3110037._infoText,Hanamis Geburtstags-Rekrutierung – Blumenduft
mst.lottery_info.3110037._detailText,"„Haiumi-chan Geburtstags-Rekrutierung ~Blumendusch~“ beinhaltet, dass mindestens ein Idol der Stufe R oder höher von μ's erscheint. <br> „1x Rekrutieren“ kann für 300 Loveca durchgeführt werden. <br> „10x Rekrutieren“ kann für 3000 Loveca durchgeführt werden und garantiert, dass mindestens ein Idol der Stufe SR oder höher hinzugefügt wird. <br> „1x Bezahlte Rekrutierung“ kann täglich einmal für 150 bezahlte Loveca durchgeführt werden. <br> „10x Bezahlte Rekrutierung“ kann einmal während des Zeitraums für 2000 bezahlte Loveca durchgeführt werden. <br> <br> Wenn ein bereits hinzugefügtes Idol erscheint, wird es automatisch in ein „Leuchtstäbchen“ umgewandelt. <br> ※Das umgewandelte Leuchtstäbchen wird direkt gutgeschrieben, ohne über Geschenke zu laufen. <br> ※Wenn die maximale Anzahl an Leuchtstäbchen erreicht ist, werden sie als Geschenk versendet. <br> ※Die Anzahl der erhaltenen Leuchtstäbchen hängt von der Seltenheit des Idols ab. <br> ・UR: 500 Stück <br> ・SR: 50 Stück <br> ・R: 20 Stück <br> <br> Außerdem erhältst du, je nach Anzahl der erschienenen Idols, „Rekrutierungspunkte [Haiumi-chan Geburtstagsfeier]“. <br> Die erhaltenen „Rekrutierungspunkte“ können im Austauschladen gegen Idols und andere Gegenstände eingetauscht werden. <br> <br> Nicht eingetauschte „Rekrutierungspunkte“ werden am Ende dieser Rekrutierung automatisch in ein „Skillbuch (M)“ umgewandelt. <br> ※Das umgewandelte Skillbuch (M) wird direkt gutgeschrieben, ohne über Geschenke zu laufen. <br> ※Wenn die maximale Anzahl an Skillbüchern (M) erreicht ist, werden sie als Geschenk versendet."
mst.lottery_info.4110001._infoText,Smile-Limitierte! Pick-up-Rekrutierung
mst.lottery_info.4110001._detailText,"„Smile-Limitierung! Spezielles Rekrutierungs-Event“ – hier erscheinen garantiert Idols der Stufe R oder höher. <br> „Einmaliges Rekrutieren“ kann für 300 Loveca durchgeführt werden. <br> „Zehnmaliges Rekrutieren“ kann für 3000 Loveca durchgeführt werden, wobei garantiert mindestens ein Idol der Stufe SR oder höher erscheint. <br> „Kostenpflichtiges einmaliges Rekrutieren“ kann täglich einmal für 150 kostenpflichtige Loveca durchgeführt werden. <br> <br> Wenn ein bereits rekrutiertes Idol erscheint, wird es automatisch in ein „Leuchtstäbchen“ umgewandelt. <br> ※Das umgewandelte Leuchtstäbchen wird direkt hinzugefügt und nicht über das Geschenkmenü. <br> ※Wenn die maximale Anzahl an Leuchtstäbchen erreicht ist, werden sie als Geschenk versendet. <br> ※Die Anzahl der erhaltenen Leuchtstäbchen hängt von der Seltenheit des Idols ab. <br> ・UR: 500 Stück <br> ・SR: 50 Stück <br> ・R: 20 Stück <br> <br> Außerdem erhältst du je nach Anzahl der erschienenen Idols „Rekrutierungspunkte [Attribut-Bonus]“. <br> Die erhaltenen „Rekrutierungspunkte“ können im Austauschladen gegen Idols und andere Gegenstände eingetauscht werden. <br> <br> Nicht eingetauschte „Rekrutierungspunkte“ werden am Ende dieses Rekrutierungs-Events automatisch in ein „Skillbuch (M)“ umgewandelt. <br> ※Das umgewandelte Skillbuch (M) wird direkt hinzugefügt und nicht über das Geschenkmenü. <br> ※Wenn die maximale Anzahl an Skillbüchern (M) erreicht ist, werden sie als Geschenk versendet."
mst.lottery_info.4110002._infoText,Pure-Limitierte! Pick-up-Rekrutierung
mst.lottery_info.4110002._detailText,"„Pure-Limitierte! Spezielles Rekrutierungs-Event“ garantiert die Erscheinung von Idols der Stufe R oder höher. <br> „Einmaliges Rekrutieren“ kann für 300 Loveca durchgeführt werden. <br> „Zehnmaliges Rekrutieren“ kann für 3000 Loveca durchgeführt werden und garantiert, dass mindestens ein Idol der Stufe SR oder höher hinzugefügt wird. <br> „Kostenpflichtiges Einzel-Rekrutieren“ kann täglich einmal für 150 kostenpflichtige Loveca durchgeführt werden. <br> <br> Wenn ein bereits vorhandenes Idol erscheint, wird es automatisch in ein „Leuchtstab“-Item umgewandelt. <br> ※Das umgewandelte Leuchtstab-Item wird direkt hinzugefügt, ohne den Geschenk-Prozess zu durchlaufen. <br> ※Wenn die maximale Anzahl an Leuchtstab-Items erreicht ist, wird es als Geschenk versendet. <br> ※Die Anzahl der erhaltenen Leuchtstab-Items hängt von der Seltenheit des Idols ab. <br> ・UR: 500 Stück <br> ・SR: 50 Stück <br> ・R: 20 Stück <br> <br> Außerdem erhältst du, je nach Anzahl der erschienenen Idols, „Rekrutierungs-Punkte [Attributs-Bonus]“. <br> Die erhaltenen „Rekrutierungs-Punkte“ können im Austauschladen gegen Idols und andere Gegenstände eingetauscht werden. <br> <br> Nicht eingetauschte „Rekrutierungs-Punkte“ werden am Ende dieses Rekrutierungs-Events automatisch in ein „Skillbuch (M)“ umgewandelt. <br> ※Das umgewandelte Skillbuch (M) wird direkt hinzugefügt, ohne den Geschenk-Prozess zu durchlaufen. <br> ※Wenn die maximale Anzahl an Skillbüchern (M) erreicht ist, wird es als Geschenk versendet."
mst.lottery_info.4110003._infoText,Cool-Limitierte Spezialaktion
mst.lottery_info.4110003._detailText,"„Cool-Limitierte! Pick-up-Rekrutierung“ garantiert die Erscheinung von Idols der Stufe R oder höher. <br> „Einmalige Rekrutierung“ kann für 300 Loveca durchgeführt werden. <br> „Zehnmalige Rekrutierung“ kann für 3000 Loveca durchgeführt werden und garantiert, dass mindestens ein Idol der Stufe SR oder höher hinzugefügt wird. <br> „Kostenpflichtige Einzelrekrutierung“ kann täglich einmal für 150 kostenpflichtige Loveca durchgeführt werden. <br> <br> Wenn bereits rekrutierte Idols erscheinen, werden sie automatisch in „Fanlights“ umgewandelt. <br> ※Die umgewandelten Fanlights werden direkt hinzugefügt, ohne über Geschenke zu gehen. <br> ※Wenn die maximale Anzahl an Fanlights erreicht ist, werden sie als Geschenk versendet. <br> ※Die Anzahl der erhaltenen Fanlights hängt von der Seltenheit des Idols ab. <br> ・UR: 500 Stück <br> ・SR: 50 Stück <br> ・R: 20 Stück <br> <br> Außerdem erhältst du je nach Anzahl der erschienenen Idols „Rekrutierungspunkte [Attribut-Pick-up]“. <br> Die erhaltenen „Rekrutierungspunkte“ können im Austauschladen gegen Idols oder andere Gegenstände eingetauscht werden. <br> <br> Nicht eingetauschte „Rekrutierungspunkte“ werden am Ende dieser Rekrutierung automatisch in „Skillbuch (Mittel)“ umgewandelt. <br> ※Die umgewandelten Skillbücher (Mittel) werden direkt hinzugefügt, ohne über Geschenke zu gehen. <br> ※Wenn die maximale Anzahl an Skillbüchern (Mittel) erreicht ist, werden sie als Geschenk versendet."
mst.lottery_info.4110004._infoText,School Festa Series Anniversary 2023 – garantiert ein UR-Mitglied beim Rekrutieren!
mst.lottery_info.4110004._detailText,"„スクフェスシリーズ感謝祭2023記念 UR確定勧誘“ kann mit 3000 kostenpflichtigen Loveca durchgeführt werden, wobei garantiert ein UR-Idol hinzugefügt wird. <br> <br> Wenn bereits vorhandene Idols erscheinen, werden sie automatisch in „Lichtstäbe“ umgewandelt. <br> ※Die umgewandelten Lichtstäbe werden direkt gutgeschrieben, ohne den Geschenk-Prozess zu durchlaufen. <br> ※Wenn die maximale Anzahl an Lichtstäben erreicht ist, werden sie als Geschenk versendet. <br> ※Die Anzahl der erhaltenen Lichtstäbe hängt von der Seltenheit des Idols ab. <br> ・UR: 500 Stück <br> ・SR: 50 Stück <br> ・R: 20 Stück"
mst.lottery_info.4110005._infoText,Love Song Carnival Gedenk-Rekrutierung ~Ayumu-Edition~
mst.lottery_info.4110005._detailText,"„Love Song Carnival Gedenk-Rekrutierung ~Ayumu-Edition~“ beinhaltet, dass mindestens ein Idol der Stufe R oder höher von der Nijigasaki High School School Idol Club erscheint. <br> „1x Rekrutieren“ kann für 300 Loveca durchgeführt werden. <br> „10x Rekrutieren“ kann für 3000 Loveca durchgeführt werden, wobei garantiert mindestens ein Idol der Stufe SR oder höher hinzugefügt wird. <br> „Kostenpflichtige 1x Rekrutierung“ kann täglich einmal für 150 kostenpflichtige Loveca durchgeführt werden. <br> „Kostenpflichtige 10x Rekrutierung“ kann während des Zeitraums einmal für 2000 kostenpflichtige Loveca durchgeführt werden. <br> <br> Wenn ein bereits hinzugefügtes Idol erscheint, wird es automatisch in ein „Leuchtstäbchen“ umgewandelt. <br> ※Das umgewandelte Leuchtstäbchen wird direkt gutgeschrieben, ohne über Geschenke zu laufen. <br> ※Wenn die maximale Anzahl an Leuchtstäbchen erreicht ist, werden sie als Geschenk versendet. <br> ※Die Anzahl der erhaltenen Leuchtstäbchen hängt von der Seltenheit des Idols ab. <br> ・UR: 500 Stück <br> ・SR: 50 Stück <br> ・R: 20 Stück <br> <br> Abhängig von der Anzahl der erscheinenden Idols erhält man „Rekrutierungspunkte [Love Song Carnival Ayumu-Edition]“. <br> Die erhaltenen „Rekrutierungspunkte“ können im Austauschladen gegen Idols oder andere Gegenstände eingetauscht werden. <br> <br> Nicht eingetäuschte „Rekrutierungspunkte“ werden am Ende dieser Rekrutierung automatisch in ein „Skillbuch (M)“ umgewandelt. <br> ※Das umgewandelte Skillbuch (M) wird direkt gutgeschrieben, ohne über Geschenke zu laufen. <br> ※Wenn die maximale Anzahl an Skillbüchern (M) erreicht ist, werden sie als Geschenk versendet."
mst.lottery_info.4110006._infoText,Love Song Carnival Gacha – Kasumi Arc
mst.lottery_info.4110006._detailText,"„Love Song Carnival Gedenk-Rekrutierung ~Kasumi-Arc~“ beinhaltet, dass mindestens ein Idol der Stufe R oder höher aus dem „Nijigasaki High School School Idol Club“ erscheint. <br> „Einmal Rekrutieren“ kann für 300 Loveca durchgeführt werden. <br> „Zehnmal Rekrutieren“ kann für 3000 Loveca durchgeführt werden, wobei garantiert mindestens ein Idol der Stufe SR oder höher hinzugefügt wird. <br> „Kostenpflichtiges Einzel-Rekrutieren“ kann täglich einmal für 150 kostenpflichtige Loveca durchgeführt werden. <br> „Kostenpflichtiges Zehnmal-Rekrutieren“ kann während des Zeitraums einmal für 2000 kostenpflichtige Loveca durchgeführt werden. <br> <br> Wenn ein bereits hinzugefügtes Idol erscheint, wird es automatisch in ein „Leuchtstäbchen“ umgewandelt. <br> ※Das umgewandelte Leuchtstäbchen wird direkt gutgeschrieben, ohne über Geschenke zu laufen. <br> ※Wenn die maximale Anzahl an Leuchtstäbchen erreicht ist, werden sie als Geschenk versendet. <br> ※Die Anzahl der erhaltenen Leuchtstäbchen hängt von der Seltenheit des Idols ab. <br> ・UR: 500 Stück <br> ・SR: 50 Stück <br> ・R: 20 Stück <br> <br> Abhängig von der Anzahl der erscheinenden Idols erhältst du „Rekrutierungspunkte [Love Song Carnival Kasumi-Arc]“. <br> Die erhaltenen „Rekrutierungspunkte“ können im Austauschladen gegen Idols und andere Gegenstände eingetauscht werden. <br> <br> Nicht eingetäuschte „Rekrutierungspunkte“ werden am Ende dieser Rekrutierung automatisch in ein „Skillbuch (M)“ umgewandelt. <br> ※Das umgewandelte Skillbuch (M) wird direkt gutgeschrieben, ohne über Geschenke zu laufen. <br> ※Wenn die maximale Anzahl an Skillbüchern (M) erreicht ist, werden sie als Geschenk versendet."
mst.lottery_info.4110007._infoText,Love Song Carnival Gacha – Shizuku Arc
mst.lottery_info.4110007._detailText,"„Love Song Carnival Gedenk-Rekrutierung ~Shizuku-Edition~“ beinhaltet immer mindestens ein Idol der Stufe R oder höher aus dem Rainbow Stage Academy School Idol Club. <br> „Einmal Rekrutieren“ kann für 300 Loveca durchgeführt werden. <br> „Zehnmal Rekrutieren“ kann für 3000 Loveca durchgeführt werden und garantiert, dass mindestens ein Idol der Stufe SR oder höher hinzugefügt wird. <br> „Kostenpflichtiges Einzel-Rekrutieren“ kann täglich einmal für 150 kostenpflichtige Loveca durchgeführt werden. <br> „Kostenpflichtiges Zehnmal-Rekrutieren“ kann während des Zeitraums einmal für 2000 kostenpflichtige Loveca durchgeführt werden. <br> <br> Wenn ein bereits hinzugefügtes Idol erscheint, wird es automatisch in ein „Leuchtstäbchen“ umgewandelt. <br> ※Das umgewandelte Leuchtstäbchen wird direkt gutgeschrieben, ohne den Geschenk-Prozess zu durchlaufen. <br> ※Wenn die maximale Anzahl an Leuchtstäbchen erreicht ist, werden sie als Geschenk versendet. <br> ※Die Anzahl der erhaltenen Leuchtstäbchen hängt von der Seltenheit des Idols ab. <br> ・UR: 500 Stück <br> ・SR: 50 Stück <br> ・R: 20 Stück <br> <br> Außerdem erhältst du, je nach Anzahl der erschienenen Idols, „Rekrutierungspunkte [Love Song Carnival Shizuku-Edition]“. <br> Die erhaltenen „Rekrutierungspunkte“ können im Austauschladen gegen Idols und andere Gegenstände eingetauscht werden. <br> <br> Nicht eingetäuschte „Rekrutierungspunkte“ werden am Ende dieser Rekrutierung automatisch in ein „Skillbuch (Mittelstufe)“ umgewandelt. <br> ※Das umgewandelte Skillbuch (Mittelstufe) wird direkt gutgeschrieben, ohne den Geschenk-Prozess zu durchlaufen. <br> ※Wenn die maximale Anzahl an Skillbüchern (Mittelstufe) erreicht ist, werden sie als Geschenk versendet."
mst.lottery_info.4110008._infoText,Love Song Carnival Gacha – Karin-hen
mst.lottery_info.4110008._detailText,"„Love Song Carnival Gedenk-Rekrutierung ~Karin-Arc~“ beinhaltet, dass mindestens ein Idol der Stufe R oder höher aus dem Nijigasaki High School School Idol Club erscheint. <br> „1x Rekrutieren“ kann für 300 Loveca durchgeführt werden. <br> „10x Rekrutieren“ kann für 3000 Loveca durchgeführt werden, wobei garantiert mindestens ein Idol der Stufe SR oder höher hinzugefügt wird. <br> „Kostenpflichtige 1x Rekrutierung“ kann täglich einmal für 150 kostenpflichtige Loveca durchgeführt werden. <br> „Kostenpflichtige 10x Rekrutierung“ kann während des Zeitraums einmal für 2000 kostenpflichtige Loveca durchgeführt werden. <br> <br> Wenn ein bereits hinzugefügtes Idol erscheint, wird es automatisch in ein „Leuchtstäbchen“ umgewandelt. <br> ※Das umgewandelte Leuchtstäbchen wird direkt gutgeschrieben, ohne über Geschenke zu laufen. <br> ※Wenn die maximale Anzahl an Leuchtstäbchen erreicht ist, werden sie als Geschenk versendet. <br> ※Die Anzahl der erhaltenen Leuchtstäbchen hängt von der Seltenheit des Idols ab. <br> ・UR: 500 Stück <br> ・SR: 50 Stück <br> ・R: 20 Stück <br> <br> Abhängig von der Anzahl der erscheinenden Idols erhält man „Rekrutierungspunkte [Love Song Carnival Karin-Arc]“. <br> Die erhaltenen „Rekrutierungspunkte“ können im Austauschladen gegen Idols oder andere Gegenstände eingetauscht werden. <br> <br> Nicht eingetäuschte „Rekrutierungspunkte“ werden am Ende dieser Rekrutierung automatisch in ein „Skillbuch (M)“ umgewandelt. <br> ※Das umgewandelte Skillbuch (M) wird direkt gutgeschrieben, ohne über Geschenke zu laufen. <br> ※Wenn die maximale Anzahl an Skillbüchern (M) erreicht ist, werden sie als Geschenk versendet."
mst.lottery_info.4110009._infoText,Love Song Carnival Gacha – Ai-hen
mst.lottery_info.4110009._detailText,"„Love Song Carnival Gedenk-Rekrutierung ~Ai-Kapitel~“ beinhaltet, dass mindestens ein Idol der Stufe R oder höher aus dem Rainbow Stage Academy School Idol Club erscheint. <br> „Einmal Rekrutieren“ kann für 300 Loveca durchgeführt werden. <br> „Zehnmal Rekrutieren“ kann für 3000 Loveca durchgeführt werden, wobei garantiert mindestens ein Idol der Stufe SR oder höher hinzugefügt wird. <br> „Kostenpflichtiges Einzel-Rekrutieren“ kann täglich einmal für 150 kostenpflichtige Loveca durchgeführt werden. <br> „Kostenpflichtiges Zehnmal-Rekrutieren“ kann während des Zeitraums einmal für 2000 kostenpflichtige Loveca durchgeführt werden. <br> <br> Wenn ein bereits hinzugefügtes Idol erscheint, wird es automatisch in ein „Leuchtstäbchen“ umgewandelt. <br> ※Das umgewandelte Leuchtstäbchen wird direkt gutgeschrieben, ohne über Geschenke zu gehen. <br> ※Wenn die maximale Anzahl an Leuchtstäbchen erreicht ist, werden sie als Geschenk versendet. <br> ※Die Anzahl der erhaltenen Leuchtstäbchen hängt von der Seltenheit des Idols ab. <br> ・UR: 500 Stück <br> ・SR: 50 Stück <br> ・R: 20 Stück <br> <br> Außerdem erhältst du je nach Anzahl der erschienenen Idols „Rekrutierungspunkte [Love Song Carnival Ai-Kapitel]“. <br> Die erhaltenen „Rekrutierungspunkte“ können im Austauschladen gegen Idols und andere Gegenstände eingetauscht werden. <br> <br> Nicht eingetäuschte „Rekrutierungspunkte“ werden am Ende dieser Rekrutierung automatisch in ein „Skillbuch (M)“ umgewandelt. <br> ※Das umgewandelte Skillbuch (M) wird direkt gutgeschrieben, ohne über Geschenke zu gehen. <br> ※Wenn die maximale Anzahl an Skillbüchern (M) erreicht ist, werden sie als Geschenk versendet."
mst.lottery_info.4110010._infoText,Love Song Carnival Gacha – Hisoka Arc
mst.lottery_info.4110010._detailText,"„Love Song Carnival Gedenk-Rekrutierung ~Hifane~“ beinhaltet, dass mindestens ein Idol der Stufe R oder höher aus dem Rainbow Stage Academy School Idol Club erscheint. <br> „Einmal Rekrutieren“ kann für 300 Loveca durchgeführt werden. <br> „Zehnmal Rekrutieren“ kann für 3000 Loveca durchgeführt werden, wobei garantiert mindestens ein Idol der Stufe SR oder höher hinzugefügt wird. <br> „Kostenpflichtiges Einzel-Rekrutieren“ kann täglich einmal für 150 kostenpflichtige Loveca durchgeführt werden. <br> „Kostenpflichtiges Zehnmal-Rekrutieren“ kann während des Zeitraums einmal für 2000 kostenpflichtige Loveca durchgeführt werden. <br> <br> Wenn ein bereits hinzugefügtes Idol erscheint, wird es automatisch in ein „Leuchtstäbchen“ umgewandelt. <br> ※Das umgewandelte Leuchtstäbchen wird direkt gutgeschrieben, ohne über Geschenke zu laufen. <br> ※Wenn die maximale Anzahl an Leuchtstäbchen erreicht ist, werden sie als Geschenk versendet. <br> ※Die Anzahl der erhaltenen Leuchtstäbchen hängt von der Seltenheit des Idols ab. <br> ・UR: 500 Stück <br> ・SR: 50 Stück <br> ・R: 20 Stück <br> <br> Außerdem erhältst du, je nach Anzahl der erschienenen Idols, „Rekrutierungspunkte [Love Song Carnival Hifane]“. <br> Die erhaltenen „Rekrutierungspunkte“ können im Austauschladen gegen Idols und andere Gegenstände eingetauscht werden. <br> <br> Nicht eingetäuschte „Rekrutierungspunkte“ werden am Ende dieser Rekrutierung automatisch in ein „Skillbuch (M)“ umgewandelt. <br> ※Das umgewandelte Skillbuch (M) wird direkt gutgeschrieben, ohne über Geschenke zu laufen. <br> ※Wenn die maximale Anzahl an Skillbüchern (M) erreicht ist, werden sie als Geschenk versendet."
mst.lottery_info.4110011._infoText,Love Song Carnival Gedenk-Rekrutierung – Setsuna-Kapitel
mst.lottery_info.4110011._detailText,"„Love Song Carnival Gedenk-Rekrutierung ~Setsuna-Arc~“ beinhaltet, dass mindestens ein Idol der Stufe R oder höher aus dem Nijigasaki High School School Idol Club erscheint. <br> „1x Rekrutieren“ kann für 300 Loveca durchgeführt werden. <br> „10x Rekrutieren“ kann für 3000 Loveca durchgeführt werden, wobei garantiert mindestens ein Idol der Stufe SR oder höher hinzugefügt wird. <br> „Kostenpflichtige 1x Rekrutierung“ kann täglich einmal für 150 kostenpflichtige Loveca durchgeführt werden. <br> „Kostenpflichtige 10x Rekrutierung“ kann während des Zeitraums einmal für 2000 kostenpflichtige Loveca durchgeführt werden. <br> <br> Wenn ein bereits hinzugefügtes Idol erscheint, wird es automatisch in ein „Leuchtstäbchen“ umgewandelt. <br> ※Das umgewandelte Leuchtstäbchen wird direkt gutgeschrieben, ohne über Geschenke zu laufen. <br> ※Wenn die maximale Anzahl an Leuchtstäbchen erreicht ist, werden sie als Geschenk versendet. <br> ※Die Anzahl der erhaltenen Leuchtstäbchen hängt von der Seltenheit des Idols ab. <br> ・UR: 500 Stück <br> ・SR: 50 Stück <br> ・R: 20 Stück <br> <br> Abhängig von der Anzahl der erscheinenden Idols erhält man „Rekrutierungspunkte [Love Song Carnival Setsuna-Arc]“. <br> Die erhaltenen „Rekrutierungspunkte“ können im Austauschladen gegen Idols und andere Gegenstände eingetauscht werden. <br> <br> Nicht eingetäuschte „Rekrutierungspunkte“ werden am Ende dieser Rekrutierung automatisch in ein „Skillbuch (M)“ umgewandelt. <br> ※Das umgewandelte Skillbuch (M) wird direkt gutgeschrieben, ohne über Geschenke zu laufen. <br> ※Wenn die maximale Anzahl an Skillbüchern (M) erreicht ist, werden sie als Geschenk versendet."
mst.lottery_info.4110012._infoText,Love Song Carnival Gedenk-Rekrutierung – Emma-Kapitel
mst.lottery_info.4110012._detailText,"„Love Song Carnival Gedenk-Rekrutierung ~Emma-Arc~“ beinhaltet, dass mindestens ein Idol der Stufe R oder höher aus dem Schul-Idol-Club von Nijigasaki High School erscheint. <br> „Einmal Rekrutieren“ kann für 300 Loveca durchgeführt werden. <br> „Zehnmal Rekrutieren“ kann für 3000 Loveca durchgeführt werden, wobei garantiert mindestens ein Idol der Stufe SR oder höher hinzugefügt wird. <br> „Kostenpflichtiges Einzel-Rekrutieren“ kann täglich einmal für 150 kostenpflichtige Loveca durchgeführt werden. <br> „Kostenpflichtiges Zehnmal-Rekrutieren“ kann während des Zeitraums einmal für 2000 kostenpflichtige Loveca durchgeführt werden. <br> <br> Wenn ein bereits hinzugefügtes Idol erscheint, wird es automatisch in ein „Leuchtstäbchen“ umgewandelt. <br> ※Das umgewandelte Leuchtstäbchen wird direkt gutgeschrieben, ohne über Geschenke zu laufen. <br> ※Wenn die maximale Anzahl an Leuchtstäbchen erreicht ist, werden sie als Geschenk versendet. <br> ※Die Anzahl der erhaltenen Leuchtstäbchen hängt von der Seltenheit des Idols ab. <br> ・UR: 500 Stück <br> ・SR: 50 Stück <br> ・R: 20 Stück <br> <br> Abhängig von der Anzahl der erscheinenden Idols erhältst du „Rekrutierungspunkte [Love Song Carnival Emma-Arc]“. <br> Die erhaltenen „Rekrutierungspunkte“ können im Austausch gegen Idols oder andere Gegenstände eingetauscht werden. <br> <br> Nicht eingetäuschte „Rekrutierungspunkte“ werden automatisch in ein „Skillbuch (Mittelstufe)“ umgewandelt, wenn diese Rekrutierung endet. <br> ※Das umgewandelte Skillbuch (Mittelstufe) wird direkt gutgeschrieben, ohne über Geschenke zu laufen. <br> ※Wenn die maximale Anzahl an Skillbüchern (Mittelstufe) erreicht ist, werden sie als Geschenk versendet."
mst.lottery_info.4110013._infoText,Love Song Carnival Gacha – Rina Arc
mst.lottery_info.4110013._detailText,"„Love Song Carnival Gedenk-Rekrutierung ~Rina-Edition~“ beinhaltet, dass mindestens ein Idol der Stufe R oder höher aus dem „Nijigasaki High School School Idol Club“ erscheint. <br> „Einmal Rekrutieren“ kann für 300 Loveca durchgeführt werden. <br> „Zehnmal Rekrutieren“ kann für 3000 Loveca durchgeführt werden, wobei garantiert mindestens ein Idol der Stufe SR oder höher hinzugefügt wird. <br> „Kostenpflichtiges Einzel-Rekrutieren“ kann täglich einmal für 150 kostenpflichtige Loveca durchgeführt werden. <br> „Kostenpflichtiges Zehnmal-Rekrutieren“ kann während des Zeitraums einmal für 2000 kostenpflichtige Loveca durchgeführt werden. <br> <br> Wenn ein bereits hinzugefügtes Idol erscheint, wird es automatisch in ein „Leuchtstäbchen“ umgewandelt. <br> ※Das umgewandelte Leuchtstäbchen wird direkt gutgeschrieben, ohne über Geschenke zu laufen. <br> ※Wenn die maximale Anzahl an Leuchtstäbchen erreicht ist, werden sie als Geschenk versendet. <br> ※Die Anzahl der erhaltenen Leuchtstäbchen hängt von der Seltenheit des Idols ab. <br> ・UR: 500 Stück <br> ・SR: 50 Stück <br> ・R: 20 Stück <br> <br> Abhängig von der Anzahl der erscheinenden Idols erhältst du „Rekrutierungspunkte [Love Song Carnival Rina-Edition]“. <br> Die erhaltenen „Rekrutierungspunkte“ können im Austauschladen gegen Idols und andere Gegenstände eingetauscht werden. <br> <br> Nicht eingetauschte „Rekrutierungspunkte“ werden am Ende dieser Rekrutierung automatisch in ein „Skillbuch (M)“ umgewandelt. <br> ※Das umgewandelte Skillbuch (M) wird direkt gutgeschrieben, ohne über Geschenke zu laufen. <br> ※Wenn die maximale Anzahl an Skillbüchern (M) erreicht ist, werden sie als Geschenk versendet."
mst.lottery_info.4110014._infoText,Love Song Carnival Gacha – Shizuku Arc
mst.lottery_info.4110014._detailText,"„Love Song Carnival Gedenk-Rekrutierung ~Shizuku-Arc~“ beinhaltet, dass mindestens ein Idol der Stufe R oder höher aus dem Nijigasaki High School School Idol Club erscheint. <br> „Einmal Rekrutieren“ kann für 300 Loveca durchgeführt werden. <br> „Zehnmal Rekrutieren“ kann für 3000 Loveca durchgeführt werden, wobei garantiert mindestens ein Idol der Stufe SR oder höher hinzugefügt wird. <br> „Kostenpflichtiges Einzel-Rekrutieren“ kann täglich einmal für 150 kostenpflichtige Loveca durchgeführt werden. <br> „Kostenpflichtiges Zehnmal-Rekrutieren“ kann während des Zeitraums einmal für 2000 kostenpflichtige Loveca durchgeführt werden. <br> <br> Wenn ein bereits hinzugefügtes Idol erscheint, wird es automatisch in ein „Leuchtstäbchen“ umgewandelt. <br> ※Das umgewandelte Leuchtstäbchen wird direkt gutgeschrieben, ohne über Geschenke zu laufen. <br> ※Wenn die maximale Anzahl an Leuchtstäbchen erreicht ist, werden sie als Geschenk versendet. <br> ※Die Anzahl der erhaltenen Leuchtstäbchen hängt von der Seltenheit des Idols ab. <br> ・UR: 500 Stück <br> ・SR: 50 Stück <br> ・R: 20 Stück <br> <br> Abhängig von der Anzahl der erscheinenden Idols erhältst du „Rekrutierungspunkte [Love Song Carnival Shizuku-Arc]“. <br> Die erhaltenen „Rekrutierungspunkte“ können im Austauschladen gegen Idols und andere Gegenstände eingetauscht werden. <br> <br> Nicht eingetauschte „Rekrutierungspunkte“ werden am Ende dieser Rekrutierung automatisch in ein „Skillbuch (M)“ umgewandelt. <br> ※Das umgewandelte Skillbuch (M) wird direkt gutgeschrieben, ohne über Geschenke zu laufen. <br> ※Wenn die maximale Anzahl an Skillbüchern (M) erreicht ist, werden sie als Geschenk versendet."
mst.lottery_info.4110015._infoText,Love Song Carnival Gacha – Mia Arc
mst.lottery_info.4110015._detailText,"„Love Song Carnival Gedenk-Rekrutierung – Mia-Edition“ beinhaltet, dass mindestens ein Idol der Stufe R oder höher aus dem Nijigasaki High School School Idol Club erscheint. <br> „Einmal Rekrutieren“ kann für 300 Loveca durchgeführt werden. <br> „Zehnmal Rekrutieren“ kann für 3000 Loveca durchgeführt werden, wobei garantiert mindestens ein Idol der Stufe SR oder höher hinzugefügt wird. <br> „Kostenpflichtiges Einzel-Rekrutieren“ kann täglich einmal für 150 kostenpflichtige Loveca durchgeführt werden. <br> „Kostenpflichtiges Zehnmal-Rekrutieren“ kann während des Zeitraums einmal für 2000 kostenpflichtige Loveca durchgeführt werden. <br> <br> Wenn ein bereits hinzugefügtes Idol erscheint, wird es automatisch in ein „Leuchtstäbchen“ umgewandelt. <br> ※Das umgewandelte Leuchtstäbchen wird direkt gutgeschrieben, ohne den Geschenk-Prozess zu durchlaufen. <br> ※Wenn die maximale Anzahl an Leuchtstäbchen erreicht ist, werden sie als Geschenk versendet. <br> ※Die Anzahl der erhaltenen Leuchtstäbchen hängt von der Seltenheit des Idols ab. <br> ・UR: 500 Stück <br> ・SR: 50 Stück <br> ・R: 20 Stück <br> <br> Außerdem erhältst du je nach Anzahl der erschienenen Idols „Rekrutierungspunkte [Love Song Carnival, Mia-Edition]“. <br> Die erhaltenen „Rekrutierungspunkte“ können im Austauschladen gegen Idols und andere Gegenstände eingetauscht werden. <br> <br> Nicht eingelöste „Rekrutierungspunkte“ werden am Ende dieser Rekrutierung automatisch in ein „Skillbuch (M)“ umgewandelt. <br> ※Das umgewandelte Skillbuch (M) wird direkt gutgeschrieben, ohne den Geschenk-Prozess zu durchlaufen. <br> ※Wenn die maximale Anzahl an Skillbüchern (M) erreicht ist, werden sie als Geschenk versendet."
mst.lottery_info.4110016._infoText,Love Song Carnival Gacha – Arashiuna Edition
mst.lottery_info.4110016._detailText,"„Love Song Carnival Gedenk-Rekrutierung ~Arashi Tama Edition~“ beinhaltet immer mindestens ein Idol der Stufe R oder höher aus dem Nijigasaki High School School Idol Club. <br> „1x Rekrutieren“ kann für 300 Loveca durchgeführt werden. <br> „10x Rekrutieren“ kann für 3000 Loveca durchgeführt werden und garantiert mindestens ein Idol der Stufe SR oder höher. <br> „Kostenpflichtige 1x Rekrutierung“ kann täglich einmal für 150 kostenpflichtige Loveca durchgeführt werden. <br> „Kostenpflichtige 10x Rekrutierung“ kann einmal während des Zeitraums für 2000 kostenpflichtige Loveca durchgeführt werden. <br> <br> Wenn ein bereits rekrutiertes Idol erscheint, wird es automatisch in eine „Leuchtstab“-Belohnung umgewandelt. <br> ※Die umgewandelten Leuchtstäbe werden direkt hinzugefügt und nicht über Geschenke verteilt. <br> ※Wenn die maximale Anzahl an Leuchtstäben erreicht ist, werden sie als Geschenk verteilt. <br> ※Die Anzahl der erhaltenen Leuchtstäbe hängt von der Seltenheit des Idols ab. <br> ・UR: 500 Stück <br> ・SR: 50 Stück <br> ・R: 20 Stück <br> <br> Außerdem erhältst du je nach Anzahl der erschienenen Idols „Rekrutierungspunkte [Love Song Carnival Arashi Tama Edition]“. <br> Die erhaltenen „Rekrutierungspunkte“ können im Austauschladen gegen Idols und andere Gegenstände eingetauscht werden. <br> <br> Nicht eingetäuschte „Rekrutierungspunkte“ werden am Ende dieser Rekrutierung automatisch in ein „Skillbuch (M)“ umgewandelt. <br> ※Die umgewandelten Skillbücher (M) werden direkt hinzugefügt und nicht über Geschenke verteilt. <br> ※Wenn die maximale Anzahl an Skillbüchern (M) erreicht ist, werden sie als Geschenk verteilt."
mst.lottery_info.4110017._infoText,Bis zu 100 Mal kostenlos! Half Anniversary-Aktion
mst.lottery_info.4110017._detailText,"„Maximal 100-fache kostenlose Ziehung! Half Anniversary Gedenk-Rekrutierung“ kann einmal täglich durchgeführt werden, maximal 10 Mal während des Zeitraums. <br>Außerdem werden R- oder höhere Idols hinzugefügt. <br><br>„10-fache Ziehung“ kann kostenlos durchgeführt werden und garantiert die Hinzufügung von mindestens einem SR- oder höheren Idol. <br><br>Wenn ein bereits vorhandenes Idol erscheint, wird es automatisch in „Fanlicht“ umgewandelt. <br>※Das umgewandelte Fanlicht wird direkt hinzugefügt, ohne den Geschenk-Prozess. <br>※Wenn die maximale Anzahl an Fanlichtern erreicht ist, werden sie als Geschenk versendet. <br>※Die Anzahl der erhaltenen Fanlichter hängt von der Seltenheit des Idols ab. <br>・UR: 500 Stück <br>・SR: 50 Stück <br>・R: 20 Stück <br><br>Außerdem erhältst du je nach Anzahl der erschienenen Idols „Rekrutierungspunkte [Half Anniversary]“. <br>Die erhaltenen „Rekrutierungspunkte“ können im Austauschladen gegen Idols und andere Gegenstände eingetauscht werden. <br><br>Nicht eingetäuschte „Rekrutierungspunkte“ werden am Ende dieser Rekrutierung automatisch in „Skillbuch (Mittel)“ umgewandelt. <br>※Das umgewandelte Skillbuch (Mittel) wird direkt hinzugefügt, ohne den Geschenk-Prozess. <br>※Wenn die maximale Anzahl an Skillbüchern (Mittel) erreicht ist, werden sie als Geschenk versendet."
mst.lottery_info.4110019._infoText,UR-garantiertes Half Anniversary-Event – μ's-Edition
mst.lottery_info.4110019._detailText,"Die „UR-garantierte Half-Anniversary-Rekrutieren ~μ's~“ ist für 3000 kostenpflichtige Loveca durchführbar und garantiert die Rekrutierung eines μ's UR-Idols. <br><br> Falls bereits rekrutierte Idole erscheinen, werden sie automatisch in „Leuchtstäbe“ umgewandelt. <br>※ Umgewandelte Leuchtstäbe werden direkt gutgeschrieben, ohne den Geschenkeladen zu durchlaufen. <br>※ Erreicht man das Leuchtstab-Limit, werden sie als Geschenk gesendet. <br>※ Die erhaltene Menge an Leuchtstäben variiert je nach Seltenheit des Idols: <br>・UR：500 Stück <br>・SR：50 Stück <br>・R ：20 Stück <br> <br> Zudem erhält man je nach Anzahl der erschienenen Idole „Rekrutieren-Punkte [Half Anniversary]“. <br> Die erhaltenen „Rekrutieren-Punkte“ können im Tauschladen gegen Idole, Items usw. eingetauscht werden. <br> <br> Nicht umgetauschte „Rekrutieren-Punkte“ werden automatisch in „Skillbücher (M)“ umgewandelt, wenn die Rekrutieren endet. <br>※ Umgewandelte Skillbücher (M) werden direkt gutgeschrieben, ohne den Geschenkeladen zu durchlaufen. <br>※ Erreicht man das Limit für Skillbücher (M), werden sie als Geschenk gesendet."
mst.lottery_info.4110020._infoText,UR-garantiertes Half Anniversary-Rekrutierungs-Event – Aqours-Edition
mst.lottery_info.4110020._detailText,"„UR-garantiertes Half Anniversary Rekrutierungs-Event – Aqours-Edition“ kann mit 3000 kostenpflichtigen Loveca durchgeführt werden, wobei garantiert ein UR-Idol von Aqours hinzugefügt wird. <br><br>Wenn bereits ein Idol vorhanden ist, wird es automatisch in „Leuchtstab“ umgewandelt. <br>※Die umgewandelten Leuchtstäbe werden direkt gutgeschrieben, ohne den Geschenk-Prozess. <br>※Wenn die maximale Anzahl an Leuchtstäben erreicht ist, werden sie als Geschenk versendet. <br>※Die Anzahl der erhaltenen Leuchtstäbe hängt von der Seltenheit des Idols ab. <br>・UR: 500 Stück <br>・SR: 50 Stück <br>・R: 20 Stück <br><br>Außerdem erhältst du, je nachdem wie viele verschiedene Idols erscheinen, „Rekrutierungspunkte [Half Anniversary]“. <br>Die erhaltenen „Rekrutierungspunkte“ können im Austauschladen gegen Idols und andere Gegenstände eingetauscht werden. <br><br>Nicht eingetäuschte „Rekrutierungspunkte“ werden am Ende dieses Rekrutierungs-Events automatisch in „Skillbuch (M)“ umgewandelt. <br>※Die umgewandelten Skillbücher (M) werden direkt gutgeschrieben, ohne den Geschenk-Prozess. <br>※Wenn die maximale Anzahl an Skillbüchern (M) erreicht ist, werden sie als Geschenk versendet."
mst.lottery_info.4110021._infoText,"UR-Garantie, Jubiläums-Rekrutierung – Nijigasaki-Edition"
mst.lottery_info.4110021._detailText,"„UR-garantiertes Half Anniversary-Rekrutierungs-Event – Nijigasaki-Edition“ kann mit 3000 kostenpflichtigen Loveca durchgeführt werden, wobei garantiert ein UR-Idol aus der Idolgruppe der Nijigasaki High School hinzugefügt wird. <br><br>Wenn bereits ein Idol vorhanden ist, wird es automatisch in „Leuchtstab“ umgewandelt. <br>※Die umgewandelten Leuchtstäbe werden direkt gutgeschrieben, ohne den Geschenk-Prozess. <br>※Wenn die maximale Anzahl an Leuchtstäben erreicht ist, werden sie als Geschenk versendet. <br>※Die Anzahl der erhaltenen Leuchtstäbe hängt von der Seltenheit des Idols ab. <br>・UR: 500 Stück <br>・SR: 50 Stück <br>・R: 20 Stück <br><br>Außerdem erhält man je nach Anzahl der erschienenen Idols „Rekrutierungspunkte [Half Anniversary]“. <br>Die erhaltenen „Rekrutierungspunkte“ können im Austauschladen gegen Idols oder andere Gegenstände eingetauscht werden. <br><br>Nicht eingetäuschte „Rekrutierungspunkte“ werden am Ende dieses Rekrutierungs-Events automatisch in „Skillbuch (M)“ umgewandelt. <br>※Die umgewandelten Skillbücher (M) werden direkt gutgeschrieben, ohne den Geschenk-Prozess. <br>※Wenn die maximale Anzahl an Skillbüchern (M) erreicht ist, werden sie als Geschenk versendet."
mst.lottery_info.4110022._infoText,"UR-Garantie, Jubiläums-Rekrutierung – Liella!-Edition"
mst.lottery_info.4110022._detailText,"„UR-garantiertes Half Anniversary-Event – Liella!-Edition“ kann mit 3000 kostenpflichtigen Loveca durchgeführt werden, wobei garantiert ein UR-Idol aus Liella! hinzugefügt wird. <br><br>Wenn bereits vorhandene Idols erscheinen, werden diese automatisch in „Leuchtstäbe“ umgewandelt. <br>※Die umgewandelten Leuchtstäbe werden direkt gutgeschrieben, ohne über das Geschenkmenü zu laufen. <br>※Wenn die maximale Anzahl an Leuchtstäben erreicht ist, werden sie als Geschenk versendet. <br>※Die Anzahl der erhaltenen Leuchtstäbe hängt von der Seltenheit des Idols ab. <br>・UR: 500 Stück <br>・SR: 50 Stück <br>・R: 20 Stück <br><br>Außerdem erhältst du je nach Anzahl der erschienenen Idols „Rekrutierungspunkte [Half Anniversary]“. <br>Die erhaltenen „Rekrutierungspunkte“ können im Austauschladen gegen Idols und andere Gegenstände eingetauscht werden. <br><br>Nicht eingetäuschte „Rekrutierungspunkte“ werden am Ende des Events automatisch in „Skillbuch (M)“ umgewandelt. <br>※Die umgewandelten Skillbücher (M) werden direkt gutgeschrieben, ohne über das Geschenkmenü zu laufen. <br>※Wenn die maximale Anzahl an Skillbüchern (M) erreicht ist, werden sie als Geschenk versendet."
mst.lottery_info.4110023._infoText,Meine Liebeslieder-Edition – Eröffnungs-Rekrutierung
mst.lottery_info.4110023._detailText,"„Meine Liebeslied-Edition – Eröffnungs-Rekrutierung“ garantiert, dass mindestens ein Idol der Stufe R oder höher von der Rainbow High School School Idol Club erscheint. <br> „Einzelne Rekrutierung“ kann für 300 Loveca durchgeführt werden. <br> „10er-Rekrutierung“ kann für 3000 Loveca durchgeführt werden und garantiert, dass mindestens ein Idol der Stufe SR oder höher hinzugefügt wird. <br> „Kostenpflichtige Einzelrekrutierung“ kann täglich einmal für 150 kostenpflichtige Loveca durchgeführt werden. <br> <br> Wenn bereits vorhandene Idols erscheinen, werden sie automatisch in „Lichtstäbe“ umgewandelt. <br> ※Die umgewandelten Lichtstäbe werden direkt hinzugefügt, ohne über Geschenke zu gehen. <br> ※Wenn die maximale Anzahl an Lichtstäben erreicht ist, werden sie als Geschenk versendet. <br> ※Die Anzahl der erhaltenen Lichtstäbe hängt von der Seltenheit des Idols ab. <br> ・UR: 500 Stück <br> ・SR: 50 Stück <br> ・R: 20 Stück <br> <br> Außerdem erhältst du je nach Anzahl der erschienenen Idols „Rekrutierungspunkte [Meine Liebeslied-Edition]“. <br> Die erhaltenen „Rekrutierungspunkte“ können im Austauschladen gegen Idols und andere Gegenstände eingetauscht werden. <br> <br> Nicht eingelöste „Rekrutierungspunkte“ werden am Ende dieser Rekrutierung automatisch in „Skillbuch (M)“ umgewandelt. <br> ※Die umgewandelten Skillbücher (M) werden direkt hinzugefügt, ohne über Geschenke zu gehen. <br> ※Wenn die maximale Anzahl an Skillbüchern (M) erreicht ist, werden sie als Geschenk versendet."
mst.lottery_info.4110024._infoText,μ's-exklusives Pick-up-Event
mst.lottery_info.4110024._detailText,"„μ's Limited! Special Rekrutierung“ beinhaltet immer mindestens ein Idol der Stufe R oder höher aus μ's. <br> „Einmaliges Rekrutieren“ kann für 300 Loveca durchgeführt werden. <br> „Zehnmaliges Rekrutieren“ kann für 3000 Loveca durchgeführt werden und garantiert, dass mindestens ein Idol der Stufe SR oder höher hinzugefügt wird. <br> „Kostenpflichtiges einmaliges Rekrutieren“ kann täglich einmal für 150 kostenpflichtige Loveca durchgeführt werden. <br> <br> Wenn ein bereits vorhandenes Idol erscheint, wird es automatisch in ein „Leuchtstab“ umgewandelt. <br> ※Die umgewandelten Leuchtstäbe werden direkt hinzugefügt und nicht über Geschenke verteilt. <br> ※Wenn die maximale Anzahl an Leuchtstäben erreicht ist, werden sie als Geschenk versendet. <br> ※Die Anzahl der erhaltenen Leuchtstäbe hängt von der Seltenheit des Idols ab. <br> ・UR: 500 Stück <br> ・SR: 50 Stück <br> ・R: 20 Stück <br> <br> Außerdem erhältst du je nach Anzahl der erschienenen Idols „Rekrutierungspunkte [μ's Special]“. <br> Die erhaltenen „Rekrutierungspunkte“ können im Austauschladen gegen Idols und andere Gegenstände eingetauscht werden. <br> <br> Nicht eingelöste „Rekrutierungspunkte“ werden am Ende dieser Rekrutierungsaktion automatisch in ein „Skillbuch (Mittelstufe)“ umgewandelt. <br> ※Die umgewandelten Skillbücher (Mittelstufe) werden direkt hinzugefügt und nicht über Geschenke verteilt. <br> ※Wenn die maximale Anzahl an Skillbüchern (Mittelstufe) erreicht ist, werden sie als Geschenk versendet."
mst.lottery_info.4110025._infoText,Aqours-exklusives Pick-up-Event
mst.lottery_info.4110025._detailText,"„Aqours-exklusives Pick-up-Event“: Hier erscheinen garantiert R- oder höhere Idols aus der Gruppe Aqours. <br> „Einmaliges Rekrutieren“ kann für 300 Loveca durchgeführt werden. <br> „Zehnmaliges Rekrutieren“ kann für 3000 Loveca durchgeführt werden und garantiert, dass mindestens ein SR- oder höheres Idol hinzugefügt wird. <br> „Kostenpflichtiges Einzel-Rekrutieren“ kann täglich einmal für 150 kostenpflichtige Loveca durchgeführt werden. <br> <br> Wenn bereits rekrutierte Idols erscheinen, werden diese automatisch in „Leuchtstäbe“ umgewandelt. <br> ※Die umgewandelten Leuchtstäbe werden direkt hinzugefügt und nicht über das Geschenk-System verteilt. <br> ※Wenn die maximale Anzahl an Leuchtstäben erreicht ist, werden sie als Geschenk verteilt. <br> ※Die Anzahl der erhaltenen Leuchtstäbe hängt von der Seltenheit des Idols ab. <br> ・UR: 500 Stück <br> ・SR: 50 Stück <br> ・R: 20 Stück <br> <br> Außerdem erhältst du je nach Anzahl der erschienenen Idols „Rekrutierungs-Punkte [Aqours Pick-up]“. <br> Die erhaltenen „Rekrutierungs-Punkte“ können im Austauschladen gegen Idols und andere Gegenstände eingetauscht werden. <br> <br> Nicht eingetauschte „Rekrutierungs-Punkte“ werden am Ende dieses Events automatisch in „Skillbuch (Mittelstufe)“ umgewandelt. <br> ※Die umgewandelten Skillbücher (Mittelstufe) werden direkt hinzugefügt und nicht über das Geschenk-System verteilt. <br> ※Wenn die maximale Anzahl an Skillbüchern (Mittelstufe) erreicht ist, werden sie als Geschenk verteilt."
mst.lottery_info.4110026._infoText,UR-garantiertes Half Anniversary Gedenk-Event – Nachfeier
mst.lottery_info.4110026._detailText,"„UR-garantiertes Half Anniversary Gedenk-Rekrutierungs-Event ~After Party~“ kann mit 3000 kostenpflichtigen Loveca durchgeführt werden, wobei garantiert ein UR-Idol hinzugefügt wird. <br><br>Wenn bereits vorhandene Idols erscheinen, werden sie automatisch in „Lichtstäbe“ umgewandelt. <br>※Die umgewandelten Lichtstäbe werden direkt gutgeschrieben, ohne den Geschenk-Prozess. <br>※Wenn die maximale Anzahl an Lichtstäben erreicht ist, werden sie als Geschenk versendet. <br>※Die Anzahl der erhaltenen Lichtstäbe hängt von der Seltenheit des Idols ab. <br>・UR: 500 Stück <br>・SR: 50 Stück <br>・R: 20 Stück <br><br>Außerdem erhältst du, je nach Anzahl der erschienenen Idols, „Rekrutierungspunkte [ひだまりのマーチングバンド]“. <br>Die erhaltenen „Rekrutierungspunkte“ können im Austauschladen gegen Idols und andere Gegenstände eingetauscht werden. <br><br>Nicht eingetäuschte „Rekrutierungspunkte“ werden am Ende dieses Rekrutierungs-Events automatisch in „Skillbuch (M)“ umgewandelt. <br>※Die umgewandelten Skillbücher (M) werden direkt gutgeschrieben, ohne den Geschenk-Prozess. <br>※Wenn die maximale Anzahl an Skillbüchern (M) erreicht ist, werden sie als Geschenk versendet."
mst.lottery_info.4110027._infoText,„Fantastische Tage von Yohane – Feier zum Event“
mst.lottery_info.4110027._detailText,"„Phantom of the Yohane -The Story of the Sound of Heart- Gedenk-Rekrutierung“ garantiert, dass mindestens ein Idol der Stufe R oder höher erscheint. <br> „Einzelne Rekrutierung“ kann für 300 Loveca durchgeführt werden. <br> „10er-Rekrutierung“ kann für 3000 Loveca durchgeführt werden und garantiert, dass mindestens ein Idol der Stufe SR oder höher hinzugefügt wird. <br> „Kostenpflichtige Einzelrekrutierung“ kann täglich einmal für 150 kostenpflichtige Loveca durchgeführt werden. <br> <br> Wenn bereits vorhandene Idols erscheinen, werden diese automatisch in „Lichtstäbe“ umgewandelt. <br> ※Die umgewandelten Lichtstäbe werden direkt hinzugefügt, ohne über das Geschenkmenü zu gehen. <br> ※Wenn die maximale Anzahl an Lichtstäben erreicht ist, werden sie als Geschenk versendet. <br> ※Die Anzahl der erhaltenen Lichtstäbe hängt von der Seltenheit des Idols ab. <br> ・UR: 500 Stück <br> ・SR: 50 Stück <br> ・R: 20 Stück <br> <br> Außerdem erhältst du je nach Anzahl der erschienenen Idols „Rekrutierungspunkte [Phantom of the Yohane]“. <br> Die erhaltenen „Rekrutierungspunkte“ können im Austauschladen gegen Idols und andere Gegenstände eingetauscht werden. <br> <br> Nicht eingelöste „Rekrutierungspunkte“ werden am Ende dieser Rekrutierung automatisch in „Skillbuch (M)“ umgewandelt. <br> ※Die umgewandelten Skillbücher (M) werden direkt hinzugefügt, ohne über das Geschenkmenü zu gehen. <br> ※Wenn die maximale Anzahl an Skillbüchern (M) erreicht ist, werden sie als Geschenk versendet."
mst.lottery_info.4110028._infoText,1. Jahrgang – limitiertes Pick-up-Event
mst.lottery_info.4110028._detailText,"„1. Jahrgang – limitiertes Pick-up-Event“ garantiert das Erscheinen von Idols der Stufe R oder höher. <br> „Einmaliges Rekrutieren“ kann für 300 Loveca durchgeführt werden. <br> „Zehnmaliges Rekrutieren“ kann für 3000 Loveca durchgeführt werden und garantiert, dass mindestens ein Idol der Stufe SR oder höher hinzugefügt wird. <br> „Kostenpflichtiges einmaliges Rekrutieren“ kann täglich einmal für 150 kostenpflichtige Loveca durchgeführt werden. <br> <br> Wenn bereits vorhandene Idols erscheinen, werden sie automatisch in „Leuchtstäbe“ umgewandelt. <br> ※Die umgewandelten Leuchtstäbe werden direkt hinzugefügt, ohne über Geschenke zu gehen. <br> ※Wenn die maximale Anzahl an Leuchtstäben erreicht ist, werden sie als Geschenk versendet. <br> ※Die Anzahl der erhaltenen Leuchtstäbe hängt von der Seltenheit des Idols ab. <br> ・UR: 500 Stück <br> ・SR: 50 Stück <br> ・R: 20 Stück <br> <br> Abhängig von der Anzahl der erschienenen Idols erhältst du „Rekrutierungspunkte [1. Jahrgang Pick-up]“. <br> Die erhaltenen „Rekrutierungspunkte“ können im Austauschladen gegen Idols und andere Gegenstände eingetauscht werden. <br> <br> Nicht eingetauschte „Rekrutierungspunkte“ werden am Ende dieses Events automatisch in „Skillbuch (M)“ umgewandelt. <br> ※Die umgewandelten Skillbücher (M) werden direkt hinzugefügt, ohne über Geschenke zu gehen. <br> ※Wenn die maximale Anzahl an Skillbüchern (M) erreicht ist, werden sie als Geschenk versendet."
mst.lottery_info.4110029._infoText,2. Jahrgang – limitiertes Pick-up-Event
mst.lottery_info.4110029._detailText,"„2. Jahrgang – limitiertes Pick-up-Rekrutieren“: Es erscheinen immer Idols der Stufe R oder höher. <br> „1x Rekrutieren“ kann für 300 Loveca durchgeführt werden. <br> „10x Rekrutieren“ kann für 3000 Loveca durchgeführt werden, wobei garantiert mindestens ein Idol der Stufe SR oder höher erscheint. <br> „1x kostenpflichtiges Rekrutieren“ kann täglich einmal für 150 kostenpflichtige Loveca durchgeführt werden. <br> <br> Wenn ein bereits rekrutiertes Idol erscheint, wird es automatisch in ein „Leuchtstab“-Item umgewandelt. <br> ※Das umgewandelte Leuchtstab-Item wird direkt hinzugefügt, ohne den Geschenk-Prozess zu durchlaufen. <br> ※Wenn die maximale Anzahl an Leuchtstab-Items erreicht ist, wird es als Geschenk versendet. <br> ※Die Anzahl der erhaltenen Leuchtstab-Items hängt von der Seltenheit des Idols ab. <br> ・UR: 500 Stück <br> ・SR: 50 Stück <br> ・R: 20 Stück <br> <br> Außerdem erhält man je nach Anzahl der erschienenen Idols „Rekrutierungspunkte [Pick-up für den 2. Jahrgang]“. <br> Die erhaltenen „Rekrutierungspunkte“ können im Austauschladen gegen Idols oder andere Items eingetauscht werden. <br> <br> Nicht eingetäuschte „Rekrutierungspunkte“ werden am Ende dieser Rekrutierungsaktion automatisch in ein „Skillbuch (M)“ umgewandelt. <br> ※Das umgewandelte Skillbuch (M) wird direkt hinzugefügt, ohne den Geschenk-Prozess zu durchlaufen. <br> ※Wenn die maximale Anzahl an Skillbüchern (M) erreicht ist, wird es als Geschenk versendet."
mst.lottery_info.4110030._infoText,3. Jahrgang – limitiertes Pick-up-Event
mst.lottery_info.4110030._detailText,"„3. Jahrgang – limitiertes Pick-up-Rekrutieren“: Hier erscheinen garantiert Idols mit R oder höher. <br> „Einmaliges Rekrutieren“ kann für 300 Loveca durchgeführt werden. <br> „Zehnmaliges Rekrutieren“ kann für 3000 Loveca durchgeführt werden, wobei garantiert mindestens ein Idol mit SR oder höher erscheint. <br> „Kostenpflichtiges einmaliges Rekrutieren“ kann täglich einmal für 150 kostenpflichtige Loveca durchgeführt werden. <br> <br> Wenn ein bereits rekrutiertes Idol erscheint, wird es automatisch in eine „Leuchtstab“-Artikel umgewandelt. <br> ※Die umgewandelten Leuchtstäbe werden direkt hinzugefügt und nicht über das Geschenkmenü verteilt. <br> ※Wenn die maximale Anzahl an Leuchtstäben erreicht ist, werden sie als Geschenk versendet. <br> ※Die Anzahl der erhaltenen Leuchtstäbe hängt von der Seltenheit des Idols ab. <br> ・UR: 500 Stück <br> ・SR: 50 Stück <br> ・R: 20 Stück <br> <br> Außerdem erhältst du je nach Anzahl der erschienenen Idols „Rekrutierungspunkte [3. Jahrgang Pick-up]“. <br> Die erhaltenen „Rekrutierungspunkte“ können im Austauschladen gegen Idols und andere Gegenstände eingetauscht werden. <br> <br> Nicht eingetauschte „Rekrutierungspunkte“ werden am Ende dieser Rekrutierungsaktion automatisch in ein „Fähigkeitsbuch (M)“ umgewandelt. <br> ※Die umgewandelten Fähigkeitsbücher (M) werden direkt hinzugefügt und nicht über das Geschenkmenü verteilt. <br> ※Wenn die maximale Anzahl an Fähigkeitsbüchern (M) erreicht ist, werden sie als Geschenk versendet."
mst.lottery_info.4110031._infoText,異次元フェス アイドルマスター ラブライブ！歌合戦 開催記念 Live ～Aqours編～
mst.lottery_info.4110031._detailText,„異次元フェス アイドルマスター ラブライブ！歌合戦 開催記念勧誘～Aqours編～“では、Aqours所属のR以上のIdolが必ず登場します。<br>「10回勧誘」は、Loveca 3000個で実施でき、SR以上のIdolが1人以上必ず加入します。<br><br>すでに加入しているIdolが登場した場合、自動的に「ペンライト」に変換されます。<br>※変換されたペンライトは、プレゼントを経由せず直接加算されます。<br>※ペンライトの所持上限に達している場合は、プレゼントに贈られます。<br>※ペンライトの獲得量は、Idolのレアリティに応じて異なります。<br>・UR：500個<br>・SR：50個<br>・R ：20個
mst.lottery_info.4110032._infoText,異次元フェス アイドルマスター ラブライブ！歌合戦 開催記念 Rekrutieren ～虹ヶ咲学園編～
mst.lottery_info.4110032._detailText,"„Bei „異次元フェス アイドルマスター ラブライブ！歌合戦 開催記念勧誘～ニジガク編～“ sind immer mindestens R-Idols von der Gruppe Nijigasaki Gakuen School Idol Club dabei. <br> „10x Rekrutieren“ kann für 3.000 Loveca durchgeführt werden und garantiert, dass mindestens ein SR- oder höheres Idol hinzugefügt wird. <br> <br> Wenn bereits vorhandene Idols erscheinen, werden sie automatisch in „Lichtstäbe“ umgewandelt. <br> ※Die umgewandelten Lichtstäbe werden direkt gutgeschrieben, ohne den Geschenkprozess zu durchlaufen. <br> ※Wenn die maximale Anzahl an Lichtstäben erreicht ist, werden diese als Geschenk versendet. <br> ※Die Anzahl der erhaltenen Lichtstäbe hängt von der Seltenheit des Idols ab. <br> ・UR: 500 Stück <br> ・SR: 50 Stück <br> ・R: 20 Stück"
mst.lottery_info.4110033._infoText,異次元フェス アイドルマスター ラブライブ！歌合戦 開催記念 Rekrutieren ～Liella!編～
mst.lottery_info.4110033._detailText,„異次元フェス アイドルマスター ラブライブ！歌合戦 開催記念勧誘～Liella!編～“では、Liella! 所属の R 以上の Idol が必ず登場します。<br> „10回勧誘“ は、Loveca 3000 個で実施でき、SR 以上の Idol が 1 人以上必ず加入します。<br> <br> すでに加入している Idol が登場した場合、自動的に「ペンライト」に変換されます。<br> ※変換されたペンライトは、プレゼントを経由せず直接加算されます。<br> ※ペンライトの所持上限に達している場合は、プレゼントに贈られます。<br> ※ペンライトの獲得量は、Idol のレアリティに応じて異なります。<br> ・UR：500 個 <br> ・SR：50 個 <br> ・R ：20 個
mst.lottery_info.4110034._infoText,Maximal 240-faches kostenloses Neujahrs-Event!
mst.lottery_info.4110034._detailText,"„Bei „Maximal 240 kostenlose Versuche! Neujahrs-Sonderaktion“ können Sie bis zu 3 Mal pro Tag und insgesamt maximal 24 Mal während des Aktionszeitraums teilnehmen. <br> Außerdem werden R- oder höhere Idols hinzugefügt. <br><br> Bei „10 Versuchen“ erhalten Sie kostenlos die Möglichkeit, teilzunehmen, wobei garantiert mindestens ein SR- oder höheres Idol erscheint. <br><br> Wenn bereits vorhandene Idols erscheinen, werden diese automatisch in „Fanlights“ umgewandelt. <br> ※ Die umgewandelten Fanlights werden direkt hinzugefügt, ohne den Geschenkprozess zu durchlaufen. <br> ※ Wenn die maximale Anzahl an Fanlights erreicht ist, werden sie als Geschenk übermittelt. <br> ※ Die Anzahl der erhaltenen Fanlights hängt von der Seltenheit des Idols ab. <br> ・UR: 500 Stück <br> ・SR: 50 Stück <br> ・R: 20 Stück <br><br> Darüber hinaus erhalten Sie „Rekrutierungspunkte [Neujahrs-Sonderaktion]“, je nachdem, wie viele Idols erscheinen. <br> Die erhaltenen „Rekrutierungspunkte“ können im Austauschladen gegen Idols oder andere Gegenstände eingetauscht werden. <br><br> Nicht eingelöste „Rekrutierungspunkte“ werden am Ende dieser Aktion automatisch in „Skillbuch (Mittel)“ umgewandelt. <br> ※ Die umgewandelten Skillbücher (Mittel) werden direkt hinzugefügt, ohne den Geschenkprozess zu durchlaufen. <br> ※ Wenn die maximale Anzahl an Skillbüchern (Mittel) erreicht ist, werden sie als Geschenk übermittelt."
mst.lottery_info.4110035._infoText,UR garantiert! Neujahrs-Sonderaktion
mst.lottery_info.4110035._detailText,"„UR garantiert! Neujahrs- und Winterferien-Rekrutierung“ kann mit 3000 kostenpflichtigen Loveca durchgeführt werden, wobei garantiert ein UR-Idol hinzugefügt wird. <br><br>Wenn bereits vorhandene Idols erscheinen, werden sie automatisch in „Fanlights“ umgewandelt. <br>※Die umgewandelten Fanlights werden direkt gutgeschrieben, ohne dass sie über Geschenke verteilt werden müssen. <br>※Wenn die maximale Anzahl an Fanlights erreicht ist, werden sie als Geschenk versendet. <br>※Die Anzahl der erhaltenen Fanlights hängt von der Seltenheit des Idols ab. <br>・UR: 500 Stück <br>・SR: 50 Stück <br>・R: 20 Stück <br><br>Außerdem erhältst du je nach Anzahl der erschienenen Idols „Rekrutierungspunkte [Neujahrs- und Winterferien]“. <br>Die erhaltenen „Rekrutierungspunkte“ können im Austauschladen gegen Idols oder andere Gegenstände eingetauscht werden. <br><br>Nicht eingetauschte „Rekrutierungspunkte“ werden am Ende dieser Rekrutierung automatisch in „Skillbuch (M)“ umgewandelt. <br>※Die umgewandelten Skillbücher (M) werden direkt gutgeschrieben, ohne dass sie über Geschenke verteilt werden müssen. <br>※Wenn die maximale Anzahl an Skillbüchern (M) erreicht ist, werden sie als Geschenk versendet."
mst.lottery_info.4110036._infoText,Neujahrs-Glücks-Rekrutierung
mst.lottery_info.4110036._detailText,"„Neujahrs-Glücksbringer-Rekrutierung“ garantiert, dass mindestens ein Idol der Stufe R oder höher erscheint. <br> „10x Rekrutieren“ kann für 3000 Loveca durchgeführt werden und garantiert, dass mindestens ein Idol der Stufe SR oder höher hinzugefügt wird. <br> <br> Wenn ein bereits vorhandenes Idol erscheint, wird es automatisch in eine „Leuchtstab“-Artikel umgewandelt. <br> ※Die umgewandelten Leuchtstäbe werden direkt deinem Inventar gutgeschrieben, ohne den Geschenk-Prozess. <br> ※Wenn die maximale Anzahl an Leuchtstäben erreicht ist, werden sie als Geschenk versendet. <br> ※Die Anzahl der erhaltenen Leuchtstäbe hängt von der Seltenheit des Idols ab. <br> ・UR: 500 Stück <br> ・SR: 50 Stück <br> ・R: 20 Stück <br> <br> Außerdem erhältst du, je nach Anzahl der erschienenen Idols, „Rekrutierungs-Punkte [Neujahrsfeier]“. <br> Die erhaltenen „Rekrutierungs-Punkte“ können im Tauschladen gegen Idols und andere Gegenstände eingetauscht werden. <br> <br> Nicht eingelöste „Rekrutierungs-Punkte“ werden am Ende dieser Rekrutierung automatisch in ein „Fähigkeitsbuch (M)“ umgewandelt. <br> ※Die umgewandelten Fähigkeitsbücher (M) werden direkt deinem Inventar gutgeschrieben, ohne den Geschenk-Prozess. <br> ※Wenn die maximale Anzahl an Fähigkeitenbüchern (M) erreicht ist, werden sie als Geschenk versendet."
mst.lottery_info.4110037._infoText,UR garantiert! Neujahrs-Glücks-Rekrutierung
mst.lottery_info.4110037._detailText,"„UR garantiert! Neujahrs-Lotterie“ kann mit 3000 kostenpflichtigen Loveca durchgeführt werden, wobei garantiert ein UR-Idol hinzugefügt wird. <br><br> Wenn bereits vorhandene Idols erscheinen, werden sie automatisch in „Leuchtstäbe“ umgewandelt. <br> ※ Die umgewandelten Leuchtstäbe werden direkt gutgeschrieben, ohne den Geschenk-Prozess zu durchlaufen. <br> ※ Wenn die maximale Anzahl an Leuchtstäben erreicht ist, werden sie als Geschenk versendet. <br> ※ Die Anzahl der erhaltenen Leuchtstäbe hängt von der Seltenheit des Idols ab. <br> ・UR: 500 Stück <br> ・SR: 50 Stück <br> ・R: 20 Stück <br><br> Außerdem erhältst du je nach Anzahl der erschienenen Idols „Rekrutierungspunkte [Neujahrsfeier]“. <br> Die erhaltenen „Rekrutierungspunkte“ können im Austauschladen gegen Idols und andere Gegenstände eingetauscht werden. <br><br> Nicht eingelöste „Rekrutierungspunkte“ werden am Ende dieser Lotterie automatisch in „Skillbuch (M)“ umgewandelt. <br> ※ Die umgewandelten Skillbücher (M) werden direkt gutgeschrieben, ohne den Geschenk-Prozess zu durchlaufen. <br> ※ Wenn die maximale Anzahl an Skillbüchern (M) erreicht ist, werden sie als Geschenk versendet."
mst.lottery_info.4110038._infoText,Love Song Carnival Gedenk-Rekrutierung
mst.lottery_info.4110038._detailText,"„Love Song Carnival“-Gacha: Hier erscheinen garantiert R- oder höhere Idols aus dem Rainbow High School Idol Club. <br> „Einzelgacha“ kann für 300 Loveca durchgeführt werden. <br> „10er-Gacha“ kann für 3000 Loveca durchgeführt werden, wobei garantiert mindestens ein SR- oder höheres Idol erscheint. <br> „Kostenpflichtiges Einzelgacha“ kann täglich einmal für 150 kostenpflichtige Loveca durchgeführt werden. <br> <br> Wenn ein bereits rekrutiertes Idol erscheint, wird es automatisch in ein „Fanlicht“ umgewandelt. <br> ※Das umgewandelte Fanlicht wird direkt hinzugefügt, ohne den Geschenk-Prozess zu durchlaufen. <br> ※Wenn die maximale Anzahl an Fanlichtern erreicht ist, werden sie als Geschenk versendet. <br> ※Die Anzahl der erhaltenen Fanlichter hängt von der Seltenheit des Idols ab. <br> ・UR: 500 Stück <br> ・SR: 50 Stück <br> ・R: 20 Stück <br> <br> Außerdem erhältst du je nach Anzahl der erschienenen Idols „Gacha-Punkte [Love Song Carnival]“. <br> Die erhaltenen „Gacha-Punkte“ können im Austauschladen gegen Idols oder andere Gegenstände eingetauscht werden. <br> <br> Nicht eingelöste „Gacha-Punkte“ werden am Ende dieser Gacha automatisch in ein „Skillbuch (M)“ umgewandelt. <br> ※Das umgewandelte Skillbuch (M) wird direkt hinzugefügt, ohne den Geschenk-Prozess zu durchlaufen. <br> ※Wenn die maximale Anzahl an Skillbüchern (M) erreicht ist, werden sie als Geschenk versendet."
mst.lottery_info.4110039._infoText,School Idol Festival 2 – Großer Dankbarkeits-Event – μ's
mst.lottery_info.4110039._detailText,"„スクフェス2 大感謝勧誘～μ's編～“ beinhaltet, dass immer mindestens ein Idol der Gruppe μ's mit einer Seltenheit von R oder höher erscheint. <br> „スクフェス2 大感謝勧誘～μ's編～“ kann mit einem „10-fach Rekrutierungs-Ticket (スクフェス2 大感謝勧誘)“ durchgeführt werden. <br> <br> Wenn ein bereits rekrutiertes Idol erscheint, wird es automatisch in ein „Lichtstäbchen“ umgewandelt. <br> ※Das umgewandelte Lichtstäbchen wird direkt hinzugefügt, ohne über die Geschenkfunktion zu laufen. <br> ※Wenn die maximale Anzahl an Lichtstäbchen erreicht ist, werden sie als Geschenk versendet. <br> ※Die Anzahl der erhaltenen Lichtstäbchen hängt von der Seltenheit des Idols ab. <br> ・UR: 500 Stück <br> ・SR: 50 Stück <br> ・R: 20 Stück <br> <br> Außerdem erhält man je nach Anzahl der erschienenen Idols „Rekrutierungspunkte [大感謝勧誘]“. <br> Die erhaltenen „Rekrutierungspunkte“ können im Austauschladen gegen Idols und andere Gegenstände eingetauscht werden. <br> <br> Nicht eingetäuschte „Rekrutierungspunkte“ werden am Ende dieser Rekrutierungsaktion automatisch in ein „Skillbuch (Mittel)“ umgewandelt. <br> ※Das umgewandelte Skillbuch (Mittel) wird direkt hinzugefügt, ohne über die Geschenkfunktion zu laufen. <br> ※Wenn die maximale Anzahl an Skillbüchern (Mittel) erreicht ist, werden sie als Geschenk versendet."
mst.lottery_info.4110040._infoText,School Idol Festival 2 – Großer Dankbarkeit-Rekrutierungs-Event – Aqours-Edition
mst.lottery_info.4110040._detailText,"„スクフェス2 大感謝勧誘～Aqours編～“ beinhaltet immer mindestens ein Idol der Gruppe Aqours mit einer Seltenheit von R oder höher. <br> „スクフェス2 大感謝勧誘～Aqours編～“ kann mit einem „10-fach-Rekrutierungs-Ticket (スクフェス2 大感謝勧誘)“ durchgeführt werden. <br> <br> Wenn ein bereits rekrutiertes Idol erscheint, wird es automatisch in ein „Lichtstäbchen“ umgewandelt. <br> ※Das umgewandelte Lichtstäbchen wird direkt hinzugefügt und nicht über Geschenke verteilt. <br> ※Wenn die maximale Anzahl an Lichtstäbchen erreicht ist, werden sie als Geschenk verteilt. <br> ※Die Anzahl der erhaltenen Lichtstäbchen hängt von der Seltenheit des Idols ab. <br> ・UR: 500 Stück <br> ・SR: 50 Stück <br> ・R: 20 Stück <br> <br> Außerdem erhältst du je nach Anzahl der erschienenen Idols „Rekrutierungspunkte [大感謝勧誘]“. <br> Die erhaltenen „Rekrutierungspunkte“ können im Austauschladen gegen Idols und andere Gegenstände eingetauscht werden. <br> <br> Nicht eingetäuschte „Rekrutierungspunkte“ werden am Ende dieser Rekrutierungsaktion automatisch in ein „Skillbuch (Mittel)“ umgewandelt. <br> ※Das umgewandelte Skillbuch (Mittel) wird direkt hinzugefügt und nicht über Geschenke verteilt. <br> ※Wenn die maximale Anzahl an Skillbüchern (Mittel) erreicht ist, werden sie als Geschenk verteilt."
mst.lottery_info.4110041._infoText,School Idol Festival 2 – Großer Dankes-Rekrutierung – Nijigaku
mst.lottery_info.4110041._detailText,"„スクフェス2 大感謝勧誘～ニジガク編～“ beinhaltet, dass immer mindestens ein Idol der Stufe R oder höher von der „虹ヶ咲学園スクールアイドル同好会“ erscheint. <br> „スクフェス2 大感謝勧誘～ニジガク編～“ kann mit einem „10回勧誘チケット（スクフェス2 大感謝勧誘）“ durchgeführt werden. <br> <br> Wenn ein bereits rekrutiertes Idol erscheint, wird es automatisch in ein „ペンライト“ umgewandelt. <br> ※Das umgewandelte „ペンライト“ wird direkt hinzugefügt, ohne über das Geschenkmenü zu gehen. <br> ※Wenn die maximale Anzahl an „ペンライト“ erreicht ist, wird es als Geschenk versendet. <br> ※Die Anzahl der erhaltenen „ペンライト“ hängt von der Seltenheit des Idols ab. <br> ・UR: 500 Stück <br> ・SR: 50 Stück <br> ・R: 20 Stück <br> <br> Außerdem erhältst du je nach Anzahl der erschienenen Idols „勧誘ポイント [大感謝勧誘]“. <br> Die erhaltenen „勧誘ポイント“ können im Austauschladen gegen Idols oder andere Gegenstände eingetauscht werden. <br> <br> Nicht eingelöste „勧誘ポイント“ werden am Ende dieser Rekrutierungsaktion automatisch in ein „スキルブック（中）“ umgewandelt. <br> ※Das umgewandelte „スキルブック（中）“ wird direkt hinzugefügt, ohne über das Geschenkmenü zu gehen. <br> ※Wenn die maximale Anzahl an „スキルブック（中）“ erreicht ist, wird es als Geschenk versendet."
mst.lottery_info.4110042._infoText,School Idol Festival 2 - Großer Dankbarkeit-Rekrutierungs-Event – Liella!-Edition
mst.lottery_info.4110042._detailText,"„スクフェス2 大感謝勧誘～Liella!編～“ beinhaltet immer mindestens ein Idol der Gruppe Liella! mit R- oder höherer Seltenheit. <br> „スクフェス2 大感謝勧誘～Liella!編～“ kann mit einem „10-fach-Rekrutierungs-Ticket (スクフェス2 大感謝勧誘)“ durchgeführt werden. <br> <br> Wenn ein bereits rekrutiertes Idol erscheint, wird es automatisch in ein „Lichtstäbchen“ umgewandelt. <br> ※Das umgewandelte Lichtstäbchen wird direkt hinzugefügt und nicht über Geschenke verteilt. <br> ※Wenn die maximale Anzahl an Lichtstäbchen erreicht ist, werden sie als Geschenk verteilt. <br> ※Die Anzahl der erhaltenen Lichtstäbchen hängt von der Seltenheit des Idols ab. <br> ・UR: 500 Stück <br> ・SR: 50 Stück <br> ・R: 20 Stück <br> <br> Außerdem erhält man je nach Anzahl der erschienenen Idols „Rekrutierungspunkte [大感謝勧誘]“. <br> Die erhaltenen „Rekrutierungspunkte“ können im Austauschladen gegen Idols oder andere Gegenstände eingetauscht werden. <br> <br> Nicht eingetauschte „Rekrutierungspunkte“ werden am Ende dieser Rekrutierungsaktion automatisch in ein „Skillbuch (M)“ umgewandelt. <br> ※Das umgewandelte Skillbuch (M) wird direkt hinzugefügt und nicht über Geschenke verteilt. <br> ※Wenn die maximale Anzahl an Skillbüchern (M) erreicht ist, werden sie als Geschenk verteilt."
mst.lottery_info.4110043._infoText,Spezial-Rekrutierung
mst.lottery_info.4110043._detailText,"„Bei der „Spezial-Rekrutierung“ erscheinen immer Idols mit R oder höher.<br>Für eine einzelne Rekrutierung werden 300 Loveca benötigt.<br>Für eine 10er-Rekrutierung werden 3000 Loveca benötigt, und es ist garantiert, dass mindestens ein Idol mit SR oder höher hinzugefügt wird.<br>Eine kostenpflichtige Einzelrekrutierung kann einmal täglich für 150 kostenpflichtige Loveca durchgeführt werden.<br>Eine kostenpflichtige 10er-Rekrutierung kann einmal während des Zeitraums für 2000 kostenpflichtige Loveca durchgeführt werden.<br><br>Wenn ein bereits rekrutiertes Idol erscheint, wird es automatisch in „Fanartikel“ umgewandelt.<br>※Die umgewandelten Fanartikel werden direkt hinzugefügt und nicht über Geschenke verteilt.<br>※Wenn die maximale Anzahl an Fanartikeln erreicht ist, werden sie als Geschenk versendet.<br>※Die Anzahl der erhaltenen Fanartikel hängt von der Seltenheit des Idols ab.<br>• UR: 500<br>• SR: 50<br>• R: 20<br><br>Außerdem erhältst du je nach Anzahl der erschienenen Idols „Rekrutierungspunkte [Spezial-Rekrutierung]“.<br>Die erhaltenen „Rekrutierungspunkte“ können im Austauschladen gegen Idols und andere Gegenstände eingetauscht werden.<br><br>Nicht eingelöste „Rekrutierungspunkte“ werden am Ende dieser Rekrutierungsaktion automatisch in „Fähigkeitsbuch (M)“ umgewandelt.<br>※Die umgewandelten Fähigkeitsbücher (M) werden direkt hinzugefügt und nicht über Geschenke verteilt.<br>※Wenn die maximale Anzahl an Fähigkeitsbüchern (M) erreicht ist, werden sie als Geschenk versendet."
mst.lottery_info.4110044._infoText,Schul-Idol-Festival – Alle Mitglieder im Anwerben!
mst.lottery_info.4110044._detailText,"„Schul-Idol-Dankesfest – Alle Idols“-Lotterie: Hier erscheinen immer mindestens Idols der Stufe R oder höher. <br> „10er-Lotterie“ kann täglich einmal für 3.000 Loveca durchgeführt werden. <br> „Bezahlte 10er-Lotterie“ kann für 3.000 bezahlte Loveca durchgeführt werden. <br> „Bezahlte Einzel-Lotterie“ kann täglich bis zu dreimal für 50 bezahlte Loveca durchgeführt werden. <br> <br> Wenn ein Idol erscheint, das bereits Teil der Gruppe ist, wird es automatisch in eine „Leuchtstab“-Belohnung umgewandelt. <br> ※ Die umgewandelten Leuchtstäbe werden direkt gutgeschrieben und nicht über Geschenke verteilt. <br> ※ Wenn die maximale Anzahl an Leuchtstäben erreicht ist, werden sie als Geschenk verteilt. <br> ※ Die Anzahl der erhaltenen Leuchtstäbe hängt von der Seltenheit des Idols ab. <br> • UR: 500 Stück <br> • SR: 50 Stück <br> • R: 20 Stück"
mst.lottery_info.5110001._infoText,Alle Idols – Schrittweise Rekrutierung
mst.lottery_info.5110001._detailText,"„Alle Idols versammelt! Stufen-Rekrutierung“ ist eine vorteilhafte Rekrutierung, bei der sich der Inhalt mit jeder STEP-Stufe ändert. <br> Alle verfügbaren Idols (R, SR, UR) können durch die Rekrutierung erhalten werden. <br> Jede STEP-Stufe beinhaltet eine 10er-Rekrutierung, und die Anzahl der benötigten Loveca sowie die garantierten Ergebnisse ändern sich mit jeder Stufe. <br> • STUFE 1: 500 Loveca (garantiert mindestens ein Idol der Ränge SR oder höher) <br> • STUFE 2: 1000 Loveca (garantiert mindestens ein Idol der Ränge SR oder höher, erhöhte Wahrscheinlichkeit für UR-Idols) <br> • STUFE 3: 1500 Loveca (garantiert mindestens ein Idol der Ränge SR oder höher, erhöhte Wahrscheinlichkeit für UR-Idols) <br> • STUFE 4: 2000 Loveca (garantiert mindestens ein Idol der Ränge SR oder höher, stark erhöhte Wahrscheinlichkeit für UR-Idols) <br> • STUFE 5: 2500 Loveca (garantiert ein UR-Idol!) <br> <br> Nach Abschluss von STUFE 5 kann die Rekrutierung erneut ab STUFE 1 durchgeführt werden. <br> <br> Wenn ein bereits rekrutiertes Idol erscheint, wird es automatisch in „Fanlicht“ umgewandelt. <br> ※ Die Anzahl der erhaltenen Fanlichter hängt von der Seltenheit des Idols ab. <br> • UR: 500 Stück <br> • SR: 50 Stück <br> • R: 20 Stück"
mst.lottery_info.7110002._infoText,School Festa Daten-Verknüpfungsbonus: Ticket-Rekrutierung
mst.lottery_info.7110002._detailText,"„Die ‚Scufes-Datenverknüpfungs-Bonus-Ticket-Rekrutierung‘ garantiert, dass mindestens ein Idol der Stufe R oder höher erscheint.“ <br> „Mit einem ‚10er-Paket‘, das mit dem ‚10er-Paket-Ticket (Scufes-Datenverknüpfungs-Bonus)‘ durchgeführt wird, ist es garantiert, dass mindestens ein Idol der Stufe SR oder höher rekrutiert wird.“ <br> <br> „Wenn ein bereits vorhandenes Idol erscheint, wird es automatisch in ‚Fanlights‘ umgewandelt.“ <br> „*Die umgewandelten Fanlights werden direkt hinzugefügt, ohne den Geschenk-Prozess zu durchlaufen.*“ <br> „*Wenn die maximale Anzahl an Fanlights erreicht ist, werden sie als Geschenk versendet.*“ <br> „*Die Anzahl der erhaltenen Fanlights hängt von der Seltenheit des Idols ab.*“ <br> „*UR: 500 Stück“ <br> „*SR: 50 Stück“ <br> „*R: 20 Stück“ <br> <br> „Darüber hinaus erhältst du, abhängig von der Anzahl der erschienenen Idols, ‚Rekrutierungspunkte [zum Jubiläum]‘.“ <br> „Die erhaltenen ‚Rekrutierungspunkte‘ können im Austauschladen gegen Idols und andere Gegenstände eingetauscht werden.“"
mst.lottery_info.7110003._infoText,スクスタ-Datenverknüpfungsbonus: Ticket-Rekrutierung
mst.lottery_info.7110003._detailText,"„Bei der ‚スクスタデータ連携特典 チケット勧誘‘ erscheinen immer Idols mit einer Seltenheit von R oder höher.“ <br> „Mit einem ‚10回勧誘チケット（スクフェスデータ連携特典)‘ kann man eine ‚10-fache Rekrutierung‘ durchführen, bei der garantiert mindestens ein Idol mit einer Seltenheit von SR oder höher erscheint.“ <br> <br> Wenn ein bereits rekrutiertes Idol erscheint, wird es automatisch in „ペンライト“ umgewandelt. <br> ※Die umgewandelten „ペンライト“ werden direkt hinzugefügt und nicht über Geschenke verteilt. <br> ※Wenn die maximale Anzahl an „ペンライト“ erreicht ist, werden sie als Geschenk versendet. <br> ※Die Anzahl der erhaltenen „ペンライト“ hängt von der Seltenheit des Idols ab. <br> ・UR: 500 Stück <br> ・SR: 50 Stück <br> ・R: 20 Stück <br> <br> Außerdem erhält man je nach Anzahl der erschienenen Idols „勧誘ポイント [リリース記念]“. <br> Die erhaltenen „勧誘ポイント“ können im Austauschladen gegen Idols oder andere Gegenstände eingetauscht werden."
mst.lottery_info.8110001._infoText,Item-Rekrutierung
mst.lottery_info.8110001._detailText,Du kannst einmal täglich ein „Item-Rekrutieren“ durchführen. <br> Das „Item-Rekrutieren“ wird jeden Tag um Mitternacht zurückgesetzt. <br> <br> Beim „Item-Rekrutieren“ erscheinen zufällig 10 der folgenden Items: <br> ・Lichtstäbe: ×10 <br> ・LP-Bonbon [klein]: ×1 <br> ・Lernnotiz (klein): ×20 <br> ・Lernnotiz (mittel): ×8 <br> ・Lernnotiz (groß): ×1 <br> ・Fähigkeitsbuch (klein): ×18 <br> ・Fähigkeitsbuch (mittel): ×3 <br> ・35.000 Gold
mst.lottery_info.8110002._infoText,Item-Rekrutierung
mst.lottery_info.8110002._detailText,Du kannst einmal täglich ein „Item-Rekrutieren“ durchführen. <br> Das „Item-Rekrutieren“ wird jeden Tag um Mitternacht zurückgesetzt. <br> <br> Beim „Item-Rekrutieren“ erscheinen zufällig 10 der folgenden Items: <br> ・Lichtstäbe: ×10 <br> ・LP-Bonbon [klein]: ×1 <br> ・Lernnotiz (klein): ×20 <br> ・Lernnotiz (mittel): ×8 <br> ・Lernnotiz (groß): ×1 <br> ・Fähigkeitsbuch (klein): ×18 <br> ・Fähigkeitsbuch (mittel): ×3 <br> ・35.000 Gold
mst.lottery_info.8110004._infoText,Item-Rekrutierung
mst.lottery_info.8110004._detailText,Du kannst einmal täglich ein „Item-Rekrutieren“ durchführen. <br> Das „Item-Rekrutieren“ wird jeden Tag um Mitternacht zurückgesetzt. <br> <br> Beim „Item-Rekrutieren“ erscheinen zufällig 10 der folgenden Items: <br> ・Lichtstäbe: ×10 <br> ・LP-Bonbon [klein]: ×1 <br> ・Lernnotiz (klein): ×20 <br> ・Lernnotiz (mittel): ×8 <br> ・Lernnotiz (groß): ×1 <br> ・Fähigkeitsbuch (klein): ×18 <br> ・Fähigkeitsbuch (mittel): ×3 <br> ・35.000 Gold
mst.lottery_info.8110005._infoText,Item-Rekrutierung
mst.lottery_info.8110005._detailText,Du kannst einmal täglich ein „Item-Rekrutieren“ durchführen. <br> Das „Item-Rekrutieren“ wird jeden Tag um Mitternacht zurückgesetzt. <br> <br> Beim „Item-Rekrutieren“ erscheinen zufällig 10 der folgenden Items: <br> ・Lichtstäbe: ×10 <br> ・LP-Bonbon [klein]: ×1 <br> ・Lernnotiz (klein): ×20 <br> ・Lernnotiz (mittel): ×8 <br> ・Lernnotiz (groß): ×1 <br> ・Fähigkeitsbuch (klein): ×18 <br> ・Fähigkeitsbuch (mittel): ×3 <br> ・35.000 Gold
mst.lottery_info.8110006._infoText,Item-Rekrutierung
mst.lottery_info.8110006._detailText,Du kannst einmal täglich ein „Item-Rekrutieren“ durchführen. <br> Das „Item-Rekrutieren“ wird jeden Tag um Mitternacht zurückgesetzt. <br> <br> Beim „Item-Rekrutieren“ erscheinen zufällig 10 der folgenden Items: <br> ・Lichtstäbe: ×10 <br> ・LP-Bonbon [klein]: ×1 <br> ・Lernnotiz (klein): ×20 <br> ・Lernnotiz (mittel): ×8 <br> ・Lernnotiz (groß): ×1 <br> ・Fähigkeitsbuch (klein): ×18 <br> ・Fähigkeitsbuch (mittel): ×3 <br> ・35.000 Gold
mst.lottery_info.9110001._infoText,Tutorial-Rekrutierung [Hoshizora Honoka]
mst.lottery_info.9110001._detailText,In „Tutorial-Rekrutierung [Hosaka Honoka]“ erscheinen garantiert Idols der Stufe R oder höher.<br>Die „10er-Rekrutierung“ ist kostenlos und garantiert die Rekrutierung des UR-Idols „Hosaka Honoka [Blühende Kirsche]“.
mst.lottery_info.9110002._infoText,Tutorial-Rekrutierung [Ayase Eri]
mst.lottery_info.9110002._detailText,Im Tutorial-Rekrutierungs-Event „[絢瀬 絵里]“ sind garantiert Idols der Stufe R oder höher enthalten.<br>Die „10er-Rekrutierung“ ist kostenlos und garantiert die UR-Idol „[絢瀬 絵里]【夕暮れの生徒会室]“.
mst.lottery_info.9110003._infoText,Tutorial-Rekrutierung [Minami Kotori]
mst.lottery_info.9110003._detailText,„Im Tutorial-Rekrutierungs-Event [Minami Kotori] erscheinen garantiert Idols der Stufe R oder höher.<br>Die „10er-Rekrutierung“ ist kostenlos und garantiert die Aufnahme des UR-Idols [Minami Kotori [Willkommen!]].“
mst.lottery_info.9110004._infoText,Tutorial-Rekrutierung [Ondada Umi]
mst.lottery_info.9110004._detailText,„Im Tutorial-Rekrutierungs-Event [Otonashi Umi]“ erscheinen garantiert Idols der Stufe R oder höher.<br>Die „10er-Rekrutierung“ ist kostenlos und garantiert die Aufnahme des UR-Idols „Otonashi Umi [Mushin e to]“.
mst.lottery_info.9110005._infoText,Tutorial-Rekrutierung [Hoshizora Rin]
mst.lottery_info.9110005._detailText,Im Tutorial-Rekrutierungs-Event „[Hoshizora Rin]“ sind garantiert Idols der Stufe R oder höher dabei.<br>Die „10er-Rekrutierung“ ist kostenlos und garantiert die UR-Idol „[Hoshizora Rin - Funkelndes Dach]“.
mst.lottery_info.9110006._infoText,Tutorial-Rekrutierung [Nishikino Maki]
mst.lottery_info.9110006._detailText,„Im Tutorial-Rekrutierungs-Event „[Nishikino Maki]“ erscheinen garantiert Idols der Stufe R oder höher.<br>Die „10er-Rekrutierung“ ist kostenlos und garantiert die UR-Idol „[Nishikino Maki][Lächeln durch das Smartphone]“.“
mst.lottery_info.9110007._infoText,Tutorial-Rekrutierung [Toujou Nozomi]
mst.lottery_info.9110007._detailText,„Im Tutorial-Rekrutierungs-Event [Tōjō Nozomi] erscheinen garantiert Idols der Stufe R oder höher.<br>Die „10er-Rekrutierung“ ist kostenlos und garantiert die UR-Idol „Tōjō Nozomi [Strahlendes Licht]“.“
mst.lottery_info.9110008._infoText,Tutorial-Rekrutierung [Koizumi Hanayo]
mst.lottery_info.9110008._detailText,„Im Tutorial-Rekrutierungs-Event [Koizumi Hanayo] erscheinen garantiert Idols der Stufe R oder höher.<br>Die „10er-Rekrutierung“ ist kostenlos und garantiert die Aufnahme des UR-Idols [Koizumi Hanayo [Gedanken an µ's]].“
mst.lottery_info.9110009._infoText,Tutorial-Rekrutierung [Yazawa Nico]
mst.lottery_info.9110009._detailText,Im Tutorial-Rekrutierungs-Event „[矢澤 にこ]“ sind garantiert Idols der Stufe R oder höher enthalten.<br>Die „10er-Rekrutierung“ ist kostenlos und garantiert die UR-Idol „[矢澤 にこ]【ありがた～い講義】“.
mst.lottery_info.9110010._infoText,Tutorial-Rekrutierung [Takami Chika]
mst.lottery_info.9110010._detailText,„Im Tutorial-Rekrutierungs-Event [Takami Chika] erscheinen garantiert Idols der Stufe R oder höher.<br>Die „10er-Rekrutierung“ ist kostenlos und garantiert die UR-Idol „Takami Chika [Gespräch nach dem Training]“.“
mst.lottery_info.9110011._infoText,Tutorial-Rekrutierung [Sakurauchi Riko]
mst.lottery_info.9110011._detailText,„Im Tutorial-Rekrutierungs-Event [Sakurauchi Riko] erscheinen garantiert Idols der Stufe R oder höher.<br>Die „10er-Rekrutierung“ ist kostenlos und garantiert die UR-Idol „Sakurauchi Riko [Trio-Melodie]“.“
mst.lottery_info.9110012._infoText,Tutorial-Rekrutierung [Matsuura Kanon]
mst.lottery_info.9110012._detailText,"„Im Tutorial-Rekrutierungs-Event [Matsuura Kanon] werden garantiert Idols der Stufe R oder höher erscheinen.<br>Die „10er-Rekrutierung“ kann kostenlos durchgeführt werden, und das UR-Idol „[Matsuura Kanon: Sanfte Meeresbrise]“ wird garantiert Teil des Teams.“"
mst.lottery_info.9110013._infoText,Tutorial-Rekrutierung [Kurosawa Dia]
mst.lottery_info.9110013._detailText,Im Tutorial-Rekrutierungs-Event „[Kurosawa Dia]“ sind garantiert Idols der Stufe R oder höher dabei.<br>Die „10er-Rekrutierung“ ist kostenlos und garantiert die UR-Idol „Kurosawa Dia [Tägliche Routine]“.
mst.lottery_info.9110014._infoText,Tutorial-Rekrutierung [Watanabe You]
mst.lottery_info.9110014._detailText,„Im Tutorial-Rekrutierungs-Event [Watanabe You]“ erscheinen garantiert Idols der Stufe R oder höher.<br>Die „10er-Rekrutierung“ ist kostenlos und garantiert die UR-Idol „Watanabe You [Schimmernde Wasseroberfläche]“.
mst.lottery_info.9110015._infoText,Tutorial-Rekrutierung [Tushima Yoshiko]
mst.lottery_info.9110015._detailText,"„Im Tutorial-Rekrutierungs-Event [Tushima Yoshiko] erscheinen garantiert Idols der Stufe R oder höher.<br>Die „10er-Rekrutierung“ ist kostenlos und garantiert die Aufnahme des UR-Idols [Tushima Yoshiko [Dämonischer Stein, Schere, Papier]].“"
mst.lottery_info.9110016._infoText,Tutorial-Rekrutierung [Kunikida Hanaru]
mst.lottery_info.9110016._detailText,„Im Tutorial-Rekrutierungs-Event [Kunikida Hanaru] erscheinen garantiert Idols der Stufe R oder höher.<br>Die „10er-Rekrutierung“ ist kostenlos und garantiert die Aufnahme des UR-Idols „Kunikida Hanaru [After Lunch]“.“
mst.lottery_info.9110017._infoText,Tutorial-Rekrutierung [Oohara Mari]
mst.lottery_info.9110017._detailText,Im Tutorial-Rekrutierungsbanner „[小原 鞠莉]“ sind garantiert Idols der Stufe R oder höher enthalten.<br>Die „10er-Rekrutierung“ ist kostenlos und garantiert die UR-Idol „[小原 鞠莉]【風光明媚】“.
mst.lottery_info.9110018._infoText,Tutorial-Rekrutierung [Kurosawa Rubī]
mst.lottery_info.9110018._detailText,Im Tutorial-Rekrutierungs-Event „[Kurosawa Ruby]“ sind garantiert Idols der Stufe R oder höher enthalten.<br>Die „10er-Rekrutierung“ ist kostenlos und garantiert die UR-Idol „[Kurosawa Ruby: Schläferchen]“.
mst.lottery_info.9110019._infoText,Tutorial-Rekrutierung [Uehara Ayumu]
mst.lottery_info.9110019._detailText,Im Tutorial-Rekrutierungsbanner „[Uehara Ayumu]“ sind garantiert Idols der Stufe R oder höher enthalten.<br>Die „10er-Rekrutierung“ ist kostenlos und garantiert die UR-Idol „[Uehara Ayumu] [Ich bin bei dir]“.
mst.lottery_info.9110020._infoText,Tutorial-Rekrutierung [Nakasu Kasumi]
mst.lottery_info.9110020._detailText,Im Tutorial-Rekrutierungs-Event „[Nakasu Kasumi]“ sind garantiert Idols der Stufe R oder höher dabei.<br>Die „10er-Rekrutierung“ ist kostenlos und garantiert die UR-Idol „[Nakasu Kasumi] [Rainbow Koppepan]“.
mst.lottery_info.9110021._infoText,Tutorial-Rekrutierung [Sakurazaka Shizuku]
mst.lottery_info.9110021._detailText,Im Tutorial-Rekrutierungsbanner „[Sakurazaka Shizuku]“ sind garantiert Idols der Stufe R oder höher enthalten.<br>Die „10er-Rekrutierung“ ist kostenlos und garantiert die Aufnahme des UR-Idols „[Sakurazaka Shizuku] [Als ich selbst]“.
mst.lottery_info.9110022._infoText,Tutorial-Rekrutierung [Asuka Karin]
mst.lottery_info.9110022._detailText,Im Tutorial-Rekrutierungs-Event „[Asuka Karin]“ sind garantiert Idols der Stufe R oder höher dabei.<br>Die „10er-Rekrutierung“ ist kostenlos und garantiert die UR-Idol „[Asuka Karin: Auf der Suche nach Qualität]“.
mst.lottery_info.9110023._infoText,Tutorial-Rekrutierung [Miyashita Ai]
mst.lottery_info.9110023._detailText,Im Tutorial-Rekrutierungs-Event „[宮下 愛]“ sind garantiert Idols der Stufe R oder höher enthalten.<br>Die „10er-Rekrutierung“ ist kostenlos und garantiert die UR-Idol „[宮下 愛]【チェンジオブペース]“.
mst.lottery_info.9110024._infoText,Tutorial-Rekrutierung
mst.lottery_info.9110024._detailText,"In der „Tutorial-Rekrutierung [Kanoe Hisoka]“ erscheinen garantiert Idols mit R- oder höherer Seltenheit.<br>Die „10x-Rekrutierung“ kann kostenlos durchgeführt werden, und das UR-Idol „Kanoe Hisoka [Geschwisterliches Mahl]“ wird garantiert hinzugefügt."
mst.lottery_info.9110025._infoText,Tutorial-Rekrutierung [Yuki Setsuna]
mst.lottery_info.9110025._detailText,„Im Tutorial-Rekrutierungs-Event [Yuki Setsuna]“ erscheinen garantiert Idols der Stufe R oder höher.<br>Die „10er-Rekrutierung“ ist kostenlos und garantiert die UR-Idol „Yuki Setsuna [Ich möchte meine Liebe zeigen!]“.
mst.lottery_info.9110026._infoText,Tutorial-Rekrutierung [Emma Verde]
mst.lottery_info.9110026._detailText,Im Tutorial-Rekrutierungs-Event „[Emma Verde]“ sind garantiert Idols der Stufe R oder höher enthalten.<br>Die „10er-Rekrutierung“ ist kostenlos und garantiert die UR-Idol „Emma Verde [Ein erfrischender Sonnenstrahl]“.
mst.lottery_info.9110027._infoText,Tutorial-Rekrutierung [Tennoji Rina]
mst.lottery_info.9110027._detailText,„Im Tutorial-Rekrutierungs-Event „[Tennoji Rina]“ sind garantiert Idols der Stufe R oder höher dabei.<br>Die „10er-Rekrutierung“ ist kostenlos und garantiert die UR-Idol „Tennoji Rina [Aufgabe als Spaziergangsbetreuerin]“.
mst.lottery_info.9110028._infoText,Tutorial-Rekrutierung [Mifune Shizuko]
mst.lottery_info.9110028._detailText,"In der „Tutorial-Rekrutierung [Mibu Shizuko]“ erscheinen garantiert Idols mit R- oder höherer Seltenheit.<br>Die „10x-Rekrutierung“ kann kostenlos durchgeführt werden, und das UR-Idol „Mibu Shizuko [Nur Fleiß zahlt sich aus]“ wird garantiert hinzugefügt."
mst.lottery_info.9110029._infoText,Tutorial-Rekrutierung [Mia Taylor]
mst.lottery_info.9110029._detailText,Im Tutorial-Rekrutierungsbanner „Mia Taylor“ sind garantiert Idols der Stufe R oder höher enthalten.<br>Die „10er-Rekrutierung“ ist kostenlos und garantiert die UR-Idol „Mia Taylor [Volle Leidenschaft beim Komponieren]“.
mst.lottery_info.9110030._infoText,Tutorial-Rekrutierung [Tane Aranju]
mst.lottery_info.9110030._detailText,„Im Tutorial-Rekrutierungs-Event [Zhong Lanzhu] erscheinen garantiert Idols der Stufe R oder höher.<br>Die „10er-Rekrutierung“ ist kostenlos und garantiert die Aufnahme des UR-Idols „Zhong Lanzhu [Rivale und Freundin]“.“
mst.lottery_info.9110031._infoText,Tutorial-Rekrutierung [Kanon Shirogane]
mst.lottery_info.9110031._detailText,"Im Tutorial-Rekrutierungsbanner „[Kanon Ezo]“ sind garantiert Idols der Stufe R oder höher enthalten.<br>Die „10er-Rekrutierung“ ist kostenlos und garantiert die UR-Idol „[Kanon Ezo, Träum weiter]“."
mst.lottery_info.9110032._infoText,Tutorial-Rekrutierung [Tang Keke]
mst.lottery_info.9110032._detailText,"Im Tutorial-Rekrutierungs-Event „[Tang Kaka]“ sind garantiert Idols der Stufe R oder höher dabei.<br>Die „10er-Rekrutierung“ ist kostenlos und garantiert die UR-Idol „[Tang Kaka, Kostümdesignerin]“."
mst.lottery_info.9110033._infoText,Tutorial-Rekrutierung [Arashi Chisato]
mst.lottery_info.9110033._detailText,„Im Tutorial-Rekrutierungs-Event [Arashi Chisato] erscheinen garantiert Idols der Stufe R oder höher.<br>Die „10er-Rekrutierung“ ist kostenlos und garantiert die Aufnahme des UR-Idols [Arashi Chisato (Senpai no Step)].“
mst.lottery_info.9110034._infoText,Tutorial-Rekrutierung [Heianna Sumire]
mst.lottery_info.9110034._detailText,Im Tutorial-Rekrutierungsbanner „[平安名 すみれ]“ sind garantiert Idols der Stufe R oder höher enthalten.<br>Die „10er-Rekrutierung“ ist kostenlos und garantiert die UR-Idol „[平安名すみれ]【両腕いっぱい】“.
mst.lottery_info.9110035._infoText,Tutorial-Rekrutierung [Hazuki Koi]
mst.lottery_info.9110035._detailText,"„Im Tutorial-Rekrutierungs-Event „[Hazuki Koi]“ sind garantiert Idols der Stufe R oder höher dabei.<br>Die „10er-Rekrutierung“ ist kostenlos und garantiert die UR-Idol „[Hazuki Koi, ‚Das von meiner Mutter hinterlassene Yugahoka‘]“.“"
mst.lottery_info.9110036._infoText,Tutorial-Rekrutierung [Sakurakoji Kinako]
mst.lottery_info.9110036._detailText,„Im Tutorial-Rekrutierungs-Event „[Sakurakoji Kinako]“ sind garantiert Idols der Stufe R oder höher dabei.<br>Die „10er-Rekrutierung“ ist kostenlos und garantiert die UR-Idol „Sakurakoji Kinako [230 Meter über dem Boden]“.“
mst.lottery_info.9110037._infoText,Tutorial-Rekrutierung [Yone Mei]
mst.lottery_info.9110037._detailText,Im Tutorial-Rekrutierungs-Event „[米女 メイ]“ sind garantiert Idols der Stufe R oder höher dabei.<br>Die „10er-Rekrutierung“ ist kostenlos und garantiert die UR-Idol „[米女メイ]【Fast vollständig】“.
mst.lottery_info.9110038._infoText,Tutorial-Rekrutierung [Wakaba Shiki]
mst.lottery_info.9110038._detailText,Im „Tutorial-Rekrutierung [Wakana Shiki]“-Event erscheinen garantiert Idols der Stufe R oder höher.<br>Die „10er-Rekrutierung“ ist kostenlos und garantiert die Aufnahme des UR-Idols „Wakana Shiki [Nach dem Unterricht im Wissenschaftsraum]“.
mst.lottery_info.9110039._infoText,Tutorial-Rekrutierung [Onidzuka Natsumi]
mst.lottery_info.9110039._detailText,"„Im Tutorial-Rekrutierungs-Event [Onizuka Natsumi] erscheinen garantiert Idols der Stufe R oder höher.<br>Das „10x Rekrutieren“-Event kann kostenlos durchgeführt werden, und das UR-Idol „Onizuka Natsumi [Live-Stream!]“ wird garantiert rekrutiert.“"
mst.lottery_info.6110001._infoText,μ's-Rekrutierung
mst.lottery_info.6110001._detailText,"„μ's-Sonderrekrutierung“ ist eine spezielle Rekrutierungsaktion, bei der du Idols von μ's rekrutieren kannst, die bereits in School Idol Festival aufgetreten sind. <br>Wahrscheinlichkeit: R 68 % / SR 26 % / UR 6 %. <br>Bei einer 11-fachen Rekrutierung ist garantiert mindestens ein Idol der Stufe SR oder höher dabei. <br><br>Wenn ein bereits rekrutiertes Idol erscheint, wird es automatisch in „Fankarten“ umgewandelt. <br>Hinweis: Die Anzahl der erhaltenen Fankarten hängt von der Seltenheit des Idols ab. <br>• UR: 500 Stück <br>• SR: 50 Stück <br>• R: 20 Stück"
mst.lottery_info.6110002._infoText,Aqours-Rekrutierung
mst.lottery_info.6110002._detailText,"„Aqours-Sonderrekrutierung“ ist eine spezielle Rekrutierungsaktion, bei der du Idols von Aqours rekrutieren kannst, die in School Idol Festival aufgetaucht sind. <br>Wahrscheinlichkeit: R 68 % / SR 26 % / UR 6 %. <br>Bei einer 11-fachen Rekrutierung ist garantiert mindestens ein Idol der Stufe SR oder höher dabei. <br><br>Wenn ein bereits rekrutiertes Idol erscheint, wird es automatisch in „Leuchtstäbe“ umgewandelt. <br>Hinweis: Die Anzahl der erhaltenen Leuchtstäbe hängt von der Seltenheit des Idols ab. <br>• UR: 500 Stück <br>• SR: 50 Stück <br>• R: 20 Stück"
mst.lottery_info.6110003._infoText,虹ヶ咲特待生 Rekrutieren
mst.lottery_info.6110003._detailText,"„虹ヶ咲特待生勧誘“ ist ein spezielles Rekrutierungs-Event, bei dem du Idols aus 虹ヶ咲 rekrutieren kannst, die in School Idol Festival aufgetaucht sind. <br>Wahrscheinlichkeit: R 68 % / SR 26 % / UR 6 %. <br>Bei einer 11er-Rekrutierung ist garantiert mindestens ein Idol der Stufe SR oder höher dabei. <br><br>Wenn ein bereits rekrutiertes Idol erscheint, wird es automatisch in „Fächer“ umgewandelt. <br>*Die Anzahl der erhaltenen Fächer hängt von der Seltenheit des Idols ab. <br>• UR: 500 Stück <br>• SR: 50 Stück <br>• R: 20 Stück"
mst.lottery_info.6110004._infoText,Liella! Rekrutierung
mst.lottery_info.6110004._detailText,"„Liella!特待生勧誘“ ist ein spezielles Rekrutierungs-Event, bei dem du Idols von Liella!, die in School Idol Festival erschienen sind, rekrutieren kannst. <br>Wahrscheinlichkeit: R 68 % / SR 26 % / UR 6 %. <br>Bei 11 Rekrutierungen ist garantiert mindestens ein Idol der Stufe SR oder höher dabei. <br><br>Wenn ein bereits vorhandenes Idol erscheint, wird es automatisch in „Fanklatscher“ umgewandelt. <br>*Die Anzahl der erhaltenen Fanklatscher hängt von der Seltenheit des Idols ab. <br>• UR: 500 Stück <br>• SR: 50 Stück <br>• R: 20 Stück"
