_key,_text
mst.lottery_caution.1110001._cautionText,"- Hãy kiểm tra tab ""Tỷ lệ xuất hiện"" để xem các Thành viên có thể xuất hiện.<br>- Cùng một Thành viên có thể xuất hiện nhiều lần trong Release Celebration Scout.<br>- Tỷ lệ xuất hiện được làm tròn đến chữ số thập phân thứ năm.<br>Do đó, tổng tỷ lệ xuất hiện riêng lẻ có thể khác với tổng tỷ lệ được hiển thị.<br>- Do giới hạn hiển thị, tổng tỷ lệ xuất hiện có thể không bằng 100%.<br>- The Release Celebration Scout sẽ rút một lần cho mỗi lượt dựa trên tỷ lệ xuất hiện.<br>Ví dụ, Thành viên có tỷ lệ 1% không được đảm bảo sẽ xuất hiện dù thực hiện 100 lượt.<br>- Để biết chi tiết tỷ lệ xuất hiện, hãy kiểm tra tab Tỷ lệ xuất hiện.<br>- Ngay cả khi ứng dụng bị buộc đóng hoặc mất kết nối khiến màn hình kết quả Scout không hiển thị đúng sau khi thực hiện Release Celebration Scout, lượt Scout vẫn được xử lý chính xác. Hãy kiểm tra danh sách Thành viên và số Penlight.<br>- Các Thành viên xuất hiện trong Scout này có thể xuất hiện lại trong tương lai.<br>- Scout này có thể được mở lại trong tương lai.<br>- Thời gian mở và nội dung có thể thay đổi mà không báo trước.<br>- Có thể dùng Scout Ticket qua mục ""Scout bằng vé"" ở góc dưới bên phải màn hình.<br>　Vé không hiển thị trong ""Scout bằng vé"" sẽ không thể dùng cho Scout này.<br>- Khi một Thành viên đã chiêu mộ xuất hiện lại từ lần thứ hai trở đi, bạn sẽ nhận Penlight theo độ hiếm của họ.<br>　Thành viên R: 20<br>　Thành viên SR: 50<br>　Thành viên UR: 500<br>- Điểm Scout nhận được sẽ tự động chuyển thành 1 Skill Book (M) khi Scout kết thúc."
mst.lottery_caution.1110002._cautionText,"- Hãy kiểm tra tab ""Tỷ lệ xuất hiện"" để xem các Thành viên có thể xuất hiện.<br>- Cùng một Thành viên có thể xuất hiện nhiều lần trong Guaranteed UR Release Celebration Scout.<br>- Tỷ lệ xuất hiện được làm tròn đến chữ số thập phân thứ năm.<br>Do đó, tổng tỷ lệ xuất hiện riêng lẻ có thể khác với tổng tỷ lệ được hiển thị.<br>- Do giới hạn hiển thị, tổng tỷ lệ xuất hiện có thể không bằng 100%.<br>- The Guaranteed UR Release Celebration Scout sẽ rút một lần cho mỗi lượt dựa trên tỷ lệ xuất hiện.<br>Ví dụ, Thành viên có tỷ lệ 1% không được đảm bảo sẽ xuất hiện dù thực hiện 100 lượt.<br>- Để biết chi tiết tỷ lệ xuất hiện, hãy kiểm tra tab Tỷ lệ xuất hiện.<br>- Ngay cả khi ứng dụng bị buộc đóng hoặc mất kết nối khiến màn hình kết quả Scout không hiển thị đúng sau khi thực hiện Guaranteed UR Release Celebration Scout, lượt Scout vẫn được xử lý chính xác. Hãy kiểm tra danh sách Thành viên và số Penlight.<br>- Các Thành viên xuất hiện trong Scout này có thể xuất hiện lại trong tương lai.<br>- Scout này có thể được mở lại trong tương lai.<br>- Thời gian mở và nội dung có thể thay đổi mà không báo trước.<br>- Có thể dùng Scout Ticket qua mục ""Scout bằng vé"" ở góc dưới bên phải màn hình.<br>　Vé không hiển thị trong ""Scout bằng vé"" sẽ không thể dùng cho Scout này.<br>- Khi một Thành viên đã chiêu mộ xuất hiện lại từ lần thứ hai trở đi, bạn sẽ nhận Penlight theo độ hiếm của họ.<br>　Thành viên R: 20<br>　Thành viên SR: 50<br>　Thành viên UR: 500<br>- Điểm Scout nhận được sẽ tự động chuyển thành 1 Skill Book (M) khi Scout kết thúc."
mst.lottery_caution.1110003._cautionText,"- Hãy kiểm tra tab ""Tỷ lệ xuất hiện"" để xem các Thành viên có thể xuất hiện.<br>- Cùng một Thành viên có thể xuất hiện nhiều lần trong Scout Tiêu Điểm: After-School Harajuku Liella! ♡.<br>- Tỷ lệ xuất hiện được làm tròn đến chữ số thập phân thứ năm.<br>Do đó, tổng tỷ lệ xuất hiện riêng lẻ có thể khác với tổng tỷ lệ được hiển thị.<br>- Do giới hạn hiển thị, tổng tỷ lệ xuất hiện có thể không bằng 100%.<br>- The Scout Tiêu Điểm: After-School Harajuku Liella! ♡ sẽ rút một lần cho mỗi lượt dựa trên tỷ lệ xuất hiện.<br>Ví dụ, Thành viên có tỷ lệ 1% không được đảm bảo sẽ xuất hiện dù thực hiện 100 lượt.<br>- Để biết chi tiết tỷ lệ xuất hiện, hãy kiểm tra tab Tỷ lệ xuất hiện.<br>- Ngay cả khi ứng dụng bị buộc đóng hoặc mất kết nối khiến màn hình kết quả Scout không hiển thị đúng sau khi thực hiện Scout Tiêu Điểm: After-School Harajuku Liella! ♡, lượt Scout vẫn được xử lý chính xác. Hãy kiểm tra danh sách Thành viên và số Penlight.<br>- Các Thành viên xuất hiện trong Scout này có thể xuất hiện lại trong tương lai.<br>- Scout này có thể được mở lại trong tương lai.<br>- Thời gian mở và nội dung có thể thay đổi mà không báo trước.<br>- Có thể dùng Scout Ticket qua mục ""Scout bằng vé"" ở góc dưới bên phải màn hình.<br>　Vé không hiển thị trong ""Scout bằng vé"" sẽ không thể dùng cho Scout này.<br>- Khi một Thành viên đã chiêu mộ xuất hiện lại từ lần thứ hai trở đi, bạn sẽ nhận Penlight theo độ hiếm của họ.<br>　Thành viên R: 20<br>　Thành viên SR: 50<br>　Thành viên UR: 500<br>- Điểm Scout nhận được sẽ tự động chuyển thành 1 Skill Book (M) khi Scout kết thúc."
mst.lottery_caution.1110004._cautionText,"- Hãy kiểm tra tab ""Tỷ lệ xuất hiện"" để xem các Thành viên có thể xuất hiện.<br>- Cùng một Thành viên có thể xuất hiện nhiều lần trong Scout thường.<br>- Tỷ lệ xuất hiện được làm tròn đến chữ số thập phân thứ năm.<br>Do đó, tổng tỷ lệ xuất hiện riêng lẻ có thể khác với tổng tỷ lệ được hiển thị.<br>- Do giới hạn hiển thị, tổng tỷ lệ xuất hiện có thể không bằng 100%.<br>- The Scout thường sẽ rút một lần cho mỗi lượt dựa trên tỷ lệ xuất hiện.<br>Ví dụ, Thành viên có tỷ lệ 1% không được đảm bảo sẽ xuất hiện dù thực hiện 100 lượt.<br>- Để biết chi tiết tỷ lệ xuất hiện, hãy kiểm tra tab Tỷ lệ xuất hiện.<br>- Ngay cả khi ứng dụng bị buộc đóng hoặc mất kết nối khiến màn hình kết quả Scout không hiển thị đúng sau khi thực hiện Scout thường, lượt Scout vẫn được xử lý chính xác. Hãy kiểm tra danh sách Thành viên và số Penlight.<br>- Các Thành viên xuất hiện trong Scout này có thể xuất hiện lại trong tương lai.<br>- Scout này có thể được mở lại trong tương lai.<br>- Thời gian mở và nội dung có thể thay đổi mà không báo trước.<br>- Có thể dùng Scout Ticket qua mục ""Scout bằng vé"" ở góc dưới bên phải màn hình.<br>　Vé không hiển thị trong ""Scout bằng vé"" sẽ không thể dùng cho Scout này.<br>- Khi một Thành viên đã chiêu mộ xuất hiện lại từ lần thứ hai trở đi, bạn sẽ nhận Penlight theo độ hiếm của họ.<br>　Thành viên R: 20<br>　Thành viên SR: 50<br>　Thành viên UR: 500<br>- Điểm Scout nhận được sẽ tự động chuyển thành 1 Skill Book (M) khi Scout kết thúc."
mst.lottery_caution.1110005._cautionText,"- Hãy kiểm tra tab ""Tỷ lệ xuất hiện"" để xem các Thành viên có thể xuất hiện.<br>- Cùng một Thành viên có thể xuất hiện nhiều lần trong Scout thường.<br>- Tỷ lệ xuất hiện được làm tròn đến chữ số thập phân thứ năm.<br>Do đó, tổng tỷ lệ xuất hiện riêng lẻ có thể khác với tổng tỷ lệ được hiển thị.<br>- Do giới hạn hiển thị, tổng tỷ lệ xuất hiện có thể không bằng 100%.<br>- The Scout thường sẽ rút một lần cho mỗi lượt dựa trên tỷ lệ xuất hiện.<br>Ví dụ, Thành viên có tỷ lệ 1% không được đảm bảo sẽ xuất hiện dù thực hiện 100 lượt.<br>- Để biết chi tiết tỷ lệ xuất hiện, hãy kiểm tra tab Tỷ lệ xuất hiện.<br>- Ngay cả khi ứng dụng bị buộc đóng hoặc mất kết nối khiến màn hình kết quả Scout không hiển thị đúng sau khi thực hiện Scout thường, lượt Scout vẫn được xử lý chính xác. Hãy kiểm tra danh sách Thành viên và số Penlight.<br>- Các Thành viên xuất hiện trong Scout này có thể xuất hiện lại trong tương lai.<br>- Scout này có thể được mở lại trong tương lai.<br>- Thời gian mở và nội dung có thể thay đổi mà không báo trước.<br>- Có thể dùng Scout Ticket qua mục ""Scout bằng vé"" ở góc dưới bên phải màn hình.<br>　Vé không hiển thị trong ""Scout bằng vé"" sẽ không thể dùng cho Scout này.<br>- Khi một Thành viên đã chiêu mộ xuất hiện lại từ lần thứ hai trở đi, bạn sẽ nhận Penlight theo độ hiếm của họ.<br>　Thành viên R: 20<br>　Thành viên SR: 50<br>　Thành viên UR: 500<br>- Điểm Scout nhận được sẽ tự động chuyển thành 1 Skill Book (M) khi Scout kết thúc."
mst.lottery_caution.1110006._cautionText,"- Hãy kiểm tra tab ""Tỷ lệ xuất hiện"" để xem các Thành viên có thể xuất hiện.<br>- Cùng một Thành viên có thể xuất hiện nhiều lần trong Scout thường.<br>- Tỷ lệ xuất hiện được làm tròn đến chữ số thập phân thứ năm.<br>Do đó, tổng tỷ lệ xuất hiện riêng lẻ có thể khác với tổng tỷ lệ được hiển thị.<br>- Do giới hạn hiển thị, tổng tỷ lệ xuất hiện có thể không bằng 100%.<br>- The Scout thường sẽ rút một lần cho mỗi lượt dựa trên tỷ lệ xuất hiện.<br>Ví dụ, Thành viên có tỷ lệ 1% không được đảm bảo sẽ xuất hiện dù thực hiện 100 lượt.<br>- Để biết chi tiết tỷ lệ xuất hiện, hãy kiểm tra tab Tỷ lệ xuất hiện.<br>- Ngay cả khi ứng dụng bị buộc đóng hoặc mất kết nối khiến màn hình kết quả Scout không hiển thị đúng sau khi thực hiện Scout thường, lượt Scout vẫn được xử lý chính xác. Hãy kiểm tra danh sách Thành viên và số Penlight.<br>- Các Thành viên xuất hiện trong Scout này có thể xuất hiện lại trong tương lai.<br>- Scout này có thể được mở lại trong tương lai.<br>- Thời gian mở và nội dung có thể thay đổi mà không báo trước.<br>- Có thể dùng Scout Ticket qua mục ""Scout bằng vé"" ở góc dưới bên phải màn hình.<br>　Vé không hiển thị trong ""Scout bằng vé"" sẽ không thể dùng cho Scout này.<br>- Khi một Thành viên đã chiêu mộ xuất hiện lại từ lần thứ hai trở đi, bạn sẽ nhận Penlight theo độ hiếm của họ.<br>　Thành viên R: 20<br>　Thành viên SR: 50<br>　Thành viên UR: 500<br>- Điểm Scout nhận được sẽ tự động chuyển thành 1 Skill Book (M) khi Scout kết thúc."
mst.lottery_caution.1110007._cautionText,"- Hãy kiểm tra tab ""Tỷ lệ xuất hiện"" để xem các Thành viên có thể xuất hiện.<br>- Cùng một Thành viên có thể xuất hiện nhiều lần trong Scout thường.<br>- Tỷ lệ xuất hiện được làm tròn đến chữ số thập phân thứ năm.<br>Do đó, tổng tỷ lệ xuất hiện riêng lẻ có thể khác với tổng tỷ lệ được hiển thị.<br>- Do giới hạn hiển thị, tổng tỷ lệ xuất hiện có thể không bằng 100%.<br>- The Scout thường sẽ rút một lần cho mỗi lượt dựa trên tỷ lệ xuất hiện.<br>Ví dụ, Thành viên có tỷ lệ 1% không được đảm bảo sẽ xuất hiện dù thực hiện 100 lượt.<br>- Để biết chi tiết tỷ lệ xuất hiện, hãy kiểm tra tab Tỷ lệ xuất hiện.<br>- Ngay cả khi ứng dụng bị buộc đóng hoặc mất kết nối khiến màn hình kết quả Scout không hiển thị đúng sau khi thực hiện Scout thường, lượt Scout vẫn được xử lý chính xác. Hãy kiểm tra danh sách Thành viên và số Penlight.<br>- Các Thành viên xuất hiện trong Scout này có thể xuất hiện lại trong tương lai.<br>- Scout này có thể được mở lại trong tương lai.<br>- Thời gian mở và nội dung có thể thay đổi mà không báo trước.<br>- Có thể dùng Scout Ticket qua mục ""Scout bằng vé"" ở góc dưới bên phải màn hình.<br>　Vé không hiển thị trong ""Scout bằng vé"" sẽ không thể dùng cho Scout này.<br>- Khi một Thành viên đã chiêu mộ xuất hiện lại từ lần thứ hai trở đi, bạn sẽ nhận Penlight theo độ hiếm của họ.<br>　Thành viên R: 20<br>　Thành viên SR: 50<br>　Thành viên UR: 500<br>- Điểm Scout nhận được sẽ tự động chuyển thành 1 Skill Book (M) khi Scout kết thúc."
mst.lottery_caution.1110008._cautionText,"- Hãy kiểm tra tab ""Tỷ lệ xuất hiện"" để xem các Thành viên có thể xuất hiện.<br>- Cùng một Thành viên có thể xuất hiện nhiều lần trong Scout thường.<br>- Tỷ lệ xuất hiện được làm tròn đến chữ số thập phân thứ năm.<br>Do đó, tổng tỷ lệ xuất hiện riêng lẻ có thể khác với tổng tỷ lệ được hiển thị.<br>- Do giới hạn hiển thị, tổng tỷ lệ xuất hiện có thể không bằng 100%.<br>- The Scout thường sẽ rút một lần cho mỗi lượt dựa trên tỷ lệ xuất hiện.<br>Ví dụ, Thành viên có tỷ lệ 1% không được đảm bảo sẽ xuất hiện dù thực hiện 100 lượt.<br>- Để biết chi tiết tỷ lệ xuất hiện, hãy kiểm tra tab Tỷ lệ xuất hiện.<br>- Ngay cả khi ứng dụng bị buộc đóng hoặc mất kết nối khiến màn hình kết quả Scout không hiển thị đúng sau khi thực hiện Scout thường, lượt Scout vẫn được xử lý chính xác. Hãy kiểm tra danh sách Thành viên và số Penlight.<br>- Các Thành viên xuất hiện trong Scout này có thể xuất hiện lại trong tương lai.<br>- Scout này có thể được mở lại trong tương lai.<br>- Thời gian mở và nội dung có thể thay đổi mà không báo trước.<br>- Có thể dùng Scout Ticket qua mục ""Scout bằng vé"" ở góc dưới bên phải màn hình.<br>　Vé không hiển thị trong ""Scout bằng vé"" sẽ không thể dùng cho Scout này.<br>- Khi một Thành viên đã chiêu mộ xuất hiện lại từ lần thứ hai trở đi, bạn sẽ nhận Penlight theo độ hiếm của họ.<br>　Thành viên R: 20<br>　Thành viên SR: 50<br>　Thành viên UR: 500<br>- Điểm Scout nhận được sẽ tự động chuyển thành 1 Skill Book (M) khi Scout kết thúc."
mst.lottery_caution.1110009._cautionText,"- Hãy kiểm tra tab ""Tỷ lệ xuất hiện"" để xem các Thành viên có thể xuất hiện.<br>- Cùng một Thành viên có thể xuất hiện nhiều lần trong Scout thường.<br>- Tỷ lệ xuất hiện được làm tròn đến chữ số thập phân thứ năm.<br>Do đó, tổng tỷ lệ xuất hiện riêng lẻ có thể khác với tổng tỷ lệ được hiển thị.<br>- Do giới hạn hiển thị, tổng tỷ lệ xuất hiện có thể không bằng 100%.<br>- The Scout thường sẽ rút một lần cho mỗi lượt dựa trên tỷ lệ xuất hiện.<br>Ví dụ, Thành viên có tỷ lệ 1% không được đảm bảo sẽ xuất hiện dù thực hiện 100 lượt.<br>- Để biết chi tiết tỷ lệ xuất hiện, hãy kiểm tra tab Tỷ lệ xuất hiện.<br>- Ngay cả khi ứng dụng bị buộc đóng hoặc mất kết nối khiến màn hình kết quả Scout không hiển thị đúng sau khi thực hiện Scout thường, lượt Scout vẫn được xử lý chính xác. Hãy kiểm tra danh sách Thành viên và số Penlight.<br>- Các Thành viên xuất hiện trong Scout này có thể xuất hiện lại trong tương lai.<br>- Scout này có thể được mở lại trong tương lai.<br>- Thời gian mở và nội dung có thể thay đổi mà không báo trước.<br>- Có thể dùng Scout Ticket qua mục ""Scout bằng vé"" ở góc dưới bên phải màn hình.<br>　Vé không hiển thị trong ""Scout bằng vé"" sẽ không thể dùng cho Scout này.<br>- Khi một Thành viên đã chiêu mộ xuất hiện lại từ lần thứ hai trở đi, bạn sẽ nhận Penlight theo độ hiếm của họ.<br>　Thành viên R: 20<br>　Thành viên SR: 50<br>　Thành viên UR: 500<br>- Điểm Scout nhận được sẽ tự động chuyển thành 1 Skill Book (M) khi Scout kết thúc."
mst.lottery_caution.1110010._cautionText,"- Hãy kiểm tra tab ""Tỷ lệ xuất hiện"" để xem các Thành viên có thể xuất hiện.<br>- Cùng một Thành viên có thể xuất hiện nhiều lần trong Scout thường.<br>- Tỷ lệ xuất hiện được làm tròn đến chữ số thập phân thứ năm.<br>Do đó, tổng tỷ lệ xuất hiện riêng lẻ có thể khác với tổng tỷ lệ được hiển thị.<br>- Do giới hạn hiển thị, tổng tỷ lệ xuất hiện có thể không bằng 100%.<br>- The Scout thường sẽ rút một lần cho mỗi lượt dựa trên tỷ lệ xuất hiện.<br>Ví dụ, Thành viên có tỷ lệ 1% không được đảm bảo sẽ xuất hiện dù thực hiện 100 lượt.<br>- Để biết chi tiết tỷ lệ xuất hiện, hãy kiểm tra tab Tỷ lệ xuất hiện.<br>- Ngay cả khi ứng dụng bị buộc đóng hoặc mất kết nối khiến màn hình kết quả Scout không hiển thị đúng sau khi thực hiện Scout thường, lượt Scout vẫn được xử lý chính xác. Hãy kiểm tra danh sách Thành viên và số Penlight.<br>- Các Thành viên xuất hiện trong Scout này có thể xuất hiện lại trong tương lai.<br>- Scout này có thể được mở lại trong tương lai.<br>- Thời gian mở và nội dung có thể thay đổi mà không báo trước.<br>- Có thể dùng Scout Ticket qua mục ""Scout bằng vé"" ở góc dưới bên phải màn hình.<br>　Vé không hiển thị trong ""Scout bằng vé"" sẽ không thể dùng cho Scout này.<br>- Khi một Thành viên đã chiêu mộ xuất hiện lại từ lần thứ hai trở đi, bạn sẽ nhận Penlight theo độ hiếm của họ.<br>　Thành viên R: 20<br>　Thành viên SR: 50<br>　Thành viên UR: 500<br>- Điểm Scout nhận được sẽ tự động chuyển thành 1 Skill Book (M) khi Scout kết thúc."
mst.lottery_caution.1110011._cautionText,"- Hãy kiểm tra tab ""Tỷ lệ xuất hiện"" để xem các Thành viên có thể xuất hiện.<br>- Cùng một Thành viên có thể xuất hiện nhiều lần trong Scout thường.<br>- Tỷ lệ xuất hiện được làm tròn đến chữ số thập phân thứ năm.<br>Do đó, tổng tỷ lệ xuất hiện riêng lẻ có thể khác với tổng tỷ lệ được hiển thị.<br>- Do giới hạn hiển thị, tổng tỷ lệ xuất hiện có thể không bằng 100%.<br>- The Scout thường sẽ rút một lần cho mỗi lượt dựa trên tỷ lệ xuất hiện.<br>Ví dụ, Thành viên có tỷ lệ 1% không được đảm bảo sẽ xuất hiện dù thực hiện 100 lượt.<br>- Để biết chi tiết tỷ lệ xuất hiện, hãy kiểm tra tab Tỷ lệ xuất hiện.<br>- Ngay cả khi ứng dụng bị buộc đóng hoặc mất kết nối khiến màn hình kết quả Scout không hiển thị đúng sau khi thực hiện Scout thường, lượt Scout vẫn được xử lý chính xác. Hãy kiểm tra danh sách Thành viên và số Penlight.<br>- Các Thành viên xuất hiện trong Scout này có thể xuất hiện lại trong tương lai.<br>- Scout này có thể được mở lại trong tương lai.<br>- Thời gian mở và nội dung có thể thay đổi mà không báo trước.<br>- Có thể dùng Scout Ticket qua mục ""Scout bằng vé"" ở góc dưới bên phải màn hình.<br>　Vé không hiển thị trong ""Scout bằng vé"" sẽ không thể dùng cho Scout này.<br>- Khi một Thành viên đã chiêu mộ xuất hiện lại từ lần thứ hai trở đi, bạn sẽ nhận Penlight theo độ hiếm của họ.<br>　Thành viên R: 20<br>　Thành viên SR: 50<br>　Thành viên UR: 500<br>- Điểm Scout nhận được sẽ tự động chuyển thành 1 Skill Book (M) khi Scout kết thúc."
mst.lottery_caution.1110012._cautionText,"- Hãy kiểm tra tab ""Tỷ lệ xuất hiện"" để xem các Thành viên có thể xuất hiện.<br>- Cùng một Thành viên có thể xuất hiện nhiều lần trong Scout thường.<br>- Tỷ lệ xuất hiện được làm tròn đến chữ số thập phân thứ năm.<br>Do đó, tổng tỷ lệ xuất hiện riêng lẻ có thể khác với tổng tỷ lệ được hiển thị.<br>- Do giới hạn hiển thị, tổng tỷ lệ xuất hiện có thể không bằng 100%.<br>- The Scout thường sẽ rút một lần cho mỗi lượt dựa trên tỷ lệ xuất hiện.<br>Ví dụ, Thành viên có tỷ lệ 1% không được đảm bảo sẽ xuất hiện dù thực hiện 100 lượt.<br>- Để biết chi tiết tỷ lệ xuất hiện, hãy kiểm tra tab Tỷ lệ xuất hiện.<br>- Ngay cả khi ứng dụng bị buộc đóng hoặc mất kết nối khiến màn hình kết quả Scout không hiển thị đúng sau khi thực hiện Scout thường, lượt Scout vẫn được xử lý chính xác. Hãy kiểm tra danh sách Thành viên và số Penlight.<br>- Các Thành viên xuất hiện trong Scout này có thể xuất hiện lại trong tương lai.<br>- Scout này có thể được mở lại trong tương lai.<br>- Thời gian mở và nội dung có thể thay đổi mà không báo trước.<br>- Có thể dùng Scout Ticket qua mục ""Scout bằng vé"" ở góc dưới bên phải màn hình.<br>　Vé không hiển thị trong ""Scout bằng vé"" sẽ không thể dùng cho Scout này.<br>- Khi một Thành viên đã chiêu mộ xuất hiện lại từ lần thứ hai trở đi, bạn sẽ nhận Penlight theo độ hiếm của họ.<br>　Thành viên R: 20<br>　Thành viên SR: 50<br>　Thành viên UR: 500<br>- Điểm Scout nhận được sẽ tự động chuyển thành 1 Skill Book (M) khi Scout kết thúc."
mst.lottery_caution.1110013._cautionText,"- Hãy kiểm tra tab ""Tỷ lệ xuất hiện"" để xem các Thành viên có thể xuất hiện.<br>- Cùng một Thành viên có thể xuất hiện nhiều lần trong Scout thường.<br>- Tỷ lệ xuất hiện được làm tròn đến chữ số thập phân thứ năm.<br>Do đó, tổng tỷ lệ xuất hiện riêng lẻ có thể khác với tổng tỷ lệ được hiển thị.<br>- Do giới hạn hiển thị, tổng tỷ lệ xuất hiện có thể không bằng 100%.<br>- The Scout thường sẽ rút một lần cho mỗi lượt dựa trên tỷ lệ xuất hiện.<br>Ví dụ, Thành viên có tỷ lệ 1% không được đảm bảo sẽ xuất hiện dù thực hiện 100 lượt.<br>- Để biết chi tiết tỷ lệ xuất hiện, hãy kiểm tra tab Tỷ lệ xuất hiện.<br>- Ngay cả khi ứng dụng bị buộc đóng hoặc mất kết nối khiến màn hình kết quả Scout không hiển thị đúng sau khi thực hiện Scout thường, lượt Scout vẫn được xử lý chính xác. Hãy kiểm tra danh sách Thành viên và số Penlight.<br>- Các Thành viên xuất hiện trong Scout này có thể xuất hiện lại trong tương lai.<br>- Scout này có thể được mở lại trong tương lai.<br>- Thời gian mở và nội dung có thể thay đổi mà không báo trước.<br>- Có thể dùng Scout Ticket qua mục ""Scout bằng vé"" ở góc dưới bên phải màn hình.<br>　Vé không hiển thị trong ""Scout bằng vé"" sẽ không thể dùng cho Scout này.<br>- Khi một Thành viên đã chiêu mộ xuất hiện lại từ lần thứ hai trở đi, bạn sẽ nhận Penlight theo độ hiếm của họ.<br>　Thành viên R: 20<br>　Thành viên SR: 50<br>　Thành viên UR: 500<br>- Điểm Scout nhận được sẽ tự động chuyển thành 1 Skill Book (M) khi Scout kết thúc."
mst.lottery_caution.1110014._cautionText,"- Hãy kiểm tra tab ""Tỷ lệ xuất hiện"" để xem các Thành viên có thể xuất hiện.<br>- Cùng một Thành viên có thể xuất hiện nhiều lần trong Scout thường.<br>- Tỷ lệ xuất hiện được làm tròn đến chữ số thập phân thứ năm.<br>Do đó, tổng tỷ lệ xuất hiện riêng lẻ có thể khác với tổng tỷ lệ được hiển thị.<br>- Do giới hạn hiển thị, tổng tỷ lệ xuất hiện có thể không bằng 100%.<br>- The Scout thường sẽ rút một lần cho mỗi lượt dựa trên tỷ lệ xuất hiện.<br>Ví dụ, Thành viên có tỷ lệ 1% không được đảm bảo sẽ xuất hiện dù thực hiện 100 lượt.<br>- Để biết chi tiết tỷ lệ xuất hiện, hãy kiểm tra tab Tỷ lệ xuất hiện.<br>- Ngay cả khi ứng dụng bị buộc đóng hoặc mất kết nối khiến màn hình kết quả Scout không hiển thị đúng sau khi thực hiện Scout thường, lượt Scout vẫn được xử lý chính xác. Hãy kiểm tra danh sách Thành viên và số Penlight.<br>- Các Thành viên xuất hiện trong Scout này có thể xuất hiện lại trong tương lai.<br>- Scout này có thể được mở lại trong tương lai.<br>- Thời gian mở và nội dung có thể thay đổi mà không báo trước.<br>- Có thể dùng Scout Ticket qua mục ""Scout bằng vé"" ở góc dưới bên phải màn hình.<br>　Vé không hiển thị trong ""Scout bằng vé"" sẽ không thể dùng cho Scout này.<br>- Khi một Thành viên đã chiêu mộ xuất hiện lại từ lần thứ hai trở đi, bạn sẽ nhận Penlight theo độ hiếm của họ.<br>　Thành viên R: 20<br>　Thành viên SR: 50<br>　Thành viên UR: 500<br>- Điểm Scout nhận được sẽ tự động chuyển thành 1 Skill Book (M) khi Scout kết thúc."
mst.lottery_caution.1110015._cautionText,"- Hãy kiểm tra tab ""Tỷ lệ xuất hiện"" để xem các Thành viên có thể xuất hiện.<br>- Cùng một Thành viên có thể xuất hiện nhiều lần trong Scout thường.<br>- Tỷ lệ xuất hiện được làm tròn đến chữ số thập phân thứ năm.<br>Do đó, tổng tỷ lệ xuất hiện riêng lẻ có thể khác với tổng tỷ lệ được hiển thị.<br>- Do giới hạn hiển thị, tổng tỷ lệ xuất hiện có thể không bằng 100%.<br>- The Scout thường sẽ rút một lần cho mỗi lượt dựa trên tỷ lệ xuất hiện.<br>Ví dụ, Thành viên có tỷ lệ 1% không được đảm bảo sẽ xuất hiện dù thực hiện 100 lượt.<br>- Để biết chi tiết tỷ lệ xuất hiện, hãy kiểm tra tab Tỷ lệ xuất hiện.<br>- Ngay cả khi ứng dụng bị buộc đóng hoặc mất kết nối khiến màn hình kết quả Scout không hiển thị đúng sau khi thực hiện Scout thường, lượt Scout vẫn được xử lý chính xác. Hãy kiểm tra danh sách Thành viên và số Penlight.<br>- Các Thành viên xuất hiện trong Scout này có thể xuất hiện lại trong tương lai.<br>- Scout này có thể được mở lại trong tương lai.<br>- Thời gian mở và nội dung có thể thay đổi mà không báo trước.<br>- Có thể dùng Scout Ticket qua mục ""Scout bằng vé"" ở góc dưới bên phải màn hình.<br>　Vé không hiển thị trong ""Scout bằng vé"" sẽ không thể dùng cho Scout này.<br>- Khi một Thành viên đã chiêu mộ xuất hiện lại từ lần thứ hai trở đi, bạn sẽ nhận Penlight theo độ hiếm của họ.<br>　Thành viên R: 20<br>　Thành viên SR: 50<br>　Thành viên UR: 500<br>- Điểm Scout nhận được sẽ tự động chuyển thành 1 Skill Book (M) khi Scout kết thúc."
mst.lottery_caution.1110016._cautionText,"- Hãy kiểm tra tab ""Tỷ lệ xuất hiện"" để xem các Thành viên có thể xuất hiện.<br>- Cùng một Thành viên có thể xuất hiện nhiều lần trong Scout thường.<br>- Tỷ lệ xuất hiện được làm tròn đến chữ số thập phân thứ năm.<br>Do đó, tổng tỷ lệ xuất hiện riêng lẻ có thể khác với tổng tỷ lệ được hiển thị.<br>- Do giới hạn hiển thị, tổng tỷ lệ xuất hiện có thể không bằng 100%.<br>- The Scout thường sẽ rút một lần cho mỗi lượt dựa trên tỷ lệ xuất hiện.<br>Ví dụ, Thành viên có tỷ lệ 1% không được đảm bảo sẽ xuất hiện dù thực hiện 100 lượt.<br>- Để biết chi tiết tỷ lệ xuất hiện, hãy kiểm tra tab Tỷ lệ xuất hiện.<br>- Ngay cả khi ứng dụng bị buộc đóng hoặc mất kết nối khiến màn hình kết quả Scout không hiển thị đúng sau khi thực hiện Scout thường, lượt Scout vẫn được xử lý chính xác. Hãy kiểm tra danh sách Thành viên và số Penlight.<br>- Các Thành viên xuất hiện trong Scout này có thể xuất hiện lại trong tương lai.<br>- Scout này có thể được mở lại trong tương lai.<br>- Thời gian mở và nội dung có thể thay đổi mà không báo trước.<br>- Có thể dùng Scout Ticket qua mục ""Scout bằng vé"" ở góc dưới bên phải màn hình.<br>　Vé không hiển thị trong ""Scout bằng vé"" sẽ không thể dùng cho Scout này.<br>- Khi một Thành viên đã chiêu mộ xuất hiện lại từ lần thứ hai trở đi, bạn sẽ nhận Penlight theo độ hiếm của họ.<br>　Thành viên R: 20<br>　Thành viên SR: 50<br>　Thành viên UR: 500<br>- Điểm Scout nhận được sẽ tự động chuyển thành 1 Skill Book (M) khi Scout kết thúc."
mst.lottery_caution.1110017._cautionText,"- Hãy kiểm tra tab ""Tỷ lệ xuất hiện"" để xem các Thành viên có thể xuất hiện.<br>- Cùng một Thành viên có thể xuất hiện nhiều lần trong Scout thường.<br>- Tỷ lệ xuất hiện được làm tròn đến chữ số thập phân thứ năm.<br>Do đó, tổng tỷ lệ xuất hiện riêng lẻ có thể khác với tổng tỷ lệ được hiển thị.<br>- Do giới hạn hiển thị, tổng tỷ lệ xuất hiện có thể không bằng 100%.<br>- The Scout thường sẽ rút một lần cho mỗi lượt dựa trên tỷ lệ xuất hiện.<br>Ví dụ, Thành viên có tỷ lệ 1% không được đảm bảo sẽ xuất hiện dù thực hiện 100 lượt.<br>- Để biết chi tiết tỷ lệ xuất hiện, hãy kiểm tra tab Tỷ lệ xuất hiện.<br>- Ngay cả khi ứng dụng bị buộc đóng hoặc mất kết nối khiến màn hình kết quả Scout không hiển thị đúng sau khi thực hiện Scout thường, lượt Scout vẫn được xử lý chính xác. Hãy kiểm tra danh sách Thành viên và số Penlight.<br>- Các Thành viên xuất hiện trong Scout này có thể xuất hiện lại trong tương lai.<br>- Scout này có thể được mở lại trong tương lai.<br>- Thời gian mở và nội dung có thể thay đổi mà không báo trước.<br>- Có thể dùng Scout Ticket qua mục ""Scout bằng vé"" ở góc dưới bên phải màn hình.<br>　Vé không hiển thị trong ""Scout bằng vé"" sẽ không thể dùng cho Scout này.<br>- Khi một Thành viên đã chiêu mộ xuất hiện lại từ lần thứ hai trở đi, bạn sẽ nhận Penlight theo độ hiếm của họ.<br>　Thành viên R: 20<br>　Thành viên SR: 50<br>　Thành viên UR: 500<br>- Điểm Scout nhận được sẽ tự động chuyển thành 1 Skill Book (M) khi Scout kết thúc."
mst.lottery_caution.1110018._cautionText,"- Hãy kiểm tra tab ""Tỷ lệ xuất hiện"" để xem các Thành viên có thể xuất hiện.<br>- Cùng một Thành viên có thể xuất hiện nhiều lần trong Scout thường.<br>- Tỷ lệ xuất hiện được làm tròn đến chữ số thập phân thứ năm.<br>Do đó, tổng tỷ lệ xuất hiện riêng lẻ có thể khác với tổng tỷ lệ được hiển thị.<br>- Do giới hạn hiển thị, tổng tỷ lệ xuất hiện có thể không bằng 100%.<br>- The Scout thường sẽ rút một lần cho mỗi lượt dựa trên tỷ lệ xuất hiện.<br>Ví dụ, Thành viên có tỷ lệ 1% không được đảm bảo sẽ xuất hiện dù thực hiện 100 lượt.<br>- Để biết chi tiết tỷ lệ xuất hiện, hãy kiểm tra tab Tỷ lệ xuất hiện.<br>- Ngay cả khi ứng dụng bị buộc đóng hoặc mất kết nối khiến màn hình kết quả Scout không hiển thị đúng sau khi thực hiện Scout thường, lượt Scout vẫn được xử lý chính xác. Hãy kiểm tra danh sách Thành viên và số Penlight.<br>- Các Thành viên xuất hiện trong Scout này có thể xuất hiện lại trong tương lai.<br>- Scout này có thể được mở lại trong tương lai.<br>- Thời gian mở và nội dung có thể thay đổi mà không báo trước.<br>- Có thể dùng Scout Ticket qua mục ""Scout bằng vé"" ở góc dưới bên phải màn hình.<br>　Vé không hiển thị trong ""Scout bằng vé"" sẽ không thể dùng cho Scout này.<br>- Khi một Thành viên đã chiêu mộ xuất hiện lại từ lần thứ hai trở đi, bạn sẽ nhận Penlight theo độ hiếm của họ.<br>　Thành viên R: 20<br>　Thành viên SR: 50<br>　Thành viên UR: 500<br>- Điểm Scout nhận được sẽ tự động chuyển thành 1 Skill Book (M) khi Scout kết thúc."
mst.lottery_caution.1110019._cautionText,"- Hãy kiểm tra tab ""Tỷ lệ xuất hiện"" để xem các Thành viên có thể xuất hiện.<br>- Cùng một Thành viên có thể xuất hiện nhiều lần trong Scout thường.<br>- Tỷ lệ xuất hiện được làm tròn đến chữ số thập phân thứ năm.<br>Do đó, tổng tỷ lệ xuất hiện riêng lẻ có thể khác với tổng tỷ lệ được hiển thị.<br>- Do giới hạn hiển thị, tổng tỷ lệ xuất hiện có thể không bằng 100%.<br>- The Scout thường sẽ rút một lần cho mỗi lượt dựa trên tỷ lệ xuất hiện.<br>Ví dụ, Thành viên có tỷ lệ 1% không được đảm bảo sẽ xuất hiện dù thực hiện 100 lượt.<br>- Để biết chi tiết tỷ lệ xuất hiện, hãy kiểm tra tab Tỷ lệ xuất hiện.<br>- Ngay cả khi ứng dụng bị buộc đóng hoặc mất kết nối khiến màn hình kết quả Scout không hiển thị đúng sau khi thực hiện Scout thường, lượt Scout vẫn được xử lý chính xác. Hãy kiểm tra danh sách Thành viên và số Penlight.<br>- Các Thành viên xuất hiện trong Scout này có thể xuất hiện lại trong tương lai.<br>- Scout này có thể được mở lại trong tương lai.<br>- Thời gian mở và nội dung có thể thay đổi mà không báo trước.<br>- Có thể dùng Scout Ticket qua mục ""Scout bằng vé"" ở góc dưới bên phải màn hình.<br>　Vé không hiển thị trong ""Scout bằng vé"" sẽ không thể dùng cho Scout này.<br>- Khi một Thành viên đã chiêu mộ xuất hiện lại từ lần thứ hai trở đi, bạn sẽ nhận Penlight theo độ hiếm của họ.<br>　Thành viên R: 20<br>　Thành viên SR: 50<br>　Thành viên UR: 500<br>- Điểm Scout nhận được sẽ tự động chuyển thành 1 Skill Book (M) khi Scout kết thúc."
mst.lottery_caution.1110020._cautionText,"- Hãy kiểm tra tab ""Tỷ lệ xuất hiện"" để xem các Thành viên có thể xuất hiện.<br>- Cùng một Thành viên có thể xuất hiện nhiều lần trong Scout thường.<br>- Tỷ lệ xuất hiện được làm tròn đến chữ số thập phân thứ năm.<br>Do đó, tổng tỷ lệ xuất hiện riêng lẻ có thể khác với tổng tỷ lệ được hiển thị.<br>- Do giới hạn hiển thị, tổng tỷ lệ xuất hiện có thể không bằng 100%.<br>- The Scout thường sẽ rút một lần cho mỗi lượt dựa trên tỷ lệ xuất hiện.<br>Ví dụ, Thành viên có tỷ lệ 1% không được đảm bảo sẽ xuất hiện dù thực hiện 100 lượt.<br>- Để biết chi tiết tỷ lệ xuất hiện, hãy kiểm tra tab Tỷ lệ xuất hiện.<br>- Ngay cả khi ứng dụng bị buộc đóng hoặc mất kết nối khiến màn hình kết quả Scout không hiển thị đúng sau khi thực hiện Scout thường, lượt Scout vẫn được xử lý chính xác. Hãy kiểm tra danh sách Thành viên và số Penlight.<br>- Các Thành viên xuất hiện trong Scout này có thể xuất hiện lại trong tương lai.<br>- Scout này có thể được mở lại trong tương lai.<br>- Thời gian mở và nội dung có thể thay đổi mà không báo trước.<br>- Có thể dùng Scout Ticket qua mục ""Scout bằng vé"" ở góc dưới bên phải màn hình.<br>　Vé không hiển thị trong ""Scout bằng vé"" sẽ không thể dùng cho Scout này.<br>- Khi một Thành viên đã chiêu mộ xuất hiện lại từ lần thứ hai trở đi, bạn sẽ nhận Penlight theo độ hiếm của họ.<br>　Thành viên R: 20<br>　Thành viên SR: 50<br>　Thành viên UR: 500<br>- Điểm Scout nhận được sẽ tự động chuyển thành 1 Skill Book (M) khi Scout kết thúc."
mst.lottery_caution.1110021._cautionText,"- Hãy kiểm tra tab ""Tỷ lệ xuất hiện"" để xem các Thành viên có thể xuất hiện.<br>- Cùng một Thành viên có thể xuất hiện nhiều lần trong Scout thường.<br>- Tỷ lệ xuất hiện được làm tròn đến chữ số thập phân thứ năm.<br>Do đó, tổng tỷ lệ xuất hiện riêng lẻ có thể khác với tổng tỷ lệ được hiển thị.<br>- Do giới hạn hiển thị, tổng tỷ lệ xuất hiện có thể không bằng 100%.<br>- The Scout thường sẽ rút một lần cho mỗi lượt dựa trên tỷ lệ xuất hiện.<br>Ví dụ, Thành viên có tỷ lệ 1% không được đảm bảo sẽ xuất hiện dù thực hiện 100 lượt.<br>- Để biết chi tiết tỷ lệ xuất hiện, hãy kiểm tra tab Tỷ lệ xuất hiện.<br>- Ngay cả khi ứng dụng bị buộc đóng hoặc mất kết nối khiến màn hình kết quả Scout không hiển thị đúng sau khi thực hiện Scout thường, lượt Scout vẫn được xử lý chính xác. Hãy kiểm tra danh sách Thành viên và số Penlight.<br>- Các Thành viên xuất hiện trong Scout này có thể xuất hiện lại trong tương lai.<br>- Scout này có thể được mở lại trong tương lai.<br>- Thời gian mở và nội dung có thể thay đổi mà không báo trước.<br>- Có thể dùng Scout Ticket qua mục ""Scout bằng vé"" ở góc dưới bên phải màn hình.<br>　Vé không hiển thị trong ""Scout bằng vé"" sẽ không thể dùng cho Scout này.<br>- Khi một Thành viên đã chiêu mộ xuất hiện lại từ lần thứ hai trở đi, bạn sẽ nhận Penlight theo độ hiếm của họ.<br>　Thành viên R: 20<br>　Thành viên SR: 50<br>　Thành viên UR: 500<br>- Điểm Scout nhận được sẽ tự động chuyển thành 1 Skill Book (M) khi Scout kết thúc."
mst.lottery_caution.1110022._cautionText,"- Hãy kiểm tra tab ""Tỷ lệ xuất hiện"" để xem các Thành viên có thể xuất hiện.<br>- Cùng một Thành viên có thể xuất hiện nhiều lần trong Scout thường.<br>- Tỷ lệ xuất hiện được làm tròn đến chữ số thập phân thứ năm.<br>Do đó, tổng tỷ lệ xuất hiện riêng lẻ có thể khác với tổng tỷ lệ được hiển thị.<br>- Do giới hạn hiển thị, tổng tỷ lệ xuất hiện có thể không bằng 100%.<br>- The Scout thường sẽ rút một lần cho mỗi lượt dựa trên tỷ lệ xuất hiện.<br>Ví dụ, Thành viên có tỷ lệ 1% không được đảm bảo sẽ xuất hiện dù thực hiện 100 lượt.<br>- Để biết chi tiết tỷ lệ xuất hiện, hãy kiểm tra tab Tỷ lệ xuất hiện.<br>- Ngay cả khi ứng dụng bị buộc đóng hoặc mất kết nối khiến màn hình kết quả Scout không hiển thị đúng sau khi thực hiện Scout thường, lượt Scout vẫn được xử lý chính xác. Hãy kiểm tra danh sách Thành viên và số Penlight.<br>- Các Thành viên xuất hiện trong Scout này có thể xuất hiện lại trong tương lai.<br>- Scout này có thể được mở lại trong tương lai.<br>- Thời gian mở và nội dung có thể thay đổi mà không báo trước.<br>- Có thể dùng Scout Ticket qua mục ""Scout bằng vé"" ở góc dưới bên phải màn hình.<br>　Vé không hiển thị trong ""Scout bằng vé"" sẽ không thể dùng cho Scout này.<br>- Khi một Thành viên đã chiêu mộ xuất hiện lại từ lần thứ hai trở đi, bạn sẽ nhận Penlight theo độ hiếm của họ.<br>　Thành viên R: 20<br>　Thành viên SR: 50<br>　Thành viên UR: 500<br>- Điểm Scout nhận được sẽ tự động chuyển thành 1 Skill Book (M) khi Scout kết thúc."
mst.lottery_caution.1110023._cautionText,"- Hãy kiểm tra tab ""Tỷ lệ xuất hiện"" để xem các Thành viên có thể xuất hiện.<br>- Cùng một Thành viên có thể xuất hiện nhiều lần trong Scout thường.<br>- Tỷ lệ xuất hiện được làm tròn đến chữ số thập phân thứ năm.<br>Do đó, tổng tỷ lệ xuất hiện riêng lẻ có thể khác với tổng tỷ lệ được hiển thị.<br>- Do giới hạn hiển thị, tổng tỷ lệ xuất hiện có thể không bằng 100%.<br>- The Scout thường sẽ rút một lần cho mỗi lượt dựa trên tỷ lệ xuất hiện.<br>Ví dụ, Thành viên có tỷ lệ 1% không được đảm bảo sẽ xuất hiện dù thực hiện 100 lượt.<br>- Để biết chi tiết tỷ lệ xuất hiện, hãy kiểm tra tab Tỷ lệ xuất hiện.<br>- Ngay cả khi ứng dụng bị buộc đóng hoặc mất kết nối khiến màn hình kết quả Scout không hiển thị đúng sau khi thực hiện Scout thường, lượt Scout vẫn được xử lý chính xác. Hãy kiểm tra danh sách Thành viên và số Penlight.<br>- Các Thành viên xuất hiện trong Scout này có thể xuất hiện lại trong tương lai.<br>- Scout này có thể được mở lại trong tương lai.<br>- Thời gian mở và nội dung có thể thay đổi mà không báo trước.<br>- Có thể dùng Scout Ticket qua mục ""Scout bằng vé"" ở góc dưới bên phải màn hình.<br>　Vé không hiển thị trong ""Scout bằng vé"" sẽ không thể dùng cho Scout này.<br>- Khi một Thành viên đã chiêu mộ xuất hiện lại từ lần thứ hai trở đi, bạn sẽ nhận Penlight theo độ hiếm của họ.<br>　Thành viên R: 20<br>　Thành viên SR: 50<br>　Thành viên UR: 500<br>- Điểm Scout nhận được sẽ tự động chuyển thành 1 Skill Book (M) khi Scout kết thúc."
mst.lottery_caution.1110024._cautionText,"- Hãy kiểm tra tab ""Tỷ lệ xuất hiện"" để xem các Thành viên có thể xuất hiện.<br>- Cùng một Thành viên có thể xuất hiện nhiều lần trong Scout thường.<br>- Tỷ lệ xuất hiện được làm tròn đến chữ số thập phân thứ năm.<br>Do đó, tổng tỷ lệ xuất hiện riêng lẻ có thể khác với tổng tỷ lệ được hiển thị.<br>- Do giới hạn hiển thị, tổng tỷ lệ xuất hiện có thể không bằng 100%.<br>- The Scout thường sẽ rút một lần cho mỗi lượt dựa trên tỷ lệ xuất hiện.<br>Ví dụ, Thành viên có tỷ lệ 1% không được đảm bảo sẽ xuất hiện dù thực hiện 100 lượt.<br>- Để biết chi tiết tỷ lệ xuất hiện, hãy kiểm tra tab Tỷ lệ xuất hiện.<br>- Ngay cả khi ứng dụng bị buộc đóng hoặc mất kết nối khiến màn hình kết quả Scout không hiển thị đúng sau khi thực hiện Scout thường, lượt Scout vẫn được xử lý chính xác. Hãy kiểm tra danh sách Thành viên và số Penlight.<br>- Các Thành viên xuất hiện trong Scout này có thể xuất hiện lại trong tương lai.<br>- Scout này có thể được mở lại trong tương lai.<br>- Thời gian mở và nội dung có thể thay đổi mà không báo trước.<br>- Có thể dùng Scout Ticket qua mục ""Scout bằng vé"" ở góc dưới bên phải màn hình.<br>　Vé không hiển thị trong ""Scout bằng vé"" sẽ không thể dùng cho Scout này.<br>- Khi một Thành viên đã chiêu mộ xuất hiện lại từ lần thứ hai trở đi, bạn sẽ nhận Penlight theo độ hiếm của họ.<br>　Thành viên R: 20<br>　Thành viên SR: 50<br>　Thành viên UR: 500<br>- Điểm Scout nhận được sẽ tự động chuyển thành 1 Skill Book (M) khi Scout kết thúc."
mst.lottery_caution.2110001._cautionText,"- Hãy kiểm tra tab ""Tỷ lệ xuất hiện"" để xem các Thành viên có thể xuất hiện.<br>- Cùng một Thành viên có thể xuất hiện nhiều lần trong Scout Tiêu Điểm: Us and This Town.<br>- Tỷ lệ xuất hiện được làm tròn đến chữ số thập phân thứ năm.<br>Do đó, tổng tỷ lệ xuất hiện riêng lẻ có thể khác với tổng tỷ lệ được hiển thị.<br>- Do giới hạn hiển thị, tổng tỷ lệ xuất hiện có thể không bằng 100%.<br>- The Scout Tiêu Điểm: Us and This Town sẽ rút một lần cho mỗi lượt dựa trên tỷ lệ xuất hiện.<br>Ví dụ, Thành viên có tỷ lệ 1% không được đảm bảo sẽ xuất hiện dù thực hiện 100 lượt.<br>- Để biết chi tiết tỷ lệ xuất hiện, hãy kiểm tra tab Tỷ lệ xuất hiện.<br>- Ngay cả khi ứng dụng bị buộc đóng hoặc mất kết nối khiến màn hình kết quả Scout không hiển thị đúng sau khi thực hiện Scout Tiêu Điểm: Us and This Town, lượt Scout vẫn được xử lý chính xác. Hãy kiểm tra danh sách Thành viên và số Penlight.<br>- Các Thành viên xuất hiện trong Scout này có thể xuất hiện lại trong tương lai.<br>- Scout này có thể được mở lại trong tương lai.<br>- Thời gian mở và nội dung có thể thay đổi mà không báo trước.<br>- Có thể dùng Scout Ticket qua mục ""Scout bằng vé"" ở góc dưới bên phải màn hình.<br>　Vé không hiển thị trong ""Scout bằng vé"" sẽ không thể dùng cho Scout này.<br>- Khi một Thành viên đã chiêu mộ xuất hiện lại từ lần thứ hai trở đi, bạn sẽ nhận Penlight theo độ hiếm của họ.<br>　Thành viên R: 20<br>　Thành viên SR: 50<br>　Thành viên UR: 500<br>- Điểm Scout nhận được sẽ tự động chuyển thành 1 Skill Book (M) khi Scout kết thúc."
mst.lottery_caution.2110002._cautionText,"- Hãy kiểm tra tab ""Tỷ lệ xuất hiện"" để xem các Thành viên có thể xuất hiện.<br>- Cùng một Thành viên có thể xuất hiện nhiều lần trong Scout Tiêu Điểm: Show It Off at the Shopping District!.<br>- Tỷ lệ xuất hiện được làm tròn đến chữ số thập phân thứ năm.<br>Do đó, tổng tỷ lệ xuất hiện riêng lẻ có thể khác với tổng tỷ lệ được hiển thị.<br>- Do giới hạn hiển thị, tổng tỷ lệ xuất hiện có thể không bằng 100%.<br>- The Scout Tiêu Điểm: Show It Off at the Shopping District! sẽ rút một lần cho mỗi lượt dựa trên tỷ lệ xuất hiện.<br>Ví dụ, Thành viên có tỷ lệ 1% không được đảm bảo sẽ xuất hiện dù thực hiện 100 lượt.<br>- Để biết chi tiết tỷ lệ xuất hiện, hãy kiểm tra tab Tỷ lệ xuất hiện.<br>- Ngay cả khi ứng dụng bị buộc đóng hoặc mất kết nối khiến màn hình kết quả Scout không hiển thị đúng sau khi thực hiện Scout Tiêu Điểm: Show It Off at the Shopping District!, lượt Scout vẫn được xử lý chính xác. Hãy kiểm tra danh sách Thành viên và số Penlight.<br>- Các Thành viên xuất hiện trong Scout này có thể xuất hiện lại trong tương lai.<br>- Scout này có thể được mở lại trong tương lai.<br>- Thời gian mở và nội dung có thể thay đổi mà không báo trước.<br>- Có thể dùng Scout Ticket qua mục ""Scout bằng vé"" ở góc dưới bên phải màn hình.<br>　Vé không hiển thị trong ""Scout bằng vé"" sẽ không thể dùng cho Scout này.<br>- Khi một Thành viên đã chiêu mộ xuất hiện lại từ lần thứ hai trở đi, bạn sẽ nhận Penlight theo độ hiếm của họ.<br>　Thành viên R: 20<br>　Thành viên SR: 50<br>　Thành viên UR: 500<br>- Điểm Scout nhận được sẽ tự động chuyển thành 1 Skill Book (M) khi Scout kết thúc."
mst.lottery_caution.2110003._cautionText,"- Hãy kiểm tra tab ""Tỷ lệ xuất hiện"" để xem các Thành viên có thể xuất hiện.<br>- Cùng một Thành viên có thể xuất hiện nhiều lần trong Scout Tiêu Điểm: Live in Nature.<br>- Tỷ lệ xuất hiện được làm tròn đến chữ số thập phân thứ năm.<br>Do đó, tổng tỷ lệ xuất hiện riêng lẻ có thể khác với tổng tỷ lệ được hiển thị.<br>- Do giới hạn hiển thị, tổng tỷ lệ xuất hiện có thể không bằng 100%.<br>- The Scout Tiêu Điểm: Live in Nature sẽ rút một lần cho mỗi lượt dựa trên tỷ lệ xuất hiện.<br>Ví dụ, Thành viên có tỷ lệ 1% không được đảm bảo sẽ xuất hiện dù thực hiện 100 lượt.<br>- Để biết chi tiết tỷ lệ xuất hiện, hãy kiểm tra tab Tỷ lệ xuất hiện.<br>- Ngay cả khi ứng dụng bị buộc đóng hoặc mất kết nối khiến màn hình kết quả Scout không hiển thị đúng sau khi thực hiện Scout Tiêu Điểm: Live in Nature, lượt Scout vẫn được xử lý chính xác. Hãy kiểm tra danh sách Thành viên và số Penlight.<br>- Các Thành viên xuất hiện trong Scout này có thể xuất hiện lại trong tương lai.<br>- Scout này có thể được mở lại trong tương lai.<br>- Thời gian mở và nội dung có thể thay đổi mà không báo trước.<br>- Có thể dùng Scout Ticket qua mục ""Scout bằng vé"" ở góc dưới bên phải màn hình.<br>　Vé không hiển thị trong ""Scout bằng vé"" sẽ không thể dùng cho Scout này.<br>- Khi một Thành viên đã chiêu mộ xuất hiện lại từ lần thứ hai trở đi, bạn sẽ nhận Penlight theo độ hiếm của họ.<br>　Thành viên R: 20<br>　Thành viên SR: 50<br>　Thành viên UR: 500<br>- Điểm Scout nhận được sẽ tự động chuyển thành 1 Skill Book (M) khi Scout kết thúc."
mst.lottery_caution.2110004._cautionText,"- Hãy kiểm tra tab ""Tỷ lệ xuất hiện"" để xem các Thành viên có thể xuất hiện.<br>- Cùng một Thành viên có thể xuất hiện nhiều lần trong Scout Tiêu Điểm: Glittering Dancers.<br>- Tỷ lệ xuất hiện được làm tròn đến chữ số thập phân thứ năm.<br>Do đó, tổng tỷ lệ xuất hiện riêng lẻ có thể khác với tổng tỷ lệ được hiển thị.<br>- Do giới hạn hiển thị, tổng tỷ lệ xuất hiện có thể không bằng 100%.<br>- The Scout Tiêu Điểm: Glittering Dancers sẽ rút một lần cho mỗi lượt dựa trên tỷ lệ xuất hiện.<br>Ví dụ, Thành viên có tỷ lệ 1% không được đảm bảo sẽ xuất hiện dù thực hiện 100 lượt.<br>- Để biết chi tiết tỷ lệ xuất hiện, hãy kiểm tra tab Tỷ lệ xuất hiện.<br>- Ngay cả khi ứng dụng bị buộc đóng hoặc mất kết nối khiến màn hình kết quả Scout không hiển thị đúng sau khi thực hiện Scout Tiêu Điểm: Glittering Dancers, lượt Scout vẫn được xử lý chính xác. Hãy kiểm tra danh sách Thành viên và số Penlight.<br>- Các Thành viên xuất hiện trong Scout này có thể xuất hiện lại trong tương lai.<br>- Scout này có thể được mở lại trong tương lai.<br>- Thời gian mở và nội dung có thể thay đổi mà không báo trước.<br>- Có thể dùng Scout Ticket qua mục ""Scout bằng vé"" ở góc dưới bên phải màn hình.<br>　Vé không hiển thị trong ""Scout bằng vé"" sẽ không thể dùng cho Scout này.<br>- Khi một Thành viên đã chiêu mộ xuất hiện lại từ lần thứ hai trở đi, bạn sẽ nhận Penlight theo độ hiếm của họ.<br>　Thành viên R: 20<br>　Thành viên SR: 50<br>　Thành viên UR: 500<br>- Điểm Scout nhận được sẽ tự động chuyển thành 1 Skill Book (M) khi Scout kết thúc."
mst.lottery_caution.2110005._cautionText,"- Hãy kiểm tra tab ""Tỷ lệ xuất hiện"" để xem các Thành viên có thể xuất hiện.<br>- Cùng một Thành viên có thể xuất hiện nhiều lần trong Scout Tiêu Điểm: Glittering Dancers.<br>- Tỷ lệ xuất hiện được làm tròn đến chữ số thập phân thứ năm.<br>Do đó, tổng tỷ lệ xuất hiện riêng lẻ có thể khác với tổng tỷ lệ được hiển thị.<br>- Do giới hạn hiển thị, tổng tỷ lệ xuất hiện có thể không bằng 100%.<br>- The Scout Tiêu Điểm: Glittering Dancers sẽ rút một lần cho mỗi lượt dựa trên tỷ lệ xuất hiện.<br>Ví dụ, Thành viên có tỷ lệ 1% không được đảm bảo sẽ xuất hiện dù thực hiện 100 lượt.<br>- Để biết chi tiết tỷ lệ xuất hiện, hãy kiểm tra tab Tỷ lệ xuất hiện.<br>- Ngay cả khi ứng dụng bị buộc đóng hoặc mất kết nối khiến màn hình kết quả Scout không hiển thị đúng sau khi thực hiện Scout Tiêu Điểm: Glittering Dancers, lượt Scout vẫn được xử lý chính xác. Hãy kiểm tra danh sách Thành viên và số Penlight.<br>- Các Thành viên xuất hiện trong Scout này có thể xuất hiện lại trong tương lai.<br>- Scout này có thể được mở lại trong tương lai.<br>- Thời gian mở và nội dung có thể thay đổi mà không báo trước.<br>- Có thể dùng Scout Ticket qua mục ""Scout bằng vé"" ở góc dưới bên phải màn hình.<br>　Vé không hiển thị trong ""Scout bằng vé"" sẽ không thể dùng cho Scout này.<br>- Khi một Thành viên đã chiêu mộ xuất hiện lại từ lần thứ hai trở đi, bạn sẽ nhận Penlight theo độ hiếm của họ.<br>　Thành viên R: 20<br>　Thành viên SR: 50<br>　Thành viên UR: 500<br>- Điểm Scout nhận được sẽ tự động chuyển thành 1 Skill Book (M) khi Scout kết thúc."
mst.lottery_caution.2110006._cautionText,"- Hãy kiểm tra tab ""Tỷ lệ xuất hiện"" để xem các Thành viên có thể xuất hiện.<br>- Cùng một Thành viên có thể xuất hiện nhiều lần trong Scout Tiêu Điểm: Sun-Drenched Summer Camp.<br>- Tỷ lệ xuất hiện được làm tròn đến chữ số thập phân thứ năm.<br>Do đó, tổng tỷ lệ xuất hiện riêng lẻ có thể khác với tổng tỷ lệ được hiển thị.<br>- Do giới hạn hiển thị, tổng tỷ lệ xuất hiện có thể không bằng 100%.<br>- The Scout Tiêu Điểm: Sun-Drenched Summer Camp sẽ rút một lần cho mỗi lượt dựa trên tỷ lệ xuất hiện.<br>Ví dụ, Thành viên có tỷ lệ 1% không được đảm bảo sẽ xuất hiện dù thực hiện 100 lượt.<br>- Để biết chi tiết tỷ lệ xuất hiện, hãy kiểm tra tab Tỷ lệ xuất hiện.<br>- Ngay cả khi ứng dụng bị buộc đóng hoặc mất kết nối khiến màn hình kết quả Scout không hiển thị đúng sau khi thực hiện Scout Tiêu Điểm: Sun-Drenched Summer Camp, lượt Scout vẫn được xử lý chính xác. Hãy kiểm tra danh sách Thành viên và số Penlight.<br>- Các Thành viên xuất hiện trong Scout này có thể xuất hiện lại trong tương lai.<br>- Scout này có thể được mở lại trong tương lai.<br>- Thời gian mở và nội dung có thể thay đổi mà không báo trước.<br>- Có thể dùng Scout Ticket qua mục ""Scout bằng vé"" ở góc dưới bên phải màn hình.<br>　Vé không hiển thị trong ""Scout bằng vé"" sẽ không thể dùng cho Scout này.<br>- Khi một Thành viên đã chiêu mộ xuất hiện lại từ lần thứ hai trở đi, bạn sẽ nhận Penlight theo độ hiếm của họ.<br>　Thành viên R: 20<br>　Thành viên SR: 50<br>　Thành viên UR: 500<br>- Điểm Scout nhận được sẽ tự động chuyển thành 1 Skill Book (M) khi Scout kết thúc."
mst.lottery_caution.2110007._cautionText,"- Hãy kiểm tra tab ""Tỷ lệ xuất hiện"" để xem các Thành viên có thể xuất hiện.<br>- Cùng một Thành viên có thể xuất hiện nhiều lần trong Scout Tiêu Điểm: Sun-Drenched Summer Camp.<br>- Tỷ lệ xuất hiện được làm tròn đến chữ số thập phân thứ năm.<br>Do đó, tổng tỷ lệ xuất hiện riêng lẻ có thể khác với tổng tỷ lệ được hiển thị.<br>- Do giới hạn hiển thị, tổng tỷ lệ xuất hiện có thể không bằng 100%.<br>- The Scout Tiêu Điểm: Sun-Drenched Summer Camp sẽ rút một lần cho mỗi lượt dựa trên tỷ lệ xuất hiện.<br>Ví dụ, Thành viên có tỷ lệ 1% không được đảm bảo sẽ xuất hiện dù thực hiện 100 lượt.<br>- Để biết chi tiết tỷ lệ xuất hiện, hãy kiểm tra tab Tỷ lệ xuất hiện.<br>- Ngay cả khi ứng dụng bị buộc đóng hoặc mất kết nối khiến màn hình kết quả Scout không hiển thị đúng sau khi thực hiện Scout Tiêu Điểm: Sun-Drenched Summer Camp, lượt Scout vẫn được xử lý chính xác. Hãy kiểm tra danh sách Thành viên và số Penlight.<br>- Các Thành viên xuất hiện trong Scout này có thể xuất hiện lại trong tương lai.<br>- Scout này có thể được mở lại trong tương lai.<br>- Thời gian mở và nội dung có thể thay đổi mà không báo trước.<br>- Có thể dùng Scout Ticket qua mục ""Scout bằng vé"" ở góc dưới bên phải màn hình.<br>　Vé không hiển thị trong ""Scout bằng vé"" sẽ không thể dùng cho Scout này.<br>- Khi một Thành viên đã chiêu mộ xuất hiện lại từ lần thứ hai trở đi, bạn sẽ nhận Penlight theo độ hiếm của họ.<br>　Thành viên R: 20<br>　Thành viên SR: 50<br>　Thành viên UR: 500<br>- Điểm Scout nhận được sẽ tự động chuyển thành 1 Skill Book (M) khi Scout kết thúc."
mst.lottery_caution.2110008._cautionText,"- Hãy kiểm tra tab ""Tỷ lệ xuất hiện"" để xem các Thành viên có thể xuất hiện.<br>- Cùng một Thành viên có thể xuất hiện nhiều lần trong Scout Tiêu Điểm: Midsummer Mermaid.<br>- Tỷ lệ xuất hiện được làm tròn đến chữ số thập phân thứ năm.<br>Do đó, tổng tỷ lệ xuất hiện riêng lẻ có thể khác với tổng tỷ lệ được hiển thị.<br>- Do giới hạn hiển thị, tổng tỷ lệ xuất hiện có thể không bằng 100%.<br>- The Scout Tiêu Điểm: Midsummer Mermaid sẽ rút một lần cho mỗi lượt dựa trên tỷ lệ xuất hiện.<br>Ví dụ, Thành viên có tỷ lệ 1% không được đảm bảo sẽ xuất hiện dù thực hiện 100 lượt.<br>- Để biết chi tiết tỷ lệ xuất hiện, hãy kiểm tra tab Tỷ lệ xuất hiện.<br>- Ngay cả khi ứng dụng bị buộc đóng hoặc mất kết nối khiến màn hình kết quả Scout không hiển thị đúng sau khi thực hiện Scout Tiêu Điểm: Midsummer Mermaid, lượt Scout vẫn được xử lý chính xác. Hãy kiểm tra danh sách Thành viên và số Penlight.<br>- Các Thành viên xuất hiện trong Scout này có thể xuất hiện lại trong tương lai.<br>- Scout này có thể được mở lại trong tương lai.<br>- Thời gian mở và nội dung có thể thay đổi mà không báo trước.<br>- Có thể dùng Scout Ticket qua mục ""Scout bằng vé"" ở góc dưới bên phải màn hình.<br>　Vé không hiển thị trong ""Scout bằng vé"" sẽ không thể dùng cho Scout này.<br>- Khi một Thành viên đã chiêu mộ xuất hiện lại từ lần thứ hai trở đi, bạn sẽ nhận Penlight theo độ hiếm của họ.<br>　Thành viên R: 20<br>　Thành viên SR: 50<br>　Thành viên UR: 500<br>- Điểm Scout nhận được sẽ tự động chuyển thành 1 Skill Book (M) khi Scout kết thúc."
mst.lottery_caution.2110009._cautionText,"- Hãy kiểm tra tab ""Tỷ lệ xuất hiện"" để xem các Thành viên có thể xuất hiện.<br>- Cùng một Thành viên có thể xuất hiện nhiều lần trong Scout Tiêu Điểm: Midsummer Mermaid.<br>- Tỷ lệ xuất hiện được làm tròn đến chữ số thập phân thứ năm.<br>Do đó, tổng tỷ lệ xuất hiện riêng lẻ có thể khác với tổng tỷ lệ được hiển thị.<br>- Do giới hạn hiển thị, tổng tỷ lệ xuất hiện có thể không bằng 100%.<br>- The Scout Tiêu Điểm: Midsummer Mermaid sẽ rút một lần cho mỗi lượt dựa trên tỷ lệ xuất hiện.<br>Ví dụ, Thành viên có tỷ lệ 1% không được đảm bảo sẽ xuất hiện dù thực hiện 100 lượt.<br>- Để biết chi tiết tỷ lệ xuất hiện, hãy kiểm tra tab Tỷ lệ xuất hiện.<br>- Ngay cả khi ứng dụng bị buộc đóng hoặc mất kết nối khiến màn hình kết quả Scout không hiển thị đúng sau khi thực hiện Scout Tiêu Điểm: Midsummer Mermaid, lượt Scout vẫn được xử lý chính xác. Hãy kiểm tra danh sách Thành viên và số Penlight.<br>- Các Thành viên xuất hiện trong Scout này có thể xuất hiện lại trong tương lai.<br>- Scout này có thể được mở lại trong tương lai.<br>- Thời gian mở và nội dung có thể thay đổi mà không báo trước.<br>- Có thể dùng Scout Ticket qua mục ""Scout bằng vé"" ở góc dưới bên phải màn hình.<br>　Vé không hiển thị trong ""Scout bằng vé"" sẽ không thể dùng cho Scout này.<br>- Khi một Thành viên đã chiêu mộ xuất hiện lại từ lần thứ hai trở đi, bạn sẽ nhận Penlight theo độ hiếm của họ.<br>　Thành viên R: 20<br>　Thành viên SR: 50<br>　Thành viên UR: 500<br>- Điểm Scout nhận được sẽ tự động chuyển thành 1 Skill Book (M) khi Scout kết thúc."
mst.lottery_caution.2110010._cautionText,"- Hãy kiểm tra tab ""Tỷ lệ xuất hiện"" để xem các Thành viên có thể xuất hiện.<br>- Cùng một Thành viên có thể xuất hiện nhiều lần trong Scout Tiêu Điểm: Racing Along the Summer Shore.<br>- Tỷ lệ xuất hiện được làm tròn đến chữ số thập phân thứ năm.<br>Do đó, tổng tỷ lệ xuất hiện riêng lẻ có thể khác với tổng tỷ lệ được hiển thị.<br>- Do giới hạn hiển thị, tổng tỷ lệ xuất hiện có thể không bằng 100%.<br>- The Scout Tiêu Điểm: Racing Along the Summer Shore sẽ rút một lần cho mỗi lượt dựa trên tỷ lệ xuất hiện.<br>Ví dụ, Thành viên có tỷ lệ 1% không được đảm bảo sẽ xuất hiện dù thực hiện 100 lượt.<br>- Để biết chi tiết tỷ lệ xuất hiện, hãy kiểm tra tab Tỷ lệ xuất hiện.<br>- Ngay cả khi ứng dụng bị buộc đóng hoặc mất kết nối khiến màn hình kết quả Scout không hiển thị đúng sau khi thực hiện Scout Tiêu Điểm: Racing Along the Summer Shore, lượt Scout vẫn được xử lý chính xác. Hãy kiểm tra danh sách Thành viên và số Penlight.<br>- Các Thành viên xuất hiện trong Scout này có thể xuất hiện lại trong tương lai.<br>- Scout này có thể được mở lại trong tương lai.<br>- Thời gian mở và nội dung có thể thay đổi mà không báo trước.<br>- Có thể dùng Scout Ticket qua mục ""Scout bằng vé"" ở góc dưới bên phải màn hình.<br>　Vé không hiển thị trong ""Scout bằng vé"" sẽ không thể dùng cho Scout này.<br>- Khi một Thành viên đã chiêu mộ xuất hiện lại từ lần thứ hai trở đi, bạn sẽ nhận Penlight theo độ hiếm của họ.<br>　Thành viên R: 20<br>　Thành viên SR: 50<br>　Thành viên UR: 500<br>- Điểm Scout nhận được sẽ tự động chuyển thành 1 Skill Book (M) khi Scout kết thúc."
mst.lottery_caution.2110011._cautionText,"- Hãy kiểm tra tab ""Tỷ lệ xuất hiện"" để xem các Thành viên có thể xuất hiện.<br>- Cùng một Thành viên có thể xuất hiện nhiều lần trong Scout Tiêu Điểm: Racing Along the Summer Shore.<br>- Tỷ lệ xuất hiện được làm tròn đến chữ số thập phân thứ năm.<br>Do đó, tổng tỷ lệ xuất hiện riêng lẻ có thể khác với tổng tỷ lệ được hiển thị.<br>- Do giới hạn hiển thị, tổng tỷ lệ xuất hiện có thể không bằng 100%.<br>- The Scout Tiêu Điểm: Racing Along the Summer Shore sẽ rút một lần cho mỗi lượt dựa trên tỷ lệ xuất hiện.<br>Ví dụ, Thành viên có tỷ lệ 1% không được đảm bảo sẽ xuất hiện dù thực hiện 100 lượt.<br>- Để biết chi tiết tỷ lệ xuất hiện, hãy kiểm tra tab Tỷ lệ xuất hiện.<br>- Ngay cả khi ứng dụng bị buộc đóng hoặc mất kết nối khiến màn hình kết quả Scout không hiển thị đúng sau khi thực hiện Scout Tiêu Điểm: Racing Along the Summer Shore, lượt Scout vẫn được xử lý chính xác. Hãy kiểm tra danh sách Thành viên và số Penlight.<br>- Các Thành viên xuất hiện trong Scout này có thể xuất hiện lại trong tương lai.<br>- Scout này có thể được mở lại trong tương lai.<br>- Thời gian mở và nội dung có thể thay đổi mà không báo trước.<br>- Có thể dùng Scout Ticket qua mục ""Scout bằng vé"" ở góc dưới bên phải màn hình.<br>　Vé không hiển thị trong ""Scout bằng vé"" sẽ không thể dùng cho Scout này.<br>- Khi một Thành viên đã chiêu mộ xuất hiện lại từ lần thứ hai trở đi, bạn sẽ nhận Penlight theo độ hiếm của họ.<br>　Thành viên R: 20<br>　Thành viên SR: 50<br>　Thành viên UR: 500<br>- Điểm Scout nhận được sẽ tự động chuyển thành 1 Skill Book (M) khi Scout kết thúc."
mst.lottery_caution.2110012._cautionText,"- Hãy kiểm tra tab ""Tỷ lệ xuất hiện"" để xem các Thành viên có thể xuất hiện.<br>- Cùng một Thành viên có thể xuất hiện nhiều lần trong Scout Tiêu Điểm: Flowers in Bloom on a Summer Night.<br>- Tỷ lệ xuất hiện được làm tròn đến chữ số thập phân thứ năm.<br>Do đó, tổng tỷ lệ xuất hiện riêng lẻ có thể khác với tổng tỷ lệ được hiển thị.<br>- Do giới hạn hiển thị, tổng tỷ lệ xuất hiện có thể không bằng 100%.<br>- The Scout Tiêu Điểm: Flowers in Bloom on a Summer Night sẽ rút một lần cho mỗi lượt dựa trên tỷ lệ xuất hiện.<br>Ví dụ, Thành viên có tỷ lệ 1% không được đảm bảo sẽ xuất hiện dù thực hiện 100 lượt.<br>- Để biết chi tiết tỷ lệ xuất hiện, hãy kiểm tra tab Tỷ lệ xuất hiện.<br>- Ngay cả khi ứng dụng bị buộc đóng hoặc mất kết nối khiến màn hình kết quả Scout không hiển thị đúng sau khi thực hiện Scout Tiêu Điểm: Flowers in Bloom on a Summer Night, lượt Scout vẫn được xử lý chính xác. Hãy kiểm tra danh sách Thành viên và số Penlight.<br>- Các Thành viên xuất hiện trong Scout này có thể xuất hiện lại trong tương lai.<br>- Scout này có thể được mở lại trong tương lai.<br>- Thời gian mở và nội dung có thể thay đổi mà không báo trước.<br>- Có thể dùng Scout Ticket qua mục ""Scout bằng vé"" ở góc dưới bên phải màn hình.<br>　Vé không hiển thị trong ""Scout bằng vé"" sẽ không thể dùng cho Scout này.<br>- Khi một Thành viên đã chiêu mộ xuất hiện lại từ lần thứ hai trở đi, bạn sẽ nhận Penlight theo độ hiếm của họ.<br>　Thành viên R: 20<br>　Thành viên SR: 50<br>　Thành viên UR: 500<br>- Điểm Scout nhận được sẽ tự động chuyển thành 1 Skill Book (M) khi Scout kết thúc."
mst.lottery_caution.2110013._cautionText,"- Hãy kiểm tra tab ""Tỷ lệ xuất hiện"" để xem các Thành viên có thể xuất hiện.<br>- Cùng một Thành viên có thể xuất hiện nhiều lần trong Scout Tiêu Điểm: Flowers in Bloom on a Summer Night.<br>- Tỷ lệ xuất hiện được làm tròn đến chữ số thập phân thứ năm.<br>Do đó, tổng tỷ lệ xuất hiện riêng lẻ có thể khác với tổng tỷ lệ được hiển thị.<br>- Do giới hạn hiển thị, tổng tỷ lệ xuất hiện có thể không bằng 100%.<br>- The Scout Tiêu Điểm: Flowers in Bloom on a Summer Night sẽ rút một lần cho mỗi lượt dựa trên tỷ lệ xuất hiện.<br>Ví dụ, Thành viên có tỷ lệ 1% không được đảm bảo sẽ xuất hiện dù thực hiện 100 lượt.<br>- Để biết chi tiết tỷ lệ xuất hiện, hãy kiểm tra tab Tỷ lệ xuất hiện.<br>- Ngay cả khi ứng dụng bị buộc đóng hoặc mất kết nối khiến màn hình kết quả Scout không hiển thị đúng sau khi thực hiện Scout Tiêu Điểm: Flowers in Bloom on a Summer Night, lượt Scout vẫn được xử lý chính xác. Hãy kiểm tra danh sách Thành viên và số Penlight.<br>- Các Thành viên xuất hiện trong Scout này có thể xuất hiện lại trong tương lai.<br>- Scout này có thể được mở lại trong tương lai.<br>- Thời gian mở và nội dung có thể thay đổi mà không báo trước.<br>- Có thể dùng Scout Ticket qua mục ""Scout bằng vé"" ở góc dưới bên phải màn hình.<br>　Vé không hiển thị trong ""Scout bằng vé"" sẽ không thể dùng cho Scout này.<br>- Khi một Thành viên đã chiêu mộ xuất hiện lại từ lần thứ hai trở đi, bạn sẽ nhận Penlight theo độ hiếm của họ.<br>　Thành viên R: 20<br>　Thành viên SR: 50<br>　Thành viên UR: 500<br>- Điểm Scout nhận được sẽ tự động chuyển thành 1 Skill Book (M) khi Scout kết thúc."
mst.lottery_caution.2110014._cautionText,"- Hãy kiểm tra tab ""Tỷ lệ xuất hiện"" để xem các Thành viên có thể xuất hiện.<br>- Cùng một Thành viên có thể xuất hiện nhiều lần trong Scout Tiêu Điểm: Silver Grass Shining in the Moonlight.<br>- Tỷ lệ xuất hiện được làm tròn đến chữ số thập phân thứ năm.<br>Do đó, tổng tỷ lệ xuất hiện riêng lẻ có thể khác với tổng tỷ lệ được hiển thị.<br>- Do giới hạn hiển thị, tổng tỷ lệ xuất hiện có thể không bằng 100%.<br>- The Scout Tiêu Điểm: Silver Grass Shining in the Moonlight sẽ rút một lần cho mỗi lượt dựa trên tỷ lệ xuất hiện.<br>Ví dụ, Thành viên có tỷ lệ 1% không được đảm bảo sẽ xuất hiện dù thực hiện 100 lượt.<br>- Để biết chi tiết tỷ lệ xuất hiện, hãy kiểm tra tab Tỷ lệ xuất hiện.<br>- Ngay cả khi ứng dụng bị buộc đóng hoặc mất kết nối khiến màn hình kết quả Scout không hiển thị đúng sau khi thực hiện Scout Tiêu Điểm: Silver Grass Shining in the Moonlight, lượt Scout vẫn được xử lý chính xác. Hãy kiểm tra danh sách Thành viên và số Penlight.<br>- Các Thành viên xuất hiện trong Scout này có thể xuất hiện lại trong tương lai.<br>- Scout này có thể được mở lại trong tương lai.<br>- Thời gian mở và nội dung có thể thay đổi mà không báo trước.<br>- Có thể dùng Scout Ticket qua mục ""Scout bằng vé"" ở góc dưới bên phải màn hình.<br>　Vé không hiển thị trong ""Scout bằng vé"" sẽ không thể dùng cho Scout này.<br>- Khi một Thành viên đã chiêu mộ xuất hiện lại từ lần thứ hai trở đi, bạn sẽ nhận Penlight theo độ hiếm của họ.<br>　Thành viên R: 20<br>　Thành viên SR: 50<br>　Thành viên UR: 500<br>- Điểm Scout nhận được sẽ tự động chuyển thành 1 Skill Book (M) khi Scout kết thúc."
mst.lottery_caution.2110015._cautionText,"- Hãy kiểm tra tab ""Tỷ lệ xuất hiện"" để xem các Thành viên có thể xuất hiện.<br>- Cùng một Thành viên có thể xuất hiện nhiều lần trong Scout Tiêu Điểm: Silver Grass Shining in the Moonlight.<br>- Tỷ lệ xuất hiện được làm tròn đến chữ số thập phân thứ năm.<br>Do đó, tổng tỷ lệ xuất hiện riêng lẻ có thể khác với tổng tỷ lệ được hiển thị.<br>- Do giới hạn hiển thị, tổng tỷ lệ xuất hiện có thể không bằng 100%.<br>- The Scout Tiêu Điểm: Silver Grass Shining in the Moonlight sẽ rút một lần cho mỗi lượt dựa trên tỷ lệ xuất hiện.<br>Ví dụ, Thành viên có tỷ lệ 1% không được đảm bảo sẽ xuất hiện dù thực hiện 100 lượt.<br>- Để biết chi tiết tỷ lệ xuất hiện, hãy kiểm tra tab Tỷ lệ xuất hiện.<br>- Ngay cả khi ứng dụng bị buộc đóng hoặc mất kết nối khiến màn hình kết quả Scout không hiển thị đúng sau khi thực hiện Scout Tiêu Điểm: Silver Grass Shining in the Moonlight, lượt Scout vẫn được xử lý chính xác. Hãy kiểm tra danh sách Thành viên và số Penlight.<br>- Các Thành viên xuất hiện trong Scout này có thể xuất hiện lại trong tương lai.<br>- Scout này có thể được mở lại trong tương lai.<br>- Thời gian mở và nội dung có thể thay đổi mà không báo trước.<br>- Có thể dùng Scout Ticket qua mục ""Scout bằng vé"" ở góc dưới bên phải màn hình.<br>　Vé không hiển thị trong ""Scout bằng vé"" sẽ không thể dùng cho Scout này.<br>- Khi một Thành viên đã chiêu mộ xuất hiện lại từ lần thứ hai trở đi, bạn sẽ nhận Penlight theo độ hiếm của họ.<br>　Thành viên R: 20<br>　Thành viên SR: 50<br>　Thành viên UR: 500<br>- Điểm Scout nhận được sẽ tự động chuyển thành 1 Skill Book (M) khi Scout kết thúc."
mst.lottery_caution.2110016._cautionText,"- Hãy kiểm tra tab ""Tỷ lệ xuất hiện"" để xem các Thành viên có thể xuất hiện.<br>- Cùng một Thành viên có thể xuất hiện nhiều lần trong Scout Tiêu Điểm: Cooling Off in Yukata, a Town Stroll.<br>- Tỷ lệ xuất hiện được làm tròn đến chữ số thập phân thứ năm.<br>Do đó, tổng tỷ lệ xuất hiện riêng lẻ có thể khác với tổng tỷ lệ được hiển thị.<br>- Do giới hạn hiển thị, tổng tỷ lệ xuất hiện có thể không bằng 100%.<br>- The Scout Tiêu Điểm: Cooling Off in Yukata, a Town Stroll sẽ rút một lần cho mỗi lượt dựa trên tỷ lệ xuất hiện.<br>Ví dụ, Thành viên có tỷ lệ 1% không được đảm bảo sẽ xuất hiện dù thực hiện 100 lượt.<br>- Để biết chi tiết tỷ lệ xuất hiện, hãy kiểm tra tab Tỷ lệ xuất hiện.<br>- Ngay cả khi ứng dụng bị buộc đóng hoặc mất kết nối khiến màn hình kết quả Scout không hiển thị đúng sau khi thực hiện Scout Tiêu Điểm: Cooling Off in Yukata, a Town Stroll, lượt Scout vẫn được xử lý chính xác. Hãy kiểm tra danh sách Thành viên và số Penlight.<br>- Các Thành viên xuất hiện trong Scout này có thể xuất hiện lại trong tương lai.<br>- Scout này có thể được mở lại trong tương lai.<br>- Thời gian mở và nội dung có thể thay đổi mà không báo trước.<br>- Có thể dùng Scout Ticket qua mục ""Scout bằng vé"" ở góc dưới bên phải màn hình.<br>　Vé không hiển thị trong ""Scout bằng vé"" sẽ không thể dùng cho Scout này.<br>- Khi một Thành viên đã chiêu mộ xuất hiện lại từ lần thứ hai trở đi, bạn sẽ nhận Penlight theo độ hiếm của họ.<br>　Thành viên R: 20<br>　Thành viên SR: 50<br>　Thành viên UR: 500<br>- Điểm Scout nhận được sẽ tự động chuyển thành 1 Skill Book (M) khi Scout kết thúc."
mst.lottery_caution.2110017._cautionText,"- Hãy kiểm tra tab ""Tỷ lệ xuất hiện"" để xem các Thành viên có thể xuất hiện.<br>- Cùng một Thành viên có thể xuất hiện nhiều lần trong Scout Tiêu Điểm: Cooling Off in Yukata, a Town Stroll.<br>- Tỷ lệ xuất hiện được làm tròn đến chữ số thập phân thứ năm.<br>Do đó, tổng tỷ lệ xuất hiện riêng lẻ có thể khác với tổng tỷ lệ được hiển thị.<br>- Do giới hạn hiển thị, tổng tỷ lệ xuất hiện có thể không bằng 100%.<br>- The Scout Tiêu Điểm: Cooling Off in Yukata, a Town Stroll sẽ rút một lần cho mỗi lượt dựa trên tỷ lệ xuất hiện.<br>Ví dụ, Thành viên có tỷ lệ 1% không được đảm bảo sẽ xuất hiện dù thực hiện 100 lượt.<br>- Để biết chi tiết tỷ lệ xuất hiện, hãy kiểm tra tab Tỷ lệ xuất hiện.<br>- Ngay cả khi ứng dụng bị buộc đóng hoặc mất kết nối khiến màn hình kết quả Scout không hiển thị đúng sau khi thực hiện Scout Tiêu Điểm: Cooling Off in Yukata, a Town Stroll, lượt Scout vẫn được xử lý chính xác. Hãy kiểm tra danh sách Thành viên và số Penlight.<br>- Các Thành viên xuất hiện trong Scout này có thể xuất hiện lại trong tương lai.<br>- Scout này có thể được mở lại trong tương lai.<br>- Thời gian mở và nội dung có thể thay đổi mà không báo trước.<br>- Có thể dùng Scout Ticket qua mục ""Scout bằng vé"" ở góc dưới bên phải màn hình.<br>　Vé không hiển thị trong ""Scout bằng vé"" sẽ không thể dùng cho Scout này.<br>- Khi một Thành viên đã chiêu mộ xuất hiện lại từ lần thứ hai trở đi, bạn sẽ nhận Penlight theo độ hiếm của họ.<br>　Thành viên R: 20<br>　Thành viên SR: 50<br>　Thành viên UR: 500<br>- Điểm Scout nhận được sẽ tự động chuyển thành 1 Skill Book (M) khi Scout kết thúc."
mst.lottery_caution.2110018._cautionText,"- Hãy kiểm tra tab ""Tỷ lệ xuất hiện"" để xem các Thành viên có thể xuất hiện.<br>- Cùng một Thành viên có thể xuất hiện nhiều lần trong Scout Tiêu Điểm: Trick or Treat!.<br>- Tỷ lệ xuất hiện được làm tròn đến chữ số thập phân thứ năm.<br>Do đó, tổng tỷ lệ xuất hiện riêng lẻ có thể khác với tổng tỷ lệ được hiển thị.<br>- Do giới hạn hiển thị, tổng tỷ lệ xuất hiện có thể không bằng 100%.<br>- The Scout Tiêu Điểm: Trick or Treat! sẽ rút một lần cho mỗi lượt dựa trên tỷ lệ xuất hiện.<br>Ví dụ, Thành viên có tỷ lệ 1% không được đảm bảo sẽ xuất hiện dù thực hiện 100 lượt.<br>- Để biết chi tiết tỷ lệ xuất hiện, hãy kiểm tra tab Tỷ lệ xuất hiện.<br>- Ngay cả khi ứng dụng bị buộc đóng hoặc mất kết nối khiến màn hình kết quả Scout không hiển thị đúng sau khi thực hiện Scout Tiêu Điểm: Trick or Treat!, lượt Scout vẫn được xử lý chính xác. Hãy kiểm tra danh sách Thành viên và số Penlight.<br>- Các Thành viên xuất hiện trong Scout này có thể xuất hiện lại trong tương lai.<br>- Scout này có thể được mở lại trong tương lai.<br>- Thời gian mở và nội dung có thể thay đổi mà không báo trước.<br>- Có thể dùng Scout Ticket qua mục ""Scout bằng vé"" ở góc dưới bên phải màn hình.<br>　Vé không hiển thị trong ""Scout bằng vé"" sẽ không thể dùng cho Scout này.<br>- Khi một Thành viên đã chiêu mộ xuất hiện lại từ lần thứ hai trở đi, bạn sẽ nhận Penlight theo độ hiếm của họ.<br>　Thành viên R: 20<br>　Thành viên SR: 50<br>　Thành viên UR: 500<br>- Điểm Scout nhận được sẽ tự động chuyển thành 1 Skill Book (M) khi Scout kết thúc."
mst.lottery_caution.2110019._cautionText,"- Hãy kiểm tra tab ""Tỷ lệ xuất hiện"" để xem các Thành viên có thể xuất hiện.<br>- Cùng một Thành viên có thể xuất hiện nhiều lần trong Scout Tiêu Điểm: Trick or Treat!.<br>- Tỷ lệ xuất hiện được làm tròn đến chữ số thập phân thứ năm.<br>Do đó, tổng tỷ lệ xuất hiện riêng lẻ có thể khác với tổng tỷ lệ được hiển thị.<br>- Do giới hạn hiển thị, tổng tỷ lệ xuất hiện có thể không bằng 100%.<br>- The Scout Tiêu Điểm: Trick or Treat! sẽ rút một lần cho mỗi lượt dựa trên tỷ lệ xuất hiện.<br>Ví dụ, Thành viên có tỷ lệ 1% không được đảm bảo sẽ xuất hiện dù thực hiện 100 lượt.<br>- Để biết chi tiết tỷ lệ xuất hiện, hãy kiểm tra tab Tỷ lệ xuất hiện.<br>- Ngay cả khi ứng dụng bị buộc đóng hoặc mất kết nối khiến màn hình kết quả Scout không hiển thị đúng sau khi thực hiện Scout Tiêu Điểm: Trick or Treat!, lượt Scout vẫn được xử lý chính xác. Hãy kiểm tra danh sách Thành viên và số Penlight.<br>- Các Thành viên xuất hiện trong Scout này có thể xuất hiện lại trong tương lai.<br>- Scout này có thể được mở lại trong tương lai.<br>- Thời gian mở và nội dung có thể thay đổi mà không báo trước.<br>- Có thể dùng Scout Ticket qua mục ""Scout bằng vé"" ở góc dưới bên phải màn hình.<br>　Vé không hiển thị trong ""Scout bằng vé"" sẽ không thể dùng cho Scout này.<br>- Khi một Thành viên đã chiêu mộ xuất hiện lại từ lần thứ hai trở đi, bạn sẽ nhận Penlight theo độ hiếm của họ.<br>　Thành viên R: 20<br>　Thành viên SR: 50<br>　Thành viên UR: 500<br>- Điểm Scout nhận được sẽ tự động chuyển thành 1 Skill Book (M) khi Scout kết thúc."
mst.lottery_caution.2110020._cautionText,"- Hãy kiểm tra tab ""Tỷ lệ xuất hiện"" để xem các Thành viên có thể xuất hiện.<br>- Cùng một Thành viên có thể xuất hiện nhiều lần trong Scout Tiêu Điểm: Boo! Boo! Halloween Land.<br>- Tỷ lệ xuất hiện được làm tròn đến chữ số thập phân thứ năm.<br>Do đó, tổng tỷ lệ xuất hiện riêng lẻ có thể khác với tổng tỷ lệ được hiển thị.<br>- Do giới hạn hiển thị, tổng tỷ lệ xuất hiện có thể không bằng 100%.<br>- The Scout Tiêu Điểm: Boo! Boo! Halloween Land sẽ rút một lần cho mỗi lượt dựa trên tỷ lệ xuất hiện.<br>Ví dụ, Thành viên có tỷ lệ 1% không được đảm bảo sẽ xuất hiện dù thực hiện 100 lượt.<br>- Để biết chi tiết tỷ lệ xuất hiện, hãy kiểm tra tab Tỷ lệ xuất hiện.<br>- Ngay cả khi ứng dụng bị buộc đóng hoặc mất kết nối khiến màn hình kết quả Scout không hiển thị đúng sau khi thực hiện Scout Tiêu Điểm: Boo! Boo! Halloween Land, lượt Scout vẫn được xử lý chính xác. Hãy kiểm tra danh sách Thành viên và số Penlight.<br>- Các Thành viên xuất hiện trong Scout này có thể xuất hiện lại trong tương lai.<br>- Scout này có thể được mở lại trong tương lai.<br>- Thời gian mở và nội dung có thể thay đổi mà không báo trước.<br>- Có thể dùng Scout Ticket qua mục ""Scout bằng vé"" ở góc dưới bên phải màn hình.<br>　Vé không hiển thị trong ""Scout bằng vé"" sẽ không thể dùng cho Scout này.<br>- Khi một Thành viên đã chiêu mộ xuất hiện lại từ lần thứ hai trở đi, bạn sẽ nhận Penlight theo độ hiếm của họ.<br>　Thành viên R: 20<br>　Thành viên SR: 50<br>　Thành viên UR: 500<br>- Điểm Scout nhận được sẽ tự động chuyển thành 1 Skill Book (M) khi Scout kết thúc."
mst.lottery_caution.2110021._cautionText,"- Hãy kiểm tra tab ""Tỷ lệ xuất hiện"" để xem các Thành viên có thể xuất hiện.<br>- Cùng một Thành viên có thể xuất hiện nhiều lần trong Scout Tiêu Điểm: Boo! Boo! Halloween Land.<br>- Tỷ lệ xuất hiện được làm tròn đến chữ số thập phân thứ năm.<br>Do đó, tổng tỷ lệ xuất hiện riêng lẻ có thể khác với tổng tỷ lệ được hiển thị.<br>- Do giới hạn hiển thị, tổng tỷ lệ xuất hiện có thể không bằng 100%.<br>- The Scout Tiêu Điểm: Boo! Boo! Halloween Land sẽ rút một lần cho mỗi lượt dựa trên tỷ lệ xuất hiện.<br>Ví dụ, Thành viên có tỷ lệ 1% không được đảm bảo sẽ xuất hiện dù thực hiện 100 lượt.<br>- Để biết chi tiết tỷ lệ xuất hiện, hãy kiểm tra tab Tỷ lệ xuất hiện.<br>- Ngay cả khi ứng dụng bị buộc đóng hoặc mất kết nối khiến màn hình kết quả Scout không hiển thị đúng sau khi thực hiện Scout Tiêu Điểm: Boo! Boo! Halloween Land, lượt Scout vẫn được xử lý chính xác. Hãy kiểm tra danh sách Thành viên và số Penlight.<br>- Các Thành viên xuất hiện trong Scout này có thể xuất hiện lại trong tương lai.<br>- Scout này có thể được mở lại trong tương lai.<br>- Thời gian mở và nội dung có thể thay đổi mà không báo trước.<br>- Có thể dùng Scout Ticket qua mục ""Scout bằng vé"" ở góc dưới bên phải màn hình.<br>　Vé không hiển thị trong ""Scout bằng vé"" sẽ không thể dùng cho Scout này.<br>- Khi một Thành viên đã chiêu mộ xuất hiện lại từ lần thứ hai trở đi, bạn sẽ nhận Penlight theo độ hiếm của họ.<br>　Thành viên R: 20<br>　Thành viên SR: 50<br>　Thành viên UR: 500<br>- Điểm Scout nhận được sẽ tự động chuyển thành 1 Skill Book (M) khi Scout kết thúc."
mst.lottery_caution.2110022._cautionText,"- Hãy kiểm tra tab ""Tỷ lệ xuất hiện"" để xem các Thành viên có thể xuất hiện.<br>- Cùng một Thành viên có thể xuất hiện nhiều lần trong Scout Tiêu Điểm: Sunlit Marching Band.<br>- Tỷ lệ xuất hiện được làm tròn đến chữ số thập phân thứ năm.<br>Do đó, tổng tỷ lệ xuất hiện riêng lẻ có thể khác với tổng tỷ lệ được hiển thị.<br>- Do giới hạn hiển thị, tổng tỷ lệ xuất hiện có thể không bằng 100%.<br>- The Scout Tiêu Điểm: Sunlit Marching Band sẽ rút một lần cho mỗi lượt dựa trên tỷ lệ xuất hiện.<br>Ví dụ, Thành viên có tỷ lệ 1% không được đảm bảo sẽ xuất hiện dù thực hiện 100 lượt.<br>- Để biết chi tiết tỷ lệ xuất hiện, hãy kiểm tra tab Tỷ lệ xuất hiện.<br>- Ngay cả khi ứng dụng bị buộc đóng hoặc mất kết nối khiến màn hình kết quả Scout không hiển thị đúng sau khi thực hiện Scout Tiêu Điểm: Sunlit Marching Band, lượt Scout vẫn được xử lý chính xác. Hãy kiểm tra danh sách Thành viên và số Penlight.<br>- Các Thành viên xuất hiện trong Scout này có thể xuất hiện lại trong tương lai.<br>- Scout này có thể được mở lại trong tương lai.<br>- Thời gian mở và nội dung có thể thay đổi mà không báo trước.<br>- Có thể dùng Scout Ticket qua mục ""Scout bằng vé"" ở góc dưới bên phải màn hình.<br>　Vé không hiển thị trong ""Scout bằng vé"" sẽ không thể dùng cho Scout này.<br>- Khi một Thành viên đã chiêu mộ xuất hiện lại từ lần thứ hai trở đi, bạn sẽ nhận Penlight theo độ hiếm của họ.<br>　Thành viên R: 20<br>　Thành viên SR: 50<br>　Thành viên UR: 500<br>- Điểm Scout nhận được sẽ tự động chuyển thành 1 Skill Book (M) khi Scout kết thúc."
mst.lottery_caution.2110023._cautionText,"- Hãy kiểm tra tab ""Tỷ lệ xuất hiện"" để xem các Thành viên có thể xuất hiện.<br>- Cùng một Thành viên có thể xuất hiện nhiều lần trong Scout Tiêu Điểm: Sunlit Marching Band.<br>- Tỷ lệ xuất hiện được làm tròn đến chữ số thập phân thứ năm.<br>Do đó, tổng tỷ lệ xuất hiện riêng lẻ có thể khác với tổng tỷ lệ được hiển thị.<br>- Do giới hạn hiển thị, tổng tỷ lệ xuất hiện có thể không bằng 100%.<br>- The Scout Tiêu Điểm: Sunlit Marching Band sẽ rút một lần cho mỗi lượt dựa trên tỷ lệ xuất hiện.<br>Ví dụ, Thành viên có tỷ lệ 1% không được đảm bảo sẽ xuất hiện dù thực hiện 100 lượt.<br>- Để biết chi tiết tỷ lệ xuất hiện, hãy kiểm tra tab Tỷ lệ xuất hiện.<br>- Ngay cả khi ứng dụng bị buộc đóng hoặc mất kết nối khiến màn hình kết quả Scout không hiển thị đúng sau khi thực hiện Scout Tiêu Điểm: Sunlit Marching Band, lượt Scout vẫn được xử lý chính xác. Hãy kiểm tra danh sách Thành viên và số Penlight.<br>- Các Thành viên xuất hiện trong Scout này có thể xuất hiện lại trong tương lai.<br>- Scout này có thể được mở lại trong tương lai.<br>- Thời gian mở và nội dung có thể thay đổi mà không báo trước.<br>- Có thể dùng Scout Ticket qua mục ""Scout bằng vé"" ở góc dưới bên phải màn hình.<br>　Vé không hiển thị trong ""Scout bằng vé"" sẽ không thể dùng cho Scout này.<br>- Khi một Thành viên đã chiêu mộ xuất hiện lại từ lần thứ hai trở đi, bạn sẽ nhận Penlight theo độ hiếm của họ.<br>　Thành viên R: 20<br>　Thành viên SR: 50<br>　Thành viên UR: 500<br>- Điểm Scout nhận được sẽ tự động chuyển thành 1 Skill Book (M) khi Scout kết thúc."
mst.lottery_caution.2110024._cautionText,"- Hãy kiểm tra tab ""Tỷ lệ xuất hiện"" để xem các Thành viên có thể xuất hiện.<br>- Cùng một Thành viên có thể xuất hiện nhiều lần trong Scout Tiêu Điểm: Nya-Nya 🐾 Maids.<br>- Tỷ lệ xuất hiện được làm tròn đến chữ số thập phân thứ năm.<br>Do đó, tổng tỷ lệ xuất hiện riêng lẻ có thể khác với tổng tỷ lệ được hiển thị.<br>- Do giới hạn hiển thị, tổng tỷ lệ xuất hiện có thể không bằng 100%.<br>- The Scout Tiêu Điểm: Nya-Nya 🐾 Maids sẽ rút một lần cho mỗi lượt dựa trên tỷ lệ xuất hiện.<br>Ví dụ, Thành viên có tỷ lệ 1% không được đảm bảo sẽ xuất hiện dù thực hiện 100 lượt.<br>- Để biết chi tiết tỷ lệ xuất hiện, hãy kiểm tra tab Tỷ lệ xuất hiện.<br>- Ngay cả khi ứng dụng bị buộc đóng hoặc mất kết nối khiến màn hình kết quả Scout không hiển thị đúng sau khi thực hiện Scout Tiêu Điểm: Nya-Nya 🐾 Maids, lượt Scout vẫn được xử lý chính xác. Hãy kiểm tra danh sách Thành viên và số Penlight.<br>- Các Thành viên xuất hiện trong Scout này có thể xuất hiện lại trong tương lai.<br>- Scout này có thể được mở lại trong tương lai.<br>- Thời gian mở và nội dung có thể thay đổi mà không báo trước.<br>- Có thể dùng Scout Ticket qua mục ""Scout bằng vé"" ở góc dưới bên phải màn hình.<br>　Vé không hiển thị trong ""Scout bằng vé"" sẽ không thể dùng cho Scout này.<br>- Khi một Thành viên đã chiêu mộ xuất hiện lại từ lần thứ hai trở đi, bạn sẽ nhận Penlight theo độ hiếm của họ.<br>　Thành viên R: 20<br>　Thành viên SR: 50<br>　Thành viên UR: 500<br>- Điểm Scout nhận được sẽ tự động chuyển thành 1 Skill Book (M) khi Scout kết thúc."
mst.lottery_caution.2110025._cautionText,"- Hãy kiểm tra tab ""Tỷ lệ xuất hiện"" để xem các Thành viên có thể xuất hiện.<br>- Cùng một Thành viên có thể xuất hiện nhiều lần trong Scout Tiêu Điểm: Nya-Nya 🐾 Maids.<br>- Tỷ lệ xuất hiện được làm tròn đến chữ số thập phân thứ năm.<br>Do đó, tổng tỷ lệ xuất hiện riêng lẻ có thể khác với tổng tỷ lệ được hiển thị.<br>- Do giới hạn hiển thị, tổng tỷ lệ xuất hiện có thể không bằng 100%.<br>- The Scout Tiêu Điểm: Nya-Nya 🐾 Maids sẽ rút một lần cho mỗi lượt dựa trên tỷ lệ xuất hiện.<br>Ví dụ, Thành viên có tỷ lệ 1% không được đảm bảo sẽ xuất hiện dù thực hiện 100 lượt.<br>- Để biết chi tiết tỷ lệ xuất hiện, hãy kiểm tra tab Tỷ lệ xuất hiện.<br>- Ngay cả khi ứng dụng bị buộc đóng hoặc mất kết nối khiến màn hình kết quả Scout không hiển thị đúng sau khi thực hiện Scout Tiêu Điểm: Nya-Nya 🐾 Maids, lượt Scout vẫn được xử lý chính xác. Hãy kiểm tra danh sách Thành viên và số Penlight.<br>- Các Thành viên xuất hiện trong Scout này có thể xuất hiện lại trong tương lai.<br>- Scout này có thể được mở lại trong tương lai.<br>- Thời gian mở và nội dung có thể thay đổi mà không báo trước.<br>- Có thể dùng Scout Ticket qua mục ""Scout bằng vé"" ở góc dưới bên phải màn hình.<br>　Vé không hiển thị trong ""Scout bằng vé"" sẽ không thể dùng cho Scout này.<br>- Khi một Thành viên đã chiêu mộ xuất hiện lại từ lần thứ hai trở đi, bạn sẽ nhận Penlight theo độ hiếm của họ.<br>　Thành viên R: 20<br>　Thành viên SR: 50<br>　Thành viên UR: 500<br>- Điểm Scout nhận được sẽ tự động chuyển thành 1 Skill Book (M) khi Scout kết thúc."
mst.lottery_caution.2110026._cautionText,"- Hãy kiểm tra tab ""Tỷ lệ xuất hiện"" để xem các Thành viên có thể xuất hiện.<br>- Cùng một Thành viên có thể xuất hiện nhiều lần trong Scout Tiêu Điểm: Merry Christmas, Everyone!.<br>- Tỷ lệ xuất hiện được làm tròn đến chữ số thập phân thứ năm.<br>Do đó, tổng tỷ lệ xuất hiện riêng lẻ có thể khác với tổng tỷ lệ được hiển thị.<br>- Do giới hạn hiển thị, tổng tỷ lệ xuất hiện có thể không bằng 100%.<br>- The Scout Tiêu Điểm: Merry Christmas, Everyone! sẽ rút một lần cho mỗi lượt dựa trên tỷ lệ xuất hiện.<br>Ví dụ, Thành viên có tỷ lệ 1% không được đảm bảo sẽ xuất hiện dù thực hiện 100 lượt.<br>- Để biết chi tiết tỷ lệ xuất hiện, hãy kiểm tra tab Tỷ lệ xuất hiện.<br>- Ngay cả khi ứng dụng bị buộc đóng hoặc mất kết nối khiến màn hình kết quả Scout không hiển thị đúng sau khi thực hiện Scout Tiêu Điểm: Merry Christmas, Everyone!, lượt Scout vẫn được xử lý chính xác. Hãy kiểm tra danh sách Thành viên và số Penlight.<br>- Các Thành viên xuất hiện trong Scout này có thể xuất hiện lại trong tương lai.<br>- Scout này có thể được mở lại trong tương lai.<br>- Thời gian mở và nội dung có thể thay đổi mà không báo trước.<br>- Có thể dùng Scout Ticket qua mục ""Scout bằng vé"" ở góc dưới bên phải màn hình.<br>　Vé không hiển thị trong ""Scout bằng vé"" sẽ không thể dùng cho Scout này.<br>- Khi một Thành viên đã chiêu mộ xuất hiện lại từ lần thứ hai trở đi, bạn sẽ nhận Penlight theo độ hiếm của họ.<br>　Thành viên R: 20<br>　Thành viên SR: 50<br>　Thành viên UR: 500<br>- Điểm Scout nhận được sẽ tự động chuyển thành 1 Skill Book (M) khi Scout kết thúc."
mst.lottery_caution.2110027._cautionText,"- Hãy kiểm tra tab ""Tỷ lệ xuất hiện"" để xem các Thành viên có thể xuất hiện.<br>- Cùng một Thành viên có thể xuất hiện nhiều lần trong Scout Tiêu Điểm: Merry Christmas, Everyone!.<br>- Tỷ lệ xuất hiện được làm tròn đến chữ số thập phân thứ năm.<br>Do đó, tổng tỷ lệ xuất hiện riêng lẻ có thể khác với tổng tỷ lệ được hiển thị.<br>- Do giới hạn hiển thị, tổng tỷ lệ xuất hiện có thể không bằng 100%.<br>- The Scout Tiêu Điểm: Merry Christmas, Everyone! sẽ rút một lần cho mỗi lượt dựa trên tỷ lệ xuất hiện.<br>Ví dụ, Thành viên có tỷ lệ 1% không được đảm bảo sẽ xuất hiện dù thực hiện 100 lượt.<br>- Để biết chi tiết tỷ lệ xuất hiện, hãy kiểm tra tab Tỷ lệ xuất hiện.<br>- Ngay cả khi ứng dụng bị buộc đóng hoặc mất kết nối khiến màn hình kết quả Scout không hiển thị đúng sau khi thực hiện Scout Tiêu Điểm: Merry Christmas, Everyone!, lượt Scout vẫn được xử lý chính xác. Hãy kiểm tra danh sách Thành viên và số Penlight.<br>- Các Thành viên xuất hiện trong Scout này có thể xuất hiện lại trong tương lai.<br>- Scout này có thể được mở lại trong tương lai.<br>- Thời gian mở và nội dung có thể thay đổi mà không báo trước.<br>- Có thể dùng Scout Ticket qua mục ""Scout bằng vé"" ở góc dưới bên phải màn hình.<br>　Vé không hiển thị trong ""Scout bằng vé"" sẽ không thể dùng cho Scout này.<br>- Khi một Thành viên đã chiêu mộ xuất hiện lại từ lần thứ hai trở đi, bạn sẽ nhận Penlight theo độ hiếm của họ.<br>　Thành viên R: 20<br>　Thành viên SR: 50<br>　Thành viên UR: 500<br>- Điểm Scout nhận được sẽ tự động chuyển thành 1 Skill Book (M) khi Scout kết thúc."
mst.lottery_caution.2110028._cautionText,"- Hãy kiểm tra tab ""Tỷ lệ xuất hiện"" để xem các Thành viên có thể xuất hiện.<br>- Cùng một Thành viên có thể xuất hiện nhiều lần trong Scout Tiêu Điểm: Santa Claus at the Snow Festival.<br>- Tỷ lệ xuất hiện được làm tròn đến chữ số thập phân thứ năm.<br>Do đó, tổng tỷ lệ xuất hiện riêng lẻ có thể khác với tổng tỷ lệ được hiển thị.<br>- Do giới hạn hiển thị, tổng tỷ lệ xuất hiện có thể không bằng 100%.<br>- The Scout Tiêu Điểm: Santa Claus at the Snow Festival sẽ rút một lần cho mỗi lượt dựa trên tỷ lệ xuất hiện.<br>Ví dụ, Thành viên có tỷ lệ 1% không được đảm bảo sẽ xuất hiện dù thực hiện 100 lượt.<br>- Để biết chi tiết tỷ lệ xuất hiện, hãy kiểm tra tab Tỷ lệ xuất hiện.<br>- Ngay cả khi ứng dụng bị buộc đóng hoặc mất kết nối khiến màn hình kết quả Scout không hiển thị đúng sau khi thực hiện Scout Tiêu Điểm: Santa Claus at the Snow Festival, lượt Scout vẫn được xử lý chính xác. Hãy kiểm tra danh sách Thành viên và số Penlight.<br>- Các Thành viên xuất hiện trong Scout này có thể xuất hiện lại trong tương lai.<br>- Scout này có thể được mở lại trong tương lai.<br>- Thời gian mở và nội dung có thể thay đổi mà không báo trước.<br>- Có thể dùng Scout Ticket qua mục ""Scout bằng vé"" ở góc dưới bên phải màn hình.<br>　Vé không hiển thị trong ""Scout bằng vé"" sẽ không thể dùng cho Scout này.<br>- Khi một Thành viên đã chiêu mộ xuất hiện lại từ lần thứ hai trở đi, bạn sẽ nhận Penlight theo độ hiếm của họ.<br>　Thành viên R: 20<br>　Thành viên SR: 50<br>　Thành viên UR: 500<br>- Điểm Scout nhận được sẽ tự động chuyển thành 1 Skill Book (M) khi Scout kết thúc."
mst.lottery_caution.2110029._cautionText,"- Hãy kiểm tra tab ""Tỷ lệ xuất hiện"" để xem các Thành viên có thể xuất hiện.<br>- Cùng một Thành viên có thể xuất hiện nhiều lần trong Scout Tiêu Điểm: Santa Claus at the Snow Festival.<br>- Tỷ lệ xuất hiện được làm tròn đến chữ số thập phân thứ năm.<br>Do đó, tổng tỷ lệ xuất hiện riêng lẻ có thể khác với tổng tỷ lệ được hiển thị.<br>- Do giới hạn hiển thị, tổng tỷ lệ xuất hiện có thể không bằng 100%.<br>- The Scout Tiêu Điểm: Santa Claus at the Snow Festival sẽ rút một lần cho mỗi lượt dựa trên tỷ lệ xuất hiện.<br>Ví dụ, Thành viên có tỷ lệ 1% không được đảm bảo sẽ xuất hiện dù thực hiện 100 lượt.<br>- Để biết chi tiết tỷ lệ xuất hiện, hãy kiểm tra tab Tỷ lệ xuất hiện.<br>- Ngay cả khi ứng dụng bị buộc đóng hoặc mất kết nối khiến màn hình kết quả Scout không hiển thị đúng sau khi thực hiện Scout Tiêu Điểm: Santa Claus at the Snow Festival, lượt Scout vẫn được xử lý chính xác. Hãy kiểm tra danh sách Thành viên và số Penlight.<br>- Các Thành viên xuất hiện trong Scout này có thể xuất hiện lại trong tương lai.<br>- Scout này có thể được mở lại trong tương lai.<br>- Thời gian mở và nội dung có thể thay đổi mà không báo trước.<br>- Có thể dùng Scout Ticket qua mục ""Scout bằng vé"" ở góc dưới bên phải màn hình.<br>　Vé không hiển thị trong ""Scout bằng vé"" sẽ không thể dùng cho Scout này.<br>- Khi một Thành viên đã chiêu mộ xuất hiện lại từ lần thứ hai trở đi, bạn sẽ nhận Penlight theo độ hiếm của họ.<br>　Thành viên R: 20<br>　Thành viên SR: 50<br>　Thành viên UR: 500<br>- Điểm Scout nhận được sẽ tự động chuyển thành 1 Skill Book (M) khi Scout kết thúc."
mst.lottery_caution.2110030._cautionText,"- Hãy kiểm tra tab ""Tỷ lệ xuất hiện"" để xem các Thành viên có thể xuất hiện.<br>- Cùng một Thành viên có thể xuất hiện nhiều lần trong Scout Tiêu Điểm: Happy New Year to Everyone.<br>- Tỷ lệ xuất hiện được làm tròn đến chữ số thập phân thứ năm.<br>Do đó, tổng tỷ lệ xuất hiện riêng lẻ có thể khác với tổng tỷ lệ được hiển thị.<br>- Do giới hạn hiển thị, tổng tỷ lệ xuất hiện có thể không bằng 100%.<br>- The Scout Tiêu Điểm: Happy New Year to Everyone sẽ rút một lần cho mỗi lượt dựa trên tỷ lệ xuất hiện.<br>Ví dụ, Thành viên có tỷ lệ 1% không được đảm bảo sẽ xuất hiện dù thực hiện 100 lượt.<br>- Để biết chi tiết tỷ lệ xuất hiện, hãy kiểm tra tab Tỷ lệ xuất hiện.<br>- Ngay cả khi ứng dụng bị buộc đóng hoặc mất kết nối khiến màn hình kết quả Scout không hiển thị đúng sau khi thực hiện Scout Tiêu Điểm: Happy New Year to Everyone, lượt Scout vẫn được xử lý chính xác. Hãy kiểm tra danh sách Thành viên và số Penlight.<br>- Các Thành viên xuất hiện trong Scout này có thể xuất hiện lại trong tương lai.<br>- Scout này có thể được mở lại trong tương lai.<br>- Thời gian mở và nội dung có thể thay đổi mà không báo trước.<br>- Có thể dùng Scout Ticket qua mục ""Scout bằng vé"" ở góc dưới bên phải màn hình.<br>　Vé không hiển thị trong ""Scout bằng vé"" sẽ không thể dùng cho Scout này.<br>- Khi một Thành viên đã chiêu mộ xuất hiện lại từ lần thứ hai trở đi, bạn sẽ nhận Penlight theo độ hiếm của họ.<br>　Thành viên R: 20<br>　Thành viên SR: 50<br>　Thành viên UR: 500<br>- Điểm Scout nhận được sẽ tự động chuyển thành 1 Skill Book (M) khi Scout kết thúc."
mst.lottery_caution.2110031._cautionText,"- Hãy kiểm tra tab ""Tỷ lệ xuất hiện"" để xem các Thành viên có thể xuất hiện.<br>- Cùng một Thành viên có thể xuất hiện nhiều lần trong Scout Tiêu Điểm: Happy New Year to Everyone.<br>- Tỷ lệ xuất hiện được làm tròn đến chữ số thập phân thứ năm.<br>Do đó, tổng tỷ lệ xuất hiện riêng lẻ có thể khác với tổng tỷ lệ được hiển thị.<br>- Do giới hạn hiển thị, tổng tỷ lệ xuất hiện có thể không bằng 100%.<br>- The Scout Tiêu Điểm: Happy New Year to Everyone sẽ rút một lần cho mỗi lượt dựa trên tỷ lệ xuất hiện.<br>Ví dụ, Thành viên có tỷ lệ 1% không được đảm bảo sẽ xuất hiện dù thực hiện 100 lượt.<br>- Để biết chi tiết tỷ lệ xuất hiện, hãy kiểm tra tab Tỷ lệ xuất hiện.<br>- Ngay cả khi ứng dụng bị buộc đóng hoặc mất kết nối khiến màn hình kết quả Scout không hiển thị đúng sau khi thực hiện Scout Tiêu Điểm: Happy New Year to Everyone, lượt Scout vẫn được xử lý chính xác. Hãy kiểm tra danh sách Thành viên và số Penlight.<br>- Các Thành viên xuất hiện trong Scout này có thể xuất hiện lại trong tương lai.<br>- Scout này có thể được mở lại trong tương lai.<br>- Thời gian mở và nội dung có thể thay đổi mà không báo trước.<br>- Có thể dùng Scout Ticket qua mục ""Scout bằng vé"" ở góc dưới bên phải màn hình.<br>　Vé không hiển thị trong ""Scout bằng vé"" sẽ không thể dùng cho Scout này.<br>- Khi một Thành viên đã chiêu mộ xuất hiện lại từ lần thứ hai trở đi, bạn sẽ nhận Penlight theo độ hiếm của họ.<br>　Thành viên R: 20<br>　Thành viên SR: 50<br>　Thành viên UR: 500<br>- Điểm Scout nhận được sẽ tự động chuyển thành 1 Skill Book (M) khi Scout kết thúc."
mst.lottery_caution.2110032._cautionText,"- Hãy kiểm tra tab ""Tỷ lệ xuất hiện"" để xem các Thành viên có thể xuất hiện.<br>- Cùng một Thành viên có thể xuất hiện nhiều lần trong Scout Tiêu Điểm: Fairy on Ice.<br>- Tỷ lệ xuất hiện được làm tròn đến chữ số thập phân thứ năm.<br>Do đó, tổng tỷ lệ xuất hiện riêng lẻ có thể khác với tổng tỷ lệ được hiển thị.<br>- Do giới hạn hiển thị, tổng tỷ lệ xuất hiện có thể không bằng 100%.<br>- The Scout Tiêu Điểm: Fairy on Ice sẽ rút một lần cho mỗi lượt dựa trên tỷ lệ xuất hiện.<br>Ví dụ, Thành viên có tỷ lệ 1% không được đảm bảo sẽ xuất hiện dù thực hiện 100 lượt.<br>- Để biết chi tiết tỷ lệ xuất hiện, hãy kiểm tra tab Tỷ lệ xuất hiện.<br>- Ngay cả khi ứng dụng bị buộc đóng hoặc mất kết nối khiến màn hình kết quả Scout không hiển thị đúng sau khi thực hiện Scout Tiêu Điểm: Fairy on Ice, lượt Scout vẫn được xử lý chính xác. Hãy kiểm tra danh sách Thành viên và số Penlight.<br>- Các Thành viên xuất hiện trong Scout này có thể xuất hiện lại trong tương lai.<br>- Scout này có thể được mở lại trong tương lai.<br>- Thời gian mở và nội dung có thể thay đổi mà không báo trước.<br>- Có thể dùng Scout Ticket qua mục ""Scout bằng vé"" ở góc dưới bên phải màn hình.<br>　Vé không hiển thị trong ""Scout bằng vé"" sẽ không thể dùng cho Scout này.<br>- Khi một Thành viên đã chiêu mộ xuất hiện lại từ lần thứ hai trở đi, bạn sẽ nhận Penlight theo độ hiếm của họ.<br>　Thành viên R: 20<br>　Thành viên SR: 50<br>　Thành viên UR: 500<br>- Điểm Scout nhận được sẽ tự động chuyển thành 1 Skill Book (M) khi Scout kết thúc."
mst.lottery_caution.2110033._cautionText,"- Hãy kiểm tra tab ""Tỷ lệ xuất hiện"" để xem các Thành viên có thể xuất hiện.<br>- Cùng một Thành viên có thể xuất hiện nhiều lần trong Scout Tiêu Điểm: Fairy on Ice.<br>- Tỷ lệ xuất hiện được làm tròn đến chữ số thập phân thứ năm.<br>Do đó, tổng tỷ lệ xuất hiện riêng lẻ có thể khác với tổng tỷ lệ được hiển thị.<br>- Do giới hạn hiển thị, tổng tỷ lệ xuất hiện có thể không bằng 100%.<br>- The Scout Tiêu Điểm: Fairy on Ice sẽ rút một lần cho mỗi lượt dựa trên tỷ lệ xuất hiện.<br>Ví dụ, Thành viên có tỷ lệ 1% không được đảm bảo sẽ xuất hiện dù thực hiện 100 lượt.<br>- Để biết chi tiết tỷ lệ xuất hiện, hãy kiểm tra tab Tỷ lệ xuất hiện.<br>- Ngay cả khi ứng dụng bị buộc đóng hoặc mất kết nối khiến màn hình kết quả Scout không hiển thị đúng sau khi thực hiện Scout Tiêu Điểm: Fairy on Ice, lượt Scout vẫn được xử lý chính xác. Hãy kiểm tra danh sách Thành viên và số Penlight.<br>- Các Thành viên xuất hiện trong Scout này có thể xuất hiện lại trong tương lai.<br>- Scout này có thể được mở lại trong tương lai.<br>- Thời gian mở và nội dung có thể thay đổi mà không báo trước.<br>- Có thể dùng Scout Ticket qua mục ""Scout bằng vé"" ở góc dưới bên phải màn hình.<br>　Vé không hiển thị trong ""Scout bằng vé"" sẽ không thể dùng cho Scout này.<br>- Khi một Thành viên đã chiêu mộ xuất hiện lại từ lần thứ hai trở đi, bạn sẽ nhận Penlight theo độ hiếm của họ.<br>　Thành viên R: 20<br>　Thành viên SR: 50<br>　Thành viên UR: 500<br>- Điểm Scout nhận được sẽ tự động chuyển thành 1 Skill Book (M) khi Scout kết thúc."
mst.lottery_caution.2110034._cautionText,"- Hãy kiểm tra tab ""Tỷ lệ xuất hiện"" để xem các Thành viên có thể xuất hiện.<br>- Cùng một Thành viên có thể xuất hiện nhiều lần trong Scout Tiêu Điểm: A Maiden Captivated by Love.<br>- Tỷ lệ xuất hiện được làm tròn đến chữ số thập phân thứ năm.<br>Do đó, tổng tỷ lệ xuất hiện riêng lẻ có thể khác với tổng tỷ lệ được hiển thị.<br>- Do giới hạn hiển thị, tổng tỷ lệ xuất hiện có thể không bằng 100%.<br>- The Scout Tiêu Điểm: A Maiden Captivated by Love sẽ rút một lần cho mỗi lượt dựa trên tỷ lệ xuất hiện.<br>Ví dụ, Thành viên có tỷ lệ 1% không được đảm bảo sẽ xuất hiện dù thực hiện 100 lượt.<br>- Để biết chi tiết tỷ lệ xuất hiện, hãy kiểm tra tab Tỷ lệ xuất hiện.<br>- Ngay cả khi ứng dụng bị buộc đóng hoặc mất kết nối khiến màn hình kết quả Scout không hiển thị đúng sau khi thực hiện Scout Tiêu Điểm: A Maiden Captivated by Love, lượt Scout vẫn được xử lý chính xác. Hãy kiểm tra danh sách Thành viên và số Penlight.<br>- Các Thành viên xuất hiện trong Scout này có thể xuất hiện lại trong tương lai.<br>- Scout này có thể được mở lại trong tương lai.<br>- Thời gian mở và nội dung có thể thay đổi mà không báo trước.<br>- Có thể dùng Scout Ticket qua mục ""Scout bằng vé"" ở góc dưới bên phải màn hình.<br>　Vé không hiển thị trong ""Scout bằng vé"" sẽ không thể dùng cho Scout này.<br>- Khi một Thành viên đã chiêu mộ xuất hiện lại từ lần thứ hai trở đi, bạn sẽ nhận Penlight theo độ hiếm của họ.<br>　Thành viên R: 20<br>　Thành viên SR: 50<br>　Thành viên UR: 500<br>- Điểm Scout nhận được sẽ tự động chuyển thành 1 Skill Book (M) khi Scout kết thúc."
mst.lottery_caution.2110035._cautionText,"- Hãy kiểm tra tab ""Tỷ lệ xuất hiện"" để xem các Thành viên có thể xuất hiện.<br>- Cùng một Thành viên có thể xuất hiện nhiều lần trong Scout Tiêu Điểm: A Maiden Captivated by Love.<br>- Tỷ lệ xuất hiện được làm tròn đến chữ số thập phân thứ năm.<br>Do đó, tổng tỷ lệ xuất hiện riêng lẻ có thể khác với tổng tỷ lệ được hiển thị.<br>- Do giới hạn hiển thị, tổng tỷ lệ xuất hiện có thể không bằng 100%.<br>- The Scout Tiêu Điểm: A Maiden Captivated by Love sẽ rút một lần cho mỗi lượt dựa trên tỷ lệ xuất hiện.<br>Ví dụ, Thành viên có tỷ lệ 1% không được đảm bảo sẽ xuất hiện dù thực hiện 100 lượt.<br>- Để biết chi tiết tỷ lệ xuất hiện, hãy kiểm tra tab Tỷ lệ xuất hiện.<br>- Ngay cả khi ứng dụng bị buộc đóng hoặc mất kết nối khiến màn hình kết quả Scout không hiển thị đúng sau khi thực hiện Scout Tiêu Điểm: A Maiden Captivated by Love, lượt Scout vẫn được xử lý chính xác. Hãy kiểm tra danh sách Thành viên và số Penlight.<br>- Các Thành viên xuất hiện trong Scout này có thể xuất hiện lại trong tương lai.<br>- Scout này có thể được mở lại trong tương lai.<br>- Thời gian mở và nội dung có thể thay đổi mà không báo trước.<br>- Có thể dùng Scout Ticket qua mục ""Scout bằng vé"" ở góc dưới bên phải màn hình.<br>　Vé không hiển thị trong ""Scout bằng vé"" sẽ không thể dùng cho Scout này.<br>- Khi một Thành viên đã chiêu mộ xuất hiện lại từ lần thứ hai trở đi, bạn sẽ nhận Penlight theo độ hiếm của họ.<br>　Thành viên R: 20<br>　Thành viên SR: 50<br>　Thành viên UR: 500<br>- Điểm Scout nhận được sẽ tự động chuyển thành 1 Skill Book (M) khi Scout kết thúc."
mst.lottery_caution.2110036._cautionText,"- Hãy kiểm tra tab ""Tỷ lệ xuất hiện"" để xem các Thành viên có thể xuất hiện.<br>- Cùng một Thành viên có thể xuất hiện nhiều lần trong Scout Tiêu Điểm: Night of the Hundred Demons.<br>- Tỷ lệ xuất hiện được làm tròn đến chữ số thập phân thứ năm.<br>Do đó, tổng tỷ lệ xuất hiện riêng lẻ có thể khác với tổng tỷ lệ được hiển thị.<br>- Do giới hạn hiển thị, tổng tỷ lệ xuất hiện có thể không bằng 100%.<br>- The Scout Tiêu Điểm: Night of the Hundred Demons sẽ rút một lần cho mỗi lượt dựa trên tỷ lệ xuất hiện.<br>Ví dụ, Thành viên có tỷ lệ 1% không được đảm bảo sẽ xuất hiện dù thực hiện 100 lượt.<br>- Để biết chi tiết tỷ lệ xuất hiện, hãy kiểm tra tab Tỷ lệ xuất hiện.<br>- Ngay cả khi ứng dụng bị buộc đóng hoặc mất kết nối khiến màn hình kết quả Scout không hiển thị đúng sau khi thực hiện Scout Tiêu Điểm: Night of the Hundred Demons, lượt Scout vẫn được xử lý chính xác. Hãy kiểm tra danh sách Thành viên và số Penlight.<br>- Các Thành viên xuất hiện trong Scout này có thể xuất hiện lại trong tương lai.<br>- Scout này có thể được mở lại trong tương lai.<br>- Thời gian mở và nội dung có thể thay đổi mà không báo trước.<br>- Có thể dùng Scout Ticket qua mục ""Scout bằng vé"" ở góc dưới bên phải màn hình.<br>　Vé không hiển thị trong ""Scout bằng vé"" sẽ không thể dùng cho Scout này.<br>- Khi một Thành viên đã chiêu mộ xuất hiện lại từ lần thứ hai trở đi, bạn sẽ nhận Penlight theo độ hiếm của họ.<br>　Thành viên R: 20<br>　Thành viên SR: 50<br>　Thành viên UR: 500<br>- Điểm Scout nhận được sẽ tự động chuyển thành 1 Skill Book (M) khi Scout kết thúc."
mst.lottery_caution.2110037._cautionText,"- Hãy kiểm tra tab ""Tỷ lệ xuất hiện"" để xem các Thành viên có thể xuất hiện.<br>- Cùng một Thành viên có thể xuất hiện nhiều lần trong Scout Tiêu Điểm: Night of the Hundred Demons.<br>- Tỷ lệ xuất hiện được làm tròn đến chữ số thập phân thứ năm.<br>Do đó, tổng tỷ lệ xuất hiện riêng lẻ có thể khác với tổng tỷ lệ được hiển thị.<br>- Do giới hạn hiển thị, tổng tỷ lệ xuất hiện có thể không bằng 100%.<br>- The Scout Tiêu Điểm: Night of the Hundred Demons sẽ rút một lần cho mỗi lượt dựa trên tỷ lệ xuất hiện.<br>Ví dụ, Thành viên có tỷ lệ 1% không được đảm bảo sẽ xuất hiện dù thực hiện 100 lượt.<br>- Để biết chi tiết tỷ lệ xuất hiện, hãy kiểm tra tab Tỷ lệ xuất hiện.<br>- Ngay cả khi ứng dụng bị buộc đóng hoặc mất kết nối khiến màn hình kết quả Scout không hiển thị đúng sau khi thực hiện Scout Tiêu Điểm: Night of the Hundred Demons, lượt Scout vẫn được xử lý chính xác. Hãy kiểm tra danh sách Thành viên và số Penlight.<br>- Các Thành viên xuất hiện trong Scout này có thể xuất hiện lại trong tương lai.<br>- Scout này có thể được mở lại trong tương lai.<br>- Thời gian mở và nội dung có thể thay đổi mà không báo trước.<br>- Có thể dùng Scout Ticket qua mục ""Scout bằng vé"" ở góc dưới bên phải màn hình.<br>　Vé không hiển thị trong ""Scout bằng vé"" sẽ không thể dùng cho Scout này.<br>- Khi một Thành viên đã chiêu mộ xuất hiện lại từ lần thứ hai trở đi, bạn sẽ nhận Penlight theo độ hiếm của họ.<br>　Thành viên R: 20<br>　Thành viên SR: 50<br>　Thành viên UR: 500<br>- Điểm Scout nhận được sẽ tự động chuyển thành 1 Skill Book (M) khi Scout kết thúc."
mst.lottery_caution.2110038._cautionText,"- Hãy kiểm tra tab ""Tỷ lệ xuất hiện"" để xem các Thành viên có thể xuất hiện.<br>- Cùng một Thành viên có thể xuất hiện nhiều lần trong Scout Tiêu Điểm: Y2K♡GALS.<br>- Tỷ lệ xuất hiện được làm tròn đến chữ số thập phân thứ năm.<br>Do đó, tổng tỷ lệ xuất hiện riêng lẻ có thể khác với tổng tỷ lệ được hiển thị.<br>- Do giới hạn hiển thị, tổng tỷ lệ xuất hiện có thể không bằng 100%.<br>- The Scout Tiêu Điểm: Y2K♡GALS sẽ rút một lần cho mỗi lượt dựa trên tỷ lệ xuất hiện.<br>Ví dụ, Thành viên có tỷ lệ 1% không được đảm bảo sẽ xuất hiện dù thực hiện 100 lượt.<br>- Để biết chi tiết tỷ lệ xuất hiện, hãy kiểm tra tab Tỷ lệ xuất hiện.<br>- Ngay cả khi ứng dụng bị buộc đóng hoặc mất kết nối khiến màn hình kết quả Scout không hiển thị đúng sau khi thực hiện Scout Tiêu Điểm: Y2K♡GALS, lượt Scout vẫn được xử lý chính xác. Hãy kiểm tra danh sách Thành viên và số Penlight.<br>- Các Thành viên xuất hiện trong Scout này có thể xuất hiện lại trong tương lai.<br>- Scout này có thể được mở lại trong tương lai.<br>- Thời gian mở và nội dung có thể thay đổi mà không báo trước.<br>- Có thể dùng Scout Ticket qua mục ""Scout bằng vé"" ở góc dưới bên phải màn hình.<br>　Vé không hiển thị trong ""Scout bằng vé"" sẽ không thể dùng cho Scout này.<br>- Khi một Thành viên đã chiêu mộ xuất hiện lại từ lần thứ hai trở đi, bạn sẽ nhận Penlight theo độ hiếm của họ.<br>　Thành viên R: 20<br>　Thành viên SR: 50<br>　Thành viên UR: 500<br>- Điểm Scout nhận được sẽ tự động chuyển thành 1 Skill Book (M) khi Scout kết thúc."
mst.lottery_caution.2110039._cautionText,"- Hãy kiểm tra tab ""Tỷ lệ xuất hiện"" để xem các Thành viên có thể xuất hiện.<br>- Cùng một Thành viên có thể xuất hiện nhiều lần trong Scout Tiêu Điểm: Y2K♡GALS.<br>- Tỷ lệ xuất hiện được làm tròn đến chữ số thập phân thứ năm.<br>Do đó, tổng tỷ lệ xuất hiện riêng lẻ có thể khác với tổng tỷ lệ được hiển thị.<br>- Do giới hạn hiển thị, tổng tỷ lệ xuất hiện có thể không bằng 100%.<br>- The Scout Tiêu Điểm: Y2K♡GALS sẽ rút một lần cho mỗi lượt dựa trên tỷ lệ xuất hiện.<br>Ví dụ, Thành viên có tỷ lệ 1% không được đảm bảo sẽ xuất hiện dù thực hiện 100 lượt.<br>- Để biết chi tiết tỷ lệ xuất hiện, hãy kiểm tra tab Tỷ lệ xuất hiện.<br>- Ngay cả khi ứng dụng bị buộc đóng hoặc mất kết nối khiến màn hình kết quả Scout không hiển thị đúng sau khi thực hiện Scout Tiêu Điểm: Y2K♡GALS, lượt Scout vẫn được xử lý chính xác. Hãy kiểm tra danh sách Thành viên và số Penlight.<br>- Các Thành viên xuất hiện trong Scout này có thể xuất hiện lại trong tương lai.<br>- Scout này có thể được mở lại trong tương lai.<br>- Thời gian mở và nội dung có thể thay đổi mà không báo trước.<br>- Có thể dùng Scout Ticket qua mục ""Scout bằng vé"" ở góc dưới bên phải màn hình.<br>　Vé không hiển thị trong ""Scout bằng vé"" sẽ không thể dùng cho Scout này.<br>- Khi một Thành viên đã chiêu mộ xuất hiện lại từ lần thứ hai trở đi, bạn sẽ nhận Penlight theo độ hiếm của họ.<br>　Thành viên R: 20<br>　Thành viên SR: 50<br>　Thành viên UR: 500<br>- Điểm Scout nhận được sẽ tự động chuyển thành 1 Skill Book (M) khi Scout kết thúc."
mst.lottery_caution.3110001._cautionText,"- Hãy kiểm tra tab ""Tỷ lệ xuất hiện"" để xem các Thành viên có thể xuất hiện.<br>- Cùng một Thành viên có thể xuất hiện nhiều lần trong Scout Sinh nhật của Kanon: Harmony Star.<br>- Tỷ lệ xuất hiện được làm tròn đến chữ số thập phân thứ năm.<br>Do đó, tổng tỷ lệ xuất hiện riêng lẻ có thể khác với tổng tỷ lệ được hiển thị.<br>- Do giới hạn hiển thị, tổng tỷ lệ xuất hiện có thể không bằng 100%.<br>- The Scout Sinh nhật của Kanon: Harmony Star sẽ rút một lần cho mỗi lượt dựa trên tỷ lệ xuất hiện.<br>Ví dụ, Thành viên có tỷ lệ 1% không được đảm bảo sẽ xuất hiện dù thực hiện 100 lượt.<br>- Để biết chi tiết tỷ lệ xuất hiện, hãy kiểm tra tab Tỷ lệ xuất hiện.<br>- Ngay cả khi ứng dụng bị buộc đóng hoặc mất kết nối khiến màn hình kết quả Scout không hiển thị đúng sau khi thực hiện Scout Sinh nhật của Kanon: Harmony Star, lượt Scout vẫn được xử lý chính xác. Hãy kiểm tra danh sách Thành viên và số Penlight.<br>- Các Thành viên xuất hiện trong Scout này có thể xuất hiện lại trong tương lai.<br>- Scout này có thể được mở lại trong tương lai.<br>- Thời gian mở và nội dung có thể thay đổi mà không báo trước.<br>- Có thể dùng Scout Ticket qua mục ""Scout bằng vé"" ở góc dưới bên phải màn hình.<br>　Vé không hiển thị trong ""Scout bằng vé"" sẽ không thể dùng cho Scout này.<br>- Khi một Thành viên đã chiêu mộ xuất hiện lại từ lần thứ hai trở đi, bạn sẽ nhận Penlight theo độ hiếm của họ.<br>　Thành viên R: 20<br>　Thành viên SR: 50<br>　Thành viên UR: 500<br>- Điểm Scout nhận được sẽ tự động chuyển thành 1 Skill Book (M) khi Scout kết thúc."
mst.lottery_caution.3110002._cautionText,"- Hãy kiểm tra tab ""Tỷ lệ xuất hiện"" để xem các Thành viên có thể xuất hiện.<br>- Cùng một Thành viên có thể xuất hiện nhiều lần trong Scout Sinh nhật của Ai: Colorful Heroines.<br>- Tỷ lệ xuất hiện được làm tròn đến chữ số thập phân thứ năm.<br>Do đó, tổng tỷ lệ xuất hiện riêng lẻ có thể khác với tổng tỷ lệ được hiển thị.<br>- Do giới hạn hiển thị, tổng tỷ lệ xuất hiện có thể không bằng 100%.<br>- The Scout Sinh nhật của Ai: Colorful Heroines sẽ rút một lần cho mỗi lượt dựa trên tỷ lệ xuất hiện.<br>Ví dụ, Thành viên có tỷ lệ 1% không được đảm bảo sẽ xuất hiện dù thực hiện 100 lượt.<br>- Để biết chi tiết tỷ lệ xuất hiện, hãy kiểm tra tab Tỷ lệ xuất hiện.<br>- Ngay cả khi ứng dụng bị buộc đóng hoặc mất kết nối khiến màn hình kết quả Scout không hiển thị đúng sau khi thực hiện Scout Sinh nhật của Ai: Colorful Heroines, lượt Scout vẫn được xử lý chính xác. Hãy kiểm tra danh sách Thành viên và số Penlight.<br>- Các Thành viên xuất hiện trong Scout này có thể xuất hiện lại trong tương lai.<br>- Scout này có thể được mở lại trong tương lai.<br>- Thời gian mở và nội dung có thể thay đổi mà không báo trước.<br>- Có thể dùng Scout Ticket qua mục ""Scout bằng vé"" ở góc dưới bên phải màn hình.<br>　Vé không hiển thị trong ""Scout bằng vé"" sẽ không thể dùng cho Scout này.<br>- Khi một Thành viên đã chiêu mộ xuất hiện lại từ lần thứ hai trở đi, bạn sẽ nhận Penlight theo độ hiếm của họ.<br>　Thành viên R: 20<br>　Thành viên SR: 50<br>　Thành viên UR: 500<br>- Điểm Scout nhận được sẽ tự động chuyển thành 1 Skill Book (M) khi Scout kết thúc."
mst.lottery_caution.3110003._cautionText,"- Hãy kiểm tra tab ""Tỷ lệ xuất hiện"" để xem các Thành viên có thể xuất hiện.<br>- Cùng một Thành viên có thể xuất hiện nhiều lần trong Scout Sinh nhật của Nozomi: Flower Shower.<br>- Tỷ lệ xuất hiện được làm tròn đến chữ số thập phân thứ năm.<br>Do đó, tổng tỷ lệ xuất hiện riêng lẻ có thể khác với tổng tỷ lệ được hiển thị.<br>- Do giới hạn hiển thị, tổng tỷ lệ xuất hiện có thể không bằng 100%.<br>- The Scout Sinh nhật của Nozomi: Flower Shower sẽ rút một lần cho mỗi lượt dựa trên tỷ lệ xuất hiện.<br>Ví dụ, Thành viên có tỷ lệ 1% không được đảm bảo sẽ xuất hiện dù thực hiện 100 lượt.<br>- Để biết chi tiết tỷ lệ xuất hiện, hãy kiểm tra tab Tỷ lệ xuất hiện.<br>- Ngay cả khi ứng dụng bị buộc đóng hoặc mất kết nối khiến màn hình kết quả Scout không hiển thị đúng sau khi thực hiện Scout Sinh nhật của Nozomi: Flower Shower, lượt Scout vẫn được xử lý chính xác. Hãy kiểm tra danh sách Thành viên và số Penlight.<br>- Các Thành viên xuất hiện trong Scout này có thể xuất hiện lại trong tương lai.<br>- Scout này có thể được mở lại trong tương lai.<br>- Thời gian mở và nội dung có thể thay đổi mà không báo trước.<br>- Có thể dùng Scout Ticket qua mục ""Scout bằng vé"" ở góc dưới bên phải màn hình.<br>　Vé không hiển thị trong ""Scout bằng vé"" sẽ không thể dùng cho Scout này.<br>- Khi một Thành viên đã chiêu mộ xuất hiện lại từ lần thứ hai trở đi, bạn sẽ nhận Penlight theo độ hiếm của họ.<br>　Thành viên R: 20<br>　Thành viên SR: 50<br>　Thành viên UR: 500<br>- Điểm Scout nhận được sẽ tự động chuyển thành 1 Skill Book (M) khi Scout kết thúc."
mst.lottery_caution.3110004._cautionText,"- Hãy kiểm tra tab ""Tỷ lệ xuất hiện"" để xem các Thành viên có thể xuất hiện.<br>- Cùng một Thành viên có thể xuất hiện nhiều lần trong Scout Sinh nhật của Mari: Fairy Wing.<br>- Tỷ lệ xuất hiện được làm tròn đến chữ số thập phân thứ năm.<br>Do đó, tổng tỷ lệ xuất hiện riêng lẻ có thể khác với tổng tỷ lệ được hiển thị.<br>- Do giới hạn hiển thị, tổng tỷ lệ xuất hiện có thể không bằng 100%.<br>- The Scout Sinh nhật của Mari: Fairy Wing sẽ rút một lần cho mỗi lượt dựa trên tỷ lệ xuất hiện.<br>Ví dụ, Thành viên có tỷ lệ 1% không được đảm bảo sẽ xuất hiện dù thực hiện 100 lượt.<br>- Để biết chi tiết tỷ lệ xuất hiện, hãy kiểm tra tab Tỷ lệ xuất hiện.<br>- Ngay cả khi ứng dụng bị buộc đóng hoặc mất kết nối khiến màn hình kết quả Scout không hiển thị đúng sau khi thực hiện Scout Sinh nhật của Mari: Fairy Wing, lượt Scout vẫn được xử lý chính xác. Hãy kiểm tra danh sách Thành viên và số Penlight.<br>- Các Thành viên xuất hiện trong Scout này có thể xuất hiện lại trong tương lai.<br>- Scout này có thể được mở lại trong tương lai.<br>- Thời gian mở và nội dung có thể thay đổi mà không báo trước.<br>- Có thể dùng Scout Ticket qua mục ""Scout bằng vé"" ở góc dưới bên phải màn hình.<br>　Vé không hiển thị trong ""Scout bằng vé"" sẽ không thể dùng cho Scout này.<br>- Khi một Thành viên đã chiêu mộ xuất hiện lại từ lần thứ hai trở đi, bạn sẽ nhận Penlight theo độ hiếm của họ.<br>　Thành viên R: 20<br>　Thành viên SR: 50<br>　Thành viên UR: 500<br>- Điểm Scout nhận được sẽ tự động chuyển thành 1 Skill Book (M) khi Scout kết thúc."
mst.lottery_caution.3110005._cautionText,"- Hãy kiểm tra tab ""Tỷ lệ xuất hiện"" để xem các Thành viên có thể xuất hiện.<br>- Cùng một Thành viên có thể xuất hiện nhiều lần trong Scout Sinh nhật của Shiki: Harmony Star.<br>- Tỷ lệ xuất hiện được làm tròn đến chữ số thập phân thứ năm.<br>Do đó, tổng tỷ lệ xuất hiện riêng lẻ có thể khác với tổng tỷ lệ được hiển thị.<br>- Do giới hạn hiển thị, tổng tỷ lệ xuất hiện có thể không bằng 100%.<br>- The Scout Sinh nhật của Shiki: Harmony Star sẽ rút một lần cho mỗi lượt dựa trên tỷ lệ xuất hiện.<br>Ví dụ, Thành viên có tỷ lệ 1% không được đảm bảo sẽ xuất hiện dù thực hiện 100 lượt.<br>- Để biết chi tiết tỷ lệ xuất hiện, hãy kiểm tra tab Tỷ lệ xuất hiện.<br>- Ngay cả khi ứng dụng bị buộc đóng hoặc mất kết nối khiến màn hình kết quả Scout không hiển thị đúng sau khi thực hiện Scout Sinh nhật của Shiki: Harmony Star, lượt Scout vẫn được xử lý chính xác. Hãy kiểm tra danh sách Thành viên và số Penlight.<br>- Các Thành viên xuất hiện trong Scout này có thể xuất hiện lại trong tương lai.<br>- Scout này có thể được mở lại trong tương lai.<br>- Thời gian mở và nội dung có thể thay đổi mà không báo trước.<br>- Có thể dùng Scout Ticket qua mục ""Scout bằng vé"" ở góc dưới bên phải màn hình.<br>　Vé không hiển thị trong ""Scout bằng vé"" sẽ không thể dùng cho Scout này.<br>- Khi một Thành viên đã chiêu mộ xuất hiện lại từ lần thứ hai trở đi, bạn sẽ nhận Penlight theo độ hiếm của họ.<br>　Thành viên R: 20<br>　Thành viên SR: 50<br>　Thành viên UR: 500<br>- Điểm Scout nhận được sẽ tự động chuyển thành 1 Skill Book (M) khi Scout kết thúc."
mst.lottery_caution.3110006._cautionText,"- Hãy kiểm tra tab ""Tỷ lệ xuất hiện"" để xem các Thành viên có thể xuất hiện.<br>- Cùng một Thành viên có thể xuất hiện nhiều lần trong Scout Sinh nhật của Karin: Colorful Heroines.<br>- Tỷ lệ xuất hiện được làm tròn đến chữ số thập phân thứ năm.<br>Do đó, tổng tỷ lệ xuất hiện riêng lẻ có thể khác với tổng tỷ lệ được hiển thị.<br>- Do giới hạn hiển thị, tổng tỷ lệ xuất hiện có thể không bằng 100%.<br>- The Scout Sinh nhật của Karin: Colorful Heroines sẽ rút một lần cho mỗi lượt dựa trên tỷ lệ xuất hiện.<br>Ví dụ, Thành viên có tỷ lệ 1% không được đảm bảo sẽ xuất hiện dù thực hiện 100 lượt.<br>- Để biết chi tiết tỷ lệ xuất hiện, hãy kiểm tra tab Tỷ lệ xuất hiện.<br>- Ngay cả khi ứng dụng bị buộc đóng hoặc mất kết nối khiến màn hình kết quả Scout không hiển thị đúng sau khi thực hiện Scout Sinh nhật của Karin: Colorful Heroines, lượt Scout vẫn được xử lý chính xác. Hãy kiểm tra danh sách Thành viên và số Penlight.<br>- Các Thành viên xuất hiện trong Scout này có thể xuất hiện lại trong tương lai.<br>- Scout này có thể được mở lại trong tương lai.<br>- Thời gian mở và nội dung có thể thay đổi mà không báo trước.<br>- Có thể dùng Scout Ticket qua mục ""Scout bằng vé"" ở góc dưới bên phải màn hình.<br>　Vé không hiển thị trong ""Scout bằng vé"" sẽ không thể dùng cho Scout này.<br>- Khi một Thành viên đã chiêu mộ xuất hiện lại từ lần thứ hai trở đi, bạn sẽ nhận Penlight theo độ hiếm của họ.<br>　Thành viên R: 20<br>　Thành viên SR: 50<br>　Thành viên UR: 500<br>- Điểm Scout nhận được sẽ tự động chuyển thành 1 Skill Book (M) khi Scout kết thúc."
mst.lottery_caution.3110007._cautionText,"- Hãy kiểm tra tab ""Tỷ lệ xuất hiện"" để xem các Thành viên có thể xuất hiện.<br>- Cùng một Thành viên có thể xuất hiện nhiều lần trong Scout Sinh nhật của Yoshiko: Fairy Wing.<br>- Tỷ lệ xuất hiện được làm tròn đến chữ số thập phân thứ năm.<br>Do đó, tổng tỷ lệ xuất hiện riêng lẻ có thể khác với tổng tỷ lệ được hiển thị.<br>- Do giới hạn hiển thị, tổng tỷ lệ xuất hiện có thể không bằng 100%.<br>- The Scout Sinh nhật của Yoshiko: Fairy Wing sẽ rút một lần cho mỗi lượt dựa trên tỷ lệ xuất hiện.<br>Ví dụ, Thành viên có tỷ lệ 1% không được đảm bảo sẽ xuất hiện dù thực hiện 100 lượt.<br>- Để biết chi tiết tỷ lệ xuất hiện, hãy kiểm tra tab Tỷ lệ xuất hiện.<br>- Ngay cả khi ứng dụng bị buộc đóng hoặc mất kết nối khiến màn hình kết quả Scout không hiển thị đúng sau khi thực hiện Scout Sinh nhật của Yoshiko: Fairy Wing, lượt Scout vẫn được xử lý chính xác. Hãy kiểm tra danh sách Thành viên và số Penlight.<br>- Các Thành viên xuất hiện trong Scout này có thể xuất hiện lại trong tương lai.<br>- Scout này có thể được mở lại trong tương lai.<br>- Thời gian mở và nội dung có thể thay đổi mà không báo trước.<br>- Có thể dùng Scout Ticket qua mục ""Scout bằng vé"" ở góc dưới bên phải màn hình.<br>　Vé không hiển thị trong ""Scout bằng vé"" sẽ không thể dùng cho Scout này.<br>- Khi một Thành viên đã chiêu mộ xuất hiện lại từ lần thứ hai trở đi, bạn sẽ nhận Penlight theo độ hiếm của họ.<br>　Thành viên R: 20<br>　Thành viên SR: 50<br>　Thành viên UR: 500<br>- Điểm Scout nhận được sẽ tự động chuyển thành 1 Skill Book (M) khi Scout kết thúc."
mst.lottery_caution.3110008._cautionText,"- Hãy kiểm tra tab ""Tỷ lệ xuất hiện"" để xem các Thành viên có thể xuất hiện.<br>- Cùng một Thành viên có thể xuất hiện nhiều lần trong Scout Sinh nhật của Keke: Harmony Star.<br>- Tỷ lệ xuất hiện được làm tròn đến chữ số thập phân thứ năm.<br>Do đó, tổng tỷ lệ xuất hiện riêng lẻ có thể khác với tổng tỷ lệ được hiển thị.<br>- Do giới hạn hiển thị, tổng tỷ lệ xuất hiện có thể không bằng 100%.<br>- The Scout Sinh nhật của Keke: Harmony Star sẽ rút một lần cho mỗi lượt dựa trên tỷ lệ xuất hiện.<br>Ví dụ, Thành viên có tỷ lệ 1% không được đảm bảo sẽ xuất hiện dù thực hiện 100 lượt.<br>- Để biết chi tiết tỷ lệ xuất hiện, hãy kiểm tra tab Tỷ lệ xuất hiện.<br>- Ngay cả khi ứng dụng bị buộc đóng hoặc mất kết nối khiến màn hình kết quả Scout không hiển thị đúng sau khi thực hiện Scout Sinh nhật của Keke: Harmony Star, lượt Scout vẫn được xử lý chính xác. Hãy kiểm tra danh sách Thành viên và số Penlight.<br>- Các Thành viên xuất hiện trong Scout này có thể xuất hiện lại trong tương lai.<br>- Scout này có thể được mở lại trong tương lai.<br>- Thời gian mở và nội dung có thể thay đổi mà không báo trước.<br>- Có thể dùng Scout Ticket qua mục ""Scout bằng vé"" ở góc dưới bên phải màn hình.<br>　Vé không hiển thị trong ""Scout bằng vé"" sẽ không thể dùng cho Scout này.<br>- Khi một Thành viên đã chiêu mộ xuất hiện lại từ lần thứ hai trở đi, bạn sẽ nhận Penlight theo độ hiếm của họ.<br>　Thành viên R: 20<br>　Thành viên SR: 50<br>　Thành viên UR: 500<br>- Điểm Scout nhận được sẽ tự động chuyển thành 1 Skill Book (M) khi Scout kết thúc."
mst.lottery_caution.3110009._cautionText,"- Hãy kiểm tra tab ""Tỷ lệ xuất hiện"" để xem các Thành viên có thể xuất hiện.<br>- Cùng một Thành viên có thể xuất hiện nhiều lần trong Scout Sinh nhật của Nico: Flower Shower.<br>- Tỷ lệ xuất hiện được làm tròn đến chữ số thập phân thứ năm.<br>Do đó, tổng tỷ lệ xuất hiện riêng lẻ có thể khác với tổng tỷ lệ được hiển thị.<br>- Do giới hạn hiển thị, tổng tỷ lệ xuất hiện có thể không bằng 100%.<br>- The Scout Sinh nhật của Nico: Flower Shower sẽ rút một lần cho mỗi lượt dựa trên tỷ lệ xuất hiện.<br>Ví dụ, Thành viên có tỷ lệ 1% không được đảm bảo sẽ xuất hiện dù thực hiện 100 lượt.<br>- Để biết chi tiết tỷ lệ xuất hiện, hãy kiểm tra tab Tỷ lệ xuất hiện.<br>- Ngay cả khi ứng dụng bị buộc đóng hoặc mất kết nối khiến màn hình kết quả Scout không hiển thị đúng sau khi thực hiện Scout Sinh nhật của Nico: Flower Shower, lượt Scout vẫn được xử lý chính xác. Hãy kiểm tra danh sách Thành viên và số Penlight.<br>- Các Thành viên xuất hiện trong Scout này có thể xuất hiện lại trong tương lai.<br>- Scout này có thể được mở lại trong tương lai.<br>- Thời gian mở và nội dung có thể thay đổi mà không báo trước.<br>- Có thể dùng Scout Ticket qua mục ""Scout bằng vé"" ở góc dưới bên phải màn hình.<br>　Vé không hiển thị trong ""Scout bằng vé"" sẽ không thể dùng cho Scout này.<br>- Khi một Thành viên đã chiêu mộ xuất hiện lại từ lần thứ hai trở đi, bạn sẽ nhận Penlight theo độ hiếm của họ.<br>　Thành viên R: 20<br>　Thành viên SR: 50<br>　Thành viên UR: 500<br>- Điểm Scout nhận được sẽ tự động chuyển thành 1 Skill Book (M) khi Scout kết thúc."
mst.lottery_caution.3110010._cautionText,"- Hãy kiểm tra tab ""Tỷ lệ xuất hiện"" để xem các Thành viên có thể xuất hiện.<br>- Cùng một Thành viên có thể xuất hiện nhiều lần trong Scout Sinh nhật của Chika: Fairy Wing.<br>- Tỷ lệ xuất hiện được làm tròn đến chữ số thập phân thứ năm.<br>Do đó, tổng tỷ lệ xuất hiện riêng lẻ có thể khác với tổng tỷ lệ được hiển thị.<br>- Do giới hạn hiển thị, tổng tỷ lệ xuất hiện có thể không bằng 100%.<br>- The Scout Sinh nhật của Chika: Fairy Wing sẽ rút một lần cho mỗi lượt dựa trên tỷ lệ xuất hiện.<br>Ví dụ, Thành viên có tỷ lệ 1% không được đảm bảo sẽ xuất hiện dù thực hiện 100 lượt.<br>- Để biết chi tiết tỷ lệ xuất hiện, hãy kiểm tra tab Tỷ lệ xuất hiện.<br>- Ngay cả khi ứng dụng bị buộc đóng hoặc mất kết nối khiến màn hình kết quả Scout không hiển thị đúng sau khi thực hiện Scout Sinh nhật của Chika: Fairy Wing, lượt Scout vẫn được xử lý chính xác. Hãy kiểm tra danh sách Thành viên và số Penlight.<br>- Các Thành viên xuất hiện trong Scout này có thể xuất hiện lại trong tương lai.<br>- Scout này có thể được mở lại trong tương lai.<br>- Thời gian mở và nội dung có thể thay đổi mà không báo trước.<br>- Có thể dùng Scout Ticket qua mục ""Scout bằng vé"" ở góc dưới bên phải màn hình.<br>　Vé không hiển thị trong ""Scout bằng vé"" sẽ không thể dùng cho Scout này.<br>- Khi một Thành viên đã chiêu mộ xuất hiện lại từ lần thứ hai trở đi, bạn sẽ nhận Penlight theo độ hiếm của họ.<br>　Thành viên R: 20<br>　Thành viên SR: 50<br>　Thành viên UR: 500<br>- Điểm Scout nhận được sẽ tự động chuyển thành 1 Skill Book (M) khi Scout kết thúc."
mst.lottery_caution.3110011._cautionText,"- Hãy kiểm tra tab ""Tỷ lệ xuất hiện"" để xem các Thành viên có thể xuất hiện.<br>- Cùng một Thành viên có thể xuất hiện nhiều lần trong Scout Sinh nhật của Honoka: Flower Shower.<br>- Tỷ lệ xuất hiện được làm tròn đến chữ số thập phân thứ năm.<br>Do đó, tổng tỷ lệ xuất hiện riêng lẻ có thể khác với tổng tỷ lệ được hiển thị.<br>- Do giới hạn hiển thị, tổng tỷ lệ xuất hiện có thể không bằng 100%.<br>- The Scout Sinh nhật của Honoka: Flower Shower sẽ rút một lần cho mỗi lượt dựa trên tỷ lệ xuất hiện.<br>Ví dụ, Thành viên có tỷ lệ 1% không được đảm bảo sẽ xuất hiện dù thực hiện 100 lượt.<br>- Để biết chi tiết tỷ lệ xuất hiện, hãy kiểm tra tab Tỷ lệ xuất hiện.<br>- Ngay cả khi ứng dụng bị buộc đóng hoặc mất kết nối khiến màn hình kết quả Scout không hiển thị đúng sau khi thực hiện Scout Sinh nhật của Honoka: Flower Shower, lượt Scout vẫn được xử lý chính xác. Hãy kiểm tra danh sách Thành viên và số Penlight.<br>- Các Thành viên xuất hiện trong Scout này có thể xuất hiện lại trong tương lai.<br>- Scout này có thể được mở lại trong tương lai.<br>- Thời gian mở và nội dung có thể thay đổi mà không báo trước.<br>- Có thể dùng Scout Ticket qua mục ""Scout bằng vé"" ở góc dưới bên phải màn hình.<br>　Vé không hiển thị trong ""Scout bằng vé"" sẽ không thể dùng cho Scout này.<br>- Khi một Thành viên đã chiêu mộ xuất hiện lại từ lần thứ hai trở đi, bạn sẽ nhận Penlight theo độ hiếm của họ.<br>　Thành viên R: 20<br>　Thành viên SR: 50<br>　Thành viên UR: 500<br>- Điểm Scout nhận được sẽ tự động chuyển thành 1 Skill Book (M) khi Scout kết thúc."
mst.lottery_caution.3110012._cautionText,"- Hãy kiểm tra tab ""Tỷ lệ xuất hiện"" để xem các Thành viên có thể xuất hiện.<br>- Cùng một Thành viên có thể xuất hiện nhiều lần trong Scout Sinh nhật của Natsumi: Harmony Star.<br>- Tỷ lệ xuất hiện được làm tròn đến chữ số thập phân thứ năm.<br>Do đó, tổng tỷ lệ xuất hiện riêng lẻ có thể khác với tổng tỷ lệ được hiển thị.<br>- Do giới hạn hiển thị, tổng tỷ lệ xuất hiện có thể không bằng 100%.<br>- The Scout Sinh nhật của Natsumi: Harmony Star sẽ rút một lần cho mỗi lượt dựa trên tỷ lệ xuất hiện.<br>Ví dụ, Thành viên có tỷ lệ 1% không được đảm bảo sẽ xuất hiện dù thực hiện 100 lượt.<br>- Để biết chi tiết tỷ lệ xuất hiện, hãy kiểm tra tab Tỷ lệ xuất hiện.<br>- Ngay cả khi ứng dụng bị buộc đóng hoặc mất kết nối khiến màn hình kết quả Scout không hiển thị đúng sau khi thực hiện Scout Sinh nhật của Natsumi: Harmony Star, lượt Scout vẫn được xử lý chính xác. Hãy kiểm tra danh sách Thành viên và số Penlight.<br>- Các Thành viên xuất hiện trong Scout này có thể xuất hiện lại trong tương lai.<br>- Scout này có thể được mở lại trong tương lai.<br>- Thời gian mở và nội dung có thể thay đổi mà không báo trước.<br>- Có thể dùng Scout Ticket qua mục ""Scout bằng vé"" ở góc dưới bên phải màn hình.<br>　Vé không hiển thị trong ""Scout bằng vé"" sẽ không thể dùng cho Scout này.<br>- Khi một Thành viên đã chiêu mộ xuất hiện lại từ lần thứ hai trở đi, bạn sẽ nhận Penlight theo độ hiếm của họ.<br>　Thành viên R: 20<br>　Thành viên SR: 50<br>　Thành viên UR: 500<br>- Điểm Scout nhận được sẽ tự động chuyển thành 1 Skill Book (M) khi Scout kết thúc."
mst.lottery_caution.3110013._cautionText,"- Hãy kiểm tra tab ""Tỷ lệ xuất hiện"" để xem các Thành viên có thể xuất hiện.<br>- Cùng một Thành viên có thể xuất hiện nhiều lần trong Scout Sinh nhật của Setsuna: Colorful Heroines.<br>- Tỷ lệ xuất hiện được làm tròn đến chữ số thập phân thứ năm.<br>Do đó, tổng tỷ lệ xuất hiện riêng lẻ có thể khác với tổng tỷ lệ được hiển thị.<br>- Do giới hạn hiển thị, tổng tỷ lệ xuất hiện có thể không bằng 100%.<br>- The Scout Sinh nhật của Setsuna: Colorful Heroines sẽ rút một lần cho mỗi lượt dựa trên tỷ lệ xuất hiện.<br>Ví dụ, Thành viên có tỷ lệ 1% không được đảm bảo sẽ xuất hiện dù thực hiện 100 lượt.<br>- Để biết chi tiết tỷ lệ xuất hiện, hãy kiểm tra tab Tỷ lệ xuất hiện.<br>- Ngay cả khi ứng dụng bị buộc đóng hoặc mất kết nối khiến màn hình kết quả Scout không hiển thị đúng sau khi thực hiện Scout Sinh nhật của Setsuna: Colorful Heroines, lượt Scout vẫn được xử lý chính xác. Hãy kiểm tra danh sách Thành viên và số Penlight.<br>- Các Thành viên xuất hiện trong Scout này có thể xuất hiện lại trong tương lai.<br>- Scout này có thể được mở lại trong tương lai.<br>- Thời gian mở và nội dung có thể thay đổi mà không báo trước.<br>- Có thể dùng Scout Ticket qua mục ""Scout bằng vé"" ở góc dưới bên phải màn hình.<br>　Vé không hiển thị trong ""Scout bằng vé"" sẽ không thể dùng cho Scout này.<br>- Khi một Thành viên đã chiêu mộ xuất hiện lại từ lần thứ hai trở đi, bạn sẽ nhận Penlight theo độ hiếm của họ.<br>　Thành viên R: 20<br>　Thành viên SR: 50<br>　Thành viên UR: 500<br>- Điểm Scout nhận được sẽ tự động chuyển thành 1 Skill Book (M) khi Scout kết thúc."
mst.lottery_caution.3110014._cautionText,"- Hãy kiểm tra tab ""Tỷ lệ xuất hiện"" để xem các Thành viên có thể xuất hiện.<br>- Cùng một Thành viên có thể xuất hiện nhiều lần trong Scout Sinh nhật của Kotori: Flower Shower.<br>- Tỷ lệ xuất hiện được làm tròn đến chữ số thập phân thứ năm.<br>Do đó, tổng tỷ lệ xuất hiện riêng lẻ có thể khác với tổng tỷ lệ được hiển thị.<br>- Do giới hạn hiển thị, tổng tỷ lệ xuất hiện có thể không bằng 100%.<br>- The Scout Sinh nhật của Kotori: Flower Shower sẽ rút một lần cho mỗi lượt dựa trên tỷ lệ xuất hiện.<br>Ví dụ, Thành viên có tỷ lệ 1% không được đảm bảo sẽ xuất hiện dù thực hiện 100 lượt.<br>- Để biết chi tiết tỷ lệ xuất hiện, hãy kiểm tra tab Tỷ lệ xuất hiện.<br>- Ngay cả khi ứng dụng bị buộc đóng hoặc mất kết nối khiến màn hình kết quả Scout không hiển thị đúng sau khi thực hiện Scout Sinh nhật của Kotori: Flower Shower, lượt Scout vẫn được xử lý chính xác. Hãy kiểm tra danh sách Thành viên và số Penlight.<br>- Các Thành viên xuất hiện trong Scout này có thể xuất hiện lại trong tương lai.<br>- Scout này có thể được mở lại trong tương lai.<br>- Thời gian mở và nội dung có thể thay đổi mà không báo trước.<br>- Có thể dùng Scout Ticket qua mục ""Scout bằng vé"" ở góc dưới bên phải màn hình.<br>　Vé không hiển thị trong ""Scout bằng vé"" sẽ không thể dùng cho Scout này.<br>- Khi một Thành viên đã chiêu mộ xuất hiện lại từ lần thứ hai trở đi, bạn sẽ nhận Penlight theo độ hiếm của họ.<br>　Thành viên R: 20<br>　Thành viên SR: 50<br>　Thành viên UR: 500<br>- Điểm Scout nhận được sẽ tự động chuyển thành 1 Skill Book (M) khi Scout kết thúc."
mst.lottery_caution.3110015._cautionText,"- Hãy kiểm tra tab ""Tỷ lệ xuất hiện"" để xem các Thành viên có thể xuất hiện.<br>- Cùng một Thành viên có thể xuất hiện nhiều lần trong Scout Sinh nhật của Riko: Fairy Wing.<br>- Tỷ lệ xuất hiện được làm tròn đến chữ số thập phân thứ năm.<br>Do đó, tổng tỷ lệ xuất hiện riêng lẻ có thể khác với tổng tỷ lệ được hiển thị.<br>- Do giới hạn hiển thị, tổng tỷ lệ xuất hiện có thể không bằng 100%.<br>- The Scout Sinh nhật của Riko: Fairy Wing sẽ rút một lần cho mỗi lượt dựa trên tỷ lệ xuất hiện.<br>Ví dụ, Thành viên có tỷ lệ 1% không được đảm bảo sẽ xuất hiện dù thực hiện 100 lượt.<br>- Để biết chi tiết tỷ lệ xuất hiện, hãy kiểm tra tab Tỷ lệ xuất hiện.<br>- Ngay cả khi ứng dụng bị buộc đóng hoặc mất kết nối khiến màn hình kết quả Scout không hiển thị đúng sau khi thực hiện Scout Sinh nhật của Riko: Fairy Wing, lượt Scout vẫn được xử lý chính xác. Hãy kiểm tra danh sách Thành viên và số Penlight.<br>- Các Thành viên xuất hiện trong Scout này có thể xuất hiện lại trong tương lai.<br>- Scout này có thể được mở lại trong tương lai.<br>- Thời gian mở và nội dung có thể thay đổi mà không báo trước.<br>- Có thể dùng Scout Ticket qua mục ""Scout bằng vé"" ở góc dưới bên phải màn hình.<br>　Vé không hiển thị trong ""Scout bằng vé"" sẽ không thể dùng cho Scout này.<br>- Khi một Thành viên đã chiêu mộ xuất hiện lại từ lần thứ hai trở đi, bạn sẽ nhận Penlight theo độ hiếm của họ.<br>　Thành viên R: 20<br>　Thành viên SR: 50<br>　Thành viên UR: 500<br>- Điểm Scout nhận được sẽ tự động chuyển thành 1 Skill Book (M) khi Scout kết thúc."
mst.lottery_caution.3110016._cautionText,"- Hãy kiểm tra tab ""Tỷ lệ xuất hiện"" để xem các Thành viên có thể xuất hiện.<br>- Cùng một Thành viên có thể xuất hiện nhiều lần trong Scout Sinh nhật của Ruby: Fairy Wing.<br>- Tỷ lệ xuất hiện được làm tròn đến chữ số thập phân thứ năm.<br>Do đó, tổng tỷ lệ xuất hiện riêng lẻ có thể khác với tổng tỷ lệ được hiển thị.<br>- Do giới hạn hiển thị, tổng tỷ lệ xuất hiện có thể không bằng 100%.<br>- The Scout Sinh nhật của Ruby: Fairy Wing sẽ rút một lần cho mỗi lượt dựa trên tỷ lệ xuất hiện.<br>Ví dụ, Thành viên có tỷ lệ 1% không được đảm bảo sẽ xuất hiện dù thực hiện 100 lượt.<br>- Để biết chi tiết tỷ lệ xuất hiện, hãy kiểm tra tab Tỷ lệ xuất hiện.<br>- Ngay cả khi ứng dụng bị buộc đóng hoặc mất kết nối khiến màn hình kết quả Scout không hiển thị đúng sau khi thực hiện Scout Sinh nhật của Ruby: Fairy Wing, lượt Scout vẫn được xử lý chính xác. Hãy kiểm tra danh sách Thành viên và số Penlight.<br>- Các Thành viên xuất hiện trong Scout này có thể xuất hiện lại trong tương lai.<br>- Scout này có thể được mở lại trong tương lai.<br>- Thời gian mở và nội dung có thể thay đổi mà không báo trước.<br>- Có thể dùng Scout Ticket qua mục ""Scout bằng vé"" ở góc dưới bên phải màn hình.<br>　Vé không hiển thị trong ""Scout bằng vé"" sẽ không thể dùng cho Scout này.<br>- Khi một Thành viên đã chiêu mộ xuất hiện lại từ lần thứ hai trở đi, bạn sẽ nhận Penlight theo độ hiếm của họ.<br>　Thành viên R: 20<br>　Thành viên SR: 50<br>　Thành viên UR: 500<br>- Điểm Scout nhận được sẽ tự động chuyển thành 1 Skill Book (M) khi Scout kết thúc."
mst.lottery_caution.3110017._cautionText,"- Hãy kiểm tra tab ""Tỷ lệ xuất hiện"" để xem các Thành viên có thể xuất hiện.<br>- Cùng một Thành viên có thể xuất hiện nhiều lần trong Scout Sinh nhật của Sumire: Harmony Star.<br>- Tỷ lệ xuất hiện được làm tròn đến chữ số thập phân thứ năm.<br>Do đó, tổng tỷ lệ xuất hiện riêng lẻ có thể khác với tổng tỷ lệ được hiển thị.<br>- Do giới hạn hiển thị, tổng tỷ lệ xuất hiện có thể không bằng 100%.<br>- The Scout Sinh nhật của Sumire: Harmony Star sẽ rút một lần cho mỗi lượt dựa trên tỷ lệ xuất hiện.<br>Ví dụ, Thành viên có tỷ lệ 1% không được đảm bảo sẽ xuất hiện dù thực hiện 100 lượt.<br>- Để biết chi tiết tỷ lệ xuất hiện, hãy kiểm tra tab Tỷ lệ xuất hiện.<br>- Ngay cả khi ứng dụng bị buộc đóng hoặc mất kết nối khiến màn hình kết quả Scout không hiển thị đúng sau khi thực hiện Scout Sinh nhật của Sumire: Harmony Star, lượt Scout vẫn được xử lý chính xác. Hãy kiểm tra danh sách Thành viên và số Penlight.<br>- Các Thành viên xuất hiện trong Scout này có thể xuất hiện lại trong tương lai.<br>- Scout này có thể được mở lại trong tương lai.<br>- Thời gian mở và nội dung có thể thay đổi mà không báo trước.<br>- Có thể dùng Scout Ticket qua mục ""Scout bằng vé"" ở góc dưới bên phải màn hình.<br>　Vé không hiển thị trong ""Scout bằng vé"" sẽ không thể dùng cho Scout này.<br>- Khi một Thành viên đã chiêu mộ xuất hiện lại từ lần thứ hai trở đi, bạn sẽ nhận Penlight theo độ hiếm của họ.<br>　Thành viên R: 20<br>　Thành viên SR: 50<br>　Thành viên UR: 500<br>- Điểm Scout nhận được sẽ tự động chuyển thành 1 Skill Book (M) khi Scout kết thúc."
mst.lottery_caution.3110018._cautionText,"- Hãy kiểm tra tab ""Tỷ lệ xuất hiện"" để xem các Thành viên có thể xuất hiện.<br>- Cùng một Thành viên có thể xuất hiện nhiều lần trong Scout Sinh nhật của Shioriko: Colorful Heroines.<br>- Tỷ lệ xuất hiện được làm tròn đến chữ số thập phân thứ năm.<br>Do đó, tổng tỷ lệ xuất hiện riêng lẻ có thể khác với tổng tỷ lệ được hiển thị.<br>- Do giới hạn hiển thị, tổng tỷ lệ xuất hiện có thể không bằng 100%.<br>- The Scout Sinh nhật của Shioriko: Colorful Heroines sẽ rút một lần cho mỗi lượt dựa trên tỷ lệ xuất hiện.<br>Ví dụ, Thành viên có tỷ lệ 1% không được đảm bảo sẽ xuất hiện dù thực hiện 100 lượt.<br>- Để biết chi tiết tỷ lệ xuất hiện, hãy kiểm tra tab Tỷ lệ xuất hiện.<br>- Ngay cả khi ứng dụng bị buộc đóng hoặc mất kết nối khiến màn hình kết quả Scout không hiển thị đúng sau khi thực hiện Scout Sinh nhật của Shioriko: Colorful Heroines, lượt Scout vẫn được xử lý chính xác. Hãy kiểm tra danh sách Thành viên và số Penlight.<br>- Các Thành viên xuất hiện trong Scout này có thể xuất hiện lại trong tương lai.<br>- Scout này có thể được mở lại trong tương lai.<br>- Thời gian mở và nội dung có thể thay đổi mà không báo trước.<br>- Có thể dùng Scout Ticket qua mục ""Scout bằng vé"" ở góc dưới bên phải màn hình.<br>　Vé không hiển thị trong ""Scout bằng vé"" sẽ không thể dùng cho Scout này.<br>- Khi một Thành viên đã chiêu mộ xuất hiện lại từ lần thứ hai trở đi, bạn sẽ nhận Penlight theo độ hiếm của họ.<br>　Thành viên R: 20<br>　Thành viên SR: 50<br>　Thành viên UR: 500<br>- Điểm Scout nhận được sẽ tự động chuyển thành 1 Skill Book (M) khi Scout kết thúc."
mst.lottery_caution.3110019._cautionText,"- Hãy kiểm tra tab ""Tỷ lệ xuất hiện"" để xem các Thành viên có thể xuất hiện.<br>- Cùng một Thành viên có thể xuất hiện nhiều lần trong Scout Sinh nhật của Eli: Flower Shower.<br>- Tỷ lệ xuất hiện được làm tròn đến chữ số thập phân thứ năm.<br>Do đó, tổng tỷ lệ xuất hiện riêng lẻ có thể khác với tổng tỷ lệ được hiển thị.<br>- Do giới hạn hiển thị, tổng tỷ lệ xuất hiện có thể không bằng 100%.<br>- The Scout Sinh nhật của Eli: Flower Shower sẽ rút một lần cho mỗi lượt dựa trên tỷ lệ xuất hiện.<br>Ví dụ, Thành viên có tỷ lệ 1% không được đảm bảo sẽ xuất hiện dù thực hiện 100 lượt.<br>- Để biết chi tiết tỷ lệ xuất hiện, hãy kiểm tra tab Tỷ lệ xuất hiện.<br>- Ngay cả khi ứng dụng bị buộc đóng hoặc mất kết nối khiến màn hình kết quả Scout không hiển thị đúng sau khi thực hiện Scout Sinh nhật của Eli: Flower Shower, lượt Scout vẫn được xử lý chính xác. Hãy kiểm tra danh sách Thành viên và số Penlight.<br>- Các Thành viên xuất hiện trong Scout này có thể xuất hiện lại trong tương lai.<br>- Scout này có thể được mở lại trong tương lai.<br>- Thời gian mở và nội dung có thể thay đổi mà không báo trước.<br>- Có thể dùng Scout Ticket qua mục ""Scout bằng vé"" ở góc dưới bên phải màn hình.<br>　Vé không hiển thị trong ""Scout bằng vé"" sẽ không thể dùng cho Scout này.<br>- Khi một Thành viên đã chiêu mộ xuất hiện lại từ lần thứ hai trở đi, bạn sẽ nhận Penlight theo độ hiếm của họ.<br>　Thành viên R: 20<br>　Thành viên SR: 50<br>　Thành viên UR: 500<br>- Điểm Scout nhận được sẽ tự động chuyển thành 1 Skill Book (M) khi Scout kết thúc."
mst.lottery_caution.3110020._cautionText,"- Hãy kiểm tra tab ""Tỷ lệ xuất hiện"" để xem các Thành viên có thể xuất hiện.<br>- Cùng một Thành viên có thể xuất hiện nhiều lần trong Scout Sinh nhật của Mei: Harmony Star.<br>- Tỷ lệ xuất hiện được làm tròn đến chữ số thập phân thứ năm.<br>Do đó, tổng tỷ lệ xuất hiện riêng lẻ có thể khác với tổng tỷ lệ được hiển thị.<br>- Do giới hạn hiển thị, tổng tỷ lệ xuất hiện có thể không bằng 100%.<br>- The Scout Sinh nhật của Mei: Harmony Star sẽ rút một lần cho mỗi lượt dựa trên tỷ lệ xuất hiện.<br>Ví dụ, Thành viên có tỷ lệ 1% không được đảm bảo sẽ xuất hiện dù thực hiện 100 lượt.<br>- Để biết chi tiết tỷ lệ xuất hiện, hãy kiểm tra tab Tỷ lệ xuất hiện.<br>- Ngay cả khi ứng dụng bị buộc đóng hoặc mất kết nối khiến màn hình kết quả Scout không hiển thị đúng sau khi thực hiện Scout Sinh nhật của Mei: Harmony Star, lượt Scout vẫn được xử lý chính xác. Hãy kiểm tra danh sách Thành viên và số Penlight.<br>- Các Thành viên xuất hiện trong Scout này có thể xuất hiện lại trong tương lai.<br>- Scout này có thể được mở lại trong tương lai.<br>- Thời gian mở và nội dung có thể thay đổi mà không báo trước.<br>- Có thể dùng Scout Ticket qua mục ""Scout bằng vé"" ở góc dưới bên phải màn hình.<br>　Vé không hiển thị trong ""Scout bằng vé"" sẽ không thể dùng cho Scout này.<br>- Khi một Thành viên đã chiêu mộ xuất hiện lại từ lần thứ hai trở đi, bạn sẽ nhận Penlight theo độ hiếm của họ.<br>　Thành viên R: 20<br>　Thành viên SR: 50<br>　Thành viên UR: 500<br>- Điểm Scout nhận được sẽ tự động chuyển thành 1 Skill Book (M) khi Scout kết thúc."
mst.lottery_caution.3110021._cautionText,"- Hãy kiểm tra tab ""Tỷ lệ xuất hiện"" để xem các Thành viên có thể xuất hiện.<br>- Cùng một Thành viên có thể xuất hiện nhiều lần trong Scout Sinh nhật của Rin: Flower Shower.<br>- Tỷ lệ xuất hiện được làm tròn đến chữ số thập phân thứ năm.<br>Do đó, tổng tỷ lệ xuất hiện riêng lẻ có thể khác với tổng tỷ lệ được hiển thị.<br>- Do giới hạn hiển thị, tổng tỷ lệ xuất hiện có thể không bằng 100%.<br>- The Scout Sinh nhật của Rin: Flower Shower sẽ rút một lần cho mỗi lượt dựa trên tỷ lệ xuất hiện.<br>Ví dụ, Thành viên có tỷ lệ 1% không được đảm bảo sẽ xuất hiện dù thực hiện 100 lượt.<br>- Để biết chi tiết tỷ lệ xuất hiện, hãy kiểm tra tab Tỷ lệ xuất hiện.<br>- Ngay cả khi ứng dụng bị buộc đóng hoặc mất kết nối khiến màn hình kết quả Scout không hiển thị đúng sau khi thực hiện Scout Sinh nhật của Rin: Flower Shower, lượt Scout vẫn được xử lý chính xác. Hãy kiểm tra danh sách Thành viên và số Penlight.<br>- Các Thành viên xuất hiện trong Scout này có thể xuất hiện lại trong tương lai.<br>- Scout này có thể được mở lại trong tương lai.<br>- Thời gian mở và nội dung có thể thay đổi mà không báo trước.<br>- Có thể dùng Scout Ticket qua mục ""Scout bằng vé"" ở góc dưới bên phải màn hình.<br>　Vé không hiển thị trong ""Scout bằng vé"" sẽ không thể dùng cho Scout này.<br>- Khi một Thành viên đã chiêu mộ xuất hiện lại từ lần thứ hai trở đi, bạn sẽ nhận Penlight theo độ hiếm của họ.<br>　Thành viên R: 20<br>　Thành viên SR: 50<br>　Thành viên UR: 500<br>- Điểm Scout nhận được sẽ tự động chuyển thành 1 Skill Book (M) khi Scout kết thúc."
mst.lottery_caution.3110022._cautionText,"- Hãy kiểm tra tab ""Tỷ lệ xuất hiện"" để xem các Thành viên có thể xuất hiện.<br>- Cùng một Thành viên có thể xuất hiện nhiều lần trong Scout Sinh nhật của Rina: Colorful Heroines.<br>- Tỷ lệ xuất hiện được làm tròn đến chữ số thập phân thứ năm.<br>Do đó, tổng tỷ lệ xuất hiện riêng lẻ có thể khác với tổng tỷ lệ được hiển thị.<br>- Do giới hạn hiển thị, tổng tỷ lệ xuất hiện có thể không bằng 100%.<br>- The Scout Sinh nhật của Rina: Colorful Heroines sẽ rút một lần cho mỗi lượt dựa trên tỷ lệ xuất hiện.<br>Ví dụ, Thành viên có tỷ lệ 1% không được đảm bảo sẽ xuất hiện dù thực hiện 100 lượt.<br>- Để biết chi tiết tỷ lệ xuất hiện, hãy kiểm tra tab Tỷ lệ xuất hiện.<br>- Ngay cả khi ứng dụng bị buộc đóng hoặc mất kết nối khiến màn hình kết quả Scout không hiển thị đúng sau khi thực hiện Scout Sinh nhật của Rina: Colorful Heroines, lượt Scout vẫn được xử lý chính xác. Hãy kiểm tra danh sách Thành viên và số Penlight.<br>- Các Thành viên xuất hiện trong Scout này có thể xuất hiện lại trong tương lai.<br>- Scout này có thể được mở lại trong tương lai.<br>- Thời gian mở và nội dung có thể thay đổi mà không báo trước.<br>- Có thể dùng Scout Ticket qua mục ""Scout bằng vé"" ở góc dưới bên phải màn hình.<br>　Vé không hiển thị trong ""Scout bằng vé"" sẽ không thể dùng cho Scout này.<br>- Khi một Thành viên đã chiêu mộ xuất hiện lại từ lần thứ hai trở đi, bạn sẽ nhận Penlight theo độ hiếm của họ.<br>　Thành viên R: 20<br>　Thành viên SR: 50<br>　Thành viên UR: 500<br>- Điểm Scout nhận được sẽ tự động chuyển thành 1 Skill Book (M) khi Scout kết thúc."
mst.lottery_caution.3110023._cautionText,"- Hãy kiểm tra tab ""Tỷ lệ xuất hiện"" để xem các Thành viên có thể xuất hiện.<br>- Cùng một Thành viên có thể xuất hiện nhiều lần trong Scout Sinh nhật của Ren: Harmony Star.<br>- Tỷ lệ xuất hiện được làm tròn đến chữ số thập phân thứ năm.<br>Do đó, tổng tỷ lệ xuất hiện riêng lẻ có thể khác với tổng tỷ lệ được hiển thị.<br>- Do giới hạn hiển thị, tổng tỷ lệ xuất hiện có thể không bằng 100%.<br>- The Scout Sinh nhật của Ren: Harmony Star sẽ rút một lần cho mỗi lượt dựa trên tỷ lệ xuất hiện.<br>Ví dụ, Thành viên có tỷ lệ 1% không được đảm bảo sẽ xuất hiện dù thực hiện 100 lượt.<br>- Để biết chi tiết tỷ lệ xuất hiện, hãy kiểm tra tab Tỷ lệ xuất hiện.<br>- Ngay cả khi ứng dụng bị buộc đóng hoặc mất kết nối khiến màn hình kết quả Scout không hiển thị đúng sau khi thực hiện Scout Sinh nhật của Ren: Harmony Star, lượt Scout vẫn được xử lý chính xác. Hãy kiểm tra danh sách Thành viên và số Penlight.<br>- Các Thành viên xuất hiện trong Scout này có thể xuất hiện lại trong tương lai.<br>- Scout này có thể được mở lại trong tương lai.<br>- Thời gian mở và nội dung có thể thay đổi mà không báo trước.<br>- Có thể dùng Scout Ticket qua mục ""Scout bằng vé"" ở góc dưới bên phải màn hình.<br>　Vé không hiển thị trong ""Scout bằng vé"" sẽ không thể dùng cho Scout này.<br>- Khi một Thành viên đã chiêu mộ xuất hiện lại từ lần thứ hai trở đi, bạn sẽ nhận Penlight theo độ hiếm của họ.<br>　Thành viên R: 20<br>　Thành viên SR: 50<br>　Thành viên UR: 500<br>- Điểm Scout nhận được sẽ tự động chuyển thành 1 Skill Book (M) khi Scout kết thúc."
mst.lottery_caution.3110024._cautionText,"- Hãy kiểm tra tab ""Tỷ lệ xuất hiện"" để xem các Thành viên có thể xuất hiện.<br>- Cùng một Thành viên có thể xuất hiện nhiều lần trong Scout Sinh nhật của Mia: Colorful Heroines.<br>- Tỷ lệ xuất hiện được làm tròn đến chữ số thập phân thứ năm.<br>Do đó, tổng tỷ lệ xuất hiện riêng lẻ có thể khác với tổng tỷ lệ được hiển thị.<br>- Do giới hạn hiển thị, tổng tỷ lệ xuất hiện có thể không bằng 100%.<br>- The Scout Sinh nhật của Mia: Colorful Heroines sẽ rút một lần cho mỗi lượt dựa trên tỷ lệ xuất hiện.<br>Ví dụ, Thành viên có tỷ lệ 1% không được đảm bảo sẽ xuất hiện dù thực hiện 100 lượt.<br>- Để biết chi tiết tỷ lệ xuất hiện, hãy kiểm tra tab Tỷ lệ xuất hiện.<br>- Ngay cả khi ứng dụng bị buộc đóng hoặc mất kết nối khiến màn hình kết quả Scout không hiển thị đúng sau khi thực hiện Scout Sinh nhật của Mia: Colorful Heroines, lượt Scout vẫn được xử lý chính xác. Hãy kiểm tra danh sách Thành viên và số Penlight.<br>- Các Thành viên xuất hiện trong Scout này có thể xuất hiện lại trong tương lai.<br>- Scout này có thể được mở lại trong tương lai.<br>- Thời gian mở và nội dung có thể thay đổi mà không báo trước.<br>- Có thể dùng Scout Ticket qua mục ""Scout bằng vé"" ở góc dưới bên phải màn hình.<br>　Vé không hiển thị trong ""Scout bằng vé"" sẽ không thể dùng cho Scout này.<br>- Khi một Thành viên đã chiêu mộ xuất hiện lại từ lần thứ hai trở đi, bạn sẽ nhận Penlight theo độ hiếm của họ.<br>　Thành viên R: 20<br>　Thành viên SR: 50<br>　Thành viên UR: 500<br>- Điểm Scout nhận được sẽ tự động chuyển thành 1 Skill Book (M) khi Scout kết thúc."
mst.lottery_caution.3110025._cautionText,"- Hãy kiểm tra tab ""Tỷ lệ xuất hiện"" để xem các Thành viên có thể xuất hiện.<br>- Cùng một Thành viên có thể xuất hiện nhiều lần trong Scout Sinh nhật của Kanata: Colorful Heroines.<br>- Tỷ lệ xuất hiện được làm tròn đến chữ số thập phân thứ năm.<br>Do đó, tổng tỷ lệ xuất hiện riêng lẻ có thể khác với tổng tỷ lệ được hiển thị.<br>- Do giới hạn hiển thị, tổng tỷ lệ xuất hiện có thể không bằng 100%.<br>- The Scout Sinh nhật của Kanata: Colorful Heroines sẽ rút một lần cho mỗi lượt dựa trên tỷ lệ xuất hiện.<br>Ví dụ, Thành viên có tỷ lệ 1% không được đảm bảo sẽ xuất hiện dù thực hiện 100 lượt.<br>- Để biết chi tiết tỷ lệ xuất hiện, hãy kiểm tra tab Tỷ lệ xuất hiện.<br>- Ngay cả khi ứng dụng bị buộc đóng hoặc mất kết nối khiến màn hình kết quả Scout không hiển thị đúng sau khi thực hiện Scout Sinh nhật của Kanata: Colorful Heroines, lượt Scout vẫn được xử lý chính xác. Hãy kiểm tra danh sách Thành viên và số Penlight.<br>- Các Thành viên xuất hiện trong Scout này có thể xuất hiện lại trong tương lai.<br>- Scout này có thể được mở lại trong tương lai.<br>- Thời gian mở và nội dung có thể thay đổi mà không báo trước.<br>- Có thể dùng Scout Ticket qua mục ""Scout bằng vé"" ở góc dưới bên phải màn hình.<br>　Vé không hiển thị trong ""Scout bằng vé"" sẽ không thể dùng cho Scout này.<br>- Khi một Thành viên đã chiêu mộ xuất hiện lại từ lần thứ hai trở đi, bạn sẽ nhận Penlight theo độ hiếm của họ.<br>　Thành viên R: 20<br>　Thành viên SR: 50<br>　Thành viên UR: 500<br>- Điểm Scout nhận được sẽ tự động chuyển thành 1 Skill Book (M) khi Scout kết thúc."
mst.lottery_caution.3110026._cautionText,"- Hãy kiểm tra tab ""Tỷ lệ xuất hiện"" để xem các Thành viên có thể xuất hiện.<br>- Cùng một Thành viên có thể xuất hiện nhiều lần trong Scout Sinh nhật của Tomari: Harmony Star.<br>- Tỷ lệ xuất hiện được làm tròn đến chữ số thập phân thứ năm.<br>Do đó, tổng tỷ lệ xuất hiện riêng lẻ có thể khác với tổng tỷ lệ được hiển thị.<br>- Do giới hạn hiển thị, tổng tỷ lệ xuất hiện có thể không bằng 100%.<br>- The Scout Sinh nhật của Tomari: Harmony Star sẽ rút một lần cho mỗi lượt dựa trên tỷ lệ xuất hiện.<br>Ví dụ, Thành viên có tỷ lệ 1% không được đảm bảo sẽ xuất hiện dù thực hiện 100 lượt.<br>- Để biết chi tiết tỷ lệ xuất hiện, hãy kiểm tra tab Tỷ lệ xuất hiện.<br>- Ngay cả khi ứng dụng bị buộc đóng hoặc mất kết nối khiến màn hình kết quả Scout không hiển thị đúng sau khi thực hiện Scout Sinh nhật của Tomari: Harmony Star, lượt Scout vẫn được xử lý chính xác. Hãy kiểm tra danh sách Thành viên và số Penlight.<br>- Các Thành viên xuất hiện trong Scout này có thể xuất hiện lại trong tương lai.<br>- Scout này có thể được mở lại trong tương lai.<br>- Thời gian mở và nội dung có thể thay đổi mà không báo trước.<br>- Có thể dùng Scout Ticket qua mục ""Scout bằng vé"" ở góc dưới bên phải màn hình.<br>　Vé không hiển thị trong ""Scout bằng vé"" sẽ không thể dùng cho Scout này.<br>- Khi một Thành viên đã chiêu mộ xuất hiện lại từ lần thứ hai trở đi, bạn sẽ nhận Penlight theo độ hiếm của họ.<br>　Thành viên R: 20<br>　Thành viên SR: 50<br>　Thành viên UR: 500<br>- Điểm Scout nhận được sẽ tự động chuyển thành 1 Skill Book (M) khi Scout kết thúc."
mst.lottery_caution.3110027._cautionText,"- Hãy kiểm tra tab ""Tỷ lệ xuất hiện"" để xem các Thành viên có thể xuất hiện.<br>- Cùng một Thành viên có thể xuất hiện nhiều lần trong Scout Sinh nhật của Dia: Fairy Wing.<br>- Tỷ lệ xuất hiện được làm tròn đến chữ số thập phân thứ năm.<br>Do đó, tổng tỷ lệ xuất hiện riêng lẻ có thể khác với tổng tỷ lệ được hiển thị.<br>- Do giới hạn hiển thị, tổng tỷ lệ xuất hiện có thể không bằng 100%.<br>- The Scout Sinh nhật của Dia: Fairy Wing sẽ rút một lần cho mỗi lượt dựa trên tỷ lệ xuất hiện.<br>Ví dụ, Thành viên có tỷ lệ 1% không được đảm bảo sẽ xuất hiện dù thực hiện 100 lượt.<br>- Để biết chi tiết tỷ lệ xuất hiện, hãy kiểm tra tab Tỷ lệ xuất hiện.<br>- Ngay cả khi ứng dụng bị buộc đóng hoặc mất kết nối khiến màn hình kết quả Scout không hiển thị đúng sau khi thực hiện Scout Sinh nhật của Dia: Fairy Wing, lượt Scout vẫn được xử lý chính xác. Hãy kiểm tra danh sách Thành viên và số Penlight.<br>- Các Thành viên xuất hiện trong Scout này có thể xuất hiện lại trong tương lai.<br>- Scout này có thể được mở lại trong tương lai.<br>- Thời gian mở và nội dung có thể thay đổi mà không báo trước.<br>- Có thể dùng Scout Ticket qua mục ""Scout bằng vé"" ở góc dưới bên phải màn hình.<br>　Vé không hiển thị trong ""Scout bằng vé"" sẽ không thể dùng cho Scout này.<br>- Khi một Thành viên đã chiêu mộ xuất hiện lại từ lần thứ hai trở đi, bạn sẽ nhận Penlight theo độ hiếm của họ.<br>　Thành viên R: 20<br>　Thành viên SR: 50<br>　Thành viên UR: 500<br>- Điểm Scout nhận được sẽ tự động chuyển thành 1 Skill Book (M) khi Scout kết thúc."
mst.lottery_caution.3110028._cautionText,"- Hãy kiểm tra tab ""Tỷ lệ xuất hiện"" để xem các Thành viên có thể xuất hiện.<br>- Cùng một Thành viên có thể xuất hiện nhiều lần trong Scout Sinh nhật của Hanayo: Flower Shower.<br>- Tỷ lệ xuất hiện được làm tròn đến chữ số thập phân thứ năm.<br>Do đó, tổng tỷ lệ xuất hiện riêng lẻ có thể khác với tổng tỷ lệ được hiển thị.<br>- Do giới hạn hiển thị, tổng tỷ lệ xuất hiện có thể không bằng 100%.<br>- The Scout Sinh nhật của Hanayo: Flower Shower sẽ rút một lần cho mỗi lượt dựa trên tỷ lệ xuất hiện.<br>Ví dụ, Thành viên có tỷ lệ 1% không được đảm bảo sẽ xuất hiện dù thực hiện 100 lượt.<br>- Để biết chi tiết tỷ lệ xuất hiện, hãy kiểm tra tab Tỷ lệ xuất hiện.<br>- Ngay cả khi ứng dụng bị buộc đóng hoặc mất kết nối khiến màn hình kết quả Scout không hiển thị đúng sau khi thực hiện Scout Sinh nhật của Hanayo: Flower Shower, lượt Scout vẫn được xử lý chính xác. Hãy kiểm tra danh sách Thành viên và số Penlight.<br>- Các Thành viên xuất hiện trong Scout này có thể xuất hiện lại trong tương lai.<br>- Scout này có thể được mở lại trong tương lai.<br>- Thời gian mở và nội dung có thể thay đổi mà không báo trước.<br>- Có thể dùng Scout Ticket qua mục ""Scout bằng vé"" ở góc dưới bên phải màn hình.<br>　Vé không hiển thị trong ""Scout bằng vé"" sẽ không thể dùng cho Scout này.<br>- Khi một Thành viên đã chiêu mộ xuất hiện lại từ lần thứ hai trở đi, bạn sẽ nhận Penlight theo độ hiếm của họ.<br>　Thành viên R: 20<br>　Thành viên SR: 50<br>　Thành viên UR: 500<br>- Điểm Scout nhận được sẽ tự động chuyển thành 1 Skill Book (M) khi Scout kết thúc."
mst.lottery_caution.3110029._cautionText,"- Hãy kiểm tra tab ""Tỷ lệ xuất hiện"" để xem các Thành viên có thể xuất hiện.<br>- Cùng một Thành viên có thể xuất hiện nhiều lần trong Scout Sinh nhật của Margarete: Harmony Star.<br>- Tỷ lệ xuất hiện được làm tròn đến chữ số thập phân thứ năm.<br>Do đó, tổng tỷ lệ xuất hiện riêng lẻ có thể khác với tổng tỷ lệ được hiển thị.<br>- Do giới hạn hiển thị, tổng tỷ lệ xuất hiện có thể không bằng 100%.<br>- The Scout Sinh nhật của Margarete: Harmony Star sẽ rút một lần cho mỗi lượt dựa trên tỷ lệ xuất hiện.<br>Ví dụ, Thành viên có tỷ lệ 1% không được đảm bảo sẽ xuất hiện dù thực hiện 100 lượt.<br>- Để biết chi tiết tỷ lệ xuất hiện, hãy kiểm tra tab Tỷ lệ xuất hiện.<br>- Ngay cả khi ứng dụng bị buộc đóng hoặc mất kết nối khiến màn hình kết quả Scout không hiển thị đúng sau khi thực hiện Scout Sinh nhật của Margarete: Harmony Star, lượt Scout vẫn được xử lý chính xác. Hãy kiểm tra danh sách Thành viên và số Penlight.<br>- Các Thành viên xuất hiện trong Scout này có thể xuất hiện lại trong tương lai.<br>- Scout này có thể được mở lại trong tương lai.<br>- Thời gian mở và nội dung có thể thay đổi mà không báo trước.<br>- Có thể dùng Scout Ticket qua mục ""Scout bằng vé"" ở góc dưới bên phải màn hình.<br>　Vé không hiển thị trong ""Scout bằng vé"" sẽ không thể dùng cho Scout này.<br>- Khi một Thành viên đã chiêu mộ xuất hiện lại từ lần thứ hai trở đi, bạn sẽ nhận Penlight theo độ hiếm của họ.<br>　Thành viên R: 20<br>　Thành viên SR: 50<br>　Thành viên UR: 500<br>- Điểm Scout nhận được sẽ tự động chuyển thành 1 Skill Book (M) khi Scout kết thúc."
mst.lottery_caution.3110030._cautionText,"- Hãy kiểm tra tab ""Tỷ lệ xuất hiện"" để xem các Thành viên có thể xuất hiện.<br>- Cùng một Thành viên có thể xuất hiện nhiều lần trong Scout Sinh nhật của Kasumi: Colorful Heroines.<br>- Tỷ lệ xuất hiện được làm tròn đến chữ số thập phân thứ năm.<br>Do đó, tổng tỷ lệ xuất hiện riêng lẻ có thể khác với tổng tỷ lệ được hiển thị.<br>- Do giới hạn hiển thị, tổng tỷ lệ xuất hiện có thể không bằng 100%.<br>- The Scout Sinh nhật của Kasumi: Colorful Heroines sẽ rút một lần cho mỗi lượt dựa trên tỷ lệ xuất hiện.<br>Ví dụ, Thành viên có tỷ lệ 1% không được đảm bảo sẽ xuất hiện dù thực hiện 100 lượt.<br>- Để biết chi tiết tỷ lệ xuất hiện, hãy kiểm tra tab Tỷ lệ xuất hiện.<br>- Ngay cả khi ứng dụng bị buộc đóng hoặc mất kết nối khiến màn hình kết quả Scout không hiển thị đúng sau khi thực hiện Scout Sinh nhật của Kasumi: Colorful Heroines, lượt Scout vẫn được xử lý chính xác. Hãy kiểm tra danh sách Thành viên và số Penlight.<br>- Các Thành viên xuất hiện trong Scout này có thể xuất hiện lại trong tương lai.<br>- Scout này có thể được mở lại trong tương lai.<br>- Thời gian mở và nội dung có thể thay đổi mà không báo trước.<br>- Có thể dùng Scout Ticket qua mục ""Scout bằng vé"" ở góc dưới bên phải màn hình.<br>　Vé không hiển thị trong ""Scout bằng vé"" sẽ không thể dùng cho Scout này.<br>- Khi một Thành viên đã chiêu mộ xuất hiện lại từ lần thứ hai trở đi, bạn sẽ nhận Penlight theo độ hiếm của họ.<br>　Thành viên R: 20<br>　Thành viên SR: 50<br>　Thành viên UR: 500<br>- Điểm Scout nhận được sẽ tự động chuyển thành 1 Skill Book (M) khi Scout kết thúc."
mst.lottery_caution.3110031._cautionText,"- Hãy kiểm tra tab ""Tỷ lệ xuất hiện"" để xem các Thành viên có thể xuất hiện.<br>- Cùng một Thành viên có thể xuất hiện nhiều lần trong Scout Sinh nhật của Emma: Colorful Heroines.<br>- Tỷ lệ xuất hiện được làm tròn đến chữ số thập phân thứ năm.<br>Do đó, tổng tỷ lệ xuất hiện riêng lẻ có thể khác với tổng tỷ lệ được hiển thị.<br>- Do giới hạn hiển thị, tổng tỷ lệ xuất hiện có thể không bằng 100%.<br>- The Scout Sinh nhật của Emma: Colorful Heroines sẽ rút một lần cho mỗi lượt dựa trên tỷ lệ xuất hiện.<br>Ví dụ, Thành viên có tỷ lệ 1% không được đảm bảo sẽ xuất hiện dù thực hiện 100 lượt.<br>- Để biết chi tiết tỷ lệ xuất hiện, hãy kiểm tra tab Tỷ lệ xuất hiện.<br>- Ngay cả khi ứng dụng bị buộc đóng hoặc mất kết nối khiến màn hình kết quả Scout không hiển thị đúng sau khi thực hiện Scout Sinh nhật của Emma: Colorful Heroines, lượt Scout vẫn được xử lý chính xác. Hãy kiểm tra danh sách Thành viên và số Penlight.<br>- Các Thành viên xuất hiện trong Scout này có thể xuất hiện lại trong tương lai.<br>- Scout này có thể được mở lại trong tương lai.<br>- Thời gian mở và nội dung có thể thay đổi mà không báo trước.<br>- Có thể dùng Scout Ticket qua mục ""Scout bằng vé"" ở góc dưới bên phải màn hình.<br>　Vé không hiển thị trong ""Scout bằng vé"" sẽ không thể dùng cho Scout này.<br>- Khi một Thành viên đã chiêu mộ xuất hiện lại từ lần thứ hai trở đi, bạn sẽ nhận Penlight theo độ hiếm của họ.<br>　Thành viên R: 20<br>　Thành viên SR: 50<br>　Thành viên UR: 500<br>- Điểm Scout nhận được sẽ tự động chuyển thành 1 Skill Book (M) khi Scout kết thúc."
mst.lottery_caution.3110032._cautionText,"- Hãy kiểm tra tab ""Tỷ lệ xuất hiện"" để xem các Thành viên có thể xuất hiện.<br>- Cùng một Thành viên có thể xuất hiện nhiều lần trong Scout Sinh nhật của Kanan: Fairy Wing.<br>- Tỷ lệ xuất hiện được làm tròn đến chữ số thập phân thứ năm.<br>Do đó, tổng tỷ lệ xuất hiện riêng lẻ có thể khác với tổng tỷ lệ được hiển thị.<br>- Do giới hạn hiển thị, tổng tỷ lệ xuất hiện có thể không bằng 100%.<br>- The Scout Sinh nhật của Kanan: Fairy Wing sẽ rút một lần cho mỗi lượt dựa trên tỷ lệ xuất hiện.<br>Ví dụ, Thành viên có tỷ lệ 1% không được đảm bảo sẽ xuất hiện dù thực hiện 100 lượt.<br>- Để biết chi tiết tỷ lệ xuất hiện, hãy kiểm tra tab Tỷ lệ xuất hiện.<br>- Ngay cả khi ứng dụng bị buộc đóng hoặc mất kết nối khiến màn hình kết quả Scout không hiển thị đúng sau khi thực hiện Scout Sinh nhật của Kanan: Fairy Wing, lượt Scout vẫn được xử lý chính xác. Hãy kiểm tra danh sách Thành viên và số Penlight.<br>- Các Thành viên xuất hiện trong Scout này có thể xuất hiện lại trong tương lai.<br>- Scout này có thể được mở lại trong tương lai.<br>- Thời gian mở và nội dung có thể thay đổi mà không báo trước.<br>- Có thể dùng Scout Ticket qua mục ""Scout bằng vé"" ở góc dưới bên phải màn hình.<br>　Vé không hiển thị trong ""Scout bằng vé"" sẽ không thể dùng cho Scout này.<br>- Khi một Thành viên đã chiêu mộ xuất hiện lại từ lần thứ hai trở đi, bạn sẽ nhận Penlight theo độ hiếm của họ.<br>　Thành viên R: 20<br>　Thành viên SR: 50<br>　Thành viên UR: 500<br>- Điểm Scout nhận được sẽ tự động chuyển thành 1 Skill Book (M) khi Scout kết thúc."
mst.lottery_caution.3110033._cautionText,"- Hãy kiểm tra tab ""Tỷ lệ xuất hiện"" để xem các Thành viên có thể xuất hiện.<br>- Cùng một Thành viên có thể xuất hiện nhiều lần trong Scout Sinh nhật của Lanzhu: Colorful Heroines.<br>- Tỷ lệ xuất hiện được làm tròn đến chữ số thập phân thứ năm.<br>Do đó, tổng tỷ lệ xuất hiện riêng lẻ có thể khác với tổng tỷ lệ được hiển thị.<br>- Do giới hạn hiển thị, tổng tỷ lệ xuất hiện có thể không bằng 100%.<br>- The Scout Sinh nhật của Lanzhu: Colorful Heroines sẽ rút một lần cho mỗi lượt dựa trên tỷ lệ xuất hiện.<br>Ví dụ, Thành viên có tỷ lệ 1% không được đảm bảo sẽ xuất hiện dù thực hiện 100 lượt.<br>- Để biết chi tiết tỷ lệ xuất hiện, hãy kiểm tra tab Tỷ lệ xuất hiện.<br>- Ngay cả khi ứng dụng bị buộc đóng hoặc mất kết nối khiến màn hình kết quả Scout không hiển thị đúng sau khi thực hiện Scout Sinh nhật của Lanzhu: Colorful Heroines, lượt Scout vẫn được xử lý chính xác. Hãy kiểm tra danh sách Thành viên và số Penlight.<br>- Các Thành viên xuất hiện trong Scout này có thể xuất hiện lại trong tương lai.<br>- Scout này có thể được mở lại trong tương lai.<br>- Thời gian mở và nội dung có thể thay đổi mà không báo trước.<br>- Có thể dùng Scout Ticket qua mục ""Scout bằng vé"" ở góc dưới bên phải màn hình.<br>　Vé không hiển thị trong ""Scout bằng vé"" sẽ không thể dùng cho Scout này.<br>- Khi một Thành viên đã chiêu mộ xuất hiện lại từ lần thứ hai trở đi, bạn sẽ nhận Penlight theo độ hiếm của họ.<br>　Thành viên R: 20<br>　Thành viên SR: 50<br>　Thành viên UR: 500<br>- Điểm Scout nhận được sẽ tự động chuyển thành 1 Skill Book (M) khi Scout kết thúc."
mst.lottery_caution.3110034._cautionText,"- Hãy kiểm tra tab ""Tỷ lệ xuất hiện"" để xem các Thành viên có thể xuất hiện.<br>- Cùng một Thành viên có thể xuất hiện nhiều lần trong Scout Sinh nhật của Chisato: Harmony Star.<br>- Tỷ lệ xuất hiện được làm tròn đến chữ số thập phân thứ năm.<br>Do đó, tổng tỷ lệ xuất hiện riêng lẻ có thể khác với tổng tỷ lệ được hiển thị.<br>- Do giới hạn hiển thị, tổng tỷ lệ xuất hiện có thể không bằng 100%.<br>- The Scout Sinh nhật của Chisato: Harmony Star sẽ rút một lần cho mỗi lượt dựa trên tỷ lệ xuất hiện.<br>Ví dụ, Thành viên có tỷ lệ 1% không được đảm bảo sẽ xuất hiện dù thực hiện 100 lượt.<br>- Để biết chi tiết tỷ lệ xuất hiện, hãy kiểm tra tab Tỷ lệ xuất hiện.<br>- Ngay cả khi ứng dụng bị buộc đóng hoặc mất kết nối khiến màn hình kết quả Scout không hiển thị đúng sau khi thực hiện Scout Sinh nhật của Chisato: Harmony Star, lượt Scout vẫn được xử lý chính xác. Hãy kiểm tra danh sách Thành viên và số Penlight.<br>- Các Thành viên xuất hiện trong Scout này có thể xuất hiện lại trong tương lai.<br>- Scout này có thể được mở lại trong tương lai.<br>- Thời gian mở và nội dung có thể thay đổi mà không báo trước.<br>- Có thể dùng Scout Ticket qua mục ""Scout bằng vé"" ở góc dưới bên phải màn hình.<br>　Vé không hiển thị trong ""Scout bằng vé"" sẽ không thể dùng cho Scout này.<br>- Khi một Thành viên đã chiêu mộ xuất hiện lại từ lần thứ hai trở đi, bạn sẽ nhận Penlight theo độ hiếm của họ.<br>　Thành viên R: 20<br>　Thành viên SR: 50<br>　Thành viên UR: 500<br>- Điểm Scout nhận được sẽ tự động chuyển thành 1 Skill Book (M) khi Scout kết thúc."
mst.lottery_caution.3110035._cautionText,"- Hãy kiểm tra tab ""Tỷ lệ xuất hiện"" để xem các Thành viên có thể xuất hiện.<br>- Cùng một Thành viên có thể xuất hiện nhiều lần trong Scout Sinh nhật của Ayumu: Colorful Heroines.<br>- Tỷ lệ xuất hiện được làm tròn đến chữ số thập phân thứ năm.<br>Do đó, tổng tỷ lệ xuất hiện riêng lẻ có thể khác với tổng tỷ lệ được hiển thị.<br>- Do giới hạn hiển thị, tổng tỷ lệ xuất hiện có thể không bằng 100%.<br>- The Scout Sinh nhật của Ayumu: Colorful Heroines sẽ rút một lần cho mỗi lượt dựa trên tỷ lệ xuất hiện.<br>Ví dụ, Thành viên có tỷ lệ 1% không được đảm bảo sẽ xuất hiện dù thực hiện 100 lượt.<br>- Để biết chi tiết tỷ lệ xuất hiện, hãy kiểm tra tab Tỷ lệ xuất hiện.<br>- Ngay cả khi ứng dụng bị buộc đóng hoặc mất kết nối khiến màn hình kết quả Scout không hiển thị đúng sau khi thực hiện Scout Sinh nhật của Ayumu: Colorful Heroines, lượt Scout vẫn được xử lý chính xác. Hãy kiểm tra danh sách Thành viên và số Penlight.<br>- Các Thành viên xuất hiện trong Scout này có thể xuất hiện lại trong tương lai.<br>- Scout này có thể được mở lại trong tương lai.<br>- Thời gian mở và nội dung có thể thay đổi mà không báo trước.<br>- Có thể dùng Scout Ticket qua mục ""Scout bằng vé"" ở góc dưới bên phải màn hình.<br>　Vé không hiển thị trong ""Scout bằng vé"" sẽ không thể dùng cho Scout này.<br>- Khi một Thành viên đã chiêu mộ xuất hiện lại từ lần thứ hai trở đi, bạn sẽ nhận Penlight theo độ hiếm của họ.<br>　Thành viên R: 20<br>　Thành viên SR: 50<br>　Thành viên UR: 500<br>- Điểm Scout nhận được sẽ tự động chuyển thành 1 Skill Book (M) khi Scout kết thúc."
mst.lottery_caution.3110036._cautionText,"- Hãy kiểm tra tab ""Tỷ lệ xuất hiện"" để xem các Thành viên có thể xuất hiện.<br>- Cùng một Thành viên có thể xuất hiện nhiều lần trong Scout Sinh nhật của Hanamaru: Fairy Wing.<br>- Tỷ lệ xuất hiện được làm tròn đến chữ số thập phân thứ năm.<br>Do đó, tổng tỷ lệ xuất hiện riêng lẻ có thể khác với tổng tỷ lệ được hiển thị.<br>- Do giới hạn hiển thị, tổng tỷ lệ xuất hiện có thể không bằng 100%.<br>- The Scout Sinh nhật của Hanamaru: Fairy Wing sẽ rút một lần cho mỗi lượt dựa trên tỷ lệ xuất hiện.<br>Ví dụ, Thành viên có tỷ lệ 1% không được đảm bảo sẽ xuất hiện dù thực hiện 100 lượt.<br>- Để biết chi tiết tỷ lệ xuất hiện, hãy kiểm tra tab Tỷ lệ xuất hiện.<br>- Ngay cả khi ứng dụng bị buộc đóng hoặc mất kết nối khiến màn hình kết quả Scout không hiển thị đúng sau khi thực hiện Scout Sinh nhật của Hanamaru: Fairy Wing, lượt Scout vẫn được xử lý chính xác. Hãy kiểm tra danh sách Thành viên và số Penlight.<br>- Các Thành viên xuất hiện trong Scout này có thể xuất hiện lại trong tương lai.<br>- Scout này có thể được mở lại trong tương lai.<br>- Thời gian mở và nội dung có thể thay đổi mà không báo trước.<br>- Có thể dùng Scout Ticket qua mục ""Scout bằng vé"" ở góc dưới bên phải màn hình.<br>　Vé không hiển thị trong ""Scout bằng vé"" sẽ không thể dùng cho Scout này.<br>- Khi một Thành viên đã chiêu mộ xuất hiện lại từ lần thứ hai trở đi, bạn sẽ nhận Penlight theo độ hiếm của họ.<br>　Thành viên R: 20<br>　Thành viên SR: 50<br>　Thành viên UR: 500<br>- Điểm Scout nhận được sẽ tự động chuyển thành 1 Skill Book (M) khi Scout kết thúc."
mst.lottery_caution.3110037._cautionText,"- Hãy kiểm tra tab ""Tỷ lệ xuất hiện"" để xem các Thành viên có thể xuất hiện.<br>- Cùng một Thành viên có thể xuất hiện nhiều lần trong Scout Sinh nhật của Umi: Flower Shower.<br>- Tỷ lệ xuất hiện được làm tròn đến chữ số thập phân thứ năm.<br>Do đó, tổng tỷ lệ xuất hiện riêng lẻ có thể khác với tổng tỷ lệ được hiển thị.<br>- Do giới hạn hiển thị, tổng tỷ lệ xuất hiện có thể không bằng 100%.<br>- The Scout Sinh nhật của Umi: Flower Shower sẽ rút một lần cho mỗi lượt dựa trên tỷ lệ xuất hiện.<br>Ví dụ, Thành viên có tỷ lệ 1% không được đảm bảo sẽ xuất hiện dù thực hiện 100 lượt.<br>- Để biết chi tiết tỷ lệ xuất hiện, hãy kiểm tra tab Tỷ lệ xuất hiện.<br>- Ngay cả khi ứng dụng bị buộc đóng hoặc mất kết nối khiến màn hình kết quả Scout không hiển thị đúng sau khi thực hiện Scout Sinh nhật của Umi: Flower Shower, lượt Scout vẫn được xử lý chính xác. Hãy kiểm tra danh sách Thành viên và số Penlight.<br>- Các Thành viên xuất hiện trong Scout này có thể xuất hiện lại trong tương lai.<br>- Scout này có thể được mở lại trong tương lai.<br>- Thời gian mở và nội dung có thể thay đổi mà không báo trước.<br>- Có thể dùng Scout Ticket qua mục ""Scout bằng vé"" ở góc dưới bên phải màn hình.<br>　Vé không hiển thị trong ""Scout bằng vé"" sẽ không thể dùng cho Scout này.<br>- Khi một Thành viên đã chiêu mộ xuất hiện lại từ lần thứ hai trở đi, bạn sẽ nhận Penlight theo độ hiếm của họ.<br>　Thành viên R: 20<br>　Thành viên SR: 50<br>　Thành viên UR: 500<br>- Điểm Scout nhận được sẽ tự động chuyển thành 1 Skill Book (M) khi Scout kết thúc."
mst.lottery_caution.4110001._cautionText,"- Hãy kiểm tra tab ""Tỷ lệ xuất hiện"" để xem các Thành viên có thể xuất hiện.<br>- Cùng một Thành viên có thể xuất hiện nhiều lần trong Smile Only! Featured Scout.<br>- Tỷ lệ xuất hiện được làm tròn đến chữ số thập phân thứ năm.<br>Do đó, tổng tỷ lệ xuất hiện riêng lẻ có thể khác với tổng tỷ lệ được hiển thị.<br>- Do giới hạn hiển thị, tổng tỷ lệ xuất hiện có thể không bằng 100%.<br>- The Smile Only! Featured Scout sẽ rút một lần cho mỗi lượt dựa trên tỷ lệ xuất hiện.<br>Ví dụ, Thành viên có tỷ lệ 1% không được đảm bảo sẽ xuất hiện dù thực hiện 100 lượt.<br>- Để biết chi tiết tỷ lệ xuất hiện, hãy kiểm tra tab Tỷ lệ xuất hiện.<br>- Ngay cả khi ứng dụng bị buộc đóng hoặc mất kết nối khiến màn hình kết quả Scout không hiển thị đúng sau khi thực hiện Smile Only! Featured Scout, lượt Scout vẫn được xử lý chính xác. Hãy kiểm tra danh sách Thành viên và số Penlight.<br>- Các Thành viên xuất hiện trong Scout này có thể xuất hiện lại trong tương lai.<br>- Scout này có thể được mở lại trong tương lai.<br>- Thời gian mở và nội dung có thể thay đổi mà không báo trước.<br>- Có thể dùng Scout Ticket qua mục ""Scout bằng vé"" ở góc dưới bên phải màn hình.<br>　Vé không hiển thị trong ""Scout bằng vé"" sẽ không thể dùng cho Scout này.<br>- Khi một Thành viên đã chiêu mộ xuất hiện lại từ lần thứ hai trở đi, bạn sẽ nhận Penlight theo độ hiếm của họ.<br>　Thành viên R: 20<br>　Thành viên SR: 50<br>　Thành viên UR: 500<br>- Điểm Scout nhận được sẽ tự động chuyển thành 1 Skill Book (M) khi Scout kết thúc."
mst.lottery_caution.4110002._cautionText,"- Hãy kiểm tra tab ""Tỷ lệ xuất hiện"" để xem các Thành viên có thể xuất hiện.<br>- Cùng một Thành viên có thể xuất hiện nhiều lần trong Pure Only! Featured Scout.<br>- Tỷ lệ xuất hiện được làm tròn đến chữ số thập phân thứ năm.<br>Do đó, tổng tỷ lệ xuất hiện riêng lẻ có thể khác với tổng tỷ lệ được hiển thị.<br>- Do giới hạn hiển thị, tổng tỷ lệ xuất hiện có thể không bằng 100%.<br>- The Pure Only! Featured Scout sẽ rút một lần cho mỗi lượt dựa trên tỷ lệ xuất hiện.<br>Ví dụ, Thành viên có tỷ lệ 1% không được đảm bảo sẽ xuất hiện dù thực hiện 100 lượt.<br>- Để biết chi tiết tỷ lệ xuất hiện, hãy kiểm tra tab Tỷ lệ xuất hiện.<br>- Ngay cả khi ứng dụng bị buộc đóng hoặc mất kết nối khiến màn hình kết quả Scout không hiển thị đúng sau khi thực hiện Pure Only! Featured Scout, lượt Scout vẫn được xử lý chính xác. Hãy kiểm tra danh sách Thành viên và số Penlight.<br>- Các Thành viên xuất hiện trong Scout này có thể xuất hiện lại trong tương lai.<br>- Scout này có thể được mở lại trong tương lai.<br>- Thời gian mở và nội dung có thể thay đổi mà không báo trước.<br>- Có thể dùng Scout Ticket qua mục ""Scout bằng vé"" ở góc dưới bên phải màn hình.<br>　Vé không hiển thị trong ""Scout bằng vé"" sẽ không thể dùng cho Scout này.<br>- Khi một Thành viên đã chiêu mộ xuất hiện lại từ lần thứ hai trở đi, bạn sẽ nhận Penlight theo độ hiếm của họ.<br>　Thành viên R: 20<br>　Thành viên SR: 50<br>　Thành viên UR: 500<br>- Điểm Scout nhận được sẽ tự động chuyển thành 1 Skill Book (M) khi Scout kết thúc."
mst.lottery_caution.4110003._cautionText,"- Hãy kiểm tra tab ""Tỷ lệ xuất hiện"" để xem các Thành viên có thể xuất hiện.<br>- Cùng một Thành viên có thể xuất hiện nhiều lần trong Cool Only! Featured Scout.<br>- Tỷ lệ xuất hiện được làm tròn đến chữ số thập phân thứ năm.<br>Do đó, tổng tỷ lệ xuất hiện riêng lẻ có thể khác với tổng tỷ lệ được hiển thị.<br>- Do giới hạn hiển thị, tổng tỷ lệ xuất hiện có thể không bằng 100%.<br>- The Cool Only! Featured Scout sẽ rút một lần cho mỗi lượt dựa trên tỷ lệ xuất hiện.<br>Ví dụ, Thành viên có tỷ lệ 1% không được đảm bảo sẽ xuất hiện dù thực hiện 100 lượt.<br>- Để biết chi tiết tỷ lệ xuất hiện, hãy kiểm tra tab Tỷ lệ xuất hiện.<br>- Ngay cả khi ứng dụng bị buộc đóng hoặc mất kết nối khiến màn hình kết quả Scout không hiển thị đúng sau khi thực hiện Cool Only! Featured Scout, lượt Scout vẫn được xử lý chính xác. Hãy kiểm tra danh sách Thành viên và số Penlight.<br>- Các Thành viên xuất hiện trong Scout này có thể xuất hiện lại trong tương lai.<br>- Scout này có thể được mở lại trong tương lai.<br>- Thời gian mở và nội dung có thể thay đổi mà không báo trước.<br>- Có thể dùng Scout Ticket qua mục ""Scout bằng vé"" ở góc dưới bên phải màn hình.<br>　Vé không hiển thị trong ""Scout bằng vé"" sẽ không thể dùng cho Scout này.<br>- Khi một Thành viên đã chiêu mộ xuất hiện lại từ lần thứ hai trở đi, bạn sẽ nhận Penlight theo độ hiếm của họ.<br>　Thành viên R: 20<br>　Thành viên SR: 50<br>　Thành viên UR: 500<br>- Điểm Scout nhận được sẽ tự động chuyển thành 1 Skill Book (M) khi Scout kết thúc."
mst.lottery_caution.4110004._cautionText,"- Vui lòng xem tab ""Tỷ lệ xuất hiện"" để biết những thành viên có thể xuất hiện.<br>- Cùng một thành viên có thể xuất hiện nhiều hơn một lần trong Chiêu mộ Đảm bảo UR Lễ Tạ ơn SIF Series 2023.<br>- Tỷ lệ xuất hiện được làm tròn đến chữ số thập phân thứ năm.<br>Do đó, tổng tỷ lệ xuất hiện riêng lẻ có thể khác với tỷ lệ tổng được hiển thị.<br>- Do giới hạn hiển thị, tổng tỷ lệ xuất hiện có thể không cộng đủ 100%.<br>- Chiêu mộ Đảm bảo UR Lễ Tạ ơn SIF Series 2023 quay số một lần cho mỗi lượt dựa trên tỷ lệ xuất hiện.<br>Ví dụ, một thành viên có tỷ lệ 1% không được đảm bảo sẽ xuất hiện dù chỉ một lần trong 100 lượt quay.<br>- Để biết chi tiết về tỷ lệ xuất hiện, vui lòng xem tab Tỷ lệ xuất hiện.<br>- Ngay cả khi ứng dụng bị đóng đột ngột hoặc mất kết nối khiến màn hình kết quả Chiêu mộ không hiển thị đúng sau khi thực hiện Chiêu mộ Đảm bảo UR Lễ Tạ ơn SIF Series 2023, lượt Chiêu mộ vẫn được xử lý chính xác. Vui lòng kiểm tra danh sách thành viên và số lượng Penlight của bạn.<br>- Các thành viên xuất hiện trong lượt Chiêu mộ này có thể xuất hiện lại trong tương lai.<br>- Lượt Chiêu mộ này có thể được mở lại trong tương lai.<br>- Thời gian diễn ra và nội dung có thể thay đổi mà không báo trước.<br>- Vé Chiêu mộ có thể được sử dụng qua ""Chiêu mộ bằng Vé"" ở góc dưới bên phải màn hình.<br>　Những vé không hiển thị trong ""Chiêu mộ bằng Vé"" không thể dùng cho lượt Chiêu mộ này.<br>- Khi một thành viên bạn đã chiêu mộ xuất hiện lại từ lần thứ hai trở đi, bạn sẽ nhận được Penlight tương ứng với độ hiếm của họ thay vì thành viên đó.<br>　Thành viên R: 20<br>　Thành viên SR: 50<br>　Thành viên R: 20<br>　Thành viên SR: 50<br>　Thành viên UR: 500"
mst.lottery_caution.4110005._cautionText,"- Vui lòng xem tab ""Tỷ lệ xuất hiện"" để biết những thành viên có thể xuất hiện.<br>- Cùng một thành viên có thể xuất hiện nhiều hơn một lần trong Chiêu mộ Lễ hội Tình ca: Ayumu.<br>- Tỷ lệ xuất hiện được làm tròn đến chữ số thập phân thứ năm.<br>Do đó, tổng tỷ lệ xuất hiện riêng lẻ có thể khác với tỷ lệ tổng được hiển thị.<br>- Do giới hạn hiển thị, tổng tỷ lệ xuất hiện có thể không cộng đủ 100%.<br>- Chiêu mộ Lễ hội Tình ca: Ayumu quay số một lần cho mỗi lượt dựa trên tỷ lệ xuất hiện.<br>Ví dụ, một thành viên có tỷ lệ 1% không được đảm bảo sẽ xuất hiện dù chỉ một lần trong 100 lượt quay.<br>- Để biết chi tiết về tỷ lệ xuất hiện, vui lòng xem tab Tỷ lệ xuất hiện.<br>- Ngay cả khi ứng dụng bị đóng đột ngột hoặc mất kết nối khiến màn hình kết quả Chiêu mộ không hiển thị đúng sau khi thực hiện Chiêu mộ Lễ hội Tình ca: Ayumu, lượt Chiêu mộ vẫn được xử lý chính xác. Vui lòng kiểm tra danh sách thành viên và số lượng Penlight của bạn.<br>- Các thành viên xuất hiện trong lượt Chiêu mộ này có thể xuất hiện lại trong tương lai.<br>- Lượt Chiêu mộ này có thể được mở lại trong tương lai.<br>- Thời gian diễn ra và nội dung có thể thay đổi mà không báo trước.<br>- Vé Chiêu mộ có thể được sử dụng qua ""Chiêu mộ bằng Vé"" ở góc dưới bên phải màn hình.<br>　Những vé không hiển thị trong ""Chiêu mộ bằng Vé"" không thể dùng cho lượt Chiêu mộ này.<br>- Khi một thành viên bạn đã chiêu mộ xuất hiện lại từ lần thứ hai trở đi, bạn sẽ nhận được Penlight tương ứng với độ hiếm của họ thay vì thành viên đó.<br>　Thành viên R: 20<br>　Thành viên SR: 50<br>　Thành viên R: 20<br>　Thành viên SR: 50<br>　Thành viên UR: 500"
mst.lottery_caution.4110006._cautionText,"- Vui lòng xem tab ""Tỷ lệ xuất hiện"" để biết những thành viên có thể xuất hiện.<br>- Cùng một thành viên có thể xuất hiện nhiều hơn một lần trong Chiêu mộ Lễ hội Tình ca: Kasumi.<br>- Tỷ lệ xuất hiện được làm tròn đến chữ số thập phân thứ năm.<br>Do đó, tổng tỷ lệ xuất hiện riêng lẻ có thể khác với tỷ lệ tổng được hiển thị.<br>- Do giới hạn hiển thị, tổng tỷ lệ xuất hiện có thể không cộng đủ 100%.<br>- Chiêu mộ Lễ hội Tình ca: Kasumi quay số một lần cho mỗi lượt dựa trên tỷ lệ xuất hiện.<br>Ví dụ, một thành viên có tỷ lệ 1% không được đảm bảo sẽ xuất hiện dù chỉ một lần trong 100 lượt quay.<br>- Để biết chi tiết về tỷ lệ xuất hiện, vui lòng xem tab Tỷ lệ xuất hiện.<br>- Ngay cả khi ứng dụng bị đóng đột ngột hoặc mất kết nối khiến màn hình kết quả Chiêu mộ không hiển thị đúng sau khi thực hiện Chiêu mộ Lễ hội Tình ca: Kasumi, lượt Chiêu mộ vẫn được xử lý chính xác. Vui lòng kiểm tra danh sách thành viên và số lượng Penlight của bạn.<br>- Các thành viên xuất hiện trong lượt Chiêu mộ này có thể xuất hiện lại trong tương lai.<br>- Lượt Chiêu mộ này có thể được mở lại trong tương lai.<br>- Thời gian diễn ra và nội dung có thể thay đổi mà không báo trước.<br>- Vé Chiêu mộ có thể được sử dụng qua ""Chiêu mộ bằng Vé"" ở góc dưới bên phải màn hình.<br>　Những vé không hiển thị trong ""Chiêu mộ bằng Vé"" không thể dùng cho lượt Chiêu mộ này.<br>- Khi một thành viên bạn đã chiêu mộ xuất hiện lại từ lần thứ hai trở đi, bạn sẽ nhận được Penlight tương ứng với độ hiếm của họ thay vì thành viên đó.<br>　Thành viên R: 20<br>　Thành viên SR: 50<br>　Thành viên R: 20<br>　Thành viên SR: 50<br>　Thành viên UR: 500"
mst.lottery_caution.4110007._cautionText,"- Vui lòng xem tab ""Tỷ lệ xuất hiện"" để biết những thành viên có thể xuất hiện.<br>- Cùng một thành viên có thể xuất hiện nhiều hơn một lần trong Chiêu mộ Lễ hội Tình ca: Shizuku.<br>- Tỷ lệ xuất hiện được làm tròn đến chữ số thập phân thứ năm.<br>Do đó, tổng tỷ lệ xuất hiện riêng lẻ có thể khác với tỷ lệ tổng được hiển thị.<br>- Do giới hạn hiển thị, tổng tỷ lệ xuất hiện có thể không cộng đủ 100%.<br>- Chiêu mộ Lễ hội Tình ca: Shizuku quay số một lần cho mỗi lượt dựa trên tỷ lệ xuất hiện.<br>Ví dụ, một thành viên có tỷ lệ 1% không được đảm bảo sẽ xuất hiện dù chỉ một lần trong 100 lượt quay.<br>- Để biết chi tiết về tỷ lệ xuất hiện, vui lòng xem tab Tỷ lệ xuất hiện.<br>- Ngay cả khi ứng dụng bị đóng đột ngột hoặc mất kết nối khiến màn hình kết quả Chiêu mộ không hiển thị đúng sau khi thực hiện Chiêu mộ Lễ hội Tình ca: Shizuku, lượt Chiêu mộ vẫn được xử lý chính xác. Vui lòng kiểm tra danh sách thành viên và số lượng Penlight của bạn.<br>- Các thành viên xuất hiện trong lượt Chiêu mộ này có thể xuất hiện lại trong tương lai.<br>- Lượt Chiêu mộ này có thể được mở lại trong tương lai.<br>- Thời gian diễn ra và nội dung có thể thay đổi mà không báo trước.<br>- Vé Chiêu mộ có thể được sử dụng qua ""Chiêu mộ bằng Vé"" ở góc dưới bên phải màn hình.<br>　Những vé không hiển thị trong ""Chiêu mộ bằng Vé"" không thể dùng cho lượt Chiêu mộ này.<br>- Khi một thành viên bạn đã chiêu mộ xuất hiện lại từ lần thứ hai trở đi, bạn sẽ nhận được Penlight tương ứng với độ hiếm của họ thay vì thành viên đó.<br>　Thành viên R: 20<br>　Thành viên SR: 50<br>　Thành viên R: 20<br>　Thành viên SR: 50<br>　Thành viên UR: 500"
mst.lottery_caution.4110008._cautionText,"- Vui lòng xem tab ""Tỷ lệ xuất hiện"" để biết những thành viên có thể xuất hiện.<br>- Cùng một thành viên có thể xuất hiện nhiều hơn một lần trong Chiêu mộ Lễ hội Tình ca: Karin.<br>- Tỷ lệ xuất hiện được làm tròn đến chữ số thập phân thứ năm.<br>Do đó, tổng tỷ lệ xuất hiện riêng lẻ có thể khác với tỷ lệ tổng được hiển thị.<br>- Do giới hạn hiển thị, tổng tỷ lệ xuất hiện có thể không cộng đủ 100%.<br>- Chiêu mộ Lễ hội Tình ca: Karin quay số một lần cho mỗi lượt dựa trên tỷ lệ xuất hiện.<br>Ví dụ, một thành viên có tỷ lệ 1% không được đảm bảo sẽ xuất hiện dù chỉ một lần trong 100 lượt quay.<br>- Để biết chi tiết về tỷ lệ xuất hiện, vui lòng xem tab Tỷ lệ xuất hiện.<br>- Ngay cả khi ứng dụng bị đóng đột ngột hoặc mất kết nối khiến màn hình kết quả Chiêu mộ không hiển thị đúng sau khi thực hiện Chiêu mộ Lễ hội Tình ca: Karin, lượt Chiêu mộ vẫn được xử lý chính xác. Vui lòng kiểm tra danh sách thành viên và số lượng Penlight của bạn.<br>- Các thành viên xuất hiện trong lượt Chiêu mộ này có thể xuất hiện lại trong tương lai.<br>- Lượt Chiêu mộ này có thể được mở lại trong tương lai.<br>- Thời gian diễn ra và nội dung có thể thay đổi mà không báo trước.<br>- Vé Chiêu mộ có thể được sử dụng qua ""Chiêu mộ bằng Vé"" ở góc dưới bên phải màn hình.<br>　Những vé không hiển thị trong ""Chiêu mộ bằng Vé"" không thể dùng cho lượt Chiêu mộ này.<br>- Khi một thành viên bạn đã chiêu mộ xuất hiện lại từ lần thứ hai trở đi, bạn sẽ nhận được Penlight tương ứng với độ hiếm của họ thay vì thành viên đó.<br>　Thành viên R: 20<br>　Thành viên SR: 50<br>　Thành viên R: 20<br>　Thành viên SR: 50<br>　Thành viên UR: 500"
mst.lottery_caution.4110009._cautionText,"- Vui lòng xem tab ""Tỷ lệ xuất hiện"" để biết những thành viên có thể xuất hiện.<br>- Cùng một thành viên có thể xuất hiện nhiều hơn một lần trong Chiêu mộ Lễ hội Tình ca: Ai.<br>- Tỷ lệ xuất hiện được làm tròn đến chữ số thập phân thứ năm.<br>Do đó, tổng tỷ lệ xuất hiện riêng lẻ có thể khác với tỷ lệ tổng được hiển thị.<br>- Do giới hạn hiển thị, tổng tỷ lệ xuất hiện có thể không cộng đủ 100%.<br>- Chiêu mộ Lễ hội Tình ca: Ai quay số một lần cho mỗi lượt dựa trên tỷ lệ xuất hiện.<br>Ví dụ, một thành viên có tỷ lệ 1% không được đảm bảo sẽ xuất hiện dù chỉ một lần trong 100 lượt quay.<br>- Để biết chi tiết về tỷ lệ xuất hiện, vui lòng xem tab Tỷ lệ xuất hiện.<br>- Ngay cả khi ứng dụng bị đóng đột ngột hoặc mất kết nối khiến màn hình kết quả Chiêu mộ không hiển thị đúng sau khi thực hiện Chiêu mộ Lễ hội Tình ca: Ai, lượt Chiêu mộ vẫn được xử lý chính xác. Vui lòng kiểm tra danh sách thành viên và số lượng Penlight của bạn.<br>- Các thành viên xuất hiện trong lượt Chiêu mộ này có thể xuất hiện lại trong tương lai.<br>- Lượt Chiêu mộ này có thể được mở lại trong tương lai.<br>- Thời gian diễn ra và nội dung có thể thay đổi mà không báo trước.<br>- Vé Chiêu mộ có thể được sử dụng qua ""Chiêu mộ bằng Vé"" ở góc dưới bên phải màn hình.<br>　Những vé không hiển thị trong ""Chiêu mộ bằng Vé"" không thể dùng cho lượt Chiêu mộ này.<br>- Khi một thành viên bạn đã chiêu mộ xuất hiện lại từ lần thứ hai trở đi, bạn sẽ nhận được Penlight tương ứng với độ hiếm của họ thay vì thành viên đó.<br>　Thành viên R: 20<br>　Thành viên SR: 50<br>　Thành viên R: 20<br>　Thành viên SR: 50<br>　Thành viên UR: 500"
mst.lottery_caution.4110010._cautionText,"- Vui lòng xem tab ""Tỷ lệ xuất hiện"" để biết những thành viên có thể xuất hiện.<br>- Cùng một thành viên có thể xuất hiện nhiều hơn một lần trong Chiêu mộ Lễ hội Tình ca: Kanata.<br>- Tỷ lệ xuất hiện được làm tròn đến chữ số thập phân thứ năm.<br>Do đó, tổng tỷ lệ xuất hiện riêng lẻ có thể khác với tỷ lệ tổng được hiển thị.<br>- Do giới hạn hiển thị, tổng tỷ lệ xuất hiện có thể không cộng đủ 100%.<br>- Chiêu mộ Lễ hội Tình ca: Kanata quay số một lần cho mỗi lượt dựa trên tỷ lệ xuất hiện.<br>Ví dụ, một thành viên có tỷ lệ 1% không được đảm bảo sẽ xuất hiện dù chỉ một lần trong 100 lượt quay.<br>- Để biết chi tiết về tỷ lệ xuất hiện, vui lòng xem tab Tỷ lệ xuất hiện.<br>- Ngay cả khi ứng dụng bị đóng đột ngột hoặc mất kết nối khiến màn hình kết quả Chiêu mộ không hiển thị đúng sau khi thực hiện Chiêu mộ Lễ hội Tình ca: Kanata, lượt Chiêu mộ vẫn được xử lý chính xác. Vui lòng kiểm tra danh sách thành viên và số lượng Penlight của bạn.<br>- Các thành viên xuất hiện trong lượt Chiêu mộ này có thể xuất hiện lại trong tương lai.<br>- Lượt Chiêu mộ này có thể được mở lại trong tương lai.<br>- Thời gian diễn ra và nội dung có thể thay đổi mà không báo trước.<br>- Vé Chiêu mộ có thể được sử dụng qua ""Chiêu mộ bằng Vé"" ở góc dưới bên phải màn hình.<br>　Những vé không hiển thị trong ""Chiêu mộ bằng Vé"" không thể dùng cho lượt Chiêu mộ này.<br>- Khi một thành viên bạn đã chiêu mộ xuất hiện lại từ lần thứ hai trở đi, bạn sẽ nhận được Penlight tương ứng với độ hiếm của họ thay vì thành viên đó.<br>　Thành viên R: 20<br>　Thành viên SR: 50<br>　Thành viên R: 20<br>　Thành viên SR: 50<br>　Thành viên UR: 500"
mst.lottery_caution.4110011._cautionText,"- Vui lòng xem tab ""Tỷ lệ xuất hiện"" để biết những thành viên có thể xuất hiện.<br>- Cùng một thành viên có thể xuất hiện nhiều hơn một lần trong Chiêu mộ Lễ hội Tình ca: Setsuna.<br>- Tỷ lệ xuất hiện được làm tròn đến chữ số thập phân thứ năm.<br>Do đó, tổng tỷ lệ xuất hiện riêng lẻ có thể khác với tỷ lệ tổng được hiển thị.<br>- Do giới hạn hiển thị, tổng tỷ lệ xuất hiện có thể không cộng đủ 100%.<br>- Chiêu mộ Lễ hội Tình ca: Setsuna quay số một lần cho mỗi lượt dựa trên tỷ lệ xuất hiện.<br>Ví dụ, một thành viên có tỷ lệ 1% không được đảm bảo sẽ xuất hiện dù chỉ một lần trong 100 lượt quay.<br>- Để biết chi tiết về tỷ lệ xuất hiện, vui lòng xem tab Tỷ lệ xuất hiện.<br>- Ngay cả khi ứng dụng bị đóng đột ngột hoặc mất kết nối khiến màn hình kết quả Chiêu mộ không hiển thị đúng sau khi thực hiện Chiêu mộ Lễ hội Tình ca: Setsuna, lượt Chiêu mộ vẫn được xử lý chính xác. Vui lòng kiểm tra danh sách thành viên và số lượng Penlight của bạn.<br>- Các thành viên xuất hiện trong lượt Chiêu mộ này có thể xuất hiện lại trong tương lai.<br>- Lượt Chiêu mộ này có thể được mở lại trong tương lai.<br>- Thời gian diễn ra và nội dung có thể thay đổi mà không báo trước.<br>- Vé Chiêu mộ có thể được sử dụng qua ""Chiêu mộ bằng Vé"" ở góc dưới bên phải màn hình.<br>　Những vé không hiển thị trong ""Chiêu mộ bằng Vé"" không thể dùng cho lượt Chiêu mộ này.<br>- Khi một thành viên bạn đã chiêu mộ xuất hiện lại từ lần thứ hai trở đi, bạn sẽ nhận được Penlight tương ứng với độ hiếm của họ thay vì thành viên đó.<br>　Thành viên R: 20<br>　Thành viên SR: 50<br>　Thành viên R: 20<br>　Thành viên SR: 50<br>　Thành viên UR: 500"
mst.lottery_caution.4110012._cautionText,"- Vui lòng xem tab ""Tỷ lệ xuất hiện"" để biết những thành viên có thể xuất hiện.<br>- Cùng một thành viên có thể xuất hiện nhiều hơn một lần trong Chiêu mộ Lễ hội Tình ca: Emma.<br>- Tỷ lệ xuất hiện được làm tròn đến chữ số thập phân thứ năm.<br>Do đó, tổng tỷ lệ xuất hiện riêng lẻ có thể khác với tỷ lệ tổng được hiển thị.<br>- Do giới hạn hiển thị, tổng tỷ lệ xuất hiện có thể không cộng đủ 100%.<br>- Chiêu mộ Lễ hội Tình ca: Emma quay số một lần cho mỗi lượt dựa trên tỷ lệ xuất hiện.<br>Ví dụ, một thành viên có tỷ lệ 1% không được đảm bảo sẽ xuất hiện dù chỉ một lần trong 100 lượt quay.<br>- Để biết chi tiết về tỷ lệ xuất hiện, vui lòng xem tab Tỷ lệ xuất hiện.<br>- Ngay cả khi ứng dụng bị đóng đột ngột hoặc mất kết nối khiến màn hình kết quả Chiêu mộ không hiển thị đúng sau khi thực hiện Chiêu mộ Lễ hội Tình ca: Emma, lượt Chiêu mộ vẫn được xử lý chính xác. Vui lòng kiểm tra danh sách thành viên và số lượng Penlight của bạn.<br>- Các thành viên xuất hiện trong lượt Chiêu mộ này có thể xuất hiện lại trong tương lai.<br>- Lượt Chiêu mộ này có thể được mở lại trong tương lai.<br>- Thời gian diễn ra và nội dung có thể thay đổi mà không báo trước.<br>- Vé Chiêu mộ có thể được sử dụng qua ""Chiêu mộ bằng Vé"" ở góc dưới bên phải màn hình.<br>　Những vé không hiển thị trong ""Chiêu mộ bằng Vé"" không thể dùng cho lượt Chiêu mộ này.<br>- Khi một thành viên bạn đã chiêu mộ xuất hiện lại từ lần thứ hai trở đi, bạn sẽ nhận được Penlight tương ứng với độ hiếm của họ thay vì thành viên đó.<br>　Thành viên R: 20<br>　Thành viên SR: 50<br>　Thành viên R: 20<br>　Thành viên SR: 50<br>　Thành viên UR: 500"
mst.lottery_caution.4110013._cautionText,"- Vui lòng xem tab ""Tỷ lệ xuất hiện"" để biết những thành viên có thể xuất hiện.<br>- Cùng một thành viên có thể xuất hiện nhiều hơn một lần trong Chiêu mộ Lễ hội Tình ca: Rina.<br>- Tỷ lệ xuất hiện được làm tròn đến chữ số thập phân thứ năm.<br>Do đó, tổng tỷ lệ xuất hiện riêng lẻ có thể khác với tỷ lệ tổng được hiển thị.<br>- Do giới hạn hiển thị, tổng tỷ lệ xuất hiện có thể không cộng đủ 100%.<br>- Chiêu mộ Lễ hội Tình ca: Rina quay số một lần cho mỗi lượt dựa trên tỷ lệ xuất hiện.<br>Ví dụ, một thành viên có tỷ lệ 1% không được đảm bảo sẽ xuất hiện dù chỉ một lần trong 100 lượt quay.<br>- Để biết chi tiết về tỷ lệ xuất hiện, vui lòng xem tab Tỷ lệ xuất hiện.<br>- Ngay cả khi ứng dụng bị đóng đột ngột hoặc mất kết nối khiến màn hình kết quả Chiêu mộ không hiển thị đúng sau khi thực hiện Chiêu mộ Lễ hội Tình ca: Rina, lượt Chiêu mộ vẫn được xử lý chính xác. Vui lòng kiểm tra danh sách thành viên và số lượng Penlight của bạn.<br>- Các thành viên xuất hiện trong lượt Chiêu mộ này có thể xuất hiện lại trong tương lai.<br>- Lượt Chiêu mộ này có thể được mở lại trong tương lai.<br>- Thời gian diễn ra và nội dung có thể thay đổi mà không báo trước.<br>- Vé Chiêu mộ có thể được sử dụng qua ""Chiêu mộ bằng Vé"" ở góc dưới bên phải màn hình.<br>　Những vé không hiển thị trong ""Chiêu mộ bằng Vé"" không thể dùng cho lượt Chiêu mộ này.<br>- Khi một thành viên bạn đã chiêu mộ xuất hiện lại từ lần thứ hai trở đi, bạn sẽ nhận được Penlight tương ứng với độ hiếm của họ thay vì thành viên đó.<br>　Thành viên R: 20<br>　Thành viên SR: 50<br>　Thành viên R: 20<br>　Thành viên SR: 50<br>　Thành viên UR: 500"
mst.lottery_caution.4110014._cautionText,"- Vui lòng xem tab ""Tỷ lệ xuất hiện"" để biết những thành viên có thể xuất hiện.<br>- Cùng một thành viên có thể xuất hiện nhiều hơn một lần trong Chiêu mộ Lễ hội Tình ca: Shioriko.<br>- Tỷ lệ xuất hiện được làm tròn đến chữ số thập phân thứ năm.<br>Do đó, tổng tỷ lệ xuất hiện riêng lẻ có thể khác với tỷ lệ tổng được hiển thị.<br>- Do giới hạn hiển thị, tổng tỷ lệ xuất hiện có thể không cộng đủ 100%.<br>- Chiêu mộ Lễ hội Tình ca: Shioriko quay số một lần cho mỗi lượt dựa trên tỷ lệ xuất hiện.<br>Ví dụ, một thành viên có tỷ lệ 1% không được đảm bảo sẽ xuất hiện dù chỉ một lần trong 100 lượt quay.<br>- Để biết chi tiết về tỷ lệ xuất hiện, vui lòng xem tab Tỷ lệ xuất hiện.<br>- Ngay cả khi ứng dụng bị đóng đột ngột hoặc mất kết nối khiến màn hình kết quả Chiêu mộ không hiển thị đúng sau khi thực hiện Chiêu mộ Lễ hội Tình ca: Shioriko, lượt Chiêu mộ vẫn được xử lý chính xác. Vui lòng kiểm tra danh sách thành viên và số lượng Penlight của bạn.<br>- Các thành viên xuất hiện trong lượt Chiêu mộ này có thể xuất hiện lại trong tương lai.<br>- Lượt Chiêu mộ này có thể được mở lại trong tương lai.<br>- Thời gian diễn ra và nội dung có thể thay đổi mà không báo trước.<br>- Vé Chiêu mộ có thể được sử dụng qua ""Chiêu mộ bằng Vé"" ở góc dưới bên phải màn hình.<br>　Những vé không hiển thị trong ""Chiêu mộ bằng Vé"" không thể dùng cho lượt Chiêu mộ này.<br>- Khi một thành viên bạn đã chiêu mộ xuất hiện lại từ lần thứ hai trở đi, bạn sẽ nhận được Penlight tương ứng với độ hiếm của họ thay vì thành viên đó.<br>　Thành viên R: 20<br>　Thành viên SR: 50<br>　Thành viên R: 20<br>　Thành viên SR: 50<br>　Thành viên UR: 500"
mst.lottery_caution.4110015._cautionText,"- Vui lòng xem tab ""Tỷ lệ xuất hiện"" để biết những thành viên có thể xuất hiện.<br>- Cùng một thành viên có thể xuất hiện nhiều hơn một lần trong Chiêu mộ Lễ hội Tình ca: Mia.<br>- Tỷ lệ xuất hiện được làm tròn đến chữ số thập phân thứ năm.<br>Do đó, tổng tỷ lệ xuất hiện riêng lẻ có thể khác với tỷ lệ tổng được hiển thị.<br>- Do giới hạn hiển thị, tổng tỷ lệ xuất hiện có thể không cộng đủ 100%.<br>- Chiêu mộ Lễ hội Tình ca: Mia quay số một lần cho mỗi lượt dựa trên tỷ lệ xuất hiện.<br>Ví dụ, một thành viên có tỷ lệ 1% không được đảm bảo sẽ xuất hiện dù chỉ một lần trong 100 lượt quay.<br>- Để biết chi tiết về tỷ lệ xuất hiện, vui lòng xem tab Tỷ lệ xuất hiện.<br>- Ngay cả khi ứng dụng bị đóng đột ngột hoặc mất kết nối khiến màn hình kết quả Chiêu mộ không hiển thị đúng sau khi thực hiện Chiêu mộ Lễ hội Tình ca: Mia, lượt Chiêu mộ vẫn được xử lý chính xác. Vui lòng kiểm tra danh sách thành viên và số lượng Penlight của bạn.<br>- Các thành viên xuất hiện trong lượt Chiêu mộ này có thể xuất hiện lại trong tương lai.<br>- Lượt Chiêu mộ này có thể được mở lại trong tương lai.<br>- Thời gian diễn ra và nội dung có thể thay đổi mà không báo trước.<br>- Vé Chiêu mộ có thể được sử dụng qua ""Chiêu mộ bằng Vé"" ở góc dưới bên phải màn hình.<br>　Những vé không hiển thị trong ""Chiêu mộ bằng Vé"" không thể dùng cho lượt Chiêu mộ này.<br>- Khi một thành viên bạn đã chiêu mộ xuất hiện lại từ lần thứ hai trở đi, bạn sẽ nhận được Penlight tương ứng với độ hiếm của họ thay vì thành viên đó.<br>　Thành viên R: 20<br>　Thành viên SR: 50<br>　Thành viên R: 20<br>　Thành viên SR: 50<br>　Thành viên UR: 500"
mst.lottery_caution.4110016._cautionText,"- Vui lòng xem tab ""Tỷ lệ xuất hiện"" để biết những thành viên có thể xuất hiện.<br>- Cùng một thành viên có thể xuất hiện nhiều hơn một lần trong Chiêu mộ Lễ hội Tình ca: Lanzhu.<br>- Tỷ lệ xuất hiện được làm tròn đến chữ số thập phân thứ năm.<br>Do đó, tổng tỷ lệ xuất hiện riêng lẻ có thể khác với tỷ lệ tổng được hiển thị.<br>- Do giới hạn hiển thị, tổng tỷ lệ xuất hiện có thể không cộng đủ 100%.<br>- Chiêu mộ Lễ hội Tình ca: Lanzhu quay số một lần cho mỗi lượt dựa trên tỷ lệ xuất hiện.<br>Ví dụ, một thành viên có tỷ lệ 1% không được đảm bảo sẽ xuất hiện dù chỉ một lần trong 100 lượt quay.<br>- Để biết chi tiết về tỷ lệ xuất hiện, vui lòng xem tab Tỷ lệ xuất hiện.<br>- Ngay cả khi ứng dụng bị đóng đột ngột hoặc mất kết nối khiến màn hình kết quả Chiêu mộ không hiển thị đúng sau khi thực hiện Chiêu mộ Lễ hội Tình ca: Lanzhu, lượt Chiêu mộ vẫn được xử lý chính xác. Vui lòng kiểm tra danh sách thành viên và số lượng Penlight của bạn.<br>- Các thành viên xuất hiện trong lượt Chiêu mộ này có thể xuất hiện lại trong tương lai.<br>- Lượt Chiêu mộ này có thể được mở lại trong tương lai.<br>- Thời gian diễn ra và nội dung có thể thay đổi mà không báo trước.<br>- Vé Chiêu mộ có thể được sử dụng qua ""Chiêu mộ bằng Vé"" ở góc dưới bên phải màn hình.<br>　Những vé không hiển thị trong ""Chiêu mộ bằng Vé"" không thể dùng cho lượt Chiêu mộ này.<br>- Khi một thành viên bạn đã chiêu mộ xuất hiện lại từ lần thứ hai trở đi, bạn sẽ nhận được Penlight tương ứng với độ hiếm của họ thay vì thành viên đó.<br>　Thành viên R: 20<br>　Thành viên SR: 50<br>　Thành viên R: 20<br>　Thành viên SR: 50<br>　Thành viên UR: 500"
mst.lottery_caution.4110017._cautionText,"- Vui lòng xem tab ""Tỷ lệ xuất hiện"" để biết những thành viên có thể xuất hiện.<br>- Cùng một thành viên có thể xuất hiện nhiều hơn một lần trong Chiêu mộ Kỷ niệm nửa năm - Tối đa 100 lượt miễn phí!.<br>- Tỷ lệ xuất hiện được làm tròn đến chữ số thập phân thứ năm.<br>Do đó, tổng tỷ lệ xuất hiện riêng lẻ có thể khác với tỷ lệ tổng được hiển thị.<br>- Do giới hạn hiển thị, tổng tỷ lệ xuất hiện có thể không cộng đủ 100%.<br>- Chiêu mộ Kỷ niệm nửa năm - Tối đa 100 lượt miễn phí! quay số một lần cho mỗi lượt dựa trên tỷ lệ xuất hiện.<br>Ví dụ, một thành viên có tỷ lệ 1% không được đảm bảo sẽ xuất hiện dù chỉ một lần trong 100 lượt quay.<br>- Để biết chi tiết về tỷ lệ xuất hiện, vui lòng xem tab Tỷ lệ xuất hiện.<br>- Ngay cả khi ứng dụng bị đóng đột ngột hoặc mất kết nối khiến màn hình kết quả Chiêu mộ không hiển thị đúng sau khi thực hiện Chiêu mộ Kỷ niệm nửa năm - Tối đa 100 lượt miễn phí!, lượt Chiêu mộ vẫn được xử lý chính xác. Vui lòng kiểm tra danh sách thành viên và số lượng Penlight của bạn.<br>- Các thành viên xuất hiện trong lượt Chiêu mộ này có thể xuất hiện lại trong tương lai.<br>- Lượt Chiêu mộ này có thể được mở lại trong tương lai.<br>- Thời gian diễn ra và nội dung có thể thay đổi mà không báo trước.<br>- Vé Chiêu mộ có thể được sử dụng qua ""Chiêu mộ bằng Vé"" ở góc dưới bên phải màn hình.<br>　Những vé không hiển thị trong ""Chiêu mộ bằng Vé"" không thể dùng cho lượt Chiêu mộ này.<br>- Khi một thành viên bạn đã chiêu mộ xuất hiện lại từ lần thứ hai trở đi, bạn sẽ nhận được Penlight tương ứng với độ hiếm của họ thay vì thành viên đó.<br>　Thành viên R: 20<br>　Thành viên SR: 50<br>　Thành viên R: 20<br>　Thành viên SR: 50<br>　Thành viên UR: 500"
mst.lottery_caution.4110019._cautionText,"- Vui lòng xem tab ""Tỷ lệ xuất hiện"" để biết những thành viên có thể xuất hiện.<br>- Cùng một thành viên có thể xuất hiện nhiều hơn một lần trong Chiêu mộ Đảm bảo UR Kỷ niệm nửa năm: μ's.<br>- Tỷ lệ xuất hiện được làm tròn đến chữ số thập phân thứ năm.<br>Do đó, tổng tỷ lệ xuất hiện riêng lẻ có thể khác với tỷ lệ tổng được hiển thị.<br>- Do giới hạn hiển thị, tổng tỷ lệ xuất hiện có thể không cộng đủ 100%.<br>- Chiêu mộ Đảm bảo UR Kỷ niệm nửa năm: μ's quay số một lần cho mỗi lượt dựa trên tỷ lệ xuất hiện.<br>Ví dụ, một thành viên có tỷ lệ 1% không được đảm bảo sẽ xuất hiện dù chỉ một lần trong 100 lượt quay.<br>- Để biết chi tiết về tỷ lệ xuất hiện, vui lòng xem tab Tỷ lệ xuất hiện.<br>- Ngay cả khi ứng dụng bị đóng đột ngột hoặc mất kết nối khiến màn hình kết quả Chiêu mộ không hiển thị đúng sau khi thực hiện Chiêu mộ Đảm bảo UR Kỷ niệm nửa năm: μ's, lượt Chiêu mộ vẫn được xử lý chính xác. Vui lòng kiểm tra danh sách thành viên và số lượng Penlight của bạn.<br>- Các thành viên xuất hiện trong lượt Chiêu mộ này có thể xuất hiện lại trong tương lai.<br>- Lượt Chiêu mộ này có thể được mở lại trong tương lai.<br>- Thời gian diễn ra và nội dung có thể thay đổi mà không báo trước.<br>- Vé Chiêu mộ có thể được sử dụng qua ""Chiêu mộ bằng Vé"" ở góc dưới bên phải màn hình.<br>　Những vé không hiển thị trong ""Chiêu mộ bằng Vé"" không thể dùng cho lượt Chiêu mộ này.<br>- Khi một thành viên bạn đã chiêu mộ xuất hiện lại từ lần thứ hai trở đi, bạn sẽ nhận được Penlight tương ứng với độ hiếm của họ thay vì thành viên đó.<br>　Thành viên R: 20<br>　Thành viên SR: 50<br>　Thành viên R: 20<br>　Thành viên SR: 50<br>　Thành viên UR: 500"
mst.lottery_caution.4110020._cautionText,"- Vui lòng xem tab ""Tỷ lệ xuất hiện"" để biết những thành viên có thể xuất hiện.<br>- Cùng một thành viên có thể xuất hiện nhiều hơn một lần trong Chiêu mộ Đảm bảo UR Kỷ niệm nửa năm: Aqours.<br>- Tỷ lệ xuất hiện được làm tròn đến chữ số thập phân thứ năm.<br>Do đó, tổng tỷ lệ xuất hiện riêng lẻ có thể khác với tỷ lệ tổng được hiển thị.<br>- Do giới hạn hiển thị, tổng tỷ lệ xuất hiện có thể không cộng đủ 100%.<br>- Chiêu mộ Đảm bảo UR Kỷ niệm nửa năm: Aqours quay số một lần cho mỗi lượt dựa trên tỷ lệ xuất hiện.<br>Ví dụ, một thành viên có tỷ lệ 1% không được đảm bảo sẽ xuất hiện dù chỉ một lần trong 100 lượt quay.<br>- Để biết chi tiết về tỷ lệ xuất hiện, vui lòng xem tab Tỷ lệ xuất hiện.<br>- Ngay cả khi ứng dụng bị đóng đột ngột hoặc mất kết nối khiến màn hình kết quả Chiêu mộ không hiển thị đúng sau khi thực hiện Chiêu mộ Đảm bảo UR Kỷ niệm nửa năm: Aqours, lượt Chiêu mộ vẫn được xử lý chính xác. Vui lòng kiểm tra danh sách thành viên và số lượng Penlight của bạn.<br>- Các thành viên xuất hiện trong lượt Chiêu mộ này có thể xuất hiện lại trong tương lai.<br>- Lượt Chiêu mộ này có thể được mở lại trong tương lai.<br>- Thời gian diễn ra và nội dung có thể thay đổi mà không báo trước.<br>- Vé Chiêu mộ có thể được sử dụng qua ""Chiêu mộ bằng Vé"" ở góc dưới bên phải màn hình.<br>　Những vé không hiển thị trong ""Chiêu mộ bằng Vé"" không thể dùng cho lượt Chiêu mộ này.<br>- Khi một thành viên bạn đã chiêu mộ xuất hiện lại từ lần thứ hai trở đi, bạn sẽ nhận được Penlight tương ứng với độ hiếm của họ thay vì thành viên đó.<br>　Thành viên R: 20<br>　Thành viên SR: 50<br>　Thành viên R: 20<br>　Thành viên SR: 50<br>　Thành viên UR: 500"
mst.lottery_caution.4110021._cautionText,"- Vui lòng xem tab ""Tỷ lệ xuất hiện"" để biết những thành viên có thể xuất hiện.<br>- Cùng một thành viên có thể xuất hiện nhiều hơn một lần trong Chiêu mộ Đảm bảo UR Kỷ niệm nửa năm: Nijigasaki.<br>- Tỷ lệ xuất hiện được làm tròn đến chữ số thập phân thứ năm.<br>Do đó, tổng tỷ lệ xuất hiện riêng lẻ có thể khác với tỷ lệ tổng được hiển thị.<br>- Do giới hạn hiển thị, tổng tỷ lệ xuất hiện có thể không cộng đủ 100%.<br>- Chiêu mộ Đảm bảo UR Kỷ niệm nửa năm: Nijigasaki quay số một lần cho mỗi lượt dựa trên tỷ lệ xuất hiện.<br>Ví dụ, một thành viên có tỷ lệ 1% không được đảm bảo sẽ xuất hiện dù chỉ một lần trong 100 lượt quay.<br>- Để biết chi tiết về tỷ lệ xuất hiện, vui lòng xem tab Tỷ lệ xuất hiện.<br>- Ngay cả khi ứng dụng bị đóng đột ngột hoặc mất kết nối khiến màn hình kết quả Chiêu mộ không hiển thị đúng sau khi thực hiện Chiêu mộ Đảm bảo UR Kỷ niệm nửa năm: Nijigasaki, lượt Chiêu mộ vẫn được xử lý chính xác. Vui lòng kiểm tra danh sách thành viên và số lượng Penlight của bạn.<br>- Các thành viên xuất hiện trong lượt Chiêu mộ này có thể xuất hiện lại trong tương lai.<br>- Lượt Chiêu mộ này có thể được mở lại trong tương lai.<br>- Thời gian diễn ra và nội dung có thể thay đổi mà không báo trước.<br>- Vé Chiêu mộ có thể được sử dụng qua ""Chiêu mộ bằng Vé"" ở góc dưới bên phải màn hình.<br>　Những vé không hiển thị trong ""Chiêu mộ bằng Vé"" không thể dùng cho lượt Chiêu mộ này.<br>- Khi một thành viên bạn đã chiêu mộ xuất hiện lại từ lần thứ hai trở đi, bạn sẽ nhận được Penlight tương ứng với độ hiếm của họ thay vì thành viên đó.<br>　Thành viên R: 20<br>　Thành viên SR: 50<br>　Thành viên R: 20<br>　Thành viên SR: 50<br>　Thành viên UR: 500"
mst.lottery_caution.4110022._cautionText,"- Vui lòng xem tab ""Tỷ lệ xuất hiện"" để biết những thành viên có thể xuất hiện.<br>- Cùng một thành viên có thể xuất hiện nhiều hơn một lần trong Chiêu mộ Đảm bảo UR Kỷ niệm nửa năm: Liella!.<br>- Tỷ lệ xuất hiện được làm tròn đến chữ số thập phân thứ năm.<br>Do đó, tổng tỷ lệ xuất hiện riêng lẻ có thể khác với tỷ lệ tổng được hiển thị.<br>- Do giới hạn hiển thị, tổng tỷ lệ xuất hiện có thể không cộng đủ 100%.<br>- Chiêu mộ Đảm bảo UR Kỷ niệm nửa năm: Liella! quay số một lần cho mỗi lượt dựa trên tỷ lệ xuất hiện.<br>Ví dụ, một thành viên có tỷ lệ 1% không được đảm bảo sẽ xuất hiện dù chỉ một lần trong 100 lượt quay.<br>- Để biết chi tiết về tỷ lệ xuất hiện, vui lòng xem tab Tỷ lệ xuất hiện.<br>- Ngay cả khi ứng dụng bị đóng đột ngột hoặc mất kết nối khiến màn hình kết quả Chiêu mộ không hiển thị đúng sau khi thực hiện Chiêu mộ Đảm bảo UR Kỷ niệm nửa năm: Liella!, lượt Chiêu mộ vẫn được xử lý chính xác. Vui lòng kiểm tra danh sách thành viên và số lượng Penlight của bạn.<br>- Các thành viên xuất hiện trong lượt Chiêu mộ này có thể xuất hiện lại trong tương lai.<br>- Lượt Chiêu mộ này có thể được mở lại trong tương lai.<br>- Thời gian diễn ra và nội dung có thể thay đổi mà không báo trước.<br>- Vé Chiêu mộ có thể được sử dụng qua ""Chiêu mộ bằng Vé"" ở góc dưới bên phải màn hình.<br>　Những vé không hiển thị trong ""Chiêu mộ bằng Vé"" không thể dùng cho lượt Chiêu mộ này.<br>- Khi một thành viên bạn đã chiêu mộ xuất hiện lại từ lần thứ hai trở đi, bạn sẽ nhận được Penlight tương ứng với độ hiếm của họ thay vì thành viên đó.<br>　Thành viên R: 20<br>　Thành viên SR: 50<br>　Thành viên R: 20<br>　Thành viên SR: 50<br>　Thành viên UR: 500"
mst.lottery_caution.4110023._cautionText,"- Vui lòng xem tab ""Tỷ lệ xuất hiện"" để biết những thành viên có thể xuất hiện.<br>- Cùng một thành viên có thể xuất hiện nhiều hơn một lần trong Chiêu mộ Ra mắt chương ""Bài tình ca của tôi"".<br>- Tỷ lệ xuất hiện được làm tròn đến chữ số thập phân thứ năm.<br>Do đó, tổng tỷ lệ xuất hiện riêng lẻ có thể khác với tỷ lệ tổng được hiển thị.<br>- Do giới hạn hiển thị, tổng tỷ lệ xuất hiện có thể không cộng đủ 100%.<br>- Chiêu mộ Ra mắt chương ""Bài tình ca của tôi"" quay số một lần cho mỗi lượt dựa trên tỷ lệ xuất hiện.<br>Ví dụ, một thành viên có tỷ lệ 1% không được đảm bảo sẽ xuất hiện dù chỉ một lần trong 100 lượt quay.<br>- Để biết chi tiết về tỷ lệ xuất hiện, vui lòng xem tab Tỷ lệ xuất hiện.<br>- Ngay cả khi ứng dụng bị đóng đột ngột hoặc mất kết nối khiến màn hình kết quả Chiêu mộ không hiển thị đúng sau khi thực hiện Chiêu mộ Ra mắt chương ""Bài tình ca của tôi"", lượt Chiêu mộ vẫn được xử lý chính xác. Vui lòng kiểm tra danh sách thành viên và số lượng Penlight của bạn.<br>- Các thành viên xuất hiện trong lượt Chiêu mộ này có thể xuất hiện lại trong tương lai.<br>- Lượt Chiêu mộ này có thể được mở lại trong tương lai.<br>- Thời gian diễn ra và nội dung có thể thay đổi mà không báo trước.<br>- Vé Chiêu mộ có thể được sử dụng qua ""Chiêu mộ bằng Vé"" ở góc dưới bên phải màn hình.<br>　Những vé không hiển thị trong ""Chiêu mộ bằng Vé"" không thể dùng cho lượt Chiêu mộ này.<br>- Khi một thành viên bạn đã chiêu mộ xuất hiện lại từ lần thứ hai trở đi, bạn sẽ nhận được Penlight tương ứng với độ hiếm của họ thay vì thành viên đó.<br>　Thành viên R: 20<br>　Thành viên SR: 50<br>　Thành viên R: 20<br>　Thành viên SR: 50<br>　Thành viên UR: 500"
mst.lottery_caution.4110024._cautionText,"- Vui lòng xem tab ""Tỷ lệ xuất hiện"" để biết những thành viên có thể xuất hiện.<br>- Cùng một thành viên có thể xuất hiện nhiều hơn một lần trong Chiêu mộ Nổi bật: Chỉ μ's.<br>- Tỷ lệ xuất hiện được làm tròn đến chữ số thập phân thứ năm.<br>Do đó, tổng tỷ lệ xuất hiện riêng lẻ có thể khác với tỷ lệ tổng được hiển thị.<br>- Do giới hạn hiển thị, tổng tỷ lệ xuất hiện có thể không cộng đủ 100%.<br>- Chiêu mộ Nổi bật: Chỉ μ's quay số một lần cho mỗi lượt dựa trên tỷ lệ xuất hiện.<br>Ví dụ, một thành viên có tỷ lệ 1% không được đảm bảo sẽ xuất hiện dù chỉ một lần trong 100 lượt quay.<br>- Để biết chi tiết về tỷ lệ xuất hiện, vui lòng xem tab Tỷ lệ xuất hiện.<br>- Ngay cả khi ứng dụng bị đóng đột ngột hoặc mất kết nối khiến màn hình kết quả Chiêu mộ không hiển thị đúng sau khi thực hiện Chiêu mộ Nổi bật: Chỉ μ's, lượt Chiêu mộ vẫn được xử lý chính xác. Vui lòng kiểm tra danh sách thành viên và số lượng Penlight của bạn.<br>- Các thành viên xuất hiện trong lượt Chiêu mộ này có thể xuất hiện lại trong tương lai.<br>- Lượt Chiêu mộ này có thể được mở lại trong tương lai.<br>- Thời gian diễn ra và nội dung có thể thay đổi mà không báo trước.<br>- Vé Chiêu mộ có thể được sử dụng qua ""Chiêu mộ bằng Vé"" ở góc dưới bên phải màn hình.<br>　Những vé không hiển thị trong ""Chiêu mộ bằng Vé"" không thể dùng cho lượt Chiêu mộ này.<br>- Khi một thành viên bạn đã chiêu mộ xuất hiện lại từ lần thứ hai trở đi, bạn sẽ nhận được Penlight tương ứng với độ hiếm của họ thay vì thành viên đó.<br>　Thành viên R: 20<br>　Thành viên SR: 50<br>　Thành viên R: 20<br>　Thành viên SR: 50<br>　Thành viên UR: 500"
mst.lottery_caution.4110025._cautionText,"- Vui lòng xem tab ""Tỷ lệ xuất hiện"" để biết những thành viên có thể xuất hiện.<br>- Cùng một thành viên có thể xuất hiện nhiều hơn một lần trong Chiêu mộ Nổi bật: Chỉ Aqours.<br>- Tỷ lệ xuất hiện được làm tròn đến chữ số thập phân thứ năm.<br>Do đó, tổng tỷ lệ xuất hiện riêng lẻ có thể khác với tỷ lệ tổng được hiển thị.<br>- Do giới hạn hiển thị, tổng tỷ lệ xuất hiện có thể không cộng đủ 100%.<br>- Chiêu mộ Nổi bật: Chỉ Aqours quay số một lần cho mỗi lượt dựa trên tỷ lệ xuất hiện.<br>Ví dụ, một thành viên có tỷ lệ 1% không được đảm bảo sẽ xuất hiện dù chỉ một lần trong 100 lượt quay.<br>- Để biết chi tiết về tỷ lệ xuất hiện, vui lòng xem tab Tỷ lệ xuất hiện.<br>- Ngay cả khi ứng dụng bị đóng đột ngột hoặc mất kết nối khiến màn hình kết quả Chiêu mộ không hiển thị đúng sau khi thực hiện Chiêu mộ Nổi bật: Chỉ Aqours, lượt Chiêu mộ vẫn được xử lý chính xác. Vui lòng kiểm tra danh sách thành viên và số lượng Penlight của bạn.<br>- Các thành viên xuất hiện trong lượt Chiêu mộ này có thể xuất hiện lại trong tương lai.<br>- Lượt Chiêu mộ này có thể được mở lại trong tương lai.<br>- Thời gian diễn ra và nội dung có thể thay đổi mà không báo trước.<br>- Vé Chiêu mộ có thể được sử dụng qua ""Chiêu mộ bằng Vé"" ở góc dưới bên phải màn hình.<br>　Những vé không hiển thị trong ""Chiêu mộ bằng Vé"" không thể dùng cho lượt Chiêu mộ này.<br>- Khi một thành viên bạn đã chiêu mộ xuất hiện lại từ lần thứ hai trở đi, bạn sẽ nhận được Penlight tương ứng với độ hiếm của họ thay vì thành viên đó.<br>　Thành viên R: 20<br>　Thành viên SR: 50<br>　Thành viên R: 20<br>　Thành viên SR: 50<br>　Thành viên UR: 500"
mst.lottery_caution.4110026._cautionText,"- Vui lòng xem tab ""Tỷ lệ xuất hiện"" để biết những thành viên có thể xuất hiện.<br>- Cùng một thành viên có thể xuất hiện nhiều hơn một lần trong Chiêu mộ Đảm bảo UR Kỷ niệm nửa năm: Afterparty.<br>- Tỷ lệ xuất hiện được làm tròn đến chữ số thập phân thứ năm.<br>Do đó, tổng tỷ lệ xuất hiện riêng lẻ có thể khác với tỷ lệ tổng được hiển thị.<br>- Do giới hạn hiển thị, tổng tỷ lệ xuất hiện có thể không cộng đủ 100%.<br>- Chiêu mộ Đảm bảo UR Kỷ niệm nửa năm: Afterparty quay số một lần cho mỗi lượt dựa trên tỷ lệ xuất hiện.<br>Ví dụ, một thành viên có tỷ lệ 1% không được đảm bảo sẽ xuất hiện dù chỉ một lần trong 100 lượt quay.<br>- Để biết chi tiết về tỷ lệ xuất hiện, vui lòng xem tab Tỷ lệ xuất hiện.<br>- Ngay cả khi ứng dụng bị đóng đột ngột hoặc mất kết nối khiến màn hình kết quả Chiêu mộ không hiển thị đúng sau khi thực hiện Chiêu mộ Đảm bảo UR Kỷ niệm nửa năm: Afterparty, lượt Chiêu mộ vẫn được xử lý chính xác. Vui lòng kiểm tra danh sách thành viên và số lượng Penlight của bạn.<br>- Các thành viên xuất hiện trong lượt Chiêu mộ này có thể xuất hiện lại trong tương lai.<br>- Lượt Chiêu mộ này có thể được mở lại trong tương lai.<br>- Thời gian diễn ra và nội dung có thể thay đổi mà không báo trước.<br>- Vé Chiêu mộ có thể được sử dụng qua ""Chiêu mộ bằng Vé"" ở góc dưới bên phải màn hình.<br>　Những vé không hiển thị trong ""Chiêu mộ bằng Vé"" không thể dùng cho lượt Chiêu mộ này.<br>- Khi một thành viên bạn đã chiêu mộ xuất hiện lại từ lần thứ hai trở đi, bạn sẽ nhận được Penlight tương ứng với độ hiếm của họ thay vì thành viên đó.<br>　Thành viên R: 20<br>　Thành viên SR: 50<br>　Thành viên R: 20<br>　Thành viên SR: 50<br>　Thành viên UR: 500"
mst.lottery_caution.4110027._cautionText,"- Vui lòng xem tab ""Tỷ lệ xuất hiện"" để biết những thành viên có thể xuất hiện.<br>- Cùng một thành viên có thể xuất hiện nhiều hơn một lần trong Chiêu mộ Ra mắt Yohane the Parhelion -The Story of the Sound of Heart-.<br>- Tỷ lệ xuất hiện được làm tròn đến chữ số thập phân thứ năm.<br>Do đó, tổng tỷ lệ xuất hiện riêng lẻ có thể khác với tỷ lệ tổng được hiển thị.<br>- Do giới hạn hiển thị, tổng tỷ lệ xuất hiện có thể không cộng đủ 100%.<br>- Chiêu mộ Ra mắt Yohane the Parhelion -The Story of the Sound of Heart- quay số một lần cho mỗi lượt dựa trên tỷ lệ xuất hiện.<br>Ví dụ, một thành viên có tỷ lệ 1% không được đảm bảo sẽ xuất hiện dù chỉ một lần trong 100 lượt quay.<br>- Để biết chi tiết về tỷ lệ xuất hiện, vui lòng xem tab Tỷ lệ xuất hiện.<br>- Ngay cả khi ứng dụng bị đóng đột ngột hoặc mất kết nối khiến màn hình kết quả Chiêu mộ không hiển thị đúng sau khi thực hiện Chiêu mộ Ra mắt Yohane the Parhelion -The Story of the Sound of Heart-, lượt Chiêu mộ vẫn được xử lý chính xác. Vui lòng kiểm tra danh sách thành viên và số lượng Penlight của bạn.<br>- Các thành viên xuất hiện trong lượt Chiêu mộ này có thể xuất hiện lại trong tương lai.<br>- Lượt Chiêu mộ này có thể được mở lại trong tương lai.<br>- Thời gian diễn ra và nội dung có thể thay đổi mà không báo trước.<br>- Vé Chiêu mộ có thể được sử dụng qua ""Chiêu mộ bằng Vé"" ở góc dưới bên phải màn hình.<br>　Những vé không hiển thị trong ""Chiêu mộ bằng Vé"" không thể dùng cho lượt Chiêu mộ này.<br>- Khi một thành viên bạn đã chiêu mộ xuất hiện lại từ lần thứ hai trở đi, bạn sẽ nhận được Penlight tương ứng với độ hiếm của họ thay vì thành viên đó.<br>　Thành viên R: 20<br>　Thành viên SR: 50<br>　Thành viên R: 20<br>　Thành viên SR: 50<br>　Thành viên UR: 500"
mst.lottery_caution.4110028._cautionText,"- Vui lòng xem tab ""Tỷ lệ xuất hiện"" để biết những thành viên có thể xuất hiện.<br>- Cùng một thành viên có thể xuất hiện nhiều hơn một lần trong Chiêu mộ Nổi bật: Chỉ Năm nhất.<br>- Tỷ lệ xuất hiện được làm tròn đến chữ số thập phân thứ năm.<br>Do đó, tổng tỷ lệ xuất hiện riêng lẻ có thể khác với tỷ lệ tổng được hiển thị.<br>- Do giới hạn hiển thị, tổng tỷ lệ xuất hiện có thể không cộng đủ 100%.<br>- Chiêu mộ Nổi bật: Chỉ Năm nhất quay số một lần cho mỗi lượt dựa trên tỷ lệ xuất hiện.<br>Ví dụ, một thành viên có tỷ lệ 1% không được đảm bảo sẽ xuất hiện dù chỉ một lần trong 100 lượt quay.<br>- Để biết chi tiết về tỷ lệ xuất hiện, vui lòng xem tab Tỷ lệ xuất hiện.<br>- Ngay cả khi ứng dụng bị đóng đột ngột hoặc mất kết nối khiến màn hình kết quả Chiêu mộ không hiển thị đúng sau khi thực hiện Chiêu mộ Nổi bật: Chỉ Năm nhất, lượt Chiêu mộ vẫn được xử lý chính xác. Vui lòng kiểm tra danh sách thành viên và số lượng Penlight của bạn.<br>- Các thành viên xuất hiện trong lượt Chiêu mộ này có thể xuất hiện lại trong tương lai.<br>- Lượt Chiêu mộ này có thể được mở lại trong tương lai.<br>- Thời gian diễn ra và nội dung có thể thay đổi mà không báo trước.<br>- Vé Chiêu mộ có thể được sử dụng qua ""Chiêu mộ bằng Vé"" ở góc dưới bên phải màn hình.<br>　Những vé không hiển thị trong ""Chiêu mộ bằng Vé"" không thể dùng cho lượt Chiêu mộ này.<br>- Khi một thành viên bạn đã chiêu mộ xuất hiện lại từ lần thứ hai trở đi, bạn sẽ nhận được Penlight tương ứng với độ hiếm của họ thay vì thành viên đó.<br>　Thành viên R: 20<br>　Thành viên SR: 50<br>　Thành viên R: 20<br>　Thành viên SR: 50<br>　Thành viên UR: 500"
mst.lottery_caution.4110029._cautionText,"- Vui lòng xem tab ""Tỷ lệ xuất hiện"" để biết những thành viên có thể xuất hiện.<br>- Cùng một thành viên có thể xuất hiện nhiều hơn một lần trong Chiêu mộ Nổi bật: Chỉ Năm hai.<br>- Tỷ lệ xuất hiện được làm tròn đến chữ số thập phân thứ năm.<br>Do đó, tổng tỷ lệ xuất hiện riêng lẻ có thể khác với tỷ lệ tổng được hiển thị.<br>- Do giới hạn hiển thị, tổng tỷ lệ xuất hiện có thể không cộng đủ 100%.<br>- Chiêu mộ Nổi bật: Chỉ Năm hai quay số một lần cho mỗi lượt dựa trên tỷ lệ xuất hiện.<br>Ví dụ, một thành viên có tỷ lệ 1% không được đảm bảo sẽ xuất hiện dù chỉ một lần trong 100 lượt quay.<br>- Để biết chi tiết về tỷ lệ xuất hiện, vui lòng xem tab Tỷ lệ xuất hiện.<br>- Ngay cả khi ứng dụng bị đóng đột ngột hoặc mất kết nối khiến màn hình kết quả Chiêu mộ không hiển thị đúng sau khi thực hiện Chiêu mộ Nổi bật: Chỉ Năm hai, lượt Chiêu mộ vẫn được xử lý chính xác. Vui lòng kiểm tra danh sách thành viên và số lượng Penlight của bạn.<br>- Các thành viên xuất hiện trong lượt Chiêu mộ này có thể xuất hiện lại trong tương lai.<br>- Lượt Chiêu mộ này có thể được mở lại trong tương lai.<br>- Thời gian diễn ra và nội dung có thể thay đổi mà không báo trước.<br>- Vé Chiêu mộ có thể được sử dụng qua ""Chiêu mộ bằng Vé"" ở góc dưới bên phải màn hình.<br>　Những vé không hiển thị trong ""Chiêu mộ bằng Vé"" không thể dùng cho lượt Chiêu mộ này.<br>- Khi một thành viên bạn đã chiêu mộ xuất hiện lại từ lần thứ hai trở đi, bạn sẽ nhận được Penlight tương ứng với độ hiếm của họ thay vì thành viên đó.<br>　Thành viên R: 20<br>　Thành viên SR: 50<br>　Thành viên R: 20<br>　Thành viên SR: 50<br>　Thành viên UR: 500"
mst.lottery_caution.4110030._cautionText,"- Vui lòng xem tab ""Tỷ lệ xuất hiện"" để biết những thành viên có thể xuất hiện.<br>- Cùng một thành viên có thể xuất hiện nhiều hơn một lần trong Chiêu mộ Nổi bật: Chỉ Năm ba.<br>- Tỷ lệ xuất hiện được làm tròn đến chữ số thập phân thứ năm.<br>Do đó, tổng tỷ lệ xuất hiện riêng lẻ có thể khác với tỷ lệ tổng được hiển thị.<br>- Do giới hạn hiển thị, tổng tỷ lệ xuất hiện có thể không cộng đủ 100%.<br>- Chiêu mộ Nổi bật: Chỉ Năm ba quay số một lần cho mỗi lượt dựa trên tỷ lệ xuất hiện.<br>Ví dụ, một thành viên có tỷ lệ 1% không được đảm bảo sẽ xuất hiện dù chỉ một lần trong 100 lượt quay.<br>- Để biết chi tiết về tỷ lệ xuất hiện, vui lòng xem tab Tỷ lệ xuất hiện.<br>- Ngay cả khi ứng dụng bị đóng đột ngột hoặc mất kết nối khiến màn hình kết quả Chiêu mộ không hiển thị đúng sau khi thực hiện Chiêu mộ Nổi bật: Chỉ Năm ba, lượt Chiêu mộ vẫn được xử lý chính xác. Vui lòng kiểm tra danh sách thành viên và số lượng Penlight của bạn.<br>- Các thành viên xuất hiện trong lượt Chiêu mộ này có thể xuất hiện lại trong tương lai.<br>- Lượt Chiêu mộ này có thể được mở lại trong tương lai.<br>- Thời gian diễn ra và nội dung có thể thay đổi mà không báo trước.<br>- Vé Chiêu mộ có thể được sử dụng qua ""Chiêu mộ bằng Vé"" ở góc dưới bên phải màn hình.<br>　Những vé không hiển thị trong ""Chiêu mộ bằng Vé"" không thể dùng cho lượt Chiêu mộ này.<br>- Khi một thành viên bạn đã chiêu mộ xuất hiện lại từ lần thứ hai trở đi, bạn sẽ nhận được Penlight tương ứng với độ hiếm của họ thay vì thành viên đó.<br>　Thành viên R: 20<br>　Thành viên SR: 50<br>　Thành viên R: 20<br>　Thành viên SR: 50<br>　Thành viên UR: 500"
mst.lottery_caution.4110031._cautionText,"- Vui lòng xem tab ""Tỷ lệ xuất hiện"" để biết những thành viên có thể xuất hiện.<br>- Cùng một thành viên có thể xuất hiện nhiều hơn một lần trong Chiêu mộ Kỷ niệm IJIGEN FESTIVAL THE IDOLM@STER LOVE LIVE! Song Battle: Aqours.<br>- Tỷ lệ xuất hiện được làm tròn đến chữ số thập phân thứ năm.<br>Do đó, tổng tỷ lệ xuất hiện riêng lẻ có thể khác với tỷ lệ tổng được hiển thị.<br>- Do giới hạn hiển thị, tổng tỷ lệ xuất hiện có thể không cộng đủ 100%.<br>- Chiêu mộ Kỷ niệm IJIGEN FESTIVAL THE IDOLM@STER LOVE LIVE! Song Battle: Aqours quay số một lần cho mỗi lượt dựa trên tỷ lệ xuất hiện.<br>Ví dụ, một thành viên có tỷ lệ 1% không được đảm bảo sẽ xuất hiện dù chỉ một lần trong 100 lượt quay.<br>- Để biết chi tiết về tỷ lệ xuất hiện, vui lòng xem tab Tỷ lệ xuất hiện.<br>- Ngay cả khi ứng dụng bị đóng đột ngột hoặc mất kết nối khiến màn hình kết quả Chiêu mộ không hiển thị đúng sau khi thực hiện Chiêu mộ Kỷ niệm IJIGEN FESTIVAL THE IDOLM@STER LOVE LIVE! Song Battle: Aqours, lượt Chiêu mộ vẫn được xử lý chính xác. Vui lòng kiểm tra danh sách thành viên và số lượng Penlight của bạn.<br>- Các thành viên xuất hiện trong lượt Chiêu mộ này có thể xuất hiện lại trong tương lai.<br>- Lượt Chiêu mộ này có thể được mở lại trong tương lai.<br>- Thời gian diễn ra và nội dung có thể thay đổi mà không báo trước.<br>- Vé Chiêu mộ có thể được sử dụng qua ""Chiêu mộ bằng Vé"" ở góc dưới bên phải màn hình.<br>　Những vé không hiển thị trong ""Chiêu mộ bằng Vé"" không thể dùng cho lượt Chiêu mộ này.<br>- Khi một thành viên bạn đã chiêu mộ xuất hiện lại từ lần thứ hai trở đi, bạn sẽ nhận được Penlight tương ứng với độ hiếm của họ thay vì thành viên đó.<br>　Thành viên R: 20<br>　Thành viên SR: 50<br>　Thành viên R: 20<br>　Thành viên SR: 50<br>　Thành viên UR: 500"
mst.lottery_caution.4110032._cautionText,"- Vui lòng xem tab ""Tỷ lệ xuất hiện"" để biết những thành viên có thể xuất hiện.<br>- Cùng một thành viên có thể xuất hiện nhiều hơn một lần trong Chiêu mộ Kỷ niệm IJIGEN FESTIVAL THE IDOLM@STER LOVE LIVE! Song Battle: Nijigasaki.<br>- Tỷ lệ xuất hiện được làm tròn đến chữ số thập phân thứ năm.<br>Do đó, tổng tỷ lệ xuất hiện riêng lẻ có thể khác với tỷ lệ tổng được hiển thị.<br>- Do giới hạn hiển thị, tổng tỷ lệ xuất hiện có thể không cộng đủ 100%.<br>- Chiêu mộ Kỷ niệm IJIGEN FESTIVAL THE IDOLM@STER LOVE LIVE! Song Battle: Nijigasaki quay số một lần cho mỗi lượt dựa trên tỷ lệ xuất hiện.<br>Ví dụ, một thành viên có tỷ lệ 1% không được đảm bảo sẽ xuất hiện dù chỉ một lần trong 100 lượt quay.<br>- Để biết chi tiết về tỷ lệ xuất hiện, vui lòng xem tab Tỷ lệ xuất hiện.<br>- Ngay cả khi ứng dụng bị đóng đột ngột hoặc mất kết nối khiến màn hình kết quả Chiêu mộ không hiển thị đúng sau khi thực hiện Chiêu mộ Kỷ niệm IJIGEN FESTIVAL THE IDOLM@STER LOVE LIVE! Song Battle: Nijigasaki, lượt Chiêu mộ vẫn được xử lý chính xác. Vui lòng kiểm tra danh sách thành viên và số lượng Penlight của bạn.<br>- Các thành viên xuất hiện trong lượt Chiêu mộ này có thể xuất hiện lại trong tương lai.<br>- Lượt Chiêu mộ này có thể được mở lại trong tương lai.<br>- Thời gian diễn ra và nội dung có thể thay đổi mà không báo trước.<br>- Vé Chiêu mộ có thể được sử dụng qua ""Chiêu mộ bằng Vé"" ở góc dưới bên phải màn hình.<br>　Những vé không hiển thị trong ""Chiêu mộ bằng Vé"" không thể dùng cho lượt Chiêu mộ này.<br>- Khi một thành viên bạn đã chiêu mộ xuất hiện lại từ lần thứ hai trở đi, bạn sẽ nhận được Penlight tương ứng với độ hiếm của họ thay vì thành viên đó.<br>　Thành viên R: 20<br>　Thành viên SR: 50<br>　Thành viên R: 20<br>　Thành viên SR: 50<br>　Thành viên UR: 500"
mst.lottery_caution.4110033._cautionText,"- Vui lòng xem tab ""Tỷ lệ xuất hiện"" để biết những thành viên có thể xuất hiện.<br>- Cùng một thành viên có thể xuất hiện nhiều hơn một lần trong Chiêu mộ Kỷ niệm IJIGEN FESTIVAL THE IDOLM@STER LOVE LIVE! Song Battle: Liella!.<br>- Tỷ lệ xuất hiện được làm tròn đến chữ số thập phân thứ năm.<br>Do đó, tổng tỷ lệ xuất hiện riêng lẻ có thể khác với tỷ lệ tổng được hiển thị.<br>- Do giới hạn hiển thị, tổng tỷ lệ xuất hiện có thể không cộng đủ 100%.<br>- Chiêu mộ Kỷ niệm IJIGEN FESTIVAL THE IDOLM@STER LOVE LIVE! Song Battle: Liella! quay số một lần cho mỗi lượt dựa trên tỷ lệ xuất hiện.<br>Ví dụ, một thành viên có tỷ lệ 1% không được đảm bảo sẽ xuất hiện dù chỉ một lần trong 100 lượt quay.<br>- Để biết chi tiết về tỷ lệ xuất hiện, vui lòng xem tab Tỷ lệ xuất hiện.<br>- Ngay cả khi ứng dụng bị đóng đột ngột hoặc mất kết nối khiến màn hình kết quả Chiêu mộ không hiển thị đúng sau khi thực hiện Chiêu mộ Kỷ niệm IJIGEN FESTIVAL THE IDOLM@STER LOVE LIVE! Song Battle: Liella!, lượt Chiêu mộ vẫn được xử lý chính xác. Vui lòng kiểm tra danh sách thành viên và số lượng Penlight của bạn.<br>- Các thành viên xuất hiện trong lượt Chiêu mộ này có thể xuất hiện lại trong tương lai.<br>- Lượt Chiêu mộ này có thể được mở lại trong tương lai.<br>- Thời gian diễn ra và nội dung có thể thay đổi mà không báo trước.<br>- Vé Chiêu mộ có thể được sử dụng qua ""Chiêu mộ bằng Vé"" ở góc dưới bên phải màn hình.<br>　Những vé không hiển thị trong ""Chiêu mộ bằng Vé"" không thể dùng cho lượt Chiêu mộ này.<br>- Khi một thành viên bạn đã chiêu mộ xuất hiện lại từ lần thứ hai trở đi, bạn sẽ nhận được Penlight tương ứng với độ hiếm của họ thay vì thành viên đó.<br>　Thành viên R: 20<br>　Thành viên SR: 50<br>　Thành viên R: 20<br>　Thành viên SR: 50<br>　Thành viên UR: 500"
mst.lottery_caution.4110034._cautionText,"- Vui lòng xem tab ""Tỷ lệ xuất hiện"" để biết những thành viên có thể xuất hiện.<br>- Cùng một thành viên có thể xuất hiện nhiều hơn một lần trong Chiêu mộ Năm mới - Tối đa 240 lượt miễn phí!.<br>- Tỷ lệ xuất hiện được làm tròn đến chữ số thập phân thứ năm.<br>Do đó, tổng tỷ lệ xuất hiện riêng lẻ có thể khác với tỷ lệ tổng được hiển thị.<br>- Do giới hạn hiển thị, tổng tỷ lệ xuất hiện có thể không cộng đủ 100%.<br>- Chiêu mộ Năm mới - Tối đa 240 lượt miễn phí! quay số một lần cho mỗi lượt dựa trên tỷ lệ xuất hiện.<br>Ví dụ, một thành viên có tỷ lệ 1% không được đảm bảo sẽ xuất hiện dù chỉ một lần trong 100 lượt quay.<br>- Để biết chi tiết về tỷ lệ xuất hiện, vui lòng xem tab Tỷ lệ xuất hiện.<br>- Ngay cả khi ứng dụng bị đóng đột ngột hoặc mất kết nối khiến màn hình kết quả Chiêu mộ không hiển thị đúng sau khi thực hiện Chiêu mộ Năm mới - Tối đa 240 lượt miễn phí!, lượt Chiêu mộ vẫn được xử lý chính xác. Vui lòng kiểm tra danh sách thành viên và số lượng Penlight của bạn.<br>- Các thành viên xuất hiện trong lượt Chiêu mộ này có thể xuất hiện lại trong tương lai.<br>- Lượt Chiêu mộ này có thể được mở lại trong tương lai.<br>- Thời gian diễn ra và nội dung có thể thay đổi mà không báo trước.<br>- Vé Chiêu mộ có thể được sử dụng qua ""Chiêu mộ bằng Vé"" ở góc dưới bên phải màn hình.<br>　Những vé không hiển thị trong ""Chiêu mộ bằng Vé"" không thể dùng cho lượt Chiêu mộ này.<br>- Khi một thành viên bạn đã chiêu mộ xuất hiện lại từ lần thứ hai trở đi, bạn sẽ nhận được Penlight tương ứng với độ hiếm của họ thay vì thành viên đó.<br>　Thành viên R: 20<br>　Thành viên SR: 50<br>　Thành viên R: 20<br>　Thành viên SR: 50<br>　Thành viên UR: 500"
mst.lottery_caution.4110035._cautionText,"- Vui lòng xem tab ""Tỷ lệ xuất hiện"" để biết những thành viên có thể xuất hiện.<br>- Cùng một thành viên có thể xuất hiện nhiều hơn một lần trong Chiêu mộ Năm mới Đảm bảo UR!.<br>- Tỷ lệ xuất hiện được làm tròn đến chữ số thập phân thứ năm.<br>Do đó, tổng tỷ lệ xuất hiện riêng lẻ có thể khác với tỷ lệ tổng được hiển thị.<br>- Do giới hạn hiển thị, tổng tỷ lệ xuất hiện có thể không cộng đủ 100%.<br>- Chiêu mộ Năm mới Đảm bảo UR! quay số một lần cho mỗi lượt dựa trên tỷ lệ xuất hiện.<br>Ví dụ, một thành viên có tỷ lệ 1% không được đảm bảo sẽ xuất hiện dù chỉ một lần trong 100 lượt quay.<br>- Để biết chi tiết về tỷ lệ xuất hiện, vui lòng xem tab Tỷ lệ xuất hiện.<br>- Ngay cả khi ứng dụng bị đóng đột ngột hoặc mất kết nối khiến màn hình kết quả Chiêu mộ không hiển thị đúng sau khi thực hiện Chiêu mộ Năm mới Đảm bảo UR!, lượt Chiêu mộ vẫn được xử lý chính xác. Vui lòng kiểm tra danh sách thành viên và số lượng Penlight của bạn.<br>- Các thành viên xuất hiện trong lượt Chiêu mộ này có thể xuất hiện lại trong tương lai.<br>- Lượt Chiêu mộ này có thể được mở lại trong tương lai.<br>- Thời gian diễn ra và nội dung có thể thay đổi mà không báo trước.<br>- Vé Chiêu mộ có thể được sử dụng qua ""Chiêu mộ bằng Vé"" ở góc dưới bên phải màn hình.<br>　Những vé không hiển thị trong ""Chiêu mộ bằng Vé"" không thể dùng cho lượt Chiêu mộ này.<br>- Khi một thành viên bạn đã chiêu mộ xuất hiện lại từ lần thứ hai trở đi, bạn sẽ nhận được Penlight tương ứng với độ hiếm của họ thay vì thành viên đó.<br>　Thành viên R: 20<br>　Thành viên SR: 50<br>　Thành viên R: 20<br>　Thành viên SR: 50<br>　Thành viên UR: 500"
mst.lottery_caution.4110036._cautionText,"- Vui lòng xem tab ""Tỷ lệ xuất hiện"" để biết những thành viên có thể xuất hiện.<br>- Cùng một thành viên có thể xuất hiện nhiều hơn một lần trong Chiêu mộ Giấc mơ đầu năm.<br>- Tỷ lệ xuất hiện được làm tròn đến chữ số thập phân thứ năm.<br>Do đó, tổng tỷ lệ xuất hiện riêng lẻ có thể khác với tỷ lệ tổng được hiển thị.<br>- Do giới hạn hiển thị, tổng tỷ lệ xuất hiện có thể không cộng đủ 100%.<br>- Chiêu mộ Giấc mơ đầu năm quay số một lần cho mỗi lượt dựa trên tỷ lệ xuất hiện.<br>Ví dụ, một thành viên có tỷ lệ 1% không được đảm bảo sẽ xuất hiện dù chỉ một lần trong 100 lượt quay.<br>- Để biết chi tiết về tỷ lệ xuất hiện, vui lòng xem tab Tỷ lệ xuất hiện.<br>- Ngay cả khi ứng dụng bị đóng đột ngột hoặc mất kết nối khiến màn hình kết quả Chiêu mộ không hiển thị đúng sau khi thực hiện Chiêu mộ Giấc mơ đầu năm, lượt Chiêu mộ vẫn được xử lý chính xác. Vui lòng kiểm tra danh sách thành viên và số lượng Penlight của bạn.<br>- Các thành viên xuất hiện trong lượt Chiêu mộ này có thể xuất hiện lại trong tương lai.<br>- Lượt Chiêu mộ này có thể được mở lại trong tương lai.<br>- Thời gian diễn ra và nội dung có thể thay đổi mà không báo trước.<br>- Vé Chiêu mộ có thể được sử dụng qua ""Chiêu mộ bằng Vé"" ở góc dưới bên phải màn hình.<br>　Những vé không hiển thị trong ""Chiêu mộ bằng Vé"" không thể dùng cho lượt Chiêu mộ này.<br>- Khi một thành viên bạn đã chiêu mộ xuất hiện lại từ lần thứ hai trở đi, bạn sẽ nhận được Penlight tương ứng với độ hiếm của họ thay vì thành viên đó.<br>　Thành viên R: 20<br>　Thành viên SR: 50<br>　Thành viên R: 20<br>　Thành viên SR: 50<br>　Thành viên UR: 500"
mst.lottery_caution.4110037._cautionText,"- Vui lòng xem tab ""Tỷ lệ xuất hiện"" để biết những thành viên có thể xuất hiện.<br>- Cùng một thành viên có thể xuất hiện nhiều hơn một lần trong Chiêu mộ Giấc mơ đầu năm Đảm bảo UR!.<br>- Tỷ lệ xuất hiện được làm tròn đến chữ số thập phân thứ năm.<br>Do đó, tổng tỷ lệ xuất hiện riêng lẻ có thể khác với tỷ lệ tổng được hiển thị.<br>- Do giới hạn hiển thị, tổng tỷ lệ xuất hiện có thể không cộng đủ 100%.<br>- Chiêu mộ Giấc mơ đầu năm Đảm bảo UR! quay số một lần cho mỗi lượt dựa trên tỷ lệ xuất hiện.<br>Ví dụ, một thành viên có tỷ lệ 1% không được đảm bảo sẽ xuất hiện dù chỉ một lần trong 100 lượt quay.<br>- Để biết chi tiết về tỷ lệ xuất hiện, vui lòng xem tab Tỷ lệ xuất hiện.<br>- Ngay cả khi ứng dụng bị đóng đột ngột hoặc mất kết nối khiến màn hình kết quả Chiêu mộ không hiển thị đúng sau khi thực hiện Chiêu mộ Giấc mơ đầu năm Đảm bảo UR!, lượt Chiêu mộ vẫn được xử lý chính xác. Vui lòng kiểm tra danh sách thành viên và số lượng Penlight của bạn.<br>- Các thành viên xuất hiện trong lượt Chiêu mộ này có thể xuất hiện lại trong tương lai.<br>- Lượt Chiêu mộ này có thể được mở lại trong tương lai.<br>- Thời gian diễn ra và nội dung có thể thay đổi mà không báo trước.<br>- Vé Chiêu mộ có thể được sử dụng qua ""Chiêu mộ bằng Vé"" ở góc dưới bên phải màn hình.<br>　Những vé không hiển thị trong ""Chiêu mộ bằng Vé"" không thể dùng cho lượt Chiêu mộ này.<br>- Khi một thành viên bạn đã chiêu mộ xuất hiện lại từ lần thứ hai trở đi, bạn sẽ nhận được Penlight tương ứng với độ hiếm của họ thay vì thành viên đó.<br>　Thành viên R: 20<br>　Thành viên SR: 50<br>　Thành viên R: 20<br>　Thành viên SR: 50<br>　Thành viên UR: 500"
mst.lottery_caution.4110038._cautionText,"- Vui lòng xem tab ""Tỷ lệ xuất hiện"" để biết những thành viên có thể xuất hiện.<br>- Cùng một thành viên có thể xuất hiện nhiều hơn một lần trong Chiêu mộ Lễ hội Tình ca.<br>- Tỷ lệ xuất hiện được làm tròn đến chữ số thập phân thứ năm.<br>Do đó, tổng tỷ lệ xuất hiện riêng lẻ có thể khác với tỷ lệ tổng được hiển thị.<br>- Do giới hạn hiển thị, tổng tỷ lệ xuất hiện có thể không cộng đủ 100%.<br>- Chiêu mộ Lễ hội Tình ca quay số một lần cho mỗi lượt dựa trên tỷ lệ xuất hiện.<br>Ví dụ, một thành viên có tỷ lệ 1% không được đảm bảo sẽ xuất hiện dù chỉ một lần trong 100 lượt quay.<br>- Để biết chi tiết về tỷ lệ xuất hiện, vui lòng xem tab Tỷ lệ xuất hiện.<br>- Ngay cả khi ứng dụng bị đóng đột ngột hoặc mất kết nối khiến màn hình kết quả Chiêu mộ không hiển thị đúng sau khi thực hiện Chiêu mộ Lễ hội Tình ca, lượt Chiêu mộ vẫn được xử lý chính xác. Vui lòng kiểm tra danh sách thành viên và số lượng Penlight của bạn.<br>- Các thành viên xuất hiện trong lượt Chiêu mộ này có thể xuất hiện lại trong tương lai.<br>- Lượt Chiêu mộ này có thể được mở lại trong tương lai.<br>- Thời gian diễn ra và nội dung có thể thay đổi mà không báo trước.<br>- Vé Chiêu mộ có thể được sử dụng qua ""Chiêu mộ bằng Vé"" ở góc dưới bên phải màn hình.<br>　Những vé không hiển thị trong ""Chiêu mộ bằng Vé"" không thể dùng cho lượt Chiêu mộ này.<br>- Khi một thành viên bạn đã chiêu mộ xuất hiện lại từ lần thứ hai trở đi, bạn sẽ nhận được Penlight tương ứng với độ hiếm của họ thay vì thành viên đó.<br>　Thành viên R: 20<br>　Thành viên SR: 50<br>　Thành viên R: 20<br>　Thành viên SR: 50<br>　Thành viên UR: 500"
mst.lottery_caution.4110039._cautionText,"- Vui lòng xem tab ""Tỷ lệ xuất hiện"" để biết những thành viên có thể xuất hiện.<br>- Cùng một thành viên có thể xuất hiện nhiều hơn một lần trong Chiêu mộ Tri ân SIF2: μ's.<br>- Tỷ lệ xuất hiện được làm tròn đến chữ số thập phân thứ năm.<br>Do đó, tổng tỷ lệ xuất hiện riêng lẻ có thể khác với tỷ lệ tổng được hiển thị.<br>- Do giới hạn hiển thị, tổng tỷ lệ xuất hiện có thể không cộng đủ 100%.<br>- Chiêu mộ Tri ân SIF2: μ's quay số một lần cho mỗi lượt dựa trên tỷ lệ xuất hiện.<br>Ví dụ, một thành viên có tỷ lệ 1% không được đảm bảo sẽ xuất hiện dù chỉ một lần trong 100 lượt quay.<br>- Để biết chi tiết về tỷ lệ xuất hiện, vui lòng xem tab Tỷ lệ xuất hiện.<br>- Ngay cả khi ứng dụng bị đóng đột ngột hoặc mất kết nối khiến màn hình kết quả Chiêu mộ không hiển thị đúng sau khi thực hiện Chiêu mộ Tri ân SIF2: μ's, lượt Chiêu mộ vẫn được xử lý chính xác. Vui lòng kiểm tra danh sách thành viên và số lượng Penlight của bạn.<br>- Các thành viên xuất hiện trong lượt Chiêu mộ này có thể xuất hiện lại trong tương lai.<br>- Lượt Chiêu mộ này có thể được mở lại trong tương lai.<br>- Thời gian diễn ra và nội dung có thể thay đổi mà không báo trước.<br>- Vé Chiêu mộ có thể được sử dụng qua ""Chiêu mộ bằng Vé"" ở góc dưới bên phải màn hình.<br>　Những vé không hiển thị trong ""Chiêu mộ bằng Vé"" không thể dùng cho lượt Chiêu mộ này.<br>- Khi một thành viên bạn đã chiêu mộ xuất hiện lại từ lần thứ hai trở đi, bạn sẽ nhận được Penlight tương ứng với độ hiếm của họ thay vì thành viên đó.<br>　Thành viên R: 20<br>　Thành viên SR: 50<br>　Thành viên R: 20<br>　Thành viên SR: 50<br>　Thành viên UR: 500"
mst.lottery_caution.4110040._cautionText,"- Vui lòng xem tab ""Tỷ lệ xuất hiện"" để biết những thành viên có thể xuất hiện.<br>- Cùng một thành viên có thể xuất hiện nhiều hơn một lần trong Chiêu mộ Tri ân SIF2: Aqours.<br>- Tỷ lệ xuất hiện được làm tròn đến chữ số thập phân thứ năm.<br>Do đó, tổng tỷ lệ xuất hiện riêng lẻ có thể khác với tỷ lệ tổng được hiển thị.<br>- Do giới hạn hiển thị, tổng tỷ lệ xuất hiện có thể không cộng đủ 100%.<br>- Chiêu mộ Tri ân SIF2: Aqours quay số một lần cho mỗi lượt dựa trên tỷ lệ xuất hiện.<br>Ví dụ, một thành viên có tỷ lệ 1% không được đảm bảo sẽ xuất hiện dù chỉ một lần trong 100 lượt quay.<br>- Để biết chi tiết về tỷ lệ xuất hiện, vui lòng xem tab Tỷ lệ xuất hiện.<br>- Ngay cả khi ứng dụng bị đóng đột ngột hoặc mất kết nối khiến màn hình kết quả Chiêu mộ không hiển thị đúng sau khi thực hiện Chiêu mộ Tri ân SIF2: Aqours, lượt Chiêu mộ vẫn được xử lý chính xác. Vui lòng kiểm tra danh sách thành viên và số lượng Penlight của bạn.<br>- Các thành viên xuất hiện trong lượt Chiêu mộ này có thể xuất hiện lại trong tương lai.<br>- Lượt Chiêu mộ này có thể được mở lại trong tương lai.<br>- Thời gian diễn ra và nội dung có thể thay đổi mà không báo trước.<br>- Vé Chiêu mộ có thể được sử dụng qua ""Chiêu mộ bằng Vé"" ở góc dưới bên phải màn hình.<br>　Những vé không hiển thị trong ""Chiêu mộ bằng Vé"" không thể dùng cho lượt Chiêu mộ này.<br>- Khi một thành viên bạn đã chiêu mộ xuất hiện lại từ lần thứ hai trở đi, bạn sẽ nhận được Penlight tương ứng với độ hiếm của họ thay vì thành viên đó.<br>　Thành viên R: 20<br>　Thành viên SR: 50<br>　Thành viên R: 20<br>　Thành viên SR: 50<br>　Thành viên UR: 500"
mst.lottery_caution.4110041._cautionText,"- Vui lòng xem tab ""Tỷ lệ xuất hiện"" để biết những thành viên có thể xuất hiện.<br>- Cùng một thành viên có thể xuất hiện nhiều hơn một lần trong Chiêu mộ Tri ân SIF2: Nijigasaki.<br>- Tỷ lệ xuất hiện được làm tròn đến chữ số thập phân thứ năm.<br>Do đó, tổng tỷ lệ xuất hiện riêng lẻ có thể khác với tỷ lệ tổng được hiển thị.<br>- Do giới hạn hiển thị, tổng tỷ lệ xuất hiện có thể không cộng đủ 100%.<br>- Chiêu mộ Tri ân SIF2: Nijigasaki quay số một lần cho mỗi lượt dựa trên tỷ lệ xuất hiện.<br>Ví dụ, một thành viên có tỷ lệ 1% không được đảm bảo sẽ xuất hiện dù chỉ một lần trong 100 lượt quay.<br>- Để biết chi tiết về tỷ lệ xuất hiện, vui lòng xem tab Tỷ lệ xuất hiện.<br>- Ngay cả khi ứng dụng bị đóng đột ngột hoặc mất kết nối khiến màn hình kết quả Chiêu mộ không hiển thị đúng sau khi thực hiện Chiêu mộ Tri ân SIF2: Nijigasaki, lượt Chiêu mộ vẫn được xử lý chính xác. Vui lòng kiểm tra danh sách thành viên và số lượng Penlight của bạn.<br>- Các thành viên xuất hiện trong lượt Chiêu mộ này có thể xuất hiện lại trong tương lai.<br>- Lượt Chiêu mộ này có thể được mở lại trong tương lai.<br>- Thời gian diễn ra và nội dung có thể thay đổi mà không báo trước.<br>- Vé Chiêu mộ có thể được sử dụng qua ""Chiêu mộ bằng Vé"" ở góc dưới bên phải màn hình.<br>　Những vé không hiển thị trong ""Chiêu mộ bằng Vé"" không thể dùng cho lượt Chiêu mộ này.<br>- Khi một thành viên bạn đã chiêu mộ xuất hiện lại từ lần thứ hai trở đi, bạn sẽ nhận được Penlight tương ứng với độ hiếm của họ thay vì thành viên đó.<br>　Thành viên R: 20<br>　Thành viên SR: 50<br>　Thành viên R: 20<br>　Thành viên SR: 50<br>　Thành viên UR: 500"
mst.lottery_caution.4110042._cautionText,"- Vui lòng xem tab ""Tỷ lệ xuất hiện"" để biết những thành viên có thể xuất hiện.<br>- Cùng một thành viên có thể xuất hiện nhiều hơn một lần trong Chiêu mộ Tri ân SIF2: Liella!.<br>- Tỷ lệ xuất hiện được làm tròn đến chữ số thập phân thứ năm.<br>Do đó, tổng tỷ lệ xuất hiện riêng lẻ có thể khác với tỷ lệ tổng được hiển thị.<br>- Do giới hạn hiển thị, tổng tỷ lệ xuất hiện có thể không cộng đủ 100%.<br>- Chiêu mộ Tri ân SIF2: Liella! quay số một lần cho mỗi lượt dựa trên tỷ lệ xuất hiện.<br>Ví dụ, một thành viên có tỷ lệ 1% không được đảm bảo sẽ xuất hiện dù chỉ một lần trong 100 lượt quay.<br>- Để biết chi tiết về tỷ lệ xuất hiện, vui lòng xem tab Tỷ lệ xuất hiện.<br>- Ngay cả khi ứng dụng bị đóng đột ngột hoặc mất kết nối khiến màn hình kết quả Chiêu mộ không hiển thị đúng sau khi thực hiện Chiêu mộ Tri ân SIF2: Liella!, lượt Chiêu mộ vẫn được xử lý chính xác. Vui lòng kiểm tra danh sách thành viên và số lượng Penlight của bạn.<br>- Các thành viên xuất hiện trong lượt Chiêu mộ này có thể xuất hiện lại trong tương lai.<br>- Lượt Chiêu mộ này có thể được mở lại trong tương lai.<br>- Thời gian diễn ra và nội dung có thể thay đổi mà không báo trước.<br>- Vé Chiêu mộ có thể được sử dụng qua ""Chiêu mộ bằng Vé"" ở góc dưới bên phải màn hình.<br>　Những vé không hiển thị trong ""Chiêu mộ bằng Vé"" không thể dùng cho lượt Chiêu mộ này.<br>- Khi một thành viên bạn đã chiêu mộ xuất hiện lại từ lần thứ hai trở đi, bạn sẽ nhận được Penlight tương ứng với độ hiếm của họ thay vì thành viên đó.<br>　Thành viên R: 20<br>　Thành viên SR: 50<br>　Thành viên R: 20<br>　Thành viên SR: 50<br>　Thành viên UR: 500"
mst.lottery_caution.4110043._cautionText,"- Vui lòng xem tab ""Tỷ lệ xuất hiện"" để biết những thành viên có thể xuất hiện.<br>- Cùng một thành viên có thể xuất hiện nhiều hơn một lần trong Chiêu mộ Đặc biệt.<br>- Tỷ lệ xuất hiện được làm tròn đến chữ số thập phân thứ năm.<br>Do đó, tổng tỷ lệ xuất hiện riêng lẻ có thể khác với tỷ lệ tổng được hiển thị.<br>- Do giới hạn hiển thị, tổng tỷ lệ xuất hiện có thể không cộng đủ 100%.<br>- Chiêu mộ Đặc biệt quay số một lần cho mỗi lượt dựa trên tỷ lệ xuất hiện.<br>Ví dụ, một thành viên có tỷ lệ 1% không được đảm bảo sẽ xuất hiện dù chỉ một lần trong 100 lượt quay.<br>- Để biết chi tiết về tỷ lệ xuất hiện, vui lòng xem tab Tỷ lệ xuất hiện.<br>- Ngay cả khi ứng dụng bị đóng đột ngột hoặc mất kết nối khiến màn hình kết quả Chiêu mộ không hiển thị đúng sau khi thực hiện Chiêu mộ Đặc biệt, lượt Chiêu mộ vẫn được xử lý chính xác. Vui lòng kiểm tra danh sách thành viên và số lượng Penlight của bạn.<br>- Các thành viên xuất hiện trong lượt Chiêu mộ này có thể xuất hiện lại trong tương lai.<br>- Lượt Chiêu mộ này có thể được mở lại trong tương lai.<br>- Thời gian diễn ra và nội dung có thể thay đổi mà không báo trước.<br>- Vé Chiêu mộ có thể được sử dụng qua ""Chiêu mộ bằng Vé"" ở góc dưới bên phải màn hình.<br>　Những vé không hiển thị trong ""Chiêu mộ bằng Vé"" không thể dùng cho lượt Chiêu mộ này.<br>- Khi một thành viên bạn đã chiêu mộ xuất hiện lại từ lần thứ hai trở đi, bạn sẽ nhận được Penlight tương ứng với độ hiếm của họ thay vì thành viên đó.<br>　Thành viên R: 20<br>　Thành viên SR: 50<br>　Thành viên R: 20<br>　Thành viên SR: 50<br>　Thành viên UR: 500"
mst.lottery_caution.4110044._cautionText,"- Vui lòng xem tab ""Tỷ lệ xuất hiện"" để biết những thành viên có thể xuất hiện.<br>- Cùng một thành viên có thể xuất hiện nhiều hơn một lần trong Chiêu mộ Toàn thành viên - Lễ hội Tạ ơn Idol Học đường.<br>- Tỷ lệ xuất hiện được làm tròn đến chữ số thập phân thứ năm.<br>Do đó, tổng tỷ lệ xuất hiện riêng lẻ có thể khác với tỷ lệ tổng được hiển thị.<br>- Do giới hạn hiển thị, tổng tỷ lệ xuất hiện có thể không cộng đủ 100%.<br>- Chiêu mộ Toàn thành viên - Lễ hội Tạ ơn Idol Học đường quay số một lần cho mỗi lượt dựa trên tỷ lệ xuất hiện.<br>Ví dụ, một thành viên có tỷ lệ 1% không được đảm bảo sẽ xuất hiện dù chỉ một lần trong 100 lượt quay.<br>- Để biết chi tiết về tỷ lệ xuất hiện, vui lòng xem tab Tỷ lệ xuất hiện.<br>- Ngay cả khi ứng dụng bị đóng đột ngột hoặc mất kết nối khiến màn hình kết quả Chiêu mộ không hiển thị đúng sau khi thực hiện Chiêu mộ Toàn thành viên - Lễ hội Tạ ơn Idol Học đường, lượt Chiêu mộ vẫn được xử lý chính xác. Vui lòng kiểm tra danh sách thành viên và số lượng Penlight của bạn.<br>- Các thành viên xuất hiện trong lượt Chiêu mộ này có thể xuất hiện lại trong tương lai.<br>- Lượt Chiêu mộ này có thể được mở lại trong tương lai.<br>- Thời gian diễn ra và nội dung có thể thay đổi mà không báo trước.<br>- Vé Chiêu mộ có thể được sử dụng qua ""Chiêu mộ bằng Vé"" ở góc dưới bên phải màn hình.<br>　Những vé không hiển thị trong ""Chiêu mộ bằng Vé"" không thể dùng cho lượt Chiêu mộ này.<br>- Khi một thành viên bạn đã chiêu mộ xuất hiện lại từ lần thứ hai trở đi, bạn sẽ nhận được Penlight tương ứng với độ hiếm của họ thay vì thành viên đó.<br>　Thành viên R: 20<br>　Thành viên SR: 50<br>　Thành viên R: 20<br>　Thành viên SR: 50<br>　Thành viên UR: 500"
mst.lottery_caution.5110001._cautionText,"- Hãy kiểm tra tab ""Tỷ lệ xuất hiện"" để xem các Thành viên có thể xuất hiện.<br>- Appearance rates and the Loveca cost differ for each STEP of the All Members Step-Up Scout.<br>- The STEP advances by one each time you Scout, and returns to STEP 1 after STEP 5.<br>- Tỷ lệ xuất hiện được làm tròn đến chữ số thập phân thứ năm.<br>- Even if the app is force-closed or the connection is lost so the Scout results screen does not display properly, lượt Scout vẫn được xử lý chính xác. Hãy kiểm tra danh sách Thành viên và số Penlight.<br>- Khi một Thành viên đã chiêu mộ xuất hiện lại từ lần thứ hai trở đi, bạn sẽ nhận Penlight theo độ hiếm của họ.<br>　Thành viên R: 20<br>　Thành viên SR: 50<br>　Thành viên UR: 500"
mst.lottery_caution.7110002._cautionText,"- Vui lòng xem tab ""Tỷ lệ xuất hiện"" để biết những thành viên có thể xuất hiện.<br>- Cùng một thành viên có thể xuất hiện nhiều hơn một lần trong Chiêu mộ Vé thưởng Liên kết dữ liệu SIF.<br>- Tỷ lệ xuất hiện được làm tròn đến chữ số thập phân thứ năm.<br>Do đó, tổng tỷ lệ xuất hiện riêng lẻ có thể khác với tỷ lệ tổng được hiển thị.<br>- Do giới hạn hiển thị, tổng tỷ lệ xuất hiện có thể không cộng đủ 100%.<br>- Chiêu mộ Vé thưởng Liên kết dữ liệu SIF quay số một lần cho mỗi lượt dựa trên tỷ lệ xuất hiện.<br>Ví dụ, một thành viên có tỷ lệ 1% không được đảm bảo sẽ xuất hiện dù chỉ một lần trong 100 lượt quay.<br>- Để biết chi tiết về tỷ lệ xuất hiện, vui lòng xem tab Tỷ lệ xuất hiện.<br>- Ngay cả khi ứng dụng bị đóng đột ngột hoặc mất kết nối khiến màn hình kết quả Chiêu mộ không hiển thị đúng sau khi thực hiện Chiêu mộ Vé thưởng Liên kết dữ liệu SIF, lượt Chiêu mộ vẫn được xử lý chính xác. Vui lòng kiểm tra danh sách thành viên và số lượng Penlight của bạn.<br>- Các thành viên xuất hiện trong lượt Chiêu mộ này có thể xuất hiện lại trong tương lai.<br>- Lượt Chiêu mộ này có thể được mở lại trong tương lai.<br>- Thời gian diễn ra và nội dung có thể thay đổi mà không báo trước.<br>- Vé Chiêu mộ có thể được sử dụng qua ""Chiêu mộ bằng Vé"" ở góc dưới bên phải màn hình.<br>　Những vé không hiển thị trong ""Chiêu mộ bằng Vé"" không thể dùng cho lượt Chiêu mộ này.<br>- Khi một thành viên bạn đã chiêu mộ xuất hiện lại từ lần thứ hai trở đi, bạn sẽ nhận được Penlight tương ứng với độ hiếm của họ thay vì thành viên đó.<br>　Thành viên R: 20<br>　Thành viên SR: 50<br>　Thành viên R: 20<br>　Thành viên SR: 50<br>　Thành viên UR: 500"
mst.lottery_caution.7110003._cautionText,"- Vui lòng xem tab ""Tỷ lệ xuất hiện"" để biết những thành viên có thể xuất hiện.<br>- Cùng một thành viên có thể xuất hiện nhiều hơn một lần trong Chiêu mộ Vé thưởng Liên kết dữ liệu SIFAS.<br>- Tỷ lệ xuất hiện được làm tròn đến chữ số thập phân thứ năm.<br>Do đó, tổng tỷ lệ xuất hiện riêng lẻ có thể khác với tỷ lệ tổng được hiển thị.<br>- Do giới hạn hiển thị, tổng tỷ lệ xuất hiện có thể không cộng đủ 100%.<br>- Chiêu mộ Vé thưởng Liên kết dữ liệu SIFAS quay số một lần cho mỗi lượt dựa trên tỷ lệ xuất hiện.<br>Ví dụ, một thành viên có tỷ lệ 1% không được đảm bảo sẽ xuất hiện dù chỉ một lần trong 100 lượt quay.<br>- Để biết chi tiết về tỷ lệ xuất hiện, vui lòng xem tab Tỷ lệ xuất hiện.<br>- Ngay cả khi ứng dụng bị đóng đột ngột hoặc mất kết nối khiến màn hình kết quả Chiêu mộ không hiển thị đúng sau khi thực hiện Chiêu mộ Vé thưởng Liên kết dữ liệu SIFAS, lượt Chiêu mộ vẫn được xử lý chính xác. Vui lòng kiểm tra danh sách thành viên và số lượng Penlight của bạn.<br>- Các thành viên xuất hiện trong lượt Chiêu mộ này có thể xuất hiện lại trong tương lai.<br>- Lượt Chiêu mộ này có thể được mở lại trong tương lai.<br>- Thời gian diễn ra và nội dung có thể thay đổi mà không báo trước.<br>- Vé Chiêu mộ có thể được sử dụng qua ""Chiêu mộ bằng Vé"" ở góc dưới bên phải màn hình.<br>　Những vé không hiển thị trong ""Chiêu mộ bằng Vé"" không thể dùng cho lượt Chiêu mộ này.<br>- Khi một thành viên bạn đã chiêu mộ xuất hiện lại từ lần thứ hai trở đi, bạn sẽ nhận được Penlight tương ứng với độ hiếm của họ thay vì thành viên đó.<br>　Thành viên R: 20<br>　Thành viên SR: 50<br>　Thành viên R: 20<br>　Thành viên SR: 50<br>　Thành viên UR: 500"
mst.lottery_caution.8110001._cautionText,"- Xem “Thông tin Scout” để biết chi tiết các vật phẩm có thể nhận.<br>- Vật phẩm nhận trong Scout Vật phẩm có thể bị trùng.<br>- If Scout Vật phẩm is interrupted due to a forced close or disconnection and the results screen doesn’t appear, you will still receive your rewards. Please check your item list."
mst.lottery_caution.8110002._cautionText,"- Xem “Thông tin Scout” để biết chi tiết các vật phẩm có thể nhận.<br>- Vật phẩm nhận trong Scout Vật phẩm có thể bị trùng.<br>- If Scout Vật phẩm is interrupted due to a forced close or disconnection, and the results screen doesn’t appear, you will still receive your rewards. Please check your item list."
mst.lottery_caution.8110004._cautionText,"- Xem “Thông tin Scout” để biết chi tiết các vật phẩm có thể nhận.<br>- Vật phẩm nhận trong Scout Vật phẩm có thể bị trùng.<br>- If Scout Vật phẩm is interrupted due to a forced close or disconnection, and the results screen doesn’t appear, you will still receive your rewards. Please check your item list."
mst.lottery_caution.8110005._cautionText,"- Xem “Thông tin Scout” để biết chi tiết các vật phẩm có thể nhận.<br>- Vật phẩm nhận trong Scout Vật phẩm có thể bị trùng.<br>- If Scout Vật phẩm is interrupted due to a forced close or disconnection, and the results screen doesn’t appear, you will still receive your rewards. Please check your item list."
mst.lottery_caution.8110006._cautionText,"- Xem “Thông tin Scout” để biết chi tiết các vật phẩm có thể nhận.<br>- Vật phẩm nhận trong Scout Vật phẩm có thể bị trùng.<br>- If Scout Vật phẩm is interrupted due to a forced close or disconnection, and the results screen doesn’t appear, you will still receive your rewards. Please check your item list."
mst.lottery_caution.9110001._cautionText,"- Check the ""Scout Details"" for information on member appearance rates.<br>- Members may appear multiple times in Tutorial Scout [Kosaka Honoka].<br>- Tỷ lệ xuất hiện được làm tròn đến chữ số thập phân thứ năm.<br>Therefore, the sum of individual appearance rates may differ from the total displayed rate.<br>- Due to display limitations, the total appearance rate may not always equal 100%.<br>- Each draw in Tutorial Scout [Kosaka Honoka] is determined based on the listed appearance rates.<br>For example, a member with a 1% appearance rate is not guaranteed to appear within 100 draws.<br>- Please check the ""Appearance Rates"" tab for more information.<br>- If Tutorial Scout [Kosaka Honoka] is interrupted or disconnected before the results screen appears, the draw will still be processed correctly. Please check your member list and Light Stick count.<br>- Members featured in this Scout may reappear in future Scouts.<br>- This Scout may be re-run at a later date.<br>- The schedule and details of this Scout are subject to change without notice.<br>- You can use Scout Tickets by tapping the ""Scout with Tickets"" button on the lower right of the screen.<br>Tickets not displayed within the “Scout with Tickets” menu cannot be used for this Scout.<br>- If you recruit a member you already have, you will receive Light Sticks instead, based on their rarity:<br>Thành viên R: 20<br>Thành viên SR: 50<br>Thành viên UR: 500<br>- Obtained Scout Points will automatically be converted into 1 Skill Book (M) at the end of the event."
mst.lottery_caution.9110002._cautionText,"- Xem chi tiết Scout để biết thêm thông tin về các thành viên có thể xuất hiện.<br>- Có thể chiêu mộ cùng một thành viên nhiều lần trong Tutorial Scout: Eli Ayase.<br>- Tỷ lệ Scout được làm tròn đến chữ số thập phân thứ năm.<br>Vì vậy, tổng tỷ lệ Scout của từng thành viên có thể không bằng tổng tỷ lệ Scout.<br>- Tương tự, do cách hiển thị tỷ lệ Scout, tổng tỷ lệ có thể không bằng 100%.<br>- Tỷ lệ Scout của thành viên trong Tutorial Scout: Eli Ayase được áp dụng cho từng lần chiêu mộ riêng lẻ.<br>Vì vậy, ví dụ chiêu mộ 100 lần không đảm bảo chắc chắn nhận được thành viên có tỷ lệ Scout 1%.<br>- Để biết thêm về tỷ lệ Scout, vui lòng xem tab tỷ lệ Scout.<br>- Sau khi thực hiện Tutorial Scout: Eli Ayase, ngay cả khi kết quả không hiển thị do thiết bị bị tắt cưỡng bức hoặc mất kết nối với server, kết quả vẫn được xử lý chính xác. Vui lòng kiểm tra Danh sách thành viên và số Penlight hiện có.<br>- Các thành viên từ Scout này có thể xuất hiện lại trong Scout khác trong tương lai.<br>- Sự kiện Scout này cũng có thể được mở lại trong tương lai.<br>- Thời gian và nội dung của Scout có thể thay đổi mà không báo trước.<br>- Nhấn nút ""Use Tickets"" ở góc dưới bên phải để Scout bằng Scout Ticket.<br>Scout Ticket không xuất hiện trong menu vé sẽ không thể dùng cho Scout này.<br>- Khi chiêu mộ lại thành viên đã sở hữu, bạn sẽ nhận Penlight đổi từ thành viên trùng. Số Penlight phụ thuộc vào Rarity của thành viên.<br>Thành viên R: 20<br>Thành viên SR: 50<br>Thành viên UR: 500<br>- Scout Point bạn nhận được sẽ tự động đổi thành 1 Skill Notebook (M) khi thời gian Scout kết thúc."
mst.lottery_caution.9110003._cautionText,"- Xem chi tiết Scout để biết thêm thông tin về các thành viên có thể xuất hiện.<br>- Có thể chiêu mộ cùng một thành viên nhiều lần trong Tutorial Scout: Kotori Minami.<br>- Tỷ lệ Scout được làm tròn đến chữ số thập phân thứ năm.<br>Vì vậy, tổng tỷ lệ Scout của từng thành viên có thể không bằng tổng tỷ lệ Scout.<br>- Tương tự, do cách hiển thị tỷ lệ Scout, tổng tỷ lệ có thể không bằng 100%.<br>- Tỷ lệ Scout của thành viên trong Tutorial Scout: Kotori Minami được áp dụng cho từng lần chiêu mộ riêng lẻ.<br>Vì vậy, ví dụ chiêu mộ 100 lần không đảm bảo chắc chắn nhận được thành viên có tỷ lệ Scout 1%.<br>- Để biết thêm về tỷ lệ Scout, vui lòng xem tab tỷ lệ Scout.<br>- Sau khi thực hiện Tutorial Scout: Kotori Minami, ngay cả khi kết quả không hiển thị do thiết bị bị tắt cưỡng bức hoặc mất kết nối với server, kết quả vẫn được xử lý chính xác. Vui lòng kiểm tra Danh sách thành viên và số Penlight hiện có.<br>- Các thành viên từ Scout này có thể xuất hiện lại trong Scout khác trong tương lai.<br>- Sự kiện Scout này cũng có thể được mở lại trong tương lai.<br>- Thời gian và nội dung của Scout có thể thay đổi mà không báo trước.<br>- Nhấn nút ""Use Tickets"" ở góc dưới bên phải để Scout bằng Scout Ticket.<br>Scout Ticket không xuất hiện trong menu vé sẽ không thể dùng cho Scout này.<br>- Khi chiêu mộ lại thành viên đã sở hữu, bạn sẽ nhận Penlight đổi từ thành viên trùng. Số Penlight phụ thuộc vào Rarity của thành viên.<br>Thành viên R: 20<br>Thành viên SR: 50<br>Thành viên UR: 500<br>- Scout Point bạn nhận được sẽ tự động đổi thành 1 Skill Notebook (M) khi thời gian Scout kết thúc."
mst.lottery_caution.9110004._cautionText,"- Xem chi tiết Scout để biết thêm thông tin về các thành viên có thể xuất hiện.<br>- Có thể chiêu mộ cùng một thành viên nhiều lần trong Tutorial Scout: Umi Sonoda.<br>- Tỷ lệ Scout được làm tròn đến chữ số thập phân thứ năm.<br>Vì vậy, tổng tỷ lệ Scout của từng thành viên có thể không bằng tổng tỷ lệ Scout.<br>- Tương tự, do cách hiển thị tỷ lệ Scout, tổng tỷ lệ có thể không bằng 100%.<br>- Tỷ lệ Scout của thành viên trong Tutorial Scout: Umi Sonoda được áp dụng cho từng lần chiêu mộ riêng lẻ.<br>Vì vậy, ví dụ chiêu mộ 100 lần không đảm bảo chắc chắn nhận được thành viên có tỷ lệ Scout 1%.<br>- Để biết thêm về tỷ lệ Scout, vui lòng xem tab tỷ lệ Scout.<br>- Sau khi thực hiện Tutorial Scout: Umi Sonoda, ngay cả khi kết quả không hiển thị do thiết bị bị tắt cưỡng bức hoặc mất kết nối với server, kết quả vẫn được xử lý chính xác. Vui lòng kiểm tra Danh sách thành viên và số Penlight hiện có.<br>- Các thành viên từ Scout này có thể xuất hiện lại trong Scout khác trong tương lai.<br>- Sự kiện Scout này cũng có thể được mở lại trong tương lai.<br>- Thời gian và nội dung của Scout có thể thay đổi mà không báo trước.<br>- Nhấn nút ""Use Tickets"" ở góc dưới bên phải để Scout bằng Scout Ticket.<br>Scout Ticket không xuất hiện trong menu vé sẽ không thể dùng cho Scout này.<br>- Khi chiêu mộ lại thành viên đã sở hữu, bạn sẽ nhận Penlight đổi từ thành viên trùng. Số Penlight phụ thuộc vào Rarity của thành viên.<br>Thành viên R: 20<br>Thành viên SR: 50<br>Thành viên UR: 500<br>- Scout Point bạn nhận được sẽ tự động đổi thành 1 Skill Notebook (M) khi thời gian Scout kết thúc."
mst.lottery_caution.9110005._cautionText,"- Xem chi tiết Scout để biết thêm thông tin về các thành viên có thể xuất hiện.<br>- Có thể chiêu mộ cùng một thành viên nhiều lần trong Tutorial Scout: Rin Hoshizora.<br>- Tỷ lệ Scout được làm tròn đến chữ số thập phân thứ năm.<br>Vì vậy, tổng tỷ lệ Scout của từng thành viên có thể không bằng tổng tỷ lệ Scout.<br>- Tương tự, do cách hiển thị tỷ lệ Scout, tổng tỷ lệ có thể không bằng 100%.<br>- Tỷ lệ Scout của thành viên trong Tutorial Scout: Rin Hoshizora được áp dụng cho từng lần chiêu mộ riêng lẻ.<br>Vì vậy, ví dụ chiêu mộ 100 lần không đảm bảo chắc chắn nhận được thành viên có tỷ lệ Scout 1%.<br>- Để biết thêm về tỷ lệ Scout, vui lòng xem tab tỷ lệ Scout.<br>- Sau khi thực hiện Tutorial Scout: Rin Hoshizora, ngay cả khi kết quả không hiển thị do thiết bị bị tắt cưỡng bức hoặc mất kết nối với server, kết quả vẫn được xử lý chính xác. Vui lòng kiểm tra Danh sách thành viên và số Penlight hiện có.<br>- Các thành viên từ Scout này có thể xuất hiện lại trong Scout khác trong tương lai.<br>- Sự kiện Scout này cũng có thể được mở lại trong tương lai.<br>- Thời gian và nội dung của Scout có thể thay đổi mà không báo trước.<br>- Nhấn nút ""Use Tickets"" ở góc dưới bên phải để Scout bằng Scout Ticket.<br>Scout Ticket không xuất hiện trong menu vé sẽ không thể dùng cho Scout này.<br>- Khi chiêu mộ lại thành viên đã sở hữu, bạn sẽ nhận Penlight đổi từ thành viên trùng. Số Penlight phụ thuộc vào Rarity của thành viên.<br>Thành viên R: 20<br>Thành viên SR: 50<br>Thành viên UR: 500<br>- Scout Point bạn nhận được sẽ tự động đổi thành 1 Skill Notebook (M) khi thời gian Scout kết thúc."
mst.lottery_caution.9110006._cautionText,"- Xem chi tiết Scout để biết thêm thông tin về các thành viên có thể xuất hiện.<br>- Có thể chiêu mộ cùng một thành viên nhiều lần trong Tutorial Scout: Maki Nishikino.<br>- Tỷ lệ Scout được làm tròn đến chữ số thập phân thứ năm.<br>Vì vậy, tổng tỷ lệ Scout của từng thành viên có thể không bằng tổng tỷ lệ Scout.<br>- Tương tự, do cách hiển thị tỷ lệ Scout, tổng tỷ lệ có thể không bằng 100%.<br>- Tỷ lệ Scout của thành viên trong Tutorial Scout: Maki Nishikino được áp dụng cho từng lần chiêu mộ riêng lẻ.<br>Vì vậy, ví dụ chiêu mộ 100 lần không đảm bảo chắc chắn nhận được thành viên có tỷ lệ Scout 1%.<br>- Để biết thêm về tỷ lệ Scout, vui lòng xem tab tỷ lệ Scout.<br>- Sau khi thực hiện Tutorial Scout: Maki Nishikino, ngay cả khi kết quả không hiển thị do thiết bị bị tắt cưỡng bức hoặc mất kết nối với server, kết quả vẫn được xử lý chính xác. Vui lòng kiểm tra Danh sách thành viên và số Penlight hiện có.<br>- Các thành viên từ Scout này có thể xuất hiện lại trong Scout khác trong tương lai.<br>- Sự kiện Scout này cũng có thể được mở lại trong tương lai.<br>- Thời gian và nội dung của Scout có thể thay đổi mà không báo trước.<br>- Nhấn nút ""Use Tickets"" ở góc dưới bên phải để Scout bằng Scout Ticket.<br>Scout Ticket không xuất hiện trong menu vé sẽ không thể dùng cho Scout này.<br>- Khi chiêu mộ lại thành viên đã sở hữu, bạn sẽ nhận Penlight đổi từ thành viên trùng. Số Penlight phụ thuộc vào Rarity của thành viên.<br>Thành viên R: 20<br>Thành viên SR: 50<br>Thành viên UR: 500<br>- Scout Point bạn nhận được sẽ tự động đổi thành 1 Skill Notebook (M) khi thời gian Scout kết thúc."
mst.lottery_caution.9110007._cautionText,"- Xem chi tiết Scout để biết thêm thông tin về các thành viên có thể xuất hiện.<br>- Có thể chiêu mộ cùng một thành viên nhiều lần trong Tutorial Scout: Nozomi Tojo.<br>- Tỷ lệ Scout được làm tròn đến chữ số thập phân thứ năm.<br>Vì vậy, tổng tỷ lệ Scout của từng thành viên có thể không bằng tổng tỷ lệ Scout.<br>- Tương tự, do cách hiển thị tỷ lệ Scout, tổng tỷ lệ có thể không bằng 100%.<br>- Tỷ lệ Scout của thành viên trong Tutorial Scout: Nozomi Tojo được áp dụng cho từng lần chiêu mộ riêng lẻ.<br>Vì vậy, ví dụ chiêu mộ 100 lần không đảm bảo chắc chắn nhận được thành viên có tỷ lệ Scout 1%.<br>- Để biết thêm về tỷ lệ Scout, vui lòng xem tab tỷ lệ Scout.<br>- Sau khi thực hiện Tutorial Scout: Nozomi Tojo, ngay cả khi kết quả không hiển thị do thiết bị bị tắt cưỡng bức hoặc mất kết nối với server, kết quả vẫn được xử lý chính xác. Vui lòng kiểm tra Danh sách thành viên và số Penlight hiện có.<br>- Các thành viên từ Scout này có thể xuất hiện lại trong Scout khác trong tương lai.<br>- Sự kiện Scout này cũng có thể được mở lại trong tương lai.<br>- Thời gian và nội dung của Scout có thể thay đổi mà không báo trước.<br>- Nhấn nút ""Use Tickets"" ở góc dưới bên phải để Scout bằng Scout Ticket.<br>Scout Ticket không xuất hiện trong menu vé sẽ không thể dùng cho Scout này.<br>- Khi chiêu mộ lại thành viên đã sở hữu, bạn sẽ nhận Penlight đổi từ thành viên trùng. Số Penlight phụ thuộc vào Rarity của thành viên.<br>Thành viên R: 20<br>Thành viên SR: 50<br>Thành viên UR: 500<br>- Scout Point bạn nhận được sẽ tự động đổi thành 1 Skill Notebook (M) khi thời gian Scout kết thúc."
mst.lottery_caution.9110008._cautionText,"- Xem chi tiết Scout để biết thêm thông tin về các thành viên có thể xuất hiện.<br>- Có thể chiêu mộ cùng một thành viên nhiều lần trong Tutorial Scout: Hanayo Koizumi.<br>- Tỷ lệ Scout được làm tròn đến chữ số thập phân thứ năm.<br>Vì vậy, tổng tỷ lệ Scout của từng thành viên có thể không bằng tổng tỷ lệ Scout.<br>- Tương tự, do cách hiển thị tỷ lệ Scout, tổng tỷ lệ có thể không bằng 100%.<br>- Tỷ lệ Scout của thành viên trong Tutorial Scout: Hanayo Koizumi được áp dụng cho từng lần chiêu mộ riêng lẻ.<br>Vì vậy, ví dụ chiêu mộ 100 lần không đảm bảo chắc chắn nhận được thành viên có tỷ lệ Scout 1%.<br>- Để biết thêm về tỷ lệ Scout, vui lòng xem tab tỷ lệ Scout.<br>- Sau khi thực hiện Tutorial Scout: Hanayo Koizumi, ngay cả khi kết quả không hiển thị do thiết bị bị tắt cưỡng bức hoặc mất kết nối với server, kết quả vẫn được xử lý chính xác. Vui lòng kiểm tra Danh sách thành viên và số Penlight hiện có.<br>- Các thành viên từ Scout này có thể xuất hiện lại trong Scout khác trong tương lai.<br>- Sự kiện Scout này cũng có thể được mở lại trong tương lai.<br>- Thời gian và nội dung của Scout có thể thay đổi mà không báo trước.<br>- Nhấn nút ""Use Tickets"" ở góc dưới bên phải để Scout bằng Scout Ticket.<br>Scout Ticket không xuất hiện trong menu vé sẽ không thể dùng cho Scout này.<br>- Khi chiêu mộ lại thành viên đã sở hữu, bạn sẽ nhận Penlight đổi từ thành viên trùng. Số Penlight phụ thuộc vào Rarity của thành viên.<br>Thành viên R: 20<br>Thành viên SR: 50<br>Thành viên UR: 500<br>- Scout Point bạn nhận được sẽ tự động đổi thành 1 Skill Notebook (M) khi thời gian Scout kết thúc."
mst.lottery_caution.9110009._cautionText,"- Xem chi tiết Scout để biết thêm thông tin về các thành viên có thể xuất hiện.<br>- Có thể chiêu mộ cùng một thành viên nhiều lần trong Tutorial Scout: Nico Yazawa.<br>- Tỷ lệ Scout được làm tròn đến chữ số thập phân thứ năm.<br>Vì vậy, tổng tỷ lệ Scout của từng thành viên có thể không bằng tổng tỷ lệ Scout.<br>- Tương tự, do cách hiển thị tỷ lệ Scout, tổng tỷ lệ có thể không bằng 100%.<br>- Tỷ lệ Scout của thành viên trong Tutorial Scout: Nico Yazawa được áp dụng cho từng lần chiêu mộ riêng lẻ.<br>Vì vậy, ví dụ chiêu mộ 100 lần không đảm bảo chắc chắn nhận được thành viên có tỷ lệ Scout 1%.<br>- Để biết thêm về tỷ lệ Scout, vui lòng xem tab tỷ lệ Scout.<br>- Sau khi thực hiện Tutorial Scout: Nico Yazawa, ngay cả khi kết quả không hiển thị do thiết bị bị tắt cưỡng bức hoặc mất kết nối với server, kết quả vẫn được xử lý chính xác. Vui lòng kiểm tra Danh sách thành viên và số Penlight hiện có.<br>- Các thành viên từ Scout này có thể xuất hiện lại trong Scout khác trong tương lai.<br>- Sự kiện Scout này cũng có thể được mở lại trong tương lai.<br>- Thời gian và nội dung của Scout có thể thay đổi mà không báo trước.<br>- Nhấn nút ""Use Tickets"" ở góc dưới bên phải để Scout bằng Scout Ticket.<br>Scout Ticket không xuất hiện trong menu vé sẽ không thể dùng cho Scout này.<br>- Khi chiêu mộ lại thành viên đã sở hữu, bạn sẽ nhận Penlight đổi từ thành viên trùng. Số Penlight phụ thuộc vào Rarity của thành viên.<br>Thành viên R: 20<br>Thành viên SR: 50<br>Thành viên UR: 500<br>- Scout Point bạn nhận được sẽ tự động đổi thành 1 Skill Notebook (M) khi thời gian Scout kết thúc."
mst.lottery_caution.9110010._cautionText,"- Xem chi tiết Scout để biết thêm thông tin về các thành viên có thể xuất hiện.<br>- Có thể chiêu mộ cùng một thành viên nhiều lần trong Tutorial Scout: Chika Takami.<br>- Tỷ lệ Scout được làm tròn đến chữ số thập phân thứ năm.<br>Vì vậy, tổng tỷ lệ Scout của từng thành viên có thể không bằng tổng tỷ lệ Scout.<br>- Tương tự, do cách hiển thị tỷ lệ Scout, tổng tỷ lệ có thể không bằng 100%.<br>- Tỷ lệ Scout của thành viên trong Tutorial Scout: Chika Takami được áp dụng cho từng lần chiêu mộ riêng lẻ.<br>Vì vậy, ví dụ chiêu mộ 100 lần không đảm bảo chắc chắn nhận được thành viên có tỷ lệ Scout 1%.<br>- Để biết thêm về tỷ lệ Scout, vui lòng xem tab tỷ lệ Scout.<br>- Sau khi thực hiện Tutorial Scout: Chika Takami, ngay cả khi kết quả không hiển thị do thiết bị bị tắt cưỡng bức hoặc mất kết nối với server, kết quả vẫn được xử lý chính xác. Vui lòng kiểm tra Danh sách thành viên và số Penlight hiện có.<br>- Các thành viên từ Scout này có thể xuất hiện lại trong Scout khác trong tương lai.<br>- Sự kiện Scout này cũng có thể được mở lại trong tương lai.<br>- Thời gian và nội dung của Scout có thể thay đổi mà không báo trước.<br>- Nhấn nút ""Use Tickets"" ở góc dưới bên phải để Scout bằng Scout Ticket.<br>Scout Ticket không xuất hiện trong menu vé sẽ không thể dùng cho Scout này.<br>- Khi chiêu mộ lại thành viên đã sở hữu, bạn sẽ nhận Penlight đổi từ thành viên trùng. Số Penlight phụ thuộc vào Rarity của thành viên.<br>Thành viên R: 20<br>Thành viên SR: 50<br>Thành viên UR: 500<br>- Scout Point bạn nhận được sẽ tự động đổi thành 1 Skill Notebook (M) khi thời gian Scout kết thúc."
mst.lottery_caution.9110011._cautionText,"- Check the ""Appearance Rate"" details for more information on member availability.<br>- Members appearing in Tutorial Recruit: Riko Sakurauchi may appear multiple times.<br>- Tỷ lệ xuất hiện được làm tròn đến chữ số thập phân thứ năm.<br>Therefore, the sum of individual appearance rates may differ from the total displayed rate.<br>- Due to display limitations, the total appearance rate may not always add up to 100%.<br>- Tutorial Recruit: Riko Sakurauchi draws members based on their appearance rates for each attempt.<br>For example, a member with a 1% appearance rate is not guaranteed to appear within 100 attempts.<br>- Please check the Appearance Rate tab for more information about appearance rates.<br>- If Tutorial Recruit: Riko Sakurauchi is forcibly closed or disconnected before the results screen appears, the recruit will still be processed correctly. Please check your member list and Light Stick count.<br>- Members appearing in this Recruit may become available again in future events.<br>- This Recruit event may be re-run at a later date.<br>- The schedule and details of this Recruit are subject to change without notice.<br>- You can use Recruit Tickets by tapping the ""Recruit with Tickets"" button on the lower right of the screen.<br>Tickets not displayed in the “Recruit with Tickets” menu cannot be used for this Recruit.<br>- If you recruit a member who has already joined, you will receive Light Sticks instead, based on their rarity.<br>Thành viên R: 20<br>Thành viên SR: 50<br>Thành viên UR: 500<br>- Obtained Recruit Points will automatically be converted into 1 Skill Book (M) when the Recruit ends."
mst.lottery_caution.9110012._cautionText,"- Xem chi tiết Scout để biết thêm thông tin về các thành viên có thể xuất hiện.<br>- Có thể chiêu mộ cùng một thành viên nhiều lần trong Tutorial Scout: Kanan Matsuura.<br>- Tỷ lệ Scout được làm tròn đến chữ số thập phân thứ năm.<br>Vì vậy, tổng tỷ lệ Scout của từng thành viên có thể không bằng tổng tỷ lệ Scout.<br>- Tương tự, do cách hiển thị tỷ lệ Scout, tổng tỷ lệ có thể không bằng 100%.<br>- Tỷ lệ Scout của thành viên trong Tutorial Scout: Kanan Matsuura được áp dụng cho từng lần chiêu mộ riêng lẻ.<br>Vì vậy, ví dụ chiêu mộ 100 lần không đảm bảo chắc chắn nhận được thành viên có tỷ lệ Scout 1%.<br>- Để biết thêm về tỷ lệ Scout, vui lòng xem tab tỷ lệ Scout.<br>- Sau khi thực hiện Tutorial Scout: Kanan Matsuura, ngay cả khi kết quả không hiển thị do thiết bị bị tắt cưỡng bức hoặc mất kết nối với server, kết quả vẫn được xử lý chính xác. Vui lòng kiểm tra Danh sách thành viên và số Penlight hiện có.<br>- Các thành viên từ Scout này có thể xuất hiện lại trong Scout khác trong tương lai.<br>- Sự kiện Scout này cũng có thể được mở lại trong tương lai.<br>- Thời gian và nội dung của Scout có thể thay đổi mà không báo trước.<br>- Nhấn nút ""Use Tickets"" ở góc dưới bên phải để Scout bằng Scout Ticket.<br>Scout Ticket không xuất hiện trong menu vé sẽ không thể dùng cho Scout này.<br>- Khi chiêu mộ lại thành viên đã sở hữu, bạn sẽ nhận Penlight đổi từ thành viên trùng. Số Penlight phụ thuộc vào Rarity của thành viên.<br>Thành viên R: 20<br>Thành viên SR: 50<br>Thành viên UR: 500<br>- Scout Point bạn nhận được sẽ tự động đổi thành 1 Skill Notebook (M) khi thời gian Scout kết thúc."
mst.lottery_caution.9110013._cautionText,"- Xem chi tiết Scout để biết thêm thông tin về các thành viên có thể xuất hiện.<br>- Có thể chiêu mộ cùng một thành viên nhiều lần trong Tutorial Scout: Dia Kurosawa.<br>- Tỷ lệ Scout được làm tròn đến chữ số thập phân thứ năm.<br>Vì vậy, tổng tỷ lệ Scout của từng thành viên có thể không bằng tổng tỷ lệ Scout.<br>- Tương tự, do cách hiển thị tỷ lệ Scout, tổng tỷ lệ có thể không bằng 100%.<br>- Tỷ lệ Scout của thành viên trong Tutorial Scout: Dia Kurosawa được áp dụng cho từng lần chiêu mộ riêng lẻ.<br>Vì vậy, ví dụ chiêu mộ 100 lần không đảm bảo chắc chắn nhận được thành viên có tỷ lệ Scout 1%.<br>- Để biết thêm về tỷ lệ Scout, vui lòng xem tab tỷ lệ Scout.<br>- Sau khi thực hiện Tutorial Scout: Dia Kurosawa, ngay cả khi kết quả không hiển thị do thiết bị bị tắt cưỡng bức hoặc mất kết nối với server, kết quả vẫn được xử lý chính xác. Vui lòng kiểm tra Danh sách thành viên và số Penlight hiện có.<br>- Các thành viên từ Scout này có thể xuất hiện lại trong Scout khác trong tương lai.<br>- Sự kiện Scout này cũng có thể được mở lại trong tương lai.<br>- Thời gian và nội dung của Scout có thể thay đổi mà không báo trước.<br>- Nhấn nút ""Use Tickets"" ở góc dưới bên phải để Scout bằng Scout Ticket.<br>Scout Ticket không xuất hiện trong menu vé sẽ không thể dùng cho Scout này.<br>- Khi chiêu mộ lại thành viên đã sở hữu, bạn sẽ nhận Penlight đổi từ thành viên trùng. Số Penlight phụ thuộc vào Rarity của thành viên.<br>Thành viên R: 20<br>Thành viên SR: 50<br>Thành viên UR: 500<br>- Scout Point bạn nhận được sẽ tự động đổi thành 1 Skill Notebook (M) khi thời gian Scout kết thúc."
mst.lottery_caution.9110014._cautionText,"- Xem chi tiết Scout để biết thêm thông tin về các thành viên có thể xuất hiện.<br>- Có thể chiêu mộ cùng một thành viên nhiều lần trong Tutorial Scout: You Watanabe.<br>- Tỷ lệ Scout được làm tròn đến chữ số thập phân thứ năm.<br>Vì vậy, tổng tỷ lệ Scout của từng thành viên có thể không bằng tổng tỷ lệ Scout.<br>- Tương tự, do cách hiển thị tỷ lệ Scout, tổng tỷ lệ có thể không bằng 100%.<br>- Tỷ lệ Scout của thành viên trong Tutorial Scout: You Watanabe được áp dụng cho từng lần chiêu mộ riêng lẻ.<br>Vì vậy, ví dụ chiêu mộ 100 lần không đảm bảo chắc chắn nhận được thành viên có tỷ lệ Scout 1%.<br>- Để biết thêm về tỷ lệ Scout, vui lòng xem tab tỷ lệ Scout.<br>- Sau khi thực hiện Tutorial Scout: You Watanabe, ngay cả khi kết quả không hiển thị do thiết bị bị tắt cưỡng bức hoặc mất kết nối với server, kết quả vẫn được xử lý chính xác. Vui lòng kiểm tra Danh sách thành viên và số Penlight hiện có.<br>- Các thành viên từ Scout này có thể xuất hiện lại trong Scout khác trong tương lai.<br>- Sự kiện Scout này cũng có thể được mở lại trong tương lai.<br>- Thời gian và nội dung của Scout có thể thay đổi mà không báo trước.<br>- Nhấn nút ""Use Tickets"" ở góc dưới bên phải để Scout bằng Scout Ticket.<br>Scout Ticket không xuất hiện trong menu vé sẽ không thể dùng cho Scout này.<br>- Khi chiêu mộ lại thành viên đã sở hữu, bạn sẽ nhận Penlight đổi từ thành viên trùng. Số Penlight phụ thuộc vào Rarity của thành viên.<br>Thành viên R: 20<br>Thành viên SR: 50<br>Thành viên UR: 500<br>- Scout Point bạn nhận được sẽ tự động đổi thành 1 Skill Notebook (M) khi thời gian Scout kết thúc."
mst.lottery_caution.9110015._cautionText,"- Xem chi tiết Scout để biết thêm thông tin về các thành viên có thể xuất hiện.<br>- Có thể chiêu mộ cùng một thành viên nhiều lần trong Tutorial Scout: Yoshiko Tsushima.<br>- Tỷ lệ Scout được làm tròn đến chữ số thập phân thứ năm.<br>Vì vậy, tổng tỷ lệ Scout của từng thành viên có thể không bằng tổng tỷ lệ Scout.<br>- Tương tự, do cách hiển thị tỷ lệ Scout, tổng tỷ lệ có thể không bằng 100%.<br>- Tỷ lệ Scout của thành viên trong Tutorial Scout: Yoshiko Tsushima được áp dụng cho từng lần chiêu mộ riêng lẻ.<br>Vì vậy, ví dụ chiêu mộ 100 lần không đảm bảo chắc chắn nhận được thành viên có tỷ lệ Scout 1%.<br>- Để biết thêm về tỷ lệ Scout, vui lòng xem tab tỷ lệ Scout.<br>- Sau khi thực hiện Tutorial Scout: Yoshiko Tsushima, ngay cả khi kết quả không hiển thị do thiết bị bị tắt cưỡng bức hoặc mất kết nối với server, kết quả vẫn được xử lý chính xác. Vui lòng kiểm tra Danh sách thành viên và số Penlight hiện có.<br>- Các thành viên từ Scout này có thể xuất hiện lại trong Scout khác trong tương lai.<br>- Sự kiện Scout này cũng có thể được mở lại trong tương lai.<br>- Thời gian và nội dung của Scout có thể thay đổi mà không báo trước.<br>- Nhấn nút ""Use Tickets"" ở góc dưới bên phải để Scout bằng Scout Ticket.<br>Scout Ticket không xuất hiện trong menu vé sẽ không thể dùng cho Scout này.<br>- Khi chiêu mộ lại thành viên đã sở hữu, bạn sẽ nhận Penlight đổi từ thành viên trùng. Số Penlight phụ thuộc vào Rarity của thành viên.<br>Thành viên R: 20<br>Thành viên SR: 50<br>Thành viên UR: 500<br>- Scout Point bạn nhận được sẽ tự động đổi thành 1 Skill Notebook (M) khi thời gian Scout kết thúc."
mst.lottery_caution.9110016._cautionText,"- Xem chi tiết Scout để biết thêm thông tin về các thành viên có thể xuất hiện.<br>- Có thể chiêu mộ cùng một thành viên nhiều lần trong Tutorial Scout: Hanamaru Kunikida.<br>- Tỷ lệ Scout được làm tròn đến chữ số thập phân thứ năm.<br>Vì vậy, tổng tỷ lệ Scout của từng thành viên có thể không bằng tổng tỷ lệ Scout.<br>- Tương tự, do cách hiển thị tỷ lệ Scout, tổng tỷ lệ có thể không bằng 100%.<br>- Tỷ lệ Scout của thành viên trong Tutorial Scout: Hanamaru Kunikida được áp dụng cho từng lần chiêu mộ riêng lẻ.<br>Vì vậy, ví dụ chiêu mộ 100 lần không đảm bảo chắc chắn nhận được thành viên có tỷ lệ Scout 1%.<br>- Để biết thêm về tỷ lệ Scout, vui lòng xem tab tỷ lệ Scout.<br>- Sau khi thực hiện Tutorial Scout: Hanamaru Kunikida, ngay cả khi kết quả không hiển thị do thiết bị bị tắt cưỡng bức hoặc mất kết nối với server, kết quả vẫn được xử lý chính xác. Vui lòng kiểm tra Danh sách thành viên và số Penlight hiện có.<br>- Các thành viên từ Scout này có thể xuất hiện lại trong Scout khác trong tương lai.<br>- Sự kiện Scout này cũng có thể được mở lại trong tương lai.<br>- Thời gian và nội dung của Scout có thể thay đổi mà không báo trước.<br>- Nhấn nút ""Use Tickets"" ở góc dưới bên phải để Scout bằng Scout Ticket.<br>Scout Ticket không xuất hiện trong menu vé sẽ không thể dùng cho Scout này.<br>- Khi chiêu mộ lại thành viên đã sở hữu, bạn sẽ nhận Penlight đổi từ thành viên trùng. Số Penlight phụ thuộc vào Rarity của thành viên.<br>Thành viên R: 20<br>Thành viên SR: 50<br>Thành viên UR: 500<br>- Scout Point bạn nhận được sẽ tự động đổi thành 1 Skill Notebook (M) khi thời gian Scout kết thúc."
mst.lottery_caution.9110017._cautionText,"- Xem chi tiết Scout để biết thêm thông tin về các thành viên có thể xuất hiện.<br>- Có thể chiêu mộ cùng một thành viên nhiều lần trong Tutorial Scout: Mari Ohara.<br>- Tỷ lệ Scout được làm tròn đến chữ số thập phân thứ năm.<br>Vì vậy, tổng tỷ lệ Scout của từng thành viên có thể không bằng tổng tỷ lệ Scout.<br>- Tương tự, do cách hiển thị tỷ lệ Scout, tổng tỷ lệ có thể không bằng 100%.<br>- Tỷ lệ Scout của thành viên trong Tutorial Scout: Mari Ohara được áp dụng cho từng lần chiêu mộ riêng lẻ.<br>Vì vậy, ví dụ chiêu mộ 100 lần không đảm bảo chắc chắn nhận được thành viên có tỷ lệ Scout 1%.<br>- Để biết thêm về tỷ lệ Scout, vui lòng xem tab tỷ lệ Scout.<br>- Sau khi thực hiện Tutorial Scout: Mari Ohara, ngay cả khi kết quả không hiển thị do thiết bị bị tắt cưỡng bức hoặc mất kết nối với server, kết quả vẫn được xử lý chính xác. Vui lòng kiểm tra Danh sách thành viên và số Penlight hiện có.<br>- Các thành viên từ Scout này có thể xuất hiện lại trong Scout khác trong tương lai.<br>- Sự kiện Scout này cũng có thể được mở lại trong tương lai.<br>- Thời gian và nội dung của Scout có thể thay đổi mà không báo trước.<br>- Nhấn nút ""Use Tickets"" ở góc dưới bên phải để Scout bằng Scout Ticket.<br>Scout Ticket không xuất hiện trong menu vé sẽ không thể dùng cho Scout này.<br>- Khi chiêu mộ lại thành viên đã sở hữu, bạn sẽ nhận Penlight đổi từ thành viên trùng. Số Penlight phụ thuộc vào Rarity của thành viên.<br>Thành viên R: 20<br>Thành viên SR: 50<br>Thành viên UR: 500<br>- Scout Point bạn nhận được sẽ tự động đổi thành 1 Skill Notebook (M) khi thời gian Scout kết thúc."
mst.lottery_caution.9110018._cautionText,"- Xem chi tiết Scout để biết thêm thông tin về các thành viên có thể xuất hiện.<br>- Có thể chiêu mộ cùng một thành viên nhiều lần trong Tutorial Scout: Ruby Kurosawa.<br>- Tỷ lệ Scout được làm tròn đến chữ số thập phân thứ năm.<br>Vì vậy, tổng tỷ lệ Scout của từng thành viên có thể không bằng tổng tỷ lệ Scout.<br>- Tương tự, do cách hiển thị tỷ lệ Scout, tổng tỷ lệ có thể không bằng 100%.<br>- Tỷ lệ Scout của thành viên trong Tutorial Scout: Ruby Kurosawa được áp dụng cho từng lần chiêu mộ riêng lẻ.<br>Vì vậy, ví dụ chiêu mộ 100 lần không đảm bảo chắc chắn nhận được thành viên có tỷ lệ Scout 1%.<br>- Để biết thêm về tỷ lệ Scout, vui lòng xem tab tỷ lệ Scout.<br>- Sau khi thực hiện Tutorial Scout: Ruby Kurosawa, ngay cả khi kết quả không hiển thị do thiết bị bị tắt cưỡng bức hoặc mất kết nối với server, kết quả vẫn được xử lý chính xác. Vui lòng kiểm tra Danh sách thành viên và số Penlight hiện có.<br>- Các thành viên từ Scout này có thể xuất hiện lại trong Scout khác trong tương lai.<br>- Sự kiện Scout này cũng có thể được mở lại trong tương lai.<br>- Thời gian và nội dung của Scout có thể thay đổi mà không báo trước.<br>- Nhấn nút ""Use Tickets"" ở góc dưới bên phải để Scout bằng Scout Ticket.<br>Scout Ticket không xuất hiện trong menu vé sẽ không thể dùng cho Scout này.<br>- Khi chiêu mộ lại thành viên đã sở hữu, bạn sẽ nhận Penlight đổi từ thành viên trùng. Số Penlight phụ thuộc vào Rarity của thành viên.<br>Thành viên R: 20<br>Thành viên SR: 50<br>Thành viên UR: 500<br>- Scout Point bạn nhận được sẽ tự động đổi thành 1 Skill Notebook (M) khi thời gian Scout kết thúc."
mst.lottery_caution.9110019._cautionText,"- Xem chi tiết Scout để biết thêm thông tin về các thành viên có thể xuất hiện.<br>- Có thể chiêu mộ cùng một thành viên nhiều lần trong Tutorial Scout: Ayumu Uehara.<br>- Tỷ lệ Scout được làm tròn đến chữ số thập phân thứ năm.<br>Vì vậy, tổng tỷ lệ Scout của từng thành viên có thể không bằng tổng tỷ lệ Scout.<br>- Tương tự, do cách hiển thị tỷ lệ Scout, tổng tỷ lệ có thể không bằng 100%.<br>- Tỷ lệ Scout của thành viên trong Tutorial Scout: Ayumu Uehara được áp dụng cho từng lần chiêu mộ riêng lẻ.<br>Vì vậy, ví dụ chiêu mộ 100 lần không đảm bảo chắc chắn nhận được thành viên có tỷ lệ Scout 1%.<br>- Để biết thêm về tỷ lệ Scout, vui lòng xem tab tỷ lệ Scout.<br>- Sau khi thực hiện Tutorial Scout: Ayumu Uehara, ngay cả khi kết quả không hiển thị do thiết bị bị tắt cưỡng bức hoặc mất kết nối với server, kết quả vẫn được xử lý chính xác. Vui lòng kiểm tra Danh sách thành viên và số Penlight hiện có.<br>- Các thành viên từ Scout này có thể xuất hiện lại trong Scout khác trong tương lai.<br>- Sự kiện Scout này cũng có thể được mở lại trong tương lai.<br>- Thời gian và nội dung của Scout có thể thay đổi mà không báo trước.<br>- Nhấn nút ""Use Tickets"" ở góc dưới bên phải để Scout bằng Scout Ticket.<br>Scout Ticket không xuất hiện trong menu vé sẽ không thể dùng cho Scout này.<br>- Khi chiêu mộ lại thành viên đã sở hữu, bạn sẽ nhận Penlight đổi từ thành viên trùng. Số Penlight phụ thuộc vào Rarity của thành viên.<br>Thành viên R: 20<br>Thành viên SR: 50<br>Thành viên UR: 500<br>- Scout Point bạn nhận được sẽ tự động đổi thành 1 Skill Notebook (M) khi thời gian Scout kết thúc."
mst.lottery_caution.9110020._cautionText,"- Xem chi tiết Scout để biết thêm thông tin về các thành viên có thể xuất hiện.<br>- Có thể chiêu mộ cùng một thành viên nhiều lần trong Tutorial Scout: Kasumi Nakasu.<br>- Tỷ lệ Scout được làm tròn đến chữ số thập phân thứ năm.<br>Vì vậy, tổng tỷ lệ Scout của từng thành viên có thể không bằng tổng tỷ lệ Scout.<br>- Tương tự, do cách hiển thị tỷ lệ Scout, tổng tỷ lệ có thể không bằng 100%.<br>- Tỷ lệ Scout của thành viên trong Tutorial Scout: Kasumi Nakasu được áp dụng cho từng lần chiêu mộ riêng lẻ.<br>Vì vậy, ví dụ chiêu mộ 100 lần không đảm bảo chắc chắn nhận được thành viên có tỷ lệ Scout 1%.<br>- Để biết thêm về tỷ lệ Scout, vui lòng xem tab tỷ lệ Scout.<br>- Sau khi thực hiện Tutorial Scout: Kasumi Nakasu, ngay cả khi kết quả không hiển thị do thiết bị bị tắt cưỡng bức hoặc mất kết nối với server, kết quả vẫn được xử lý chính xác. Vui lòng kiểm tra Danh sách thành viên và số Penlight hiện có.<br>- Các thành viên từ Scout này có thể xuất hiện lại trong Scout khác trong tương lai.<br>- Sự kiện Scout này cũng có thể được mở lại trong tương lai.<br>- Thời gian và nội dung của Scout có thể thay đổi mà không báo trước.<br>- Nhấn nút ""Use Tickets"" ở góc dưới bên phải để Scout bằng Scout Ticket.<br>Scout Ticket không xuất hiện trong menu vé sẽ không thể dùng cho Scout này.<br>- Khi chiêu mộ lại thành viên đã sở hữu, bạn sẽ nhận Penlight đổi từ thành viên trùng. Số Penlight phụ thuộc vào Rarity của thành viên.<br>Thành viên R: 20<br>Thành viên SR: 50<br>Thành viên UR: 500<br>- Scout Point bạn nhận được sẽ tự động đổi thành 1 Skill Notebook (M) khi thời gian Scout kết thúc."
mst.lottery_caution.9110021._cautionText,"- Xem chi tiết Scout để biết thêm thông tin về các thành viên có thể xuất hiện.<br>- Có thể chiêu mộ cùng một thành viên nhiều lần trong Tutorial Scout: Shizuku Osaka.<br>- Tỷ lệ Scout được làm tròn đến chữ số thập phân thứ năm.<br>Vì vậy, tổng tỷ lệ Scout của từng thành viên có thể không bằng tổng tỷ lệ Scout.<br>- Tương tự, do cách hiển thị tỷ lệ Scout, tổng tỷ lệ có thể không bằng 100%.<br>- Tỷ lệ Scout của thành viên trong Tutorial Scout: Shizuku Osaka được áp dụng cho từng lần chiêu mộ riêng lẻ.<br>Vì vậy, ví dụ chiêu mộ 100 lần không đảm bảo chắc chắn nhận được thành viên có tỷ lệ Scout 1%.<br>- Để biết thêm về tỷ lệ Scout, vui lòng xem tab tỷ lệ Scout.<br>- Sau khi thực hiện Tutorial Scout: Shizuku Osaka, ngay cả khi kết quả không hiển thị do thiết bị bị tắt cưỡng bức hoặc mất kết nối với server, kết quả vẫn được xử lý chính xác. Vui lòng kiểm tra Danh sách thành viên và số Penlight hiện có.<br>- Các thành viên từ Scout này có thể xuất hiện lại trong Scout khác trong tương lai.<br>- Sự kiện Scout này cũng có thể được mở lại trong tương lai.<br>- Thời gian và nội dung của Scout có thể thay đổi mà không báo trước.<br>- Nhấn nút ""Use Tickets"" ở góc dưới bên phải để Scout bằng Scout Ticket.<br>Scout Ticket không xuất hiện trong menu vé sẽ không thể dùng cho Scout này.<br>- Khi chiêu mộ lại thành viên đã sở hữu, bạn sẽ nhận Penlight đổi từ thành viên trùng. Số Penlight phụ thuộc vào Rarity của thành viên.<br>Thành viên R: 20<br>Thành viên SR: 50<br>Thành viên UR: 500<br>- Scout Point bạn nhận được sẽ tự động đổi thành 1 Skill Notebook (M) khi thời gian Scout kết thúc."
mst.lottery_caution.9110022._cautionText,"- Xem chi tiết Scout để biết thêm thông tin về các thành viên có thể xuất hiện.<br>- Có thể chiêu mộ cùng một thành viên nhiều lần trong Tutorial Scout: Karin Asaka.<br>- Tỷ lệ Scout được làm tròn đến chữ số thập phân thứ năm.<br>Vì vậy, tổng tỷ lệ Scout của từng thành viên có thể không bằng tổng tỷ lệ Scout.<br>- Tương tự, do cách hiển thị tỷ lệ Scout, tổng tỷ lệ có thể không bằng 100%.<br>- Tỷ lệ Scout của thành viên trong Tutorial Scout: Karin Asaka được áp dụng cho từng lần chiêu mộ riêng lẻ.<br>Vì vậy, ví dụ chiêu mộ 100 lần không đảm bảo chắc chắn nhận được thành viên có tỷ lệ Scout 1%.<br>- Để biết thêm về tỷ lệ Scout, vui lòng xem tab tỷ lệ Scout.<br>- Sau khi thực hiện Tutorial Scout: Karin Asaka, ngay cả khi kết quả không hiển thị do thiết bị bị tắt cưỡng bức hoặc mất kết nối với server, kết quả vẫn được xử lý chính xác. Vui lòng kiểm tra Danh sách thành viên và số Penlight hiện có.<br>- Các thành viên từ Scout này có thể xuất hiện lại trong Scout khác trong tương lai.<br>- Sự kiện Scout này cũng có thể được mở lại trong tương lai.<br>- Thời gian và nội dung của Scout có thể thay đổi mà không báo trước.<br>- Nhấn nút ""Use Tickets"" ở góc dưới bên phải để Scout bằng Scout Ticket.<br>Scout Ticket không xuất hiện trong menu vé sẽ không thể dùng cho Scout này.<br>- Khi chiêu mộ lại thành viên đã sở hữu, bạn sẽ nhận Penlight đổi từ thành viên trùng. Số Penlight phụ thuộc vào Rarity của thành viên.<br>Thành viên R: 20<br>Thành viên SR: 50<br>Thành viên UR: 500<br>- Scout Point bạn nhận được sẽ tự động đổi thành 1 Skill Notebook (M) khi thời gian Scout kết thúc."
mst.lottery_caution.9110023._cautionText,"- Xem chi tiết Scout để biết thêm thông tin về các thành viên có thể xuất hiện.<br>- Có thể chiêu mộ cùng một thành viên nhiều lần trong Tutorial Scout: Ai Miyashita.<br>- Tỷ lệ Scout được làm tròn đến chữ số thập phân thứ năm.<br>Vì vậy, tổng tỷ lệ Scout của từng thành viên có thể không bằng tổng tỷ lệ Scout.<br>- Tương tự, do cách hiển thị tỷ lệ Scout, tổng tỷ lệ có thể không bằng 100%.<br>- Tỷ lệ Scout của thành viên trong Tutorial Scout: Ai Miyashita được áp dụng cho từng lần chiêu mộ riêng lẻ.<br>Vì vậy, ví dụ chiêu mộ 100 lần không đảm bảo chắc chắn nhận được thành viên có tỷ lệ Scout 1%.<br>- Để biết thêm về tỷ lệ Scout, vui lòng xem tab tỷ lệ Scout.<br>- Sau khi thực hiện Tutorial Scout: Ai Miyashita, ngay cả khi kết quả không hiển thị do thiết bị bị tắt cưỡng bức hoặc mất kết nối với server, kết quả vẫn được xử lý chính xác. Vui lòng kiểm tra Danh sách thành viên và số Penlight hiện có.<br>- Các thành viên từ Scout này có thể xuất hiện lại trong Scout khác trong tương lai.<br>- Sự kiện Scout này cũng có thể được mở lại trong tương lai.<br>- Thời gian và nội dung của Scout có thể thay đổi mà không báo trước.<br>- Nhấn nút ""Use Tickets"" ở góc dưới bên phải để Scout bằng Scout Ticket.<br>Scout Ticket không xuất hiện trong menu vé sẽ không thể dùng cho Scout này.<br>- Khi chiêu mộ lại thành viên đã sở hữu, bạn sẽ nhận Penlight đổi từ thành viên trùng. Số Penlight phụ thuộc vào Rarity của thành viên.<br>Thành viên R: 20<br>Thành viên SR: 50<br>Thành viên UR: 500<br>- Scout Point bạn nhận được sẽ tự động đổi thành 1 Skill Notebook (M) khi thời gian Scout kết thúc."
mst.lottery_caution.9110024._cautionText,"- Xem chi tiết Scout để biết thêm thông tin về các thành viên có thể xuất hiện.<br>- Có thể chiêu mộ cùng một thành viên nhiều lần trong Tutorial Scout: Kanata Konoe.<br>- Tỷ lệ Scout được làm tròn đến chữ số thập phân thứ năm.<br>Vì vậy, tổng tỷ lệ Scout của từng thành viên có thể không bằng tổng tỷ lệ Scout.<br>- Tương tự, do cách hiển thị tỷ lệ Scout, tổng tỷ lệ có thể không bằng 100%.<br>- Tỷ lệ Scout của thành viên trong Tutorial Scout: Kanata Konoe được áp dụng cho từng lần chiêu mộ riêng lẻ.<br>Vì vậy, ví dụ chiêu mộ 100 lần không đảm bảo chắc chắn nhận được thành viên có tỷ lệ Scout 1%.<br>- Để biết thêm về tỷ lệ Scout, vui lòng xem tab tỷ lệ Scout.<br>- Sau khi thực hiện Tutorial Scout: Kanata Konoe, ngay cả khi kết quả không hiển thị do thiết bị bị tắt cưỡng bức hoặc mất kết nối với server, kết quả vẫn được xử lý chính xác. Vui lòng kiểm tra Danh sách thành viên và số Penlight hiện có.<br>- Các thành viên từ Scout này có thể xuất hiện lại trong Scout khác trong tương lai.<br>- Sự kiện Scout này cũng có thể được mở lại trong tương lai.<br>- Thời gian và nội dung của Scout có thể thay đổi mà không báo trước.<br>- Nhấn nút ""Use Tickets"" ở góc dưới bên phải để Scout bằng Scout Ticket.<br>Scout Ticket không xuất hiện trong menu vé sẽ không thể dùng cho Scout này.<br>- Khi chiêu mộ lại thành viên đã sở hữu, bạn sẽ nhận Penlight đổi từ thành viên trùng. Số Penlight phụ thuộc vào Rarity của thành viên.<br>Thành viên R: 20<br>Thành viên SR: 50<br>Thành viên UR: 500<br>- Scout Point bạn nhận được sẽ tự động đổi thành 1 Skill Notebook (M) khi thời gian Scout kết thúc."
mst.lottery_caution.9110025._cautionText,"- Check the ""Scout Details"" for information on member appearance rates.<br>- Members appearing in Tutorial Scout [Setsuna Yuki] may appear multiple times.<br>- Tỷ lệ xuất hiện được làm tròn đến chữ số thập phân thứ năm.<br>Therefore, the sum of individual appearance rates may differ from the total displayed rate.<br>- Due to display limitations, the total appearance rate may not always equal 100%.<br>- Tutorial Scout [Setsuna Yuki] selects members based on their appearance rates for each draw.<br>For example, a member with a 1% appearance rate is not guaranteed to appear within 100 draws.<br>- Please check the ""Appearance Rates"" tab for more information.<br>- If Tutorial Scout [Setsuna Yuki] is interrupted or disconnected before the results screen appears, the Scout will still be processed correctly. Please check your member list and Light Stick count.<br>- Members featured in this Scout may reappear in future events.<br>- This Scout event may be re-run at a later date.<br>- The duration and details of this Scout are subject to change without notice.<br>- You can use Scout Tickets by tapping the ""Scout with Tickets"" button on the lower right of the screen.<br>Tickets not displayed in the “Scout with Tickets” menu cannot be used for this Scout.<br>- If you Scout a member who has already joined your team, you will receive Light Sticks instead, based on their rarity:<br>Thành viên R: 20<br>Thành viên SR: 50<br>Thành viên UR: 500<br>- Obtained Scout Points will be automatically converted into 1 Skill Book (M) at the end of the event."
mst.lottery_caution.9110026._cautionText,"- Xem chi tiết Scout để biết thêm thông tin về các thành viên có thể xuất hiện.<br>- Có thể chiêu mộ cùng một thành viên nhiều lần trong Tutorial Scout: Emma Verde.<br>- Tỷ lệ Scout được làm tròn đến chữ số thập phân thứ năm.<br>Vì vậy, tổng tỷ lệ Scout của từng thành viên có thể không bằng tổng tỷ lệ Scout.<br>- Tương tự, do cách hiển thị tỷ lệ Scout, tổng tỷ lệ có thể không bằng 100%.<br>- Tỷ lệ Scout của thành viên trong Tutorial Scout: Emma Verde được áp dụng cho từng lần chiêu mộ riêng lẻ.<br>Vì vậy, ví dụ chiêu mộ 100 lần không đảm bảo chắc chắn nhận được thành viên có tỷ lệ Scout 1%.<br>- Để biết thêm về tỷ lệ Scout, vui lòng xem tab tỷ lệ Scout.<br>- Sau khi thực hiện Tutorial Scout: Emma Verde, ngay cả khi kết quả không hiển thị do thiết bị bị tắt cưỡng bức hoặc mất kết nối với server, kết quả vẫn được xử lý chính xác. Vui lòng kiểm tra Danh sách thành viên và số Penlight hiện có.<br>- Các thành viên từ Scout này có thể xuất hiện lại trong Scout khác trong tương lai.<br>- Sự kiện Scout này cũng có thể được mở lại trong tương lai.<br>- Thời gian và nội dung của Scout có thể thay đổi mà không báo trước.<br>- Nhấn nút ""Use Tickets"" ở góc dưới bên phải để Scout bằng Scout Ticket.<br>Scout Ticket không xuất hiện trong menu vé sẽ không thể dùng cho Scout này.<br>- Khi chiêu mộ lại thành viên đã sở hữu, bạn sẽ nhận Penlight đổi từ thành viên trùng. Số Penlight phụ thuộc vào Rarity của thành viên.<br>Thành viên R: 20<br>Thành viên SR: 50<br>Thành viên UR: 500<br>- Scout Point bạn nhận được sẽ tự động đổi thành 1 Skill Notebook (M) khi thời gian Scout kết thúc."
mst.lottery_caution.9110027._cautionText,"- Xem chi tiết Scout để biết thêm thông tin về các thành viên có thể xuất hiện.<br>- Có thể chiêu mộ cùng một thành viên nhiều lần trong Tutorial Scout: Rina Tennoji.<br>- Tỷ lệ Scout được làm tròn đến chữ số thập phân thứ năm.<br>Vì vậy, tổng tỷ lệ Scout của từng thành viên có thể không bằng tổng tỷ lệ Scout.<br>- Tương tự, do cách hiển thị tỷ lệ Scout, tổng tỷ lệ có thể không bằng 100%.<br>- Tỷ lệ Scout của thành viên trong Tutorial Scout: Rina Tennoji được áp dụng cho từng lần chiêu mộ riêng lẻ.<br>Vì vậy, ví dụ chiêu mộ 100 lần không đảm bảo chắc chắn nhận được thành viên có tỷ lệ Scout 1%.<br>- Để biết thêm về tỷ lệ Scout, vui lòng xem tab tỷ lệ Scout.<br>- Sau khi thực hiện Tutorial Scout: Rina Tennoji, ngay cả khi kết quả không hiển thị do thiết bị bị tắt cưỡng bức hoặc mất kết nối với server, kết quả vẫn được xử lý chính xác. Vui lòng kiểm tra Danh sách thành viên và số Penlight hiện có.<br>- Các thành viên từ Scout này có thể xuất hiện lại trong Scout khác trong tương lai.<br>- Sự kiện Scout này cũng có thể được mở lại trong tương lai.<br>- Thời gian và nội dung của Scout có thể thay đổi mà không báo trước.<br>- Nhấn nút ""Use Tickets"" ở góc dưới bên phải để Scout bằng Scout Ticket.<br>Scout Ticket không xuất hiện trong menu vé sẽ không thể dùng cho Scout này.<br>- Khi chiêu mộ lại thành viên đã sở hữu, bạn sẽ nhận Penlight đổi từ thành viên trùng. Số Penlight phụ thuộc vào Rarity của thành viên.<br>Thành viên R: 20<br>Thành viên SR: 50<br>Thành viên UR: 500<br>- Scout Point bạn nhận được sẽ tự động đổi thành 1 Skill Notebook (M) khi thời gian Scout kết thúc."
mst.lottery_caution.9110028._cautionText,"- Xem chi tiết Scout để biết thêm thông tin về các thành viên có thể xuất hiện.<br>- Có thể chiêu mộ cùng một thành viên nhiều lần trong Tutorial Scout: Shioriko Mifune.<br>- Tỷ lệ Scout được làm tròn đến chữ số thập phân thứ năm.<br>Vì vậy, tổng tỷ lệ Scout của từng thành viên có thể không bằng tổng tỷ lệ Scout.<br>- Tương tự, do cách hiển thị tỷ lệ Scout, tổng tỷ lệ có thể không bằng 100%.<br>- Tỷ lệ Scout của thành viên trong Tutorial Scout: Shioriko Mifune được áp dụng cho từng lần chiêu mộ riêng lẻ.<br>Vì vậy, ví dụ chiêu mộ 100 lần không đảm bảo chắc chắn nhận được thành viên có tỷ lệ Scout 1%.<br>- Để biết thêm về tỷ lệ Scout, vui lòng xem tab tỷ lệ Scout.<br>- Sau khi thực hiện Tutorial Scout: Shioriko Mifune, ngay cả khi kết quả không hiển thị do thiết bị bị tắt cưỡng bức hoặc mất kết nối với server, kết quả vẫn được xử lý chính xác. Vui lòng kiểm tra Danh sách thành viên và số Penlight hiện có.<br>- Các thành viên từ Scout này có thể xuất hiện lại trong Scout khác trong tương lai.<br>- Sự kiện Scout này cũng có thể được mở lại trong tương lai.<br>- Thời gian và nội dung của Scout có thể thay đổi mà không báo trước.<br>- Nhấn nút ""Use Tickets"" ở góc dưới bên phải để Scout bằng Scout Ticket.<br>Scout Ticket không xuất hiện trong menu vé sẽ không thể dùng cho Scout này.<br>- Khi chiêu mộ lại thành viên đã sở hữu, bạn sẽ nhận Penlight đổi từ thành viên trùng. Số Penlight phụ thuộc vào Rarity của thành viên.<br>Thành viên R: 20<br>Thành viên SR: 50<br>Thành viên UR: 500<br>- Scout Point bạn nhận được sẽ tự động đổi thành 1 Skill Notebook (M) khi thời gian Scout kết thúc."
mst.lottery_caution.9110029._cautionText,"- Xem chi tiết Scout để biết thêm thông tin về các thành viên có thể xuất hiện.<br>- Có thể chiêu mộ cùng một thành viên nhiều lần trong Tutorial Scout: Mia Taylor.<br>- Tỷ lệ Scout được làm tròn đến chữ số thập phân thứ năm.<br>Vì vậy, tổng tỷ lệ Scout của từng thành viên có thể không bằng tổng tỷ lệ Scout.<br>- Tương tự, do cách hiển thị tỷ lệ Scout, tổng tỷ lệ có thể không bằng 100%.<br>- Tỷ lệ Scout của thành viên trong Tutorial Scout: Mia Taylor được áp dụng cho từng lần chiêu mộ riêng lẻ.<br>Vì vậy, ví dụ chiêu mộ 100 lần không đảm bảo chắc chắn nhận được thành viên có tỷ lệ Scout 1%.<br>- Để biết thêm về tỷ lệ Scout, vui lòng xem tab tỷ lệ Scout.<br>- Sau khi thực hiện Tutorial Scout: Mia Taylor, ngay cả khi kết quả không hiển thị do thiết bị bị tắt cưỡng bức hoặc mất kết nối với server, kết quả vẫn được xử lý chính xác. Vui lòng kiểm tra Danh sách thành viên và số Penlight hiện có.<br>- Các thành viên từ Scout này có thể xuất hiện lại trong Scout khác trong tương lai.<br>- Sự kiện Scout này cũng có thể được mở lại trong tương lai.<br>- Thời gian và nội dung của Scout có thể thay đổi mà không báo trước.<br>- Nhấn nút ""Use Tickets"" ở góc dưới bên phải để Scout bằng Scout Ticket.<br>Scout Ticket không xuất hiện trong menu vé sẽ không thể dùng cho Scout này.<br>- Khi chiêu mộ lại thành viên đã sở hữu, bạn sẽ nhận Penlight đổi từ thành viên trùng. Số Penlight phụ thuộc vào Rarity của thành viên.<br>Thành viên R: 20<br>Thành viên SR: 50<br>Thành viên UR: 500<br>- Scout Point bạn nhận được sẽ tự động đổi thành 1 Skill Notebook (M) khi thời gian Scout kết thúc."
mst.lottery_caution.9110030._cautionText,"- Check the ""Appearance Rate"" details for more information on member availability.<br>- The same members may appear multiple times in Tutorial Recruit: Lanzhu Zhong.<br>- Tỷ lệ xuất hiện được làm tròn đến chữ số thập phân thứ năm.<br>Therefore, the sum of individual appearance rates may not match the total appearance rate displayed.<br>- Due to display limitations, the total appearance rate may not always add up to 100%.<br>- Each recruit in Tutorial Recruit: Lanzhu Zhong is determined based on the listed appearance rates.<br>For example, a member with a 1% appearance rate isn’t guaranteed to appear within 100 recruits.<br>- Please check the Appearance Rate tab for more information about appearance rates.<br>- If Tutorial Recruit: Lanzhu Zhong is interrupted or disconnected before the results screen appears, the recruit will still be processed correctly. Please check your member list and Light Stick count.<br>- Members appearing in this Recruit may become available again in future events.<br>- This Recruit event may also be re-run at a later date.<br>- The availability period and details of this Recruit are subject to change without notice.<br>- You can use Recruit Tickets by tapping the “Recruit with Tickets” button on the lower right of the screen.<br>Tickets not displayed in the ""Recruit with Tickets"" menu cannot be used for this Recruit.<br>- If you recruit a member you already have, you’ll receive Light Sticks instead. The amount depends on the member's rarity:<br>Thành viên R: 20<br>Thành viên SR: 50<br>Thành viên UR: 500<br>- Obtained Recruit Points will be automatically converted into 1 Skill Book (M) when the Recruit period ends."
mst.lottery_caution.9110031._cautionText,"- Xem chi tiết Scout để biết thêm thông tin về các thành viên có thể xuất hiện.<br>- Có thể chiêu mộ cùng một thành viên nhiều lần trong Tutorial Scout: Kanon Shibuya.<br>- Tỷ lệ Scout được làm tròn đến chữ số thập phân thứ năm.<br>Vì vậy, tổng tỷ lệ Scout của từng thành viên có thể không bằng tổng tỷ lệ Scout.<br>- Tương tự, do cách hiển thị tỷ lệ Scout, tổng tỷ lệ có thể không bằng 100%.<br>- Tỷ lệ Scout của thành viên trong Tutorial Scout: Kanon Shibuya được áp dụng cho từng lần chiêu mộ riêng lẻ.<br>Vì vậy, ví dụ chiêu mộ 100 lần không đảm bảo chắc chắn nhận được thành viên có tỷ lệ Scout 1%.<br>- Để biết thêm về tỷ lệ Scout, vui lòng xem tab tỷ lệ Scout.<br>- Sau khi thực hiện Tutorial Scout: Kanon Shibuya, ngay cả khi kết quả không hiển thị do thiết bị bị tắt cưỡng bức hoặc mất kết nối với server, kết quả vẫn được xử lý chính xác. Vui lòng kiểm tra Danh sách thành viên và số Penlight hiện có.<br>- Các thành viên từ Scout này có thể xuất hiện lại trong Scout khác trong tương lai.<br>- Sự kiện Scout này cũng có thể được mở lại trong tương lai.<br>- Thời gian và nội dung của Scout có thể thay đổi mà không báo trước.<br>- Nhấn nút ""Use Tickets"" ở góc dưới bên phải để Scout bằng Scout Ticket.<br>Scout Ticket không xuất hiện trong menu vé sẽ không thể dùng cho Scout này.<br>- Khi chiêu mộ lại thành viên đã sở hữu, bạn sẽ nhận Penlight đổi từ thành viên trùng. Số Penlight phụ thuộc vào Rarity của thành viên.<br>Thành viên R: 20<br>Thành viên SR: 50<br>Thành viên UR: 500<br>- Scout Point bạn nhận được sẽ tự động đổi thành 1 Skill Notebook (M) khi thời gian Scout kết thúc."
mst.lottery_caution.9110032._cautionText,"- Xem chi tiết Scout để biết thêm thông tin về các thành viên có thể xuất hiện.<br>- Có thể chiêu mộ cùng một thành viên nhiều lần trong Tutorial Scout: Keke Tang.<br>- Tỷ lệ Scout được làm tròn đến chữ số thập phân thứ năm.<br>Vì vậy, tổng tỷ lệ Scout của từng thành viên có thể không bằng tổng tỷ lệ Scout.<br>- Tương tự, do cách hiển thị tỷ lệ Scout, tổng tỷ lệ có thể không bằng 100%.<br>- Tỷ lệ Scout của thành viên trong Tutorial Scout: Keke Tang được áp dụng cho từng lần chiêu mộ riêng lẻ.<br>Vì vậy, ví dụ chiêu mộ 100 lần không đảm bảo chắc chắn nhận được thành viên có tỷ lệ Scout 1%.<br>- Để biết thêm về tỷ lệ Scout, vui lòng xem tab tỷ lệ Scout.<br>- Sau khi thực hiện Tutorial Scout: Keke Tang, ngay cả khi kết quả không hiển thị do thiết bị bị tắt cưỡng bức hoặc mất kết nối với server, kết quả vẫn được xử lý chính xác. Vui lòng kiểm tra Danh sách thành viên và số Penlight hiện có.<br>- Các thành viên từ Scout này có thể xuất hiện lại trong Scout khác trong tương lai.<br>- Sự kiện Scout này cũng có thể được mở lại trong tương lai.<br>- Thời gian và nội dung của Scout có thể thay đổi mà không báo trước.<br>- Nhấn nút ""Use Tickets"" ở góc dưới bên phải để Scout bằng Scout Ticket.<br>Scout Ticket không xuất hiện trong menu vé sẽ không thể dùng cho Scout này.<br>- Khi chiêu mộ lại thành viên đã sở hữu, bạn sẽ nhận Penlight đổi từ thành viên trùng. Số Penlight phụ thuộc vào Rarity của thành viên.<br>Thành viên R: 20<br>Thành viên SR: 50<br>Thành viên UR: 500<br>- Scout Point bạn nhận được sẽ tự động đổi thành 1 Skill Notebook (M) khi thời gian Scout kết thúc."
mst.lottery_caution.9110033._cautionText,"- Xem chi tiết Scout để biết thêm thông tin về các thành viên có thể xuất hiện.<br>- Có thể chiêu mộ cùng một thành viên nhiều lần trong Tutorial Scout: Chisato Arashi.<br>- Tỷ lệ Scout được làm tròn đến chữ số thập phân thứ năm.<br>Vì vậy, tổng tỷ lệ Scout của từng thành viên có thể không bằng tổng tỷ lệ Scout.<br>- Tương tự, do cách hiển thị tỷ lệ Scout, tổng tỷ lệ có thể không bằng 100%.<br>- Tỷ lệ Scout của thành viên trong Tutorial Scout: Chisato Arashi được áp dụng cho từng lần chiêu mộ riêng lẻ.<br>Vì vậy, ví dụ chiêu mộ 100 lần không đảm bảo chắc chắn nhận được thành viên có tỷ lệ Scout 1%.<br>- Để biết thêm về tỷ lệ Scout, vui lòng xem tab tỷ lệ Scout.<br>- Sau khi thực hiện Tutorial Scout: Chisato Arashi, ngay cả khi kết quả không hiển thị do thiết bị bị tắt cưỡng bức hoặc mất kết nối với server, kết quả vẫn được xử lý chính xác. Vui lòng kiểm tra Danh sách thành viên và số Penlight hiện có.<br>- Các thành viên từ Scout này có thể xuất hiện lại trong Scout khác trong tương lai.<br>- Sự kiện Scout này cũng có thể được mở lại trong tương lai.<br>- Thời gian và nội dung của Scout có thể thay đổi mà không báo trước.<br>- Nhấn nút ""Use Tickets"" ở góc dưới bên phải để Scout bằng Scout Ticket.<br>Scout Ticket không xuất hiện trong menu vé sẽ không thể dùng cho Scout này.<br>- Khi chiêu mộ lại thành viên đã sở hữu, bạn sẽ nhận Penlight đổi từ thành viên trùng. Số Penlight phụ thuộc vào Rarity của thành viên.<br>Thành viên R: 20<br>Thành viên SR: 50<br>Thành viên UR: 500<br>- Scout Point bạn nhận được sẽ tự động đổi thành 1 Skill Notebook (M) khi thời gian Scout kết thúc."
mst.lottery_caution.9110034._cautionText,"- Xem chi tiết Scout để biết thêm thông tin về các thành viên có thể xuất hiện.<br>- Có thể chiêu mộ cùng một thành viên nhiều lần trong Tutorial Scout: Sumire Heanna.<br>- Tỷ lệ Scout được làm tròn đến chữ số thập phân thứ năm.<br>Vì vậy, tổng tỷ lệ Scout của từng thành viên có thể không bằng tổng tỷ lệ Scout.<br>- Tương tự, do cách hiển thị tỷ lệ Scout, tổng tỷ lệ có thể không bằng 100%.<br>- Tỷ lệ Scout của thành viên trong Tutorial Scout: Sumire Heanna được áp dụng cho từng lần chiêu mộ riêng lẻ.<br>Vì vậy, ví dụ chiêu mộ 100 lần không đảm bảo chắc chắn nhận được thành viên có tỷ lệ Scout 1%.<br>- Để biết thêm về tỷ lệ Scout, vui lòng xem tab tỷ lệ Scout.<br>- Sau khi thực hiện Tutorial Scout: Sumire Heanna, ngay cả khi kết quả không hiển thị do thiết bị bị tắt cưỡng bức hoặc mất kết nối với server, kết quả vẫn được xử lý chính xác. Vui lòng kiểm tra Danh sách thành viên và số Penlight hiện có.<br>- Các thành viên từ Scout này có thể xuất hiện lại trong Scout khác trong tương lai.<br>- Sự kiện Scout này cũng có thể được mở lại trong tương lai.<br>- Thời gian và nội dung của Scout có thể thay đổi mà không báo trước.<br>- Nhấn nút ""Use Tickets"" ở góc dưới bên phải để Scout bằng Scout Ticket.<br>Scout Ticket không xuất hiện trong menu vé sẽ không thể dùng cho Scout này.<br>- Khi chiêu mộ lại thành viên đã sở hữu, bạn sẽ nhận Penlight đổi từ thành viên trùng. Số Penlight phụ thuộc vào Rarity của thành viên.<br>Thành viên R: 20<br>Thành viên SR: 50<br>Thành viên UR: 500<br>- Scout Point bạn nhận được sẽ tự động đổi thành 1 Skill Notebook (M) khi thời gian Scout kết thúc."
mst.lottery_caution.9110035._cautionText,"- Xem chi tiết Scout để biết thêm thông tin về các thành viên có thể xuất hiện.<br>- Có thể chiêu mộ cùng một thành viên nhiều lần trong Tutorial Scout: Ren Hazuki.<br>- Tỷ lệ Scout được làm tròn đến chữ số thập phân thứ năm.<br>Vì vậy, tổng tỷ lệ Scout của từng thành viên có thể không bằng tổng tỷ lệ Scout.<br>- Tương tự, do cách hiển thị tỷ lệ Scout, tổng tỷ lệ có thể không bằng 100%.<br>- Tỷ lệ Scout của thành viên trong Tutorial Scout: Ren Hazuki được áp dụng cho từng lần chiêu mộ riêng lẻ.<br>Vì vậy, ví dụ chiêu mộ 100 lần không đảm bảo chắc chắn nhận được thành viên có tỷ lệ Scout 1%.<br>- Để biết thêm về tỷ lệ Scout, vui lòng xem tab tỷ lệ Scout.<br>- Sau khi thực hiện Tutorial Scout: Ren Hazuki, ngay cả khi kết quả không hiển thị do thiết bị bị tắt cưỡng bức hoặc mất kết nối với server, kết quả vẫn được xử lý chính xác. Vui lòng kiểm tra Danh sách thành viên và số Penlight hiện có.<br>- Các thành viên từ Scout này có thể xuất hiện lại trong Scout khác trong tương lai.<br>- Sự kiện Scout này cũng có thể được mở lại trong tương lai.<br>- Thời gian và nội dung của Scout có thể thay đổi mà không báo trước.<br>- Nhấn nút ""Use Tickets"" ở góc dưới bên phải để Scout bằng Scout Ticket.<br>Scout Ticket không xuất hiện trong menu vé sẽ không thể dùng cho Scout này.<br>- Khi chiêu mộ lại thành viên đã sở hữu, bạn sẽ nhận Penlight đổi từ thành viên trùng. Số Penlight phụ thuộc vào Rarity của thành viên.<br>Thành viên R: 20<br>Thành viên SR: 50<br>Thành viên UR: 500<br>- Scout Point bạn nhận được sẽ tự động đổi thành 1 Skill Notebook (M) khi thời gian Scout kết thúc."
mst.lottery_caution.9110036._cautionText,"- Xem chi tiết Scout để biết thêm thông tin về các thành viên có thể xuất hiện.<br>- Có thể chiêu mộ cùng một thành viên nhiều lần trong Tutorial Scout: Kinako Sakurakoji.<br>- Tỷ lệ Scout được làm tròn đến chữ số thập phân thứ năm.<br>Vì vậy, tổng tỷ lệ Scout của từng thành viên có thể không bằng tổng tỷ lệ Scout.<br>- Tương tự, do cách hiển thị tỷ lệ Scout, tổng tỷ lệ có thể không bằng 100%.<br>- Tỷ lệ Scout của thành viên trong Tutorial Scout: Kinako Sakurakoji được áp dụng cho từng lần chiêu mộ riêng lẻ.<br>Vì vậy, ví dụ chiêu mộ 100 lần không đảm bảo chắc chắn nhận được thành viên có tỷ lệ Scout 1%.<br>- Để biết thêm về tỷ lệ Scout, vui lòng xem tab tỷ lệ Scout.<br>- Sau khi thực hiện Tutorial Scout: Kinako Sakurakoji, ngay cả khi kết quả không hiển thị do thiết bị bị tắt cưỡng bức hoặc mất kết nối với server, kết quả vẫn được xử lý chính xác. Vui lòng kiểm tra Danh sách thành viên và số Penlight hiện có.<br>- Các thành viên từ Scout này có thể xuất hiện lại trong Scout khác trong tương lai.<br>- Sự kiện Scout này cũng có thể được mở lại trong tương lai.<br>- Thời gian và nội dung của Scout có thể thay đổi mà không báo trước.<br>- Nhấn nút ""Use Tickets"" ở góc dưới bên phải để Scout bằng Scout Ticket.<br>Scout Ticket không xuất hiện trong menu vé sẽ không thể dùng cho Scout này.<br>- Khi chiêu mộ lại thành viên đã sở hữu, bạn sẽ nhận Penlight đổi từ thành viên trùng. Số Penlight phụ thuộc vào Rarity của thành viên.<br>Thành viên R: 20<br>Thành viên SR: 50<br>Thành viên UR: 500<br>- Scout Point bạn nhận được sẽ tự động đổi thành 1 Skill Notebook (M) khi thời gian Scout kết thúc."
mst.lottery_caution.9110037._cautionText,"- Xem chi tiết Scout để biết thêm thông tin về các thành viên có thể xuất hiện.<br>- Có thể chiêu mộ cùng một thành viên nhiều lần trong Tutorial Scout: Mei Yoneme.<br>- Tỷ lệ Scout được làm tròn đến chữ số thập phân thứ năm.<br>Vì vậy, tổng tỷ lệ Scout của từng thành viên có thể không bằng tổng tỷ lệ Scout.<br>- Tương tự, do cách hiển thị tỷ lệ Scout, tổng tỷ lệ có thể không bằng 100%.<br>- Tỷ lệ Scout của thành viên trong Tutorial Scout: Mei Yoneme được áp dụng cho từng lần chiêu mộ riêng lẻ.<br>Vì vậy, ví dụ chiêu mộ 100 lần không đảm bảo chắc chắn nhận được thành viên có tỷ lệ Scout 1%.<br>- Để biết thêm về tỷ lệ Scout, vui lòng xem tab tỷ lệ Scout.<br>- Sau khi thực hiện Tutorial Scout: Mei Yoneme, ngay cả khi kết quả không hiển thị do thiết bị bị tắt cưỡng bức hoặc mất kết nối với server, kết quả vẫn được xử lý chính xác. Vui lòng kiểm tra Danh sách thành viên và số Penlight hiện có.<br>- Các thành viên từ Scout này có thể xuất hiện lại trong Scout khác trong tương lai.<br>- Sự kiện Scout này cũng có thể được mở lại trong tương lai.<br>- Thời gian và nội dung của Scout có thể thay đổi mà không báo trước.<br>- Nhấn nút ""Use Tickets"" ở góc dưới bên phải để Scout bằng Scout Ticket.<br>Scout Ticket không xuất hiện trong menu vé sẽ không thể dùng cho Scout này.<br>- Khi chiêu mộ lại thành viên đã sở hữu, bạn sẽ nhận Penlight đổi từ thành viên trùng. Số Penlight phụ thuộc vào Rarity của thành viên.<br>Thành viên R: 20<br>Thành viên SR: 50<br>Thành viên UR: 500<br>- Scout Point bạn nhận được sẽ tự động đổi thành 1 Skill Notebook (M) khi thời gian Scout kết thúc."
mst.lottery_caution.9110038._cautionText,"- Xem chi tiết Scout để biết thêm thông tin về các thành viên có thể xuất hiện.<br>- Có thể chiêu mộ cùng một thành viên nhiều lần trong Tutorial Scout: Shiki Wakana.<br>- Tỷ lệ Scout được làm tròn đến chữ số thập phân thứ năm.<br>Vì vậy, tổng tỷ lệ Scout của từng thành viên có thể không bằng tổng tỷ lệ Scout.<br>- Tương tự, do cách hiển thị tỷ lệ Scout, tổng tỷ lệ có thể không bằng 100%.<br>- Tỷ lệ Scout của thành viên trong Tutorial Scout: Shiki Wakana được áp dụng cho từng lần chiêu mộ riêng lẻ.<br>Vì vậy, ví dụ chiêu mộ 100 lần không đảm bảo chắc chắn nhận được thành viên có tỷ lệ Scout 1%.<br>- Để biết thêm về tỷ lệ Scout, vui lòng xem tab tỷ lệ Scout.<br>- Sau khi thực hiện Tutorial Scout: Shiki Wakana, ngay cả khi kết quả không hiển thị do thiết bị bị tắt cưỡng bức hoặc mất kết nối với server, kết quả vẫn được xử lý chính xác. Vui lòng kiểm tra Danh sách thành viên và số Penlight hiện có.<br>- Các thành viên từ Scout này có thể xuất hiện lại trong Scout khác trong tương lai.<br>- Sự kiện Scout này cũng có thể được mở lại trong tương lai.<br>- Thời gian và nội dung của Scout có thể thay đổi mà không báo trước.<br>- Nhấn nút ""Use Tickets"" ở góc dưới bên phải để Scout bằng Scout Ticket.<br>Scout Ticket không xuất hiện trong menu vé sẽ không thể dùng cho Scout này.<br>- Khi chiêu mộ lại thành viên đã sở hữu, bạn sẽ nhận Penlight đổi từ thành viên trùng. Số Penlight phụ thuộc vào Rarity của thành viên.<br>Thành viên R: 20<br>Thành viên SR: 50<br>Thành viên UR: 500<br>- Scout Point bạn nhận được sẽ tự động đổi thành 1 Skill Notebook (M) khi thời gian Scout kết thúc."
mst.lottery_caution.9110039._cautionText,"- Xem chi tiết Scout để biết thêm thông tin về các thành viên có thể xuất hiện.<br>- Có thể chiêu mộ cùng một thành viên nhiều lần trong Tutorial Scout: Natsumi Onitsuka.<br>- Tỷ lệ Scout được làm tròn đến chữ số thập phân thứ năm.<br>Vì vậy, tổng tỷ lệ Scout của từng thành viên có thể không bằng tổng tỷ lệ Scout.<br>- Tương tự, do cách hiển thị tỷ lệ Scout, tổng tỷ lệ có thể không bằng 100%.<br>- Tỷ lệ Scout của thành viên trong Tutorial Scout: Natsumi Onitsuka được áp dụng cho từng lần chiêu mộ riêng lẻ.<br>Vì vậy, ví dụ chiêu mộ 100 lần không đảm bảo chắc chắn nhận được thành viên có tỷ lệ Scout 1%.<br>- Để biết thêm về tỷ lệ Scout, vui lòng xem tab tỷ lệ Scout.<br>- Sau khi thực hiện Tutorial Scout: Natsumi Onitsuka, ngay cả khi kết quả không hiển thị do thiết bị bị tắt cưỡng bức hoặc mất kết nối với server, kết quả vẫn được xử lý chính xác. Vui lòng kiểm tra Danh sách thành viên và số Penlight hiện có.<br>- Các thành viên từ Scout này có thể xuất hiện lại trong Scout khác trong tương lai.<br>- Sự kiện Scout này cũng có thể được mở lại trong tương lai.<br>- Thời gian và nội dung của Scout có thể thay đổi mà không báo trước.<br>- Nhấn nút ""Use Tickets"" ở góc dưới bên phải để Scout bằng Scout Ticket.<br>Scout Ticket không xuất hiện trong menu vé sẽ không thể dùng cho Scout này.<br>- Khi chiêu mộ lại thành viên đã sở hữu, bạn sẽ nhận Penlight đổi từ thành viên trùng. Số Penlight phụ thuộc vào Rarity của thành viên.<br>Thành viên R: 20<br>Thành viên SR: 50<br>Thành viên UR: 500<br>- Scout Point bạn nhận được sẽ tự động đổi thành 1 Skill Notebook (M) khi thời gian Scout kết thúc."
