_key,_text
mst.lottery_info.1110001._infoText,Perayaan Rilis Rekrut
mst.lottery_info.1110001._detailText,"“Rekrut Edisi Spesial” menjamin kemunculan Idol dengan tingkat kelangkaan R atau lebih tinggi. <br> “Rekrut Sekali” dapat dilakukan dengan 300 Loveca. <br> “Rekrut 10 Kali” dapat dilakukan dengan 3000 Loveca dan menjamin setidaknya satu Idol dengan tingkat kelangkaan SR atau lebih tinggi akan bergabung. <br> “Rekrut Sekali (Berbayar)” dapat dilakukan sekali sehari dengan 150 Loveca berbayar. <br> <br> Jika Idol yang sudah ada muncul, mereka akan secara otomatis diubah menjadi “Penlight”. <br> ※Penlight yang telah diubah akan ditambahkan langsung tanpa melalui hadiah. <br> ※Jika batas kepemilikan Penlight tercapai, mereka akan diberikan sebagai hadiah. <br> ※Jumlah Penlight yang diperoleh bervariasi tergantung pada tingkat kelangkaan Idol. <br> ・UR: 500 <br> ・SR: 50 <br> ・R: 20 <br> <br> Selain itu, Anda akan mendapatkan “Poin Rekrut [Edisi Spesial]” sesuai dengan jumlah Idol yang muncul. <br> “Poin Rekrut” yang diperoleh dapat ditukar dengan Idol atau item lainnya di toko penukaran. <br> “Poin Rekrut” yang dapat diperoleh dalam Rekrut Edisi Spesial juga dapat diperoleh dalam rekrut berikut: <br> ・Rekrut Edisi Spesial (Dijamin UR) <br> <br> “Poin Rekrut” yang tidak ditukar akan secara otomatis diubah menjadi “Buku Keterampilan (Menengah)” pada akhir periode rekrut ini. <br> ※Buku Keterampilan (Menengah) yang telah diubah akan ditambahkan langsung tanpa melalui hadiah. <br> ※Jika batas kepemilikan Buku Keterampilan (Menengah) tercapai, mereka akan diberikan sebagai hadiah."
mst.lottery_info.1110002._infoText,Rekrut UR Spesial Edisi Rilis
mst.lottery_info.1110002._detailText,"“Rekrut Spesial UR [Perayaan Rilis]” dapat dilakukan dengan 3000 Loveca berbayar, dan menjamin penambahan satu Idol UR. <br><br>Jika Idol yang sudah bergabung muncul, mereka akan secara otomatis diubah menjadi “Lampu Sorot”. <br>※Lampu Sorot yang telah diubah akan ditambahkan langsung tanpa melalui hadiah. <br>※Jika batas kepemilikan Lampu Sorot tercapai, mereka akan diberikan sebagai hadiah. <br>※Jumlah Lampu Sorot yang diperoleh berbeda tergantung pada kelangkaan Idol. <br>・UR: 500 <br>・SR: 50 <br>・R: 20 <br><br>Selain itu, Anda akan mendapatkan “Poin Rekrut [Perayaan Rilis]” sesuai dengan jumlah Idol yang muncul. <br>“Poin Rekrut” yang diperoleh dapat ditukar dengan Idol dan item lainnya di toko penukaran. <br>“Poin Rekrut” yang dapat diperoleh dalam “Rekrut Spesial UR [Perayaan Rilis]” juga dapat diperoleh dalam rekrut berikut: <br>・Rekrut Perayaan Rilis <br><br>“Poin Rekrut” yang tidak ditukar akan secara otomatis diubah menjadi “Buku Keterampilan (Menengah)” pada akhir periode rekrut ini. <br>※Buku Keterampilan (Menengah) yang telah diubah akan ditambahkan langsung tanpa melalui hadiah. <br>※Jika batas kepemilikan Buku Keterampilan (Menengah) tercapai, mereka akan diberikan sebagai hadiah."
mst.lottery_info.1110003._infoText,"Rekrut Pikiran – Setelah Sekolah di Harajuku, Liella!♡"
mst.lottery_info.1110003._detailText,"“Rekrut Spesial – Love Live! School Idol Festival After School Liella!♡” menjamin kemunculan Idol dengan tingkat kelangkaan R atau lebih tinggi. <br> “Rekrut Tunggal” dapat dilakukan dengan 300 Loveca. <br> “Rekrut 10 Kali” dapat dilakukan dengan 3000 Loveca, dan menjamin setidaknya satu Idol dengan tingkat kelangkaan SR atau lebih tinggi akan bergabung. <br> “Rekrut Berbayar Tunggal” dapat dilakukan sekali sehari dengan 150 Loveca berbayar. <br> <br> Jika Idol yang sudah ada muncul, mereka akan secara otomatis diubah menjadi “Lampu Sorot”. <br> *Lampu Sorot yang telah diubah akan ditambahkan secara langsung tanpa melalui hadiah. <br> *Jika batas kepemilikan Lampu Sorot tercapai, mereka akan diberikan sebagai hadiah. <br> *Jumlah Lampu Sorot yang diperoleh bervariasi tergantung pada tingkat kelangkaan Idol. <br> • UR: 500 <br> • SR: 50 <br> • R: 20 <br> <br> Selain itu, Anda akan mendapatkan “Poin Rekrut [Love Live! School Idol Festival After School Liella!♡]” sesuai dengan jumlah Idol yang muncul. <br> Poin Rekrut yang diperoleh dapat ditukar dengan Idol atau item lainnya di toko penukaran. <br> <br> Poin Rekrut yang tidak ditukar akan secara otomatis diubah menjadi “Buku Keterampilan (Menengah)” pada akhir periode rekrut ini. <br> *Buku Keterampilan (Menengah) yang telah diubah akan ditambahkan secara langsung tanpa melalui hadiah. <br> *Jika batas kepemilikan Buku Keterampilan (Menengah) tercapai, mereka akan diberikan sebagai hadiah."
mst.lottery_info.1110004._infoText,Rekrut Biasa
mst.lottery_info.1110004._detailText,"“Rekrut Biasa” menjamin kemunculan Idol dengan peringkat R atau lebih tinggi. <br> “Rekrut Sekali” dapat dilakukan dengan 300 Loveca. <br> “Rekrut 10 Kali” dapat dilakukan dengan 3000 Loveca, dan menjamin setidaknya satu Idol dengan peringkat SR atau lebih tinggi akan bergabung. <br> “Rekrut Berbayar Sekali” dapat dilakukan sekali sehari dengan 150 Loveca berbayar. <br> <br> Jika Idol yang sudah ada muncul, mereka akan secara otomatis diubah menjadi “Penlight”. <br> *Penlight yang telah diubah akan ditambahkan secara langsung tanpa melalui hadiah. <br> *Jika batas kepemilikan Penlight tercapai, mereka akan diberikan sebagai hadiah. <br> *Jumlah Penlight yang diperoleh berbeda-beda tergantung pada kelangkaan Idol. <br> *UR: 500 <br> *SR: 50 <br> *R: 20 <br> <br> Selain itu, Anda akan mendapatkan “Poin Rekrut [Biasa]” sesuai dengan jumlah Idol yang muncul. <br> “Poin Rekrut” yang diperoleh dapat ditukar dengan Idol dan item lainnya di toko penukaran. <br> <br> “Poin Rekrut” yang tidak ditukar akan secara otomatis diubah menjadi “Buku Keterampilan (Menengah)” pada akhir periode rekrut ini. <br> *Buku Keterampilan (Menengah) yang telah diubah akan ditambahkan secara langsung tanpa melalui hadiah. <br> *Jika batas kepemilikan Buku Keterampilan (Menengah) tercapai, mereka akan diberikan sebagai hadiah."
mst.lottery_info.1110005._infoText,Rekrut Biasa
mst.lottery_info.1110005._detailText,"“Rekrut Biasa” menjamin kemunculan Idol dengan peringkat R atau lebih tinggi. <br> “Rekrut Sekali” dapat dilakukan dengan 300 Loveca. <br> “Rekrut 10 Kali” dapat dilakukan dengan 3000 Loveca, dan menjamin setidaknya satu Idol dengan peringkat SR atau lebih tinggi akan bergabung. <br> “Rekrut Berbayar Sekali” dapat dilakukan sekali sehari dengan 150 Loveca berbayar. <br> <br> Jika Idol yang sudah ada muncul, mereka akan secara otomatis diubah menjadi “Penlight”. <br> *Penlight yang telah diubah akan ditambahkan secara langsung tanpa melalui hadiah. <br> *Jika batas kepemilikan Penlight tercapai, mereka akan diberikan sebagai hadiah. <br> *Jumlah Penlight yang diperoleh berbeda-beda tergantung pada kelangkaan Idol. <br> *UR: 500 <br> *SR: 50 <br> *R: 20 <br> <br> Selain itu, Anda akan mendapatkan “Poin Rekrut [Biasa]” sesuai dengan jumlah Idol yang muncul. <br> “Poin Rekrut” yang diperoleh dapat ditukar dengan Idol dan item lainnya di toko penukaran. <br> <br> “Poin Rekrut” yang tidak ditukar akan secara otomatis diubah menjadi “Buku Keterampilan (Menengah)” pada akhir periode rekrut ini. <br> *Buku Keterampilan (Menengah) yang telah diubah akan ditambahkan secara langsung tanpa melalui hadiah. <br> *Jika batas kepemilikan Buku Keterampilan (Menengah) tercapai, mereka akan diberikan sebagai hadiah."
mst.lottery_info.1110006._infoText,Rekrut Biasa
mst.lottery_info.1110006._detailText,"“Rekrut Biasa” menjamin kemunculan Idol dengan peringkat R atau lebih tinggi. <br> “Rekrut Sekali” dapat dilakukan dengan 300 Loveca. <br> “Rekrut 10 Kali” dapat dilakukan dengan 3000 Loveca, dan menjamin setidaknya satu Idol dengan peringkat SR atau lebih tinggi akan bergabung. <br> “Rekrut Berbayar Sekali” dapat dilakukan sekali sehari dengan 150 Loveca berbayar. <br> <br> Jika Idol yang sudah ada muncul, mereka akan secara otomatis diubah menjadi “Penlight”. <br> *Penlight yang telah diubah akan ditambahkan secara langsung tanpa melalui hadiah. <br> *Jika batas kepemilikan Penlight tercapai, mereka akan diberikan sebagai hadiah. <br> *Jumlah Penlight yang diperoleh berbeda-beda tergantung pada kelangkaan Idol. <br> *UR: 500 <br> *SR: 50 <br> *R: 20 <br> <br> Selain itu, Anda akan mendapatkan “Poin Rekrut [Biasa]” sesuai dengan jumlah Idol yang muncul. <br> “Poin Rekrut” yang diperoleh dapat ditukar dengan Idol dan item lainnya di toko penukaran. <br> <br> “Poin Rekrut” yang tidak ditukar akan secara otomatis diubah menjadi “Buku Keterampilan (Menengah)” pada akhir periode rekrut ini. <br> *Buku Keterampilan (Menengah) yang telah diubah akan ditambahkan secara langsung tanpa melalui hadiah. <br> *Jika batas kepemilikan Buku Keterampilan (Menengah) tercapai, mereka akan diberikan sebagai hadiah."
mst.lottery_info.1110007._infoText,Rekrut Biasa
mst.lottery_info.1110007._detailText,"“Rekrut Biasa” menjamin kemunculan Idol dengan peringkat R atau lebih tinggi. <br> “Rekrut Sekali” dapat dilakukan dengan 300 Loveca. <br> “Rekrut 10 Kali” dapat dilakukan dengan 3000 Loveca, dan menjamin setidaknya satu Idol dengan peringkat SR atau lebih tinggi akan bergabung. <br> “Rekrut Berbayar Sekali” dapat dilakukan sekali sehari dengan 150 Loveca berbayar. <br> <br> Jika Idol yang sudah ada muncul, mereka akan secara otomatis diubah menjadi “Penlight”. <br> *Penlight yang telah diubah akan ditambahkan secara langsung tanpa melalui hadiah. <br> *Jika batas kepemilikan Penlight tercapai, mereka akan diberikan sebagai hadiah. <br> *Jumlah Penlight yang diperoleh berbeda-beda tergantung pada kelangkaan Idol. <br> *UR: 500 <br> *SR: 50 <br> *R: 20 <br> <br> Selain itu, Anda akan mendapatkan “Poin Rekrut [Biasa]” sesuai dengan jumlah Idol yang muncul. <br> “Poin Rekrut” yang diperoleh dapat ditukar dengan Idol dan item lainnya di toko penukaran. <br> <br> “Poin Rekrut” yang tidak ditukar akan secara otomatis diubah menjadi “Buku Keterampilan (Menengah)” pada akhir periode rekrut ini. <br> *Buku Keterampilan (Menengah) yang telah diubah akan ditambahkan secara langsung tanpa melalui hadiah. <br> *Jika batas kepemilikan Buku Keterampilan (Menengah) tercapai, mereka akan diberikan sebagai hadiah."
mst.lottery_info.1110008._infoText,Rekrut Biasa
mst.lottery_info.1110008._detailText,"“Rekrut Biasa” menjamin kemunculan Idol dengan peringkat R atau lebih tinggi. <br> “Rekrut Sekali” dapat dilakukan dengan 300 Loveca. <br> “Rekrut 10 Kali” dapat dilakukan dengan 3000 Loveca, dan menjamin setidaknya satu Idol dengan peringkat SR atau lebih tinggi akan bergabung. <br> “Rekrut Berbayar Sekali” dapat dilakukan sekali sehari dengan 150 Loveca berbayar. <br> <br> Jika Idol yang sudah ada muncul, mereka akan secara otomatis diubah menjadi “Penlight”. <br> *Penlight yang telah diubah akan ditambahkan secara langsung tanpa melalui hadiah. <br> *Jika batas kepemilikan Penlight tercapai, mereka akan diberikan sebagai hadiah. <br> *Jumlah Penlight yang diperoleh berbeda-beda tergantung pada kelangkaan Idol. <br> *UR: 500 <br> *SR: 50 <br> *R: 20 <br> <br> Selain itu, Anda akan mendapatkan “Poin Rekrut [Biasa]” sesuai dengan jumlah Idol yang muncul. <br> “Poin Rekrut” yang diperoleh dapat ditukar dengan Idol dan item lainnya di toko penukaran. <br> <br> “Poin Rekrut” yang tidak ditukar akan secara otomatis diubah menjadi “Buku Keterampilan (Menengah)” pada akhir periode rekrut ini. <br> *Buku Keterampilan (Menengah) yang telah diubah akan ditambahkan secara langsung tanpa melalui hadiah. <br> *Jika batas kepemilikan Buku Keterampilan (Menengah) tercapai, mereka akan diberikan sebagai hadiah."
mst.lottery_info.1110009._infoText,Rekrut Biasa
mst.lottery_info.1110009._detailText,"“Rekrut Biasa” menjamin kemunculan Idol dengan peringkat R atau lebih tinggi. <br> “Rekrut Sekali” dapat dilakukan dengan 300 Loveca. <br> “Rekrut 10 Kali” dapat dilakukan dengan 3000 Loveca, dan menjamin setidaknya satu Idol dengan peringkat SR atau lebih tinggi akan bergabung. <br> “Rekrut Berbayar Sekali” dapat dilakukan sekali sehari dengan 150 Loveca berbayar. <br> <br> Jika Idol yang sudah ada muncul, mereka akan secara otomatis diubah menjadi “Penlight”. <br> *Penlight yang telah diubah akan ditambahkan secara langsung tanpa melalui hadiah. <br> *Jika batas kepemilikan Penlight tercapai, mereka akan diberikan sebagai hadiah. <br> *Jumlah Penlight yang diperoleh berbeda-beda tergantung pada kelangkaan Idol. <br> *UR: 500 <br> *SR: 50 <br> *R: 20 <br> <br> Selain itu, Anda akan mendapatkan “Poin Rekrut [Biasa]” sesuai dengan jumlah Idol yang muncul. <br> “Poin Rekrut” yang diperoleh dapat ditukar dengan Idol dan item lainnya di toko penukaran. <br> <br> “Poin Rekrut” yang tidak ditukar akan secara otomatis diubah menjadi “Buku Keterampilan (Menengah)” pada akhir periode rekrut ini. <br> *Buku Keterampilan (Menengah) yang telah diubah akan ditambahkan secara langsung tanpa melalui hadiah. <br> *Jika batas kepemilikan Buku Keterampilan (Menengah) tercapai, mereka akan diberikan sebagai hadiah."
mst.lottery_info.1110010._infoText,Rekrut Biasa
mst.lottery_info.1110010._detailText,"“Rekrut Biasa” menjamin kemunculan Idol dengan peringkat R atau lebih tinggi. <br> “Rekrut Sekali” dapat dilakukan dengan 300 Loveca. <br> “Rekrut 10 Kali” dapat dilakukan dengan 3000 Loveca, dan menjamin setidaknya satu Idol dengan peringkat SR atau lebih tinggi akan bergabung. <br> “Rekrut Berbayar Sekali” dapat dilakukan sekali sehari dengan 150 Loveca berbayar. <br> <br> Jika Idol yang sudah ada muncul, mereka akan secara otomatis diubah menjadi “Penlight”. <br> *Penlight yang telah diubah akan ditambahkan secara langsung tanpa melalui hadiah. <br> *Jika batas kepemilikan Penlight tercapai, mereka akan diberikan sebagai hadiah. <br> *Jumlah Penlight yang diperoleh berbeda-beda tergantung pada kelangkaan Idol. <br> *UR: 500 <br> *SR: 50 <br> *R: 20 <br> <br> Selain itu, Anda akan mendapatkan “Poin Rekrut [Biasa]” sesuai dengan jumlah Idol yang muncul. <br> “Poin Rekrut” yang diperoleh dapat ditukar dengan Idol dan item lainnya di toko penukaran. <br> <br> “Poin Rekrut” yang tidak ditukar akan secara otomatis diubah menjadi “Buku Keterampilan (Menengah)” pada akhir periode rekrut ini. <br> *Buku Keterampilan (Menengah) yang telah diubah akan ditambahkan secara langsung tanpa melalui hadiah. <br> *Jika batas kepemilikan Buku Keterampilan (Menengah) tercapai, mereka akan diberikan sebagai hadiah."
mst.lottery_info.1110011._infoText,Rekrut Biasa
mst.lottery_info.1110011._detailText,"“Rekrut Biasa” menjamin kemunculan Idol dengan peringkat R atau lebih tinggi. <br> “Rekrut Sekali” dapat dilakukan dengan 300 Loveca. <br> “Rekrut 10 Kali” dapat dilakukan dengan 3000 Loveca, dan menjamin setidaknya satu Idol dengan peringkat SR atau lebih tinggi akan bergabung. <br> “Rekrut Berbayar Sekali” dapat dilakukan sekali sehari dengan 150 Loveca berbayar. <br> <br> Jika Idol yang sudah ada muncul, mereka akan secara otomatis diubah menjadi “Penlight”. <br> *Penlight yang telah diubah akan ditambahkan secara langsung tanpa melalui hadiah. <br> *Jika batas kepemilikan Penlight tercapai, mereka akan diberikan sebagai hadiah. <br> *Jumlah Penlight yang diperoleh berbeda-beda tergantung pada kelangkaan Idol. <br> *UR: 500 <br> *SR: 50 <br> *R: 20 <br> <br> Selain itu, Anda akan mendapatkan “Poin Rekrut [Biasa]” sesuai dengan jumlah Idol yang muncul. <br> “Poin Rekrut” yang diperoleh dapat ditukar dengan Idol dan item lainnya di toko penukaran. <br> <br> “Poin Rekrut” yang tidak ditukar akan secara otomatis diubah menjadi “Buku Keterampilan (Menengah)” pada akhir periode rekrut ini. <br> *Buku Keterampilan (Menengah) yang telah diubah akan ditambahkan secara langsung tanpa melalui hadiah. <br> *Jika batas kepemilikan Buku Keterampilan (Menengah) tercapai, mereka akan diberikan sebagai hadiah."
mst.lottery_info.1110012._infoText,Rekrut Biasa
mst.lottery_info.1110012._detailText,"“Rekrut Biasa” menjamin kemunculan Idol dengan peringkat R atau lebih tinggi. <br> “Rekrut Sekali” dapat dilakukan dengan 300 Loveca. <br> “Rekrut 10 Kali” dapat dilakukan dengan 3000 Loveca, dan menjamin setidaknya satu Idol dengan peringkat SR atau lebih tinggi akan bergabung. <br> “Rekrut Berbayar Sekali” dapat dilakukan sekali sehari dengan 150 Loveca berbayar. <br> <br> Jika Idol yang sudah ada muncul, mereka akan secara otomatis diubah menjadi “Penlight”. <br> *Penlight yang telah diubah akan ditambahkan secara langsung tanpa melalui hadiah. <br> *Jika batas kepemilikan Penlight tercapai, mereka akan diberikan sebagai hadiah. <br> *Jumlah Penlight yang diperoleh berbeda-beda tergantung pada kelangkaan Idol. <br> *UR: 500 <br> *SR: 50 <br> *R: 20 <br> <br> Selain itu, Anda akan mendapatkan “Poin Rekrut [Biasa]” sesuai dengan jumlah Idol yang muncul. <br> “Poin Rekrut” yang diperoleh dapat ditukar dengan Idol dan item lainnya di toko penukaran. <br> <br> “Poin Rekrut” yang tidak ditukar akan secara otomatis diubah menjadi “Buku Keterampilan (Menengah)” pada akhir periode rekrut ini. <br> *Buku Keterampilan (Menengah) yang telah diubah akan ditambahkan secara langsung tanpa melalui hadiah. <br> *Jika batas kepemilikan Buku Keterampilan (Menengah) tercapai, mereka akan diberikan sebagai hadiah."
mst.lottery_info.1110013._infoText,Rekrut Biasa
mst.lottery_info.1110013._detailText,"“Rekrut Biasa” menjamin kemunculan Idol dengan peringkat R atau lebih tinggi. <br> “Rekrut Sekali” dapat dilakukan dengan 300 Loveca. <br> “Rekrut 10 Kali” dapat dilakukan dengan 3000 Loveca, dan menjamin setidaknya satu Idol dengan peringkat SR atau lebih tinggi akan bergabung. <br> “Rekrut Berbayar Sekali” dapat dilakukan sekali sehari dengan 150 Loveca berbayar. <br> <br> Jika Idol yang sudah ada muncul, mereka akan secara otomatis diubah menjadi “Penlight”. <br> *Penlight yang telah diubah akan ditambahkan secara langsung tanpa melalui hadiah. <br> *Jika batas kepemilikan Penlight tercapai, mereka akan diberikan sebagai hadiah. <br> *Jumlah Penlight yang diperoleh berbeda-beda tergantung pada kelangkaan Idol. <br> *UR: 500 <br> *SR: 50 <br> *R: 20 <br> <br> Selain itu, Anda akan mendapatkan “Poin Rekrut [Biasa]” sesuai dengan jumlah Idol yang muncul. <br> “Poin Rekrut” yang diperoleh dapat ditukar dengan Idol dan item lainnya di toko penukaran. <br> <br> “Poin Rekrut” yang tidak ditukar akan secara otomatis diubah menjadi “Buku Keterampilan (Menengah)” pada akhir periode rekrut ini. <br> *Buku Keterampilan (Menengah) yang telah diubah akan ditambahkan secara langsung tanpa melalui hadiah. <br> *Jika batas kepemilikan Buku Keterampilan (Menengah) tercapai, mereka akan diberikan sebagai hadiah."
mst.lottery_info.1110014._infoText,Rekrut Biasa
mst.lottery_info.1110014._detailText,"“Rekrut Biasa” menjamin kemunculan Idol dengan peringkat R atau lebih tinggi. <br> “Rekrut Sekali” dapat dilakukan dengan 300 Loveca. <br> “Rekrut 10 Kali” dapat dilakukan dengan 3000 Loveca, dan menjamin setidaknya satu Idol dengan peringkat SR atau lebih tinggi akan bergabung. <br> “Rekrut Berbayar Sekali” dapat dilakukan sekali sehari dengan 150 Loveca berbayar. <br> <br> Jika Idol yang sudah ada muncul, mereka akan secara otomatis diubah menjadi “Penlight”. <br> *Penlight yang telah diubah akan ditambahkan secara langsung tanpa melalui hadiah. <br> *Jika batas kepemilikan Penlight tercapai, mereka akan diberikan sebagai hadiah. <br> *Jumlah Penlight yang diperoleh berbeda-beda tergantung pada kelangkaan Idol. <br> *UR: 500 <br> *SR: 50 <br> *R: 20 <br> <br> Selain itu, Anda akan mendapatkan “Poin Rekrut [Biasa]” sesuai dengan jumlah Idol yang muncul. <br> “Poin Rekrut” yang diperoleh dapat ditukar dengan Idol dan item lainnya di toko penukaran. <br> <br> “Poin Rekrut” yang tidak ditukar akan secara otomatis diubah menjadi “Buku Keterampilan (Menengah)” pada akhir periode rekrut ini. <br> *Buku Keterampilan (Menengah) yang telah diubah akan ditambahkan secara langsung tanpa melalui hadiah. <br> *Jika batas kepemilikan Buku Keterampilan (Menengah) tercapai, mereka akan diberikan sebagai hadiah."
mst.lottery_info.1110015._infoText,Rekrut Biasa
mst.lottery_info.1110015._detailText,"“Rekrut Biasa” menjamin kemunculan Idol dengan peringkat R atau lebih tinggi. <br> “Rekrut Sekali” dapat dilakukan dengan 300 Loveca. <br> “Rekrut 10 Kali” dapat dilakukan dengan 3000 Loveca, dan menjamin setidaknya satu Idol dengan peringkat SR atau lebih tinggi akan bergabung. <br> “Rekrut Berbayar Sekali” dapat dilakukan sekali sehari dengan 150 Loveca berbayar. <br> <br> Jika Idol yang sudah ada muncul, mereka akan secara otomatis diubah menjadi “Penlight”. <br> *Penlight yang telah diubah akan ditambahkan secara langsung tanpa melalui hadiah. <br> *Jika batas kepemilikan Penlight tercapai, mereka akan diberikan sebagai hadiah. <br> *Jumlah Penlight yang diperoleh berbeda-beda tergantung pada kelangkaan Idol. <br> *UR: 500 <br> *SR: 50 <br> *R: 20 <br> <br> Selain itu, Anda akan mendapatkan “Poin Rekrut [Biasa]” sesuai dengan jumlah Idol yang muncul. <br> “Poin Rekrut” yang diperoleh dapat ditukar dengan Idol dan item lainnya di toko penukaran. <br> <br> “Poin Rekrut” yang tidak ditukar akan secara otomatis diubah menjadi “Buku Keterampilan (Menengah)” pada akhir periode rekrut ini. <br> *Buku Keterampilan (Menengah) yang telah diubah akan ditambahkan secara langsung tanpa melalui hadiah. <br> *Jika batas kepemilikan Buku Keterampilan (Menengah) tercapai, mereka akan diberikan sebagai hadiah."
mst.lottery_info.1110016._infoText,Rekrut Biasa
mst.lottery_info.1110016._detailText,"“Rekrut Biasa” menjamin kemunculan Idol dengan peringkat R atau lebih tinggi. <br> “Rekrut Sekali” dapat dilakukan dengan 300 Loveca. <br> “Rekrut 10 Kali” dapat dilakukan dengan 3000 Loveca, dan menjamin setidaknya satu Idol dengan peringkat SR atau lebih tinggi akan bergabung. <br> “Rekrut Berbayar Sekali” dapat dilakukan sekali sehari dengan 150 Loveca berbayar. <br> <br> Jika Idol yang sudah ada muncul, mereka akan secara otomatis diubah menjadi “Penlight”. <br> *Penlight yang telah diubah akan ditambahkan secara langsung tanpa melalui hadiah. <br> *Jika batas kepemilikan Penlight tercapai, mereka akan diberikan sebagai hadiah. <br> *Jumlah Penlight yang diperoleh berbeda-beda tergantung pada kelangkaan Idol. <br> *UR: 500 <br> *SR: 50 <br> *R: 20 <br> <br> Selain itu, Anda akan mendapatkan “Poin Rekrut [Biasa]” sesuai dengan jumlah Idol yang muncul. <br> “Poin Rekrut” yang diperoleh dapat ditukar dengan Idol dan item lainnya di toko penukaran. <br> <br> “Poin Rekrut” yang tidak ditukar akan secara otomatis diubah menjadi “Buku Keterampilan (Menengah)” pada akhir periode rekrut ini. <br> *Buku Keterampilan (Menengah) yang telah diubah akan ditambahkan secara langsung tanpa melalui hadiah. <br> *Jika batas kepemilikan Buku Keterampilan (Menengah) tercapai, mereka akan diberikan sebagai hadiah."
mst.lottery_info.1110017._infoText,Rekrut Biasa
mst.lottery_info.1110017._detailText,"“Rekrut Biasa” menjamin kemunculan Idol dengan peringkat R atau lebih tinggi. <br> “Rekrut Sekali” dapat dilakukan dengan 300 Loveca. <br> “Rekrut 10 Kali” dapat dilakukan dengan 3000 Loveca, dan menjamin setidaknya satu Idol dengan peringkat SR atau lebih tinggi akan bergabung. <br> “Rekrut Berbayar Sekali” dapat dilakukan sekali sehari dengan 150 Loveca berbayar. <br> <br> Jika Idol yang sudah ada muncul, mereka akan secara otomatis diubah menjadi “Penlight”. <br> *Penlight yang telah diubah akan ditambahkan secara langsung tanpa melalui hadiah. <br> *Jika batas kepemilikan Penlight tercapai, mereka akan diberikan sebagai hadiah. <br> *Jumlah Penlight yang diperoleh berbeda-beda tergantung pada kelangkaan Idol. <br> *UR: 500 <br> *SR: 50 <br> *R: 20 <br> <br> Selain itu, Anda akan mendapatkan “Poin Rekrut [Biasa]” sesuai dengan jumlah Idol yang muncul. <br> “Poin Rekrut” yang diperoleh dapat ditukar dengan Idol dan item lainnya di toko penukaran. <br> <br> “Poin Rekrut” yang tidak ditukar akan secara otomatis diubah menjadi “Buku Keterampilan (Menengah)” pada akhir periode rekrut ini. <br> *Buku Keterampilan (Menengah) yang telah diubah akan ditambahkan secara langsung tanpa melalui hadiah. <br> *Jika batas kepemilikan Buku Keterampilan (Menengah) tercapai, mereka akan diberikan sebagai hadiah."
mst.lottery_info.1110018._infoText,Rekrut Biasa
mst.lottery_info.1110018._detailText,"“Rekrut Biasa” menjamin kemunculan Idol dengan peringkat R atau lebih tinggi. <br> “Rekrut Sekali” dapat dilakukan dengan 300 Loveca. <br> “Rekrut 10 Kali” dapat dilakukan dengan 3000 Loveca, dan menjamin setidaknya satu Idol dengan peringkat SR atau lebih tinggi akan bergabung. <br> “Rekrut Berbayar Sekali” dapat dilakukan sekali sehari dengan 150 Loveca berbayar. <br> <br> Jika Idol yang sudah ada muncul, mereka akan secara otomatis diubah menjadi “Penlight”. <br> *Penlight yang telah diubah akan ditambahkan secara langsung tanpa melalui hadiah. <br> *Jika batas kepemilikan Penlight tercapai, mereka akan diberikan sebagai hadiah. <br> *Jumlah Penlight yang diperoleh berbeda-beda tergantung pada kelangkaan Idol. <br> *UR: 500 <br> *SR: 50 <br> *R: 20 <br> <br> Selain itu, Anda akan mendapatkan “Poin Rekrut [Biasa]” sesuai dengan jumlah Idol yang muncul. <br> “Poin Rekrut” yang diperoleh dapat ditukar dengan Idol dan item lainnya di toko penukaran. <br> <br> “Poin Rekrut” yang tidak ditukar akan secara otomatis diubah menjadi “Buku Keterampilan (Menengah)” pada akhir periode rekrut ini. <br> *Buku Keterampilan (Menengah) yang telah diubah akan ditambahkan secara langsung tanpa melalui hadiah. <br> *Jika batas kepemilikan Buku Keterampilan (Menengah) tercapai, mereka akan diberikan sebagai hadiah."
mst.lottery_info.1110019._infoText,Rekrut Biasa
mst.lottery_info.1110019._detailText,"“Rekrut Biasa” menjamin kemunculan Idol dengan peringkat R atau lebih tinggi. <br> “Rekrut Sekali” dapat dilakukan dengan 300 Loveca. <br> “Rekrut 10 Kali” dapat dilakukan dengan 3000 Loveca, dan menjamin setidaknya satu Idol dengan peringkat SR atau lebih tinggi akan bergabung. <br> “Rekrut Berbayar Sekali” dapat dilakukan sekali sehari dengan 150 Loveca berbayar. <br> <br> Jika Idol yang sudah ada muncul, mereka akan secara otomatis diubah menjadi “Penlight”. <br> *Penlight yang telah diubah akan ditambahkan secara langsung tanpa melalui hadiah. <br> *Jika batas kepemilikan Penlight tercapai, mereka akan diberikan sebagai hadiah. <br> *Jumlah Penlight yang diperoleh berbeda-beda tergantung pada kelangkaan Idol. <br> *UR: 500 <br> *SR: 50 <br> *R: 20 <br> <br> Selain itu, Anda akan mendapatkan “Poin Rekrut [Biasa]” sesuai dengan jumlah Idol yang muncul. <br> “Poin Rekrut” yang diperoleh dapat ditukar dengan Idol dan item lainnya di toko penukaran. <br> <br> “Poin Rekrut” yang tidak ditukar akan secara otomatis diubah menjadi “Buku Keterampilan (Menengah)” pada akhir periode rekrut ini. <br> *Buku Keterampilan (Menengah) yang telah diubah akan ditambahkan secara langsung tanpa melalui hadiah. <br> *Jika batas kepemilikan Buku Keterampilan (Menengah) tercapai, mereka akan diberikan sebagai hadiah."
mst.lottery_info.1110020._infoText,Rekrut Biasa
mst.lottery_info.1110020._detailText,"“Rekrut Biasa” menjamin kemunculan Idol dengan peringkat R atau lebih tinggi. <br> “Rekrut Sekali” dapat dilakukan dengan 300 Loveca. <br> “Rekrut 10 Kali” dapat dilakukan dengan 3000 Loveca, dan menjamin setidaknya satu Idol dengan peringkat SR atau lebih tinggi akan bergabung. <br> “Rekrut Berbayar Sekali” dapat dilakukan sekali sehari dengan 150 Loveca berbayar. <br> <br> Jika Idol yang sudah ada muncul, mereka akan secara otomatis diubah menjadi “Penlight”. <br> *Penlight yang telah diubah akan ditambahkan secara langsung tanpa melalui hadiah. <br> *Jika batas kepemilikan Penlight tercapai, mereka akan diberikan sebagai hadiah. <br> *Jumlah Penlight yang diperoleh berbeda-beda tergantung pada kelangkaan Idol. <br> *UR: 500 <br> *SR: 50 <br> *R: 20 <br> <br> Selain itu, Anda akan mendapatkan “Poin Rekrut [Biasa]” sesuai dengan jumlah Idol yang muncul. <br> “Poin Rekrut” yang diperoleh dapat ditukar dengan Idol dan item lainnya di toko penukaran. <br> <br> “Poin Rekrut” yang tidak ditukar akan secara otomatis diubah menjadi “Buku Keterampilan (Menengah)” pada akhir periode rekrut ini. <br> *Buku Keterampilan (Menengah) yang telah diubah akan ditambahkan secara langsung tanpa melalui hadiah. <br> *Jika batas kepemilikan Buku Keterampilan (Menengah) tercapai, mereka akan diberikan sebagai hadiah."
mst.lottery_info.1110021._infoText,Rekrut Biasa
mst.lottery_info.1110021._detailText,"“Rekrut Biasa” menjamin kemunculan Idol dengan peringkat R atau lebih tinggi. <br> “Rekrut Sekali” dapat dilakukan dengan 300 Loveca. <br> “Rekrut 10 Kali” dapat dilakukan dengan 3000 Loveca, dan menjamin setidaknya satu Idol dengan peringkat SR atau lebih tinggi akan bergabung. <br> “Rekrut Berbayar Sekali” dapat dilakukan sekali sehari dengan 150 Loveca berbayar. <br> <br> Jika Idol yang sudah ada muncul, mereka akan secara otomatis diubah menjadi “Penlight”. <br> *Penlight yang telah diubah akan ditambahkan secara langsung tanpa melalui hadiah. <br> *Jika batas kepemilikan Penlight tercapai, mereka akan diberikan sebagai hadiah. <br> *Jumlah Penlight yang diperoleh berbeda-beda tergantung pada kelangkaan Idol. <br> *UR: 500 <br> *SR: 50 <br> *R: 20 <br> <br> Selain itu, Anda akan mendapatkan “Poin Rekrut [Biasa]” sesuai dengan jumlah Idol yang muncul. <br> “Poin Rekrut” yang diperoleh dapat ditukar dengan Idol dan item lainnya di toko penukaran. <br> <br> “Poin Rekrut” yang tidak ditukar akan secara otomatis diubah menjadi “Buku Keterampilan (Menengah)” pada akhir periode rekrut ini. <br> *Buku Keterampilan (Menengah) yang telah diubah akan ditambahkan secara langsung tanpa melalui hadiah. <br> *Jika batas kepemilikan Buku Keterampilan (Menengah) tercapai, mereka akan diberikan sebagai hadiah."
mst.lottery_info.1110022._infoText,Rekrut Biasa
mst.lottery_info.1110022._detailText,"“Rekrut Biasa” menjamin kemunculan Idol dengan peringkat R atau lebih tinggi. <br> “Rekrut Sekali” dapat dilakukan dengan 300 Loveca. <br> “Rekrut 10 Kali” dapat dilakukan dengan 3000 Loveca, dan menjamin setidaknya satu Idol dengan peringkat SR atau lebih tinggi akan bergabung. <br> “Rekrut Berbayar Sekali” dapat dilakukan sekali sehari dengan 150 Loveca berbayar. <br> <br> Jika Idol yang sudah ada muncul, mereka akan secara otomatis diubah menjadi “Penlight”. <br> *Penlight yang telah diubah akan ditambahkan secara langsung tanpa melalui hadiah. <br> *Jika batas kepemilikan Penlight tercapai, mereka akan diberikan sebagai hadiah. <br> *Jumlah Penlight yang diperoleh berbeda-beda tergantung pada kelangkaan Idol. <br> *UR: 500 <br> *SR: 50 <br> *R: 20 <br> <br> Selain itu, Anda akan mendapatkan “Poin Rekrut [Biasa]” sesuai dengan jumlah Idol yang muncul. <br> “Poin Rekrut” yang diperoleh dapat ditukar dengan Idol dan item lainnya di toko penukaran. <br> <br> “Poin Rekrut” yang tidak ditukar akan secara otomatis diubah menjadi “Buku Keterampilan (Menengah)” pada akhir periode rekrut ini. <br> *Buku Keterampilan (Menengah) yang telah diubah akan ditambahkan secara langsung tanpa melalui hadiah. <br> *Jika batas kepemilikan Buku Keterampilan (Menengah) tercapai, mereka akan diberikan sebagai hadiah."
mst.lottery_info.1110023._infoText,Rekrut Biasa
mst.lottery_info.1110023._detailText,"“Rekrut Biasa” menjamin kemunculan Idol dengan peringkat R atau lebih tinggi. <br> “Rekrut Sekali” dapat dilakukan dengan 300 Loveca. <br> “Rekrut 10 Kali” dapat dilakukan dengan 3000 Loveca, dan menjamin setidaknya satu Idol dengan peringkat SR atau lebih tinggi akan bergabung. <br> “Rekrut Berbayar Sekali” dapat dilakukan sekali sehari dengan 150 Loveca berbayar. <br> <br> Jika Idol yang sudah ada muncul, mereka akan secara otomatis diubah menjadi “Penlight”. <br> *Penlight yang telah diubah akan ditambahkan secara langsung tanpa melalui hadiah. <br> *Jika batas kepemilikan Penlight tercapai, mereka akan diberikan sebagai hadiah. <br> *Jumlah Penlight yang diperoleh berbeda-beda tergantung pada kelangkaan Idol. <br> *UR: 500 <br> *SR: 50 <br> *R: 20 <br> <br> Selain itu, Anda akan mendapatkan “Poin Rekrut [Biasa]” sesuai dengan jumlah Idol yang muncul. <br> “Poin Rekrut” yang diperoleh dapat ditukar dengan Idol dan item lainnya di toko penukaran. <br> <br> “Poin Rekrut” yang tidak ditukar akan secara otomatis diubah menjadi “Buku Keterampilan (Menengah)” pada akhir periode rekrut ini. <br> *Buku Keterampilan (Menengah) yang telah diubah akan ditambahkan secara langsung tanpa melalui hadiah. <br> *Jika batas kepemilikan Buku Keterampilan (Menengah) tercapai, mereka akan diberikan sebagai hadiah."
mst.lottery_info.1110024._infoText,Rekrut Biasa
mst.lottery_info.1110024._detailText,"“Rekrut Biasa” menjamin kemunculan Idol dengan peringkat R atau lebih tinggi. <br> “Rekrut Sekali” dapat dilakukan dengan 300 Loveca. <br> “Rekrut 10 Kali” dapat dilakukan dengan 3000 Loveca, dan menjamin setidaknya satu Idol dengan peringkat SR atau lebih tinggi akan bergabung. <br> “Rekrut Berbayar Sekali” dapat dilakukan sekali sehari dengan 150 Loveca berbayar. <br> <br> Jika Idol yang sudah ada muncul, mereka akan secara otomatis diubah menjadi “Penlight”. <br> *Penlight yang telah diubah akan ditambahkan secara langsung tanpa melalui hadiah. <br> *Jika batas kepemilikan Penlight tercapai, mereka akan diberikan sebagai hadiah. <br> *Jumlah Penlight yang diperoleh berbeda-beda tergantung pada kelangkaan Idol. <br> *UR: 500 <br> *SR: 50 <br> *R: 20 <br> <br> Selain itu, Anda akan mendapatkan “Poin Rekrut [Biasa]” sesuai dengan jumlah Idol yang muncul. <br> “Poin Rekrut” yang diperoleh dapat ditukar dengan Idol dan item lainnya di toko penukaran. <br> <br> “Poin Rekrut” yang tidak ditukar akan secara otomatis diubah menjadi “Buku Keterampilan (Menengah)” pada akhir periode rekrut ini. <br> *Buku Keterampilan (Menengah) yang telah diubah akan ditambahkan secara langsung tanpa melalui hadiah. <br> *Jika batas kepemilikan Buku Keterampilan (Menengah) tercapai, mereka akan diberikan sebagai hadiah."
mst.lottery_info.2110001._infoText,Rekrut Pikiran - Kita dan Kota Ini
mst.lottery_info.2110001._detailText,"“Rekrut Pikiran – Kita dan Kota Ini” menjamin kemunculan Idol dengan peringkat R atau lebih tinggi. <br> “Rekrut Sekali” dapat dilakukan dengan 300 Loveca. <br> “Rekrut Sepuluh Kali” dapat dilakukan dengan 3000 Loveca, dan menjamin setidaknya satu Idol dengan peringkat SR atau lebih tinggi akan bergabung. <br> “Rekrut Berbayar Sekali” dapat dilakukan sekali sehari dengan 150 Loveca berbayar. <br> <br> Jika Idol yang sudah ada muncul, mereka akan secara otomatis diubah menjadi “Lampu Sorot”. <br> *Lampu Sorot yang telah diubah akan ditambahkan secara langsung tanpa melalui hadiah.* <br> *Jika batas kepemilikan Lampu Sorot tercapai, mereka akan diberikan sebagai hadiah.* <br> *Jumlah Lampu Sorot yang diperoleh berbeda-beda tergantung pada kelangkaan Idol.* <br> *UR: 500* <br> *SR: 50* <br> *R: 20* <br> <br> Selain itu, Anda akan mendapatkan “Poin Rekrut [Kita dan Kota Ini]” sesuai dengan jumlah Idol yang muncul. <br> “Poin Rekrut” yang diperoleh dapat ditukar dengan Idol atau item lainnya di toko penukaran. <br> <br> “Poin Rekrut” yang tidak ditukar akan secara otomatis diubah menjadi “Buku Keterampilan (Menengah)” pada akhir periode rekrut ini. <br> *Buku Keterampilan (Menengah) yang telah diubah akan ditambahkan secara langsung tanpa melalui hadiah.* <br> *Jika batas kepemilikan Buku Keterampilan (Menengah) tercapai, mereka akan diberikan sebagai hadiah.*"
mst.lottery_info.2110002._infoText,Rekrut Pikiran – Ayo promosikan distrik perbelanjaan!
mst.lottery_info.2110002._detailText,"“Rekrut Pikiran – Ayo promosikan distrik perbelanjaan!” memastikan bahwa Idol dengan peringkat R atau lebih tinggi akan muncul. <br> “Rekrut Sekali” dapat dilakukan dengan 300 Loveca. <br> “Rekrut Sepuluh Kali” dapat dilakukan dengan 3000 Loveca, dan menjamin setidaknya satu Idol dengan peringkat SR atau lebih tinggi akan bergabung. <br> “Rekrut Berbayar Sekali” dapat dilakukan sekali sehari dengan 150 Loveca berbayar. <br> <br> Jika Idol yang sudah bergabung muncul, mereka akan secara otomatis diubah menjadi “Lampu Sorot”. <br> *Lampu Sorot yang telah dikonversi akan ditambahkan secara langsung tanpa melalui hadiah.* <br> *Jika batas kepemilikan Lampu Sorot tercapai, mereka akan diberikan sebagai hadiah.* <br> *Jumlah Lampu Sorot yang diperoleh bervariasi tergantung pada kelangkaan Idol.* <br> *UR: 500* <br> *SR: 50* <br> *R: 20* <br> <br> Selain itu, Anda akan mendapatkan “Poin Rekrut [Ayo promosikan distrik perbelanjaan!]” sesuai dengan jumlah Idol yang muncul. <br> “Poin Rekrut” yang diperoleh dapat ditukar dengan Idol dan item lainnya di toko penukaran. <br> <br> “Poin Rekrut” yang tidak ditukar akan secara otomatis dikonversi menjadi “Buku Keterampilan (Menengah)” pada akhir acara rekrut ini. <br> *Buku Keterampilan (Menengah) yang telah dikonversi akan ditambahkan secara langsung tanpa melalui hadiah.* <br> *Jika batas kepemilikan Buku Keterampilan (Menengah) tercapai, mereka akan diberikan sebagai hadiah.*"
mst.lottery_info.2110003._infoText,Rekrut Pikup ~Live in Nature~
mst.lottery_info.2110003._detailText,"“Rekrut Pikiran – Live in Nature” menjamin kemunculan Idol dengan peringkat R atau lebih tinggi. <br> “Rekrut Sekali” dapat dilakukan dengan 300 Loveca. <br> “Rekrut Sepuluh Kali” dapat dilakukan dengan 3000 Loveca, dan menjamin setidaknya satu Idol dengan peringkat SR atau lebih tinggi akan bergabung. <br> “Rekrut Berbayar Sekali” dapat dilakukan sekali sehari dengan 150 Loveca berbayar. <br> <br> Jika Idol yang sudah ada muncul, mereka akan secara otomatis diubah menjadi “Penlight”. <br> *Penlight yang telah diubah akan ditambahkan secara langsung tanpa melalui hadiah. <br> *Jika batas kepemilikan Penlight tercapai, mereka akan diberikan sebagai hadiah. <br> *Jumlah Penlight yang diperoleh berbeda-beda tergantung pada kelangkaan Idol. <br> ・UR: 500 <br> ・SR: 50 <br> ・R: 20 <br> <br> Selain itu, Anda akan mendapatkan “Poin Rekrut [Live in Nature]” sesuai dengan jumlah Idol yang muncul. <br> “Poin Rekrut” yang diperoleh dapat ditukar dengan Idol atau item lainnya di toko penukaran. <br> <br> “Poin Rekrut” yang tidak ditukar akan secara otomatis diubah menjadi “Buku Keterampilan (Menengah)” pada akhir periode rekrut ini. <br> *Buku Keterampilan (Menengah) yang telah diubah akan ditambahkan secara langsung tanpa melalui hadiah. <br> *Jika batas kepemilikan Buku Keterampilan (Menengah) tercapai, mereka akan diberikan sebagai hadiah."
mst.lottery_info.2110004._infoText,Rekrut Pikup ~Kilaukan Penari~
mst.lottery_info.2110004._detailText,"“Rekrut Pikup～Idol yang Bersinar～” menjamin kemunculan Idol dengan peringkat R atau lebih tinggi. <br> “Rekrut Sekali” dapat dilakukan dengan 300 Loveca. <br> “Rekrut Sepuluh Kali” dapat dilakukan dengan 3000 Loveca, dan menjamin setidaknya satu Idol dengan peringkat SR atau lebih tinggi akan bergabung. <br> “Rekrut Berbayar Sekali” dapat dilakukan sekali sehari dengan 150 Loveca berbayar. <br> <br> Jika Idol yang sudah ada muncul, mereka akan secara otomatis diubah menjadi “Lampu Sorot”. <br> *Lampu Sorot yang telah diubah akan ditambahkan secara langsung tanpa melalui hadiah.* <br> *Jika batas kepemilikan Lampu Sorot tercapai, mereka akan diberikan sebagai hadiah.* <br> *Jumlah Lampu Sorot yang diperoleh berbeda-beda tergantung pada kelangkaan Idol.* <br> *UR: 500* <br> *SR: 50* <br> *R: 20* <br> <br> Selain itu, Anda akan mendapatkan “Poin Rekrut [Idol yang Bersinar]” sesuai dengan jumlah Idol yang muncul. <br> “Poin Rekrut” yang diperoleh dapat ditukar dengan Idol dan item lainnya di toko penukaran. <br> <br> “Poin Rekrut” yang tidak ditukar akan secara otomatis diubah menjadi “Buku Keterampilan (Menengah)” pada akhir periode rekrut ini. <br> *Buku Keterampilan (Menengah) yang telah diubah akan ditambahkan secara langsung tanpa melalui hadiah.* <br> *Jika batas kepemilikan Buku Keterampilan (Menengah) tercapai, mereka akan diberikan sebagai hadiah.*"
mst.lottery_info.2110005._infoText,Rekrut Pikup ~Kilaukan Penari~
mst.lottery_info.2110005._detailText,"“Rekrut Pikup～Idol yang Bersinar～” menjamin kemunculan Idol dengan peringkat R atau lebih tinggi. <br> “Rekrut Sekali” dapat dilakukan dengan 300 Loveca. <br> “Rekrut Sepuluh Kali” dapat dilakukan dengan 3000 Loveca, dan menjamin setidaknya satu Idol dengan peringkat SR atau lebih tinggi akan bergabung. <br> “Rekrut Berbayar Sekali” dapat dilakukan sekali sehari dengan 150 Loveca berbayar. <br> <br> Jika Idol yang sudah ada muncul, mereka akan secara otomatis diubah menjadi “Lampu Sorot”. <br> *Lampu Sorot yang telah diubah akan ditambahkan secara langsung tanpa melalui hadiah.* <br> *Jika batas kepemilikan Lampu Sorot tercapai, mereka akan diberikan sebagai hadiah.* <br> *Jumlah Lampu Sorot yang diperoleh berbeda-beda tergantung pada kelangkaan Idol.* <br> *UR: 500* <br> *SR: 50* <br> *R: 20* <br> <br> Selain itu, Anda akan mendapatkan “Poin Rekrut [Idol yang Bersinar]” sesuai dengan jumlah Idol yang muncul. <br> “Poin Rekrut” yang diperoleh dapat ditukar dengan Idol dan item lainnya di toko penukaran. <br> <br> “Poin Rekrut” yang tidak ditukar akan secara otomatis diubah menjadi “Buku Keterampilan (Menengah)” pada akhir periode rekrut ini. <br> *Buku Keterampilan (Menengah) yang telah diubah akan ditambahkan secara langsung tanpa melalui hadiah.* <br> *Jika batas kepemilikan Buku Keterampilan (Menengah) tercapai, mereka akan diberikan sebagai hadiah.*"
mst.lottery_info.2110006._infoText,Rekrut Pikup ~Kemah Musim Panas di Bawah Sinar Matahari~
mst.lottery_info.2110006._detailText,"“Rekrut Pikiran – Perkemahan Musim Panas di Bawah Sinar Matahari” menjamin kemunculan Idol dengan peringkat R atau lebih tinggi. <br> “Rekrut Sekali” dapat dilakukan dengan 300 Loveca. <br> “Rekrut Sepuluh Kali” dapat dilakukan dengan 3000 Loveca, dan menjamin setidaknya satu Idol dengan peringkat SR atau lebih tinggi akan bergabung. <br> “Rekrut Berbayar Sekali” dapat dilakukan sekali sehari dengan 150 Loveca berbayar. <br> <br> Jika Idol yang sudah ada muncul, mereka akan secara otomatis diubah menjadi “Lampu Sorot”. <br> *Lampu Sorot yang telah diubah akan ditambahkan secara langsung tanpa melalui hadiah.* <br> *Jika batas kepemilikan Lampu Sorot tercapai, mereka akan diberikan sebagai hadiah.* <br> *Jumlah Lampu Sorot yang diperoleh berbeda-beda tergantung pada kelangkaan Idol.* <br> *UR: 500* <br> *SR: 50* <br> *R: 20* <br> <br> Selain itu, Anda akan mendapatkan “Poin Rekrut [Perkemahan Musim Panas di Bawah Sinar Matahari]” sesuai dengan jumlah Idol yang muncul. <br> “Poin Rekrut” yang diperoleh dapat ditukar dengan Idol atau item lainnya di toko penukaran. <br> <br> “Poin Rekrut” yang tidak ditukar akan secara otomatis diubah menjadi “Buku Keterampilan (Menengah)” pada akhir periode rekrut ini. <br> *Buku Keterampilan (Menengah) yang telah diubah akan ditambahkan secara langsung tanpa melalui hadiah.* <br> *Jika batas kepemilikan Buku Keterampilan (Menengah) tercapai, mereka akan diberikan sebagai hadiah.*"
mst.lottery_info.2110007._infoText,Rekrut Pikup ~Kemah Musim Panas di Bawah Sinar Matahari~
mst.lottery_info.2110007._detailText,"“Rekrut Pikiran – Perkemahan Musim Panas di Bawah Sinar Matahari” menjamin kemunculan Idol dengan peringkat R atau lebih tinggi. <br> “Rekrut Sekali” dapat dilakukan dengan 300 Loveca. <br> “Rekrut Sepuluh Kali” dapat dilakukan dengan 3000 Loveca, dan menjamin setidaknya satu Idol dengan peringkat SR atau lebih tinggi akan bergabung. <br> “Rekrut Berbayar Sekali” dapat dilakukan sekali sehari dengan 150 Loveca berbayar. <br> <br> Jika Idol yang sudah ada muncul, mereka akan secara otomatis diubah menjadi “Lampu Sorot”. <br> *Lampu Sorot yang telah diubah akan ditambahkan secara langsung tanpa melalui hadiah.* <br> *Jika batas kepemilikan Lampu Sorot tercapai, mereka akan diberikan sebagai hadiah.* <br> *Jumlah Lampu Sorot yang diperoleh berbeda-beda tergantung pada kelangkaan Idol.* <br> *UR: 500* <br> *SR: 50* <br> *R: 20* <br> <br> Selain itu, Anda akan mendapatkan “Poin Rekrut [Perkemahan Musim Panas di Bawah Sinar Matahari]” sesuai dengan jumlah Idol yang muncul. <br> “Poin Rekrut” yang diperoleh dapat ditukar dengan Idol atau item lainnya di toko penukaran. <br> <br> “Poin Rekrut” yang tidak ditukar akan secara otomatis diubah menjadi “Buku Keterampilan (Menengah)” pada akhir periode rekrut ini. <br> *Buku Keterampilan (Menengah) yang telah diubah akan ditambahkan secara langsung tanpa melalui hadiah.* <br> *Jika batas kepemilikan Buku Keterampilan (Menengah) tercapai, mereka akan diberikan sebagai hadiah.*"
mst.lottery_info.2110008._infoText,Rekrut Pikap ~Mermaid di Musim Panas~
mst.lottery_info.2110008._detailText,"“Rekrut Pikiran – Putri Duyung di Tengah Musim Panas” menjamin kemunculan Idol dengan peringkat R atau lebih tinggi. <br> “Rekrut Sekali” dapat dilakukan dengan 300 Loveca. <br> “Rekrut Sepuluh Kali” dapat dilakukan dengan 3000 Loveca, dan menjamin setidaknya satu Idol dengan peringkat SR atau lebih tinggi akan bergabung. <br> “Rekrut Berbayar Sekali” dapat dilakukan sekali sehari dengan 150 Loveca berbayar. <br> <br> Jika Idol yang sudah ada muncul, mereka akan secara otomatis diubah menjadi “Lampu Sorot”. <br> *Lampu Sorot yang telah diubah akan ditambahkan secara langsung tanpa melalui hadiah.* <br> *Jika batas kepemilikan Lampu Sorot tercapai, mereka akan diberikan sebagai hadiah.* <br> *Jumlah Lampu Sorot yang diperoleh berbeda-beda tergantung pada kelangkaan Idol.* <br> *UR: 500* <br> *SR: 50* <br> *R: 20* <br> <br> Selain itu, Anda akan mendapatkan “Poin Rekrut [Putri Duyung di Tengah Musim Panas]” sesuai dengan jumlah Idol yang muncul. <br> “Poin Rekrut” yang diperoleh dapat ditukar dengan Idol atau item lainnya di toko penukaran. <br> <br> “Poin Rekrut” yang tidak ditukar akan secara otomatis diubah menjadi “Buku Keterampilan (Menengah)” pada akhir periode rekrut ini. <br> *Buku Keterampilan (Menengah) yang telah diubah akan ditambahkan secara langsung tanpa melalui hadiah.* <br> *Jika batas kepemilikan Buku Keterampilan (Menengah) tercapai, mereka akan diberikan sebagai hadiah.*"
mst.lottery_info.2110009._infoText,Rekrut Pikap ~Mermaid di Musim Panas~
mst.lottery_info.2110009._detailText,"“Rekrut Pikiran – Putri Duyung di Tengah Musim Panas” menjamin kemunculan Idol dengan peringkat R atau lebih tinggi. <br> “Rekrut Sekali” dapat dilakukan dengan 300 Loveca. <br> “Rekrut Sepuluh Kali” dapat dilakukan dengan 3000 Loveca, dan menjamin setidaknya satu Idol dengan peringkat SR atau lebih tinggi akan bergabung. <br> “Rekrut Berbayar Sekali” dapat dilakukan sekali sehari dengan 150 Loveca berbayar. <br> <br> Jika Idol yang sudah ada muncul, mereka akan secara otomatis diubah menjadi “Lampu Sorot”. <br> *Lampu Sorot yang telah diubah akan ditambahkan secara langsung tanpa melalui hadiah.* <br> *Jika batas kepemilikan Lampu Sorot tercapai, mereka akan diberikan sebagai hadiah.* <br> *Jumlah Lampu Sorot yang diperoleh berbeda-beda tergantung pada kelangkaan Idol.* <br> *UR: 500* <br> *SR: 50* <br> *R: 20* <br> <br> Selain itu, Anda akan mendapatkan “Poin Rekrut [Putri Duyung di Tengah Musim Panas]” sesuai dengan jumlah Idol yang muncul. <br> “Poin Rekrut” yang diperoleh dapat ditukar dengan Idol atau item lainnya di toko penukaran. <br> <br> “Poin Rekrut” yang tidak ditukar akan secara otomatis diubah menjadi “Buku Keterampilan (Menengah)” pada akhir periode rekrut ini. <br> *Buku Keterampilan (Menengah) yang telah diubah akan ditambahkan secara langsung tanpa melalui hadiah.* <br> *Jika batas kepemilikan Buku Keterampilan (Menengah) tercapai, mereka akan diberikan sebagai hadiah.*"
mst.lottery_info.2110010._infoText,Rekrut Pikup ~Pantai Berlari di Musim Panas~
mst.lottery_info.2110010._detailText,"“Rekrut Pikiran – Pantai Berlari di Musim Panas” menjamin kemunculan Idol dengan peringkat R atau lebih tinggi. <br> “Rekrut Sekali” dapat dilakukan dengan 300 Loveca. <br> “Rekrut Sepuluh Kali” dapat dilakukan dengan 3000 Loveca, dan menjamin setidaknya satu Idol dengan peringkat SR atau lebih tinggi akan bergabung. <br> “Rekrut Berbayar Sekali” dapat dilakukan sekali sehari dengan 150 Loveca berbayar. <br> <br> Jika Idol yang sudah ada muncul, mereka akan secara otomatis diubah menjadi “Lampu Sorot”. <br> *Lampu Sorot yang telah diubah ditambahkan langsung tanpa melalui hadiah.* <br> *Jika batas kepemilikan Lampu Sorot tercapai, mereka akan diberikan sebagai hadiah.* <br> *Jumlah Lampu Sorot yang diperoleh berbeda-beda tergantung pada kelangkaan Idol.* <br> *UR: 500* <br> *SR: 50* <br> *R: 20* <br> <br> Selain itu, Anda akan mendapatkan “Poin Rekrut [Pantai Berlari di Musim Panas]” sesuai dengan jumlah Idol yang muncul. <br> “Poin Rekrut” yang diperoleh dapat ditukar dengan Idol dan item lainnya di toko penukaran. <br> <br> “Poin Rekrut” yang tidak ditukar akan secara otomatis diubah menjadi “Buku Keterampilan (Menengah)” pada akhir periode rekrut ini. <br> *Buku Keterampilan (Menengah) yang telah diubah ditambahkan langsung tanpa melalui hadiah.* <br> *Jika batas kepemilikan Buku Keterampilan (Menengah) tercapai, mereka akan diberikan sebagai hadiah.*"
mst.lottery_info.2110011._infoText,Rekrut Pikup ~Pantai Berlari di Musim Panas~
mst.lottery_info.2110011._detailText,"“Rekrut Pikiran – Pantai Berlari di Musim Panas” menjamin kemunculan Idol dengan peringkat R atau lebih tinggi. <br> “Rekrut Sekali” dapat dilakukan dengan 300 Loveca. <br> “Rekrut Sepuluh Kali” dapat dilakukan dengan 3000 Loveca, dan menjamin setidaknya satu Idol dengan peringkat SR atau lebih tinggi akan bergabung. <br> “Rekrut Berbayar Sekali” dapat dilakukan sekali sehari dengan 150 Loveca berbayar. <br> <br> Jika Idol yang sudah ada muncul, mereka akan secara otomatis diubah menjadi “Lampu Sorot”. <br> *Lampu Sorot yang telah diubah ditambahkan langsung tanpa melalui hadiah.* <br> *Jika batas kepemilikan Lampu Sorot tercapai, mereka akan diberikan sebagai hadiah.* <br> *Jumlah Lampu Sorot yang diperoleh berbeda-beda tergantung pada kelangkaan Idol.* <br> *UR: 500* <br> *SR: 50* <br> *R: 20* <br> <br> Selain itu, Anda akan mendapatkan “Poin Rekrut [Pantai Berlari di Musim Panas]” sesuai dengan jumlah Idol yang muncul. <br> “Poin Rekrut” yang diperoleh dapat ditukar dengan Idol dan item lainnya di toko penukaran. <br> <br> “Poin Rekrut” yang tidak ditukar akan secara otomatis diubah menjadi “Buku Keterampilan (Menengah)” pada akhir periode rekrut ini. <br> *Buku Keterampilan (Menengah) yang telah diubah ditambahkan langsung tanpa melalui hadiah.* <br> *Jika batas kepemilikan Buku Keterampilan (Menengah) tercapai, mereka akan diberikan sebagai hadiah.*"
mst.lottery_info.2110012._infoText,Rekrut Pikap ~Bunga Mekar di Malam Musim Panas~
mst.lottery_info.2110012._detailText,"“Rekrut Pikiran – Bunga Mekar di Malam Musim Panas” menjamin kemunculan Idol dengan peringkat R atau lebih tinggi. <br> “Rekrut Sekali” dapat dilakukan dengan 300 Loveca. <br> “Rekrut Sepuluh Kali” dapat dilakukan dengan 3000 Loveca, dan menjamin setidaknya satu Idol dengan peringkat SR atau lebih tinggi akan bergabung. <br> “Rekrut Berbayar Sekali” dapat dilakukan sekali sehari dengan 150 Loveca berbayar. <br> <br> Jika Idol yang sudah ada muncul, mereka akan secara otomatis diubah menjadi “Lampu Sorot”. <br> *Lampu Sorot yang telah diubah akan ditambahkan secara langsung tanpa melalui hadiah.* <br> *Jika batas kepemilikan Lampu Sorot tercapai, mereka akan diberikan sebagai hadiah.* <br> *Jumlah Lampu Sorot yang Dapatkan bervariasi tergantung pada kelangkaan Idol.* <br> *UR: 500* <br> *SR: 50* <br> *R: 20* <br> <br> Selain itu, Anda akan mendapatkan “Poin Rekrut [Bunga Mekar di Malam Musim Panas]” sesuai dengan jumlah Idol yang muncul. <br> “Poin Rekrut” yang Dapatkan dapat ditukar dengan Idol dan item lainnya di toko penukaran. <br> <br> “Poin Rekrut” yang tidak ditukar akan secara otomatis diubah menjadi “Buku Keterampilan (Menengah)” pada akhir periode rekrut ini. <br> *Buku Keterampilan (Menengah) yang telah diubah akan ditambahkan secara langsung tanpa melalui hadiah.* <br> *Jika batas kepemilikan Buku Keterampilan (Menengah) tercapai, mereka akan diberikan sebagai hadiah.*"
mst.lottery_info.2110013._infoText,Rekrut Pikap ~Bunga Mekar di Malam Musim Panas~
mst.lottery_info.2110013._detailText,"“Rekrut Pikiran – Bunga Mekar di Malam Musim Panas” menjamin kemunculan Idol dengan peringkat R atau lebih tinggi. <br> “Rekrut Sekali” dapat dilakukan dengan 300 Loveca. <br> “Rekrut Sepuluh Kali” dapat dilakukan dengan 3000 Loveca, dan menjamin setidaknya satu Idol dengan peringkat SR atau lebih tinggi akan bergabung. <br> “Rekrut Berbayar Sekali” dapat dilakukan sekali sehari dengan 150 Loveca berbayar. <br> <br> Jika Idol yang sudah ada muncul, mereka akan secara otomatis diubah menjadi “Lampu Sorot”. <br> *Lampu Sorot yang telah diubah akan ditambahkan secara langsung tanpa melalui hadiah.* <br> *Jika batas kepemilikan Lampu Sorot tercapai, mereka akan diberikan sebagai hadiah.* <br> *Jumlah Lampu Sorot yang Dapatkan bervariasi tergantung pada kelangkaan Idol.* <br> *UR: 500* <br> *SR: 50* <br> *R: 20* <br> <br> Selain itu, Anda akan mendapatkan “Poin Rekrut [Bunga Mekar di Malam Musim Panas]” sesuai dengan jumlah Idol yang muncul. <br> “Poin Rekrut” yang Dapatkan dapat ditukar dengan Idol dan item lainnya di toko penukaran. <br> <br> “Poin Rekrut” yang tidak ditukar akan secara otomatis diubah menjadi “Buku Keterampilan (Menengah)” pada akhir periode rekrut ini. <br> *Buku Keterampilan (Menengah) yang telah diubah akan ditambahkan secara langsung tanpa melalui hadiah.* <br> *Jika batas kepemilikan Buku Keterampilan (Menengah) tercapai, mereka akan diberikan sebagai hadiah.*"
mst.lottery_info.2110014._infoText,Rekrut Pikiran – Bunga yang Bersinar di Malam Bulan
mst.lottery_info.2110014._detailText,"“Rekrut Pikiran – Bunga yang Bersinar di Malam Bulan” menjamin kemunculan Idol dengan peringkat R atau lebih tinggi. <br> “Rekrut Sekali” dapat dilakukan dengan 300 Loveca. <br> “Rekrut Sepuluh Kali” dapat dilakukan dengan 3000 Loveca, dan menjamin setidaknya satu Idol dengan peringkat SR atau lebih tinggi akan bergabung. <br> “Rekrut Berbayar Sekali” dapat dilakukan sekali sehari dengan 150 Loveca berbayar. <br> <br> Jika Idol yang sudah ada muncul, mereka akan secara otomatis diubah menjadi “Penlight”. <br> *Penlight yang telah diubah akan ditambahkan secara langsung tanpa melalui hadiah. <br> *Jika batas kepemilikan Penlight tercapai, mereka akan diberikan sebagai hadiah. <br> *Jumlah Penlight yang Dapatkan bervariasi tergantung pada kelangkaan Idol. <br> ・UR: 500 <br> ・SR: 50 <br> ・R: 20 <br> <br> Selain itu, Anda akan mendapatkan “Poin Rekrut [Bunga yang Bersinar di Malam Bulan]” sesuai dengan jumlah Idol yang muncul. <br> “Poin Rekrut” yang Dapatkan dapat ditukar dengan Idol dan item lainnya di toko penukaran. <br> <br> “Poin Rekrut” yang tidak ditukar akan secara otomatis diubah menjadi “Buku Keterampilan (Menengah)” pada akhir periode rekrut ini. <br> *Buku Keterampilan (Menengah) yang telah diubah akan ditambahkan secara langsung tanpa melalui hadiah. <br> *Jika batas kepemilikan Buku Keterampilan (Menengah) tercapai, mereka akan diberikan sebagai hadiah."
mst.lottery_info.2110015._infoText,Rekrut Pikiran – Bunga yang Bersinar di Malam Bulan
mst.lottery_info.2110015._detailText,"“Rekrut Pikiran – Bunga yang Bersinar di Malam Bulan” menjamin kemunculan Idol dengan peringkat R atau lebih tinggi. <br> “Rekrut Sekali” dapat dilakukan dengan 300 Loveca. <br> “Rekrut Sepuluh Kali” dapat dilakukan dengan 3000 Loveca, dan menjamin setidaknya satu Idol dengan peringkat SR atau lebih tinggi akan bergabung. <br> “Rekrut Berbayar Sekali” dapat dilakukan sekali sehari dengan 150 Loveca berbayar. <br> <br> Jika Idol yang sudah ada muncul, mereka akan secara otomatis diubah menjadi “Penlight”. <br> *Penlight yang telah diubah akan ditambahkan secara langsung tanpa melalui hadiah. <br> *Jika batas kepemilikan Penlight tercapai, mereka akan diberikan sebagai hadiah. <br> *Jumlah Penlight yang Dapatkan bervariasi tergantung pada kelangkaan Idol. <br> ・UR: 500 <br> ・SR: 50 <br> ・R: 20 <br> <br> Selain itu, Anda akan mendapatkan “Poin Rekrut [Bunga yang Bersinar di Malam Bulan]” sesuai dengan jumlah Idol yang muncul. <br> “Poin Rekrut” yang Dapatkan dapat ditukar dengan Idol dan item lainnya di toko penukaran. <br> <br> “Poin Rekrut” yang tidak ditukar akan secara otomatis diubah menjadi “Buku Keterampilan (Menengah)” pada akhir periode rekrut ini. <br> *Buku Keterampilan (Menengah) yang telah diubah akan ditambahkan secara langsung tanpa melalui hadiah. <br> *Jika batas kepemilikan Buku Keterampilan (Menengah) tercapai, mereka akan diberikan sebagai hadiah."
mst.lottery_info.2110016._infoText,Rekrut Pikup ~Yukata dan Jalan-jalan di Kota~
mst.lottery_info.2110016._detailText,"“Rekrut Pikiran – Jalan-jalan Berselimut Yukata” menjamin kemunculan Idol dengan peringkat R atau lebih tinggi. <br> “Rekrut Sekali” dapat dilakukan dengan 300 Loveca. <br> “Rekrut Sepuluh Kali” dapat dilakukan dengan 3000 Loveca, dan menjamin setidaknya satu Idol dengan peringkat SR atau lebih tinggi akan bergabung. <br> “Rekrut Berbayar Sekali” dapat dilakukan sekali sehari dengan 150 Loveca berbayar. <br> <br> Jika Idol yang sudah ada muncul, mereka akan secara otomatis diubah menjadi “Lampu Sorot”. <br> *Lampu Sorot yang telah diubah akan ditambahkan langsung tanpa melalui hadiah.* <br> *Jika batas kepemilikan Lampu Sorot tercapai, mereka akan diberikan sebagai hadiah.* <br> *Jumlah Lampu Sorot yang Dapatkan bervariasi tergantung pada kelangkaan Idol.* <br> *UR: 500* <br> *SR: 50* <br> *R: 20* <br> <br> Selain itu, Anda akan mendapatkan “Poin Rekrut [Jalan-jalan Berselimut Yukata]” sesuai dengan jumlah Idol yang muncul. <br> “Poin Rekrut” yang Dapatkan dapat ditukar dengan Idol dan item lainnya di toko penukaran. <br> <br> “Poin Rekrut” yang tidak ditukar akan secara otomatis diubah menjadi “Buku Keterampilan (Menengah)” pada akhir periode rekrut ini. <br> *Buku Keterampilan (Menengah) yang telah diubah akan ditambahkan langsung tanpa melalui hadiah.* <br> *Jika batas kepemilikan Buku Keterampilan (Menengah) tercapai, mereka akan diberikan sebagai hadiah.*"
mst.lottery_info.2110017._infoText,Rekrut Pikup ~Yukata dan Jalan-jalan di Kota~
mst.lottery_info.2110017._detailText,"“Rekrut Pikiran – Jalan-jalan Berselimut Yukata” menjamin kemunculan Idol dengan peringkat R atau lebih tinggi. <br> “Rekrut Sekali” dapat dilakukan dengan 300 Loveca. <br> “Rekrut Sepuluh Kali” dapat dilakukan dengan 3000 Loveca, dan menjamin setidaknya satu Idol dengan peringkat SR atau lebih tinggi akan bergabung. <br> “Rekrut Berbayar Sekali” dapat dilakukan sekali sehari dengan 150 Loveca berbayar. <br> <br> Jika Idol yang sudah ada muncul, mereka akan secara otomatis diubah menjadi “Lampu Sorot”. <br> *Lampu Sorot yang telah diubah akan ditambahkan langsung tanpa melalui hadiah.* <br> *Jika batas kepemilikan Lampu Sorot tercapai, mereka akan diberikan sebagai hadiah.* <br> *Jumlah Lampu Sorot yang Dapatkan bervariasi tergantung pada kelangkaan Idol.* <br> *UR: 500* <br> *SR: 50* <br> *R: 20* <br> <br> Selain itu, Anda akan mendapatkan “Poin Rekrut [Jalan-jalan Berselimut Yukata]” sesuai dengan jumlah Idol yang muncul. <br> “Poin Rekrut” yang Dapatkan dapat ditukar dengan Idol dan item lainnya di toko penukaran. <br> <br> “Poin Rekrut” yang tidak ditukar akan secara otomatis diubah menjadi “Buku Keterampilan (Menengah)” pada akhir periode rekrut ini. <br> *Buku Keterampilan (Menengah) yang telah diubah akan ditambahkan langsung tanpa melalui hadiah.* <br> *Jika batas kepemilikan Buku Keterampilan (Menengah) tercapai, mereka akan diberikan sebagai hadiah.*"
mst.lottery_info.2110018._infoText,Rekrut Pikap ~Trick or Treat!~
mst.lottery_info.2110018._detailText,"“Rekrut Pikiran – Trick or Treat!” akan selalu menampilkan Idol dengan peringkat R atau lebih tinggi. <br> “Rekrut Sekali” dapat dilakukan dengan 300 Loveca. <br> “Rekrut Sepuluh Kali” dapat dilakukan dengan 3000 Loveca, dan menjamin setidaknya satu Idol dengan peringkat SR atau lebih tinggi akan bergabung. <br> “Rekrut Berbayar Sekali” dapat dilakukan sekali sehari dengan 150 Loveca berbayar. <br> <br> Jika Idol yang sudah ada muncul, mereka akan secara otomatis diubah menjadi “Lampu Sorot”. <br> *Lampu Sorot yang telah diubah akan ditambahkan secara langsung tanpa melalui hadiah.* <br> *Jika batas kepemilikan Lampu Sorot tercapai, mereka akan diberikan sebagai hadiah.* <br> *Jumlah Lampu Sorot yang Dapatkan bervariasi tergantung pada kelangkaan Idol.* <br> *UR: 500* <br> *SR: 50* <br> *R: 20* <br> <br> Selain itu, Anda akan mendapatkan “Poin Rekrut [Trick or Treat!]” sesuai dengan jumlah Idol yang muncul. <br> “Poin Rekrut” yang Dapatkan dapat ditukar dengan Idol dan item lainnya di toko penukaran. <br> <br> “Poin Rekrut” yang tidak ditukar akan secara otomatis diubah menjadi “Buku Keterampilan (Menengah)” pada akhir periode rekrut ini. <br> *Buku Keterampilan (Menengah) yang telah diubah akan ditambahkan secara langsung tanpa melalui hadiah.* <br> *Jika batas kepemilikan Buku Keterampilan (Menengah) tercapai, mereka akan diberikan sebagai hadiah.*"
mst.lottery_info.2110019._infoText,Rekrut Pikap ~Trick or Treat!~
mst.lottery_info.2110019._detailText,"“Rekrut Pikiran – Trick or Treat!” akan selalu menampilkan Idol dengan peringkat R atau lebih tinggi. <br> “Rekrut Sekali” dapat dilakukan dengan 300 Loveca. <br> “Rekrut Sepuluh Kali” dapat dilakukan dengan 3000 Loveca, dan menjamin setidaknya satu Idol dengan peringkat SR atau lebih tinggi akan bergabung. <br> “Rekrut Berbayar Sekali” dapat dilakukan sekali sehari dengan 150 Loveca berbayar. <br> <br> Jika Idol yang sudah ada muncul, mereka akan secara otomatis diubah menjadi “Lampu Sorot”. <br> *Lampu Sorot yang telah diubah akan ditambahkan secara langsung tanpa melalui hadiah.* <br> *Jika batas kepemilikan Lampu Sorot tercapai, mereka akan diberikan sebagai hadiah.* <br> *Jumlah Lampu Sorot yang Dapatkan bervariasi tergantung pada kelangkaan Idol.* <br> *UR: 500* <br> *SR: 50* <br> *R: 20* <br> <br> Selain itu, Anda akan mendapatkan “Poin Rekrut [Trick or Treat!]” sesuai dengan jumlah Idol yang muncul. <br> “Poin Rekrut” yang Dapatkan dapat ditukar dengan Idol dan item lainnya di toko penukaran. <br> <br> “Poin Rekrut” yang tidak ditukar akan secara otomatis diubah menjadi “Buku Keterampilan (Menengah)” pada akhir periode rekrut ini. <br> *Buku Keterampilan (Menengah) yang telah diubah akan ditambahkan secara langsung tanpa melalui hadiah.* <br> *Jika batas kepemilikan Buku Keterampilan (Menengah) tercapai, mereka akan diberikan sebagai hadiah.*"
mst.lottery_info.2110020._infoText,Rekrut Pikap ~Boo! Boo! Halloween Land~
mst.lottery_info.2110020._detailText,"“Rekrut Pikiran – Boo! Boo! Halloween Land” menjamin kemunculan Idol dengan peringkat R atau lebih tinggi. <br> “Rekrut Sekali” dapat dilakukan dengan 300 Loveca. <br> “Rekrut Sepuluh Kali” dapat dilakukan dengan 3000 Loveca, dan menjamin setidaknya satu Idol dengan peringkat SR atau lebih tinggi akan bergabung. <br> “Rekrut Berbayar Sekali” dapat dilakukan sekali sehari dengan 150 Loveca berbayar. <br> <br> Jika Idol yang sudah ada muncul, mereka akan secara otomatis diubah menjadi “Penlight”. <br> *Penlight yang telah diubah akan ditambahkan secara langsung tanpa melalui hadiah. <br> *Jika batas kepemilikan Penlight tercapai, mereka akan diberikan sebagai hadiah. <br> *Jumlah Penlight yang diperoleh berbeda-beda tergantung pada kelangkaan Idol. <br> *UR: 500 <br> *SR: 50 <br> *R: 20 <br> <br> Selain itu, Anda akan mendapatkan “Poin Rekrut [Half Anniversary]” sesuai dengan jumlah Idol yang muncul. <br> “Poin Rekrut” yang diperoleh dapat ditukar dengan Idol dan item lainnya di toko penukaran. <br> <br> “Poin Rekrut” yang tidak ditukar akan secara otomatis diubah menjadi “Buku Keterampilan (Menengah)” pada akhir periode rekrut ini. <br> *Buku Keterampilan (Menengah) yang telah diubah akan ditambahkan secara langsung tanpa melalui hadiah. <br> *Jika batas kepemilikan Buku Keterampilan (Menengah) tercapai, mereka akan diberikan sebagai hadiah."
mst.lottery_info.2110021._infoText,Rekrut Pikap ~Boo! Boo! Halloween Land~
mst.lottery_info.2110021._detailText,"“Rekrut Pikiran – Boo! Boo! Halloween Land” menjamin kemunculan Idol dengan peringkat R atau lebih tinggi. <br> “Rekrut Sekali” dapat dilakukan dengan 300 Loveca. <br> “Rekrut Sepuluh Kali” dapat dilakukan dengan 3000 Loveca, dan menjamin setidaknya satu Idol dengan peringkat SR atau lebih tinggi akan bergabung. <br> “Rekrut Berbayar Sekali” dapat dilakukan sekali sehari dengan 150 Loveca berbayar. <br> <br> Jika Idol yang sudah ada muncul, mereka akan secara otomatis diubah menjadi “Penlight”. <br> *Penlight yang telah diubah akan ditambahkan secara langsung tanpa melalui hadiah. <br> *Jika batas kepemilikan Penlight tercapai, mereka akan diberikan sebagai hadiah. <br> *Jumlah Penlight yang diperoleh berbeda-beda tergantung pada kelangkaan Idol. <br> *UR: 500 <br> *SR: 50 <br> *R: 20 <br> <br> Selain itu, Anda akan mendapatkan “Poin Rekrut [Half Anniversary]” sesuai dengan jumlah Idol yang muncul. <br> “Poin Rekrut” yang diperoleh dapat ditukar dengan Idol dan item lainnya di toko penukaran. <br> <br> “Poin Rekrut” yang tidak ditukar akan secara otomatis diubah menjadi “Buku Keterampilan (Menengah)” pada akhir periode rekrut ini. <br> *Buku Keterampilan (Menengah) yang telah diubah akan ditambahkan secara langsung tanpa melalui hadiah. <br> *Jika batas kepemilikan Buku Keterampilan (Menengah) tercapai, mereka akan diberikan sebagai hadiah."
mst.lottery_info.2110022._infoText,Rekrut Pikup ~Hidmari no Marching Band~
mst.lottery_info.2110022._detailText,"“Rekrut Pikap～Hidamari Marching Band～” selalu menampilkan Idol dengan peringkat R atau lebih tinggi. <br> “Rekrut Sekali” dapat dilakukan dengan 300 Loveca. <br> “Rekrut 10 Kali” dapat dilakukan dengan 3000 Loveca, dan menjamin setidaknya satu Idol dengan peringkat SR atau lebih tinggi akan bergabung. <br> “Rekrut Sekali (Berbayar)” dapat dilakukan sekali sehari dengan 150 Loveca berbayar. <br> <br> Jika Idol yang sudah ada muncul, mereka akan secara otomatis diubah menjadi “Penlight”. <br> *Penlight yang telah diubah ditambahkan langsung tanpa melalui hadiah. <br> *Jika batas kepemilikan Penlight tercapai, mereka akan diberikan sebagai hadiah. <br> *Jumlah Penlight yang Dapatkan bervariasi tergantung pada kelangkaan Idol. <br> ・UR: 500 <br> ・SR: 50 <br> ・R: 20 <br> <br> Selain itu, Anda akan mendapatkan “Poin Rekrut [Hidamari Marching Band]” sesuai dengan jumlah Idol yang muncul. <br> “Poin Rekrut” yang Dapatkan dapat ditukar dengan Idol dan item lainnya di toko penukaran. <br> <br> “Poin Rekrut” yang tidak ditukar akan secara otomatis diubah menjadi “Buku Keterampilan (Menengah)” pada akhir periode rekrut ini. <br> *Buku Keterampilan (Menengah) yang telah diubah ditambahkan langsung tanpa melalui hadiah. <br> *Jika batas kepemilikan Buku Keterampilan (Menengah) tercapai, mereka akan diberikan sebagai hadiah."
mst.lottery_info.2110023._infoText,Rekrut Pikup ~Hidmari no Marching Band~
mst.lottery_info.2110023._detailText,"“Rekrut Pikap～Hidamari Marching Band～” selalu menampilkan Idol dengan peringkat R atau lebih tinggi. <br> “Rekrut Sekali” dapat dilakukan dengan 300 Loveca. <br> “Rekrut 10 Kali” dapat dilakukan dengan 3000 Loveca, dan menjamin setidaknya satu Idol dengan peringkat SR atau lebih tinggi akan bergabung. <br> “Rekrut Sekali (Berbayar)” dapat dilakukan sekali sehari dengan 150 Loveca berbayar. <br> <br> Jika Idol yang sudah ada muncul, mereka akan secara otomatis diubah menjadi “Penlight”. <br> *Penlight yang telah diubah ditambahkan langsung tanpa melalui hadiah. <br> *Jika batas kepemilikan Penlight tercapai, mereka akan diberikan sebagai hadiah. <br> *Jumlah Penlight yang Dapatkan bervariasi tergantung pada kelangkaan Idol. <br> ・UR: 500 <br> ・SR: 50 <br> ・R: 20 <br> <br> Selain itu, Anda akan mendapatkan “Poin Rekrut [Hidamari Marching Band]” sesuai dengan jumlah Idol yang muncul. <br> “Poin Rekrut” yang Dapatkan dapat ditukar dengan Idol dan item lainnya di toko penukaran. <br> <br> “Poin Rekrut” yang tidak ditukar akan secara otomatis diubah menjadi “Buku Keterampilan (Menengah)” pada akhir periode rekrut ini. <br> *Buku Keterampilan (Menengah) yang telah diubah ditambahkan langsung tanpa melalui hadiah. <br> *Jika batas kepemilikan Buku Keterampilan (Menengah) tercapai, mereka akan diberikan sebagai hadiah."
mst.lottery_info.2110024._infoText,Rekrut Pikup ~Nyannya Paw Maid~
mst.lottery_info.2110024._detailText,"“Rekrut Pikup～Nyan Nyan🐾 Maid” selalu menampilkan Idol dengan peringkat R atau lebih tinggi. <br> “Rekrut Sekali” dapat dilakukan dengan 300 Loveca. <br> “Rekrut 10 Kali” dapat dilakukan dengan 3000 Loveca, dan menjamin setidaknya satu Idol dengan peringkat SR atau lebih tinggi akan bergabung. <br> “Rekrut Sekali (Berbayar)” dapat dilakukan sekali sehari dengan 150 Loveca berbayar. <br> <br> Jika Idol yang sudah ada muncul, mereka akan secara otomatis diubah menjadi “Penlight”. <br> *Penlight yang telah diubah ditambahkan langsung tanpa melalui hadiah. <br> *Jika batas kepemilikan Penlight tercapai, itu akan diberikan sebagai hadiah. <br> *Jumlah Penlight yang Dapatkan bervariasi tergantung pada kelangkaan Idol. <br> ・UR: 500 <br> ・SR: 50 <br> ・R: 20 <br> <br> Selain itu, Anda akan mendapatkan “Poin Rekrut [Nyan Nyan🐾 Maid]” sesuai dengan jumlah Idol yang muncul. <br> “Poin Rekrut” yang Dapatkan dapat ditukar dengan Idol dan item lainnya di toko penukaran. <br> <br> “Poin Rekrut” yang tidak ditukar akan secara otomatis diubah menjadi “Buku Keterampilan (Menengah)” pada akhir periode rekrut ini. <br> *Buku Keterampilan (Menengah) yang telah diubah ditambahkan langsung tanpa melalui hadiah. <br> *Jika batas kepemilikan Buku Keterampilan (Menengah) tercapai, itu akan diberikan sebagai hadiah."
mst.lottery_info.2110025._infoText,Rekrut Pikup ~Nyannya Paw Maid~
mst.lottery_info.2110025._detailText,"“Rekrut Pikup～Nyan Nyan🐾 Maid” selalu menampilkan Idol dengan peringkat R atau lebih tinggi. <br> “Rekrut Sekali” dapat dilakukan dengan 300 Loveca. <br> “Rekrut 10 Kali” dapat dilakukan dengan 3000 Loveca, dan menjamin setidaknya satu Idol dengan peringkat SR atau lebih tinggi akan bergabung. <br> “Rekrut Sekali (Berbayar)” dapat dilakukan sekali sehari dengan 150 Loveca berbayar. <br> <br> Jika Idol yang sudah ada muncul, mereka akan secara otomatis diubah menjadi “Penlight”. <br> *Penlight yang telah diubah ditambahkan langsung tanpa melalui hadiah. <br> *Jika batas kepemilikan Penlight tercapai, itu akan diberikan sebagai hadiah. <br> *Jumlah Penlight yang Dapatkan bervariasi tergantung pada kelangkaan Idol. <br> ・UR: 500 <br> ・SR: 50 <br> ・R: 20 <br> <br> Selain itu, Anda akan mendapatkan “Poin Rekrut [Nyan Nyan🐾 Maid]” sesuai dengan jumlah Idol yang muncul. <br> “Poin Rekrut” yang Dapatkan dapat ditukar dengan Idol dan item lainnya di toko penukaran. <br> <br> “Poin Rekrut” yang tidak ditukar akan secara otomatis diubah menjadi “Buku Keterampilan (Menengah)” pada akhir periode rekrut ini. <br> *Buku Keterampilan (Menengah) yang telah diubah ditambahkan langsung tanpa melalui hadiah. <br> *Jika batas kepemilikan Buku Keterampilan (Menengah) tercapai, itu akan diberikan sebagai hadiah."
mst.lottery_info.2110026._infoText,Rekrut Pikup ~Semua Orang Merayakan Natal!~
mst.lottery_info.2110026._detailText,"“Rekrut Spesial – Mari Rayakan Natal Bersama!” akan selalu menampilkan Idol dengan peringkat R atau lebih tinggi. <br> “Rekrut Sekali” dapat dilakukan dengan 300 Loveca. <br> “Rekrut Sepuluh Kali” dapat dilakukan dengan 3000 Loveca, dan menjamin setidaknya satu Idol dengan peringkat SR atau lebih tinggi akan bergabung. <br> “Rekrut Berbayar Sekali” dapat dilakukan sekali sehari dengan 150 Loveca berbayar. <br> <br> Jika Idol yang sudah ada muncul, mereka akan secara otomatis diubah menjadi “Lampu Sorot”. <br> *Lampu Sorot yang telah diubah akan ditambahkan secara langsung tanpa melalui hadiah.* <br> *Jika batas kepemilikan Lampu Sorot tercapai, mereka akan diberikan sebagai hadiah.* <br> *Jumlah Lampu Sorot yang diperoleh berbeda-beda tergantung pada kelangkaan Idol.* <br> *UR: 500* <br> *SR: 50* <br> *R: 20* <br> <br> Selain itu, Anda akan mendapatkan “Poin Rekrut [Mari Rayakan Natal Bersama!]” sesuai dengan jumlah Idol yang muncul. <br> “Poin Rekrut” yang diperoleh dapat ditukar dengan Idol dan item lainnya di toko penukaran. <br> <br> “Poin Rekrut” yang tidak ditukar akan secara otomatis diubah menjadi “Buku Keterampilan (Menengah)” pada akhir periode rekrut ini. <br> *Buku Keterampilan (Menengah) yang telah diubah akan ditambahkan secara langsung tanpa melalui hadiah.* <br> *Jika batas kepemilikan Buku Keterampilan (Menengah) tercapai, mereka akan diberikan sebagai hadiah.*"
mst.lottery_info.2110027._infoText,Rekrut Pikup ~Semua Orang Merayakan Natal!~
mst.lottery_info.2110027._detailText,"“Rekrut Spesial – Mari Rayakan Natal Bersama!” akan selalu menampilkan Idol dengan peringkat R atau lebih tinggi. <br> “Rekrut Sekali” dapat dilakukan dengan 300 Loveca. <br> “Rekrut Sepuluh Kali” dapat dilakukan dengan 3000 Loveca, dan menjamin setidaknya satu Idol dengan peringkat SR atau lebih tinggi akan bergabung. <br> “Rekrut Berbayar Sekali” dapat dilakukan sekali sehari dengan 150 Loveca berbayar. <br> <br> Jika Idol yang sudah ada muncul, mereka akan secara otomatis diubah menjadi “Lampu Sorot”. <br> *Lampu Sorot yang telah diubah akan ditambahkan secara langsung tanpa melalui hadiah.* <br> *Jika batas kepemilikan Lampu Sorot tercapai, mereka akan diberikan sebagai hadiah.* <br> *Jumlah Lampu Sorot yang diperoleh berbeda-beda tergantung pada kelangkaan Idol.* <br> *UR: 500* <br> *SR: 50* <br> *R: 20* <br> <br> Selain itu, Anda akan mendapatkan “Poin Rekrut [Mari Rayakan Natal Bersama!]” sesuai dengan jumlah Idol yang muncul. <br> “Poin Rekrut” yang diperoleh dapat ditukar dengan Idol dan item lainnya di toko penukaran. <br> <br> “Poin Rekrut” yang tidak ditukar akan secara otomatis diubah menjadi “Buku Keterampilan (Menengah)” pada akhir periode rekrut ini. <br> *Buku Keterampilan (Menengah) yang telah diubah akan ditambahkan secara langsung tanpa melalui hadiah.* <br> *Jika batas kepemilikan Buku Keterampilan (Menengah) tercapai, mereka akan diberikan sebagai hadiah.*"
mst.lottery_info.2110028._infoText,Rekrut Pikap ~Festival Salju Santa~
mst.lottery_info.2110028._detailText,"“Rekrut Pikiran – Santa Claus di Festival Salju” menjamin kemunculan Idol dengan peringkat R atau lebih tinggi. <br> “Rekrut Sekali” dapat dilakukan dengan 300 Loveca. <br> “Rekrut Sepuluh Kali” dapat dilakukan dengan 3000 Loveca, dan menjamin setidaknya satu Idol dengan peringkat SR atau lebih tinggi akan bergabung. <br> “Rekrut Berbayar Sekali” dapat dilakukan sekali sehari dengan 150 Loveca berbayar. <br> <br> Jika Idol yang sudah ada muncul, mereka akan secara otomatis diubah menjadi “Lampu Sorot”. <br> *Lampu Sorot yang telah diubah akan ditambahkan langsung tanpa melalui hadiah.* <br> *Jika batas kepemilikan Lampu Sorot tercapai, mereka akan diberikan sebagai hadiah.* <br> *Jumlah Lampu Sorot yang diperoleh berbeda-beda tergantung pada kelangkaan Idol.* <br> *UR: 500* <br> *SR: 50* <br> *R: 20* <br> <br> Selain itu, Anda akan mendapatkan “Poin Rekrut [Santa Claus di Festival Salju]” sesuai dengan jumlah Idol yang muncul. <br> “Poin Rekrut” yang diperoleh dapat ditukar dengan Idol dan item lainnya di toko penukaran. <br> <br> “Poin Rekrut” yang tidak ditukar akan secara otomatis diubah menjadi “Buku Keterampilan (Menengah)” pada akhir periode rekrut ini. <br> *Buku Keterampilan (Menengah) yang telah diubah akan ditambahkan langsung tanpa melalui hadiah.* <br> *Jika batas kepemilikan Buku Keterampilan (Menengah) tercapai, mereka akan diberikan sebagai hadiah.*"
mst.lottery_info.2110029._infoText,Rekrut Pikap ~Festival Salju Santa~
mst.lottery_info.2110029._detailText,"“Rekrut Pikiran – Santa Claus di Festival Salju” menjamin kemunculan Idol dengan peringkat R atau lebih tinggi. <br> “Rekrut Sekali” dapat dilakukan dengan 300 Loveca. <br> “Rekrut Sepuluh Kali” dapat dilakukan dengan 3000 Loveca, dan menjamin setidaknya satu Idol dengan peringkat SR atau lebih tinggi akan bergabung. <br> “Rekrut Berbayar Sekali” dapat dilakukan sekali sehari dengan 150 Loveca berbayar. <br> <br> Jika Idol yang sudah ada muncul, mereka akan secara otomatis diubah menjadi “Lampu Sorot”. <br> *Lampu Sorot yang telah diubah akan ditambahkan langsung tanpa melalui hadiah.* <br> *Jika batas kepemilikan Lampu Sorot tercapai, mereka akan diberikan sebagai hadiah.* <br> *Jumlah Lampu Sorot yang diperoleh berbeda-beda tergantung pada kelangkaan Idol.* <br> *UR: 500* <br> *SR: 50* <br> *R: 20* <br> <br> Selain itu, Anda akan mendapatkan “Poin Rekrut [Santa Claus di Festival Salju]” sesuai dengan jumlah Idol yang muncul. <br> “Poin Rekrut” yang diperoleh dapat ditukar dengan Idol dan item lainnya di toko penukaran. <br> <br> “Poin Rekrut” yang tidak ditukar akan secara otomatis diubah menjadi “Buku Keterampilan (Menengah)” pada akhir periode rekrut ini. <br> *Buku Keterampilan (Menengah) yang telah diubah akan ditambahkan langsung tanpa melalui hadiah.* <br> *Jika batas kepemilikan Buku Keterampilan (Menengah) tercapai, mereka akan diberikan sebagai hadiah.*"
mst.lottery_info.2110030._infoText,Rekrut Pikap ~Selamat Tahun Baru untuk Semua~
mst.lottery_info.2110030._detailText,"“Rekrut Pikiran – Selamat Tahun Baru untuk Semua” menjamin kemunculan Idol dengan peringkat R atau lebih tinggi. <br> “Rekrut Sekali” dapat dilakukan dengan 300 Loveca. <br> “Rekrut Sepuluh Kali” dapat dilakukan dengan 3000 Loveca, dan menjamin setidaknya satu Idol dengan peringkat SR atau lebih tinggi akan bergabung. <br> “Rekrut Berbayar Sekali” dapat dilakukan sekali sehari dengan 150 Loveca berbayar. <br> <br> Jika Idol yang sudah ada muncul, mereka akan secara otomatis diubah menjadi “Lampu Sorot”. <br> *Lampu Sorot yang telah diubah akan ditambahkan secara langsung tanpa melalui hadiah.* <br> *Jika batas kepemilikan Lampu Sorot tercapai, mereka akan diberikan sebagai hadiah.* <br> *Jumlah Lampu Sorot yang Dapatkan bervariasi tergantung pada kelangkaan Idol.* <br> *UR: 500* <br> *SR: 50* <br> *R: 20* <br> <br> Selain itu, Anda akan mendapatkan “Poin Rekrut [Selamat Tahun Baru untuk Semua]” sesuai dengan jumlah Idol yang muncul. <br> “Poin Rekrut” yang Dapatkan dapat ditukar dengan Idol dan item lainnya di toko penukaran. <br> <br> “Poin Rekrut” yang tidak ditukar akan secara otomatis diubah menjadi “Buku Keterampilan (Menengah)” pada akhir periode rekrut ini. <br> *Buku Keterampilan (Menengah) yang telah diubah akan ditambahkan secara langsung tanpa melalui hadiah.* <br> *Jika batas kepemilikan Buku Keterampilan (Menengah) tercapai, mereka akan diberikan sebagai hadiah.*"
mst.lottery_info.2110031._infoText,Rekrut Pikap ~Selamat Tahun Baru untuk Semua~
mst.lottery_info.2110031._detailText,"“Rekrut Pikiran – Selamat Tahun Baru untuk Semua” menjamin kemunculan Idol dengan peringkat R atau lebih tinggi. <br> “Rekrut Sekali” dapat dilakukan dengan 300 Loveca. <br> “Rekrut Sepuluh Kali” dapat dilakukan dengan 3000 Loveca, dan menjamin setidaknya satu Idol dengan peringkat SR atau lebih tinggi akan bergabung. <br> “Rekrut Berbayar Sekali” dapat dilakukan sekali sehari dengan 150 Loveca berbayar. <br> <br> Jika Idol yang sudah ada muncul, mereka akan secara otomatis diubah menjadi “Lampu Sorot”. <br> *Lampu Sorot yang telah diubah akan ditambahkan secara langsung tanpa melalui hadiah.* <br> *Jika batas kepemilikan Lampu Sorot tercapai, mereka akan diberikan sebagai hadiah.* <br> *Jumlah Lampu Sorot yang Dapatkan bervariasi tergantung pada kelangkaan Idol.* <br> *UR: 500* <br> *SR: 50* <br> *R: 20* <br> <br> Selain itu, Anda akan mendapatkan “Poin Rekrut [Selamat Tahun Baru untuk Semua]” sesuai dengan jumlah Idol yang muncul. <br> “Poin Rekrut” yang Dapatkan dapat ditukar dengan Idol dan item lainnya di toko penukaran. <br> <br> “Poin Rekrut” yang tidak ditukar akan secara otomatis diubah menjadi “Buku Keterampilan (Menengah)” pada akhir periode rekrut ini. <br> *Buku Keterampilan (Menengah) yang telah diubah akan ditambahkan secara langsung tanpa melalui hadiah.* <br> *Jika batas kepemilikan Buku Keterampilan (Menengah) tercapai, mereka akan diberikan sebagai hadiah.*"
mst.lottery_info.2110032._infoText,Rekrut Pikup ~Peri Es~
mst.lottery_info.2110032._detailText,"“Rekrut Pikap～Peri Es～” selalu menampilkan Idol dengan peringkat R atau lebih tinggi. <br> “Rekrut Sekali” dapat dilakukan dengan 300 Loveca. <br> “Rekrut 10 Kali” dapat dilakukan dengan 3000 Loveca, dan menjamin setidaknya satu Idol dengan peringkat SR atau lebih tinggi akan bergabung. <br> “Rekrut Berbayar Sekali” dapat dilakukan sekali sehari dengan 150 Loveca berbayar. <br> <br> Jika Idol yang sudah ada muncul, mereka akan secara otomatis diubah menjadi “Penlight”. <br> *Penlight yang telah diubah ditambahkan langsung tanpa melalui hadiah. <br> *Jika batas kepemilikan Penlight tercapai, mereka akan diberikan sebagai hadiah. <br> *Jumlah Penlight yang diperoleh berbeda tergantung pada kelangkaan Idol. <br> ・UR: 500 <br> ・SR: 50 <br> ・R: 20 <br> <br> Selain itu, Anda akan mendapatkan “Poin Rekrut [Peri Es]” sesuai dengan jumlah Idol yang muncul. <br> “Poin Rekrut” yang diperoleh dapat ditukar dengan Idol dan item lainnya di toko penukaran. <br> <br> “Poin Rekrut” yang tidak ditukar akan secara otomatis diubah menjadi “Buku Keterampilan (Menengah)” pada akhir periode rekrut ini. <br> *Buku Keterampilan (Menengah) yang telah diubah ditambahkan langsung tanpa melalui hadiah. <br> *Jika batas kepemilikan Buku Keterampilan (Menengah) tercapai, mereka akan diberikan sebagai hadiah."
mst.lottery_info.2110033._infoText,Rekrut Pikup ~Peri Es~
mst.lottery_info.2110033._detailText,"“Rekrut Pikap～Peri Es～” selalu menampilkan Idol dengan peringkat R atau lebih tinggi. <br> “Rekrut Sekali” dapat dilakukan dengan 300 Loveca. <br> “Rekrut 10 Kali” dapat dilakukan dengan 3000 Loveca, dan menjamin setidaknya satu Idol dengan peringkat SR atau lebih tinggi akan bergabung. <br> “Rekrut Berbayar Sekali” dapat dilakukan sekali sehari dengan 150 Loveca berbayar. <br> <br> Jika Idol yang sudah ada muncul, mereka akan secara otomatis diubah menjadi “Penlight”. <br> *Penlight yang telah diubah ditambahkan langsung tanpa melalui hadiah. <br> *Jika batas kepemilikan Penlight tercapai, mereka akan diberikan sebagai hadiah. <br> *Jumlah Penlight yang diperoleh berbeda tergantung pada kelangkaan Idol. <br> ・UR: 500 <br> ・SR: 50 <br> ・R: 20 <br> <br> Selain itu, Anda akan mendapatkan “Poin Rekrut [Peri Es]” sesuai dengan jumlah Idol yang muncul. <br> “Poin Rekrut” yang diperoleh dapat ditukar dengan Idol dan item lainnya di toko penukaran. <br> <br> “Poin Rekrut” yang tidak ditukar akan secara otomatis diubah menjadi “Buku Keterampilan (Menengah)” pada akhir periode rekrut ini. <br> *Buku Keterampilan (Menengah) yang telah diubah ditambahkan langsung tanpa melalui hadiah. <br> *Jika batas kepemilikan Buku Keterampilan (Menengah) tercapai, mereka akan diberikan sebagai hadiah."
mst.lottery_info.2110034._infoText,Rekrut Pikap ~Koi ni Toraware Shi Otome~
mst.lottery_info.2110034._detailText,"“Rekrut Pikiran – Gadis yang Terjebak Cinta” menjamin kemunculan Idol dengan peringkat R atau lebih tinggi. <br> “Rekrut Sekali” dapat dilakukan dengan 300 Loveca. <br> “Rekrut Sepuluh Kali” dapat dilakukan dengan 3000 Loveca, dan menjamin setidaknya satu Idol dengan peringkat SR atau lebih tinggi akan bergabung. <br> “Rekrut Berbayar Sekali” dapat dilakukan sekali sehari dengan 150 Loveca berbayar. <br> <br> Jika Idol yang sudah ada muncul, mereka akan secara otomatis diubah menjadi “Lampu Sorot”. <br> *Lampu Sorot yang telah diubah akan ditambahkan secara langsung tanpa melalui hadiah.* <br> *Jika batas kepemilikan Lampu Sorot tercapai, mereka akan diberikan sebagai hadiah.* <br> *Jumlah Lampu Sorot yang diperoleh berbeda-beda tergantung pada kelangkaan Idol.* <br> *UR: 500* <br> *SR: 50* <br> *R: 20* <br> <br> Selain itu, Anda akan mendapatkan “Poin Rekrut [Gadis yang Terjebak Cinta]” sesuai dengan jumlah Idol yang muncul. <br> “Poin Rekrut” yang diperoleh dapat ditukar dengan Idol atau item lainnya di toko penukaran. <br> <br> “Poin Rekrut” yang tidak ditukar akan secara otomatis diubah menjadi “Buku Keterampilan (Menengah)” pada akhir periode rekrut ini. <br> *Buku Keterampilan (Menengah) yang telah diubah akan ditambahkan secara langsung tanpa melalui hadiah.* <br> *Jika batas kepemilikan Buku Keterampilan (Menengah) tercapai, mereka akan diberikan sebagai hadiah.*"
mst.lottery_info.2110035._infoText,Rekrut Pikap ~Koi ni Toraware Shi Otome~
mst.lottery_info.2110035._detailText,"“Rekrut Pikiran – Gadis yang Terjebak Cinta” menjamin kemunculan Idol dengan peringkat R atau lebih tinggi. <br> “Rekrut Sekali” dapat dilakukan dengan 300 Loveca. <br> “Rekrut Sepuluh Kali” dapat dilakukan dengan 3000 Loveca, dan menjamin setidaknya satu Idol dengan peringkat SR atau lebih tinggi akan bergabung. <br> “Rekrut Berbayar Sekali” dapat dilakukan sekali sehari dengan 150 Loveca berbayar. <br> <br> Jika Idol yang sudah ada muncul, mereka akan secara otomatis diubah menjadi “Lampu Sorot”. <br> *Lampu Sorot yang telah diubah akan ditambahkan secara langsung tanpa melalui hadiah.* <br> *Jika batas kepemilikan Lampu Sorot tercapai, mereka akan diberikan sebagai hadiah.* <br> *Jumlah Lampu Sorot yang diperoleh berbeda-beda tergantung pada kelangkaan Idol.* <br> *UR: 500* <br> *SR: 50* <br> *R: 20* <br> <br> Selain itu, Anda akan mendapatkan “Poin Rekrut [Gadis yang Terjebak Cinta]” sesuai dengan jumlah Idol yang muncul. <br> “Poin Rekrut” yang diperoleh dapat ditukar dengan Idol atau item lainnya di toko penukaran. <br> <br> “Poin Rekrut” yang tidak ditukar akan secara otomatis diubah menjadi “Buku Keterampilan (Menengah)” pada akhir periode rekrut ini. <br> *Buku Keterampilan (Menengah) yang telah diubah akan ditambahkan secara langsung tanpa melalui hadiah.* <br> *Jika batas kepemilikan Buku Keterampilan (Menengah) tercapai, mereka akan diberikan sebagai hadiah.*"
mst.lottery_info.2110036._infoText,Rekrut Pikup ~Yoru Hyakki Gyojo~
mst.lottery_info.2110036._detailText,"“Rekrut Pikiran – Malam Seratus Hantu” menjamin kemunculan Idol dengan peringkat R atau lebih tinggi. <br> “Rekrut Sekali” dapat dilakukan dengan 300 Loveca. <br> “Rekrut Sepuluh Kali” dapat dilakukan dengan 3000 Loveca, dan menjamin setidaknya satu Idol dengan peringkat SR atau lebih tinggi akan bergabung. <br> “Rekrut Berbayar Sekali” dapat dilakukan sekali sehari dengan 150 Loveca berbayar. <br> <br> Jika Idol yang sudah ada muncul, mereka akan secara otomatis diubah menjadi “Lampu Sorot”. <br> *Lampu Sorot yang telah diubah akan ditambahkan secara langsung tanpa melalui hadiah.* <br> *Jika batas kepemilikan Lampu Sorot tercapai, mereka akan diberikan sebagai hadiah.* <br> *Jumlah Lampu Sorot yang Dapatkan bervariasi tergantung pada kelangkaan Idol.* <br> *UR: 500* <br> *SR: 50* <br> *R: 20* <br> <br> Selain itu, Anda akan mendapatkan “Poin Rekrut [Malam Seratus Hantu]” sesuai dengan jumlah Idol yang muncul. <br> “Poin Rekrut” yang Dapatkan dapat ditukar dengan Idol dan item lainnya di toko penukaran. <br> <br> “Poin Rekrut” yang tidak ditukar akan secara otomatis diubah menjadi “Buku Keterampilan (Menengah)” pada akhir periode rekrut ini. <br> *Buku Keterampilan (Menengah) yang telah diubah akan ditambahkan secara langsung tanpa melalui hadiah.* <br> *Jika batas kepemilikan Buku Keterampilan (Menengah) tercapai, mereka akan diberikan sebagai hadiah.*"
mst.lottery_info.2110037._infoText,Rekrut Pikup ~Yoru Hyakki Gyojo~
mst.lottery_info.2110037._detailText,"“Rekrut Pikiran – Malam Seratus Hantu” menjamin kemunculan Idol dengan peringkat R atau lebih tinggi. <br> “Rekrut Sekali” dapat dilakukan dengan 300 Loveca. <br> “Rekrut Sepuluh Kali” dapat dilakukan dengan 3000 Loveca, dan menjamin setidaknya satu Idol dengan peringkat SR atau lebih tinggi akan bergabung. <br> “Rekrut Berbayar Sekali” dapat dilakukan sekali sehari dengan 150 Loveca berbayar. <br> <br> Jika Idol yang sudah ada muncul, mereka akan secara otomatis diubah menjadi “Lampu Sorot”. <br> *Lampu Sorot yang telah diubah akan ditambahkan secara langsung tanpa melalui hadiah.* <br> *Jika batas kepemilikan Lampu Sorot tercapai, mereka akan diberikan sebagai hadiah.* <br> *Jumlah Lampu Sorot yang Dapatkan bervariasi tergantung pada kelangkaan Idol.* <br> *UR: 500* <br> *SR: 50* <br> *R: 20* <br> <br> Selain itu, Anda akan mendapatkan “Poin Rekrut [Malam Seratus Hantu]” sesuai dengan jumlah Idol yang muncul. <br> “Poin Rekrut” yang Dapatkan dapat ditukar dengan Idol dan item lainnya di toko penukaran. <br> <br> “Poin Rekrut” yang tidak ditukar akan secara otomatis diubah menjadi “Buku Keterampilan (Menengah)” pada akhir periode rekrut ini. <br> *Buku Keterampilan (Menengah) yang telah diubah akan ditambahkan secara langsung tanpa melalui hadiah.* <br> *Jika batas kepemilikan Buku Keterampilan (Menengah) tercapai, mereka akan diberikan sebagai hadiah.*"
mst.lottery_info.2110038._infoText,Rekrut Pikup ~Y2K♡GALS~
mst.lottery_info.2110038._detailText,"“Rekrut Pikiran – Y2K♡GALS” menjamin kemunculan Idol dengan peringkat R atau lebih tinggi. <br> “Rekrut Sekali” dapat dilakukan dengan 300 Loveca. <br> “Rekrut Sepuluh Kali” dapat dilakukan dengan 3000 Loveca, dan menjamin setidaknya satu Idol dengan peringkat SR atau lebih tinggi akan bergabung. <br> “Rekrut Berbayar Sekali” dapat dilakukan sekali sehari dengan 150 Loveca berbayar. <br> <br> Jika Idol yang sudah ada muncul, mereka akan secara otomatis diubah menjadi “Lampu Sorot”. <br> *Lampu Sorot yang telah diubah akan ditambahkan langsung tanpa melalui hadiah.* <br> *Jika batas kepemilikan Lampu Sorot tercapai, mereka akan diberikan sebagai hadiah.* <br> *Jumlah Lampu Sorot yang diperoleh berbeda-beda tergantung pada kelangkaan Idol.* <br> *UR: 500* <br> *SR: 50* <br> *R: 20* <br> <br> Selain itu, Anda akan mendapatkan “Poin Rekrut [Y2K♡GALS]” sesuai dengan jumlah Idol yang muncul. <br> “Poin Rekrut” yang diperoleh dapat ditukar dengan Idol atau item lainnya di toko penukaran. <br> <br> “Poin Rekrut” yang tidak ditukar akan secara otomatis diubah menjadi “Buku Keterampilan (Menengah)” pada akhir periode rekrut ini. <br> *Buku Keterampilan (Menengah) yang telah diubah akan ditambahkan langsung tanpa melalui hadiah.* <br> *Jika batas kepemilikan Buku Keterampilan (Menengah) tercapai, mereka akan diberikan sebagai hadiah.*"
mst.lottery_info.2110039._infoText,Rekrut Pikup ~Y2K♡GALS~
mst.lottery_info.2110039._detailText,"“Rekrut Pikiran – Y2K♡GALS” menjamin kemunculan Idol dengan peringkat R atau lebih tinggi. <br> “Rekrut Sekali” dapat dilakukan dengan 300 Loveca. <br> “Rekrut Sepuluh Kali” dapat dilakukan dengan 3000 Loveca, dan menjamin setidaknya satu Idol dengan peringkat SR atau lebih tinggi akan bergabung. <br> “Rekrut Berbayar Sekali” dapat dilakukan sekali sehari dengan 150 Loveca berbayar. <br> <br> Jika Idol yang sudah ada muncul, mereka akan secara otomatis diubah menjadi “Lampu Sorot”. <br> *Lampu Sorot yang telah diubah akan ditambahkan langsung tanpa melalui hadiah.* <br> *Jika batas kepemilikan Lampu Sorot tercapai, mereka akan diberikan sebagai hadiah.* <br> *Jumlah Lampu Sorot yang diperoleh berbeda-beda tergantung pada kelangkaan Idol.* <br> *UR: 500* <br> *SR: 50* <br> *R: 20* <br> <br> Selain itu, Anda akan mendapatkan “Poin Rekrut [Y2K♡GALS]” sesuai dengan jumlah Idol yang muncul. <br> “Poin Rekrut” yang diperoleh dapat ditukar dengan Idol atau item lainnya di toko penukaran. <br> <br> “Poin Rekrut” yang tidak ditukar akan secara otomatis diubah menjadi “Buku Keterampilan (Menengah)” pada akhir periode rekrut ini. <br> *Buku Keterampilan (Menengah) yang telah diubah akan ditambahkan langsung tanpa melalui hadiah.* <br> *Jika batas kepemilikan Buku Keterampilan (Menengah) tercapai, mereka akan diberikan sebagai hadiah.*"
mst.lottery_info.3110001._infoText,Kanon Ulang Tahun Rekrut - Harmoni Bintang
mst.lottery_info.3110001._detailText,"“Rekrut Ulang Tahun Kanon ~Harmoni Bintang~” menjamin kemunculan Idol dengan peringkat R atau lebih tinggi. <br> “Rekrut Sekali” dapat dilakukan dengan 300 Loveca. <br> “Rekrut Sepuluh Kali” dapat dilakukan dengan 3000 Loveca, dan menjamin setidaknya satu Idol dengan peringkat SR atau lebih tinggi akan bergabung. <br> “Rekrut Berbayar Sekali” dapat dilakukan sekali sehari dengan 150 Loveca berbayar. <br> <br> Jika Idol yang sudah ada muncul, mereka akan secara otomatis diubah menjadi “Lampu Sorot”. <br> *Lampu Sorot yang telah diubah akan ditambahkan secara langsung tanpa melalui hadiah.* <br> *Jika batas kepemilikan Lampu Sorot tercapai, mereka akan diberikan sebagai hadiah.* <br> *Jumlah Lampu Sorot yang diperoleh berbeda-beda tergantung pada kelangkaan Idol.* <br> *UR: 500* <br> *SR: 50* <br> *R: 20* <br> <br> Selain itu, Anda akan mendapatkan “Poin Rekrut [Ulang Tahun Kanon]” sesuai dengan jumlah Idol yang muncul. <br> “Poin Rekrut” yang diperoleh dapat ditukar dengan Idol atau item lainnya di toko penukaran. <br> <br> “Poin Rekrut” yang tidak ditukar akan secara otomatis diubah menjadi “Buku Keterampilan (Menengah)” pada akhir periode rekrut ini. <br> *Buku Keterampilan (Menengah) yang telah diubah akan ditambahkan secara langsung tanpa melalui hadiah.* <br> *Jika batas kepemilikan Buku Keterampilan (Menengah) tercapai, mereka akan diberikan sebagai hadiah.*"
mst.lottery_info.3110002._infoText,Ai-chan Ulang Tahun Rekrut ~Pahlawan Berwarna~
mst.lottery_info.3110002._detailText,"“Rekrut Ulang Tahun Ai ~Pahlawan Berwarna~” menjamin kemunculan Idol dengan peringkat R atau lebih tinggi. <br> “Rekrut Sekali” dapat dilakukan dengan 300 Loveca. <br> “Rekrut Sepuluh Kali” dapat dilakukan dengan 3000 Loveca, dan menjamin setidaknya satu Idol dengan peringkat SR atau lebih tinggi akan bergabung. <br> “Rekrut Berbayar Sekali” dapat dilakukan sekali sehari dengan 150 Loveca berbayar. <br> <br> Jika Idol yang sudah ada muncul, mereka akan secara otomatis diubah menjadi “Lampu Sorot”. <br> *Lampu Sorot yang telah diubah akan ditambahkan secara langsung tanpa melalui hadiah.* <br> *Jika batas kepemilikan Lampu Sorot tercapai, mereka akan diberikan sebagai hadiah.* <br> *Jumlah Lampu Sorot yang Dapatkan bervariasi tergantung pada kelangkaan Idol.* <br> *UR: 500* <br> *SR: 50* <br> *R: 20* <br> <br> Selain itu, Anda akan mendapatkan “Poin Rekrut [Ulang Tahun Ai]” sesuai dengan jumlah Idol yang muncul. <br> “Poin Rekrut” yang Dapatkan dapat ditukar dengan Idol dan item lainnya di toko penukaran. <br> <br> “Poin Rekrut” yang tidak ditukar akan secara otomatis diubah menjadi “Buku Keterampilan (Menengah)” pada akhir periode rekrut ini. <br> *Buku Keterampilan (Menengah) yang telah diubah akan ditambahkan secara langsung tanpa melalui hadiah.* <br> *Jika batas kepemilikan Buku Keterampilan (Menengah) tercapai, mereka akan diberikan sebagai hadiah.*"
mst.lottery_info.3110003._infoText,Nozomi Ulang Tahun Rekrut ~Flower Shower~
mst.lottery_info.3110003._detailText,"“Rekrut Ulang Tahun Chi-chan ~Bunga” menjamin kemunculan Idol dengan peringkat R atau lebih tinggi. <br> “Rekrut Sekali” dapat dilakukan dengan 300 Loveca. <br> “Rekrut Sepuluh Kali” dapat dilakukan dengan 3000 Loveca, dan menjamin setidaknya satu Idol dengan peringkat SR atau lebih tinggi akan bergabung. <br> “Rekrut Berbayar Sekali” dapat dilakukan sekali sehari dengan 150 Loveca berbayar. <br> <br> Jika Idol yang sudah ada muncul, mereka akan secara otomatis diubah menjadi “Lampu Sorot”. <br> *Lampu Sorot yang telah diubah akan ditambahkan langsung tanpa melalui hadiah.* <br> *Jika batas kepemilikan Lampu Sorot tercapai, mereka akan diberikan sebagai hadiah.* <br> *Jumlah Lampu Sorot yang Dapatkan bervariasi tergantung pada kelangkaan Idol.* <br> *UR: 500* <br> *SR: 50* <br> *R: 20* <br> <br> Selain itu, Anda akan mendapatkan “Poin Rekrut [Ulang Tahun Chi-chan]” sesuai dengan jumlah Idol yang muncul. <br> “Poin Rekrut” yang Dapatkan dapat ditukar dengan Idol dan item lainnya di toko penukaran. <br> <br> “Poin Rekrut” yang tidak ditukar akan secara otomatis diubah menjadi “Buku Keterampilan (Menengah)” pada akhir periode rekrut ini. <br> *Buku Keterampilan (Menengah) yang telah diubah akan ditambahkan langsung tanpa melalui hadiah.* <br> *Jika batas kepemilikan Buku Keterampilan (Menengah) tercapai, mereka akan diberikan sebagai hadiah.*"
mst.lottery_info.3110004._infoText,Mari-chan Ulang Tahun Rekrut – Sayap Peri
mst.lottery_info.3110004._detailText,"“Rekrut Ulang Tahun Mari-chan ~Sayap Peri~” menjamin kemunculan Idol dengan peringkat R atau lebih tinggi. <br> “Rekrut Sekali” dapat dilakukan dengan 300 Loveca. <br> “Rekrut Sepuluh Kali” dapat dilakukan dengan 3000 Loveca, dan menjamin setidaknya satu Idol dengan peringkat SR atau lebih tinggi akan bergabung. <br> “Rekrut Berbayar Sekali” dapat dilakukan sekali sehari dengan 150 Loveca berbayar. <br> <br> Jika Idol yang sudah ada muncul, mereka akan secara otomatis diubah menjadi “Lampu Sorot”. <br> *Lampu Sorot yang telah diubah akan ditambahkan secara langsung tanpa melalui hadiah.* <br> *Jika batas kepemilikan Lampu Sorot tercapai, mereka akan diberikan sebagai hadiah.* <br> *Jumlah Lampu Sorot yang Dapatkan bervariasi tergantung pada kelangkaan Idol.* <br> *UR: 500* <br> *SR: 50* <br> *R: 20* <br> <br> Selain itu, Anda akan mendapatkan “Poin Rekrut [Ulang Tahun Mari-chan]” sesuai dengan jumlah Idol yang muncul. <br> “Poin Rekrut” yang Dapatkan dapat ditukar dengan Idol dan item lainnya di toko penukaran. <br> <br> “Poin Rekrut” yang tidak ditukar akan secara otomatis diubah menjadi “Buku Keterampilan (Menengah)” pada akhir periode rekrut ini. <br> *Buku Keterampilan (Menengah) yang telah diubah akan ditambahkan secara langsung tanpa melalui hadiah.* <br> *Jika batas kepemilikan Buku Keterampilan (Menengah) tercapai, mereka akan diberikan sebagai hadiah.*"
mst.lottery_info.3110005._infoText,Shiki-chan Ulang Tahun Rekrut – Harmoni Bintang
mst.lottery_info.3110005._detailText,"“Rekrut Ulang Tahun Shiki ~Harmoni Star~” menjamin kemunculan Idol dengan peringkat R atau lebih tinggi. <br> “Rekrut Sekali” dapat dilakukan dengan 300 Loveca. <br> “Rekrut Sepuluh Kali” dapat dilakukan dengan 3000 Loveca, dan menjamin setidaknya satu Idol dengan peringkat SR atau lebih tinggi akan bergabung. <br> “Rekrut Berbayar Sekali” dapat dilakukan sekali sehari dengan 150 Loveca berbayar. <br> <br> Jika Idol yang sudah ada muncul, mereka akan secara otomatis diubah menjadi “Lampu Sorot”. <br> *Lampu Sorot yang telah diubah akan ditambahkan langsung tanpa melalui hadiah.* <br> *Jika batas kepemilikan Lampu Sorot tercapai, mereka akan diberikan sebagai hadiah.* <br> *Jumlah Lampu Sorot yang Dapatkan bervariasi tergantung pada kelangkaan Idol.* <br> *UR: 500* <br> *SR: 50* <br> *R: 20* <br> <br> Selain itu, Anda akan mendapatkan “Poin Rekrut [Ulang Tahun Shiki]” sesuai dengan jumlah Idol yang muncul. <br> “Poin Rekrut” yang Dapatkan dapat ditukar dengan Idol dan item lainnya di toko penukaran. <br> <br> “Poin Rekrut” yang tidak ditukar akan secara otomatis diubah menjadi “Buku Keterampilan (Menengah)” pada akhir periode rekrut ini. <br> *Buku Keterampilan (Menengah) yang telah diubah akan ditambahkan langsung tanpa melalui hadiah.* <br> *Jika batas kepemilikan Buku Keterampilan (Menengah) tercapai, mereka akan diberikan sebagai hadiah.*"
mst.lottery_info.3110006._infoText,Karirin-chan Ulang Tahun Rekrut ~Pahlawan Berwarna~
mst.lottery_info.3110006._detailText,"“Rekrut Ulang Tahun Karin ~Pahlawan Berwarna~” menjamin kemunculan Idol dengan peringkat R atau lebih tinggi. <br> “Rekrut Sekali” dapat dilakukan dengan 300 Loveca. <br> “Rekrut Sepuluh Kali” dapat dilakukan dengan 3000 Loveca, dan menjamin setidaknya satu Idol dengan peringkat SR atau lebih tinggi akan bergabung. <br> “Rekrut Berbayar Sekali” dapat dilakukan sekali sehari dengan 150 Loveca berbayar. <br> <br> Jika Idol yang sudah ada muncul, mereka akan secara otomatis diubah menjadi “Lampu Sorot”. <br> *Lampu Sorot yang telah diubah akan ditambahkan secara langsung tanpa melalui hadiah.* <br> *Jika batas kepemilikan Lampu Sorot tercapai, mereka akan diberikan sebagai hadiah.* <br> *Jumlah Lampu Sorot yang Dapatkan bervariasi tergantung pada kelangkaan Idol.* <br> *UR: 500* <br> *SR: 50* <br> *R: 20* <br> <br> Selain itu, Anda akan mendapatkan “Poin Rekrut [Ulang Tahun Karin]” sesuai dengan jumlah Idol yang muncul. <br> “Poin Rekrut” yang Dapatkan dapat ditukar dengan Idol dan item lainnya di toko penukaran. <br> <br> “Poin Rekrut” yang tidak ditukar akan secara otomatis diubah menjadi “Buku Keterampilan (Menengah)” pada akhir periode rekrut ini. <br> *Buku Keterampilan (Menengah) yang telah diubah akan ditambahkan secara langsung tanpa melalui hadiah.* <br> *Jika batas kepemilikan Buku Keterampilan (Menengah) tercapai, mereka akan diberikan sebagai hadiah.*"
mst.lottery_info.3110007._infoText,Zenko-chan Ulang Tahun Rekrut ~Fairy Wing~
mst.lottery_info.3110007._detailText,"“Rekrut Ulang Tahun Yoshiko ~Sayap Peri~” menjamin kemunculan Idol dengan peringkat R atau lebih tinggi. <br> “Rekrut Sekali” dapat dilakukan dengan 300 Loveca. <br> “Rekrut Sepuluh Kali” dapat dilakukan dengan 3000 Loveca, dan menjamin setidaknya satu Idol dengan peringkat SR atau lebih tinggi akan bergabung. <br> “Rekrut Berbayar Sekali” dapat dilakukan sekali sehari dengan 150 Loveca berbayar. <br> <br> Jika Idol yang sudah ada muncul, mereka akan secara otomatis diubah menjadi “Lampu Sorot”. <br> *Lampu Sorot yang telah diubah akan ditambahkan secara langsung tanpa melalui hadiah.* <br> *Jika batas kepemilikan Lampu Sorot tercapai, mereka akan diberikan sebagai hadiah.* <br> *Jumlah Lampu Sorot yang Dapatkan bervariasi tergantung pada kelangkaan Idol.* <br> *UR: 500* <br> *SR: 50* <br> *R: 20* <br> <br> Selain itu, Anda akan mendapatkan “Poin Rekrut [Ulang Tahun Yoshiko]” sesuai dengan jumlah Idol yang muncul. <br> “Poin Rekrut” yang Dapatkan dapat ditukar dengan Idol dan item lainnya di toko penukaran. <br> <br> “Poin Rekrut” yang tidak ditukar akan secara otomatis diubah menjadi “Buku Keterampilan (Menengah)” pada akhir periode rekrut ini. <br> *Buku Keterampilan (Menengah) yang telah diubah akan ditambahkan secara langsung tanpa melalui hadiah.* <br> *Jika batas kepemilikan Buku Keterampilan (Menengah) tercapai, mereka akan diberikan sebagai hadiah.*"
mst.lottery_info.3110008._infoText,Koko-chan Ulang Tahun Rekrut ~Harmoni Star~
mst.lottery_info.3110008._detailText,"“Rekrut Ulang Tahun Koko ~Harmoni Bintang~” menjamin kemunculan Idol dengan peringkat R atau lebih tinggi. <br> “Rekrut Sekali” dapat dilakukan dengan 300 Loveca. <br> “Rekrut Sepuluh Kali” dapat dilakukan dengan 3000 Loveca, dan menjamin setidaknya satu Idol dengan peringkat SR atau lebih tinggi akan bergabung. <br> “Rekrut Berbayar Sekali” dapat dilakukan sekali sehari dengan 150 Loveca berbayar. <br> <br> Jika Idol yang sudah ada muncul, mereka akan secara otomatis diubah menjadi “Lampu Sorot”. <br> *Lampu Sorot yang telah diubah akan ditambahkan secara langsung tanpa melalui hadiah.* <br> *Jika batas kepemilikan Lampu Sorot tercapai, mereka akan diberikan sebagai hadiah.* <br> *Jumlah Lampu Sorot yang Dapatkan bervariasi tergantung pada kelangkaan Idol.* <br> *UR: 500* <br> *SR: 50* <br> *R: 20* <br> <br> Selain itu, Anda akan mendapatkan “Poin Rekrut [Ulang Tahun Koko]” sesuai dengan jumlah Idol yang muncul. <br> “Poin Rekrut” yang Dapatkan dapat ditukar dengan Idol dan item lainnya di toko penukaran. <br> <br> “Poin Rekrut” yang tidak ditukar akan secara otomatis diubah menjadi “Buku Keterampilan (Menengah)” pada akhir periode rekrut ini. <br> *Buku Keterampilan (Menengah) yang telah diubah akan ditambahkan secara langsung tanpa melalui hadiah.* <br> *Jika batas kepemilikan Buku Keterampilan (Menengah) tercapai, mereka akan diberikan sebagai hadiah.*"
mst.lottery_info.3110009._infoText,Niko Ulang Tahun Rekrut ~Flower Shower~
mst.lottery_info.3110009._detailText,"“Rekrut Ulang Tahun Nico ~Flower Shower~” menjamin kemunculan Idol dengan peringkat R atau lebih tinggi. <br> “Rekrut Sekali” dapat dilakukan dengan 300 Loveca. <br> “Rekrut Sepuluh Kali” dapat dilakukan dengan 3000 Loveca, dan menjamin setidaknya satu Idol dengan peringkat SR atau lebih tinggi akan bergabung. <br> “Rekrut Berbayar Sekali” dapat dilakukan sekali sehari dengan 150 Loveca berbayar. <br> <br> Jika Idol yang sudah ada muncul, mereka akan secara otomatis diubah menjadi “Lampu Sorot”. <br> *Lampu Sorot yang telah diubah akan ditambahkan secara langsung tanpa melalui hadiah.* <br> *Jika batas kepemilikan Lampu Sorot tercapai, mereka akan diberikan sebagai hadiah.* <br> *Jumlah Lampu Sorot yang Dapatkan bervariasi tergantung pada kelangkaan Idol.* <br> *UR: 500* <br> *SR: 50* <br> *R: 20* <br> <br> Selain itu, Anda akan mendapatkan “Poin Rekrut [Ulang Tahun Nico]” sesuai dengan jumlah Idol yang muncul. <br> “Poin Rekrut” yang Dapatkan dapat ditukar dengan Idol dan item lainnya di toko penukaran. <br> <br> “Poin Rekrut” yang tidak ditukar akan secara otomatis diubah menjadi “Buku Keterampilan (Menengah)” pada akhir periode rekrut ini. <br> *Buku Keterampilan (Menengah) yang telah diubah akan ditambahkan secara langsung tanpa melalui hadiah.* <br> *Jika batas kepemilikan Buku Keterampilan (Menengah) tercapai, mereka akan diberikan sebagai hadiah.*"
mst.lottery_info.3110010._infoText,Chika Ulang Tahun Rekrut - Sayap Peri
mst.lottery_info.3110010._detailText,"“Rekrut Ulang Tahun Chika ~Fairy Wing~” menjamin kemunculan Idol dengan peringkat R atau lebih tinggi. <br> “Rekrut Sekali” dapat dilakukan dengan 300 Loveca. <br> “Rekrut Sepuluh Kali” dapat dilakukan dengan 3000 Loveca, dan menjamin setidaknya satu Idol dengan peringkat SR atau lebih tinggi akan bergabung. <br> “Rekrut Berbayar Sekali” dapat dilakukan sekali sehari dengan 150 Loveca berbayar. <br> <br> Jika Idol yang sudah ada muncul, mereka akan secara otomatis diubah menjadi “Penlight”. <br> *Penlight yang telah diubah akan ditambahkan secara langsung tanpa melalui hadiah. <br> *Jika batas kepemilikan Penlight tercapai, mereka akan diberikan sebagai hadiah. <br> *Jumlah Penlight yang Dapatkan bervariasi tergantung pada kelangkaan Idol. <br> ・UR: 500 <br> ・SR: 50 <br> ・R: 20 <br> <br> Selain itu, Anda akan mendapatkan “Poin Rekrut [Ulang Tahun Chika]” sesuai dengan jumlah Idol yang muncul. <br> “Poin Rekrut” yang Dapatkan dapat ditukar dengan Idol dan item lainnya di toko penukaran. <br> <br> “Poin Rekrut” yang tidak ditukar akan secara otomatis diubah menjadi “Buku Keterampilan (Menengah)” pada akhir periode rekrut ini. <br> *Buku Keterampilan (Menengah) yang telah diubah akan ditambahkan secara langsung tanpa melalui hadiah. <br> *Jika batas kepemilikan Buku Keterampilan (Menengah) tercapai, mereka akan diberikan sebagai hadiah."
mst.lottery_info.3110011._infoText,Hoshiko-chan Ulang Tahun Rekrut ~Flower Shower~
mst.lottery_info.3110011._detailText,"“Rekrut Ulang Tahun Hoshiko ~Flower Shower~” menjamin kemunculan Idol dengan peringkat R atau lebih tinggi. <br> “Rekrut Sekali” dapat dilakukan dengan 300 Loveca. <br> “Rekrut Sepuluh Kali” dapat dilakukan dengan 3000 Loveca, dan menjamin setidaknya satu Idol dengan peringkat SR atau lebih tinggi akan bergabung. <br> “Rekrut Berbayar Sekali” dapat dilakukan sekali sehari dengan 150 Loveca berbayar. <br> <br> Jika Idol yang sudah ada muncul, mereka akan secara otomatis diubah menjadi “Lampu Sorot”. <br> *Lampu Sorot yang telah diubah akan ditambahkan secara langsung tanpa melalui hadiah.* <br> *Jika batas kepemilikan Lampu Sorot tercapai, mereka akan diberikan sebagai hadiah.* <br> *Jumlah Lampu Sorot yang Dapatkan bervariasi tergantung pada kelangkaan Idol.* <br> *UR: 500* <br> *SR: 50* <br> *R: 20* <br> <br> Selain itu, Anda akan mendapatkan “Poin Rekrut [Ulang Tahun Hoshiko]” sesuai dengan jumlah Idol yang muncul. <br> “Poin Rekrut” yang Dapatkan dapat ditukar dengan Idol dan item lainnya di toko penukaran. <br> <br> “Poin Rekrut” yang tidak ditukar akan secara otomatis diubah menjadi “Buku Keterampilan (Menengah)” pada akhir periode rekrut ini. <br> *Buku Keterampilan (Menengah) yang telah diubah akan ditambahkan secara langsung tanpa melalui hadiah.* <br> *Jika batas kepemilikan Buku Keterampilan (Menengah) tercapai, mereka akan diberikan sebagai hadiah.*"
mst.lottery_info.3110012._infoText,Summeri-chan Ulang Tahun Rekrut ~Harmoni Star~
mst.lottery_info.3110012._detailText,"“Rekrut Ulang Tahun Etsuko ~Harmoni Star~” menjamin kemunculan Idol dengan peringkat R atau lebih tinggi. <br> “Rekrut Sekali” dapat dilakukan dengan 300 Loveca. <br> “Rekrut Sepuluh Kali” dapat dilakukan dengan 3000 Loveca, dan menjamin setidaknya satu Idol dengan peringkat SR atau lebih tinggi akan bergabung. <br> “Rekrut Berbayar Sekali” dapat dilakukan sekali sehari dengan 150 Loveca berbayar. <br> <br> Jika Idol yang sudah ada muncul, mereka akan secara otomatis diubah menjadi “Penyala”. <br> *Penyala yang telah diubah akan ditambahkan secara langsung tanpa melalui hadiah. <br> *Jika batas kepemilikan Penyala tercapai, mereka akan diberikan sebagai hadiah. <br> *Jumlah Penyala yang Dapatkan bervariasi tergantung pada kelangkaan Idol. <br> ・UR: 500 <br> ・SR: 50 <br> ・R: 20 <br> <br> Selain itu, Anda akan mendapatkan “Poin Rekrut [Ulang Tahun Etsuko]” sesuai dengan jumlah Idol yang muncul. <br> “Poin Rekrut” yang Dapatkan dapat ditukar dengan Idol dan item lainnya di toko penukaran. <br> <br> “Poin Rekrut” yang tidak ditukar akan secara otomatis diubah menjadi “Buku Keterampilan (Menengah)” pada akhir periode rekrut ini. <br> *Buku Keterampilan (Menengah) yang telah diubah akan ditambahkan secara langsung tanpa melalui hadiah. <br> *Jika batas kepemilikan Buku Keterampilan (Menengah) tercapai, mereka akan diberikan sebagai hadiah."
mst.lottery_info.3110013._infoText,Setuna Ulang Tahun Rekrut - Colorful Heroines
mst.lottery_info.3110013._detailText,"“Rekrut Ulang Tahun Setsuna ~Pahlawan Berwarna~” menjamin kemunculan Idol dengan peringkat R atau lebih tinggi. <br> “Rekrut Sekali” dapat dilakukan dengan 300 Loveca. <br> “Rekrut Sepuluh Kali” dapat dilakukan dengan 3000 Loveca, dan menjamin setidaknya satu Idol dengan peringkat SR atau lebih tinggi akan bergabung. <br> “Rekrut Berbayar Sekali” dapat dilakukan sekali sehari dengan 150 Loveca berbayar. <br> <br> Jika Idol yang sudah ada muncul, mereka akan secara otomatis diubah menjadi “Lampu Sorot”. <br> *Lampu Sorot yang telah diubah akan ditambahkan secara langsung tanpa melalui hadiah.* <br> *Jika batas kepemilikan Lampu Sorot tercapai, mereka akan diberikan sebagai hadiah.* <br> *Jumlah Lampu Sorot yang Dapatkan bervariasi tergantung pada kelangkaan Idol.* <br> *UR: 500* <br> *SR: 50* <br> *R: 20* <br> <br> Selain itu, Anda akan mendapatkan “Poin Rekrut [Ulang Tahun Setsuna]” sesuai dengan jumlah Idol yang muncul. <br> “Poin Rekrut” yang Dapatkan dapat ditukar dengan Idol dan item lainnya di toko penukaran. <br> <br> “Poin Rekrut” yang tidak ditukar akan secara otomatis diubah menjadi “Buku Keterampilan (Menengah)” pada akhir periode rekrut ini. <br> *Buku Keterampilan (Menengah) yang telah diubah akan ditambahkan secara langsung tanpa melalui hadiah.* <br> *Jika batas kepemilikan Buku Keterampilan (Menengah) tercapai, mereka akan diberikan sebagai hadiah.*"
mst.lottery_info.3110014._infoText,Kotori-chan Ulang Tahun Rekrut - Bunga Hujan
mst.lottery_info.3110014._detailText,"“Rekrut Ulang Tahun Kotori ~Flower Shower~” menjamin kemunculan Idol dengan peringkat R atau lebih tinggi. <br> “Rekrut Sekali” dapat dilakukan dengan 300 Loveca. <br> “Rekrut Sepuluh Kali” dapat dilakukan dengan 3000 Loveca, dan menjamin setidaknya satu Idol dengan peringkat SR atau lebih tinggi akan bergabung. <br> “Rekrut Berbayar Sekali” dapat dilakukan sekali sehari dengan 150 Loveca berbayar. <br> <br> Jika Idol yang sudah ada muncul, mereka akan secara otomatis diubah menjadi “Penlight”. <br> *Penlight yang telah diubah akan ditambahkan secara langsung tanpa melalui hadiah. <br> *Jika batas kepemilikan Penlight tercapai, mereka akan diberikan sebagai hadiah. <br> *Jumlah Penlight yang Dapatkan bervariasi tergantung pada kelangkaan Idol. <br> ・UR: 500 <br> ・SR: 50 <br> ・R: 20 <br> <br> Selain itu, Anda akan mendapatkan “Poin Rekrut [Ulang Tahun Kotori]” sesuai dengan jumlah Idol yang muncul. <br> “Poin Rekrut” yang Dapatkan dapat ditukar dengan Idol dan item lainnya di toko penukaran. <br> <br> “Poin Rekrut” yang tidak ditukar akan secara otomatis diubah menjadi “Buku Keterampilan (Menengah)” pada akhir periode rekrut ini. <br> *Buku Keterampilan (Menengah) yang telah diubah akan ditambahkan secara langsung tanpa melalui hadiah. <br> *Jika batas kepemilikan Buku Keterampilan (Menengah) tercapai, mereka akan diberikan sebagai hadiah."
mst.lottery_info.3110015._infoText,Riko-chan Ulang Tahun Rekrut ~Sayap Peri~
mst.lottery_info.3110015._detailText,"“Rekrut Ulang Tahun Riko ~Sayap Peri~” menjamin kemunculan Idol dengan peringkat R atau lebih tinggi. <br> “Rekrut Sekali” dapat dilakukan dengan 300 Loveca. <br> “Rekrut Sepuluh Kali” dapat dilakukan dengan 3000 Loveca, dan menjamin setidaknya satu Idol dengan peringkat SR atau lebih tinggi akan bergabung. <br> “Rekrut Berbayar Sekali” dapat dilakukan sekali sehari dengan 150 Loveca berbayar. <br> <br> Jika Idol yang sudah ada muncul, mereka akan secara otomatis diubah menjadi “Lampu Sorot”. <br> *Lampu Sorot yang telah diubah akan ditambahkan secara langsung tanpa melalui hadiah.* <br> *Jika batas kepemilikan Lampu Sorot tercapai, mereka akan diberikan sebagai hadiah.* <br> *Jumlah Lampu Sorot yang Dapatkan bervariasi tergantung pada kelangkaan Idol.* <br> *UR: 500* <br> *SR: 50* <br> *R: 20* <br> <br> Selain itu, Anda akan mendapatkan “Poin Rekrut [Ulang Tahun Riko]” sesuai dengan jumlah Idol yang muncul. <br> “Poin Rekrut” yang Dapatkan dapat ditukar dengan Idol dan item lainnya di toko penukaran. <br> <br> “Poin Rekrut” yang tidak ditukar akan secara otomatis diubah menjadi “Buku Keterampilan (Menengah)” pada akhir periode rekrut ini. <br> *Buku Keterampilan (Menengah) yang telah diubah akan ditambahkan secara langsung tanpa melalui hadiah.* <br> *Jika batas kepemilikan Buku Keterampilan (Menengah) tercapai, mereka akan diberikan sebagai hadiah.*"
mst.lottery_info.3110016._infoText,Rubi-chan Ulang Tahun Rekrut - Sayap Peri
mst.lottery_info.3110016._detailText,"“Rekrut Ulang Tahun Ruby ~Fairy Wing~” menjamin kemunculan Idol dengan peringkat R atau lebih tinggi. <br> “Rekrut Sekali” dapat dilakukan dengan 300 Loveca. <br> “Rekrut Sepuluh Kali” dapat dilakukan dengan 3000 Loveca, dan menjamin setidaknya satu Idol dengan peringkat SR atau lebih tinggi akan bergabung. <br> “Rekrut Berbayar Sekali” dapat dilakukan sekali sehari dengan 150 Loveca berbayar. <br> <br> Jika Idol yang sudah ada muncul, mereka akan secara otomatis diubah menjadi “Lampu Sorot”. <br> *Lampu Sorot yang telah diubah akan ditambahkan secara langsung tanpa melalui hadiah. <br> *Jika batas kepemilikan Lampu Sorot tercapai, mereka akan diberikan sebagai hadiah. <br> *Jumlah Lampu Sorot yang Dapatkan bervariasi tergantung pada kelangkaan Idol. <br> ・UR: 500 <br> ・SR: 50 <br> ・R: 20 <br> <br> Selain itu, Anda akan mendapatkan “Poin Rekrut [Ulang Tahun Ruby]” sesuai dengan jumlah Idol yang muncul. <br> “Poin Rekrut” yang Dapatkan dapat ditukar dengan Idol dan item lainnya di toko penukaran. <br> <br> “Poin Rekrut” yang tidak ditukar akan secara otomatis diubah menjadi “Buku Keterampilan (Menengah)” pada akhir periode rekrut ini. <br> *Buku Keterampilan (Menengah) yang telah diubah akan ditambahkan secara langsung tanpa melalui hadiah. <br> *Jika batas kepemilikan Buku Keterampilan (Menengah) tercapai, mereka akan diberikan sebagai hadiah."
mst.lottery_info.3110017._infoText,Sumire Ulang Tahun Rekrut ~Harmoni Star~
mst.lottery_info.3110017._detailText,"“Sumire-chan Ulang Tahun Rekrut ~Harmoni Star~” menjamin kemunculan Idol dengan peringkat R atau lebih tinggi. <br> “Rekrut Sekali” dapat dilakukan dengan 300 Loveca. <br> “Rekrut 10 Kali” dapat dilakukan dengan 3000 Loveca, dan menjamin setidaknya satu Idol dengan peringkat SR atau lebih tinggi akan bergabung. <br> “Rekrut Sekali (Berbayar)” dapat dilakukan sekali sehari dengan 150 Loveca berbayar. <br> <br> Jika Idol yang sudah ada muncul, mereka akan secara otomatis diubah menjadi “Lampu Sorot”. <br> *Lampu Sorot yang telah diubah akan ditambahkan langsung tanpa melalui hadiah.* <br> *Jika batas kepemilikan Lampu Sorot tercapai, mereka akan diberikan sebagai hadiah.* <br> *Jumlah Lampu Sorot yang diperoleh berbeda-beda tergantung pada kelangkaan Idol.* <br> *UR: 500* <br> *SR: 50* <br> *R: 20* <br> <br> Selain itu, Anda akan mendapatkan “Poin Rekrut [Ulang Tahun Sumire-chan]” sesuai dengan jumlah Idol yang muncul. <br> “Poin Rekrut” yang diperoleh dapat ditukar dengan Idol atau item lainnya di toko penukaran. <br> <br> “Poin Rekrut” yang tidak ditukar akan secara otomatis diubah menjadi “Buku Keterampilan (Menengah)” pada akhir periode rekrut ini. <br> *Buku Keterampilan (Menengah) yang telah diubah akan ditambahkan langsung tanpa melalui hadiah.* <br> *Jika batas kepemilikan Buku Keterampilan (Menengah) tercapai, mereka akan diberikan sebagai hadiah.*"
mst.lottery_info.3110018._infoText,Shizuku Ulang Tahun Rekrut - Colorful Heroines
mst.lottery_info.3110018._detailText,"“Rekrut Ulang Tahun Shizuko ~Pahlawan Berwarna~” menampilkan setidaknya satu Idol dari klub Hoshigasaki Gakuen School Idol yang berperingkat R atau lebih tinggi. <br> “Rekrut Sekali” dapat dilakukan dengan 300 Loveca. <br> “Rekrut Sepuluh Kali” dapat dilakukan dengan 3000 Loveca, dan setidaknya satu Idol berperingkat SR atau lebih tinggi akan bergabung. <br> “Rekrut Berbayar Sekali” dapat dilakukan sekali sehari dengan 150 Loveca berbayar. <br> “Rekrut Berbayar Sepuluh Kali” dapat dilakukan sekali selama periode ini dengan 2000 Loveca berbayar. <br> <br> Jika Idol yang sudah bergabung muncul, mereka akan secara otomatis diubah menjadi “Lampu Sorot”. <br> *Lampu Sorot yang telah diubah akan ditambahkan langsung tanpa melalui hadiah.* <br> *Jika batas kepemilikan Lampu Sorot tercapai, mereka akan diberikan sebagai hadiah.* <br> *Jumlah Lampu Sorot yang diperoleh berbeda-beda tergantung pada kelangkaan Idol.* <br> *UR: 500* <br> *SR: 50* <br> *R: 20* <br> <br> Selain itu, Anda akan mendapatkan “Poin Rekrut [Ulang Tahun Shizuko]” sesuai dengan jumlah Idol yang muncul. <br> “Poin Rekrut” yang diperoleh dapat ditukar dengan Idol atau item lainnya di toko penukaran. <br> <br> “Poin Rekrut” yang tidak ditukar akan secara otomatis diubah menjadi “Buku Keterampilan (Menengah)” pada akhir rekrut ini. <br> *Buku Keterampilan (Menengah) yang telah diubah akan ditambahkan langsung tanpa melalui hadiah.* <br> *Jika batas kepemilikan Buku Keterampilan (Menengah) tercapai, mereka akan diberikan sebagai hadiah.*"
mst.lottery_info.3110019._infoText,Eri-chan Ulang Tahun Rekrut ~Flower Shower~
mst.lottery_info.3110019._detailText,"“Rekrut Ulang Tahun Emi ~Bunga-bunga~” menampilkan setidaknya satu Idol dari μ's dengan peringkat R atau lebih tinggi. <br> “Rekrut Sekali” dapat dilakukan dengan 300 Loveca. <br> “Rekrut Sepuluh Kali” dapat dilakukan dengan 3000 Loveca, dan menjamin setidaknya satu Idol dengan peringkat SR atau lebih tinggi akan bergabung. <br> “Rekrut Berbayar Sekali” dapat dilakukan sekali sehari dengan 150 Loveca berbayar. <br> “Rekrut Berbayar Sepuluh Kali” dapat dilakukan sekali selama periode acara dengan 2000 Loveca berbayar. <br> <br> Jika Idol yang sudah bergabung muncul, mereka akan secara otomatis diubah menjadi “Lampu Sorot”. <br> *Lampu Sorot yang telah diubah akan ditambahkan langsung tanpa melalui hadiah.* <br> *Jika batas kepemilikan Lampu Sorot tercapai, mereka akan diberikan sebagai hadiah.* <br> *Jumlah Lampu Sorot yang Dapatkan bervariasi tergantung pada kelangkaan Idol.* <br> *UR: 500* <br> *SR: 50* <br> *R: 20* <br> <br> Selain itu, Anda akan mendapatkan “Poin Rekrut [Ulang Tahun Emi]” sesuai dengan jumlah Idol yang muncul. <br> “Poin Rekrut” yang Dapatkan dapat ditukar dengan Idol dan item lainnya di toko penukaran. <br> <br> “Poin Rekrut” yang tidak ditukar akan secara otomatis diubah menjadi “Buku Keterampilan (Menengah)” pada akhir acara ini. <br> *Buku Keterampilan (Menengah) yang telah diubah akan ditambahkan langsung tanpa melalui hadiah.* <br> *Jika batas kepemilikan Buku Keterampilan (Menengah) tercapai, mereka akan diberikan sebagai hadiah.*"
mst.lottery_info.3110020._infoText,May-chan Ulang Tahun Rekrut ~Harmoni Star~
mst.lottery_info.3110020._detailText,"“Rekrut Ulang Tahun Mei ~Harmoni Bintang~” menjamin kemunculan Idol dari Liella! dengan peringkat R atau lebih tinggi. <br> “Rekrut Sekali” dapat dilakukan dengan 300 Loveca. <br> “Rekrut Sepuluh Kali” dapat dilakukan dengan 3000 Loveca, dan menjamin setidaknya satu Idol dengan peringkat SR atau lebih tinggi akan bergabung. <br> “Rekrut Berbayar Sekali” dapat dilakukan sekali sehari dengan 150 Loveca berbayar. <br> “Rekrut Berbayar Sepuluh Kali” dapat dilakukan sekali selama periode acara dengan 2000 Loveca berbayar. <br> <br> Jika Idol yang sudah bergabung muncul, mereka akan secara otomatis diubah menjadi “Lampu Sorot”. <br> *Lampu Sorot yang telah diubah akan ditambahkan langsung tanpa melalui hadiah.* <br> *Jika batas kepemilikan Lampu Sorot tercapai, mereka akan diberikan sebagai hadiah.* <br> *Jumlah Lampu Sorot yang diperoleh berbeda-beda tergantung pada kelangkaan Idol.* <br> *UR: 500* <br> *SR: 50* <br> *R: 20* <br> <br> Selain itu, Anda akan mendapatkan “Poin Rekrut [Ulang Tahun Mei]” sesuai dengan jumlah Idol yang muncul. <br> “Poin Rekrut” yang diperoleh dapat ditukar dengan Idol atau item lainnya di toko penukaran. <br> <br> “Poin Rekrut” yang tidak ditukar akan secara otomatis diubah menjadi “Buku Keterampilan (Menengah)” pada akhir acara ini. <br> *Buku Keterampilan (Menengah) yang telah diubah akan ditambahkan langsung tanpa melalui hadiah.* <br> *Jika batas kepemilikan Buku Keterampilan (Menengah) tercapai, mereka akan diberikan sebagai hadiah.*"
mst.lottery_info.3110021._infoText,Rin-chan Ulang Tahun Rekrut ~Flower Shower~
mst.lottery_info.3110021._detailText,"“Rekrut Ulang Tahun Rin ~Bunga-bunga” menampilkan setidaknya satu Idol dari μ's dengan peringkat R atau lebih tinggi. <br> “Rekrut Sekali” dapat dilakukan dengan 300 Loveca. <br> “Rekrut Sepuluh Kali” dapat dilakukan dengan 3000 Loveca, dan menjamin setidaknya satu Idol dengan peringkat SR atau lebih tinggi akan bergabung. <br> “Rekrut Sekali (Berbayar)” dapat dilakukan sekali sehari dengan 150 Loveca berbayar. <br> “Rekrut Sepuluh Kali (Berbayar)” dapat dilakukan sekali selama periode ini dengan 2000 Loveca berbayar. <br> <br> Jika Idol yang sudah bergabung muncul, mereka akan secara otomatis diubah menjadi “Lampu Sorot”. <br> *Lampu Sorot yang telah diubah akan ditambahkan langsung tanpa melalui hadiah.* <br> *Jika batas kepemilikan Lampu Sorot tercapai, mereka akan diberikan sebagai hadiah.* <br> *Jumlah Lampu Sorot yang diperoleh bervariasi tergantung pada kelangkaan Idol.* <br> *UR: 500* <br> *SR: 50* <br> *R: 20* <br> <br> Selain itu, Anda akan mendapatkan “Poin Rekrut [Ulang Tahun Rin]” sesuai dengan jumlah Idol yang muncul. <br> “Poin Rekrut” yang diperoleh dapat ditukar dengan Idol dan item lainnya di toko penukaran. <br> <br> “Poin Rekrut” yang tidak ditukar akan secara otomatis diubah menjadi “Buku Keterampilan (Menengah)” pada akhir rekrut ini. <br> *Buku Keterampilan (Menengah) yang telah diubah akan ditambahkan langsung tanpa melalui hadiah.* <br> *Jika batas kepemilikan Buku Keterampilan (Menengah) tercapai, mereka akan diberikan sebagai hadiah.*"
mst.lottery_info.3110022._infoText,Rina's Birthday Gacha ~Colorful Heroines~
mst.lottery_info.3110022._detailText,"“Rekrut Ulang Tahun Rina ~Pahlawan Berwarna~” menampilkan setidaknya satu Idol dari Nijigasaki Gakuen School Idol Club dengan peringkat R atau lebih tinggi. <br> “Rekrut Sekali” dapat dilakukan dengan 300 Loveca. <br> “Rekrut Sepuluh Kali” dapat dilakukan dengan 3000 Loveca, dan menjamin setidaknya satu Idol dengan peringkat SR atau lebih tinggi akan bergabung. <br> “Rekrut Berbayar Sekali” dapat dilakukan sekali sehari dengan 150 Loveca berbayar. <br> “Rekrut Berbayar Sepuluh Kali” dapat dilakukan sekali selama periode ini dengan 2000 Loveca berbayar. <br> <br> Jika Idol yang sudah bergabung muncul, mereka akan secara otomatis diubah menjadi “Lampu Sorot”. <br> *Lampu Sorot yang telah diubah akan ditambahkan langsung tanpa melalui hadiah.* <br> *Jika batas kepemilikan Lampu Sorot tercapai, mereka akan diberikan sebagai hadiah.* <br> *Jumlah Lampu Sorot yang diperoleh bervariasi tergantung pada kelangkaan Idol.* <br> *UR: 500* <br> *SR: 50* <br> *R: 20* <br> <br> Selain itu, Anda akan mendapatkan “Poin Rekrut [Ulang Tahun Rina]” sesuai dengan jumlah Idol yang muncul. <br> “Poin Rekrut” yang diperoleh dapat ditukar dengan Idol atau item lainnya di toko penukaran. <br> <br> “Poin Rekrut” yang tidak ditukar akan secara otomatis diubah menjadi “Buku Keterampilan (Menengah)” pada akhir rekrut ini. <br> *Buku Keterampilan (Menengah) yang telah diubah akan ditambahkan langsung tanpa melalui hadiah.* <br> *Jika batas kepemilikan Buku Keterampilan (Menengah) tercapai, mereka akan diberikan sebagai hadiah.*"
mst.lottery_info.3110023._infoText,Ujian Hari Ulang Tahun Koi-chan ~Harmoni Bintang~
mst.lottery_info.3110023._detailText,"“Rekrut Ulang Tahun Koi-chan ~Harmoni Star~” menjamin kemunculan Idol dari Liella! dengan peringkat R atau lebih tinggi. <br> “Rekrut Sekali” dapat dilakukan dengan 300 Loveca. <br> “Rekrut Sepuluh Kali” dapat dilakukan dengan 3000 Loveca, dan menjamin setidaknya satu Idol dengan peringkat SR atau lebih tinggi akan bergabung. <br> “Rekrut Sekali (Berbayar)” dapat dilakukan sekali sehari dengan 150 Loveca berbayar. <br> “Rekrut Sepuluh Kali (Berbayar)” dapat dilakukan sekali selama periode berlangsung dengan 2000 Loveca berbayar. <br> <br> Jika Idol yang sudah bergabung muncul, mereka akan secara otomatis diubah menjadi “Penyala”. <br> *Penyala yang telah diubah akan ditambahkan secara langsung tanpa melalui hadiah. <br> *Jika batas kepemilikan Penyala tercapai, mereka akan diberikan sebagai hadiah. <br> *Jumlah Penyala yang didapatkan berbeda-beda tergantung pada kelangkaan Idol. <br> ・UR: 500 <br> ・SR: 50 <br> ・R: 20 <br> <br> Selain itu, Anda akan mendapatkan “Poin Rekrut [Ulang Tahun Koi-chan]” sesuai dengan jumlah Idol yang muncul. <br> “Poin Rekrut” yang didapatkan dapat ditukar dengan Idol atau item lainnya di toko penukaran. <br> <br> “Poin Rekrut” yang tidak ditukar akan secara otomatis diubah menjadi “Buku Keterampilan (Menengah)” pada akhir periode rekrut ini. <br> *Buku Keterampilan (Menengah) yang telah diubah akan ditambahkan secara langsung tanpa melalui hadiah. <br> *Jika batas kepemilikan Buku Keterampilan (Menengah) tercapai, mereka akan diberikan sebagai hadiah."
mst.lottery_info.3110024._infoText,Mia's Birthday Rekrut ~Colorful Heroines~
mst.lottery_info.3110024._detailText,"“Rekrut Ulang Tahun Mia ~Pahlawan Berwarna~” menampilkan setidaknya satu Idol dari Rainbow Gakuin School Idol Club dengan peringkat R atau lebih tinggi. <br> “Rekrut Sekali” dapat dilakukan dengan 300 Loveca. <br> “Rekrut Sepuluh Kali” dapat dilakukan dengan 3000 Loveca, dan menjamin bahwa setidaknya satu Idol dengan peringkat SR atau lebih tinggi akan bergabung. <br> “Rekrut Berbayar Sekali” dapat dilakukan sekali sehari dengan 150 Loveca berbayar. <br> “Rekrut Berbayar Sepuluh Kali” dapat dilakukan sekali selama periode dengan 2000 Loveca berbayar. <br> <br> Jika Idol yang sudah bergabung muncul, mereka akan secara otomatis diubah menjadi “Lampu Sorot”. <br> *Lampu Sorot yang telah diubah akan ditambahkan langsung tanpa melalui hadiah.* <br> *Jika batas kepemilikan Lampu Sorot tercapai, mereka akan diberikan sebagai hadiah.* <br> *Jumlah Lampu Sorot yang diperoleh bervariasi tergantung pada kelangkaan Idol.* <br> *UR: 500* <br> *SR: 50* <br> *R: 20* <br> <br> Selain itu, Anda akan mendapatkan “Poin Rekrut [Ulang Tahun Mia]” sesuai dengan jumlah Idol yang muncul. <br> “Poin Rekrut” yang diperoleh dapat ditukar dengan Idol dan item lainnya di toko penukaran. <br> <br> “Poin Rekrut” yang tidak ditukar akan secara otomatis diubah menjadi “Buku Keterampilan (Menengah)” pada akhir rekrut ini. <br> *Buku Keterampilan (Menengah) yang telah diubah akan ditambahkan langsung tanpa melalui hadiah.* <br> *Jika batas kepemilikan Buku Keterampilan (Menengah) tercapai, mereka akan diberikan sebagai hadiah.*"
mst.lottery_info.3110025._infoText,Kawayo-chan Ulang Tahun Rekrut ~Colorful Heroines~
mst.lottery_info.3110025._detailText,"“Rekrut Ulang Tahun Himari ~Colorful Heroines~” menampilkan setidaknya satu Idol dari Rainbow Gakuin School Idol Club dengan peringkat R atau lebih tinggi. <br> “Rekrut Sekali” dapat dilakukan dengan 300 Loveca. <br> “Rekrut Sepuluh Kali” dapat dilakukan dengan 3000 Loveca, dan menjamin bahwa setidaknya satu Idol dengan peringkat SR atau lebih tinggi akan bergabung. <br> “Rekrut Berbayar Sekali” dapat dilakukan sekali sehari dengan 150 Loveca berbayar. <br> “Rekrut Berbayar Sepuluh Kali” dapat dilakukan sekali selama periode acara dengan 2000 Loveca berbayar. <br> <br> Jika Idol yang sudah bergabung muncul, mereka akan secara otomatis diubah menjadi “Lampu Sorot”. <br> *Lampu Sorot yang telah diubah akan ditambahkan secara langsung tanpa melalui hadiah.* <br> *Jika batas kepemilikan Lampu Sorot tercapai, mereka akan diberikan sebagai hadiah.* <br> *Jumlah Lampu Sorot yang Dapatkan bervariasi tergantung pada kelangkaan Idol.* <br> *UR: 500* <br> *SR: 50* <br> *R: 20* <br> <br> Selain itu, Anda akan mendapatkan “Poin Rekrut [Ulang Tahun Himari]” sesuai dengan jumlah Idol yang muncul. <br> “Poin Rekrut” yang Dapatkan dapat ditukar dengan Idol dan item lainnya di toko penukaran. <br> <br> “Poin Rekrut” yang tidak ditukar akan secara otomatis diubah menjadi “Buku Keterampilan (Menengah)” pada akhir acara ini. <br> *Buku Keterampilan (Menengah) yang telah diubah akan ditambahkan secara langsung tanpa melalui hadiah.* <br> *Jika batas kepemilikan Buku Keterampilan (Menengah) tercapai, mereka akan diberikan sebagai hadiah.*"
mst.lottery_info.3110026._infoText,Fuyumari Ulang Tahun Rekrut - Harmoni Bintang
mst.lottery_info.3110026._detailText,"“Rekrut Ulang Tahun Fuyumari ~Harmoni Bintang~” menampilkan setidaknya satu Idol dari Liella! dengan peringkat R atau lebih tinggi. <br> “Rekrut Sekali” dapat dilakukan dengan 300 Loveca. <br> “Rekrut Sepuluh Kali” dapat dilakukan dengan 3000 Loveca, dan menjamin setidaknya satu Idol dengan peringkat SR atau lebih tinggi akan bergabung. <br> “Rekrut Berbayar Sekali” dapat dilakukan sekali sehari dengan 150 Loveca berbayar. <br> “Rekrut Berbayar Sepuluh Kali” dapat dilakukan sekali selama periode acara dengan 2000 Loveca berbayar. <br> <br> Jika Idol yang sudah bergabung muncul, mereka akan secara otomatis diubah menjadi “Penyala”. <br> *Penyala yang telah diubah akan ditambahkan langsung tanpa melalui hadiah. <br> *Jika batas kepemilikan Penyala tercapai, mereka akan diberikan sebagai hadiah. <br> *Jumlah Penyala yang Dapatkan bervariasi tergantung pada kelangkaan Idol. <br> ・UR: 500 <br> ・SR: 50 <br> ・R: 20 <br> <br> Selain itu, Anda akan mendapatkan “Poin Rekrut [Ulang Tahun Fuyumari]” sesuai dengan jumlah Idol yang muncul. <br> “Poin Rekrut” yang Dapatkan dapat ditukar dengan Idol dan item lainnya di toko penukaran. <br> <br> “Poin Rekrut” yang tidak ditukar akan secara otomatis diubah menjadi “Buku Keterampilan (Menengah)” pada akhir acara ini. <br> *Buku Keterampilan (Menengah) yang telah diubah akan ditambahkan langsung tanpa melalui hadiah. <br> *Jika batas kepemilikan Buku Keterampilan (Menengah) tercapai, mereka akan diberikan sebagai hadiah."
mst.lottery_info.3110027._infoText,Rekrut Ulang Tahun Dia ~Sayap Peri~
mst.lottery_info.3110027._detailText,"“Rekrut Ulang Tahun Dia-chan ~Sayap Peri~” menampilkan setidaknya satu Idol dari Aqours dengan peringkat R atau lebih tinggi. <br> “Rekrut Sekali” dapat dilakukan dengan 300 Loveca. <br> “Rekrut Sepuluh Kali” dapat dilakukan dengan 3000 Loveca, dan menjamin setidaknya satu Idol dengan peringkat SR atau lebih tinggi akan bergabung. <br> “Rekrut Berbayar Sekali” dapat dilakukan sekali sehari dengan 150 Loveca berbayar. <br> “Rekrut Berbayar Sepuluh Kali” dapat dilakukan sekali selama periode acara dengan 2000 Loveca berbayar. <br> <br> Jika Idol yang sudah bergabung muncul, mereka akan secara otomatis diubah menjadi “Lampu Sorot”. <br> *Lampu Sorot yang telah diubah akan ditambahkan langsung tanpa melalui hadiah.* <br> *Jika batas kepemilikan Lampu Sorot tercapai, mereka akan diberikan sebagai hadiah.* <br> *Jumlah Lampu Sorot yang diperoleh berbeda-beda tergantung pada kelangkaan Idol.* <br> *UR: 500* <br> *SR: 50* <br> *R: 20* <br> <br> Selain itu, Anda akan mendapatkan “Poin Rekrut [Ulang Tahun Dia-chan]” sesuai dengan jumlah Idol yang muncul. <br> “Poin Rekrut” yang diperoleh dapat ditukar dengan Idol dan item lainnya di toko penukaran. <br> <br> “Poin Rekrut” yang tidak ditukar akan secara otomatis diubah menjadi “Buku Keterampilan (Menengah)” pada akhir acara ini. <br> *Buku Keterampilan (Menengah) yang telah diubah akan ditambahkan langsung tanpa melalui hadiah.* <br> *Jika batas kepemilikan Buku Keterampilan (Menengah) tercapai, mereka akan diberikan sebagai hadiah.*"
mst.lottery_info.3110028._infoText,Hanamaru Ulang Tahun Rekrut ~Flower Shower~
mst.lottery_info.3110028._detailText,"“Rekrut Ulang Tahun Hanamaru ~Bunga-bunga~” menampilkan setidaknya satu Idol dari μ's dengan peringkat R atau lebih tinggi. <br> “Rekrut Sekali” dapat dilakukan dengan 300 Loveca. <br> “Rekrut Sepuluh Kali” dapat dilakukan dengan 3000 Loveca, dan menjamin setidaknya satu Idol dengan peringkat SR atau lebih tinggi akan bergabung. <br> “Rekrut Berbayar Sekali” dapat dilakukan sekali sehari dengan 150 Loveca berbayar. <br> “Rekrut Berbayar Sepuluh Kali” dapat dilakukan sekali selama periode acara dengan 2000 Loveca berbayar. <br> <br> Jika Idol yang sudah bergabung muncul, mereka akan secara otomatis diubah menjadi “Lampu Sorot”. <br> *Lampu Sorot yang telah diubah akan ditambahkan langsung tanpa melalui hadiah.* <br> *Jika jumlah maksimum Lampu Sorot yang dapat dimiliki tercapai, mereka akan diberikan sebagai hadiah.* <br> *Jumlah Lampu Sorot yang diperoleh berbeda-beda tergantung pada kelangkaan Idol.* <br> *UR: 500* <br> *SR: 50* <br> *R: 20* <br> <br> Selain itu, Anda akan mendapatkan “Poin Rekrut [Ulang Tahun Hanamaru]” sesuai dengan jumlah Idol yang muncul. <br> “Poin Rekrut” yang diperoleh dapat ditukar dengan Idol atau item lainnya di toko penukaran. <br> <br> “Poin Rekrut” yang tidak ditukar akan secara otomatis diubah menjadi “Buku Keterampilan (Menengah)” pada akhir acara ini. <br> *Buku Keterampilan (Menengah) yang telah diubah akan ditambahkan langsung tanpa melalui hadiah.* <br> *Jika jumlah maksimum Buku Keterampilan (Menengah) yang dapat dimiliki tercapai, mereka akan diberikan sebagai hadiah.*"
mst.lottery_info.3110029._infoText,Margarete Ulang Tahun Rekrut - Harmoni Bintang
mst.lottery_info.3110029._detailText,"“Rekrut Ulang Tahun Margarete ~Harmoni Bintang~” menampilkan setidaknya satu Idol dari Liella! dengan peringkat R atau lebih tinggi. <br> “Rekrut Sekali” dapat dilakukan dengan 300 Loveca. <br> “Rekrut Sepuluh Kali” dapat dilakukan dengan 3000 Loveca, dan menjamin setidaknya satu Idol dengan peringkat SR atau lebih tinggi akan bergabung. <br> “Rekrut Berbayar Sekali” dapat dilakukan sekali sehari dengan 150 Loveca berbayar. <br> “Rekrut Berbayar Sepuluh Kali” dapat dilakukan sekali selama periode acara dengan 2000 Loveca berbayar. <br> <br> Jika Idol yang sudah bergabung muncul, mereka akan secara otomatis diubah menjadi “Lampu Sorot”. <br> *Lampu Sorot yang telah diubah akan ditambahkan langsung tanpa melalui hadiah.* <br> *Jika jumlah maksimum Lampu Sorot yang dapat dimiliki tercapai, mereka akan diberikan sebagai hadiah.* <br> *Jumlah Lampu Sorot yang Dapatkan bervariasi tergantung pada kelangkaan Idol.* <br> *UR: 500* <br> *SR: 50* <br> *R: 20* <br> <br> Selain itu, Anda akan mendapatkan “Poin Rekrut [Ulang Tahun Margarete]” sesuai dengan jumlah Idol yang muncul. <br> “Poin Rekrut” yang Dapatkan dapat ditukar dengan Idol dan item lainnya di toko penukaran. <br> <br> “Poin Rekrut” yang tidak ditukar akan secara otomatis diubah menjadi “Buku Keterampilan (Menengah)” pada akhir acara ini. <br> *Buku Keterampilan (Menengah) yang telah diubah akan ditambahkan langsung tanpa melalui hadiah.* <br> *Jika jumlah maksimum Buku Keterampilan (Menengah) yang dapat dimiliki tercapai, mereka akan diberikan sebagai hadiah.*"
mst.lottery_info.3110030._infoText,Kasumi Ulang Tahun Rekrut ~Pahlawan Berwarna~
mst.lottery_info.3110030._detailText,"“Rekrut Ulang Tahun Kasumi ~Colorful Heroines~” menampilkan setidaknya satu Idol dari Rainbow Light Academy School Idol Club dengan peringkat R atau lebih tinggi. <br> “Rekrut Sekali” dapat dilakukan dengan 300 Loveca. <br> “Rekrut Sepuluh Kali” dapat dilakukan dengan 3000 Loveca, dan menjamin bahwa setidaknya satu Idol dengan peringkat SR atau lebih tinggi akan bergabung. <br> “Rekrut Berbayar Sekali” dapat dilakukan sekali sehari dengan 150 Loveca berbayar. <br> “Rekrut Berbayar Sepuluh Kali” dapat dilakukan sekali selama periode ini dengan 2000 Loveca berbayar. <br> <br> Jika Idol yang sudah bergabung muncul, mereka akan secara otomatis diubah menjadi “Lampu Sorot”. <br> *Lampu Sorot yang telah diubah akan ditambahkan secara langsung tanpa melalui hadiah. <br> *Jika batas kepemilikan Lampu Sorot tercapai, mereka akan diberikan sebagai hadiah. <br> *Jumlah Lampu Sorot yang diperoleh berbeda-beda tergantung pada kelangkaan Idol. <br> ・UR: 500 <br> ・SR: 50 <br> ・R: 20 <br> <br> Selain itu, Anda akan mendapatkan “Poin Rekrut [Ulang Tahun Kasumi]” sesuai dengan jumlah Idol yang muncul. <br> “Poin Rekrut” yang diperoleh dapat ditukar dengan Idol atau item lainnya di toko penukaran. <br> <br> “Poin Rekrut” yang tidak ditukar akan secara otomatis diubah menjadi “Buku Keterampilan (Menengah)” pada akhir rekrut ini. <br> *Buku Keterampilan (Menengah) yang telah diubah akan ditambahkan secara langsung tanpa melalui hadiah. <br> *Jika batas kepemilikan Buku Keterampilan (Menengah) tercapai, mereka akan diberikan sebagai hadiah."
mst.lottery_info.3110031._infoText,Emma Ulang Tahun Rekrut ~Colorful Heroines~
mst.lottery_info.3110031._detailText,"“Rekrut Ulang Tahun Emma ~Colorful Heroines~” menampilkan setidaknya satu Idol dari Rainbow Academy School Idol Club dengan peringkat R atau lebih tinggi. <br> “Rekrut Sekali” dapat dilakukan dengan 300 Loveca. <br> “Rekrut Sepuluh Kali” dapat dilakukan dengan 3000 Loveca, dan menjamin bahwa setidaknya satu Idol dengan peringkat SR atau lebih tinggi akan bergabung. <br> “Rekrut Berbayar Sekali” dapat dilakukan sekali sehari dengan 150 Loveca berbayar. <br> “Rekrut Berbayar Sepuluh Kali” dapat dilakukan sekali selama periode acara dengan 2000 Loveca berbayar. <br> <br> Jika Idol yang sudah bergabung muncul, mereka akan secara otomatis diubah menjadi “Lampu Sorot”. <br> *Lampu Sorot yang telah diubah akan ditambahkan secara langsung tanpa melalui hadiah. <br> *Jika batas kepemilikan Lampu Sorot tercapai, mereka akan diberikan sebagai hadiah. <br> *Jumlah Lampu Sorot yang Dapatkan bervariasi tergantung pada kelangkaan Idol. <br> ・UR: 500 <br> ・SR: 50 <br> ・R: 20 <br> <br> Selain itu, Anda akan mendapatkan “Poin Rekrut [Ulang Tahun Emma]” sesuai dengan jumlah Idol yang muncul. <br> “Poin Rekrut” yang Dapatkan dapat ditukar dengan Idol dan item lainnya di toko penukaran. <br> <br> “Poin Rekrut” yang tidak ditukar akan secara otomatis diubah menjadi “Buku Keterampilan (Menengah)” pada akhir acara ini. <br> *Buku Keterampilan (Menengah) yang telah diubah akan ditambahkan secara langsung tanpa melalui hadiah. <br> *Jika batas kepemilikan Buku Keterampilan (Menengah) tercapai, mereka akan diberikan sebagai hadiah."
mst.lottery_info.3110032._infoText,Kanata Ugyuu ulang tahun Rekrut ~Fairy Wing~
mst.lottery_info.3110032._detailText,"“Rekrut Ulang Tahun Kanan～Sayap Peri～” menjamin kemunculan Idol dari Aqours dengan tingkat kelangkaan R atau lebih tinggi. <br> “Rekrut Sekali” dapat dilakukan dengan 300 Loveca. <br> “Rekrut Sepuluh Kali” dapat dilakukan dengan 3000 Loveca, dan menjamin setidaknya satu Idol dengan tingkat kelangkaan SR atau lebih tinggi akan bergabung. <br> “Rekrut Berbayar Sekali” dapat dilakukan sekali sehari dengan 150 Loveca berbayar. <br> “Rekrut Berbayar Sepuluh Kali” dapat dilakukan sekali selama periode acara dengan 2000 Loveca berbayar. <br> <br> Jika Idol yang sudah bergabung muncul, mereka akan secara otomatis diubah menjadi “Lampu Sorot”. <br> *Lampu Sorot yang telah diubah akan ditambahkan secara langsung tanpa melalui hadiah.* <br> *Jika batas kepemilikan Lampu Sorot tercapai, mereka akan diberikan sebagai hadiah.* <br> *Jumlah Lampu Sorot yang Dapatkan bervariasi tergantung pada tingkat kelangkaan Idol.* <br> *UR: 500* <br> *SR: 50* <br> *R: 20* <br> <br> Selain itu, Anda akan mendapatkan “Poin Rekrut [Ulang Tahun Kanan]” sesuai dengan jumlah Idol yang muncul. <br> “Poin Rekrut” yang Dapatkan dapat ditukar dengan Idol atau item lainnya di toko penukaran. <br> <br> “Poin Rekrut” yang tidak ditukar akan secara otomatis diubah menjadi “Buku Keterampilan (Menengah)” pada akhir acara ini. <br> *Buku Keterampilan (Menengah) yang telah diubah akan ditambahkan secara langsung tanpa melalui hadiah.* <br> *Jika batas kepemilikan Buku Keterampilan (Menengah) tercapai, mereka akan diberikan sebagai hadiah.*"
mst.lottery_info.3110033._infoText,Aranju-chan Ulang Tahun Rekrut ~Colorful Heroines~
mst.lottery_info.3110033._detailText,"“Rekrut Ulang Tahun Arashizu ~Pahlawan Berwarna~” menampilkan setidaknya satu Idol dari Nijigasaki Gakuen School Idol Club dengan peringkat R atau lebih tinggi. <br> “Rekrut Sekali” dapat dilakukan dengan 300 Loveca. <br> “Rekrut Sepuluh Kali” dapat dilakukan dengan 3000 Loveca, dan menjamin bahwa setidaknya satu Idol dengan peringkat SR atau lebih tinggi akan bergabung. <br> “Rekrut Berbayar Sekali” dapat dilakukan sekali sehari dengan 150 Loveca berbayar. <br> “Rekrut Berbayar Sepuluh Kali” dapat dilakukan sekali selama periode ini dengan 2000 Loveca berbayar. <br> <br> Jika Idol yang sudah bergabung muncul, mereka akan secara otomatis diubah menjadi “Lampu Sorot”. <br> *Lampu Sorot yang telah dikonversi akan ditambahkan secara langsung tanpa melalui hadiah.* <br> *Jika batas kepemilikan Lampu Sorot tercapai, mereka akan diberikan sebagai hadiah.* <br> *Jumlah Lampu Sorot yang diperoleh bervariasi tergantung pada kelangkaan Idol.* <br> *UR: 500* <br> *SR: 50* <br> *R: 20* <br> <br> Selain itu, Anda akan mendapatkan “Poin Rekrut [Ulang Tahun Arashizu]” sesuai dengan jumlah Idol yang muncul. <br> “Poin Rekrut” yang diperoleh dapat ditukar dengan Idol atau item lainnya di toko penukaran. <br> <br> “Poin Rekrut” yang tidak ditukar akan secara otomatis dikonversi menjadi “Buku Keterampilan (Menengah)” pada akhir rekrut ini. <br> *Buku Keterampilan (Menengah) yang telah dikonversi akan ditambahkan secara langsung tanpa melalui hadiah.* <br> *Jika batas kepemilikan Buku Keterampilan (Menengah) tercapai, mereka akan diberikan sebagai hadiah.*"
mst.lottery_info.3110034._infoText,Chisato Uehara Birthday Rekrut ~Harmonic Star~
mst.lottery_info.3110034._detailText,"“Rekrut Ulang Tahun Chisato ~Harmoni Star~” menjamin kemunculan Idol dari Liella! dengan tingkat R atau lebih tinggi. <br> “1x Rekrut” dapat dilakukan dengan 300 Loveca. <br> “10x Rekrut” dapat dilakukan dengan 3000 Loveca, dan menjamin setidaknya satu Idol dengan tingkat SR atau lebih tinggi akan bergabung. <br> “1x Rekrut Berbayar” dapat dilakukan sekali sehari dengan 150 Loveca berbayar. <br> “10x Rekrut Berbayar” dapat dilakukan sekali selama periode berlangsung dengan 2000 Loveca berbayar. <br> <br> Jika Idol yang sudah bergabung muncul, mereka akan secara otomatis diubah menjadi “Lampu Sorot”. <br> *Lampu Sorot yang telah diubah akan ditambahkan langsung tanpa melalui hadiah.* <br> *Jika batas kepemilikan Lampu Sorot tercapai, mereka akan diberikan sebagai hadiah.* <br> *Jumlah Lampu Sorot yang Dapatkan bervariasi tergantung pada tingkat kelangkaan Idol.* <br> *UR: 500* <br> *SR: 50* <br> *R: 20* <br> <br> Selain itu, Anda akan mendapatkan “Poin Rekrut [Ulang Tahun Chisato]” sesuai dengan jumlah Idol yang muncul. <br> “Poin Rekrut” yang Dapatkan dapat ditukar dengan Idol atau item lainnya di toko penukaran. <br> <br> “Poin Rekrut” yang tidak ditukar akan secara otomatis diubah menjadi “Buku Keterampilan (Menengah)” pada akhir periode rekrut ini. <br> *Buku Keterampilan (Menengah) yang telah diubah akan ditambahkan langsung tanpa melalui hadiah.* <br> *Jika batas kepemilikan Buku Keterampilan (Menengah) tercapai, mereka akan diberikan sebagai hadiah.*"
mst.lottery_info.3110035._infoText,Ayumu-chan Ulang Tahun Rekrut ~Colorful Heroines~
mst.lottery_info.3110035._detailText,"“Rekrut Ulang Tahun Ayumu ~Colorful Heroines~” menampilkan setidaknya satu Idol dari Nijigasaki Gakuen School Idol Club dengan peringkat R atau lebih tinggi. <br> “Rekrut Sekali” dapat dilakukan dengan 300 Loveca. <br> “Rekrut Sepuluh Kali” dapat dilakukan dengan 3000 Loveca, dan menjamin setidaknya satu Idol dengan peringkat SR atau lebih tinggi akan bergabung. <br> “Rekrut Berbayar Sekali” dapat dilakukan sekali sehari dengan 150 Loveca berbayar. <br> “Rekrut Berbayar Sepuluh Kali” dapat dilakukan sekali selama periode ini dengan 2000 Loveca berbayar. <br> <br> Jika Idol yang sudah bergabung muncul, mereka akan secara otomatis diubah menjadi “Lampu Sorot”. <br> *Lampu Sorot yang telah diubah akan ditambahkan langsung tanpa melalui hadiah.* <br> *Jika batas kepemilikan Lampu Sorot tercapai, mereka akan diberikan sebagai hadiah.* <br> *Jumlah Lampu Sorot yang diperoleh bervariasi tergantung pada kelangkaan Idol.* <br> *UR: 500* <br> *SR: 50* <br> *R: 20* <br> <br> Selain itu, Anda akan mendapatkan “Poin Rekrut [Ulang Tahun Ayumu]” sesuai dengan jumlah Idol yang muncul. <br> “Poin Rekrut” yang diperoleh dapat ditukar dengan Idol atau item lainnya di toko penukaran. <br> <br> “Poin Rekrut” yang tidak ditukar akan secara otomatis diubah menjadi “Buku Keterampilan (Menengah)” pada akhir rekrut ini. <br> *Buku Keterampilan (Menengah) yang telah diubah akan ditambahkan langsung tanpa melalui hadiah.* <br> *Jika batas kepemilikan Buku Keterampilan (Menengah) tercapai, mereka akan diberikan sebagai hadiah.*"
mst.lottery_info.3110036._infoText,Rekrut Ulang Tahun Hanaru ~Sayap Peri~
mst.lottery_info.3110036._detailText,"“Rekrut Ulang Tahun Hanaru ~Sayap Peri~” menampilkan setidaknya satu Idol dari Aqours dengan peringkat R atau lebih tinggi. <br> “Rekrut Sekali” dapat dilakukan dengan 300 Loveca. <br> “Rekrut Sepuluh Kali” dapat dilakukan dengan 3000 Loveca, dan menjamin setidaknya satu Idol dengan peringkat SR atau lebih tinggi akan bergabung. <br> “Rekrut Berbayar Sekali” dapat dilakukan sekali sehari dengan 150 Loveca berbayar. <br> “Rekrut Berbayar Sepuluh Kali” dapat dilakukan sekali selama periode acara dengan 2000 Loveca berbayar. <br> <br> Jika Idol yang sudah bergabung muncul, mereka akan secara otomatis diubah menjadi “Lampu Sorot”. <br> *Lampu Sorot yang telah diubah akan ditambahkan langsung tanpa melalui hadiah.* <br> *Jika batas kepemilikan Lampu Sorot tercapai, mereka akan diberikan sebagai hadiah.* <br> *Jumlah Lampu Sorot yang diperoleh berbeda tergantung pada kelangkaan Idol.* <br> *UR: 500* <br> *SR: 50* <br> *R: 20* <br> <br> Selain itu, Anda akan mendapatkan “Poin Rekrut [Ulang Tahun Hanaru]” sesuai dengan jumlah Idol yang muncul. <br> “Poin Rekrut” yang diperoleh dapat ditukar dengan Idol dan item lainnya di toko penukaran. <br> <br> “Poin Rekrut” yang tidak ditukar akan secara otomatis diubah menjadi “Buku Keterampilan (Menengah)” pada akhir acara ini. <br> *Buku Keterampilan (Menengah) yang telah diubah akan ditambahkan langsung tanpa melalui hadiah.* <br> *Jika batas kepemilikan Buku Keterampilan (Menengah) tercapai, mereka akan diberikan sebagai hadiah.*"
mst.lottery_info.3110037._infoText,Umi-chan Ulang Tahun Rekrut - Bunga Hujan
mst.lottery_info.3110037._detailText,"“Rekrut Ulang Tahun Hanamaru ~Sayap Peri~” menampilkan setidaknya satu Idol dari Aqours dengan peringkat R atau lebih tinggi.<br>“1x Rekrut” dapat dilakukan dengan 300 Loveca.<br>“10x Rekrut” dapat dilakukan dengan 3.000 Loveca, dan menjamin setidaknya satu Idol dengan peringkat SR atau lebih tinggi akan bergabung.<br>“1x Rekrut Berbayar” dapat dilakukan sekali sehari dengan 150 Loveca berbayar.<br>“10x Rekrut Berbayar” dapat dilakukan sekali selama periode ini dengan 2.000 Loveca berbayar.<br><br>Jika Idol yang sudah bergabung muncul, mereka akan secara otomatis diubah menjadi “Lampu Sorot”.<br>※Lampu Sorot yang telah diubah akan ditambahkan langsung tanpa melalui hadiah.<br>※Jika batas kepemilikan Lampu Sorot tercapai, mereka akan diberikan sebagai hadiah.<br>※Jumlah Lampu Sorot yang diperoleh berbeda-beda tergantung pada kelangkaan Idol.<br>・UR: 500<br>・SR: 50<br>・R: 20<br><br>Selain itu, Anda akan mendapatkan “Poin Rekrut [Ulang Tahun Hanamaru]” sesuai dengan jumlah Idol yang muncul.<br>“Poin Rekrut” yang diperoleh dapat ditukar dengan Idol dan item lainnya di toko.<br><br>“Poin Rekrut” yang tidak ditukar akan secara otomatis diubah menjadi “Buku Keterampilan (Menengah)” pada akhir rekrut ini.<br>※Buku Keterampilan (Menengah) yang telah diubah akan ditambahkan langsung tanpa melalui hadiah.<br>※Jika batas kepemilikan Buku Keterampilan (Menengah) tercapai, mereka akan diberikan sebagai hadiah."
mst.lottery_info.4110001._infoText,Smile Limited! Pickup Rekrut
mst.lottery_info.4110001._detailText,"“Smile Limited! Rekrut Unggulan” akan selalu menampilkan Idol dengan peringkat R atau lebih tinggi. <br> “Rekrut Sekali” dapat dilakukan dengan 300 Loveca. <br> “Rekrut Sepuluh Kali” dapat dilakukan dengan 3000 Loveca, dan setidaknya satu Idol dengan peringkat SR atau lebih tinggi akan bergabung. <br> “Rekrut Berbayar Sekali” dapat dilakukan sekali sehari dengan 150 Loveca berbayar. <br> <br> Jika Idol yang sudah ada muncul, mereka akan secara otomatis diubah menjadi “Penlight”. <br> *Penlight yang telah diubah akan ditambahkan secara langsung tanpa melalui hadiah. <br> *Jika batas kepemilikan Penlight tercapai, mereka akan diberikan sebagai hadiah. <br> *Jumlah Penlight yang diperoleh berbeda-beda tergantung pada kelangkaan Idol. <br> ・UR: 500 <br> ・SR: 50 <br> ・R: 20 <br> <br> Selain itu, Anda akan mendapatkan “Poin Rekrut [Atribut Unggulan]” sesuai dengan jumlah Idol yang muncul. <br> “Poin Rekrut” yang diperoleh dapat ditukar dengan Idol dan item lainnya di toko penukaran. <br> <br> “Poin Rekrut” yang tidak ditukar akan secara otomatis diubah menjadi “Buku Keterampilan (Menengah)” pada akhir periode rekrut ini. <br> *Buku Keterampilan (Menengah) yang telah diubah akan ditambahkan secara langsung tanpa melalui hadiah. <br> *Jika batas kepemilikan Buku Keterampilan (Menengah) tercapai, mereka akan diberikan sebagai hadiah."
mst.lottery_info.4110002._infoText,Pure Limited! Rekrut Pikap
mst.lottery_info.4110002._detailText,"“Pure Limited! Rekrut Pikiran” akan selalu menampilkan Idol dengan peringkat R atau lebih tinggi. <br> “Rekrut Sekali” dapat dilakukan dengan 300 Loveca. <br> “Rekrut Sepuluh Kali” dapat dilakukan dengan 3000 Loveca, dan menjamin setidaknya satu Idol dengan peringkat SR atau lebih tinggi bergabung. <br> “Rekrut Berbayar Sekali” dapat dilakukan sekali sehari dengan 150 Loveca berbayar. <br> <br> Jika Idol yang sudah ada muncul, mereka akan secara otomatis diubah menjadi “Penlight”. <br> *Penlight yang telah dikonversi akan ditambahkan langsung tanpa melalui hadiah. <br> *Jika batas kepemilikan Penlight tercapai, itu akan diberikan sebagai hadiah. <br> *Jumlah Penlight yang diperoleh berbeda tergantung pada kelangkaan Idol. <br> ・UR: 500 <br> ・SR: 50 <br> ・R: 20 <br> <br> Selain itu, Anda akan mendapatkan “Poin Rekrut [Atribut Pikiran]” sesuai dengan jumlah Idol yang muncul. <br> “Poin Rekrut” yang diperoleh dapat ditukar dengan Idol dan item lainnya di toko penukaran. <br> <br> “Poin Rekrut” yang tidak ditukar akan secara otomatis dikonversi menjadi “Buku Keterampilan (Menengah)” pada akhir rekrut ini. <br> *Buku Keterampilan (Menengah) yang telah dikonversi akan ditambahkan langsung tanpa melalui hadiah. <br> *Jika batas kepemilikan Buku Keterampilan (Menengah) tercapai, itu akan diberikan sebagai hadiah."
mst.lottery_info.4110003._infoText,Cool Limited! Rekrut Pikap
mst.lottery_info.4110003._detailText,"“Cool terbatas! Rekrut Pikap” akan selalu menampilkan Idol dengan peringkat R atau lebih tinggi. <br> “Rekrut Sekali” dapat dilakukan dengan 300 Loveca. <br> “Rekrut Sepuluh Kali” dapat dilakukan dengan 3000 Loveca, dan setidaknya satu Idol dengan peringkat SR atau lebih tinggi pasti akan bergabung. <br> “Rekrut Berbayar Sekali” dapat dilakukan sekali sehari dengan 150 Loveca berbayar. <br> <br> Jika Idol yang sudah ada muncul, mereka akan secara otomatis diubah menjadi “Penlight”. <br> *Penlight yang telah dikonversi akan ditambahkan langsung tanpa melalui hadiah. <br> *Jika batas kepemilikan Penlight tercapai, itu akan diberikan sebagai hadiah. <br> *Jumlah Penlight yang diperoleh berbeda tergantung pada kelangkaan Idol. <br> ・UR: 500 <br> ・SR: 50 <br> ・R: 20 <br> <br> Selain itu, Anda akan mendapatkan “Poin Rekrut [Pikap Atribut]” sesuai dengan jumlah Idol yang muncul. <br> “Poin Rekrut” yang diperoleh dapat ditukar dengan Idol atau item di toko penukaran. <br> <br> “Poin Rekrut” yang tidak ditukar akan secara otomatis dikonversi menjadi “Buku Keterampilan (Menengah)” pada akhir rekrut ini. <br> *Buku Keterampilan (Menengah) yang telah dikonversi akan ditambahkan langsung tanpa melalui hadiah. <br> *Jika batas kepemilikan Buku Keterampilan (Menengah) tercapai, itu akan diberikan sebagai hadiah."
mst.lottery_info.4110004._infoText,Peringatan Ulang Tahun Seri School Idol Festival 2023 - Rekrut UR Dijamin!
mst.lottery_info.4110004._detailText,"“Rekrut Spesial Ulang Tahun Seri School Festival 2023” dapat dilakukan dengan 3000 Loveca berbayar, dan satu Idol UR akan bergabung. <br> <br> Jika Idol yang sudah ada muncul, mereka akan secara otomatis diubah menjadi “Lampu Sorot”. <br> ※Lampu Sorot yang telah diubah akan ditambahkan langsung tanpa melalui hadiah. <br> ※Jika batas kepemilikan Lampu Sorot tercapai, mereka akan diberikan sebagai hadiah. <br> ※Jumlah Lampu Sorot yang diperoleh berbeda tergantung pada kelangkaan Idol. <br> ・UR: 500 buah <br> ・SR: 50 buah <br> ・R: 20 buah"
mst.lottery_info.4110005._infoText,Rekrut Spesial Lagu - Ayumu
mst.lottery_info.4110005._detailText,"“Rekrut [Love Song Carnival Ayumu]” akan menampilkan setidaknya satu Idol dari Rainbow Gakuin School Idol Club dengan kelangkaan R atau lebih tinggi. <br> “Rekrut Tunggal” dapat dilakukan dengan 300 Loveca. <br> “Rekrut 10 Kali” dapat dilakukan dengan 3000 Loveca, dan akan menjamin setidaknya satu Idol dengan kelangkaan SR atau lebih tinggi. <br> “Rekrut Tunggal Berbayar” dapat dilakukan sekali sehari dengan 150 Loveca berbayar. <br> “Rekrut 10 Kali Berbayar” dapat dilakukan sekali selama periode ini dengan 2000 Loveca berbayar. <br> <br> Jika Idol yang sudah ada muncul, mereka akan secara otomatis diubah menjadi “Lampu Sorot”. <br> *Lampu Sorot yang telah dikonversi akan ditambahkan langsung tanpa melalui hadiah. <br> *Jika jumlah maksimum Lampu Sorot tercapai, mereka akan diberikan sebagai hadiah. <br> *Jumlah Lampu Sorot yang Dapatkan bervariasi tergantung pada kelangkaan Idol. <br> ・UR: 500 <br> ・SR: 50 <br> ・R: 20 <br> <br> Selain itu, Anda akan mendapatkan “Poin Rekrut [Love Song Carnival Ayumu]” sesuai dengan jumlah Idol yang muncul. <br> “Poin Rekrut” yang Dapatkan dapat ditukar dengan Idol dan item lainnya di toko penukaran. <br> <br> “Poin Rekrut” yang tidak ditukar akan secara otomatis dikonversi menjadi “Buku Keterampilan (Menengah)” pada akhir periode rekrut ini. <br> *Buku Keterampilan (Menengah) yang telah dikonversi akan ditambahkan langsung tanpa melalui hadiah. <br> *Jika jumlah maksimum Buku Keterampilan (Menengah) tercapai, mereka akan diberikan sebagai hadiah."
mst.lottery_info.4110006._infoText,Love Song Carnival Memorial Rekrut ~Kasumi Arc~
mst.lottery_info.4110006._detailText,"“Rekrut Peringatan Love Song Carnival ~Kasumi~” akan selalu menampilkan Idol dari klub Rainbow Gakuin School Idol dengan peringkat R atau lebih tinggi. <br> “Rekrut Sekali” dapat dilakukan dengan 300 Loveca. <br> “Rekrut Sepuluh Kali” dapat dilakukan dengan 3000 Loveca, dan setidaknya satu Idol dengan peringkat SR atau lebih tinggi akan selalu bergabung. <br> “Rekrut Berbayar Sekali” dapat dilakukan sekali sehari dengan 150 Loveca berbayar. <br> “Rekrut Berbayar Sepuluh Kali” dapat dilakukan sekali selama periode dengan 2000 Loveca berbayar. <br> <br> Jika Idol yang sudah bergabung muncul, mereka akan secara otomatis diubah menjadi “Lampu Sorot”. <br> *Lampu Sorot yang telah diubah akan ditambahkan langsung tanpa melalui hadiah. <br> *Jika batas kepemilikan Lampu Sorot tercapai, mereka akan diberikan sebagai hadiah. <br> *Jumlah Lampu Sorot yang diperoleh berbeda-beda tergantung pada kelangkaan Idol. <br> ・UR: 500 <br> ・SR: 50 <br> ・R: 20 <br> <br> Selain itu, Anda akan mendapatkan “Poin Rekrut [Love Song Carnival Kasumi]” sesuai dengan jumlah Idol yang muncul. <br> “Poin Rekrut” yang diperoleh dapat ditukar dengan Idol atau item lainnya di toko penukaran. <br> <br> “Poin Rekrut” yang tidak ditukar akan secara otomatis diubah menjadi “Buku Keterampilan (Menengah)” pada akhir rekrut ini. <br> *Buku Keterampilan (Menengah) yang telah diubah akan ditambahkan langsung tanpa melalui hadiah. <br> *Jika batas kepemilikan Buku Keterampilan (Menengah) tercapai, mereka akan diberikan sebagai hadiah."
mst.lottery_info.4110007._infoText,Love Song Carnival Memorial Rekrut ~Shizuku Arc~
mst.lottery_info.4110007._detailText,"“Rekrut Peringatan Love Song Carnival ~Shizuku~” menampilkan setidaknya satu Idol dari klub Rainbow Gakuen School Idol dengan peringkat R atau lebih tinggi. <br> “Rekrut Sekali” dapat dilakukan dengan 300 Loveca. <br> “Rekrut Sepuluh Kali” dapat dilakukan dengan 3000 Loveca, dan menjamin bahwa setidaknya satu Idol dengan peringkat SR atau lebih tinggi akan bergabung. <br> “Rekrut Sekali Berbayar” dapat dilakukan sekali sehari dengan 150 Loveca berbayar. <br> “Rekrut Sepuluh Kali Berbayar” dapat dilakukan sekali selama periode dengan 2000 Loveca berbayar. <br> <br> Jika Idol yang sudah bergabung muncul, mereka akan secara otomatis diubah menjadi “Lampu Sorot”. <br> *Lampu Sorot yang telah dikonversi akan ditambahkan langsung tanpa melalui hadiah. <br> *Jika batas kepemilikan Lampu Sorot tercapai, itu akan diberikan sebagai hadiah. <br> *Jumlah Lampu Sorot yang diperoleh berbeda tergantung pada kelangkaan Idol. <br> ・UR: 500 <br> ・SR: 50 <br> ・R: 20 <br> <br> Selain itu, Anda akan mendapatkan “Poin Rekrut [Love Song Carnival Shizuku]” sesuai dengan jumlah Idol yang muncul. <br> “Poin Rekrut” yang diperoleh dapat ditukar dengan Idol dan item lainnya di toko penukaran. <br> <br> “Poin Rekrut” yang tidak ditukar akan secara otomatis dikonversi menjadi “Buku Keterampilan (Menengah)” pada akhir rekrut ini. <br> *Buku Keterampilan (Menengah) yang telah dikonversi akan ditambahkan langsung tanpa melalui hadiah. <br> *Jika batas kepemilikan Buku Keterampilan (Menengah) tercapai, itu akan diberikan sebagai hadiah."
mst.lottery_info.4110008._infoText,Love Song Carnival Memorial Rekrut ~ Karin Arc ~
mst.lottery_info.4110008._detailText,"“Rekrut Peringatan Love Song Carnival ~Karin-hen~” akan selalu menampilkan Idol dari klub Rainbow Gakuin School Idol dengan peringkat R atau lebih tinggi. <br> “Rekrut Sekali” dapat dilakukan dengan 300 Loveca. <br> “Rekrut Sepuluh Kali” dapat dilakukan dengan 3000 Loveca, dan setidaknya satu Idol dengan peringkat SR atau lebih tinggi akan selalu bergabung. <br> “Rekrut Sekali (Berbayar)” dapat dilakukan sekali sehari dengan 150 Loveca berbayar. <br> “Rekrut Sepuluh Kali (Berbayar)” dapat dilakukan sekali selama periode dengan 2000 Loveca berbayar. <br> <br> Jika Idol yang sudah bergabung muncul, mereka akan secara otomatis diubah menjadi “Penlight”. <br> *Penlight yang telah diubah akan ditambahkan secara langsung tanpa melalui hadiah. <br> *Jika batas kepemilikan Penlight tercapai, mereka akan diberikan sebagai hadiah. <br> *Jumlah Penlight yang diperoleh berbeda tergantung pada kelangkaan Idol. <br> ・UR: 500 <br> ・SR: 50 <br> ・R: 20 <br> <br> Selain itu, Anda akan mendapatkan “Poin Rekrut [Love Song Carnival Karin-hen]” sesuai dengan jumlah Idol yang muncul. <br> “Poin Rekrut” yang diperoleh dapat ditukar dengan Idol atau item lainnya di toko penukaran. <br> <br> “Poin Rekrut” yang tidak ditukar akan secara otomatis diubah menjadi “Buku Keterampilan (Menengah)” pada akhir rekrut ini. <br> *Buku Keterampilan (Menengah) yang telah diubah akan ditambahkan secara langsung tanpa melalui hadiah. <br> *Jika batas kepemilikan Buku Keterampilan (Menengah) tercapai, mereka akan diberikan sebagai hadiah."
mst.lottery_info.4110009._infoText,Love Song Carnival Memorial Rekrut ~Ai-hen~
mst.lottery_info.4110009._detailText,"“Rekrut Peringatan Love Song Carnival ~Arc Ai~” akan selalu menampilkan Idol dari klub Rainbow Gakuin School Idol dengan peringkat R atau lebih tinggi. <br> “Rekrut Sekali” dapat dilakukan dengan 300 Loveca. <br> “Rekrut Sepuluh Kali” dapat dilakukan dengan 3000 Loveca, dan setidaknya satu Idol dengan peringkat SR atau lebih tinggi akan selalu bergabung. <br> “Rekrut Sekali (Berbayar)” dapat dilakukan sekali sehari dengan 150 Loveca berbayar. <br> “Rekrut Sepuluh Kali (Berbayar)” dapat dilakukan sekali selama periode dengan 2000 Loveca berbayar. <br> <br> Jika Idol yang sudah bergabung muncul, mereka akan secara otomatis diubah menjadi “Penyala”. <br> *Penyala yang telah diubah akan ditambahkan secara langsung tanpa melalui hadiah. <br> *Jika batas kepemilikan Penyala tercapai, mereka akan diberikan sebagai hadiah. <br> *Jumlah Penyala yang diperoleh berbeda-beda tergantung pada kelangkaan Idol. <br> ・UR: 500 <br> ・SR: 50 <br> ・R: 20 <br> <br> Selain itu, Anda akan mendapatkan “Poin Rekrut [Love Song Carnival Arc Ai]” sesuai dengan jumlah Idol yang muncul. <br> “Poin Rekrut” yang diperoleh dapat ditukar dengan Idol atau item lainnya di toko penukaran. <br> <br> “Poin Rekrut” yang tidak ditukar akan secara otomatis diubah menjadi “Buku Keterampilan (Menengah)” pada akhir rekrut ini. <br> *Buku Keterampilan (Menengah) yang telah diubah akan ditambahkan secara langsung tanpa melalui hadiah. <br> *Jika batas kepemilikan Buku Keterampilan (Menengah) tercapai, mereka akan diberikan sebagai hadiah."
mst.lottery_info.4110010._infoText,Love Song Carnival Memorial Rekrut ~Karahana Arc~
mst.lottery_info.4110010._detailText,"“Rekrut Peringatan Love Song Carnival ~Karahana~” akan selalu menampilkan Idol dari klub Rainbow Gakuin School Idol dengan peringkat R atau lebih tinggi. <br> “Rekrut Sekali” dapat dilakukan dengan 300 Loveca. <br> “Rekrut Sepuluh Kali” dapat dilakukan dengan 3000 Loveca, dan setidaknya satu Idol dengan peringkat SR atau lebih tinggi akan selalu bergabung. <br> “Rekrut Sekali (Berbayar)” dapat dilakukan sekali sehari dengan 150 Loveca berbayar. <br> “Rekrut Sepuluh Kali (Berbayar)” dapat dilakukan sekali selama periode dengan 2000 Loveca berbayar. <br> <br> Jika Idol yang sudah bergabung muncul, mereka akan secara otomatis diubah menjadi “Lampu Sorot”. <br> *Lampu Sorot yang telah diubah akan ditambahkan langsung tanpa melalui hadiah. <br> *Jika batas kepemilikan Lampu Sorot tercapai, mereka akan diberikan sebagai hadiah. <br> *Jumlah Lampu Sorot yang diperoleh berbeda-beda tergantung pada kelangkaan Idol. <br> ・UR: 500 <br> ・SR: 50 <br> ・R: 20 <br> <br> Selain itu, Anda akan mendapatkan “Poin Rekrut [Love Song Carnival Karahana]” sesuai dengan jumlah Idol yang muncul. <br> “Poin Rekrut” yang diperoleh dapat ditukar dengan Idol atau item lainnya di toko penukaran. <br> <br> “Poin Rekrut” yang tidak ditukar akan secara otomatis diubah menjadi “Buku Keterampilan (Menengah)” pada akhir rekrut ini. <br> *Buku Keterampilan (Menengah) yang telah diubah akan ditambahkan langsung tanpa melalui hadiah. <br> *Jika batas kepemilikan Buku Keterampilan (Menengah) tercapai, mereka akan diberikan sebagai hadiah."
mst.lottery_info.4110011._infoText,Love Song Carnival Memorial Rekrut ~Setsuna Arc~
mst.lottery_info.4110011._detailText,"“Rekrut Peringatan Love Song Carnival ~Satsuna~” menampilkan setidaknya satu Idol dari klub Rainbow Gakuen School Idol dengan peringkat R atau lebih tinggi. <br> “Rekrut Sekali” dapat dilakukan dengan 300 Loveca. <br> “Rekrut Sepuluh Kali” dapat dilakukan dengan 3000 Loveca, dan menjamin bahwa setidaknya satu Idol dengan peringkat SR atau lebih tinggi akan bergabung. <br> “Rekrut Berbayar Sekali” dapat dilakukan sekali sehari dengan 150 Loveca berbayar. <br> “Rekrut Berbayar Sepuluh Kali” dapat dilakukan sekali selama periode dengan 2000 Loveca berbayar. <br> <br> Jika Idol yang sudah bergabung muncul, mereka akan secara otomatis diubah menjadi “Lampu Sorot”. <br> *Lampu Sorot yang telah diubah akan ditambahkan langsung tanpa melalui hadiah.* <br> *Jika batas kepemilikan Lampu Sorot tercapai, mereka akan diberikan sebagai hadiah.* <br> *Jumlah Lampu Sorot yang diperoleh berbeda tergantung pada kelangkaan Idol.* <br> *UR: 500* <br> *SR: 50* <br> *R: 20* <br> <br> Selain itu, Anda akan mendapatkan “Poin Rekrut [Love Song Carnival Satsuna]” sesuai dengan jumlah Idol yang muncul. <br> “Poin Rekrut” yang diperoleh dapat ditukar dengan Idol dan item lainnya di toko penukaran. <br> <br> “Poin Rekrut” yang tidak ditukar akan secara otomatis diubah menjadi “Buku Keterampilan (Menengah)” pada akhir rekrut ini. <br> *Buku Keterampilan (Menengah) yang telah diubah akan ditambahkan langsung tanpa melalui hadiah.* <br> *Jika batas kepemilikan Buku Keterampilan (Menengah) tercapai, mereka akan diberikan sebagai hadiah.*"
mst.lottery_info.4110012._infoText,Rekrut Spesial Love Song Carnival - Ema
mst.lottery_info.4110012._detailText,"“Rekrut Peringatan Love Song Carnival ~Ema~” akan selalu menampilkan Idol dari klub Rainbow Gakuin School Idol dengan peringkat R atau lebih tinggi. <br> “Rekrut Sekali” dapat dilakukan dengan 300 Loveca. <br> “Rekrut Sepuluh Kali” dapat dilakukan dengan 3000 Loveca, dan setidaknya satu Idol dengan peringkat SR atau lebih tinggi akan selalu bergabung. <br> “Rekrut Berbayar Sekali” dapat dilakukan sekali sehari dengan 150 Loveca berbayar. <br> “Rekrut Berbayar Sepuluh Kali” dapat dilakukan sekali selama periode dengan 2000 Loveca berbayar. <br> <br> Jika Idol yang sudah bergabung muncul, mereka akan secara otomatis diubah menjadi “Lampu Sorot”. <br> *Lampu Sorot yang telah diubah akan ditambahkan secara langsung tanpa melalui hadiah. <br> *Jika batas kepemilikan Lampu Sorot tercapai, mereka akan diberikan sebagai hadiah. <br> *Jumlah Lampu Sorot yang diperoleh berbeda-beda tergantung pada kelangkaan Idol. <br> ・UR: 500 <br> ・SR: 50 <br> ・R: 20 <br> <br> Selain itu, Anda akan mendapatkan “Poin Rekrut [Love Song Carnival Ema]” sesuai dengan jumlah Idol yang muncul. <br> “Poin Rekrut” yang diperoleh dapat ditukar dengan Idol atau item lainnya di toko penukaran. <br> <br> “Poin Rekrut” yang tidak ditukar akan secara otomatis diubah menjadi “Buku Keterampilan (Menengah)” pada akhir rekrut ini. <br> *Buku Keterampilan (Menengah) yang telah diubah akan ditambahkan secara langsung tanpa melalui hadiah. <br> *Jika batas kepemilikan Buku Keterampilan (Menengah) tercapai, mereka akan diberikan sebagai hadiah."
mst.lottery_info.4110013._infoText,Love Song Carnival Memorial Rekrut – Rina Arc
mst.lottery_info.4110013._detailText,"“Rekrut Peringatan Love Song Carnival ~Rina~” akan selalu menampilkan Idol dari klub Rainbow Gakuin School Idol dengan peringkat R atau lebih tinggi. <br> “Rekrut Sekali” dapat dilakukan dengan 300 Loveca. <br> “Rekrut Sepuluh Kali” dapat dilakukan dengan 3000 Loveca, dan setidaknya satu Idol dengan peringkat SR atau lebih tinggi akan selalu bergabung. <br> “Rekrut Sekali (Berbayar)” dapat dilakukan sekali sehari dengan 150 Loveca berbayar. <br> “Rekrut Sepuluh Kali (Berbayar)” dapat dilakukan sekali selama periode dengan 2000 Loveca berbayar. <br> <br> Jika Idol yang sudah bergabung muncul, mereka akan secara otomatis diubah menjadi “Lampu Sorot”. <br> *Lampu Sorot yang telah diubah akan ditambahkan secara langsung tanpa melalui hadiah. <br> *Jika batas kepemilikan Lampu Sorot tercapai, mereka akan diberikan sebagai hadiah. <br> *Jumlah Lampu Sorot yang diperoleh berbeda-beda tergantung pada kelangkaan Idol. <br> ・UR: 500 <br> ・SR: 50 <br> ・R: 20 <br> <br> Selain itu, Anda akan mendapatkan “Poin Rekrut [Love Song Carnival Edisi Rina]” sesuai dengan jumlah Idol yang muncul. <br> “Poin Rekrut” yang diperoleh dapat ditukar dengan Idol atau item lainnya di toko penukaran. <br> <br> “Poin Rekrut” yang tidak ditukar akan secara otomatis diubah menjadi “Buku Keterampilan (Menengah)” pada akhir rekrut ini. <br> *Buku Keterampilan (Menengah) yang telah diubah akan ditambahkan secara langsung tanpa melalui hadiah. <br> *Jika batas kepemilikan Buku Keterampilan (Menengah) tercapai, mereka akan diberikan sebagai hadiah."
mst.lottery_info.4110014._infoText,Love Song Carnival Memorial Rekrut – Shizuku Arc
mst.lottery_info.4110014._detailText,"“Rekrut Peringatan Love Song Carnival ~Shizuku~” akan selalu menampilkan Idol dari klub Rainbow Gakuin School Idol dengan peringkat R atau lebih tinggi. <br> “Rekrut Sekali” dapat dilakukan dengan 300 Loveca. <br> “Rekrut Sepuluh Kali” dapat dilakukan dengan 3000 Loveca, dan setidaknya satu Idol dengan peringkat SR atau lebih tinggi akan selalu bergabung. <br> “Rekrut Sekali (Berbayar)” dapat dilakukan sekali sehari dengan 150 Loveca berbayar. <br> “Rekrut Sepuluh Kali (Berbayar)” dapat dilakukan sekali selama periode berlangsung dengan 2000 Loveca berbayar. <br> <br> Jika Idol yang sudah bergabung muncul, mereka akan secara otomatis diubah menjadi “Lampu Sorot”. <br> *Lampu Sorot yang telah diubah akan ditambahkan secara langsung tanpa melalui hadiah.* <br> *Jika batas kepemilikan Lampu Sorot tercapai, mereka akan diberikan sebagai hadiah.* <br> *Jumlah Lampu Sorot yang diperoleh berbeda-beda tergantung pada kelangkaan Idol.* <br> *UR: 500* <br> *SR: 50* <br> *R: 20* <br> <br> Selain itu, Anda akan mendapatkan “Poin Rekrut [Love Song Carnival Shizuku]” sesuai dengan jumlah Idol yang muncul. <br> “Poin Rekrut” yang diperoleh dapat ditukar dengan Idol atau item lainnya di toko penukaran. <br> <br> “Poin Rekrut” yang tidak ditukar akan secara otomatis diubah menjadi “Buku Keterampilan (Menengah)” pada akhir rekrut ini. <br> *Buku Keterampilan (Menengah) yang telah diubah akan ditambahkan secara langsung tanpa melalui hadiah.* <br> *Jika batas kepemilikan Buku Keterampilan (Menengah) tercapai, mereka akan diberikan sebagai hadiah.*"
mst.lottery_info.4110015._infoText,Love Song Carnival Memorial Rekrut – Mia Arc
mst.lottery_info.4110015._detailText,"“Rekrut Peringatan Love Song Carnival ~Mia~” akan selalu menampilkan Idol dari klub Rainbow Gakuen School Idol Club dengan peringkat R atau lebih tinggi. <br> “Rekrut Sekali” dapat dilakukan dengan 300 Loveca. <br> “Rekrut 10 Kali” dapat dilakukan dengan 3000 Loveca, dan setidaknya satu Idol dengan peringkat SR atau lebih tinggi akan selalu bergabung. <br> “Rekrut Sekali Berbayar” dapat dilakukan sekali sehari dengan 150 Loveca berbayar. <br> “Rekrut 10 Kali Berbayar” dapat dilakukan sekali selama periode dengan 2000 Loveca berbayar. <br> <br> Jika Idol yang sudah bergabung muncul, mereka akan secara otomatis diubah menjadi “Penlight”. <br> *Penlight yang telah diubah akan ditambahkan secara langsung tanpa melalui hadiah. <br> *Jika batas kepemilikan Penlight tercapai, itu akan diberikan sebagai hadiah. <br> *Jumlah Penlight yang diperoleh berbeda tergantung pada kelangkaan Idol. <br> ・UR: 500 <br> ・SR: 50 <br> ・R: 20 <br> <br> Selain itu, Anda akan mendapatkan “Poin Rekrut [Love Song Carnival Mia]” sesuai dengan jumlah Idol yang muncul. <br> “Poin Rekrut” yang diperoleh dapat ditukar dengan Idol atau item di toko penukaran. <br> <br> “Poin Rekrut” yang tidak ditukar akan secara otomatis diubah menjadi “Buku Keterampilan (Menengah)” pada akhir rekrut ini. <br> *Buku Keterampilan (Menengah) yang telah diubah akan ditambahkan secara langsung tanpa melalui hadiah. <br> *Jika batas kepemilikan Buku Keterampilan (Menengah) tercapai, itu akan diberikan sebagai hadiah."
mst.lottery_info.4110016._infoText,Love Song Carnival Memorial Rekrut ~Arashi Tama Arc~
mst.lottery_info.4110016._detailText,"“Rekrut Peringatan Love Song Carnival ~Arashi Shūju~” selalu menampilkan Idol dari klub Rainbow Gakuen School Idol Club dengan peringkat R atau lebih tinggi. <br> “Rekrut Sekali” dapat dilakukan dengan 300 Loveca. <br> “Rekrut Sepuluh Kali” dapat dilakukan dengan 3000 Loveca, dan setidaknya satu Idol dengan peringkat SR atau lebih tinggi akan bergabung. <br> “Rekrut Berbayar Sekali” dapat dilakukan sekali sehari dengan 150 Loveca berbayar. <br> “Rekrut Berbayar Sepuluh Kali” dapat dilakukan sekali selama periode dengan 2000 Loveca berbayar. <br> <br> Jika Idol yang sudah bergabung muncul, mereka akan secara otomatis diubah menjadi “Penyala”. <br> *Penyala yang telah diubah akan ditambahkan langsung tanpa melalui hadiah. <br> *Jika batas kepemilikan Penyala tercapai, mereka akan diberikan sebagai hadiah. <br> *Jumlah Penyala yang diperoleh berbeda-beda tergantung pada kelangkaan Idol. <br> ・UR: 500 <br> ・SR: 50 <br> ・R: 20 <br> <br> Selain itu, Anda akan mendapatkan “Poin Rekrut [Love Song Carnival Arashi Shūju]” sesuai dengan jumlah Idol yang muncul. <br> “Poin Rekrut” yang diperoleh dapat ditukar dengan Idol atau item lainnya di toko penukaran. <br> <br> “Poin Rekrut” yang tidak ditukar akan secara otomatis diubah menjadi “Buku Keterampilan (Menengah)” pada akhir rekrut ini. <br> *Buku Keterampilan (Menengah) yang telah diubah akan ditambahkan langsung tanpa melalui hadiah. <br> *Jika batas kepemilikan Buku Keterampilan (Menengah) tercapai, mereka akan diberikan sebagai hadiah."
mst.lottery_info.4110017._infoText,Rekrut Gratis Hingga 100 Kali! Rekrut Peringatan Setengah Tahun
mst.lottery_info.4110017._detailText,"“Rekrut Peringatan Setengah Tahun dengan hingga 100 kali gratis” hanya dapat dilakukan sekali sehari, dan hingga 10 kali selama periode berlangsung. <br>Selain itu, Idol dengan peringkat R atau lebih tinggi akan bergabung. <br><br>“Rekrut 10 kali” dapat dilakukan secara gratis, dan setidaknya satu Idol dengan peringkat SR atau lebih tinggi pasti akan bergabung. <br><br>Jika Idol yang sudah ada muncul, mereka akan otomatis diubah menjadi “Lampu Sorot”. <br>※Lampu Sorot yang telah diubah akan ditambahkan langsung tanpa melalui hadiah. <br>※Jika batas kepemilikan Lampu Sorot tercapai, mereka akan diberikan sebagai hadiah. <br>※Jumlah Lampu Sorot yang diperoleh berbeda-beda tergantung pada kelangkaan Idol. <br>・UR: 500 buah <br>・SR: 50 buah <br>・R: 20 buah <br><br>Selain itu, Anda akan mendapatkan “Poin Rekrut [Setengah Tahun]” sesuai dengan jumlah Idol yang muncul. <br>“Poin Rekrut” yang diperoleh dapat ditukar dengan Idol atau item lainnya di toko penukaran. <br><br>“Poin Rekrut” yang tidak ditukar akan secara otomatis diubah menjadi “Buku Keterampilan (Menengah)” pada akhir periode rekrut ini. <br>※Buku Keterampilan (Menengah) yang telah diubah akan ditambahkan langsung tanpa melalui hadiah. <br>※Jika batas kepemilikan Buku Keterampilan (Menengah) tercapai, mereka akan diberikan sebagai hadiah."
mst.lottery_info.4110019._infoText,Rekrut UR Dijamin Half Anniversary – Edisi μ's
mst.lottery_info.4110019._detailText,"""Rekrut Half Anniversary Spesial (UR Dijamin) ~μ's~"" dapat dilakukan dengan 3000 Loveca berbayar, dan satu Idol UR dari μ's pasti akan bergabung. <br><br>Jika Idol yang sudah bergabung muncul, mereka akan secara otomatis diubah menjadi ""Penlight"". <br>※Penlight yang telah diubah akan ditambahkan langsung tanpa melalui hadiah. <br>※Jika batas kepemilikan Penlight tercapai, itu akan diberikan sebagai hadiah. <br>※Jumlah Penlight yang diperoleh berbeda tergantung pada kelangkaan Idol. <br>・UR: 500 <br>・SR: 50 <br>・R: 20 <br><br>Selain itu, Anda akan mendapatkan ""Poin Rekrut [Half Anniversary]"" sesuai dengan jumlah Idol yang muncul. <br>""Poin Rekrut"" yang diperoleh dapat ditukar dengan Idol dan item lainnya di toko penukaran. <br><br>""Poin Rekrut"" yang tidak ditukar akan secara otomatis diubah menjadi ""Buku Keterampilan (Menengah)"" pada akhir acara ini. <br>※Buku Keterampilan (Menengah) yang telah diubah akan ditambahkan langsung tanpa melalui hadiah. <br>※Jika batas kepemilikan Buku Keterampilan (Menengah) tercapai, itu akan diberikan sebagai hadiah."
mst.lottery_info.4110020._infoText,Rekrut UR Pasti Edisi Ulang Tahun ke-5 ~Edisi Aqours~
mst.lottery_info.4110020._detailText,"""Rekrut Half Anniversary UR Dijamin ~Aqours~"" dapat dilakukan dengan 3000 Loveca berbayar, dan satu Idol UR dari Aqours pasti akan bergabung. <br><br>Jika Idol yang sudah bergabung muncul, mereka akan secara otomatis diubah menjadi ""Lampu Sorot"". <br>※Lampu Sorot yang telah diubah akan ditambahkan langsung tanpa melalui hadiah. <br>※Jika batas kepemilikan Lampu Sorot tercapai, mereka akan diberikan sebagai hadiah. <br>※Jumlah Lampu Sorot yang diperoleh berbeda tergantung pada kelangkaan Idol. <br>・UR: 500 <br>・SR: 50 <br>・R: 20 <br><br>Selain itu, Anda akan mendapatkan ""Poin Rekrut [Half Anniversary]"" sesuai dengan jumlah Idol yang muncul. <br>""Poin Rekrut"" yang diperoleh dapat ditukar dengan Idol atau item lainnya di toko penukaran. <br><br>""Poin Rekrut"" yang tidak ditukar akan secara otomatis diubah menjadi ""Buku Keterampilan (Menengah)"" pada akhir Rekrut ini. <br>※Buku Keterampilan (Menengah) yang telah diubah akan ditambahkan langsung tanpa melalui hadiah. <br>※Jika batas kepemilikan Buku Keterampilan (Menengah) tercapai, mereka akan diberikan sebagai hadiah."
mst.lottery_info.4110021._infoText,Rekrut UR Pasti Edisi Ulang Tahun ke-5 ~Edisi Nijigasaki~
mst.lottery_info.4110021._detailText,"“UR確定 Half Anniversary記念勧誘～虹ヶ咲編～” adalah Rekrut yang dapat dilakukan dengan 3000 Loveca berbayar, dan satu Idol UR dari Rainbow Gakuin School Idol Club akan selalu Dapatkan. <br><br>Jika Idol yang sudah ada muncul, mereka akan secara otomatis diubah menjadi “Penyala”. <br>※Penyala yang telah diubah akan ditambahkan langsung tanpa melalui hadiah. <br>※Jika batas kepemilikan Penyala tercapai, itu akan diberikan sebagai hadiah. <br>※Jumlah Penyala yang Dapatkan bervariasi tergantung pada kelangkaan Idol. <br>・UR: 500 <br>・SR: 50 <br>・R: 20 <br><br>Selain itu, Anda akan mendapatkan “Poin Rekrut [Half Anniversary]” sesuai dengan jumlah Idol yang muncul. <br>“Poin Rekrut” yang Dapatkan dapat ditukar dengan Idol dan item lainnya di toko penukaran. <br><br>“Poin Rekrut” yang tidak ditukar akan secara otomatis diubah menjadi “Buku Keterampilan (Menengah)” pada akhir Rekrut ini. <br>※Buku Keterampilan (Menengah) yang telah diubah akan ditambahkan langsung tanpa melalui hadiah. <br>※Jika batas kepemilikan Buku Keterampilan (Menengah) tercapai, itu akan diberikan sebagai hadiah."
mst.lottery_info.4110022._infoText,Rekrut UR Pasti Edisi Peringatan Setengah Tahun – Liella!
mst.lottery_info.4110022._detailText,"""UR確定 Half Anniversary記念勧誘～Liella!編～"" adalah Rekrut yang dapat dilakukan dengan 3000 Loveca berbayar, dan satu Idol UR dari Liella! akan selalu direkrut. <br><br>Jika Idol yang sudah ada muncul, mereka akan secara otomatis diubah menjadi ""Penlight"". <br>※Penlight yang telah diubah akan ditambahkan langsung tanpa melalui hadiah. <br>※Jika batas kepemilikan Penlight tercapai, mereka akan diberikan sebagai hadiah. <br>※Jumlah Penlight yang Dapatkan bervariasi tergantung pada kelangkaan Idol. <br>・UR: 500 <br>・SR: 50 <br>・R: 20 <br><br>Selain itu, Anda akan mendapatkan ""Poin Rekrut [Half Anniversary]"" sesuai dengan jumlah Idol yang muncul. <br>""Poin Rekrut"" yang Dapatkan dapat ditukar dengan Idol atau item di toko penukaran. <br><br>""Poin Rekrut"" yang tidak ditukar akan secara otomatis diubah menjadi ""Buku Keterampilan (Menengah)"" pada akhir Rekrut ini. <br>※Buku Keterampilan (Menengah) yang telah diubah akan ditambahkan langsung tanpa melalui hadiah. <br>※Jika batas kepemilikan Buku Keterampilan (Menengah) tercapai, mereka akan diberikan sebagai hadiah."
mst.lottery_info.4110023._infoText,My Love Song - Edisi Pembukaan
mst.lottery_info.4110023._detailText,"“My Love Song Arc – Edisi Spesial Peluncuran” menjamin kemunculan Idol dari Nijigasaki High School Idol Club dengan tingkat kelangkaan R atau lebih tinggi. <br> “Rekrut Sekali” dapat dilakukan dengan 300 Loveca. <br> “Rekrut Sepuluh Kali” dapat dilakukan dengan 3000 Loveca, dan menjamin setidaknya satu Idol dengan tingkat kelangkaan SR atau lebih tinggi akan bergabung. <br> “Rekrut Sekali (Berbayar)” dapat dilakukan sekali sehari dengan 150 Loveca berbayar. <br> <br> Jika Idol yang sudah ada muncul, mereka akan secara otomatis diubah menjadi “Lampu Sorot”. <br> *Lampu Sorot yang telah diubah akan ditambahkan langsung tanpa melalui hadiah.* <br> *Jika batas kepemilikan Lampu Sorot tercapai, mereka akan diberikan sebagai hadiah.* <br> *Jumlah Lampu Sorot yang diperoleh bervariasi tergantung pada tingkat kelangkaan Idol.* <br> *UR: 500* <br> *SR: 50* <br> *R: 20* <br> <br> Selain itu, Anda akan mendapatkan “Poin Rekrut [My Love Song Arc]” sesuai dengan jumlah Idol yang muncul. <br> “Poin Rekrut” yang diperoleh dapat ditukar dengan Idol atau item lainnya di toko penukaran. <br> <br> “Poin Rekrut” yang tidak ditukar akan secara otomatis diubah menjadi “Buku Keterampilan (Menengah)” pada akhir periode rekrut ini. <br> *Buku Keterampilan (Menengah) yang telah diubah akan ditambahkan langsung tanpa melalui hadiah.* <br> *Jika batas kepemilikan Buku Keterampilan (Menengah) tercapai, mereka akan diberikan sebagai hadiah.*"
mst.lottery_info.4110024._infoText,μ's Eksklusif! Rekrut Pikiran
mst.lottery_info.4110024._detailText,"“μ's Limited! Rekrut Pikiran” akan selalu menampilkan Idol dari μ's dengan peringkat R atau lebih tinggi. <br> “Rekrut Sekali” dapat dilakukan dengan 300 Loveca. <br> “Rekrut Sepuluh Kali” dapat dilakukan dengan 3000 Loveca, dan setidaknya satu Idol dengan peringkat SR atau lebih tinggi akan selalu bergabung. <br> “Rekrut Berbayar Sekali” dapat dilakukan sekali sehari dengan 150 Loveca berbayar. <br> <br> Jika Idol yang sudah bergabung muncul, mereka akan secara otomatis diubah menjadi “Lampu Sorot”. <br> *Lampu Sorot yang telah diubah akan ditambahkan secara langsung tanpa melalui hadiah. <br> *Jika batas kepemilikan Lampu Sorot tercapai, mereka akan diberikan sebagai hadiah. <br> *Jumlah Lampu Sorot yang diperoleh berbeda-beda tergantung pada kelangkaan Idol. <br> ・UR: 500 <br> ・SR: 50 <br> ・R: 20 <br> <br> Selain itu, Anda akan mendapatkan “Poin Rekrut [μ's Pikiran]” sesuai dengan jumlah Idol yang muncul. <br> “Poin Rekrut” yang diperoleh dapat ditukar dengan Idol atau item lainnya di toko penukaran. <br> <br> “Poin Rekrut” yang tidak ditukar akan secara otomatis diubah menjadi “Buku Keterampilan (Menengah)” pada akhir rekrut ini. <br> *Buku Keterampilan (Menengah) yang telah diubah akan ditambahkan secara langsung tanpa melalui hadiah. <br> *Jika batas kepemilikan Buku Keterampilan (Menengah) tercapai, mereka akan diberikan sebagai hadiah."
mst.lottery_info.4110025._infoText,Aqours Terbatas! Rekrut Pikiran
mst.lottery_info.4110025._detailText,"“Rekrut Pikap Aqours” akan selalu menampilkan Idol dari Aqours dengan peringkat R atau lebih tinggi. <br> “Rekrut Sekali” dapat dilakukan dengan 300 Loveca. <br> “Rekrut 10 Kali” dapat dilakukan dengan 3000 Loveca, dan setidaknya satu Idol dengan peringkat SR atau lebih tinggi akan selalu bergabung. <br> “Rekrut Berbayar Sekali” dapat dilakukan sekali sehari dengan 150 Loveca berbayar. <br> <br> Jika Idol yang sudah ada muncul, mereka akan secara otomatis diubah menjadi “Penlight”. <br> *Penlight yang telah diubah akan ditambahkan langsung tanpa melalui hadiah. <br> *Jika batas kepemilikan Penlight tercapai, mereka akan diberikan sebagai hadiah. <br> *Jumlah Penlight yang diperoleh berbeda tergantung pada kelangkaan Idol. <br> *UR: 500 <br> *SR: 50 <br> *R: 20 <br> <br> Selain itu, Anda akan mendapatkan “Poin Rekrut [Pikap Aqours]” sesuai dengan jumlah Idol yang muncul. <br> “Poin Rekrut” yang diperoleh dapat ditukar dengan Idol dan item lainnya di toko penukaran. <br> <br> “Poin Rekrut” yang tidak ditukar akan secara otomatis diubah menjadi “Buku Keterampilan (Menengah)” pada akhir periode rekrut ini. <br> *Buku Keterampilan (Menengah) yang telah diubah akan ditambahkan langsung tanpa melalui hadiah. <br> *Jika batas kepemilikan Buku Keterampilan (Menengah) tercapai, mereka akan diberikan sebagai hadiah."
mst.lottery_info.4110026._infoText,"UR Dijamin, Pesta Lanjutan Ulang Tahun ke-5"
mst.lottery_info.4110026._detailText,"“UR Dijamin Half Anniversary Rekrut – Pesta Lanjutan” dapat dilakukan dengan Loveca berbayar 3000, dan satu Idol UR pasti akan bergabung. <br><br>Jika Idol yang sudah ada muncul, mereka akan secara otomatis diubah menjadi “Lampu Sorot”. <br>※Lampu Sorot yang telah diubah akan ditambahkan langsung tanpa melalui hadiah. <br>※Jika batas kepemilikan Lampu Sorot tercapai, mereka akan diberikan sebagai hadiah. <br>※Jumlah Lampu Sorot yang diperoleh berbeda tergantung pada kelangkaan Idol. <br>・UR: 500 <br>・SR: 50 <br>・R: 20 <br><br>Selain itu, Anda akan mendapatkan “Poin Rekrut [Marching Band Sunshine]” sesuai dengan jumlah Idol yang muncul. <br>“Poin Rekrut” yang diperoleh dapat ditukar dengan Idol atau item lainnya di toko penukaran. <br><br>“Poin Rekrut” yang tidak ditukar akan secara otomatis diubah menjadi “Buku Keterampilan (Menengah)” pada akhir acara rekrut ini. <br>※Buku Keterampilan (Menengah) yang telah diubah akan ditambahkan langsung tanpa melalui hadiah. <br>※Jika batas kepemilikan Buku Keterampilan (Menengah) tercapai, mereka akan diberikan sebagai hadiah."
mst.lottery_info.4110027._infoText,Event Yohane - The Story of the Sound of Heart Rekrut
mst.lottery_info.4110027._detailText,"“Rekrut Peringatan ‘Hikari no Yohane -The Story of the Sound of Heart-’” menjamin kemunculan Idol dengan tingkat kelangkaan R atau lebih tinggi. <br> “Rekrut Tunggal” dapat dilakukan dengan 300 Loveca. <br> “Rekrut 10 Kali” dapat dilakukan dengan 3000 Loveca, dan menjamin setidaknya satu Idol dengan tingkat kelangkaan SR atau lebih tinggi akan bergabung. <br> “Rekrut Tunggal Berbayar” dapat dilakukan sekali sehari dengan 150 Loveca berbayar. <br> <br> Jika Idol yang sudah ada muncul, mereka akan secara otomatis diubah menjadi “Lampu Sorot”. <br> *Lampu Sorot yang telah diubah akan ditambahkan secara langsung tanpa melalui hadiah.* <br> *Jika batas kepemilikan Lampu Sorot tercapai, mereka akan diberikan sebagai hadiah.* <br> *Jumlah Lampu Sorot yang diperoleh berbeda-beda tergantung pada tingkat kelangkaan Idol.* <br> *UR: 500* <br> *SR: 50* <br> *R: 20* <br> <br> Selain itu, Anda akan mendapatkan “Poin Rekrut [Hikari no Yohane]” sesuai dengan jumlah Idol yang muncul. <br> “Poin Rekrut” yang diperoleh dapat ditukar dengan Idol atau item lainnya di toko penukaran. <br> <br> “Poin Rekrut” yang tidak ditukar akan secara otomatis diubah menjadi “Buku Keterampilan (Menengah)” pada akhir periode rekrut ini. <br> *Buku Keterampilan (Menengah) yang telah diubah akan ditambahkan secara langsung tanpa melalui hadiah.* <br> *Jika batas kepemilikan Buku Keterampilan (Menengah) tercapai, mereka akan diberikan sebagai hadiah.*"
mst.lottery_info.4110028._infoText,Tahun Pertama Terbatas! Rekrut Pikiran
mst.lottery_info.4110028._detailText,"“Rekrut Pikap untuk Kelas 1” menjamin kemunculan Idol dengan peringkat R atau lebih tinggi. <br> “Rekrut Sekali” dapat dilakukan dengan 300 Loveca. <br> “Rekrut 10 Kali” dapat dilakukan dengan 3000 Loveca, dan menjamin setidaknya satu Idol dengan peringkat SR atau lebih tinggi akan bergabung. <br> “Rekrut Sekali (Berbayar)” dapat dilakukan sekali sehari dengan 150 Loveca berbayar. <br> <br> Jika Idol yang sudah ada muncul, mereka akan secara otomatis diubah menjadi “Lampu Sorot”. <br> *Lampu Sorot yang telah diubah akan ditambahkan secara langsung tanpa melalui hadiah.* <br> *Jika batas kepemilikan Lampu Sorot tercapai, mereka akan diberikan sebagai hadiah.* <br> *Jumlah Lampu Sorot yang diperoleh berbeda-beda tergantung pada kelangkaan Idol.* <br> *UR: 500* <br> *SR: 50* <br> *R: 20* <br> <br> Selain itu, Anda akan mendapatkan “Poin Rekrut [Pikap Kelas 1]” sesuai dengan jumlah Idol yang muncul. <br> “Poin Rekrut” yang diperoleh dapat ditukar dengan Idol dan item lainnya di toko penukaran. <br> <br> “Poin Rekrut” yang tidak ditukar akan secara otomatis diubah menjadi “Buku Keterampilan (Menengah)” pada akhir periode rekrut ini. <br> *Buku Keterampilan (Menengah) yang telah diubah akan ditambahkan secara langsung tanpa melalui hadiah.* <br> *Jika batas kepemilikan Buku Keterampilan (Menengah) tercapai, mereka akan diberikan sebagai hadiah.*"
mst.lottery_info.4110029._infoText,Tahun ke-2! Rekrut Pikiran
mst.lottery_info.4110029._detailText,"“Rekrut Pikap [Kelas 2]” menjamin kemunculan Idol dengan tingkat kelangkaan R atau lebih tinggi. <br> “Rekrut Sekali” dapat dilakukan dengan 300 Loveca. <br> “Rekrut 10 Kali” dapat dilakukan dengan 3000 Loveca, dan menjamin setidaknya satu Idol dengan tingkat kelangkaan SR atau lebih tinggi akan bergabung. <br> “Rekrut Berbayar Sekali” dapat dilakukan sekali sehari dengan 150 Loveca berbayar. <br> <br> Jika Idol yang sudah ada muncul, mereka akan secara otomatis diubah menjadi “Lampu Sorot”. <br> *Lampu Sorot yang telah diubah akan ditambahkan secara langsung tanpa melalui hadiah.* <br> *Jika batas kepemilikan Lampu Sorot tercapai, mereka akan diberikan sebagai hadiah.* <br> *Jumlah Lampu Sorot yang diperoleh berbeda-beda tergantung pada tingkat kelangkaan Idol.* <br> *UR: 500* <br> *SR: 50* <br> *R: 20* <br> <br> Selain itu, Anda akan mendapatkan “Poin Rekrut [Pikap Kelas 2]” sesuai dengan jumlah Idol yang muncul. <br> “Poin Rekrut” yang diperoleh dapat ditukar dengan Idol atau item lainnya di toko penukaran. <br> <br> “Poin Rekrut” yang tidak ditukar akan secara otomatis diubah menjadi “Buku Keterampilan (Menengah)” pada akhir periode rekrut ini. <br> *Buku Keterampilan (Menengah) yang telah diubah akan ditambahkan secara langsung tanpa melalui hadiah.* <br> *Jika batas kepemilikan Buku Keterampilan (Menengah) tercapai, mereka akan diberikan sebagai hadiah.*"
mst.lottery_info.4110030._infoText,Rekrut Pikap untuk Kelas 3
mst.lottery_info.4110030._detailText,"“Rekrut Pikap [Kelas 3]” akan selalu menampilkan Idol dengan peringkat R atau lebih tinggi. <br> “Rekrut Sekali” dapat dilakukan dengan 300 Loveca. <br> “Rekrut Sepuluh Kali” dapat dilakukan dengan 3000 Loveca, dan setidaknya satu Idol dengan peringkat SR atau lebih tinggi pasti akan bergabung. <br> “Rekrut Sekali (Berbayar)” dapat dilakukan sekali sehari dengan 150 Loveca berbayar. <br> <br> Jika Idol yang sudah ada muncul, mereka akan secara otomatis diubah menjadi “Penyala”. <br> *Penyala yang telah diubah akan ditambahkan langsung tanpa melalui hadiah. <br> *Jika batas kepemilikan Penyala tercapai, mereka akan diberikan sebagai hadiah. <br> *Jumlah Penyala yang diperoleh berbeda-beda tergantung pada kelangkaan Idol. <br> ・UR: 500 <br> ・SR: 50 <br> ・R: 20 <br> <br> Selain itu, Anda akan mendapatkan “Poin Rekrut [Pikap Kelas 3]” sesuai dengan jumlah Idol yang muncul. <br> “Poin Rekrut” yang diperoleh dapat ditukar dengan Idol atau item lainnya di toko penukaran. <br> <br> “Poin Rekrut” yang tidak ditukar akan secara otomatis diubah menjadi “Buku Keterampilan (Menengah)” pada akhir periode rekrut ini. <br> *Buku Keterampilan (Menengah) yang telah diubah akan ditambahkan langsung tanpa melalui hadiah. <br> *Jika batas kepemilikan Buku Keterampilan (Menengah) tercapai, mereka akan diberikan sebagai hadiah."
mst.lottery_info.4110031._infoText,Rekrut Spesial Festival Lintas Dimensi Idolmaster Love Live! – Aqours
mst.lottery_info.4110031._detailText,“異次元フェス アイドルマスター ラブライブ！歌合戦 開催記念 Rekrut～Aqours編～”は、Aqours所属のR以上のIdolが必ず登場します。<br>「10回Rekrut」は、Loveca 3000個で実施でき、SR以上のIdolが1人以上必ずDapatkanします。<br><br>すでに加入しているIdolが登場した場合、自動で「ペンライト」に変換されます。<br>※変換されたペンライトは、プレゼントを経由せず直接加算されます<br>※ペンライトの所持上限に達している場合は、プレゼントに贈られます<br>※ペンライトの獲得量は、Idolのレアリティに応じて異なります<br>・UR：500個<br>・SR：50個<br>・R ：20個
mst.lottery_info.4110032._infoText,Rekrut Spesial Perayaan Festival Lintas Dimensi Idolmaster Love Live! – Edisi Nijigasaki!
mst.lottery_info.4110032._detailText,"「異次元フェス アイドルマスター ラブライブ！歌合戦 開催記念勧誘～ニジガク編～」adalah acara di mana Idol ber-R atau lebih dari 虹ヶ咲学園スクールアイドル同好会 pasti akan muncul。<br>「10回Rekrut」dapat dilakukan dengan Loveca 3000, dan minimal 1 Idol ber-SR atau lebih pasti bergabung。<br><br>Jika Idol yang sudah bergabung muncul, secara otomatis dikonversi menjadi「ペンライト」。<br>※ペンライト hasil konversi ditambahkan langsung tanpa melalui hadiah<br>※Jika batas kepemilikan ペンライト tercapai, akan dikirim ke hadiah<br>※jumlah Dapatkan berbeda tergantung kelangkaan Idol<br>・UR：500个<br>・SR：50个<br>・R ：20个"
mst.lottery_info.4110033._infoText,Rekrut Spesial Festival Dimensi Lain Idolmaster Love Live! - Edisi Liella!
mst.lottery_info.4110033._detailText,"“Rekrut Peringatan Festival Dimensi Lain Idolmaster Love Live! – Edisi Liella!” selalu menampilkan setidaknya satu Idol dari Liella! dengan tingkat kelangkaan R atau lebih tinggi. <br> “Rekrut 10 kali” dapat dilakukan dengan 3000 Loveca dan menjamin bahwa setidaknya satu Idol dengan tingkat kelangkaan SR atau lebih tinggi akan bergabung. <br> <br> Jika Idol yang sudah ada muncul, mereka akan secara otomatis diubah menjadi “Lampu Sorot”. <br> *Lampu Sorot yang telah dikonversi ditambahkan langsung tanpa melalui hadiah.* <br> *Jika jumlah maksimum Lampu Sorot yang dapat dimiliki tercapai, mereka akan diberikan sebagai hadiah.* <br> *Jumlah Lampu Sorot yang diperoleh bervariasi tergantung pada tingkat kelangkaan Idol.* <br> *UR: 500* <br> *SR: 50* <br> *R: 20*"
mst.lottery_info.4110034._infoText,Rekrut Gratis Hingga 240!
mst.lottery_info.4110034._detailText,"“Rekrut Peringatan Tahun Baru dengan hingga 240 kali gratis!” dapat dilakukan hingga 3 kali sehari, dan hingga 24 kali selama periode berlangsung. <br>Selain itu, Idol dengan peringkat R atau lebih tinggi akan bergabung. <br><br>“Rekrut 10 kali” dapat dilakukan secara gratis, dan setidaknya satu Idol dengan peringkat SR atau lebih tinggi pasti akan bergabung. <br><br>Jika Idol yang sudah bergabung muncul, mereka akan otomatis diubah menjadi “Penyala”. <br>※Penyala yang telah diubah akan ditambahkan langsung tanpa melalui hadiah. <br>※Jika batas kepemilikan Penyala tercapai, mereka akan diberikan sebagai hadiah. <br>※Jumlah Penyala yang diperoleh berbeda-beda tergantung pada kelangkaan Idol. <br>・UR: 500 buah <br>・SR: 50 buah <br>・R: 20 buah <br><br>Selain itu, Anda akan mendapatkan “Poin Rekrut [Peringatan Tahun Baru]” sesuai dengan jumlah Idol yang muncul. <br>“Poin Rekrut” yang diperoleh dapat ditukar dengan Idol atau item lainnya di toko penukaran. <br><br>“Poin Rekrut” yang tidak ditukar akan secara otomatis diubah menjadi “Buku Keterampilan (Menengah)” pada akhir acara ini. <br>※Buku Keterampilan (Menengah) yang telah diubah akan ditambahkan langsung tanpa melalui hadiah. <br>※Jika batas kepemilikan Buku Keterampilan (Menengah) tercapai, mereka akan diberikan sebagai hadiah."
mst.lottery_info.4110035._infoText,Rekrut UR Terjamin!
mst.lottery_info.4110035._detailText,"“UR Dijamin! Rekrut Peringatan Akhir Tahun & Awal Tahun Baru” dapat dilakukan dengan 3000 Loveca berbayar, dan satu Idol UR pasti akan bergabung. <br><br>Jika Idol yang sudah bergabung muncul, mereka akan secara otomatis diubah menjadi “Lampu Sorot”. <br>※Lampu Sorot yang telah diubah akan ditambahkan langsung tanpa melalui hadiah. <br>※Jika batas kepemilikan Lampu Sorot tercapai, itu akan diberikan sebagai hadiah. <br>※Jumlah Lampu Sorot yang diperoleh berbeda tergantung pada kelangkaan Idol. <br>・UR: 500 buah <br>・SR: 50 buah <br>・R: 20 buah <br><br>Selain itu, Anda akan mendapatkan “Poin Rekrut [Peringatan Akhir Tahun & Awal Tahun Baru]” sesuai dengan jumlah Idol yang muncul. <br>“Poin Rekrut” yang diperoleh dapat ditukar dengan Idol dan item lainnya di toko penukaran. <br><br>“Poin Rekrut” yang tidak ditukar akan secara otomatis diubah menjadi “Buku Keterampilan (Menengah)” pada akhir acara rekrut ini. <br>※Buku Keterampilan (Menengah) yang telah diubah akan ditambahkan langsung tanpa melalui hadiah. <br>※Jika batas kepemilikan Buku Keterampilan (Menengah) tercapai, itu akan diberikan sebagai hadiah."
mst.lottery_info.4110036._infoText,Rekrut Perayaan Impian Tahun Baru
mst.lottery_info.4110036._detailText,"“Rekrut Tahun Baru” menjamin kemunculan Idol dengan tingkat kelangkaan R atau lebih tinggi. <br> “Rekrut 10 kali” dapat dilakukan dengan 3000 Loveca dan menjamin setidaknya satu Idol dengan tingkat kelangkaan SR atau lebih tinggi akan bergabung. <br> <br> Jika Idol yang sudah ada muncul, mereka akan secara otomatis diubah menjadi “Lampu Sorot”. <br> ※Lampu Sorot yang telah diubah akan ditambahkan langsung tanpa melalui hadiah. <br> ※Jika batas kepemilikan Lampu Sorot tercapai, mereka akan diberikan sebagai hadiah. <br> ※Jumlah Lampu Sorot yang diperoleh berbeda-beda tergantung pada tingkat kelangkaan Idol. <br> ・UR: 500 <br> ・SR: 50 <br> ・R: 20 <br> <br> Selain itu, Anda akan mendapatkan “Poin Rekrut [Tahun Baru]” sesuai dengan jumlah Idol yang muncul. <br> “Poin Rekrut” yang diperoleh dapat ditukar dengan Idol dan item lainnya di toko penukaran. <br> <br> “Poin Rekrut” yang tidak ditukar akan secara otomatis diubah menjadi “Buku Keterampilan (Menengah)” pada akhir periode rekrut ini. <br> ※Buku Keterampilan (Menengah) yang telah diubah akan ditambahkan langsung tanpa melalui hadiah. <br> ※Jika batas kepemilikan Buku Keterampilan (Menengah) tercapai, mereka akan diberikan sebagai hadiah."
mst.lottery_info.4110037._infoText,UR Dijamin! Rekrut Spesial Tahun Baru
mst.lottery_info.4110037._detailText,"“Rekrut Spesial Tahun Baru dengan UR Terjamin” dapat dilakukan dengan 3000 Loveca berbayar, dan satu Idol UR akan bergabung. <br><br>Jika Idol yang sudah ada muncul, mereka akan secara otomatis diubah menjadi “Lampu Sorot”. <br>※Lampu Sorot yang telah diubah akan ditambahkan langsung tanpa melalui hadiah. <br>※Jika batas kepemilikan Lampu Sorot tercapai, mereka akan diberikan sebagai hadiah. <br>※Jumlah Lampu Sorot yang diperoleh berbeda tergantung pada kelangkaan Idol. <br>・UR: 500 <br>・SR: 50 <br>・R: 20 <br><br>Selain itu, Anda akan mendapatkan “Poin Rekrut [Edisi Tahun Baru]” sesuai dengan jumlah Idol yang muncul. <br>“Poin Rekrut” yang diperoleh dapat ditukar dengan Idol atau item lainnya di toko penukaran. <br><br>“Poin Rekrut” yang tidak ditukar akan secara otomatis diubah menjadi “Buku Keterampilan (Menengah)” pada akhir periode rekrut ini. <br>※Buku Keterampilan (Menengah) yang telah diubah akan ditambahkan langsung tanpa melalui hadiah. <br>※Jika batas kepemilikan Buku Keterampilan (Menengah) tercapai, mereka akan diberikan sebagai hadiah."
mst.lottery_info.4110038._infoText,Peringatan Ulang Tahun Festival Lagu Cinta
mst.lottery_info.4110038._detailText,"“Love Song Carnival Rekrut” akan menampilkan setidaknya satu Idol dari Rainbow Academy School Idol Club dengan peringkat R atau lebih tinggi. <br> “Rekrut Tunggal” dapat dilakukan dengan 300 Loveca. <br> “Rekrut 10 Kali” dapat dilakukan dengan 3000 Loveca, dan menjamin bahwa setidaknya satu Idol dengan peringkat SR atau lebih tinggi akan bergabung. <br> “Rekrut Berbayar Tunggal” dapat dilakukan sekali sehari dengan 150 Loveca berbayar. <br> <br> Jika Idol yang sudah ada muncul, mereka akan secara otomatis diubah menjadi “Penlight”. <br> *Penlight yang telah dikonversi ditambahkan langsung tanpa melalui hadiah. <br> *Jika batas kepemilikan Penlight tercapai, itu akan diberikan sebagai hadiah. <br> *Jumlah Penlight yang diperoleh bervariasi tergantung pada kelangkaan Idol. <br> ・UR: 500 <br> ・SR: 50 <br> ・R: 20 <br> <br> Selain itu, Anda akan mendapatkan “Poin Rekrut [Love Song Carnival]” sesuai dengan jumlah Idol yang muncul. <br> “Poin Rekrut” yang diperoleh dapat ditukar dengan Idol dan item lainnya di toko penukaran. <br> <br> “Poin Rekrut” yang tidak ditukar akan secara otomatis dikonversi menjadi “Buku Keterampilan (Menengah)” pada akhir acara rekrut ini. <br> *Buku Keterampilan (Menengah) yang telah dikonversi ditambahkan langsung tanpa melalui hadiah. <br> *Jika batas kepemilikan Buku Keterampilan (Menengah) tercapai, itu akan diberikan sebagai hadiah."
mst.lottery_info.4110039._infoText,Skufesu 2 Ucapan Terima Kasih Besar ~Bagian μ's~
mst.lottery_info.4110039._detailText,"“Skufesu 2 Ucapan Terima Kasih – Edisi μ's” menjamin kemunculan Idol dari μ's dengan peringkat R atau lebih tinggi. <br> “Skufesu 2 Ucapan Terima Kasih – Edisi μ's” dapat dilakukan menggunakan “10 Tiket Rekrut (Skufesu 2 Ucapan Terima Kasih)”. <br> <br> Jika Idol yang sudah bergabung muncul, mereka akan secara otomatis diubah menjadi “Lampu Sorot”. <br> *Lampu Sorot yang telah diubah akan ditambahkan langsung tanpa melalui hadiah. <br> *Jika batas kepemilikan Lampu Sorot tercapai, mereka akan diberikan sebagai hadiah. <br> *Jumlah Lampu Sorot yang diperoleh berbeda-beda tergantung pada kelangkaan Idol. <br> ・UR: 500 <br> ・SR: 50 <br> ・R: 20 <br> <br> Selain itu, Anda akan mendapatkan “Poin Rekrut [Ucapan Terima Kasih]” sesuai dengan jumlah Idol yang muncul. <br> “Poin Rekrut” yang diperoleh dapat ditukar dengan Idol atau item lainnya di toko penukaran. <br> <br> “Poin Rekrut” yang tidak ditukar akan secara otomatis diubah menjadi “Buku Keterampilan (Menengah)” pada akhir acara rekrut ini. <br> *Buku Keterampilan (Menengah) yang telah diubah akan ditambahkan langsung tanpa melalui hadiah. <br> *Jika batas kepemilikan Buku Keterampilan (Menengah) tercapai, mereka akan diberikan sebagai hadiah."
mst.lottery_info.4110040._infoText,"Skufesu 2, Rekrut Spesial Aqours"
mst.lottery_info.4110040._detailText,"“Rekrut Spesial Aqours” akan selalu menampilkan Idol dari Aqours dengan peringkat R atau lebih tinggi. <br> “Rekrut Spesial Aqours” dapat dilakukan dengan menggunakan “10 Tiket Rekrut (Rekrut Spesial)”. <br> <br> Jika Idol yang sudah bergabung muncul, mereka akan secara otomatis diubah menjadi “Penyala”. <br> ※Penyala yang telah diubah akan ditambahkan langsung tanpa melalui hadiah. <br> ※Jika batas kepemilikan Penyala tercapai, mereka akan diberikan sebagai hadiah. <br> ※Jumlah Penyala yang Dapatkan bervariasi tergantung pada kelangkaan Idol. <br> ・UR: 500 buah <br> ・SR: 50 buah <br> ・R: 20 buah <br> <br> Selain itu, Anda akan mendapatkan “Poin Rekrut [Rekrut Spesial]” sesuai dengan jumlah Idol yang muncul. <br> “Poin Rekrut” yang Dapatkan dapat ditukar dengan Idol atau item lainnya di toko penukaran. <br> <br> “Poin Rekrut” yang tidak ditukar akan secara otomatis diubah menjadi “Buku Keterampilan (Menengah)” pada akhir acara rekrut ini. <br> ※Buku Keterampilan (Menengah) yang telah diubah akan ditambahkan langsung tanpa melalui hadiah. <br> ※Jika batas kepemilikan Buku Keterampilan (Menengah) tercapai, mereka akan diberikan sebagai hadiah."
mst.lottery_info.4110041._infoText,"School Festa 2, Rekrut Spesial - Nijigaku!"
mst.lottery_info.4110041._detailText,"“スクフェス2 大感謝勧誘～ニジガク編～” adalah acara di mana Idol dari klub Rainbow High School selalu muncul. <br> “スクフェス2 大感謝勧誘～ニジガク編～” dapat dilakukan dengan menggunakan “10回勧誘チケット（スクフェス2 大感謝勧誘）”. <br> <br> Jika Idol yang sudah bergabung muncul, mereka akan secara otomatis diubah menjadi “ペンライト”. <br> ※“ペンライト” yang telah diubah akan ditambahkan langsung tanpa melalui hadiah. <br> ※Jika batas kepemilikan “ペンライト” tercapai, itu akan diberikan sebagai hadiah. <br> ※Jumlah “ペンライト” yang diperoleh berbeda tergantung pada kelangkaan Idol. <br> ・UR: 500 buah <br> ・SR: 50 buah <br> ・R: 20 buah <br> <br> Selain itu, Anda akan mendapatkan “勧誘ポイント [大感謝勧誘]” sesuai dengan jumlah Idol yang muncul. <br> “勧誘ポイント” yang diperoleh dapat ditukar dengan Idol atau item lainnya di toko penukaran. <br> <br> “勧誘ポイント” yang tidak ditukar akan secara otomatis diubah menjadi “スキルブック（中）” pada akhir acara ini. <br> ※“スキルブック（中）” yang telah diubah akan ditambahkan langsung tanpa melalui hadiah. <br> ※Jika batas kepemilikan “スキルブック（中）” tercapai, itu akan diberikan sebagai hadiah."
mst.lottery_info.4110042._infoText,Skufesu 2 Spesial Rekrut – Edisi Liella!
mst.lottery_info.4110042._detailText,"“Rekrut Spesial 2 – Edisi Terima Kasih untuk Liella!” menampilkan Idol dari grup Liella! dengan peringkat R atau lebih tinggi. <br> “Rekrut Spesial 2 – Edisi Terima Kasih untuk Liella!” dapat dilakukan menggunakan “10 Tiket Rekrut (Edisi Terima Kasih)”. <br> <br> Jika Idol yang sudah bergabung muncul, mereka akan secara otomatis diubah menjadi “Lampu Sorot”. <br> *Lampu Sorot yang telah diubah akan ditambahkan langsung tanpa melalui hadiah. <br> *Jika batas kepemilikan Lampu Sorot tercapai, mereka akan diberikan sebagai hadiah. <br> *Jumlah Lampu Sorot yang Dapatkan bervariasi tergantung pada kelangkaan Idol. <br> ・UR: 500 <br> ・SR: 50 <br> ・R: 20 <br> <br> Selain itu, Anda akan mendapatkan “Poin Rekrut [Edisi Terima Kasih]” sesuai dengan jumlah Idol yang muncul. <br> Poin Rekrut yang Dapatkan dapat ditukar dengan Idol atau item lainnya di toko penukaran. <br> <br> Poin Rekrut yang tidak ditukar akan secara otomatis diubah menjadi “Buku Keterampilan (Menengah)” pada akhir periode rekrut ini. <br> *Buku Keterampilan (Menengah) yang telah diubah akan ditambahkan langsung tanpa melalui hadiah. <br> *Jika batas kepemilikan Buku Keterampilan (Menengah) tercapai, mereka akan diberikan sebagai hadiah."
mst.lottery_info.4110043._infoText,Rekrut Spesial
mst.lottery_info.4110043._detailText,"“Rekrut Spesial” selalu menampilkan Idol dengan peringkat R atau lebih tinggi. <br> “Rekrut Tunggal” dapat dilakukan dengan 300 Loveca. <br> “Rekrut 10 Kali” dapat dilakukan dengan 3000 Loveca, dan menjamin setidaknya satu Idol dengan peringkat SR atau lebih tinggi akan bergabung. <br> “Rekrut Tunggal Berbayar” dapat dilakukan sekali sehari dengan 150 Loveca berbayar. <br> “Rekrut 10 Kali Berbayar” dapat dilakukan sekali selama periode acara dengan 2000 Loveca berbayar. <br> <br> Jika Idol yang sudah bergabung muncul, mereka akan secara otomatis diubah menjadi “Penyala”. <br> ※Penyala yang telah diubah ditambahkan langsung tanpa melalui hadiah. <br> ※Jika batas kepemilikan Penyala tercapai, mereka akan diberikan sebagai hadiah. <br> ※Jumlah Penyala yang diperoleh berbeda tergantung pada kelangkaan Idol. <br> ・UR: 500 <br> ・SR: 50 <br> ・R: 20 <br> <br> Selain itu, Anda akan mendapatkan “Poin Rekrut [Rekrut Spesial]” sesuai dengan jumlah Idol yang muncul. <br> “Poin Rekrut” yang diperoleh dapat ditukar dengan Idol atau item lainnya di toko penukaran. <br> <br> “Poin Rekrut” yang tidak ditukar akan secara otomatis diubah menjadi “Buku Keterampilan (Menengah)” pada akhir acara ini. <br> ※Buku Keterampilan (Menengah) yang telah diubah ditambahkan langsung tanpa melalui hadiah. <br> ※Jika batas kepemilikan Buku Keterampilan (Menengah) tercapai, mereka akan diberikan sebagai hadiah."
mst.lottery_info.4110044._infoText,"Festival Idol Terima Kasih, Semua Anggota Rekrut"
mst.lottery_info.4110044._detailText,"“Rekrut Semua Idol di Festival Penghargaan Sekolah!” selalu menampilkan Idol dengan peringkat R atau lebih tinggi. <br> “Rekrut 10 Kali” dapat dilakukan setiap hari hingga 1 kali, dengan biaya 3000 Loveca. <br> “Rekrut 10 Kali Berbayar” dapat dilakukan dengan biaya 3000 Loveca berbayar. <br> “Rekrut 1 Kali Berbayar” dapat dilakukan hingga 3 kali setiap hari, dengan biaya 50 Loveca berbayar. <br> <br> Jika Idol yang sudah bergabung muncul, mereka akan secara otomatis diubah menjadi “Lampu Sorot”. <br> *Lampu Sorot yang telah diubah ditambahkan langsung tanpa melalui hadiah.* <br> *Jika jumlah maksimum Lampu Sorot yang dapat dimiliki tercapai, maka akan diberikan sebagai hadiah.* <br> *Jumlah Lampu Sorot yang diperoleh berbeda-beda tergantung pada kelangkaan Idol.* <br> *UR: 500* <br> *SR: 50* <br> *R: 20*"
mst.lottery_info.5110001._infoText,Semua Idol Hadir! Rekrut Bertahap
mst.lottery_info.5110001._detailText,"“Semua Idol Berkumpul! Rekrut Bertahap” adalah rekrut yang menguntungkan karena isinya berubah seiring dengan kemajuan STEP. <br> Semua Idol (R, SR, UR) yang dapat diperoleh melalui rekrut akan muncul. <br> Setiap STEP adalah 10 kali rekrut, dan jumlah Loveca serta jaminan yang diperlukan untuk setiap STEP akan berubah. <br>・STEP 1: 500 Loveca (jaminan 1 Idol SR atau lebih tinggi) <br>・STEP 2: 1000 Loveca (jaminan 1 Idol SR atau lebih tinggi, peningkatan peluang UR) <br>・STEP 3: 1500 Loveca (jaminan 1 Idol SR atau lebih tinggi, peningkatan peluang UR) <br>・STEP 4: 2000 Loveca (jaminan 1 Idol SR atau lebih tinggi, peningkatan besar peluang UR) <br>・STEP 5: 2500 Loveca (jaminan 1 Idol UR!) <br> <br> Setelah STEP 5 selesai, Anda dapat mengulanginya mulai dari STEP 1. <br> <br> Jika Idol yang sudah bergabung muncul, mereka akan secara otomatis diubah menjadi “Penlight”. <br> ※Jumlah Penlight yang diperoleh berbeda-beda tergantung pada kelangkaan Idol. <br>・UR: 500 buah <br>・SR: 50 buah <br>・R: 20 buah"
mst.lottery_info.7110002._infoText,Data Link Bonus Ticket Rekrut
mst.lottery_info.7110002._detailText,"“Rekrut Tiket Bonus Data School Festa” menjamin kemunculan Idol dengan tingkat kelangkaan R atau lebih tinggi. <br> “Rekrut 10 kali” dapat dilakukan menggunakan “Tiket Rekrut 10 Kali (Bonus Data School Festa)”, dan menjamin setidaknya satu Idol dengan tingkat kelangkaan SR atau lebih tinggi akan didapatkan. <br> <br> Jika Idol yang sudah ada muncul, mereka akan secara otomatis diubah menjadi “Penlight”. <br> *Penlight yang diperoleh tidak akan ditambahkan melalui hadiah, melainkan langsung ditambahkan. <br> *Jika batas kepemilikan Penlight telah tercapai, mereka akan diberikan sebagai hadiah. <br> *Jumlah Penlight yang diperoleh berbeda-beda tergantung pada tingkat kelangkaan Idol. <br> ・UR: 500 <br> ・SR: 50 <br> ・R: 20 <br> <br> Selain itu, Anda akan mendapatkan “Poin Rekrut [Edisi Perayaan]” sesuai dengan jumlah Idol yang muncul. <br> “Poin Rekrut” yang diperoleh dapat ditukar dengan Idol dan item lainnya di toko penukaran."
mst.lottery_info.7110003._infoText,Skusta Data Link Bonus Ticket Rekrut
mst.lottery_info.7110003._detailText,"""Rekrut Tiket Bonus Data Skusta"" akan selalu menampilkan Idol dengan peringkat R atau lebih tinggi. <br> ""Rekrut 10 kali"" dapat dilakukan dengan ""Tiket Rekrut 10 Kali (Bonus Data Skusta)"", dan setidaknya satu Idol dengan peringkat SR atau lebih tinggi pasti akan bergabung. <br> <br> Jika Idol yang sudah bergabung muncul, mereka akan secara otomatis diubah menjadi ""Penlight"". <br> *Penlight yang telah dikonversi akan ditambahkan langsung tanpa melalui hadiah. <br> *Jika batas kepemilikan Penlight tercapai, mereka akan diberikan sebagai hadiah. <br> *Jumlah Penlight yang diperoleh berbeda tergantung pada kelangkaan Idol. <br> ・UR: 500 buah <br> ・SR: 50 buah <br> ・R: 20 buah <br> <br> Selain itu, Anda akan mendapatkan ""Poin Rekrut [Perayaan Rilis]"" sesuai dengan jumlah Idol yang muncul. <br> ""Poin Rekrut"" yang diperoleh dapat ditukar dengan Idol atau item di toko penukaran."
mst.lottery_info.8110001._infoText,Rekrut Item
mst.lottery_info.8110001._detailText,"Anda dapat melakukan ""Rekrut Item"" sekali setiap hari. <br> ""Rekrut Item"" akan direset setiap pukul 0:00. <br> <br> Dalam ""Rekrut Item"", 10 item akan muncul secara acak dari daftar berikut. <br> ・Penlight: ×10 <br> ・LP Candy [Kecil]: ×1 <br> ・Lesson Note (Kecil): ×20 <br> ・Lesson Note (Sedang): ×8 <br> ・Lesson Note (Besar): ×1 <br> ・Skill Book (Kecil): ×18 <br> ・Skill Book (Sedang): ×3 <br> ・35000 Emas"
mst.lottery_info.8110002._infoText,Rekrut Item
mst.lottery_info.8110002._detailText,"Anda dapat melakukan ""Rekrut Item"" sekali setiap hari. <br> ""Rekrut Item"" akan direset setiap pukul 0:00. <br> <br> Dalam ""Rekrut Item"", 10 item akan muncul secara acak dari daftar berikut. <br> ・Penlight: ×10 <br> ・LP Candy [Kecil]: ×1 <br> ・Lesson Note (Kecil): ×20 <br> ・Lesson Note (Sedang): ×8 <br> ・Lesson Note (Besar): ×1 <br> ・Skill Book (Kecil): ×18 <br> ・Skill Book (Sedang): ×3 <br> ・35000 Emas"
mst.lottery_info.8110004._infoText,Rekrut Item
mst.lottery_info.8110004._detailText,"Anda dapat melakukan ""Rekrut Item"" sekali setiap hari. <br> ""Rekrut Item"" akan direset setiap pukul 0:00. <br> <br> Dalam ""Rekrut Item"", 10 item akan muncul secara acak dari daftar berikut. <br> ・Penlight: ×10 <br> ・LP Candy [Kecil]: ×1 <br> ・Lesson Note (Kecil): ×20 <br> ・Lesson Note (Sedang): ×8 <br> ・Lesson Note (Besar): ×1 <br> ・Skill Book (Kecil): ×18 <br> ・Skill Book (Sedang): ×3 <br> ・35000 Emas"
mst.lottery_info.8110005._infoText,Rekrut Item
mst.lottery_info.8110005._detailText,"Anda dapat melakukan ""Rekrut Item"" sekali setiap hari. <br> ""Rekrut Item"" akan direset setiap pukul 0:00. <br> <br> Dalam ""Rekrut Item"", 10 item akan muncul secara acak dari daftar berikut. <br> ・Penlight: ×10 <br> ・LP Candy [Kecil]: ×1 <br> ・Lesson Note (Kecil): ×20 <br> ・Lesson Note (Sedang): ×8 <br> ・Lesson Note (Besar): ×1 <br> ・Skill Book (Kecil): ×18 <br> ・Skill Book (Sedang): ×3 <br> ・35000 Emas"
mst.lottery_info.8110006._infoText,Rekrut Item
mst.lottery_info.8110006._detailText,"Anda dapat melakukan ""Rekrut Item"" sekali setiap hari. <br> ""Rekrut Item"" akan direset setiap pukul 0:00. <br> <br> Dalam ""Rekrut Item"", 10 item akan muncul secara acak dari daftar berikut. <br> ・Penlight: ×10 <br> ・LP Candy [Kecil]: ×1 <br> ・Lesson Note (Kecil): ×20 <br> ・Lesson Note (Sedang): ×8 <br> ・Lesson Note (Besar): ×1 <br> ・Skill Book (Kecil): ×18 <br> ・Skill Book (Sedang): ×3 <br> ・35000 Emas"
mst.lottery_info.9110001._infoText,Tutorial Rekrut 【Hoshizora Honoka】
mst.lottery_info.9110001._detailText,"Dalam “Rekrut Tutorial [Hosaka Honoka]”, Idol dengan peringkat R atau lebih tinggi pasti akan muncul.<br>“10 Kali Rekrut” dapat dilakukan secara gratis, dan Idol UR “Hosaka Honoka [Sakura dalam Mekar Penuh]” pasti akan bergabung."
mst.lottery_info.9110002._infoText,Rekrut Tutorial [Ayase Eri]
mst.lottery_info.9110002._detailText,"Dalam “Rekrut Tutorial [Ayase Eri]”, Idol dengan peringkat R atau lebih tinggi pasti akan muncul.<br>“Rekrut 10 Kali” dapat dilakukan secara gratis, dan Idol UR “Ayase Eri [Ruang OS di Senja Hari]” pasti akan bergabung."
mst.lottery_info.9110003._infoText,Tutorial Rekrut 【Minami Kotori】
mst.lottery_info.9110003._detailText,"Dalam “Rekrut Tutorial [Minami Kotori]”, Idol dengan peringkat R atau lebih tinggi pasti akan muncul.<br>“Rekrut 10 Kali” dapat dilakukan secara gratis, dan Idol UR “Minami Kotori [Selamat Datang♪]” pasti akan bergabung."
mst.lottery_info.9110004._infoText,Tutorial Rekrut 【Otonoda Umi】
mst.lottery_info.9110004._detailText,"Dalam “Rekrut Tutorial [Otonashi Umi]”, Idol dengan peringkat R atau lebih tinggi pasti akan muncul.<br>“Rekrut 10 Kali” dapat dilakukan secara gratis, dan Idol UR “Otonashi Umi [Mushin e to]” pasti akan bergabung."
mst.lottery_info.9110005._infoText,Tutorial Rekrut 【Hoshizora Rin】
mst.lottery_info.9110005._detailText,"Dalam “Rekrut Tutorial [Hoshizora Rin]”, Idol dengan peringkat R atau lebih tinggi pasti akan muncul.<br>“Rekrut 10 kali” dapat dilakukan secara gratis, dan Idol UR “Hoshizora Rin [Kilau di Atap]” pasti akan bergabung."
mst.lottery_info.9110006._infoText,Rekrut Tutorial [Nishikino Maki]
mst.lottery_info.9110006._detailText,"Dalam “Rekrut Tutorial [Nishikino Maki]”, Idol dengan peringkat R atau lebih tinggi pasti akan muncul.<br>“Rekrut 10 Kali” dapat dilakukan secara gratis, dan Idol UR “Nishikino Maki [Senyum di Layar Ponsel]” pasti akan bergabung."
mst.lottery_info.9110007._infoText,Tutorial Rekrut 【Toujou Nozomi】
mst.lottery_info.9110007._detailText,"Dalam “Rekrut Tutorial [Toujou Nozomi]”, Idol dengan peringkat R atau lebih tinggi pasti akan muncul.<br>“Rekrut 10 kali” dapat dilakukan secara gratis, dan Idol UR “Toujou Nozomi [Cahaya yang Bersinar]” pasti akan bergabung."
mst.lottery_info.9110008._infoText,Tutorial Rekrut 【Koizumi Hanayo】
mst.lottery_info.9110008._detailText,"Dalam “Rekrut Tutorial [Koizumi Hanayo]”, Idol dengan peringkat R atau lebih tinggi pasti akan muncul.<br>“Rekrut 10 kali” dapat dilakukan secara gratis, dan Idol UR “Koizumi Hanayo [Perasaan untuk µ's]” pasti akan bergabung."
mst.lottery_info.9110009._infoText,Tutorial Rekrut 【矢澤 にこ】
mst.lottery_info.9110009._detailText,"Dalam “Rekrut Tutorial [Yazawa Nico]”, Idol dengan peringkat R atau lebih tinggi pasti akan muncul.<br>“Rekrut 10 Kali” dapat dilakukan secara gratis, dan Idol UR “Yazawa Nico [Kuliah yang Sangat Berharga]” pasti akan bergabung."
mst.lottery_info.9110010._infoText,Tutorial Rekrut 【Takahashi Chika】
mst.lottery_info.9110010._detailText,"Dalam “Rekrut Tutorial [Takahashi Chika]”, Idol dengan peringkat R atau lebih tinggi pasti akan muncul.<br>“Rekrut 10 Kali” dapat dilakukan secara gratis, dan Idol UR “Takahashi Chika [Obrolan Setelah Latihan]” pasti akan bergabung."
mst.lottery_info.9110011._infoText,Tutorial Rekrut 【Sakurauchi Riko】
mst.lottery_info.9110011._detailText,"Dalam “Rekrut Tutorial [Sakurauchi Riko]”, Idol dengan peringkat R atau lebih tinggi pasti akan muncul.<br>“10 Kali Rekrut” dapat dilakukan secara gratis, dan Idol UR “Sakurauchi Riko [Melodi Trio]” pasti akan bergabung."
mst.lottery_info.9110012._infoText,Tutorial Rekrut 【Matsuura Kanon】
mst.lottery_info.9110012._detailText,"Dalam “Rekrut Tutorial [Matsuura Kanon]”, Idol dengan peringkat R atau lebih tinggi pasti akan muncul.<br>“Rekrut 10 Kali” dapat dilakukan secara gratis, dan Idol UR “Matsuura Kanon [Angin Laut yang Membelai Pipi]” pasti akan bergabung."
mst.lottery_info.9110013._infoText,Tutorial Rekrut 【Kurosawa Dia】
mst.lottery_info.9110013._detailText,"Dalam “Rekrut Tutorial [Kurosawa Dia]”, Idol dengan peringkat R atau lebih tinggi pasti akan muncul.<br>“Rekrut 10 kali” dapat dilakukan secara gratis, dan Idol UR “Kurosawa Dia [Rutinitas Kakak Perempuan]” pasti akan bergabung."
mst.lottery_info.9110014._infoText,Tutorial Rekrut 【Watanabe You】
mst.lottery_info.9110014._detailText,"Dalam “Rekrut Tutorial [Watanabe You]”, Idol dengan peringkat R atau lebih tinggi pasti akan muncul.<br>“Rekrut 10 kali” dapat dilakukan secara gratis, dan Idol UR “Watanabe You [Permukaan Air yang Bersinar]” pasti akan bergabung."
mst.lottery_info.9110015._infoText,Tutorial Rekrut 【Tsushima Yoshiko】
mst.lottery_info.9110015._detailText,"Dalam “Rekrut Tutorial [Tushima Yoshiko]”, Idol dengan peringkat R atau lebih tinggi pasti akan muncul.<br>“Rekrut 10 Kali” dapat dilakukan secara gratis, dan Idol UR “Tushima Yoshiko [Dark Angel Rock-Paper-Scissors]” pasti akan bergabung."
mst.lottery_info.9110016._infoText,Tutorial Rekrut 【Kokumida Hanaru】
mst.lottery_info.9110016._detailText,"Dalam “Rekrut Tutorial [Kunikida Hanaru]”, Idol dengan peringkat R atau lebih tinggi pasti akan muncul.<br>“Rekrut 10 Kali” dapat dilakukan secara gratis, dan Idol UR “Kunikida Hanaru [After Lunch]” pasti akan bergabung."
mst.lottery_info.9110017._infoText,Tutorial Rekrut 【】
mst.lottery_info.9110017._detailText,"Dalam “Rekrut Tutorial [Koharū Jurī]”, Idol dengan peringkat R atau lebih tinggi pasti akan muncul.<br>“Rekrut 10 kali” dapat dilakukan secara gratis, dan Idol UR “Koharū Jurī [Fūkōmeibi]” pasti akan bergabung."
mst.lottery_info.9110018._infoText,Tutorial Rekrut 【Kurosawa Rubi】
mst.lottery_info.9110018._detailText,"Dalam “Rekrut Tutorial [Kurosawa Ruby]”, Idol dengan peringkat R atau lebih tinggi pasti akan muncul.<br>“Rekrut 10 Kali” dapat dilakukan secara gratis, dan Idol UR “Kurosawa Ruby [Onebousan]” pasti akan bergabung."
mst.lottery_info.9110019._infoText,Tutorial Rekrut 【Uehara Ayumu】
mst.lottery_info.9110019._detailText,"Dalam “Rekrut Tutorial [Uehara Ayumu]”, Idol dengan peringkat R atau lebih tinggi pasti akan muncul.<br>“10 Kali Rekrut” dapat dilakukan secara gratis, dan Idol UR “Uehara Ayumu [Aku Ada di Sisimu]” pasti akan bergabung."
mst.lottery_info.9110020._infoText,Rekrut Tutorial [Nakasu Kasumi]
mst.lottery_info.9110020._detailText,"Dalam “Rekrut Tutorial [Kasumi Nakasu]”, Idol dengan peringkat R atau lebih tinggi pasti akan muncul.<br>“Rekrut 10 Kali” dapat dilakukan secara gratis, dan Idol UR “Kasumi Nakasu [Roti Kopek Pelangi]” pasti akan bergabung."
mst.lottery_info.9110021._infoText,Tutorial Rekrut 【Sakurazaka Shizuku】
mst.lottery_info.9110021._detailText,"Dalam “Rekrut Tutorial [Sakurazaka Shizuku]”, Idol dengan peringkat R atau lebih tinggi pasti akan muncul.<br>“Rekrut 10 Kali” dapat dilakukan secara gratis, dan Idol UR “Sakurazaka Shizuku [Diri Sejati]” pasti akan bergabung."
mst.lottery_info.9110022._infoText,Rekrut Tutorial [Asuka Karin]
mst.lottery_info.9110022._detailText,"Dalam “Rekrut Tutorial [Asuka Karin]”, Idol dengan peringkat R atau lebih tinggi pasti akan muncul.<br>“Rekrut 10 Kali” dapat dilakukan secara gratis, dan Idol UR “Asuka Karin [Mengejar Kualitas]” pasti akan bergabung."
mst.lottery_info.9110023._infoText,Tutorial Rekrut 【Miyashita Ai】
mst.lottery_info.9110023._detailText,"Dalam “Rekrut Tutorial [Miyashita Ai]”, Idol dengan peringkat R atau lebih tinggi pasti akan muncul.<br>“Rekrut 10 Kali” dapat dilakukan secara gratis, dan Idol UR “Miyashita Ai [Change of Pace]” pasti akan bergabung."
mst.lottery_info.9110024._infoText,Rekrut Tutorial [Kanoe Hisaho]
mst.lottery_info.9110024._detailText,"Dalam “Rekrut Tutorial [Kanojo Kibou]”, Idol dengan peringkat R atau lebih tinggi pasti akan muncul.<br>“Rekrut 10 Kali” dapat dilakukan secara gratis, dan Idol UR “Kanojo Kibou [Saudara Perempuan di Meja Makan]” pasti akan bergabung."
mst.lottery_info.9110025._infoText,Tutorial Rekrut 【Yuki Setsuna】
mst.lottery_info.9110025._detailText,"Dalam “Rekrut Tutorial [Yuki Setsuna]”, Idol dengan peringkat R atau lebih tinggi pasti akan muncul.<br>“Rekrut 10 Kali” dapat dilakukan secara gratis, dan Idol UR “Yuki Setsuna [Aku Ingin Menyampaikan Cintaku!]” pasti akan bergabung."
mst.lottery_info.9110026._infoText,Tutorial Rekrut 【Emma Verde】
mst.lottery_info.9110026._detailText,"Dalam “Rekrut Tutorial [Emma Verde]”, Idol dengan peringkat R atau lebih tinggi pasti akan muncul.<br>“Rekrut 10 Kali” dapat dilakukan secara gratis, dan Idol UR “Emma Verde [Sinar Matahari yang Menyegarkan]” pasti akan bergabung."
mst.lottery_info.9110027._infoText,Rekrut Tutorial [Tennoji Rina]
mst.lottery_info.9110027._detailText,"Dalam “Rekrut Tutorial [Tennoji Rina]”, Idol dengan peringkat R atau lebih tinggi pasti akan muncul.<br>“Rekrut 10 Kali” dapat dilakukan secara gratis, dan Idol UR “Tennoji Rina [Perawatan Petugas Patroli]” pasti akan bergabung."
mst.lottery_info.9110028._infoText,Tutorial Rekrut 【Mifune Shizuko】
mst.lottery_info.9110028._detailText,"Dalam “Rekrut Tutorial [Mibu Shizuko]”, Idol dengan peringkat R atau lebih tinggi pasti akan muncul.<br>“Rekrut 10 Kali” dapat dilakukan secara gratis, dan Idol UR “Mibu Shizuko [Hanya Latihan Keras]” pasti akan bergabung."
mst.lottery_info.9110029._infoText,Tutorial Rekrut 【Mia Taylor】
mst.lottery_info.9110029._detailText,"Dalam “Rekrut Tutorial [Mia Taylor]”, Idol dengan peringkat R atau lebih tinggi pasti akan muncul.<br>“Rekrut 10 kali” dapat dilakukan secara gratis, dan Idol UR “Mia Taylor [Komposisi Terbaik]” pasti akan bergabung."
mst.lottery_info.9110030._infoText,Tutorial Rekrut 【鐘 嵐珠】
mst.lottery_info.9110030._detailText,"Dalam “Rekrut Tutorial [Zhong Lanzhu]”, Idol dengan peringkat R atau lebih tinggi pasti akan muncul.<br>“10 Kali Rekrut” dapat dilakukan secara gratis, dan Idol UR “Zhong Lanzhu [Saingan dan Teman]” pasti akan bergabung."
mst.lottery_info.9110031._infoText,Tutorial Rekrut 【Shibutani Kanon】
mst.lottery_info.9110031._detailText,"Dalam “Rekrut Tutorial [Kanon Inazumi]”, Idol dengan peringkat R atau lebih tinggi pasti akan muncul.<br>“10 Kali Rekrut” dapat dilakukan secara gratis, dan Idol UR “Kanon Inazumi [Dengan Perasaan di Hati]” pasti akan bergabung."
mst.lottery_info.9110032._infoText,Tutorial Rekrut 【Tang Keke】
mst.lottery_info.9110032._detailText,"Dalam “Rekrut Tutorial [Tang Keke]”, Idol dengan peringkat R atau lebih tinggi pasti akan muncul.<br>“Rekrut 10 Kali” dapat dilakukan secara gratis, dan Idol UR “Tang Keke [Penata Gaya Kostum]” pasti akan bergabung."
mst.lottery_info.9110033._infoText,Rekrut Tutorial [Arashi Chisato]
mst.lottery_info.9110033._detailText,"Dalam “Rekrut Tutorial [Arashi Chisato]”, Idol dengan peringkat R atau lebih tinggi pasti akan muncul.<br>“Rekrut 10 kali” dapat dilakukan secara gratis, dan Idol UR “Arashi Chisato [Langkah Senior]” pasti akan bergabung."
mst.lottery_info.9110034._infoText,Tutorial Rekrut 【Heianna Sumire】
mst.lottery_info.9110034._detailText,"Dalam “Rekrut Tutorial [Heianna Sumire]”, Idol dengan peringkat R atau lebih tinggi pasti akan muncul.<br>“10 Kali Rekrut” dapat dilakukan secara gratis, dan Idol UR “Heianna Sumire [Kedua Lengan Penuh]” pasti akan bergabung."
mst.lottery_info.9110035._infoText,Tutorial Rekrut 【Hazuki Koi】
mst.lottery_info.9110035._detailText,"Dalam “Rekrut Tutorial [Hazuki Koi]”, Idol dengan peringkat R atau lebih tinggi pasti akan muncul.<br>“Rekrut 10 kali” dapat dilakukan secara gratis, dan Idol UR “Hazuki Koi [Kenegahoka yang Ditinggalkan Ibunya]” pasti akan bergabung."
mst.lottery_info.9110036._infoText,Tutorial Rekrut 【Sakurakoji Kinako】
mst.lottery_info.9110036._detailText,"Dalam “Rekrut Tutorial [Sakurakoji Kinako]”, Idol dengan peringkat R atau lebih tinggi pasti akan muncul.<br>“Rekrut 10 Kali” dapat dilakukan secara gratis, dan Idol UR “Sakurakoji Kinako [230 Meter di Atas Tanah]” pasti akan bergabung."
mst.lottery_info.9110037._infoText,Rekrut Tutorial [Yone Mei]
mst.lottery_info.9110037._detailText,"Dalam “Rekrut Tutorial [Yone Mei]”, Idol dengan peringkat R atau lebih tinggi pasti akan muncul.<br>“Rekrut 10 Kali” dapat dilakukan secara gratis, dan Idol UR “Yone Mei [Hampir Lengkap]” pasti akan bergabung."
mst.lottery_info.9110038._infoText,Rekrut Tutorial [Wakana Shiki]
mst.lottery_info.9110038._detailText,"Dalam “Rekrut Tutorial [Wakana Shiki]”, Idol dengan peringkat R atau lebih tinggi pasti akan muncul.<br>“Rekrut 10 kali” dapat dilakukan secara gratis, dan Idol UR “Wakana Shiki [Di Ruang Sains Setelah Sekolah]” pasti akan bergabung."
mst.lottery_info.9110039._infoText,Rekrut Tutorial [Onidzuka Natsumi]
mst.lottery_info.9110039._detailText,"Dalam ""Rekrut Tutorial [Oninatsu]"", Idol dengan tingkat kelangkaan R atau lebih tinggi pasti akan muncul.<br>“Rekrut 10 kali” dapat dilakukan secara gratis, dan Idol UR “Oninatsu [Siaran Langsung]” pasti akan bergabung."
mst.lottery_info.6110001._infoText,μ's Rekrut Khusus
mst.lottery_info.6110001._detailText,"""μ's Rekrut Khusus"" adalah rekrut khusus tempat Anda dapat merekrut Idol μ's yang telah muncul di School Idol Festival. <br> Tingkat kemunculan: R 68% / SR 26% / UR 6%. <br> Dalam ""Rekrut 11 kali"", satu Idol dengan tingkat kelangkaan SR atau lebih akan selalu muncul. <br> <br> Jika Idol yang sudah bergabung muncul, mereka akan secara otomatis diubah menjadi ""Penlight"". <br> *Jumlah Penlight yang diperoleh berbeda tergantung pada tingkat kelangkaan Idol. <br> ・UR: 500 buah <br> ・SR: 50 buah <br> ・R: 20 buah"
mst.lottery_info.6110002._infoText,Aqours Rekrut
mst.lottery_info.6110002._detailText,"“Rekrut Aqours” adalah Rekrut spesial yang memungkinkan Anda merekrut Idol dari Aqours yang telah muncul di School Idol Festival. <br> Tingkat kemunculan: R 68% / SR 26% / UR 6%. <br> Dalam 11 kali Rekrut, setidaknya satu Idol dengan tingkat kelangkaan SR atau lebih akan muncul. <br> <br> Jika Idol yang sudah bergabung muncul, mereka akan secara otomatis diubah menjadi “Penlight”. <br> *Jumlah Penlight yang diperoleh berbeda-beda tergantung pada tingkat kelangkaan Idol. <br> • UR: 500 buah <br> • SR: 50 buah <br> • R: 20 buah"
mst.lottery_info.6110003._infoText,Rekrut Spesial Niijika
mst.lottery_info.6110003._detailText,"""Rekrut Idol Niijika"" adalah Rekrut spesial yang memungkinkan Anda merekrut anggota Niijika yang muncul di School Idol Festival. <br> Tingkat kemunculan: R 68% / SR 26% / UR 6%. <br> Dalam 11 kali Rekrut, setidaknya satu anggota dengan tingkat SR atau lebih akan muncul. <br> <br> Jika anggota yang sudah bergabung muncul, mereka akan secara otomatis diubah menjadi ""Penlight"". <br> *Jumlah Penlight yang diperoleh berbeda tergantung pada kelangkaan anggota. <br> ・UR: 500 buah <br> ・SR: 50 buah <br> ・R: 20 buah"
mst.lottery_info.6110004._infoText,Rekrut Liella!
mst.lottery_info.6110004._detailText,"""Liella! Rekrut Khusus"" adalah rekrut spesial yang memungkinkan Anda merekrut Idol Liella! yang telah muncul di School Festa.<br>Tingkat penampilan: R 68% / SR 26% / UR 6%.<br>Dalam 11 kali rekrut, setidaknya satu Idol dengan tingkat kelangkaan SR atau lebih akan muncul.<br><br>Jika Idol yang sudah bergabung muncul, mereka akan secara otomatis diubah menjadi ""Lampu Sorot"".<br>*Jumlah Lampu Sorot yang diperoleh berbeda-beda tergantung pada kelangkaan Idol.<br>- UR: 500 buah<br>- SR: 50 buah<br>- R: 20 buah."
