_key,_text
mst.mission.1153001._title,Login selama 4 hari
mst.mission.1153001._detail,Login selama 4 hari.
mst.mission.1153002._title,Login selama 5 hari
mst.mission.1153002._detail,Login selama 5 hari.
mst.mission.1153003._title,Login selama 10 hari
mst.mission.1153003._detail,Login selama 10 hari.
mst.mission.1153004._title,Login selama 15 hari
mst.mission.1153004._detail,Login selama 15 hari.
mst.mission.1153005._title,Login selama 20 hari
mst.mission.1153005._detail,Login selama 20 hari.
mst.mission.1153006._title,Login selama 30 hari
mst.mission.1153006._detail,Login selama 30 hari.
mst.mission.1153007._title,Login selama 40 hari
mst.mission.1153007._detail,Login selama 40 hari
mst.mission.1153008._title,Login selama 50 hari
mst.mission.1153008._detail,Login selama 50 hari.
mst.mission.1153009._title,Login selama 60 hari
mst.mission.1153009._detail,Login selama 60 hari
mst.mission.1153010._title,Login selama 70 hari
mst.mission.1153010._detail,Login selama 70 hari.
mst.mission.1153011._title,Login selama 80 hari
mst.mission.1153011._detail,Login selama 80 hari.
mst.mission.1153012._title,Login selama 90 hari
mst.mission.1153012._detail,Login selama 90 hari.
mst.mission.1153013._title,Login selama 100 hari
mst.mission.1153013._detail,Login selama 100 hari.
mst.mission.1153014._title,Login selama 150 hari
mst.mission.1153014._detail,Login selama 150 hari.
mst.mission.1153015._title,Login selama 200 hari
mst.mission.1153015._detail,Login selama 200 hari.
mst.mission.1153016._title,Login selama 250 hari
mst.mission.1153016._detail,Login selama 250 hari.
mst.mission.1153017._title,Login selama 300 hari
mst.mission.1153017._detail,Login selama 300 hari.
mst.mission.1153018._title,Login selama 400 hari
mst.mission.1153018._detail,Login selama 400 hari.
mst.mission.1153019._title,Login selama 500 hari
mst.mission.1153019._detail,Login selama 500 hari.
mst.mission.1105001._title,Selesaikan Live sebanyak 30 kali
mst.mission.1105001._detail,Selesaikan Live sebanyak 30 kali.
mst.mission.1105002._title,Live sebanyak 50 kali
mst.mission.1105002._detail,Selesaikan Live sebanyak 50 kali.
mst.mission.1105003._title,Selesaikan Live sebanyak 100 kali
mst.mission.1105003._detail,Selesaikan Live sebanyak 100 kali.
mst.mission.1105004._title,Selesaikan Live sebanyak 200 kali
mst.mission.1105004._detail,Selesaikan Live sebanyak 200 kali.
mst.mission.1105005._title,Selesaikan Live sebanyak 300 kali
mst.mission.1105005._detail,Selesaikan Live sebanyak 300 kali.
mst.mission.1105006._title,Selesaikan Live sebanyak 400 kali
mst.mission.1105006._detail,Selesaikan Live sebanyak 400 kali.
mst.mission.1105007._title,Selesaikan Live sebanyak 500 kali
mst.mission.1105007._detail,Selesaikan Live sebanyak 500 kali.
mst.mission.1105008._title,Selesaikan Live sebanyak 600 kali
mst.mission.1105008._detail,Selesaikan Live sebanyak 600 kali.
mst.mission.1105009._title,Selesaikan Live sebanyak 700 kali
mst.mission.1105009._detail,Selesaikan Live sebanyak 700 kali.
mst.mission.1105010._title,Selesaikan Live sebanyak 800 kali
mst.mission.1105010._detail,Selesaikan Live sebanyak 800 kali.
mst.mission.1105011._title,Selesaikan Live sebanyak 900 kali
mst.mission.1105011._detail,Selesaikan Live sebanyak 900 kali.
mst.mission.1105012._title,Selesaikan Live sebanyak 1000 kali
mst.mission.1105012._detail,Selesaikan Live sebanyak 1000 kali.
mst.mission.1105013._title,Selesaikan Live sebanyak 2000 kali
mst.mission.1105013._detail,Selesaikan Live sebanyak 2000 kali.
mst.mission.1105014._title,Selesaikan Live sebanyak 3000 kali
mst.mission.1105014._detail,Selesaikan Live sebanyak 3000 kali.
mst.mission.1105015._title,Selesaikan Live sebanyak 4000 kali
mst.mission.1105015._detail,Selesaikan Live sebanyak 4000 kali.
mst.mission.1105016._title,Selesaikan Live sebanyak 5000 kali
mst.mission.1105016._detail,Selesaikan Live sebanyak 5000 kali.
mst.mission.1105017._title,Selesaikan Live sebanyak 10.000 kali
mst.mission.1105017._detail,Selesaikan Live sebanyak 10.000 kali.
mst.mission.1101001._title,Naikkan Peringkat Pemain ke 10
mst.mission.1101001._detail,Naikkan peringkat pemain menjadi 10.
mst.mission.1101002._title,Naikkan Peringkat Pemain ke 20
mst.mission.1101002._detail,Naikkan peringkat pemain menjadi 20
mst.mission.1101003._title,Naikkan Peringkat Pemain ke 30
mst.mission.1101003._detail,Naikkan peringkat pemain menjadi 30.
mst.mission.1101004._title,Naikkan Peringkat Pemain ke 40
mst.mission.1101004._detail,Naikkan peringkat pemain menjadi 40.
mst.mission.1101005._title,Naikkan Peringkat Pemain ke 50
mst.mission.1101005._detail,Naikkan peringkat pemain menjadi 50.
mst.mission.1101006._title,Naikkan Peringkat Pemain ke 60
mst.mission.1101006._detail,Naikkan peringkat pemain menjadi 60.
mst.mission.1101007._title,Naikkan Peringkat Pemain ke 70
mst.mission.1101007._detail,Naikkan peringkat pemain menjadi 70.
mst.mission.1101008._title,Naikkan Peringkat Pemain ke 80
mst.mission.1101008._detail,Naikkan peringkat pemain menjadi 80.
mst.mission.1101009._title,Naikkan Peringkat Pemain ke 90
mst.mission.1101009._detail,Naikkan peringkat pemain menjadi 90.
mst.mission.1101010._title,Naikkan Peringkat Pemain ke 100
mst.mission.1101010._detail,Naikkan peringkat pemain menjadi 100
mst.mission.1101011._title,Naikkan Peringkat Pemain ke 110
mst.mission.1101011._detail,Naikkan peringkat pemain menjadi 110
mst.mission.1101012._title,Naikkan Peringkat Pemain ke 120
mst.mission.1101012._detail,Naikkan peringkat pemain menjadi 120.
mst.mission.1101013._title,Naikkan Peringkat Pemain ke 130
mst.mission.1101013._detail,Naikkan peringkat pemain menjadi 130.
mst.mission.1101014._title,Naikkan Peringkat Pemain ke 140
mst.mission.1101014._detail,Naikkan peringkat pemain menjadi 140.
mst.mission.1101015._title,Naikkan Peringkat Pemain ke 150
mst.mission.1101015._detail,Naikkan peringkat pemain menjadi 150.
mst.mission.1101016._title,Naikkan Peringkat Pemain ke 160
mst.mission.1101016._detail,Naikkan peringkat pemain menjadi 160.
mst.mission.1101017._title,Naikkan Peringkat Pemain ke 170
mst.mission.1101017._detail,Naikkan peringkat pemain menjadi 170
mst.mission.1101018._title,Naikkan Peringkat Pemain ke 180
mst.mission.1101018._detail,Naikkan peringkat pemain menjadi 180
mst.mission.1101019._title,Naikkan Peringkat Pemain ke 190
mst.mission.1101019._detail,Naikkan peringkat pemain menjadi 190.
mst.mission.1101020._title,Naikkan Peringkat Pemain ke 200
mst.mission.1101020._detail,Naikkan peringkat pemain menjadi 200
mst.mission.1101021._title,Naikkan Peringkat Pemain ke 210
mst.mission.1101021._detail,Naikkan peringkat pemain menjadi 210
mst.mission.1101022._title,Naikkan Peringkat Pemain ke 220
mst.mission.1101022._detail,Naikkan peringkat pemain menjadi 220
mst.mission.1101023._title,Naikkan Peringkat Pemain ke 230
mst.mission.1101023._detail,Naikkan peringkat pemain menjadi 230.
mst.mission.1101024._title,Naikkan Peringkat Pemain ke 240
mst.mission.1101024._detail,Naikkan peringkat pemain menjadi 240
mst.mission.1101025._title,Naikkan Peringkat Pemain ke 250
mst.mission.1101025._detail,Naikkan peringkat pemain menjadi 250.
mst.mission.1101026._title,Naikkan Peringkat Pemain ke 260
mst.mission.1101026._detail,Naikkan peringkat pemain menjadi 260.
mst.mission.1101027._title,Naikkan Peringkat Pemain ke 270
mst.mission.1101027._detail,Naikkan peringkat pemain menjadi 270.
mst.mission.1101028._title,Naikkan Peringkat Pemain ke 280
mst.mission.1101028._detail,Naikkan peringkat pemain menjadi 280
mst.mission.1101029._title,Naikkan Peringkat Pemain ke 290
mst.mission.1101029._detail,Naikkan peringkat pemain menjadi 290.
mst.mission.1101030._title,Naikkan Peringkat Pemain ke 300
mst.mission.1101030._detail,Naikkan peringkat pemain menjadi 300.
mst.mission.1114001._title,Idol level 20+
mst.mission.1114001._detail,Jadikan Idol level 20 atau lebih.
mst.mission.1114002._title,Naikkan 2 Idol ke Level 20+
mst.mission.1114002._detail,Naikkan level 2 Idol menjadi 20 atau lebih
mst.mission.1114003._title,Naikkan 3 Idol ke Level 20 atau Lebih
mst.mission.1114003._detail,Naikkan level 3 Idol hingga level 20 atau lebih
mst.mission.1114004._title,Naikkan 4 Idol ke Level 20 atau Lebih
mst.mission.1114004._detail,Naikkan level 4 Idol menjadi 20 atau lebih
mst.mission.1114005._title,Naikkan 5 Idol ke Level 20 atau Lebih
mst.mission.1114005._detail,Naikkan level 5 Idol menjadi 20 atau lebih
mst.mission.1114006._title,Naikkan 6 Idol ke Level 20 atau Lebih
mst.mission.1114006._detail,Naikkan level 6 Idol menjadi 20 atau lebih
mst.mission.1114007._title,Jadikan 7 Idol mencapai level 20 atau lebih
mst.mission.1114007._detail,Naikkan level 7 Idol menjadi 20 atau lebih
mst.mission.1114008._title,Naikkan 8 Idol ke Level 20 atau Lebih
mst.mission.1114008._detail,Naikkan level 8 Idol menjadi 20 atau lebih
mst.mission.1114009._title,Jadikan 9 Idol mencapai level 20 atau lebih
mst.mission.1114009._detail,Naikkan level 9 Idol menjadi level 20 atau lebih
mst.mission.1114010._title,Naikkan 10 Idol ke Level 20 atau Lebih
mst.mission.1114010._detail,Naikkan 10 Idol ke level 20 atau lebih
mst.mission.1114011._title,Naikkan 11 Idol ke Level 20 atau Lebih
mst.mission.1114011._detail,Naikkan 11 Idol ke level 20 atau lebih
mst.mission.1114012._title,Naikkan 12 Idol ke Level 20 atau Lebih
mst.mission.1114012._detail,Naikkan level 12 Idol menjadi level 20 atau lebih
mst.mission.1114013._title,Naikkan 13 Idol ke Level 20 atau Lebih
mst.mission.1114013._detail,Naikkan level 13 Idol menjadi level 20 atau lebih
mst.mission.1114014._title,Naikkan 14 Idol ke Level 20 atau Lebih
mst.mission.1114014._detail,Naikkan 14 Idol ke Level 20 atau Lebih
mst.mission.1114015._title,Naikkan 15 Idol ke Level 20 atau Lebih
mst.mission.1114015._detail,Naikkan level 15 Idol hingga level 20 atau lebih
mst.mission.1114016._title,Jadikan 16 Idol mencapai level 20 atau lebih
mst.mission.1114016._detail,Naikkan level 16 Idol menjadi level 20 atau lebih
mst.mission.1114017._title,Jadikan 17 Idol mencapai level 20 atau lebih
mst.mission.1114017._detail,Naikkan level 17 Idol menjadi level 20 atau lebih
mst.mission.1114018._title,Jadikan 18 Idol mencapai level 20 atau lebih
mst.mission.1114018._detail,Naikkan level 18 Idol menjadi level 20 atau lebih
mst.mission.1114019._title,Naikkan 19 Idol ke Level 20 atau Lebih
mst.mission.1114019._detail,Naikkan level 19 Idol menjadi level 20 atau lebih
mst.mission.1114020._title,Jadikan 20 Idol mencapai level 20 atau lebih
mst.mission.1114020._detail,Naikkan level 20 atau lebih untuk 20 Idol
mst.mission.1114021._title,Naikkan 21 Idol ke Level 20+
mst.mission.1114021._detail,Naikkan level 21 Idol menjadi level 20 atau lebih.
mst.mission.1114022._title,Jadikan 22 Idol mencapai level 20 atau lebih
mst.mission.1114022._detail,Naikkan level 22 Idol menjadi level 20 atau lebih.
mst.mission.1114023._title,Naikkan 23 Idol ke Level 20+
mst.mission.1114023._detail,Naikkan level 23 Idol menjadi level 20 atau lebih.
mst.mission.1114024._title,Jadikan 24 Idol mencapai level 20 atau lebih
mst.mission.1114024._detail,Naikkan level 24 Idol menjadi level 20 atau lebih.
mst.mission.1114025._title,Jadikan 25 Idol mencapai level 20 atau lebih
mst.mission.1114025._detail,Naikkan level 25 Idol menjadi level 20 atau lebih
mst.mission.1114026._title,Jadikan 26 Idol mencapai level 20 atau lebih
mst.mission.1114026._detail,Naikkan level 26 Idol menjadi level 20 atau lebih.
mst.mission.1114027._title,Jadikan 27 Idol mencapai level 20 atau lebih
mst.mission.1114027._detail,Naikkan level 27 Idol menjadi level 20 atau lebih.
mst.mission.1114028._title,Naikkan level Idol menjadi 40 atau lebih
mst.mission.1114028._detail,Naikkan level Idol hingga 40
mst.mission.1114029._title,Naikkan 2 Idol ke Level 40+
mst.mission.1114029._detail,Naikkan level 2 Idol menjadi 40 atau lebih
mst.mission.1114030._title,Naikkan 3 Idol ke Level 40 atau Lebih
mst.mission.1114030._detail,Naikkan level 3 Idol hingga level 40 atau lebih
mst.mission.1114031._title,Naikkan 4 Idol ke Level 40 atau Lebih
mst.mission.1114031._detail,Naikkan level 4 Idol menjadi 40 atau lebih
mst.mission.1114032._title,Naikkan level 5 Idol menjadi 40 atau lebih
mst.mission.1114032._detail,Naikkan level 5 Idol hingga level 40 atau lebih
mst.mission.1114033._title,Jadikan 6 Idol mencapai level 40 atau lebih
mst.mission.1114033._detail,Naikkan level 6 Idol hingga level 40 atau lebih
mst.mission.1114034._title,Jadikan 7 Idol mencapai level 40 atau lebih
mst.mission.1114034._detail,Naikkan level 7 Idol menjadi 40 atau lebih
mst.mission.1114035._title,Jadikan 8 Idol mencapai level 40 atau lebih
mst.mission.1114035._detail,Naikkan level 8 Idol menjadi 40 atau lebih
mst.mission.1114036._title,Jadikan 9 Idol mencapai level 40 atau lebih
mst.mission.1114036._detail,Naikkan level 9 Idol menjadi 40 atau lebih
mst.mission.1114037._title,Naikkan 10 Idol ke Level 40 atau Lebih
mst.mission.1114037._detail,Naikkan 10 Idol ke level 40 atau lebih.
mst.mission.1114038._title,Naikkan 11 Idol ke Level 40 atau Lebih
mst.mission.1114038._detail,Naikkan level 11 Idol menjadi level 40 atau lebih
mst.mission.1114039._title,Naikkan 12 Idol ke Level 40 atau Lebih
mst.mission.1114039._detail,Naikkan level 12 Idol menjadi level 40 atau lebih
mst.mission.1114040._title,Jadikan 13 Idol mencapai level 40 atau lebih
mst.mission.1114040._detail,Naikkan level 13 Idol menjadi 40 atau lebih
mst.mission.1114041._title,Jadikan 14 Idol mencapai level 40 atau lebih
mst.mission.1114041._detail,Naikkan level 14 Idol menjadi 40 atau lebih
mst.mission.1114042._title,Naikkan 15 Idol ke Level 40 atau Lebih
mst.mission.1114042._detail,Naikkan level 15 Idol menjadi level 40 atau lebih
mst.mission.1114043._title,Naikkan 16 Idol ke Level 40+
mst.mission.1114043._detail,Naikkan level 16 Idol hingga level 40 atau lebih.
mst.mission.1114044._title,Jadikan 17 Idol mencapai level 40 atau lebih
mst.mission.1114044._detail,Naikkan level 17 Idol menjadi level 40 atau lebih.
mst.mission.1114045._title,Naikkan 18 Idol ke Level 40 atau Lebih
mst.mission.1114045._detail,Naikkan level 18 Idol menjadi 40 atau lebih
mst.mission.1114046._title,Naikkan level 40 untuk 19 Idol
mst.mission.1114046._detail,Naikkan level 19 Idol menjadi level 40 atau lebih.
mst.mission.1114047._title,Jadikan 20 Idol mencapai level 40 atau lebih
mst.mission.1114047._detail,Naikkan level 20 Idol menjadi level 40 atau lebih
mst.mission.1114048._title,Jadikan 21 Idol mencapai level 40 atau lebih
mst.mission.1114048._detail,Naikkan level 21 Idol menjadi level 40 atau lebih
mst.mission.1114049._title,Jadikan 22 Idol mencapai level 40 atau lebih
mst.mission.1114049._detail,Naikkan level 22 Idol menjadi level 40 atau lebih.
mst.mission.1114050._title,Jadikan 23 Idol mencapai level 40 atau lebih
mst.mission.1114050._detail,Naikkan level 23 Idol menjadi level 40 atau lebih
mst.mission.1114051._title,Jadikan 24 Idol mencapai level 40 atau lebih
mst.mission.1114051._detail,Naikkan level 24 Idol menjadi level 40 atau lebih
mst.mission.1114052._title,Jadikan 25 Idol mencapai level 40 atau lebih
mst.mission.1114052._detail,Naikkan level 25 Idol menjadi level 40 atau lebih
mst.mission.1114053._title,Jadikan 26 Idol mencapai level 40 atau lebih
mst.mission.1114053._detail,Naikkan level 26 Idol menjadi level 40 atau lebih.
mst.mission.1114054._title,Jadikan 27 Idol mencapai level 40 atau lebih
mst.mission.1114054._detail,Naikkan level 27 Idol menjadi minimal level 40
mst.mission.1114055._title,Naikkan level Idol hingga 60
mst.mission.1114055._detail,Naikkan level Idol hingga 60
mst.mission.1114056._title,Naikkan 2 Idol ke Level 60 atau Lebih
mst.mission.1114056._detail,Naikkan level 2 Idol hingga level 60 atau lebih
mst.mission.1114057._title,Naikkan 3 Idol ke Level 60 atau Lebih
mst.mission.1114057._detail,Naikkan level 3 Idol hingga level 60 atau lebih
mst.mission.1114058._title,Naikkan 4 Idol ke Level 60 atau Lebih
mst.mission.1114058._detail,Naikkan level 4 Idol hingga 60 atau lebih
mst.mission.1114059._title,Naikkan level 60 untuk 5 Idol
mst.mission.1114059._detail,Naikkan level 5 Idol hingga level 60 atau lebih.
mst.mission.1114060._title,Jadikan 6 Idol mencapai level 60 atau lebih
mst.mission.1114060._detail,Naikkan level 6 Idol menjadi 60 atau lebih
mst.mission.1114061._title,Jadikan 7 Idol mencapai level 60 atau lebih
mst.mission.1114061._detail,Naikkan level 7 Idol menjadi 60 atau lebih
mst.mission.1114062._title,Jadikan 8 Idol mencapai level 60 atau lebih
mst.mission.1114062._detail,Naikkan level 8 Idol hingga 60
mst.mission.1114063._title,Naikkan 9 Idol ke Level 60 atau Lebih
mst.mission.1114063._detail,Naikkan level 9 Idol hingga level 60 atau lebih
mst.mission.1114064._title,Naikkan 10 Idol ke Level 60 atau Lebih
mst.mission.1114064._detail,Naikkan 10 Idol ke level 60 atau lebih.
mst.mission.1114065._title,Naikkan 11 Idol ke Level 60 atau Lebih
mst.mission.1114065._detail,Naikkan 11 Idol ke level 60 atau lebih.
mst.mission.1114066._title,Naikkan 12 Idol ke Level 60 atau Lebih
mst.mission.1114066._detail,Naikkan level 12 Idol hingga level 60 atau lebih
mst.mission.1114067._title,Jadikan 13 Idol mencapai level 60 atau lebih
mst.mission.1114067._detail,Naikkan level 13 Idol hingga level 60 atau lebih
mst.mission.1114068._title,Jadikan 14 Idol mencapai level 60 atau lebih
mst.mission.1114068._detail,Naikkan level 14 Idol hingga level 60 atau lebih
mst.mission.1114069._title,Naikkan 15 Idol ke Level 60 atau Lebih
mst.mission.1114069._detail,Naikkan level 15 Idol menjadi 60 atau lebih
mst.mission.1114070._title,Jadikan 16 Idol mencapai level 60 atau lebih
mst.mission.1114070._detail,Naikkan level 16 Idol menjadi 60 atau lebih
mst.mission.1114071._title,Jadikan 17 Idol mencapai level 60 atau lebih
mst.mission.1114071._detail,Naikkan level 17 Idol hingga level 60 atau lebih.
mst.mission.1114072._title,Naikkan Level Idol ke 60+
mst.mission.1114072._detail,Naikkan level 18 Idol hingga level 60 atau lebih.
mst.mission.1114073._title,Naikkan Level Idol ke 60+ (19)
mst.mission.1114073._detail,Naikkan level 19 Idol menjadi level 60 atau lebih.
mst.mission.1114074._title,Jadikan 20 Idol mencapai level 60 atau lebih
mst.mission.1114074._detail,Naikkan level 20 Idol menjadi level 60 atau lebih.
mst.mission.1114075._title,Jadikan 21 Idol mencapai level 60 atau lebih
mst.mission.1114075._detail,Naikkan level 21 Idol menjadi level 60 atau lebih
mst.mission.1114076._title,Jadikan 22 Idol mencapai level 60 atau lebih
mst.mission.1114076._detail,Naikkan level 22 Idol hingga level 60 atau lebih
mst.mission.1114077._title,Jadikan 23 Idol mencapai level 60 atau lebih
mst.mission.1114077._detail,Naikkan level 23 Idol menjadi level 60 atau lebih
mst.mission.1114078._title,Jadikan 24 Idol mencapai level 60 atau lebih
mst.mission.1114078._detail,Naikkan level 24 Idol hingga level 60 atau lebih
mst.mission.1114079._title,Naikkan 25 Idol ke Level 60 atau Lebih
mst.mission.1114079._detail,Naikkan level 25 Idol menjadi level 60 atau lebih
mst.mission.1114080._title,Jadikan 26 Idol mencapai level 60 atau lebih
mst.mission.1114080._detail,Jadikan 26 Idol mencapai level 60 atau lebih.
mst.mission.1114081._title,Jadikan 27 Idol mencapai level 60 atau lebih
mst.mission.1114081._detail,Naikkan level 27 Idol menjadi 60 atau lebih.
mst.mission.1114082._title,Naikkan level Idol hingga 80
mst.mission.1114082._detail,Naikkan level Idol hingga 80 atau lebih
mst.mission.1114083._title,Naikkan level 2 Idol hingga 80
mst.mission.1114083._detail,Naikkan level 2 Idol hingga 80 atau lebih
mst.mission.1114084._title,Naikkan 3 Idol ke Level 80 atau Lebih
mst.mission.1114084._detail,Naikkan level 3 Idol hingga 80 atau lebih
mst.mission.1114085._title,Naikkan 4 Idol ke Level 80 atau Lebih
mst.mission.1114085._detail,Naikkan level 4 Idol hingga 80 atau lebih
mst.mission.1114086._title,Naikkan level 5 Idol menjadi 80 atau lebih
mst.mission.1114086._detail,Naikkan level 5 Idol hingga 80 atau lebih
mst.mission.1114087._title,Naikkan level 6 Idol menjadi 80 atau lebih
mst.mission.1114087._detail,Naikkan level 6 Idol hingga 80 atau lebih
mst.mission.1114088._title,Jadikan 7 Idol mencapai level 80 atau lebih
mst.mission.1114088._detail,Naikkan level 7 Idol menjadi 80 atau lebih.
mst.mission.1114089._title,Naikkan level 8 Idol menjadi 80 atau lebih
mst.mission.1114089._detail,Naikkan level 8 Idol menjadi 80 atau lebih
mst.mission.1114090._title,Naikkan level 9 Idol menjadi 80 atau lebih
mst.mission.1114090._detail,Jadikan 9 Idol mencapai level 80 atau lebih.
mst.mission.1114091._title,Naikkan 10 Idol ke Level 80 atau Lebih
mst.mission.1114091._detail,Naikkan level 10 Idol hingga level 80 atau lebih
mst.mission.1114092._title,Naikkan 11 Idol ke Level 80 atau Lebih
mst.mission.1114092._detail,Naikkan level 11 Idol hingga level 80 atau lebih
mst.mission.1114093._title,Naikkan 12 Idol ke Level 80 atau Lebih
mst.mission.1114093._detail,Naikkan level 12 Idol hingga level 80 atau lebih
mst.mission.1114094._title,Jadikan 13 Idol mencapai level 80 atau lebih
mst.mission.1114094._detail,Naikkan level 13 Idol hingga 80 atau lebih
mst.mission.1114095._title,Jadikan 14 Idol mencapai level 80 atau lebih
mst.mission.1114095._detail,Naikkan level 14 Idol hingga 80 atau lebih
mst.mission.1114096._title,Naikkan 15 Idol ke Level 80 atau Lebih
mst.mission.1114096._detail,Naikkan level 15 Idol hingga level 80 atau lebih
mst.mission.1114097._title,Naikkan 16 Idol ke Level 80 atau Lebih
mst.mission.1114097._detail,Naikkan level 16 Idol hingga 80 atau lebih
mst.mission.1114098._title,Jadikan 17 Idol mencapai level 80 atau lebih
mst.mission.1114098._detail,Naikkan level 17 Idol hingga level 80 atau lebih
mst.mission.1114099._title,Jadikan 18 Idol mencapai level 80 atau lebih
mst.mission.1114099._detail,Naikkan level 18 Idol hingga 80 atau lebih
mst.mission.1114100._title,Naikkan level 19 Idol menjadi 80 atau lebih
mst.mission.1114100._detail,Naikkan level 19 Idol menjadi 80 atau lebih
mst.mission.1114101._title,Naikkan 20 Idol ke Level 80 atau Lebih
mst.mission.1114101._detail,Naikkan level 20 Idol hingga level 80 atau lebih
mst.mission.1114102._title,Jadikan 21 Idol mencapai level 80 atau lebih
mst.mission.1114102._detail,Naikkan level 21 Idol menjadi level 80 atau lebih
mst.mission.1114103._title,Jadikan 22 Idol mencapai level 80 atau lebih
mst.mission.1114103._detail,Naikkan level 22 Idol hingga level 80 atau lebih
mst.mission.1114104._title,Naikkan 23 Idol ke Level 80 atau Lebih
mst.mission.1114104._detail,Naikkan level 23 Idol hingga level 80 atau lebih
mst.mission.1114105._title,Jadikan 24 Idol mencapai level 80 atau lebih
mst.mission.1114105._detail,Naikkan level 24 Idol menjadi level 80 atau lebih
mst.mission.1114106._title,Jadikan 25 Idol mencapai level 80 atau lebih
mst.mission.1114106._detail,Naikkan level 25 Idol menjadi level 80 atau lebih
mst.mission.1114107._title,Jadikan 26 Idol mencapai level 80 atau lebih
mst.mission.1114107._detail,Naikkan level 26 Idol menjadi 80 atau lebih.
mst.mission.1114108._title,Jadikan 27 Idol mencapai level 80 atau lebih
mst.mission.1114108._detail,Naikkan level 27 Idol menjadi 80 atau lebih.
mst.mission.1114109._title,Naikkan Level Idol ke 100 atau Lebih
mst.mission.1114109._detail,Naikkan level Idol hingga 100 atau lebih
mst.mission.1114110._title,Naikkan level 2 Idol menjadi 100 atau lebih
mst.mission.1114110._detail,Naikkan level 2 Idol hingga 100 atau lebih
mst.mission.1114111._title,Naikkan 3 Idol ke Level 100 atau Lebih
mst.mission.1114111._detail,Naikkan level 3 Idol hingga 100 atau lebih
mst.mission.1114112._title,Naikkan level 4 Idol menjadi 100 atau lebih
mst.mission.1114112._detail,Naikkan level 4 Idol hingga 100 atau lebih
mst.mission.1114113._title,Naikkan level 5 Idol menjadi 100 atau lebih
mst.mission.1114113._detail,Naikkan level 5 Idol hingga 100 atau lebih
mst.mission.1114114._title,Naikkan level 6 Idol hingga 100 atau lebih
mst.mission.1114114._detail,Naikkan level 6 Idol hingga 100 atau lebih.
mst.mission.1114115._title,Jadikan 7 Idol mencapai level 100 atau lebih
mst.mission.1114115._detail,Jadikan 7 Idol mencapai level 100 atau lebih.
mst.mission.1114116._title,Jadikan 8 Idol mencapai level 100 atau lebih
mst.mission.1114116._detail,Naikkan level 8 Idol hingga 100 atau lebih.
mst.mission.1114117._title,Naikkan level 9 Idol menjadi 100 atau lebih
mst.mission.1114117._detail,Naikkan level 9 Idol hingga 100 atau lebih
mst.mission.1114118._title,Naikkan 10 Idol ke Level 100 atau Lebih
mst.mission.1114118._detail,Naikkan 10 Idol ke Level 100 atau lebih
mst.mission.1114119._title,Naikkan 11 Idol ke Level 100+
mst.mission.1114119._detail,Naikkan 11 Idol ke level 100 atau lebih.
mst.mission.1114120._title,Naikkan 12 Idol ke Level 100 atau Lebih
mst.mission.1114120._detail,Naikkan 12 Idol ke Level 100 atau Lebih
mst.mission.1114121._title,Naikkan 13 Idol ke Level 100+
mst.mission.1114121._detail,Naikkan level 13 Idol hingga 100 atau lebih
mst.mission.1114122._title,Naikkan 14 Idol ke Level 100+
mst.mission.1114122._detail,Naikkan 14 Idol ke Level 100 atau lebih
mst.mission.1114123._title,Naikkan 15 Idol ke Level 100+
mst.mission.1114123._detail,Naikkan 15 Idol ke Level 100 atau lebih
mst.mission.1114124._title,Naikkan 16 Idol ke Level 100+
mst.mission.1114124._detail,Naikkan 16 Idol ke Level 100 atau lebih
mst.mission.1114125._title,Naikkan 17 Idol ke Level 100+
mst.mission.1114125._detail,Jadikan 17 Idol mencapai level 100 atau lebih
mst.mission.1114126._title,Naikkan 18 Idol ke Level 100+
mst.mission.1114126._detail,Naikkan level 18 Idol hingga 100 atau lebih
mst.mission.1114127._title,Naikkan 19 Idol ke Level 100+
mst.mission.1114127._detail,Naikkan level 19 Idol hingga 100 atau lebih
mst.mission.1114128._title,Jadikan 20 Idol mencapai level 100 atau lebih
mst.mission.1114128._detail,Naikkan level semua Idol hingga 100
mst.mission.1114129._title,Jadikan 21 Idol mencapai level 100 atau lebih
mst.mission.1114129._detail,Jadikan 21 Idol mencapai level 100 atau lebih
mst.mission.1114130._title,Naikkan 22 Idol ke Level 100+
mst.mission.1114130._detail,Naikkan level 22 Idol hingga 100 atau lebih
mst.mission.1114131._title,Naikkan 23 Idol ke Level 100+
mst.mission.1114131._detail,Jadikan 23 Idol mencapai level 100 atau lebih
mst.mission.1114132._title,Naikkan 24 Idol ke Level 100+
mst.mission.1114132._detail,Naikkan level 24 Idol hingga 100 atau lebih
mst.mission.1114133._title,Naikkan 25 Idol ke Level 100+
mst.mission.1114133._detail,Naikkan level 25 Idol hingga 100 atau lebih
mst.mission.1114134._title,Naikkan 26 Idol ke Level 100+
mst.mission.1114134._detail,Naikkan level 26 Idol hingga 100 atau lebih.
mst.mission.1114135._title,Jadikan 27 Idol mencapai level 100 atau lebih
mst.mission.1114135._detail,Kumpulkan 27 Idol hingga level 100 atau lebih.
mst.mission.1112001._title,Kumpulkan 30 Idol
mst.mission.1112001._detail,Kumpulkan 30 Idol
mst.mission.1112002._title,Kumpulkan Idol
mst.mission.1112002._detail,Kumpulkan 40 Idol
mst.mission.1112003._title,Kumpulkan 50 Idol
mst.mission.1112003._detail,Kumpulkan 50 Idol
mst.mission.1112004._title,Kumpulkan 60 Idol
mst.mission.1112004._detail,Kumpulkan 60 Idol
mst.mission.1112005._title,Kumpulkan 70 Idol
mst.mission.1112005._detail,Kumpulkan 70 Idol
mst.mission.1112006._title,Kumpulkan 80 Idol
mst.mission.1112006._detail,Kumpulkan 80 Idol
mst.mission.1112007._title,Kumpulkan 90 Idol
mst.mission.1112007._detail,Kumpulkan 90 Idol
mst.mission.1112008._title,Kumpulkan 100 Idol
mst.mission.1112008._detail,Kumpulkan 100 Idol
mst.mission.1112009._title,Kumpulkan 110 Idol
mst.mission.1112009._detail,Kumpulkan 110 Idol
mst.mission.1112010._title,Kumpulkan 120 Idol
mst.mission.1112010._detail,Kumpulkan 120 Idol
mst.mission.1112011._title,Kumpulkan 130 Idol
mst.mission.1112011._detail,Kumpulkan 130 Idol
mst.mission.1112012._title,Kumpulkan 140 Idol
mst.mission.1112012._detail,Kumpulkan 140 Idol
mst.mission.1112013._title,Kumpulkan 150 Idol
mst.mission.1112013._detail,Kumpulkan 150 Idol
mst.mission.1112014._title,Kumpulkan 160 Idol
mst.mission.1112014._detail,Kumpulkan 160 Idol
mst.mission.1112015._title,Kumpulkan 170 Idol
mst.mission.1112015._detail,Kumpulkan 170 Idol
mst.mission.1112016._title,Kumpulkan 180 Idol
mst.mission.1112016._detail,Kumpulkan 180 Idol
mst.mission.1112017._title,Kumpulkan 190 Idol
mst.mission.1112017._detail,Kumpulkan 190 Idol
mst.mission.1112018._title,Kumpulkan 200 Idol
mst.mission.1112018._detail,Kumpulkan 200 Idol
mst.mission.1112019._title,Kumpulkan 210 Idol
mst.mission.1112019._detail,Kumpulkan 210 Idol
mst.mission.1112020._title,Kumpulkan 220 Idol
mst.mission.1112020._detail,Kumpulkan 220 Idol
mst.mission.1112021._title,Kumpulkan 230 Idol
mst.mission.1112021._detail,Kumpulkan 230 Idol
mst.mission.1112022._title,Kumpulkan 240 Idol
mst.mission.1112022._detail,Kumpulkan 240 Idol
mst.mission.1112023._title,Kumpulkan 250 Idol
mst.mission.1112023._detail,Kumpulkan 250 Idol
mst.mission.1112024._title,Kumpulkan 260 Idol
mst.mission.1112024._detail,Kumpulkan 260 Idol
mst.mission.1112025._title,Kumpulkan 270 Idol
mst.mission.1112025._detail,Kumpulkan 270 Idol
mst.mission.1112026._title,Kumpulkan 280 Idol
mst.mission.1112026._detail,Kumpulkan 280 Idol
mst.mission.1112027._title,Kumpulkan 290 Idol
mst.mission.1112027._detail,Kumpulkan 290 Idol
mst.mission.1112028._title,Kumpulkan 300 Idol
mst.mission.1112028._detail,Kumpulkan 300 Idol
mst.mission.1112029._title,Kumpulkan 310 Idol
mst.mission.1112029._detail,Kumpulkan 310 Idol
mst.mission.1112030._title,Kumpulkan 320 Idol
mst.mission.1112030._detail,Kumpulkan 320 Idol
mst.mission.1112031._title,Kumpulkan 330 Idol
mst.mission.1112031._detail,Kumpulkan 330 Idol
mst.mission.1112032._title,Kumpulkan 340 Idol
mst.mission.1112032._detail,Kumpulkan 340 Idol
mst.mission.1112033._title,Kumpulkan 350 Idol
mst.mission.1112033._detail,Kumpulkan 350 Idol
mst.mission.1121001._title,Kumpulkan 500.000 G
mst.mission.1121001._detail,Dapatkan 500000 G
mst.mission.1121002._title,Dapatkan 1.000.000 G
mst.mission.1121002._detail,Dapatkan total 1.000.000 G.
mst.mission.1121003._title,Dapatkan 2.000.000 G
mst.mission.1121003._detail,Dapatkan total 2.000.000 G.
mst.mission.1121004._title,Dapatkan 3.000.000 G
mst.mission.1121004._detail,Dapatkan total 3.000.000 G.
mst.mission.1121005._title,Dapatkan 4.000.000 G
mst.mission.1121005._detail,Dapatkan total 4.000.000 G.
mst.mission.1121006._title,Dapatkan 5.000.000 G
mst.mission.1121006._detail,Dapatkan total 5.000.000 G.
mst.mission.1121007._title,Dapatkan 6.000.000 G
mst.mission.1121007._detail,Dapatkan total 6.000.000 G.
mst.mission.1121008._title,Dapatkan 7.000.000 G
mst.mission.1121008._detail,Dapatkan total 7.000.000 G.
mst.mission.1121009._title,Dapatkan 8.000.000 G
mst.mission.1121009._detail,Dapatkan total 8.000.000 G.
mst.mission.1121010._title,Dapatkan 9.000.000 G
mst.mission.1121010._detail,Dapatkan total 9.000.000 G.
mst.mission.1121011._title,Dapatkan 10.000.000 G
mst.mission.1121011._detail,Dapatkan total 10.000.000 G.
mst.mission.1121012._title,Dapatkan 20.000.000 G
mst.mission.1121012._detail,Dapatkan total 20.000.000 G.
mst.mission.1121013._title,Dapatkan 30.000.000 G
mst.mission.1121013._detail,Dapatkan total 30.000.000 G.
mst.mission.1121014._title,Dapatkan 40.000.000 G
mst.mission.1121014._detail,Dapatkan total 40.000.000 G.
mst.mission.1121015._title,Dapatkan 50.000.000 G
mst.mission.1121015._detail,Dapatkan total 50.000.000 G.
mst.mission.1121016._title,Dapatkan 60.000.000 G
mst.mission.1121016._detail,Dapatkan 60.000.000 G secara kumulatif
mst.mission.1121017._title,Dapatkan 70.000.000 G
mst.mission.1121017._detail,Dapatkan total 70.000.000 G.
mst.mission.1121018._title,Dapatkan 85.000.000 G
mst.mission.1121018._detail,Dapatkan total 85.000.000 G.
mst.mission.1121019._title,Dapatkan 100.000.000 G!
mst.mission.1121019._detail,Dapatkan total 100.000.000 G.
mst.mission.1158001._title,Tingkatkan Afeksi dengan Hosaka Honoka hingga 1500 atau lebih.
mst.mission.1158001._detail,Tingkatkan Afeksi dengan 『N』 hingga 1500
mst.mission.1158002._title,Tingkatkan Afeksi dengan Ayanase ERI hingga 1500
mst.mission.1158002._detail,Tingkatkan Afeksi dengan 『N』 hingga 1500
mst.mission.1158003._title,Tingkatkan Afeksi dengan Minami Kotori hingga 1500
mst.mission.1158003._detail,Tingkatkan Afeksi dengan 『N』 hingga 1500
mst.mission.1158004._title,Tingkatkan Afeksi dengan Sonoda Umi hingga 1500
mst.mission.1158004._detail,Tingkatkan Afeksi dengan 『N』 hingga 1500
mst.mission.1158005._title,Tingkatkan Afeksi dengan Hoshizora Rin hingga 1500
mst.mission.1158005._detail,Tingkatkan Afeksi dengan 『N』 hingga 1500
mst.mission.1158006._title,Tingkatkan Afeksi dengan Nishikino Maki hingga 1500
mst.mission.1158006._detail,Tingkatkan Afeksi dengan 『N』 hingga 1500
mst.mission.1158007._title,Tingkatkan Afeksi dengan Tojo Nozomi hingga 1500
mst.mission.1158007._detail,Tingkatkan Afeksi dengan 『N』 hingga 1500
mst.mission.1158008._title,Tingkatkan Afeksi dengan Koizumi Hanayo hingga 1500
mst.mission.1158008._detail,Tingkatkan Afeksi dengan 『N』 hingga 1500
mst.mission.1158009._title,Tingkatkan Afeksi dengan Yazawa Nico hingga 1500
mst.mission.1158009._detail,Tingkatkan Afeksi dengan 『N』 hingga 1500
mst.mission.1158010._title,Tingkatkan Afeksi dengan hingga 1500 atau lebih
mst.mission.1158010._detail,Tingkatkan Afeksi dengan 『N』 hingga 1500
mst.mission.1158011._title,Tingkatkan Afeksi dengan Sakurae Riko hingga 1500
mst.mission.1158011._detail,Tingkatkan Afeksi dengan 『N』 hingga 1500
mst.mission.1158012._title,Tingkatkan Afeksi dengan Matsuura Kanon hingga 1500
mst.mission.1158012._detail,Tingkatkan Afeksi dengan 『N』 hingga 1500
mst.mission.1158013._title,Tingkatkan Afeksi dengan Kurozawa Dia hingga 1500
mst.mission.1158013._detail,Tingkatkan Afeksi dengan 『N』 hingga 1500
mst.mission.1158014._title,Tingkatkan Afeksi dengan Watanabe You hingga 1500
mst.mission.1158014._detail,Tingkatkan Afeksi dengan 『N』 hingga 1500
mst.mission.1158015._title,Tingkatkan Afeksi dengan Tushima Yoshiko hingga 1500
mst.mission.1158015._detail,Tingkatkan Afeksi dengan 『N』 hingga 1500
mst.mission.1158016._title,Tingkatkan Afeksi dengan Kunikida Hanaru hingga 1500
mst.mission.1158016._detail,Tingkatkan Afeksi dengan 『N』 hingga 1500
mst.mission.1158017._title,Tingkatkan Afeksi dengan hingga 1500 atau lebih
mst.mission.1158017._detail,Tingkatkan Afeksi dengan 『N』 hingga 1500
mst.mission.1158018._title,Tingkatkan Afeksi dengan Kurosawa Ruby hingga 1500
mst.mission.1158018._detail,Tingkatkan Afeksi dengan 『N』 hingga 1500
mst.mission.1158019._title,Tingkatkan Afeksi dengan hingga 1500
mst.mission.1158019._detail,Tingkatkan Afeksi dengan 『N』 hingga 1500
mst.mission.1158020._title,Tingkatkan Afeksi dengan hingga 1500
mst.mission.1158020._detail,Tingkatkan Afeksi dengan 『N』 hingga 1500
mst.mission.1158021._title,Tingkatkan Afeksi dengan Sakurazaka Shizuku hingga 1500
mst.mission.1158021._detail,Tingkatkan Afeksi dengan 『N』 hingga 1500
mst.mission.1158022._title,Tingkatkan Afeksi dengan Asuka Karin hingga 1500
mst.mission.1158022._detail,Tingkatkan Afeksi dengan 『N』 hingga 1500
mst.mission.1158023._title,Tingkatkan Afeksi dengan Miyashita Ai hingga 1500
mst.mission.1158023._detail,Tingkatkan Afeksi dengan 『N』 hingga 1500
mst.mission.1158024._title,Tingkatkan Afeksi dengan hingga 1500
mst.mission.1158024._detail,Tingkatkan Afeksi dengan 『N』 hingga 1500
mst.mission.1158025._title,Tingkatkan Afeksi dengan Yuuki Setsuna hingga 1500
mst.mission.1158025._detail,Tingkatkan Afeksi dengan 『N』 hingga 1500
mst.mission.1158026._title,Tingkatkan Afeksi dengan Emma Verde hingga 1500
mst.mission.1158026._detail,Tingkatkan Afeksi dengan 『N』 hingga 1500
mst.mission.1158027._title,Tingkatkan Afeksi dengan Tennoji Rina hingga 1500
mst.mission.1158027._detail,Tingkatkan Afeksi dengan 『N』 hingga 1500
mst.mission.1158028._title,Tingkatkan Afeksi dengan Mibu Shizuko hingga 1500
mst.mission.1158028._detail,Tingkatkan Afeksi dengan 『N』 hingga 1500
mst.mission.1158029._title,Tingkatkan Afeksi dengan Mia Taylor hingga 1500
mst.mission.1158029._detail,Tingkatkan Afeksi dengan 『N』 hingga 1500
mst.mission.1158030._title,Tingkatkan Afeksi dengan Zhong Lanzhu hingga 1500
mst.mission.1158030._detail,Tingkatkan Afeksi dengan 『N』 hingga 1500
mst.mission.1158031._title,Tingkatkan Afeksi dengan Shirokawa Kanon hingga 1500
mst.mission.1158031._detail,Tingkatkan Afeksi dengan 『N』 hingga 1500
mst.mission.1158032._title,Tingkatkan Afeksi dengan Tang Keke hingga 1500
mst.mission.1158032._detail,Tingkatkan Afeksi dengan 『N』 hingga 1500
mst.mission.1158033._title,Tingkatkan Afeksi dengan Arashi Chisato hingga 1500
mst.mission.1158033._detail,Tingkatkan Afeksi dengan 『N』 hingga 1500
mst.mission.1158034._title,Tingkatkan Afeksi dengan Heianama Sumire hingga 1500
mst.mission.1158034._detail,Tingkatkan Afeksi dengan 『N』 hingga 1500
mst.mission.1158035._title,Tingkatkan Afeksi dengan Hazuki Koi hingga 1500
mst.mission.1158035._detail,Tingkatkan Afeksi dengan 『N』 hingga 1500
mst.mission.1158036._title,Tingkatkan Afeksi dengan Sakura Kojiro hingga 1500
mst.mission.1158036._detail,Tingkatkan Afeksi dengan 『N』 hingga 1500
mst.mission.1158037._title,Tingkatkan Afeksi dengan May Hime hingga 1500
mst.mission.1158037._detail,Tingkatkan Afeksi dengan 『N』 hingga 1500
mst.mission.1158038._title,Tingkatkan Afeksi dengan Wakana Shiki hingga 1500
mst.mission.1158038._detail,Tingkatkan Afeksi dengan 『N』 hingga 1500
mst.mission.1158039._title,Tingkatkan Afeksi dengan Onizuka Natsumi hingga 1500
mst.mission.1158039._detail,Tingkatkan Afeksi dengan 『N』 hingga 1500
mst.mission.1158040._title,Tingkatkan Afeksi dengan Hosaka Honoka hingga 15000
mst.mission.1158040._detail,Tingkatkan Afeksi 『N』 hingga 15000
mst.mission.1158041._title,Tingkatkan Afeksi dengan Ayanase ERI hingga 15000
mst.mission.1158041._detail,Tingkatkan Afeksi 『N』 hingga 15000
mst.mission.1158042._title,Tingkatkan Afeksi dengan Minami Kotori hingga 15000
mst.mission.1158042._detail,Tingkatkan Afeksi 『N』 hingga 15000
mst.mission.1158043._title,Tingkatkan Afeksi dengan Sonoda Umi hingga 15000
mst.mission.1158043._detail,Tingkatkan Afeksi 『N』 hingga 15000
mst.mission.1158044._title,Tingkatkan Afeksi dengan Hoshizora Rin hingga 15000
mst.mission.1158044._detail,Tingkatkan Afeksi 『N』 hingga 15000
mst.mission.1158045._title,Tingkatkan Afeksi dengan Nishikino Maki hingga 15000
mst.mission.1158045._detail,Tingkatkan Afeksi 『N』 hingga 15000
mst.mission.1158046._title,Tingkatkan Afeksi dengan Tojo Nozomi hingga 15000
mst.mission.1158046._detail,Tingkatkan Afeksi 『N』 hingga 15000
mst.mission.1158047._title,Tingkatkan Afeksi dengan Koizumi Hanayo hingga 15000
mst.mission.1158047._detail,Tingkatkan Afeksi 『N』 hingga 15000
mst.mission.1158048._title,Tingkatkan Afeksi dengan Yazawa Nico hingga 15000
mst.mission.1158048._detail,Tingkatkan Afeksi 『N』 hingga 15000
mst.mission.1158049._title,Tingkatkan Afeksi dengan hingga 15000
mst.mission.1158049._detail,Tingkatkan Afeksi 『N』 hingga 15000
mst.mission.1158050._title,Tingkatkan Afeksi dengan Sakura Urariko hingga 15000
mst.mission.1158050._detail,Tingkatkan Afeksi 『N』 hingga 15000
mst.mission.1158051._title,Tingkatkan Afeksi dengan Matsuura Kanon hingga 15000
mst.mission.1158051._detail,Tingkatkan Afeksi 『N』 hingga 15000
mst.mission.1158052._title,Tingkatkan Afeksi dengan Kurozawa Dia hingga 15000
mst.mission.1158052._detail,Tingkatkan Afeksi 『N』 hingga 15000
mst.mission.1158053._title,Tingkatkan Afeksi dengan Watanabe You hingga 15000
mst.mission.1158053._detail,Tingkatkan Afeksi 『N』 hingga 15000
mst.mission.1158054._title,Tingkatkan Afeksi dengan Tushima Yoshiko hingga 15000
mst.mission.1158054._detail,Tingkatkan Afeksi 『N』 hingga 15000
mst.mission.1158055._title,Tingkatkan Afeksi dengan Kunikida Hanayo hingga 15000
mst.mission.1158055._detail,Tingkatkan Afeksi 『N』 hingga 15000
mst.mission.1158056._title,Tingkatkan Afeksi dengan hingga 15000
mst.mission.1158056._detail,Tingkatkan Afeksi 『N』 hingga 15000
mst.mission.1158057._title,Tingkatkan Afeksi dengan Kurosawa Ruby hingga 15000
mst.mission.1158057._detail,Tingkatkan Afeksi 『N』 hingga 15000
mst.mission.1158058._title,Tingkatkan Afeksi dengan Uehara Ayumu hingga 15000
mst.mission.1158058._detail,Tingkatkan Afeksi 『N』 hingga 15000
mst.mission.1158059._title,Tingkatkan Afeksi dengan hingga 15000
mst.mission.1158059._detail,Tingkatkan Afeksi 『N』 hingga 15000
mst.mission.1158060._title,Tingkatkan Afeksi dengan Sakurazaka Shizuku hingga 15000
mst.mission.1158060._detail,Tingkatkan Afeksi 『N』 hingga 15000
mst.mission.1158061._title,Tingkatkan Afeksi dengan Asaka Karin hingga 15000
mst.mission.1158061._detail,Tingkatkan Afeksi 『N』 hingga 15000
mst.mission.1158062._title,Tingkatkan Afeksi dengan Miyashita Ai hingga 15000
mst.mission.1158062._detail,Tingkatkan Afeksi 『N』 hingga 15000
mst.mission.1158063._title,Tingkatkan Afeksi dengan hingga 15000
mst.mission.1158063._detail,Tingkatkan Afeksi 『N』 hingga 15000
mst.mission.1158064._title,Tingkatkan Afeksi dengan Yuuki Setsuna hingga 15000
mst.mission.1158064._detail,Tingkatkan Afeksi 『N』 hingga 15000
mst.mission.1158065._title,Tingkatkan Afeksi dengan Emma Verde hingga 15000
mst.mission.1158065._detail,Tingkatkan Afeksi 『N』 hingga 15000
mst.mission.1158066._title,Tingkatkan Afeksi dengan Tennoji Rina hingga 15000
mst.mission.1158066._detail,Tingkatkan Afeksi 『N』 hingga 15000
mst.mission.1158067._title,Tingkatkan Afeksi dengan Mibu Shizuko hingga 15000
mst.mission.1158067._detail,Tingkatkan Afeksi 『N』 hingga 15000
mst.mission.1158068._title,Tingkatkan Afeksi dengan Mia Taylor hingga 15000
mst.mission.1158068._detail,Tingkatkan Afeksi 『N』 hingga 15000
mst.mission.1158069._title,Tingkatkan Afeksi dengan Zhong Lanzhu hingga 15000
mst.mission.1158069._detail,Tingkatkan Afeksi 『N』 hingga 15000
mst.mission.1158070._title,Tingkatkan Afeksi dengan Shirokawa Kanon hingga 15000
mst.mission.1158070._detail,Tingkatkan Afeksi 『N』 hingga 15000
mst.mission.1158071._title,Tingkatkan Afeksi dengan Tang Keke hingga 15000
mst.mission.1158071._detail,Tingkatkan Afeksi 『N』 hingga 15000
mst.mission.1158072._title,Tingkatkan Afeksi dengan Arashi Chisato hingga 15000
mst.mission.1158072._detail,Tingkatkan Afeksi 『N』 hingga 15000
mst.mission.1158073._title,Tingkatkan Afeksi dengan Heianama Sumire hingga 15000
mst.mission.1158073._detail,Tingkatkan Afeksi 『N』 hingga 15000
mst.mission.1158074._title,Tingkatkan Afeksi dengan Hazuki Koi hingga 15000
mst.mission.1158074._detail,Tingkatkan Afeksi 『N』 hingga 15000
mst.mission.1158075._title,Tingkatkan Afeksi dengan Sakura Kojiro hingga 15000
mst.mission.1158075._detail,Tingkatkan Afeksi 『N』 hingga 15000
mst.mission.1158076._title,Tingkatkan Afeksi dengan May Yone ke 15000 atau lebih
mst.mission.1158076._detail,Tingkatkan Afeksi 『N』 hingga 15000
mst.mission.1158077._title,Tingkatkan Afeksi dengan Wakana Shiki hingga 15000
mst.mission.1158077._detail,Tingkatkan Afeksi 『N』 hingga 15000
mst.mission.1158078._title,Tingkatkan Afeksi dengan Onitsuka Natsumi hingga 15000
mst.mission.1158078._detail,Tingkatkan Afeksi 『N』 hingga 15000
mst.mission.1158079._title,Tingkatkan Afeksi dengan Wien Margarete hingga 1500
mst.mission.1158079._detail,Tingkatkan Afeksi dengan 『N』 hingga 1500
mst.mission.1158080._title,Tingkatkan Afeksi dengan Onizuka Tomari hingga 1500
mst.mission.1158080._detail,Tingkatkan Afeksi dengan 『N』 hingga 1500
mst.mission.1158081._title,Tingkatkan Afeksi dengan Wien Margarete hingga 15000
mst.mission.1158081._detail,Tingkatkan Afeksi 『N』 hingga 15000
mst.mission.1158082._title,Tingkatkan Afeksi dengan Onizuka Tomari hingga 15000
mst.mission.1158082._detail,Tingkatkan Afeksi 『N』 hingga 15000
mst.mission.1176001._title,Raih FULL COMBO
mst.mission.1176001._detail,Capai Full Combo di Live dengan kesulitan NORMAL atau lebih tinggi.
mst.mission.1177001._title,Raih ALL PERFECT
mst.mission.1177002._title,Raih ALL PERFECT di MASTER
mst.mission.1169001._title,Baca 50 jenis chat.
mst.mission.1169001._detail,Capai ALL PERFECT sebanyak 50 kali pada kesulitan 0 atau lebih.
mst.mission.1176002._title,Capai 100 FULL COMBO
mst.mission.1176002._detail,Capai 100 Full Combo di Live dengan kesulitan NORMAL atau lebih tinggi
mst.mission.1176003._title,Raih 200 FULL COMBO
mst.mission.1176003._detail,Lakukan 200 Full Combo di Live dengan kesulitan NORMAL atau lebih tinggi.
mst.mission.1176004._title,Capai 300 FULL COMBO
mst.mission.1176004._detail,Lakukan 300 Full Combo di Live dengan kesulitan NORMAL atau lebih tinggi.
mst.mission.1176005._title,Capai 400 FULL COMBO
mst.mission.1176005._detail,Lakukan 400 Full Combo di Live dengan kesulitan NORMAL atau lebih tinggi.
mst.mission.1176006._title,Raih 500 FULL COMBO
mst.mission.1176006._detail,Lakukan 500 Full Combo di Live dengan kesulitan NORMAL atau lebih tinggi.
mst.mission.2151001._title,Dapatkan Idol “Anda yang Kuperhatikan”
mst.mission.2151001._detail,Dapatkan Idol “Menatapmu”.
mst.mission.2151002._title,Dapatkan Idol “Kencan Dewasa ♡”
mst.mission.2151002._detail,Dapatkan Idol “Kencan Dewasa ♡”
mst.mission.2151003._title,Dapatkan Idol “Berpose Menggoda”
mst.mission.2151003._detail,Dapatkan Idol “Berpose Menggoda”!
mst.mission.2151004._title,Dapatkan Idol “Mencari Cinta Istimewa”
mst.mission.2151004._detail,Dapatkan Idol “Mencari Cinta Sejati”
mst.mission.2151005._title,Dapatkan Idol “Menikmati Bersama”
mst.mission.2151005._detail,Dapatkan Idol “Menikmati Bersama”!
mst.mission.2151006._title,Dapatkan Idol “Selalu Memikirkanmu”
mst.mission.2151006._detail,Dapatkan Idol “Selalu Tentangmu”
mst.mission.2151007._title,Dapatkan Idol “Cinta untuk Semua”
mst.mission.2151007._detail,Dapatkan Idol “Cinta untuk Semua”!
mst.mission.2151008._title,Dapatkan Idol “Kamu di dalam Ingatan”
mst.mission.2151008._detail,Dapatkan Idol “Kamu di dalam Ingatan”.
mst.mission.2151009._title,Dapatkan Idol “Untukmu yang Tersayang”
mst.mission.2151009._detail,Dapatkan Idol “Untukmu yang Berharga”
mst.mission.2151010._title,Dapatkan Idol “Tanda Tanganku”
mst.mission.2151010._detail,Dapatkan Idol “My Mark”
mst.mission.2151011._title,Dapatkan Idol “Perasaan Berdebar”
mst.mission.2151011._detail,Dapatkan Idol “Perasaan Berdebar”
mst.mission.2151012._title,Dapatkan Idol “Mari Kita Jatuh Cinta”!
mst.mission.2151012._detail,Dapatkan Idol “Mari Berpacaran!”
mst.mission.1958001._title,Tingkatkan Afeksi
mst.mission.1958001._detail,Tingkatkan Afeksi .
mst.mission.1958002._title,Tingkatkan Afeksi hingga 1000
mst.mission.1958002._detail,Tingkatkan Afeksi 『N』 hingga 1000
mst.mission.1958003._title,Tingkatkan Afeksi 『N』 hingga 2000
mst.mission.1958003._detail,Tingkatkan Afeksi 『N』 hingga 2000 atau lebih.
mst.mission.1958004._title,Afeksi 『N』 hingga 3500+
mst.mission.1958004._detail,Tingkatkan Afeksi 『N』 hingga 3500 atau lebih.
mst.mission.1958005._title,Afeksi 『N』 hingga 5000+
mst.mission.1958005._detail,Tingkatkan Afeksi 『N』 hingga 5000 atau lebih.
mst.mission.1958006._title,Afeksi 『N』 hingga 6000
mst.mission.1958006._detail,Tingkatkan Afeksi 『N』 hingga 6000
mst.mission.1958007._title,Afeksi 『N』 hingga 7000
mst.mission.1958007._detail,Tingkatkan Afeksi 『N』 hingga 7000
mst.mission.1958008._title,Afeksi 『N』 hingga 8000
mst.mission.1958008._detail,Tingkatkan Afeksi 『N』 hingga lebih dari 8000
mst.mission.1958009._title,Afeksi 『N』 hingga 9000
mst.mission.1958009._detail,Tingkatkan Afeksi 『N』 hingga 9000
mst.mission.1958010._title,Afeksi 『N』 hingga 10000+
mst.mission.1958010._detail,Tingkatkan Afeksi 『N』 hingga 10000 atau lebih
mst.mission.1958011._title,Afeksi 『N』 hingga 11000+
mst.mission.1958011._detail,Tingkatkan Afeksi 『N』 hingga lebih dari 11000
mst.mission.1958012._title,Afeksi 『N』 hingga 12500+
mst.mission.1958012._detail,Tingkatkan Afeksi 『N』 hingga lebih dari 12500
mst.mission.1958013._title,Afeksi 『N』 hingga 13000+
mst.mission.1958013._detail,Tingkatkan Afeksi 『N』 hingga 13000
mst.mission.1958014._title,Afeksi 『N』 hingga 13500
mst.mission.1958014._detail,Tingkatkan Afeksi 『N』 hingga 13500
mst.mission.1958015._title,Tingkatkan Afeksi 『N』 hingga 15000
mst.mission.1958015._detail,Tingkatkan Afeksi 『N』 hingga 15000
mst.mission.1958016._title,Tingkatkan Afeksi
mst.mission.1958016._detail,Tingkatkan Afeksi .
mst.mission.1958017._title,Tingkatkan Afeksi hingga 1000
mst.mission.1958017._detail,Tingkatkan Afeksi 『N』 hingga 1000
mst.mission.1958018._title,Tingkatkan Afeksi 『N』 hingga 2000
mst.mission.1958018._detail,Tingkatkan Afeksi 『N』 hingga 2000 atau lebih.
mst.mission.1958019._title,Afeksi 『N』 hingga 3500+
mst.mission.1958019._detail,Tingkatkan Afeksi 『N』 hingga 3500 atau lebih.
mst.mission.1958020._title,Afeksi 『N』 hingga 5000+
mst.mission.1958020._detail,Tingkatkan Afeksi 『N』 hingga 5000 atau lebih.
mst.mission.1958021._title,Afeksi 『N』 hingga 6000
mst.mission.1958021._detail,Tingkatkan Afeksi 『N』 hingga 6000
mst.mission.1958022._title,Afeksi 『N』 hingga 7000
mst.mission.1958022._detail,Tingkatkan Afeksi 『N』 hingga 7000
mst.mission.1958023._title,Afeksi 『N』 hingga 8000
mst.mission.1958023._detail,Tingkatkan Afeksi 『N』 hingga lebih dari 8000
mst.mission.1958024._title,Afeksi 『N』 hingga 9000
mst.mission.1958024._detail,Tingkatkan Afeksi 『N』 hingga 9000
mst.mission.1958025._title,Afeksi 『N』 hingga 10000+
mst.mission.1958025._detail,Tingkatkan Afeksi 『N』 hingga 10000 atau lebih
mst.mission.1958026._title,Afeksi 『N』 hingga 11000+
mst.mission.1958026._detail,Tingkatkan Afeksi 『N』 hingga lebih dari 11000
mst.mission.1958027._title,Afeksi 『N』 hingga 12500+
mst.mission.1958027._detail,Tingkatkan Afeksi 『N』 hingga lebih dari 12500
mst.mission.1958028._title,Afeksi 『N』 hingga 13000+
mst.mission.1958028._detail,Tingkatkan Afeksi 『N』 hingga 13000
mst.mission.1958029._title,Afeksi 『N』 hingga 13500
mst.mission.1958029._detail,Tingkatkan Afeksi 『N』 hingga 13500
mst.mission.1958030._title,Tingkatkan Afeksi 『N』 hingga 15000
mst.mission.1958030._detail,Tingkatkan Afeksi 『N』 hingga 15000
mst.mission.1958031._title,Tingkatkan Afeksi
mst.mission.1958031._detail,Tingkatkan Afeksi .
mst.mission.1958032._title,Tingkatkan Afeksi hingga 1000
mst.mission.1958032._detail,Tingkatkan Afeksi 『N』 hingga 1000
mst.mission.1958033._title,Tingkatkan Afeksi 『N』 hingga 2000
mst.mission.1958033._detail,Tingkatkan Afeksi 『N』 hingga 2000 atau lebih.
mst.mission.1958034._title,Afeksi 『N』 hingga 3500+
mst.mission.1958034._detail,Tingkatkan Afeksi 『N』 hingga 3500 atau lebih.
mst.mission.1958035._title,Afeksi 『N』 hingga 5000+
mst.mission.1958035._detail,Tingkatkan Afeksi 『N』 hingga 5000 atau lebih.
mst.mission.1958036._title,Afeksi 『N』 hingga 6000
mst.mission.1958036._detail,Tingkatkan Afeksi 『N』 hingga 6000
mst.mission.1958037._title,Afeksi 『N』 hingga 7000
mst.mission.1958037._detail,Tingkatkan Afeksi 『N』 hingga 7000
mst.mission.1958038._title,Afeksi 『N』 hingga 8000
mst.mission.1958038._detail,Tingkatkan Afeksi 『N』 hingga lebih dari 8000
mst.mission.1958039._title,Afeksi 『N』 hingga 9000
mst.mission.1958039._detail,Tingkatkan Afeksi 『N』 hingga 9000
mst.mission.1958040._title,Afeksi 『N』 hingga 10000+
mst.mission.1958040._detail,Tingkatkan Afeksi 『N』 hingga 10000 atau lebih
mst.mission.1958041._title,Afeksi 『N』 hingga 11000+
mst.mission.1958041._detail,Tingkatkan Afeksi 『N』 hingga lebih dari 11000
mst.mission.1958042._title,Afeksi 『N』 hingga 12500+
mst.mission.1958042._detail,Tingkatkan Afeksi 『N』 hingga lebih dari 12500
mst.mission.1958043._title,Afeksi 『N』 hingga 13000+
mst.mission.1958043._detail,Tingkatkan Afeksi 『N』 hingga 13000
mst.mission.1958044._title,Afeksi 『N』 hingga 13500
mst.mission.1958044._detail,Tingkatkan Afeksi 『N』 hingga 13500
mst.mission.1958045._title,Tingkatkan Afeksi 『N』 hingga 15000
mst.mission.1958045._detail,Tingkatkan Afeksi 『N』 hingga 15000
mst.mission.1958046._title,Tingkatkan Afeksi
mst.mission.1958046._detail,Tingkatkan Afeksi .
mst.mission.1958047._title,Tingkatkan Afeksi hingga 1000
mst.mission.1958047._detail,Tingkatkan Afeksi 『N』 hingga 1000
mst.mission.1958048._title,Tingkatkan Afeksi 『N』 hingga 2000
mst.mission.1958048._detail,Tingkatkan Afeksi 『N』 hingga 2000 atau lebih.
mst.mission.1958049._title,Afeksi 『N』 hingga 3500+
mst.mission.1958049._detail,Tingkatkan Afeksi 『N』 hingga 3500 atau lebih.
mst.mission.1958050._title,Afeksi 『N』 hingga 5000+
mst.mission.1958050._detail,Tingkatkan Afeksi 『N』 hingga 5000 atau lebih.
mst.mission.1958051._title,Afeksi 『N』 hingga 6000
mst.mission.1958051._detail,Tingkatkan Afeksi 『N』 hingga 6000
mst.mission.1958052._title,Afeksi 『N』 hingga 7000
mst.mission.1958052._detail,Tingkatkan Afeksi 『N』 hingga 7000
mst.mission.1958053._title,Afeksi 『N』 hingga 8000
mst.mission.1958053._detail,Tingkatkan Afeksi 『N』 hingga lebih dari 8000
mst.mission.1958054._title,Afeksi 『N』 hingga 9000
mst.mission.1958054._detail,Tingkatkan Afeksi 『N』 hingga 9000
mst.mission.1958055._title,Afeksi 『N』 hingga 10000+
mst.mission.1958055._detail,Tingkatkan Afeksi 『N』 hingga 10000 atau lebih
mst.mission.1958056._title,Afeksi 『N』 hingga 11000+
mst.mission.1958056._detail,Tingkatkan Afeksi 『N』 hingga lebih dari 11000
mst.mission.1958057._title,Afeksi 『N』 hingga 12500+
mst.mission.1958057._detail,Tingkatkan Afeksi 『N』 hingga lebih dari 12500
mst.mission.1958058._title,Afeksi 『N』 hingga 13000+
mst.mission.1958058._detail,Tingkatkan Afeksi 『N』 hingga 13000
mst.mission.1958059._title,Afeksi 『N』 hingga 13500
mst.mission.1958059._detail,Tingkatkan Afeksi 『N』 hingga 13500
mst.mission.1958060._title,Tingkatkan Afeksi 『N』 hingga 15000
mst.mission.1958060._detail,Tingkatkan Afeksi 『N』 hingga 15000
mst.mission.1958061._title,Tingkatkan Afeksi
mst.mission.1958061._detail,Tingkatkan Afeksi .
mst.mission.1958062._title,Tingkatkan Afeksi hingga 1000
mst.mission.1958062._detail,Tingkatkan Afeksi 『N』 hingga 1000
mst.mission.1958063._title,Tingkatkan Afeksi 『N』 hingga 2000
mst.mission.1958063._detail,Tingkatkan Afeksi 『N』 hingga 2000 atau lebih.
mst.mission.1958064._title,Afeksi 『N』 hingga 3500+
mst.mission.1958064._detail,Tingkatkan Afeksi 『N』 hingga 3500 atau lebih.
mst.mission.1958065._title,Afeksi 『N』 hingga 5000+
mst.mission.1958065._detail,Tingkatkan Afeksi 『N』 hingga 5000 atau lebih.
mst.mission.1958066._title,Afeksi 『N』 hingga 6000
mst.mission.1958066._detail,Tingkatkan Afeksi 『N』 hingga 6000
mst.mission.1958067._title,Afeksi 『N』 hingga 7000
mst.mission.1958067._detail,Tingkatkan Afeksi 『N』 hingga 7000
mst.mission.1958068._title,Afeksi 『N』 hingga 8000
mst.mission.1958068._detail,Tingkatkan Afeksi 『N』 hingga lebih dari 8000
mst.mission.1958069._title,Afeksi 『N』 hingga 9000
mst.mission.1958069._detail,Tingkatkan Afeksi 『N』 hingga 9000
mst.mission.1958070._title,Afeksi 『N』 hingga 10000+
mst.mission.1958070._detail,Tingkatkan Afeksi 『N』 hingga 10000 atau lebih
mst.mission.1958071._title,Afeksi 『N』 hingga 11000+
mst.mission.1958071._detail,Tingkatkan Afeksi 『N』 hingga lebih dari 11000
mst.mission.1958072._title,Afeksi 『N』 hingga 12500+
mst.mission.1958072._detail,Tingkatkan Afeksi 『N』 hingga lebih dari 12500
mst.mission.1958073._title,Afeksi 『N』 hingga 13000+
mst.mission.1958073._detail,Tingkatkan Afeksi 『N』 hingga 13000
mst.mission.1958074._title,Afeksi 『N』 hingga 13500
mst.mission.1958074._detail,Tingkatkan Afeksi 『N』 hingga 13500
mst.mission.1958075._title,Tingkatkan Afeksi 『N』 hingga 15000
mst.mission.1958075._detail,Tingkatkan Afeksi 『N』 hingga 15000
mst.mission.1958076._title,Tingkatkan Afeksi
mst.mission.1958076._detail,Tingkatkan Afeksi .
mst.mission.1958077._title,Tingkatkan Afeksi hingga 1000
mst.mission.1958077._detail,Tingkatkan Afeksi 『N』 hingga 1000
mst.mission.1958078._title,Tingkatkan Afeksi 『N』 hingga 2000
mst.mission.1958078._detail,Tingkatkan Afeksi 『N』 hingga 2000 atau lebih.
mst.mission.1958079._title,Afeksi 『N』 hingga 3500+
mst.mission.1958079._detail,Tingkatkan Afeksi 『N』 hingga 3500 atau lebih.
mst.mission.1958080._title,Afeksi 『N』 hingga 5000+
mst.mission.1958080._detail,Tingkatkan Afeksi 『N』 hingga 5000 atau lebih.
mst.mission.1958081._title,Afeksi 『N』 hingga 6000
mst.mission.1958081._detail,Tingkatkan Afeksi 『N』 hingga 6000
mst.mission.1958082._title,Afeksi 『N』 hingga 7000
mst.mission.1958082._detail,Tingkatkan Afeksi 『N』 hingga 7000
mst.mission.1958083._title,Afeksi 『N』 hingga 8000
mst.mission.1958083._detail,Tingkatkan Afeksi 『N』 hingga lebih dari 8000
mst.mission.1958084._title,Afeksi 『N』 hingga 9000
mst.mission.1958084._detail,Tingkatkan Afeksi 『N』 hingga 9000
mst.mission.1958085._title,Afeksi 『N』 hingga 10000+
mst.mission.1958085._detail,Tingkatkan Afeksi 『N』 hingga 10000 atau lebih
mst.mission.1958086._title,Afeksi 『N』 hingga 11000+
mst.mission.1958086._detail,Tingkatkan Afeksi 『N』 hingga lebih dari 11000
mst.mission.1958087._title,Afeksi 『N』 hingga 12500+
mst.mission.1958087._detail,Tingkatkan Afeksi 『N』 hingga lebih dari 12500
mst.mission.1958088._title,Afeksi 『N』 hingga 13000+
mst.mission.1958088._detail,Tingkatkan Afeksi 『N』 hingga 13000
mst.mission.1958089._title,Afeksi 『N』 hingga 13500
mst.mission.1958089._detail,Tingkatkan Afeksi 『N』 hingga 13500
mst.mission.1958090._title,Tingkatkan Afeksi 『N』 hingga 15000
mst.mission.1958090._detail,Tingkatkan Afeksi 『N』 hingga 15000
mst.mission.1958091._title,Tingkatkan Afeksi
mst.mission.1958091._detail,Tingkatkan Afeksi .
mst.mission.1958092._title,Tingkatkan Afeksi hingga 1000
mst.mission.1958092._detail,Tingkatkan Afeksi 『N』 hingga 1000
mst.mission.1958093._title,Tingkatkan Afeksi 『N』 hingga 2000
mst.mission.1958093._detail,Tingkatkan Afeksi 『N』 hingga 2000 atau lebih.
mst.mission.1958094._title,Afeksi 『N』 hingga 3500+
mst.mission.1958094._detail,Tingkatkan Afeksi 『N』 hingga 3500 atau lebih.
mst.mission.1958095._title,Afeksi 『N』 hingga 5000+
mst.mission.1958095._detail,Tingkatkan Afeksi 『N』 hingga 5000 atau lebih.
mst.mission.1958096._title,Afeksi 『N』 hingga 6000
mst.mission.1958096._detail,Tingkatkan Afeksi 『N』 hingga 6000
mst.mission.1958097._title,Afeksi 『N』 hingga 7000
mst.mission.1958097._detail,Tingkatkan Afeksi 『N』 hingga 7000
mst.mission.1958098._title,Afeksi 『N』 hingga 8000
mst.mission.1958098._detail,Tingkatkan Afeksi 『N』 hingga lebih dari 8000
mst.mission.1958099._title,Afeksi 『N』 hingga 9000
mst.mission.1958099._detail,Tingkatkan Afeksi 『N』 hingga 9000
mst.mission.1958100._title,Afeksi 『N』 hingga 10000+
mst.mission.1958100._detail,Tingkatkan Afeksi 『N』 hingga 10000 atau lebih
mst.mission.1958101._title,Afeksi 『N』 hingga 11000+
mst.mission.1958101._detail,Tingkatkan Afeksi 『N』 hingga lebih dari 11000
mst.mission.1958102._title,Afeksi 『N』 hingga 12500+
mst.mission.1958102._detail,Tingkatkan Afeksi 『N』 hingga lebih dari 12500
mst.mission.1958103._title,Afeksi 『N』 hingga 13000+
mst.mission.1958103._detail,Tingkatkan Afeksi 『N』 hingga 13000
mst.mission.1958104._title,Afeksi 『N』 hingga 13500
mst.mission.1958104._detail,Tingkatkan Afeksi 『N』 hingga 13500
mst.mission.1958105._title,Tingkatkan Afeksi 『N』 hingga 15000
mst.mission.1958105._detail,Tingkatkan Afeksi 『N』 hingga 15000
mst.mission.1958106._title,Tingkatkan Afeksi
mst.mission.1958106._detail,Tingkatkan Afeksi .
mst.mission.1958107._title,Tingkatkan Afeksi hingga 1000
mst.mission.1958107._detail,Tingkatkan Afeksi 『N』 hingga 1000
mst.mission.1958108._title,Tingkatkan Afeksi 『N』 hingga 2000
mst.mission.1958108._detail,Tingkatkan Afeksi 『N』 hingga 2000 atau lebih.
mst.mission.1958109._title,Afeksi 『N』 hingga 3500+
mst.mission.1958109._detail,Tingkatkan Afeksi 『N』 hingga 3500 atau lebih.
mst.mission.1958110._title,Afeksi 『N』 hingga 5000+
mst.mission.1958110._detail,Tingkatkan Afeksi 『N』 hingga 5000 atau lebih.
mst.mission.1958111._title,Afeksi 『N』 hingga 6000
mst.mission.1958111._detail,Tingkatkan Afeksi 『N』 hingga 6000
mst.mission.1958112._title,Afeksi 『N』 hingga 7000
mst.mission.1958112._detail,Tingkatkan Afeksi 『N』 hingga 7000
mst.mission.1958113._title,Afeksi 『N』 hingga 8000
mst.mission.1958113._detail,Tingkatkan Afeksi 『N』 hingga lebih dari 8000
mst.mission.1958114._title,Afeksi 『N』 hingga 9000
mst.mission.1958114._detail,Tingkatkan Afeksi 『N』 hingga 9000
mst.mission.1958115._title,Afeksi 『N』 hingga 10000+
mst.mission.1958115._detail,Tingkatkan Afeksi 『N』 hingga 10000 atau lebih
mst.mission.1958116._title,Afeksi 『N』 hingga 11000+
mst.mission.1958116._detail,Tingkatkan Afeksi 『N』 hingga lebih dari 11000
mst.mission.1958117._title,Afeksi 『N』 hingga 12500+
mst.mission.1958117._detail,Tingkatkan Afeksi 『N』 hingga lebih dari 12500
mst.mission.1958118._title,Afeksi 『N』 hingga 13000+
mst.mission.1958118._detail,Tingkatkan Afeksi 『N』 hingga 13000
mst.mission.1958119._title,Afeksi 『N』 hingga 13500
mst.mission.1958119._detail,Tingkatkan Afeksi 『N』 hingga 13500
mst.mission.1958120._title,Tingkatkan Afeksi 『N』 hingga 15000
mst.mission.1958120._detail,Tingkatkan Afeksi 『N』 hingga 15000
mst.mission.1958121._title,Tingkatkan Afeksi
mst.mission.1958121._detail,Tingkatkan Afeksi .
mst.mission.1958122._title,Tingkatkan Afeksi hingga 1000
mst.mission.1958122._detail,Tingkatkan Afeksi 『N』 hingga 1000
mst.mission.1958123._title,Tingkatkan Afeksi 『N』 hingga 2000
mst.mission.1958123._detail,Tingkatkan Afeksi 『N』 hingga 2000 atau lebih.
mst.mission.1958124._title,Afeksi 『N』 hingga 3500+
mst.mission.1958124._detail,Tingkatkan Afeksi 『N』 hingga 3500 atau lebih.
mst.mission.1958125._title,Afeksi 『N』 hingga 5000+
mst.mission.1958125._detail,Tingkatkan Afeksi 『N』 hingga 5000 atau lebih.
mst.mission.1958126._title,Afeksi 『N』 hingga 6000
mst.mission.1958126._detail,Tingkatkan Afeksi 『N』 hingga 6000
mst.mission.1958127._title,Afeksi 『N』 hingga 7000
mst.mission.1958127._detail,Tingkatkan Afeksi 『N』 hingga 7000
mst.mission.1958128._title,Afeksi 『N』 hingga 8000
mst.mission.1958128._detail,Tingkatkan Afeksi 『N』 hingga lebih dari 8000
mst.mission.1958129._title,Afeksi 『N』 hingga 9000
mst.mission.1958129._detail,Tingkatkan Afeksi 『N』 hingga 9000
mst.mission.1958130._title,Afeksi 『N』 hingga 10000+
mst.mission.1958130._detail,Tingkatkan Afeksi 『N』 hingga 10000 atau lebih
mst.mission.1958131._title,Afeksi 『N』 hingga 11000+
mst.mission.1958131._detail,Tingkatkan Afeksi 『N』 hingga lebih dari 11000
mst.mission.1958132._title,Afeksi 『N』 hingga 12500+
mst.mission.1958132._detail,Tingkatkan Afeksi 『N』 hingga lebih dari 12500
mst.mission.1958133._title,Afeksi 『N』 hingga 13000+
mst.mission.1958133._detail,Tingkatkan Afeksi 『N』 hingga 13000
mst.mission.1958134._title,Afeksi 『N』 hingga 13500
mst.mission.1958134._detail,Tingkatkan Afeksi 『N』 hingga 13500
mst.mission.1958135._title,Tingkatkan Afeksi 『N』 hingga 15000
mst.mission.1958135._detail,Tingkatkan Afeksi 『N』 hingga 15000
mst.mission.1958136._title,Tingkatkan Afeksi
mst.mission.1958136._detail,Tingkatkan Afeksi .
mst.mission.1958137._title,Tingkatkan Afeksi hingga 1000
mst.mission.1958137._detail,Tingkatkan Afeksi 『N』 hingga 1000
mst.mission.1958138._title,Tingkatkan Afeksi 『N』 hingga 2000
mst.mission.1958138._detail,Tingkatkan Afeksi 『N』 hingga 2000 atau lebih.
mst.mission.1958139._title,Afeksi 『N』 hingga 3500+
mst.mission.1958139._detail,Tingkatkan Afeksi 『N』 hingga 3500 atau lebih.
mst.mission.1958140._title,Afeksi 『N』 hingga 5000+
mst.mission.1958140._detail,Tingkatkan Afeksi 『N』 hingga 5000 atau lebih.
mst.mission.1958141._title,Afeksi 『N』 hingga 6000
mst.mission.1958141._detail,Tingkatkan Afeksi 『N』 hingga 6000
mst.mission.1958142._title,Afeksi 『N』 hingga 7000
mst.mission.1958142._detail,Tingkatkan Afeksi 『N』 hingga 7000
mst.mission.1958143._title,Afeksi 『N』 hingga 8000
mst.mission.1958143._detail,Tingkatkan Afeksi 『N』 hingga lebih dari 8000
mst.mission.1958144._title,Afeksi 『N』 hingga 9000
mst.mission.1958144._detail,Tingkatkan Afeksi 『N』 hingga 9000
mst.mission.1958145._title,Afeksi 『N』 hingga 10000+
mst.mission.1958145._detail,Tingkatkan Afeksi 『N』 hingga 10000 atau lebih
mst.mission.1958146._title,Afeksi 『N』 hingga 11000+
mst.mission.1958146._detail,Tingkatkan Afeksi 『N』 hingga lebih dari 11000
mst.mission.1958147._title,Afeksi 『N』 hingga 12500+
mst.mission.1958147._detail,Tingkatkan Afeksi 『N』 hingga lebih dari 12500
mst.mission.1958148._title,Afeksi 『N』 hingga 13000+
mst.mission.1958148._detail,Tingkatkan Afeksi 『N』 hingga 13000
mst.mission.1958149._title,Afeksi 『N』 hingga 13500
mst.mission.1958149._detail,Tingkatkan Afeksi 『N』 hingga 13500
mst.mission.1958150._title,Tingkatkan Afeksi 『N』 hingga 15000
mst.mission.1958150._detail,Tingkatkan Afeksi 『N』 hingga 15000
mst.mission.1958151._title,Tingkatkan Afeksi
mst.mission.1958151._detail,Tingkatkan Afeksi .
mst.mission.1958152._title,Tingkatkan Afeksi hingga 1000
mst.mission.1958152._detail,Tingkatkan Afeksi 『N』 hingga 1000
mst.mission.1958153._title,Tingkatkan Afeksi 『N』 hingga 2000
mst.mission.1958153._detail,Tingkatkan Afeksi 『N』 hingga 2000 atau lebih.
mst.mission.1958154._title,Afeksi 『N』 hingga 3500+
mst.mission.1958154._detail,Tingkatkan Afeksi 『N』 hingga 3500 atau lebih.
mst.mission.1958155._title,Afeksi 『N』 hingga 5000+
mst.mission.1958155._detail,Tingkatkan Afeksi 『N』 hingga 5000 atau lebih.
mst.mission.1958156._title,Afeksi 『N』 hingga 6000
mst.mission.1958156._detail,Tingkatkan Afeksi 『N』 hingga 6000
mst.mission.1958157._title,Afeksi 『N』 hingga 7000
mst.mission.1958157._detail,Tingkatkan Afeksi 『N』 hingga 7000
mst.mission.1958158._title,Afeksi 『N』 hingga 8000
mst.mission.1958158._detail,Tingkatkan Afeksi 『N』 hingga lebih dari 8000
mst.mission.1958159._title,Afeksi 『N』 hingga 9000
mst.mission.1958159._detail,Tingkatkan Afeksi 『N』 hingga 9000
mst.mission.1958160._title,Afeksi 『N』 hingga 10000+
mst.mission.1958160._detail,Tingkatkan Afeksi 『N』 hingga 10000 atau lebih
mst.mission.1958161._title,Afeksi 『N』 hingga 11000+
mst.mission.1958161._detail,Tingkatkan Afeksi 『N』 hingga lebih dari 11000
mst.mission.1958162._title,Afeksi 『N』 hingga 12500+
mst.mission.1958162._detail,Tingkatkan Afeksi 『N』 hingga lebih dari 12500
mst.mission.1958163._title,Afeksi 『N』 hingga 13000+
mst.mission.1958163._detail,Tingkatkan Afeksi 『N』 hingga 13000
mst.mission.1958164._title,Afeksi 『N』 hingga 13500
mst.mission.1958164._detail,Tingkatkan Afeksi 『N』 hingga 13500
mst.mission.1958165._title,Tingkatkan Afeksi 『N』 hingga 15000
mst.mission.1958165._detail,Tingkatkan Afeksi 『N』 hingga 15000
mst.mission.1958166._title,Tingkatkan Afeksi
mst.mission.1958166._detail,Tingkatkan Afeksi .
mst.mission.1958167._title,Tingkatkan Afeksi hingga 1000
mst.mission.1958167._detail,Tingkatkan Afeksi 『N』 hingga 1000
mst.mission.1958168._title,Tingkatkan Afeksi 『N』 hingga 2000
mst.mission.1958168._detail,Tingkatkan Afeksi 『N』 hingga 2000 atau lebih.
mst.mission.1958169._title,Afeksi 『N』 hingga 3500+
mst.mission.1958169._detail,Tingkatkan Afeksi 『N』 hingga 3500 atau lebih.
mst.mission.1958170._title,Afeksi 『N』 hingga 5000+
mst.mission.1958170._detail,Tingkatkan Afeksi 『N』 hingga 5000 atau lebih.
mst.mission.1958171._title,Afeksi 『N』 hingga 6000
mst.mission.1958171._detail,Tingkatkan Afeksi 『N』 hingga 6000
mst.mission.1958172._title,Afeksi 『N』 hingga 7000
mst.mission.1958172._detail,Tingkatkan Afeksi 『N』 hingga 7000
mst.mission.1958173._title,Afeksi 『N』 hingga 8000
mst.mission.1958173._detail,Tingkatkan Afeksi 『N』 hingga lebih dari 8000
mst.mission.1958174._title,Afeksi 『N』 hingga 9000
mst.mission.1958174._detail,Tingkatkan Afeksi 『N』 hingga 9000
mst.mission.1958175._title,Afeksi 『N』 hingga 10000+
mst.mission.1958175._detail,Tingkatkan Afeksi 『N』 hingga 10000 atau lebih
mst.mission.1958176._title,Afeksi 『N』 hingga 11000+
mst.mission.1958176._detail,Tingkatkan Afeksi 『N』 hingga lebih dari 11000
mst.mission.1958177._title,Afeksi 『N』 hingga 12500+
mst.mission.1958177._detail,Tingkatkan Afeksi 『N』 hingga lebih dari 12500
mst.mission.1958178._title,Afeksi 『N』 hingga 13000+
mst.mission.1958178._detail,Tingkatkan Afeksi 『N』 hingga 13000
mst.mission.1958179._title,Afeksi 『N』 hingga 13500
mst.mission.1958179._detail,Tingkatkan Afeksi 『N』 hingga 13500
mst.mission.1958180._title,Tingkatkan Afeksi 『N』 hingga 15000
mst.mission.1958180._detail,Tingkatkan Afeksi 『N』 hingga 15000
mst.mission.1958181._title,Tingkatkan Afeksi
mst.mission.1958181._detail,Tingkatkan Afeksi .
mst.mission.1958182._title,Tingkatkan Afeksi hingga 1000
mst.mission.1958182._detail,Tingkatkan Afeksi 『N』 hingga 1000
mst.mission.1958183._title,Tingkatkan Afeksi 『N』 hingga 2000
mst.mission.1958183._detail,Tingkatkan Afeksi 『N』 hingga 2000 atau lebih.
mst.mission.1958184._title,Afeksi 『N』 hingga 3500+
mst.mission.1958184._detail,Tingkatkan Afeksi 『N』 hingga 3500 atau lebih.
mst.mission.1958185._title,Afeksi 『N』 hingga 5000+
mst.mission.1958185._detail,Tingkatkan Afeksi 『N』 hingga 5000 atau lebih.
mst.mission.1958186._title,Afeksi 『N』 hingga 6000
mst.mission.1958186._detail,Tingkatkan Afeksi 『N』 hingga 6000
mst.mission.1958187._title,Afeksi 『N』 hingga 7000
mst.mission.1958187._detail,Tingkatkan Afeksi 『N』 hingga 7000
mst.mission.1958188._title,Afeksi 『N』 hingga 8000
mst.mission.1958188._detail,Tingkatkan Afeksi 『N』 hingga lebih dari 8000
mst.mission.1958189._title,Afeksi 『N』 hingga 9000
mst.mission.1958189._detail,Tingkatkan Afeksi 『N』 hingga 9000
mst.mission.1958190._title,Afeksi 『N』 hingga 10000+
mst.mission.1958190._detail,Tingkatkan Afeksi 『N』 hingga 10000 atau lebih
mst.mission.1958191._title,Afeksi 『N』 hingga 11000+
mst.mission.1958191._detail,Tingkatkan Afeksi 『N』 hingga lebih dari 11000
mst.mission.1958192._title,Afeksi 『N』 hingga 12500+
mst.mission.1958192._detail,Tingkatkan Afeksi 『N』 hingga lebih dari 12500
mst.mission.1958193._title,Afeksi 『N』 hingga 13000+
mst.mission.1958193._detail,Tingkatkan Afeksi 『N』 hingga 13000
mst.mission.1958194._title,Afeksi 『N』 hingga 13500
mst.mission.1958194._detail,Tingkatkan Afeksi 『N』 hingga 13500
mst.mission.1958195._title,Tingkatkan Afeksi 『N』 hingga 15000
mst.mission.1958195._detail,Tingkatkan Afeksi 『N』 hingga 15000
mst.mission.1958196._title,Tingkatkan Afeksi
mst.mission.1958196._detail,Tingkatkan Afeksi .
mst.mission.1958197._title,Tingkatkan Afeksi hingga 1000
mst.mission.1958197._detail,Tingkatkan Afeksi 『N』 hingga 1000
mst.mission.1958198._title,Tingkatkan Afeksi 『N』 hingga 2000
mst.mission.1958198._detail,Tingkatkan Afeksi 『N』 hingga 2000 atau lebih.
mst.mission.1958199._title,Afeksi 『N』 hingga 3500+
mst.mission.1958199._detail,Tingkatkan Afeksi 『N』 hingga 3500 atau lebih.
mst.mission.1958200._title,Afeksi 『N』 hingga 5000+
mst.mission.1958200._detail,Tingkatkan Afeksi 『N』 hingga 5000 atau lebih.
mst.mission.1958201._title,Afeksi 『N』 hingga 6000
mst.mission.1958201._detail,Tingkatkan Afeksi 『N』 hingga 6000
mst.mission.1958202._title,Afeksi 『N』 hingga 7000
mst.mission.1958202._detail,Tingkatkan Afeksi 『N』 hingga 7000
mst.mission.1958203._title,Afeksi 『N』 hingga 8000
mst.mission.1958203._detail,Tingkatkan Afeksi 『N』 hingga lebih dari 8000
mst.mission.1958204._title,Afeksi 『N』 hingga 9000
mst.mission.1958204._detail,Tingkatkan Afeksi 『N』 hingga 9000
mst.mission.1958205._title,Afeksi 『N』 hingga 10000+
mst.mission.1958205._detail,Tingkatkan Afeksi 『N』 hingga 10000 atau lebih
mst.mission.1958206._title,Afeksi 『N』 hingga 11000+
mst.mission.1958206._detail,Tingkatkan Afeksi 『N』 hingga lebih dari 11000
mst.mission.1958207._title,Afeksi 『N』 hingga 12500+
mst.mission.1958207._detail,Tingkatkan Afeksi 『N』 hingga lebih dari 12500
mst.mission.1958208._title,Afeksi 『N』 hingga 13000+
mst.mission.1958208._detail,Tingkatkan Afeksi 『N』 hingga 13000
mst.mission.1958209._title,Afeksi 『N』 hingga 13500
mst.mission.1958209._detail,Tingkatkan Afeksi 『N』 hingga 13500
mst.mission.1958210._title,Tingkatkan Afeksi 『N』 hingga 15000
mst.mission.1958210._detail,Tingkatkan Afeksi 『N』 hingga 15000
mst.mission.1958211._title,Tingkatkan Afeksi
mst.mission.1958211._detail,Tingkatkan Afeksi .
mst.mission.1958212._title,Tingkatkan Afeksi hingga 1000
mst.mission.1958212._detail,Tingkatkan Afeksi 『N』 hingga 1000
mst.mission.1958213._title,Tingkatkan Afeksi 『N』 hingga 2000
mst.mission.1958213._detail,Tingkatkan Afeksi 『N』 hingga 2000 atau lebih.
mst.mission.1958214._title,Afeksi 『N』 hingga 3500+
mst.mission.1958214._detail,Tingkatkan Afeksi 『N』 hingga 3500 atau lebih.
mst.mission.1958215._title,Afeksi 『N』 hingga 5000+
mst.mission.1958215._detail,Tingkatkan Afeksi 『N』 hingga 5000 atau lebih.
mst.mission.1958216._title,Afeksi 『N』 hingga 6000
mst.mission.1958216._detail,Tingkatkan Afeksi 『N』 hingga 6000
mst.mission.1958217._title,Afeksi 『N』 hingga 7000
mst.mission.1958217._detail,Tingkatkan Afeksi 『N』 hingga 7000
mst.mission.1958218._title,Afeksi 『N』 hingga 8000
mst.mission.1958218._detail,Tingkatkan Afeksi 『N』 hingga lebih dari 8000
mst.mission.1958219._title,Afeksi 『N』 hingga 9000
mst.mission.1958219._detail,Tingkatkan Afeksi 『N』 hingga 9000
mst.mission.1958220._title,Afeksi 『N』 hingga 10000+
mst.mission.1958220._detail,Tingkatkan Afeksi 『N』 hingga 10000 atau lebih
mst.mission.1958221._title,Afeksi 『N』 hingga 11000+
mst.mission.1958221._detail,Tingkatkan Afeksi 『N』 hingga lebih dari 11000
mst.mission.1958222._title,Afeksi 『N』 hingga 12500+
mst.mission.1958222._detail,Tingkatkan Afeksi 『N』 hingga lebih dari 12500
mst.mission.1958223._title,Afeksi 『N』 hingga 13000+
mst.mission.1958223._detail,Tingkatkan Afeksi 『N』 hingga 13000
mst.mission.1958224._title,Afeksi 『N』 hingga 13500
mst.mission.1958224._detail,Tingkatkan Afeksi 『N』 hingga 13500
mst.mission.1958225._title,Tingkatkan Afeksi 『N』 hingga 15000
mst.mission.1958225._detail,Tingkatkan Afeksi 『N』 hingga 15000
mst.mission.1958226._title,Tingkatkan Afeksi
mst.mission.1958226._detail,Tingkatkan Afeksi .
mst.mission.1958227._title,Tingkatkan Afeksi hingga 1000
mst.mission.1958227._detail,Tingkatkan Afeksi 『N』 hingga 1000
mst.mission.1958228._title,Tingkatkan Afeksi 『N』 hingga 2000
mst.mission.1958228._detail,Tingkatkan Afeksi 『N』 hingga 2000 atau lebih.
mst.mission.1958229._title,Afeksi 『N』 hingga 3500+
mst.mission.1958229._detail,Tingkatkan Afeksi 『N』 hingga 3500 atau lebih.
mst.mission.1958230._title,Afeksi 『N』 hingga 5000+
mst.mission.1958230._detail,Tingkatkan Afeksi 『N』 hingga 5000 atau lebih.
mst.mission.1958231._title,Afeksi 『N』 hingga 6000
mst.mission.1958231._detail,Tingkatkan Afeksi 『N』 hingga 6000
mst.mission.1958232._title,Afeksi 『N』 hingga 7000
mst.mission.1958232._detail,Tingkatkan Afeksi 『N』 hingga 7000
mst.mission.1958233._title,Afeksi 『N』 hingga 8000
mst.mission.1958233._detail,Tingkatkan Afeksi 『N』 hingga lebih dari 8000
mst.mission.1958234._title,Afeksi 『N』 hingga 9000
mst.mission.1958234._detail,Tingkatkan Afeksi 『N』 hingga 9000
mst.mission.1958235._title,Afeksi 『N』 hingga 10000+
mst.mission.1958235._detail,Tingkatkan Afeksi 『N』 hingga 10000 atau lebih
mst.mission.1958236._title,Afeksi 『N』 hingga 11000+
mst.mission.1958236._detail,Tingkatkan Afeksi 『N』 hingga lebih dari 11000
mst.mission.1958237._title,Afeksi 『N』 hingga 12500+
mst.mission.1958237._detail,Tingkatkan Afeksi 『N』 hingga lebih dari 12500
mst.mission.1958238._title,Afeksi 『N』 hingga 13000+
mst.mission.1958238._detail,Tingkatkan Afeksi 『N』 hingga 13000
mst.mission.1958239._title,Afeksi 『N』 hingga 13500
mst.mission.1958239._detail,Tingkatkan Afeksi 『N』 hingga 13500
mst.mission.1958240._title,Tingkatkan Afeksi 『N』 hingga 15000
mst.mission.1958240._detail,Tingkatkan Afeksi 『N』 hingga 15000
mst.mission.1958241._title,Tingkatkan Afeksi
mst.mission.1958241._detail,Tingkatkan Afeksi .
mst.mission.1958242._title,Tingkatkan Afeksi hingga 1000
mst.mission.1958242._detail,Tingkatkan Afeksi 『N』 hingga 1000
mst.mission.1958243._title,Tingkatkan Afeksi 『N』 hingga 2000
mst.mission.1958243._detail,Tingkatkan Afeksi 『N』 hingga 2000 atau lebih.
mst.mission.1958244._title,Afeksi 『N』 hingga 3500+
mst.mission.1958244._detail,Tingkatkan Afeksi 『N』 hingga 3500 atau lebih.
mst.mission.1958245._title,Afeksi 『N』 hingga 5000+
mst.mission.1958245._detail,Tingkatkan Afeksi 『N』 hingga 5000 atau lebih.
mst.mission.1958246._title,Afeksi 『N』 hingga 6000
mst.mission.1958246._detail,Tingkatkan Afeksi 『N』 hingga 6000
mst.mission.1958247._title,Afeksi 『N』 hingga 7000
mst.mission.1958247._detail,Tingkatkan Afeksi 『N』 hingga 7000
mst.mission.1958248._title,Afeksi 『N』 hingga 8000
mst.mission.1958248._detail,Tingkatkan Afeksi 『N』 hingga lebih dari 8000
mst.mission.1958249._title,Afeksi 『N』 hingga 9000
mst.mission.1958249._detail,Tingkatkan Afeksi 『N』 hingga 9000
mst.mission.1958250._title,Afeksi 『N』 hingga 10000+
mst.mission.1958250._detail,Tingkatkan Afeksi 『N』 hingga 10000 atau lebih
mst.mission.1958251._title,Afeksi 『N』 hingga 11000+
mst.mission.1958251._detail,Tingkatkan Afeksi 『N』 hingga lebih dari 11000
mst.mission.1958252._title,Afeksi 『N』 hingga 12500+
mst.mission.1958252._detail,Tingkatkan Afeksi 『N』 hingga lebih dari 12500
mst.mission.1958253._title,Afeksi 『N』 hingga 13000+
mst.mission.1958253._detail,Tingkatkan Afeksi 『N』 hingga 13000
mst.mission.1958254._title,Afeksi 『N』 hingga 13500
mst.mission.1958254._detail,Tingkatkan Afeksi 『N』 hingga 13500
mst.mission.1958255._title,Tingkatkan Afeksi 『N』 hingga 15000
mst.mission.1958255._detail,Tingkatkan Afeksi 『N』 hingga 15000
mst.mission.1958256._title,Tingkatkan Afeksi
mst.mission.1958256._detail,Tingkatkan Afeksi .
mst.mission.1958257._title,Tingkatkan Afeksi hingga 1000
mst.mission.1958257._detail,Tingkatkan Afeksi 『N』 hingga 1000
mst.mission.1958258._title,Tingkatkan Afeksi 『N』 hingga 2000
mst.mission.1958258._detail,Tingkatkan Afeksi 『N』 hingga 2000 atau lebih.
mst.mission.1958259._title,Afeksi 『N』 hingga 3500+
mst.mission.1958259._detail,Tingkatkan Afeksi 『N』 hingga 3500 atau lebih.
mst.mission.1958260._title,Afeksi 『N』 hingga 5000+
mst.mission.1958260._detail,Tingkatkan Afeksi 『N』 hingga 5000 atau lebih.
mst.mission.1958261._title,Afeksi 『N』 hingga 6000
mst.mission.1958261._detail,Tingkatkan Afeksi 『N』 hingga 6000
mst.mission.1958262._title,Afeksi 『N』 hingga 7000
mst.mission.1958262._detail,Tingkatkan Afeksi 『N』 hingga 7000
mst.mission.1958263._title,Afeksi 『N』 hingga 8000
mst.mission.1958263._detail,Tingkatkan Afeksi 『N』 hingga lebih dari 8000
mst.mission.1958264._title,Afeksi 『N』 hingga 9000
mst.mission.1958264._detail,Tingkatkan Afeksi 『N』 hingga 9000
mst.mission.1958265._title,Afeksi 『N』 hingga 10000+
mst.mission.1958265._detail,Tingkatkan Afeksi 『N』 hingga 10000 atau lebih
mst.mission.1958266._title,Afeksi 『N』 hingga 11000+
mst.mission.1958266._detail,Tingkatkan Afeksi 『N』 hingga lebih dari 11000
mst.mission.1958267._title,Afeksi 『N』 hingga 12500+
mst.mission.1958267._detail,Tingkatkan Afeksi 『N』 hingga lebih dari 12500
mst.mission.1958268._title,Afeksi 『N』 hingga 13000+
mst.mission.1958268._detail,Tingkatkan Afeksi 『N』 hingga 13000
mst.mission.1958269._title,Afeksi 『N』 hingga 13500
mst.mission.1958269._detail,Tingkatkan Afeksi 『N』 hingga 13500
mst.mission.1958270._title,Tingkatkan Afeksi 『N』 hingga 15000
mst.mission.1958270._detail,Tingkatkan Afeksi 『N』 hingga 15000
mst.mission.1958271._title,Tingkatkan Afeksi
mst.mission.1958271._detail,Tingkatkan Afeksi .
mst.mission.1958272._title,Tingkatkan Afeksi hingga 1000
mst.mission.1958272._detail,Tingkatkan Afeksi 『N』 hingga 1000
mst.mission.1958273._title,Tingkatkan Afeksi 『N』 hingga 2000
mst.mission.1958273._detail,Tingkatkan Afeksi 『N』 hingga 2000 atau lebih.
mst.mission.1958274._title,Afeksi 『N』 hingga 3500+
mst.mission.1958274._detail,Tingkatkan Afeksi 『N』 hingga 3500 atau lebih.
mst.mission.1958275._title,Afeksi 『N』 hingga 5000+
mst.mission.1958275._detail,Tingkatkan Afeksi 『N』 hingga 5000 atau lebih.
mst.mission.1958276._title,Afeksi 『N』 hingga 6000
mst.mission.1958276._detail,Tingkatkan Afeksi 『N』 hingga 6000
mst.mission.1958277._title,Afeksi 『N』 hingga 7000
mst.mission.1958277._detail,Tingkatkan Afeksi 『N』 hingga 7000
mst.mission.1958278._title,Afeksi 『N』 hingga 8000
mst.mission.1958278._detail,Tingkatkan Afeksi 『N』 hingga lebih dari 8000
mst.mission.1958279._title,Afeksi 『N』 hingga 9000
mst.mission.1958279._detail,Tingkatkan Afeksi 『N』 hingga 9000
mst.mission.1958280._title,Afeksi 『N』 hingga 10000+
mst.mission.1958280._detail,Tingkatkan Afeksi 『N』 hingga 10000 atau lebih
mst.mission.1958281._title,Afeksi 『N』 hingga 11000+
mst.mission.1958281._detail,Tingkatkan Afeksi 『N』 hingga lebih dari 11000
mst.mission.1958282._title,Afeksi 『N』 hingga 12500+
mst.mission.1958282._detail,Tingkatkan Afeksi 『N』 hingga lebih dari 12500
mst.mission.1958283._title,Afeksi 『N』 hingga 13000+
mst.mission.1958283._detail,Tingkatkan Afeksi 『N』 hingga 13000
mst.mission.1958284._title,Afeksi 『N』 hingga 13500
mst.mission.1958284._detail,Tingkatkan Afeksi 『N』 hingga 13500
mst.mission.1958285._title,Tingkatkan Afeksi 『N』 hingga 15000
mst.mission.1958285._detail,Tingkatkan Afeksi 『N』 hingga 15000
mst.mission.1958286._title,Tingkatkan Afeksi
mst.mission.1958286._detail,Tingkatkan Afeksi .
mst.mission.1958287._title,Tingkatkan Afeksi hingga 1000
mst.mission.1958287._detail,Tingkatkan Afeksi 『N』 hingga 1000
mst.mission.1958288._title,Tingkatkan Afeksi 『N』 hingga 2000
mst.mission.1958288._detail,Tingkatkan Afeksi 『N』 hingga 2000 atau lebih.
mst.mission.1958289._title,Afeksi 『N』 hingga 3500+
mst.mission.1958289._detail,Tingkatkan Afeksi 『N』 hingga 3500 atau lebih.
mst.mission.1958290._title,Afeksi 『N』 hingga 5000+
mst.mission.1958290._detail,Tingkatkan Afeksi 『N』 hingga 5000 atau lebih.
mst.mission.1958291._title,Afeksi 『N』 hingga 6000
mst.mission.1958291._detail,Tingkatkan Afeksi 『N』 hingga 6000
mst.mission.1958292._title,Afeksi 『N』 hingga 7000
mst.mission.1958292._detail,Tingkatkan Afeksi 『N』 hingga 7000
mst.mission.1958293._title,Afeksi 『N』 hingga 8000
mst.mission.1958293._detail,Tingkatkan Afeksi 『N』 hingga lebih dari 8000
mst.mission.1958294._title,Afeksi 『N』 hingga 9000
mst.mission.1958294._detail,Tingkatkan Afeksi 『N』 hingga 9000
mst.mission.1958295._title,Afeksi 『N』 hingga 10000+
mst.mission.1958295._detail,Tingkatkan Afeksi 『N』 hingga 10000 atau lebih
mst.mission.1958296._title,Afeksi 『N』 hingga 11000+
mst.mission.1958296._detail,Tingkatkan Afeksi 『N』 hingga lebih dari 11000
mst.mission.1958297._title,Afeksi 『N』 hingga 12500+
mst.mission.1958297._detail,Tingkatkan Afeksi 『N』 hingga lebih dari 12500
mst.mission.1958298._title,Afeksi 『N』 hingga 13000+
mst.mission.1958298._detail,Tingkatkan Afeksi 『N』 hingga 13000
mst.mission.1958299._title,Afeksi 『N』 hingga 13500
mst.mission.1958299._detail,Tingkatkan Afeksi 『N』 hingga 13500
mst.mission.1958300._title,Tingkatkan Afeksi 『N』 hingga 15000
mst.mission.1958300._detail,Tingkatkan Afeksi 『N』 hingga 15000
mst.mission.1958301._title,Tingkatkan Afeksi
mst.mission.1958301._detail,Tingkatkan Afeksi .
mst.mission.1958302._title,Tingkatkan Afeksi hingga 1000
mst.mission.1958302._detail,Tingkatkan Afeksi 『N』 hingga 1000
mst.mission.1958303._title,Tingkatkan Afeksi 『N』 hingga 2000
mst.mission.1958303._detail,Tingkatkan Afeksi 『N』 hingga 2000 atau lebih.
mst.mission.1958304._title,Afeksi 『N』 hingga 3500+
mst.mission.1958304._detail,Tingkatkan Afeksi 『N』 hingga 3500 atau lebih.
mst.mission.1958305._title,Afeksi 『N』 hingga 5000+
mst.mission.1958305._detail,Tingkatkan Afeksi 『N』 hingga 5000 atau lebih.
mst.mission.1958306._title,Afeksi 『N』 hingga 6000
mst.mission.1958306._detail,Tingkatkan Afeksi 『N』 hingga 6000
mst.mission.1958307._title,Afeksi 『N』 hingga 7000
mst.mission.1958307._detail,Tingkatkan Afeksi 『N』 hingga 7000
mst.mission.1958308._title,Afeksi 『N』 hingga 8000
mst.mission.1958308._detail,Tingkatkan Afeksi 『N』 hingga lebih dari 8000
mst.mission.1958309._title,Afeksi 『N』 hingga 9000
mst.mission.1958309._detail,Tingkatkan Afeksi 『N』 hingga 9000
mst.mission.1958310._title,Afeksi 『N』 hingga 10000+
mst.mission.1958310._detail,Tingkatkan Afeksi 『N』 hingga 10000 atau lebih
mst.mission.1958311._title,Afeksi 『N』 hingga 11000+
mst.mission.1958311._detail,Tingkatkan Afeksi 『N』 hingga lebih dari 11000
mst.mission.1958312._title,Afeksi 『N』 hingga 12500+
mst.mission.1958312._detail,Tingkatkan Afeksi 『N』 hingga lebih dari 12500
mst.mission.1958313._title,Afeksi 『N』 hingga 13000+
mst.mission.1958313._detail,Tingkatkan Afeksi 『N』 hingga 13000
mst.mission.1958314._title,Afeksi 『N』 hingga 13500
mst.mission.1958314._detail,Tingkatkan Afeksi 『N』 hingga 13500
mst.mission.1958315._title,Tingkatkan Afeksi 『N』 hingga 15000
mst.mission.1958315._detail,Tingkatkan Afeksi 『N』 hingga 15000
mst.mission.1958316._title,Tingkatkan Afeksi
mst.mission.1958316._detail,Tingkatkan Afeksi .
mst.mission.1958317._title,Tingkatkan Afeksi hingga 1000
mst.mission.1958317._detail,Tingkatkan Afeksi 『N』 hingga 1000
mst.mission.1958318._title,Tingkatkan Afeksi 『N』 hingga 2000
mst.mission.1958318._detail,Tingkatkan Afeksi 『N』 hingga 2000 atau lebih.
mst.mission.1958319._title,Afeksi 『N』 hingga 3500+
mst.mission.1958319._detail,Tingkatkan Afeksi 『N』 hingga 3500 atau lebih.
mst.mission.1958320._title,Afeksi 『N』 hingga 5000+
mst.mission.1958320._detail,Tingkatkan Afeksi 『N』 hingga 5000 atau lebih.
mst.mission.1958321._title,Afeksi 『N』 hingga 6000
mst.mission.1958321._detail,Tingkatkan Afeksi 『N』 hingga 6000
mst.mission.1958322._title,Afeksi 『N』 hingga 7000
mst.mission.1958322._detail,Tingkatkan Afeksi 『N』 hingga 7000
mst.mission.1958323._title,Afeksi 『N』 hingga 8000
mst.mission.1958323._detail,Tingkatkan Afeksi 『N』 hingga lebih dari 8000
mst.mission.1958324._title,Afeksi 『N』 hingga 9000
mst.mission.1958324._detail,Tingkatkan Afeksi 『N』 hingga 9000
mst.mission.1958325._title,Afeksi 『N』 hingga 10000+
mst.mission.1958325._detail,Tingkatkan Afeksi 『N』 hingga 10000 atau lebih
mst.mission.1958326._title,Afeksi 『N』 hingga 11000+
mst.mission.1958326._detail,Tingkatkan Afeksi 『N』 hingga lebih dari 11000
mst.mission.1958327._title,Afeksi 『N』 hingga 12500+
mst.mission.1958327._detail,Tingkatkan Afeksi 『N』 hingga lebih dari 12500
mst.mission.1958328._title,Afeksi 『N』 hingga 13000+
mst.mission.1958328._detail,Tingkatkan Afeksi 『N』 hingga 13000
mst.mission.1958329._title,Afeksi 『N』 hingga 13500
mst.mission.1958329._detail,Tingkatkan Afeksi 『N』 hingga 13500
mst.mission.1958330._title,Tingkatkan Afeksi 『N』 hingga 15000
mst.mission.1958330._detail,Tingkatkan Afeksi 『N』 hingga 15000
mst.mission.1958331._title,Tingkatkan Afeksi
mst.mission.1958331._detail,Tingkatkan Afeksi .
mst.mission.1958332._title,Tingkatkan Afeksi hingga 1000
mst.mission.1958332._detail,Tingkatkan Afeksi 『N』 hingga 1000
mst.mission.1958333._title,Tingkatkan Afeksi 『N』 hingga 2000
mst.mission.1958333._detail,Tingkatkan Afeksi 『N』 hingga 2000 atau lebih.
mst.mission.1958334._title,Afeksi 『N』 hingga 3500+
mst.mission.1958334._detail,Tingkatkan Afeksi 『N』 hingga 3500 atau lebih.
mst.mission.1958335._title,Afeksi 『N』 hingga 5000+
mst.mission.1958335._detail,Tingkatkan Afeksi 『N』 hingga 5000 atau lebih.
mst.mission.1958336._title,Afeksi 『N』 hingga 6000
mst.mission.1958336._detail,Tingkatkan Afeksi 『N』 hingga 6000
mst.mission.1958337._title,Afeksi 『N』 hingga 7000
mst.mission.1958337._detail,Tingkatkan Afeksi 『N』 hingga 7000
mst.mission.1958338._title,Afeksi 『N』 hingga 8000
mst.mission.1958338._detail,Tingkatkan Afeksi 『N』 hingga lebih dari 8000
mst.mission.1958339._title,Afeksi 『N』 hingga 9000
mst.mission.1958339._detail,Tingkatkan Afeksi 『N』 hingga 9000
mst.mission.1958340._title,Afeksi 『N』 hingga 10000+
mst.mission.1958340._detail,Tingkatkan Afeksi 『N』 hingga 10000 atau lebih
mst.mission.1958341._title,Afeksi 『N』 hingga 11000+
mst.mission.1958341._detail,Tingkatkan Afeksi 『N』 hingga lebih dari 11000
mst.mission.1958342._title,Afeksi 『N』 hingga 12500+
mst.mission.1958342._detail,Tingkatkan Afeksi 『N』 hingga lebih dari 12500
mst.mission.1958343._title,Afeksi 『N』 hingga 13000+
mst.mission.1958343._detail,Tingkatkan Afeksi 『N』 hingga 13000
mst.mission.1958344._title,Afeksi 『N』 hingga 13500
mst.mission.1958344._detail,Tingkatkan Afeksi 『N』 hingga 13500
mst.mission.1958345._title,Tingkatkan Afeksi 『N』 hingga 15000
mst.mission.1958345._detail,Tingkatkan Afeksi 『N』 hingga 15000
mst.mission.1958346._title,Tingkatkan Afeksi
mst.mission.1958346._detail,Tingkatkan Afeksi .
mst.mission.1958347._title,Tingkatkan Afeksi hingga 1000
mst.mission.1958347._detail,Tingkatkan Afeksi 『N』 hingga 1000
mst.mission.1958348._title,Tingkatkan Afeksi 『N』 hingga 2000
mst.mission.1958348._detail,Tingkatkan Afeksi 『N』 hingga 2000 atau lebih.
mst.mission.1958349._title,Afeksi 『N』 hingga 3500+
mst.mission.1958349._detail,Tingkatkan Afeksi 『N』 hingga 3500 atau lebih.
mst.mission.1958350._title,Afeksi 『N』 hingga 5000+
mst.mission.1958350._detail,Tingkatkan Afeksi 『N』 hingga 5000 atau lebih.
mst.mission.1958351._title,Afeksi 『N』 hingga 6000
mst.mission.1958351._detail,Tingkatkan Afeksi 『N』 hingga 6000
mst.mission.1958352._title,Afeksi 『N』 hingga 7000
mst.mission.1958352._detail,Tingkatkan Afeksi 『N』 hingga 7000
mst.mission.1958353._title,Afeksi 『N』 hingga 8000
mst.mission.1958353._detail,Tingkatkan Afeksi 『N』 hingga lebih dari 8000
mst.mission.1958354._title,Afeksi 『N』 hingga 9000
mst.mission.1958354._detail,Tingkatkan Afeksi 『N』 hingga 9000
mst.mission.1958355._title,Afeksi 『N』 hingga 10000+
mst.mission.1958355._detail,Tingkatkan Afeksi 『N』 hingga 10000 atau lebih
mst.mission.1958356._title,Afeksi 『N』 hingga 11000+
mst.mission.1958356._detail,Tingkatkan Afeksi 『N』 hingga lebih dari 11000
mst.mission.1958357._title,Afeksi 『N』 hingga 12500+
mst.mission.1958357._detail,Tingkatkan Afeksi 『N』 hingga lebih dari 12500
mst.mission.1958358._title,Afeksi 『N』 hingga 13000+
mst.mission.1958358._detail,Tingkatkan Afeksi 『N』 hingga 13000
mst.mission.1958359._title,Afeksi 『N』 hingga 13500
mst.mission.1958359._detail,Tingkatkan Afeksi 『N』 hingga 13500
mst.mission.1958360._title,Tingkatkan Afeksi 『N』 hingga 15000
mst.mission.1958360._detail,Tingkatkan Afeksi 『N』 hingga 15000
mst.mission.1958361._title,Tingkatkan Afeksi
mst.mission.1958361._detail,Tingkatkan Afeksi .
mst.mission.1958362._title,Tingkatkan Afeksi hingga 1000
mst.mission.1958362._detail,Tingkatkan Afeksi 『N』 hingga 1000
mst.mission.1958363._title,Tingkatkan Afeksi 『N』 hingga 2000
mst.mission.1958363._detail,Tingkatkan Afeksi 『N』 hingga 2000 atau lebih.
mst.mission.1958364._title,Afeksi 『N』 hingga 3500+
mst.mission.1958364._detail,Tingkatkan Afeksi 『N』 hingga 3500 atau lebih.
mst.mission.1958365._title,Afeksi 『N』 hingga 5000+
mst.mission.1958365._detail,Tingkatkan Afeksi 『N』 hingga 5000 atau lebih.
mst.mission.1958366._title,Afeksi 『N』 hingga 6000
mst.mission.1958366._detail,Tingkatkan Afeksi 『N』 hingga 6000
mst.mission.1958367._title,Afeksi 『N』 hingga 7000
mst.mission.1958367._detail,Tingkatkan Afeksi 『N』 hingga 7000
mst.mission.1958368._title,Afeksi 『N』 hingga 8000
mst.mission.1958368._detail,Tingkatkan Afeksi 『N』 hingga lebih dari 8000
mst.mission.1958369._title,Afeksi 『N』 hingga 9000
mst.mission.1958369._detail,Tingkatkan Afeksi 『N』 hingga 9000
mst.mission.1958370._title,Afeksi 『N』 hingga 10000+
mst.mission.1958370._detail,Tingkatkan Afeksi 『N』 hingga 10000 atau lebih
mst.mission.1958371._title,Afeksi 『N』 hingga 11000+
mst.mission.1958371._detail,Tingkatkan Afeksi 『N』 hingga lebih dari 11000
mst.mission.1958372._title,Afeksi 『N』 hingga 12500+
mst.mission.1958372._detail,Tingkatkan Afeksi 『N』 hingga lebih dari 12500
mst.mission.1958373._title,Afeksi 『N』 hingga 13000+
mst.mission.1958373._detail,Tingkatkan Afeksi 『N』 hingga 13000
mst.mission.1958374._title,Afeksi 『N』 hingga 13500
mst.mission.1958374._detail,Tingkatkan Afeksi 『N』 hingga 13500
mst.mission.1958375._title,Tingkatkan Afeksi 『N』 hingga 15000
mst.mission.1958375._detail,Tingkatkan Afeksi 『N』 hingga 15000
mst.mission.1958376._title,Tingkatkan Afeksi
mst.mission.1958376._detail,Tingkatkan Afeksi .
mst.mission.1958377._title,Tingkatkan Afeksi hingga 1000
mst.mission.1958377._detail,Tingkatkan Afeksi 『N』 hingga 1000
mst.mission.1958378._title,Tingkatkan Afeksi 『N』 hingga 2000
mst.mission.1958378._detail,Tingkatkan Afeksi 『N』 hingga 2000 atau lebih.
mst.mission.1958379._title,Afeksi 『N』 hingga 3500+
mst.mission.1958379._detail,Tingkatkan Afeksi 『N』 hingga 3500 atau lebih.
mst.mission.1958380._title,Afeksi 『N』 hingga 5000+
mst.mission.1958380._detail,Tingkatkan Afeksi 『N』 hingga 5000 atau lebih.
mst.mission.1958381._title,Afeksi 『N』 hingga 6000
mst.mission.1958381._detail,Tingkatkan Afeksi 『N』 hingga 6000
mst.mission.1958382._title,Afeksi 『N』 hingga 7000
mst.mission.1958382._detail,Tingkatkan Afeksi 『N』 hingga 7000
mst.mission.1958383._title,Afeksi 『N』 hingga 8000
mst.mission.1958383._detail,Tingkatkan Afeksi 『N』 hingga lebih dari 8000
mst.mission.1958384._title,Afeksi 『N』 hingga 9000
mst.mission.1958384._detail,Tingkatkan Afeksi 『N』 hingga 9000
mst.mission.1958385._title,Afeksi 『N』 hingga 10000+
mst.mission.1958385._detail,Tingkatkan Afeksi 『N』 hingga 10000 atau lebih
mst.mission.1958386._title,Afeksi 『N』 hingga 11000+
mst.mission.1958386._detail,Tingkatkan Afeksi 『N』 hingga lebih dari 11000
mst.mission.1958387._title,Afeksi 『N』 hingga 12500+
mst.mission.1958387._detail,Tingkatkan Afeksi 『N』 hingga lebih dari 12500
mst.mission.1958388._title,Afeksi 『N』 hingga 13000+
mst.mission.1958388._detail,Tingkatkan Afeksi 『N』 hingga 13000
mst.mission.1958389._title,Afeksi 『N』 hingga 13500
mst.mission.1958389._detail,Tingkatkan Afeksi 『N』 hingga 13500
mst.mission.1958390._title,Tingkatkan Afeksi 『N』 hingga 15000
mst.mission.1958390._detail,Tingkatkan Afeksi 『N』 hingga 15000
mst.mission.1958391._title,Tingkatkan Afeksi
mst.mission.1958391._detail,Tingkatkan Afeksi .
mst.mission.1958392._title,Tingkatkan Afeksi hingga 1000
mst.mission.1958392._detail,Tingkatkan Afeksi 『N』 hingga 1000
mst.mission.1958393._title,Tingkatkan Afeksi 『N』 hingga 2000
mst.mission.1958393._detail,Tingkatkan Afeksi 『N』 hingga 2000 atau lebih.
mst.mission.1958394._title,Afeksi 『N』 hingga 3500+
mst.mission.1958394._detail,Tingkatkan Afeksi 『N』 hingga 3500 atau lebih.
mst.mission.1958395._title,Afeksi 『N』 hingga 5000+
mst.mission.1958395._detail,Tingkatkan Afeksi 『N』 hingga 5000 atau lebih.
mst.mission.1958396._title,Afeksi 『N』 hingga 6000
mst.mission.1958396._detail,Tingkatkan Afeksi 『N』 hingga 6000
mst.mission.1958397._title,Afeksi 『N』 hingga 7000
mst.mission.1958397._detail,Tingkatkan Afeksi 『N』 hingga 7000
mst.mission.1958398._title,Afeksi 『N』 hingga 8000
mst.mission.1958398._detail,Tingkatkan Afeksi 『N』 hingga lebih dari 8000
mst.mission.1958399._title,Afeksi 『N』 hingga 9000
mst.mission.1958399._detail,Tingkatkan Afeksi 『N』 hingga 9000
mst.mission.1958400._title,Afeksi 『N』 hingga 10000+
mst.mission.1958400._detail,Tingkatkan Afeksi 『N』 hingga 10000 atau lebih
mst.mission.1958401._title,Afeksi 『N』 hingga 11000+
mst.mission.1958401._detail,Tingkatkan Afeksi 『N』 hingga lebih dari 11000
mst.mission.1958402._title,Afeksi 『N』 hingga 12500+
mst.mission.1958402._detail,Tingkatkan Afeksi 『N』 hingga lebih dari 12500
mst.mission.1958403._title,Afeksi 『N』 hingga 13000+
mst.mission.1958403._detail,Tingkatkan Afeksi 『N』 hingga 13000
mst.mission.1958404._title,Afeksi 『N』 hingga 13500
mst.mission.1958404._detail,Tingkatkan Afeksi 『N』 hingga 13500
mst.mission.1958405._title,Tingkatkan Afeksi 『N』 hingga 15000
mst.mission.1958405._detail,Tingkatkan Afeksi 『N』 hingga 15000
mst.mission.1958406._title,Tingkatkan Afeksi
mst.mission.1958406._detail,Tingkatkan Afeksi .
mst.mission.1958407._title,Tingkatkan Afeksi hingga 1000
mst.mission.1958407._detail,Tingkatkan Afeksi 『N』 hingga 1000
mst.mission.1958408._title,Tingkatkan Afeksi 『N』 hingga 2000
mst.mission.1958408._detail,Tingkatkan Afeksi 『N』 hingga 2000 atau lebih.
mst.mission.1958409._title,Afeksi 『N』 hingga 3500+
mst.mission.1958409._detail,Tingkatkan Afeksi 『N』 hingga 3500 atau lebih.
mst.mission.1958410._title,Afeksi 『N』 hingga 5000+
mst.mission.1958410._detail,Tingkatkan Afeksi 『N』 hingga 5000 atau lebih.
mst.mission.1958411._title,Afeksi 『N』 hingga 6000
mst.mission.1958411._detail,Tingkatkan Afeksi 『N』 hingga 6000
mst.mission.1958412._title,Afeksi 『N』 hingga 7000
mst.mission.1958412._detail,Tingkatkan Afeksi 『N』 hingga 7000
mst.mission.1958413._title,Afeksi 『N』 hingga 8000
mst.mission.1958413._detail,Tingkatkan Afeksi 『N』 hingga lebih dari 8000
mst.mission.1958414._title,Afeksi 『N』 hingga 9000
mst.mission.1958414._detail,Tingkatkan Afeksi 『N』 hingga 9000
mst.mission.1958415._title,Afeksi 『N』 hingga 10000+
mst.mission.1958415._detail,Tingkatkan Afeksi 『N』 hingga 10000 atau lebih
mst.mission.1958416._title,Afeksi 『N』 hingga 11000+
mst.mission.1958416._detail,Tingkatkan Afeksi 『N』 hingga lebih dari 11000
mst.mission.1958417._title,Afeksi 『N』 hingga 12500+
mst.mission.1958417._detail,Tingkatkan Afeksi 『N』 hingga lebih dari 12500
mst.mission.1958418._title,Afeksi 『N』 hingga 13000+
mst.mission.1958418._detail,Tingkatkan Afeksi 『N』 hingga 13000
mst.mission.1958419._title,Afeksi 『N』 hingga 13500
mst.mission.1958419._detail,Tingkatkan Afeksi 『N』 hingga 13500
mst.mission.1958420._title,Tingkatkan Afeksi 『N』 hingga 15000
mst.mission.1958420._detail,Tingkatkan Afeksi 『N』 hingga 15000
mst.mission.1958421._title,Tingkatkan Afeksi
mst.mission.1958421._detail,Tingkatkan Afeksi .
mst.mission.1958422._title,Tingkatkan Afeksi hingga 1000
mst.mission.1958422._detail,Tingkatkan Afeksi 『N』 hingga 1000
mst.mission.1958423._title,Tingkatkan Afeksi 『N』 hingga 2000
mst.mission.1958423._detail,Tingkatkan Afeksi 『N』 hingga 2000 atau lebih.
mst.mission.1958424._title,Afeksi 『N』 hingga 3500+
mst.mission.1958424._detail,Tingkatkan Afeksi 『N』 hingga 3500 atau lebih.
mst.mission.1958425._title,Afeksi 『N』 hingga 5000+
mst.mission.1958425._detail,Tingkatkan Afeksi 『N』 hingga 5000 atau lebih.
mst.mission.1958426._title,Afeksi 『N』 hingga 6000
mst.mission.1958426._detail,Tingkatkan Afeksi 『N』 hingga 6000
mst.mission.1958427._title,Afeksi 『N』 hingga 7000
mst.mission.1958427._detail,Tingkatkan Afeksi 『N』 hingga 7000
mst.mission.1958428._title,Afeksi 『N』 hingga 8000
mst.mission.1958428._detail,Tingkatkan Afeksi 『N』 hingga lebih dari 8000
mst.mission.1958429._title,Afeksi 『N』 hingga 9000
mst.mission.1958429._detail,Tingkatkan Afeksi 『N』 hingga 9000
mst.mission.1958430._title,Afeksi 『N』 hingga 10000+
mst.mission.1958430._detail,Tingkatkan Afeksi 『N』 hingga 10000 atau lebih
mst.mission.1958431._title,Afeksi 『N』 hingga 11000+
mst.mission.1958431._detail,Tingkatkan Afeksi 『N』 hingga lebih dari 11000
mst.mission.1958432._title,Afeksi 『N』 hingga 12500+
mst.mission.1958432._detail,Tingkatkan Afeksi 『N』 hingga lebih dari 12500
mst.mission.1958433._title,Afeksi 『N』 hingga 13000+
mst.mission.1958433._detail,Tingkatkan Afeksi 『N』 hingga 13000
mst.mission.1958434._title,Afeksi 『N』 hingga 13500
mst.mission.1958434._detail,Tingkatkan Afeksi 『N』 hingga 13500
mst.mission.1958435._title,Tingkatkan Afeksi 『N』 hingga 15000
mst.mission.1958435._detail,Tingkatkan Afeksi 『N』 hingga 15000
mst.mission.1958436._title,Tingkatkan Afeksi
mst.mission.1958436._detail,Tingkatkan Afeksi .
mst.mission.1958437._title,Tingkatkan Afeksi hingga 1000
mst.mission.1958437._detail,Tingkatkan Afeksi 『N』 hingga 1000
mst.mission.1958438._title,Tingkatkan Afeksi 『N』 hingga 2000
mst.mission.1958438._detail,Tingkatkan Afeksi 『N』 hingga 2000 atau lebih.
mst.mission.1958439._title,Afeksi 『N』 hingga 3500+
mst.mission.1958439._detail,Tingkatkan Afeksi 『N』 hingga 3500 atau lebih.
mst.mission.1958440._title,Afeksi 『N』 hingga 5000+
mst.mission.1958440._detail,Tingkatkan Afeksi 『N』 hingga 5000 atau lebih.
mst.mission.1958441._title,Afeksi 『N』 hingga 6000
mst.mission.1958441._detail,Tingkatkan Afeksi 『N』 hingga 6000
mst.mission.1958442._title,Afeksi 『N』 hingga 7000
mst.mission.1958442._detail,Tingkatkan Afeksi 『N』 hingga 7000
mst.mission.1958443._title,Afeksi 『N』 hingga 8000
mst.mission.1958443._detail,Tingkatkan Afeksi 『N』 hingga lebih dari 8000
mst.mission.1958444._title,Afeksi 『N』 hingga 9000
mst.mission.1958444._detail,Tingkatkan Afeksi 『N』 hingga 9000
mst.mission.1958445._title,Afeksi 『N』 hingga 10000+
mst.mission.1958445._detail,Tingkatkan Afeksi 『N』 hingga 10000 atau lebih
mst.mission.1958446._title,Afeksi 『N』 hingga 11000+
mst.mission.1958446._detail,Tingkatkan Afeksi 『N』 hingga lebih dari 11000
mst.mission.1958447._title,Afeksi 『N』 hingga 12500+
mst.mission.1958447._detail,Tingkatkan Afeksi 『N』 hingga lebih dari 12500
mst.mission.1958448._title,Afeksi 『N』 hingga 13000+
mst.mission.1958448._detail,Tingkatkan Afeksi 『N』 hingga 13000
mst.mission.1958449._title,Afeksi 『N』 hingga 13500
mst.mission.1958449._detail,Tingkatkan Afeksi 『N』 hingga 13500
mst.mission.1958450._title,Tingkatkan Afeksi 『N』 hingga 15000
mst.mission.1958450._detail,Tingkatkan Afeksi 『N』 hingga 15000
mst.mission.1958451._title,Tingkatkan Afeksi
mst.mission.1958451._detail,Tingkatkan Afeksi .
mst.mission.1958452._title,Tingkatkan Afeksi hingga 1000
mst.mission.1958452._detail,Tingkatkan Afeksi 『N』 hingga 1000
mst.mission.1958453._title,Tingkatkan Afeksi 『N』 hingga 2000
mst.mission.1958453._detail,Tingkatkan Afeksi 『N』 hingga 2000 atau lebih.
mst.mission.1958454._title,Afeksi 『N』 hingga 3500+
mst.mission.1958454._detail,Tingkatkan Afeksi 『N』 hingga 3500 atau lebih.
mst.mission.1958455._title,Afeksi 『N』 hingga 5000+
mst.mission.1958455._detail,Tingkatkan Afeksi 『N』 hingga 5000 atau lebih.
mst.mission.1958456._title,Afeksi 『N』 hingga 6000
mst.mission.1958456._detail,Tingkatkan Afeksi 『N』 hingga 6000
mst.mission.1958457._title,Afeksi 『N』 hingga 7000
mst.mission.1958457._detail,Tingkatkan Afeksi 『N』 hingga 7000
mst.mission.1958458._title,Afeksi 『N』 hingga 8000
mst.mission.1958458._detail,Tingkatkan Afeksi 『N』 hingga lebih dari 8000
mst.mission.1958459._title,Afeksi 『N』 hingga 9000
mst.mission.1958459._detail,Tingkatkan Afeksi 『N』 hingga 9000
mst.mission.1958460._title,Afeksi 『N』 hingga 10000+
mst.mission.1958460._detail,Tingkatkan Afeksi 『N』 hingga 10000 atau lebih
mst.mission.1958461._title,Afeksi 『N』 hingga 11000+
mst.mission.1958461._detail,Tingkatkan Afeksi 『N』 hingga lebih dari 11000
mst.mission.1958462._title,Afeksi 『N』 hingga 12500+
mst.mission.1958462._detail,Tingkatkan Afeksi 『N』 hingga lebih dari 12500
mst.mission.1958463._title,Afeksi 『N』 hingga 13000+
mst.mission.1958463._detail,Tingkatkan Afeksi 『N』 hingga 13000
mst.mission.1958464._title,Afeksi 『N』 hingga 13500
mst.mission.1958464._detail,Tingkatkan Afeksi 『N』 hingga 13500
mst.mission.1958465._title,Tingkatkan Afeksi 『N』 hingga 15000
mst.mission.1958465._detail,Tingkatkan Afeksi 『N』 hingga 15000
mst.mission.1958466._title,Tingkatkan Afeksi
mst.mission.1958466._detail,Tingkatkan Afeksi .
mst.mission.1958467._title,Tingkatkan Afeksi hingga 1000
mst.mission.1958467._detail,Tingkatkan Afeksi 『N』 hingga 1000
mst.mission.1958468._title,Tingkatkan Afeksi 『N』 hingga 2000
mst.mission.1958468._detail,Tingkatkan Afeksi 『N』 hingga 2000 atau lebih.
mst.mission.1958469._title,Afeksi 『N』 hingga 3500+
mst.mission.1958469._detail,Tingkatkan Afeksi 『N』 hingga 3500 atau lebih.
mst.mission.1958470._title,Afeksi 『N』 hingga 5000+
mst.mission.1958470._detail,Tingkatkan Afeksi 『N』 hingga 5000 atau lebih.
mst.mission.1958471._title,Afeksi 『N』 hingga 6000
mst.mission.1958471._detail,Tingkatkan Afeksi 『N』 hingga 6000
mst.mission.1958472._title,Afeksi 『N』 hingga 7000
mst.mission.1958472._detail,Tingkatkan Afeksi 『N』 hingga 7000
mst.mission.1958473._title,Afeksi 『N』 hingga 8000
mst.mission.1958473._detail,Tingkatkan Afeksi 『N』 hingga lebih dari 8000
mst.mission.1958474._title,Afeksi 『N』 hingga 9000
mst.mission.1958474._detail,Tingkatkan Afeksi 『N』 hingga 9000
mst.mission.1958475._title,Afeksi 『N』 hingga 10000+
mst.mission.1958475._detail,Tingkatkan Afeksi 『N』 hingga 10000 atau lebih
mst.mission.1958476._title,Afeksi 『N』 hingga 11000+
mst.mission.1958476._detail,Tingkatkan Afeksi 『N』 hingga lebih dari 11000
mst.mission.1958477._title,Afeksi 『N』 hingga 12500+
mst.mission.1958477._detail,Tingkatkan Afeksi 『N』 hingga lebih dari 12500
mst.mission.1958478._title,Afeksi 『N』 hingga 13000+
mst.mission.1958478._detail,Tingkatkan Afeksi 『N』 hingga 13000
mst.mission.1958479._title,Afeksi 『N』 hingga 13500
mst.mission.1958479._detail,Tingkatkan Afeksi 『N』 hingga 13500
mst.mission.1958480._title,Tingkatkan Afeksi 『N』 hingga 15000
mst.mission.1958480._detail,Tingkatkan Afeksi 『N』 hingga 15000
mst.mission.1958481._title,Tingkatkan Afeksi
mst.mission.1958481._detail,Tingkatkan Afeksi .
mst.mission.1958482._title,Tingkatkan Afeksi hingga 1000
mst.mission.1958482._detail,Tingkatkan Afeksi 『N』 hingga 1000
mst.mission.1958483._title,Tingkatkan Afeksi 『N』 hingga 2000
mst.mission.1958483._detail,Tingkatkan Afeksi 『N』 hingga 2000 atau lebih.
mst.mission.1958484._title,Afeksi 『N』 hingga 3500+
mst.mission.1958484._detail,Tingkatkan Afeksi 『N』 hingga 3500 atau lebih.
mst.mission.1958485._title,Afeksi 『N』 hingga 5000+
mst.mission.1958485._detail,Tingkatkan Afeksi 『N』 hingga 5000 atau lebih.
mst.mission.1958486._title,Afeksi 『N』 hingga 6000
mst.mission.1958486._detail,Tingkatkan Afeksi 『N』 hingga 6000
mst.mission.1958487._title,Afeksi 『N』 hingga 7000
mst.mission.1958487._detail,Tingkatkan Afeksi 『N』 hingga 7000
mst.mission.1958488._title,Afeksi 『N』 hingga 8000
mst.mission.1958488._detail,Tingkatkan Afeksi 『N』 hingga lebih dari 8000
mst.mission.1958489._title,Afeksi 『N』 hingga 9000
mst.mission.1958489._detail,Tingkatkan Afeksi 『N』 hingga 9000
mst.mission.1958490._title,Afeksi 『N』 hingga 10000+
mst.mission.1958490._detail,Tingkatkan Afeksi 『N』 hingga 10000 atau lebih
mst.mission.1958491._title,Afeksi 『N』 hingga 11000+
mst.mission.1958491._detail,Tingkatkan Afeksi 『N』 hingga lebih dari 11000
mst.mission.1958492._title,Afeksi 『N』 hingga 12500+
mst.mission.1958492._detail,Tingkatkan Afeksi 『N』 hingga lebih dari 12500
mst.mission.1958493._title,Afeksi 『N』 hingga 13000+
mst.mission.1958493._detail,Tingkatkan Afeksi 『N』 hingga 13000
mst.mission.1958494._title,Afeksi 『N』 hingga 13500
mst.mission.1958494._detail,Tingkatkan Afeksi 『N』 hingga 13500
mst.mission.1958495._title,Tingkatkan Afeksi 『N』 hingga 15000
mst.mission.1958495._detail,Tingkatkan Afeksi 『N』 hingga 15000
mst.mission.1958496._title,Tingkatkan Afeksi
mst.mission.1958496._detail,Tingkatkan Afeksi .
mst.mission.1958497._title,Tingkatkan Afeksi hingga 1000
mst.mission.1958497._detail,Tingkatkan Afeksi 『N』 hingga 1000
mst.mission.1958498._title,Tingkatkan Afeksi 『N』 hingga 2000
mst.mission.1958498._detail,Tingkatkan Afeksi 『N』 hingga 2000 atau lebih.
mst.mission.1958499._title,Afeksi 『N』 hingga 3500+
mst.mission.1958499._detail,Tingkatkan Afeksi 『N』 hingga 3500 atau lebih.
mst.mission.1958500._title,Afeksi 『N』 hingga 5000+
mst.mission.1958500._detail,Tingkatkan Afeksi 『N』 hingga 5000 atau lebih.
mst.mission.1958501._title,Afeksi 『N』 hingga 6000
mst.mission.1958501._detail,Tingkatkan Afeksi 『N』 hingga 6000
mst.mission.1958502._title,Afeksi 『N』 hingga 7000
mst.mission.1958502._detail,Tingkatkan Afeksi 『N』 hingga 7000
mst.mission.1958503._title,Afeksi 『N』 hingga 8000
mst.mission.1958503._detail,Tingkatkan Afeksi 『N』 hingga lebih dari 8000
mst.mission.1958504._title,Afeksi 『N』 hingga 9000
mst.mission.1958504._detail,Tingkatkan Afeksi 『N』 hingga 9000
mst.mission.1958505._title,Afeksi 『N』 hingga 10000+
mst.mission.1958505._detail,Tingkatkan Afeksi 『N』 hingga 10000 atau lebih
mst.mission.1958506._title,Afeksi 『N』 hingga 11000+
mst.mission.1958506._detail,Tingkatkan Afeksi 『N』 hingga lebih dari 11000
mst.mission.1958507._title,Afeksi 『N』 hingga 12500+
mst.mission.1958507._detail,Tingkatkan Afeksi 『N』 hingga lebih dari 12500
mst.mission.1958508._title,Afeksi 『N』 hingga 13000+
mst.mission.1958508._detail,Tingkatkan Afeksi 『N』 hingga 13000
mst.mission.1958509._title,Afeksi 『N』 hingga 13500
mst.mission.1958509._detail,Tingkatkan Afeksi 『N』 hingga 13500
mst.mission.1958510._title,Tingkatkan Afeksi 『N』 hingga 15000
mst.mission.1958510._detail,Tingkatkan Afeksi 『N』 hingga 15000
mst.mission.1958511._title,Tingkatkan Afeksi
mst.mission.1958511._detail,Tingkatkan Afeksi .
mst.mission.1958512._title,Tingkatkan Afeksi hingga 1000
mst.mission.1958512._detail,Tingkatkan Afeksi 『N』 hingga 1000
mst.mission.1958513._title,Tingkatkan Afeksi 『N』 hingga 2000
mst.mission.1958513._detail,Tingkatkan Afeksi 『N』 hingga 2000 atau lebih.
mst.mission.1958514._title,Afeksi 『N』 hingga 3500+
mst.mission.1958514._detail,Tingkatkan Afeksi 『N』 hingga 3500 atau lebih.
mst.mission.1958515._title,Afeksi 『N』 hingga 5000+
mst.mission.1958515._detail,Tingkatkan Afeksi 『N』 hingga 5000 atau lebih.
mst.mission.1958516._title,Afeksi 『N』 hingga 6000
mst.mission.1958516._detail,Tingkatkan Afeksi 『N』 hingga 6000
mst.mission.1958517._title,Afeksi 『N』 hingga 7000
mst.mission.1958517._detail,Tingkatkan Afeksi 『N』 hingga 7000
mst.mission.1958518._title,Afeksi 『N』 hingga 8000
mst.mission.1958518._detail,Tingkatkan Afeksi 『N』 hingga lebih dari 8000
mst.mission.1958519._title,Afeksi 『N』 hingga 9000
mst.mission.1958519._detail,Tingkatkan Afeksi 『N』 hingga 9000
mst.mission.1958520._title,Afeksi 『N』 hingga 10000+
mst.mission.1958520._detail,Tingkatkan Afeksi 『N』 hingga 10000 atau lebih
mst.mission.1958521._title,Afeksi 『N』 hingga 11000+
mst.mission.1958521._detail,Tingkatkan Afeksi 『N』 hingga lebih dari 11000
mst.mission.1958522._title,Afeksi 『N』 hingga 12500+
mst.mission.1958522._detail,Tingkatkan Afeksi 『N』 hingga lebih dari 12500
mst.mission.1958523._title,Afeksi 『N』 hingga 13000+
mst.mission.1958523._detail,Tingkatkan Afeksi 『N』 hingga 13000
mst.mission.1958524._title,Afeksi 『N』 hingga 13500
mst.mission.1958524._detail,Tingkatkan Afeksi 『N』 hingga 13500
mst.mission.1958525._title,Tingkatkan Afeksi 『N』 hingga 15000
mst.mission.1958525._detail,Tingkatkan Afeksi 『N』 hingga 15000
mst.mission.1958526._title,Tingkatkan Afeksi
mst.mission.1958526._detail,Tingkatkan Afeksi .
mst.mission.1958527._title,Tingkatkan Afeksi hingga 1000
mst.mission.1958527._detail,Tingkatkan Afeksi 『N』 hingga 1000
mst.mission.1958528._title,Tingkatkan Afeksi 『N』 hingga 2000
mst.mission.1958528._detail,Tingkatkan Afeksi 『N』 hingga 2000 atau lebih.
mst.mission.1958529._title,Afeksi 『N』 hingga 3500+
mst.mission.1958529._detail,Tingkatkan Afeksi 『N』 hingga 3500 atau lebih.
mst.mission.1958530._title,Afeksi 『N』 hingga 5000+
mst.mission.1958530._detail,Tingkatkan Afeksi 『N』 hingga 5000 atau lebih.
mst.mission.1958531._title,Afeksi 『N』 hingga 6000
mst.mission.1958531._detail,Tingkatkan Afeksi 『N』 hingga 6000
mst.mission.1958532._title,Afeksi 『N』 hingga 7000
mst.mission.1958532._detail,Tingkatkan Afeksi 『N』 hingga 7000
mst.mission.1958533._title,Afeksi 『N』 hingga 8000
mst.mission.1958533._detail,Tingkatkan Afeksi 『N』 hingga lebih dari 8000
mst.mission.1958534._title,Afeksi 『N』 hingga 9000
mst.mission.1958534._detail,Tingkatkan Afeksi 『N』 hingga 9000
mst.mission.1958535._title,Afeksi 『N』 hingga 10000+
mst.mission.1958535._detail,Tingkatkan Afeksi 『N』 hingga 10000 atau lebih
mst.mission.1958536._title,Afeksi 『N』 hingga 11000+
mst.mission.1958536._detail,Tingkatkan Afeksi 『N』 hingga lebih dari 11000
mst.mission.1958537._title,Afeksi 『N』 hingga 12500+
mst.mission.1958537._detail,Tingkatkan Afeksi 『N』 hingga lebih dari 12500
mst.mission.1958538._title,Afeksi 『N』 hingga 13000+
mst.mission.1958538._detail,Tingkatkan Afeksi 『N』 hingga 13000
mst.mission.1958539._title,Afeksi 『N』 hingga 13500
mst.mission.1958539._detail,Tingkatkan Afeksi 『N』 hingga 13500
mst.mission.1958540._title,Tingkatkan Afeksi 『N』 hingga 15000
mst.mission.1958540._detail,Tingkatkan Afeksi 『N』 hingga 15000
mst.mission.1958541._title,Tingkatkan Afeksi
mst.mission.1958541._detail,Tingkatkan Afeksi .
mst.mission.1958542._title,Tingkatkan Afeksi hingga 1000
mst.mission.1958542._detail,Tingkatkan Afeksi 『N』 hingga 1000
mst.mission.1958543._title,Tingkatkan Afeksi 『N』 hingga 2000
mst.mission.1958543._detail,Tingkatkan Afeksi 『N』 hingga 2000 atau lebih.
mst.mission.1958544._title,Afeksi 『N』 hingga 3500+
mst.mission.1958544._detail,Tingkatkan Afeksi 『N』 hingga 3500 atau lebih.
mst.mission.1958545._title,Afeksi 『N』 hingga 5000+
mst.mission.1958545._detail,Tingkatkan Afeksi 『N』 hingga 5000 atau lebih.
mst.mission.1958546._title,Afeksi 『N』 hingga 6000
mst.mission.1958546._detail,Tingkatkan Afeksi 『N』 hingga 6000
mst.mission.1958547._title,Afeksi 『N』 hingga 7000
mst.mission.1958547._detail,Tingkatkan Afeksi 『N』 hingga 7000
mst.mission.1958548._title,Afeksi 『N』 hingga 8000
mst.mission.1958548._detail,Tingkatkan Afeksi 『N』 hingga lebih dari 8000
mst.mission.1958549._title,Afeksi 『N』 hingga 9000
mst.mission.1958549._detail,Tingkatkan Afeksi 『N』 hingga 9000
mst.mission.1958550._title,Afeksi 『N』 hingga 10000+
mst.mission.1958550._detail,Tingkatkan Afeksi 『N』 hingga 10000 atau lebih
mst.mission.1958551._title,Afeksi 『N』 hingga 11000+
mst.mission.1958551._detail,Tingkatkan Afeksi 『N』 hingga lebih dari 11000
mst.mission.1958552._title,Afeksi 『N』 hingga 12500+
mst.mission.1958552._detail,Tingkatkan Afeksi 『N』 hingga lebih dari 12500
mst.mission.1958553._title,Afeksi 『N』 hingga 13000+
mst.mission.1958553._detail,Tingkatkan Afeksi 『N』 hingga 13000
mst.mission.1958554._title,Afeksi 『N』 hingga 13500
mst.mission.1958554._detail,Tingkatkan Afeksi 『N』 hingga 13500
mst.mission.1958555._title,Tingkatkan Afeksi 『N』 hingga 15000
mst.mission.1958555._detail,Tingkatkan Afeksi 『N』 hingga 15000
mst.mission.1958556._title,Tingkatkan Afeksi
mst.mission.1958556._detail,Tingkatkan Afeksi .
mst.mission.1958557._title,Tingkatkan Afeksi hingga 1000
mst.mission.1958557._detail,Tingkatkan Afeksi 『N』 hingga 1000
mst.mission.1958558._title,Tingkatkan Afeksi 『N』 hingga 2000
mst.mission.1958558._detail,Tingkatkan Afeksi 『N』 hingga 2000 atau lebih.
mst.mission.1958559._title,Afeksi 『N』 hingga 3500+
mst.mission.1958559._detail,Tingkatkan Afeksi 『N』 hingga 3500 atau lebih.
mst.mission.1958560._title,Afeksi 『N』 hingga 5000+
mst.mission.1958560._detail,Tingkatkan Afeksi 『N』 hingga 5000 atau lebih.
mst.mission.1958561._title,Afeksi 『N』 hingga 6000
mst.mission.1958561._detail,Tingkatkan Afeksi 『N』 hingga 6000
mst.mission.1958562._title,Afeksi 『N』 hingga 7000
mst.mission.1958562._detail,Tingkatkan Afeksi 『N』 hingga 7000
mst.mission.1958563._title,Afeksi 『N』 hingga 8000
mst.mission.1958563._detail,Tingkatkan Afeksi 『N』 hingga lebih dari 8000
mst.mission.1958564._title,Afeksi 『N』 hingga 9000
mst.mission.1958564._detail,Tingkatkan Afeksi 『N』 hingga 9000
mst.mission.1958565._title,Afeksi 『N』 hingga 10000+
mst.mission.1958565._detail,Tingkatkan Afeksi 『N』 hingga 10000 atau lebih
mst.mission.1958566._title,Afeksi 『N』 hingga 11000+
mst.mission.1958566._detail,Tingkatkan Afeksi 『N』 hingga lebih dari 11000
mst.mission.1958567._title,Afeksi 『N』 hingga 12500+
mst.mission.1958567._detail,Tingkatkan Afeksi 『N』 hingga lebih dari 12500
mst.mission.1958568._title,Afeksi 『N』 hingga 13000+
mst.mission.1958568._detail,Tingkatkan Afeksi 『N』 hingga 13000
mst.mission.1958569._title,Afeksi 『N』 hingga 13500
mst.mission.1958569._detail,Tingkatkan Afeksi 『N』 hingga 13500
mst.mission.1958570._title,Tingkatkan Afeksi 『N』 hingga 15000
mst.mission.1958570._detail,Tingkatkan Afeksi 『N』 hingga 15000
mst.mission.1958571._title,Tingkatkan Afeksi
mst.mission.1958571._detail,Tingkatkan Afeksi .
mst.mission.1958572._title,Tingkatkan Afeksi hingga 1000
mst.mission.1958572._detail,Tingkatkan Afeksi 『N』 hingga 1000
mst.mission.1958573._title,Tingkatkan Afeksi 『N』 hingga 2000
mst.mission.1958573._detail,Tingkatkan Afeksi 『N』 hingga 2000 atau lebih.
mst.mission.1958574._title,Afeksi 『N』 hingga 3500+
mst.mission.1958574._detail,Tingkatkan Afeksi 『N』 hingga 3500 atau lebih.
mst.mission.1958575._title,Afeksi 『N』 hingga 5000+
mst.mission.1958575._detail,Tingkatkan Afeksi 『N』 hingga 5000 atau lebih.
mst.mission.1958576._title,Afeksi 『N』 hingga 6000
mst.mission.1958576._detail,Tingkatkan Afeksi 『N』 hingga 6000
mst.mission.1958577._title,Afeksi 『N』 hingga 7000
mst.mission.1958577._detail,Tingkatkan Afeksi 『N』 hingga 7000
mst.mission.1958578._title,Afeksi 『N』 hingga 8000
mst.mission.1958578._detail,Tingkatkan Afeksi 『N』 hingga lebih dari 8000
mst.mission.1958579._title,Afeksi 『N』 hingga 9000
mst.mission.1958579._detail,Tingkatkan Afeksi 『N』 hingga 9000
mst.mission.1958580._title,Afeksi 『N』 hingga 10000+
mst.mission.1958580._detail,Tingkatkan Afeksi 『N』 hingga 10000 atau lebih
mst.mission.1958581._title,Afeksi 『N』 hingga 11000+
mst.mission.1958581._detail,Tingkatkan Afeksi 『N』 hingga lebih dari 11000
mst.mission.1958582._title,Afeksi 『N』 hingga 12500+
mst.mission.1958582._detail,Tingkatkan Afeksi 『N』 hingga lebih dari 12500
mst.mission.1958583._title,Afeksi 『N』 hingga 13000+
mst.mission.1958583._detail,Tingkatkan Afeksi 『N』 hingga 13000
mst.mission.1958584._title,Afeksi 『N』 hingga 13500
mst.mission.1958584._detail,Tingkatkan Afeksi 『N』 hingga 13500
mst.mission.1958585._title,Tingkatkan Afeksi 『N』 hingga 15000
mst.mission.1958585._detail,Tingkatkan Afeksi 『N』 hingga 15000
mst.mission.1953032._title,Login sekarang
mst.mission.1953032._detail,Login sekarang
mst.mission.1953033._title,Login sekarang
mst.mission.1953033._detail,Login sekarang
mst.mission.1953034._title,Login sekarang
mst.mission.1953034._detail,Login sekarang
mst.mission.1953036._title,Login sekarang
mst.mission.1953036._detail,Login sekarang
mst.mission.1953038._title,Login sekarang
mst.mission.1953038._detail,Login sekarang
mst.mission.1953039._title,Login sekarang
mst.mission.1953039._detail,Login sekarang
mst.mission.1953040._title,Login sekarang
mst.mission.1953040._detail,Login sekarang
mst.mission.1953041._title,Login sekarang
mst.mission.1953041._detail,Login sekarang
mst.mission.1953042._title,Login sekarang
mst.mission.1953042._detail,Login sekarang
mst.mission.1953043._title,Login sekarang
mst.mission.1953043._detail,Login sekarang
mst.mission.1953044._title,Login sekarang
mst.mission.1953044._detail,Login sekarang
mst.mission.1953046._title,Login sekarang
mst.mission.1953046._detail,Login sekarang
mst.mission.1953048._title,Login sekarang
mst.mission.1953048._detail,Login sekarang
mst.mission.1953049._title,Login sekarang
mst.mission.1953049._detail,Login sekarang
mst.mission.1953051._title,Login sekarang
mst.mission.1953051._detail,Login sekarang
mst.mission.1953053._title,Login sekarang
mst.mission.1953053._detail,Login sekarang
mst.mission.1953054._title,Login sekarang
mst.mission.1953054._detail,Login sekarang
mst.mission.1953055._title,Login sekarang
mst.mission.1953055._detail,Login sekarang
mst.mission.1953056._title,Login sekarang
mst.mission.1953056._detail,Login sekarang
mst.mission.1953057._title,Login sekarang
mst.mission.1953057._detail,Login sekarang
mst.mission.1953058._title,Login sekarang
mst.mission.1953058._detail,Login sekarang
mst.mission.1953059._title,Login sekarang
mst.mission.1953059._detail,Login sekarang
mst.mission.1953060._title,Login sekarang
mst.mission.1953060._detail,Login sekarang
mst.mission.1953061._title,Login sekarang
mst.mission.1953061._detail,Login sekarang
mst.mission.1953062._title,Login sekarang
mst.mission.1953062._detail,Login sekarang
mst.mission.1953063._title,Login sekarang
mst.mission.1953063._detail,Login sekarang
mst.mission.1953064._title,Login sekarang
mst.mission.1953064._detail,Login sekarang
mst.mission.1953065._title,Login sekarang
mst.mission.1953065._detail,Login sekarang
mst.mission.1953066._title,Login sekarang
mst.mission.1953066._detail,Login sekarang
mst.mission.1953068._title,Login sekarang
mst.mission.1953068._detail,Login sekarang
mst.mission.1953069._title,Login sekarang
mst.mission.1953069._detail,Login sekarang
mst.mission.1953070._title,Login sekarang
mst.mission.1953070._detail,Login sekarang
mst.mission.1953071._title,Login sekarang
mst.mission.1953071._detail,Login sekarang
mst.mission.1953072._title,Login sekarang
mst.mission.1953072._detail,Login sekarang
mst.mission.1953074._title,Login sekarang
mst.mission.1953074._detail,Login sekarang
mst.mission.1953075._title,Login sekarang
mst.mission.1953075._detail,Login sekarang
mst.mission.1953076._title,Login sekarang
mst.mission.1953076._detail,Login sekarang
mst.mission.1953077._title,Login sekarang
mst.mission.1953077._detail,Login sekarang
mst.mission.1953078._title,Login sekarang
mst.mission.1953078._detail,Login sekarang
mst.mission.1953079._title,Login sekarang
mst.mission.1953079._detail,Login sekarang
mst.mission.1953080._title,Login sekarang
mst.mission.1953080._detail,Login sekarang
mst.mission.1953081._title,Login sekarang
mst.mission.1953081._detail,Login sekarang
mst.mission.1953082._title,Login sekarang
mst.mission.1953082._detail,Login sekarang
mst.mission.1953083._title,Login sekarang
mst.mission.1953083._detail,Login sekarang
mst.mission.1953084._title,Login sekarang
mst.mission.1953084._detail,Login sekarang
mst.mission.1953086._title,Login sekarang
mst.mission.1953086._detail,Login sekarang
mst.mission.1953087._title,Login sekarang
mst.mission.1953087._detail,Login sekarang
mst.mission.1953088._title,Login sekarang
mst.mission.1953088._detail,Login sekarang
mst.mission.1953089._title,Login sekarang
mst.mission.1953089._detail,Login sekarang
mst.mission.1953090._title,Login sekarang
mst.mission.1953090._detail,Login sekarang
mst.mission.1953091._title,Login sekarang
mst.mission.1953091._detail,Login sekarang
mst.mission.1953092._title,Login sekarang
mst.mission.1953092._detail,Login sekarang
mst.mission.1953093._title,Login sekarang
mst.mission.1953093._detail,Login sekarang
mst.mission.1953094._title,Login sekarang
mst.mission.1953094._detail,Login sekarang
mst.mission.1953095._title,Login sekarang
mst.mission.1953095._detail,Login sekarang
mst.mission.1953096._title,Login sekarang
mst.mission.1953096._detail,Login sekarang
mst.mission.1953098._title,Login sekarang
mst.mission.1953098._detail,Login sekarang
mst.mission.1953099._title,Login sekarang
mst.mission.1953099._detail,Login sekarang
mst.mission.1953100._title,Login sekarang
mst.mission.1953100._detail,Login sekarang
mst.mission.1953101._title,Login sekarang
mst.mission.1953101._detail,Login sekarang
mst.mission.1953102._title,Login sekarang
mst.mission.1953102._detail,Login sekarang
mst.mission.1953103._title,Login sekarang
mst.mission.1953103._detail,Login sekarang
mst.mission.1953104._title,Login sekarang
mst.mission.1953104._detail,Login sekarang
mst.mission.1953105._title,Login sekarang
mst.mission.1953105._detail,Login sekarang
mst.mission.1953106._title,Login sekarang
mst.mission.1953106._detail,Login sekarang
mst.mission.1953107._title,Login sekarang
mst.mission.1953107._detail,Login sekarang
mst.mission.1953108._title,Login sekarang
mst.mission.1953108._detail,Login sekarang
mst.mission.1953110._title,Login sekarang
mst.mission.1953110._detail,Login sekarang
mst.mission.1953111._title,Login sekarang
mst.mission.1953111._detail,Login sekarang
mst.mission.1953112._title,Login sekarang
mst.mission.1953112._detail,Login sekarang
mst.mission.1953113._title,Login sekarang
mst.mission.1953113._detail,Login sekarang
mst.mission.1953114._title,Login sekarang
mst.mission.1953114._detail,Login sekarang
mst.mission.1953115._title,Login sekarang
mst.mission.1953115._detail,Login sekarang
mst.mission.1953116._title,Login sekarang
mst.mission.1953116._detail,Login sekarang
mst.mission.1953117._title,Login sekarang
mst.mission.1953117._detail,Login sekarang
mst.mission.1953118._title,Login sekarang
mst.mission.1953118._detail,Login sekarang
mst.mission.1953119._title,Login sekarang
mst.mission.1953119._detail,Login sekarang
mst.mission.1953120._title,Login sekarang
mst.mission.1953120._detail,Login sekarang
mst.mission.1953122._title,Login sekarang
mst.mission.1953122._detail,Login sekarang
mst.mission.1953123._title,Login sekarang
mst.mission.1953123._detail,Login sekarang
mst.mission.1953124._title,Login sekarang
mst.mission.1953124._detail,Login sekarang
mst.mission.1953125._title,Login sekarang
mst.mission.1953125._detail,Login sekarang
mst.mission.1953126._title,Login sekarang
mst.mission.1953126._detail,Login sekarang
mst.mission.1953127._title,Login sekarang
mst.mission.1953127._detail,Login sekarang
mst.mission.1953128._title,Login sekarang
mst.mission.1953128._detail,Login sekarang
mst.mission.1953129._title,Login sekarang
mst.mission.1953129._detail,Login sekarang
mst.mission.1953130._title,Login sekarang
mst.mission.1953130._detail,Login sekarang
mst.mission.1953131._title,Login sekarang
mst.mission.1953131._detail,Login sekarang
mst.mission.1953132._title,Login sekarang
mst.mission.1953132._detail,Login sekarang
mst.mission.1953134._title,Login sekarang
mst.mission.1953134._detail,Login sekarang
mst.mission.1953135._title,Login sekarang
mst.mission.1953135._detail,Login sekarang
mst.mission.1953136._title,Login sekarang
mst.mission.1953136._detail,Login sekarang
mst.mission.1953137._title,Login sekarang
mst.mission.1953137._detail,Login sekarang
mst.mission.1953138._title,Login sekarang
mst.mission.1953138._detail,Login sekarang
mst.mission.1953139._title,Login sekarang
mst.mission.1953139._detail,Login sekarang
mst.mission.1953140._title,Login sekarang
mst.mission.1953140._detail,Login sekarang
mst.mission.1953141._title,Login sekarang
mst.mission.1953141._detail,Login sekarang
mst.mission.1953142._title,Login sekarang
mst.mission.1953142._detail,Login sekarang
mst.mission.1953143._title,Login sekarang
mst.mission.1953143._detail,Login sekarang
mst.mission.1953144._title,Login sekarang
mst.mission.1953144._detail,Login sekarang
mst.mission.1953146._title,Login sekarang
mst.mission.1953146._detail,Login sekarang
mst.mission.1953147._title,Login sekarang
mst.mission.1953147._detail,Login sekarang
mst.mission.1953148._title,Login sekarang
mst.mission.1953148._detail,Login sekarang
mst.mission.1953149._title,Login sekarang
mst.mission.1953149._detail,Login sekarang
mst.mission.1953150._title,Login sekarang
mst.mission.1953150._detail,Login sekarang
mst.mission.1953151._title,Login sekarang
mst.mission.1953151._detail,Login sekarang
mst.mission.1953152._title,Login sekarang
mst.mission.1953152._detail,Login sekarang
mst.mission.1953153._title,Login sekarang
mst.mission.1953153._detail,Login sekarang
mst.mission.1953154._title,Login sekarang
mst.mission.1953154._detail,Login sekarang
mst.mission.1953155._title,Login sekarang
mst.mission.1953155._detail,Login sekarang
mst.mission.1953156._title,Login sekarang
mst.mission.1953156._detail,Login sekarang
mst.mission.1953158._title,Login sekarang
mst.mission.1953158._detail,Login sekarang
mst.mission.1953159._title,Login sekarang
mst.mission.1953159._detail,Login sekarang
mst.mission.1953160._title,Login sekarang
mst.mission.1953160._detail,Login sekarang
mst.mission.1953161._title,Login sekarang
mst.mission.1953161._detail,Login sekarang
mst.mission.1953162._title,Login sekarang
mst.mission.1953162._detail,Login sekarang
mst.mission.1953163._title,Login sekarang
mst.mission.1953163._detail,Login sekarang
mst.mission.1953164._title,Login sekarang
mst.mission.1953164._detail,Login sekarang
mst.mission.1953165._title,Login sekarang
mst.mission.1953165._detail,Login sekarang
mst.mission.1953166._title,Login sekarang
mst.mission.1953166._detail,Login sekarang
mst.mission.1953167._title,Login sekarang
mst.mission.1953167._detail,Login sekarang
mst.mission.1953168._title,Login sekarang
mst.mission.1953168._detail,Login sekarang
mst.mission.1953170._title,Login sekarang
mst.mission.1953170._detail,Login sekarang
mst.mission.1953171._title,Login sekarang
mst.mission.1953171._detail,Login sekarang
mst.mission.1953172._title,Login sekarang
mst.mission.1953172._detail,Login sekarang
mst.mission.1953173._title,Login sekarang
mst.mission.1953173._detail,Login sekarang
mst.mission.1953174._title,Login sekarang
mst.mission.1953174._detail,Login sekarang
mst.mission.1953175._title,Login sekarang
mst.mission.1953175._detail,Login sekarang
mst.mission.1953176._title,Login sekarang
mst.mission.1953176._detail,Login sekarang
mst.mission.1953177._title,Login sekarang
mst.mission.1953177._detail,Login sekarang
mst.mission.1953178._title,Login sekarang
mst.mission.1953178._detail,Login sekarang
mst.mission.1967001._title,Tingkatkan Afeksi Total 101
mst.mission.1967001._detail,Capai Afeksi total 101
mst.mission.1967002._title,Tingkatkan Afeksi Total 101 hingga 10.000
mst.mission.1967002._detail,Usahakan Afeksi total 101 mencapai 10000 atau lebih.
mst.mission.1967003._title,Tingkatkan Afeksi Total 101 hingga 20.000
mst.mission.1967003._detail,Tingkatkan total Afeksi 101 hingga lebih dari 20.000.
mst.mission.1967004._title,Tingkatkan Afeksi Total 101 hingga 30000
mst.mission.1967004._detail,Tingkatkan total Afeksi 101 hingga lebih dari 30.000.
mst.mission.1967005._title,Tingkatkan total Afeksi 101 hingga 45000
mst.mission.1967005._detail,Tingkatkan total Afeksi 101 hingga 45000 atau lebih.
mst.mission.1967006._title,Tingkatkan total Afeksi 101 hingga 60000
mst.mission.1967006._detail,Tingkatkan total Afeksi 101 hingga 60000 atau lebih.
mst.mission.1967007._title,Tingkatkan total Afeksi 101 hingga 80000 atau lebih
mst.mission.1967007._detail,Tingkatkan total Afeksi 101 hingga 80000 atau lebih.
mst.mission.1967008._title,Tingkatkan total Afeksi 101 hingga 100.000 atau lebih.
mst.mission.1967008._detail,Tingkatkan total Afeksi 101 hingga 100.000 atau lebih.
mst.mission.1967009._title,Tingkatkan total Afeksi 101 hingga 115.000
mst.mission.1967009._detail,Tingkatkan total Afeksi 101 hingga 115000 atau lebih.
mst.mission.1967010._title,Tingkatkan total Afeksi 101 hingga 130.000
mst.mission.1967010._detail,Tingkatkan total Afeksi 101 hingga lebih dari 130000.
mst.mission.1967011._title,Tingkatkan total Afeksi 101 hingga 145000
mst.mission.1967011._detail,Tingkatkan total Afeksi 101 hingga 145000 atau lebih.
mst.mission.1967012._title,Tingkatkan total Afeksi 101 hingga 160000
mst.mission.1967012._detail,Tingkatkan total Afeksi 101 hingga 160000 atau lebih.
mst.mission.1967013._title,Tingkatkan total Afeksi 101 hingga 175.000
mst.mission.1967013._detail,Tingkatkan total Afeksi 101 hingga 175000 atau lebih.
mst.mission.1967014._title,Tingkatkan total Afeksi 101 hingga 190000 atau lebih.
mst.mission.1967014._detail,Tingkatkan total Afeksi 101 hingga 190000 atau lebih.
mst.mission.1967015._title,Tingkatkan total Afeksi 101 hingga 205000
mst.mission.1967015._detail,Tingkatkan total Afeksi 101 hingga 205000 atau lebih.
mst.mission.1953179._title,Login sekarang
mst.mission.1953179._detail,Login sekarang
mst.mission.1953182._title,Login sekarang
mst.mission.1953182._detail,Login sekarang
mst.mission.1953185._title,Login sekarang
mst.mission.1953185._detail,Login sekarang
mst.mission.1953188._title,Login sekarang
mst.mission.1953188._detail,Login sekarang
mst.mission.1953191._title,Login sekarang
mst.mission.1953191._detail,Login sekarang
mst.mission.1953192._title,Login sekarang
mst.mission.1953192._detail,Login sekarang
mst.mission.1953194._title,Login sekarang
mst.mission.1953194._detail,Login sekarang
mst.mission.1953195._title,Login sekarang
mst.mission.1953195._detail,Login sekarang
mst.mission.1953196._title,Login sekarang
mst.mission.1953196._detail,Login sekarang
mst.mission.1953197._title,Login sekarang
mst.mission.1953197._detail,Login sekarang
mst.mission.1953198._title,Login sekarang
mst.mission.1953198._detail,Login sekarang
mst.mission.1953199._title,Login sekarang
mst.mission.1953199._detail,Login sekarang
mst.mission.1953200._title,Login sekarang
mst.mission.1953200._detail,Login sekarang
mst.mission.1953201._title,Login sekarang
mst.mission.1953201._detail,Login sekarang
mst.mission.1953202._title,Login sekarang
mst.mission.1953202._detail,Login sekarang
mst.mission.1953203._title,Login sekarang
mst.mission.1953203._detail,Login sekarang
mst.mission.1953204._title,Login sekarang
mst.mission.1953204._detail,Login sekarang
mst.mission.1953206._title,Login sekarang
mst.mission.1953206._detail,Login sekarang
mst.mission.1953207._title,Login sekarang
mst.mission.1953207._detail,Login sekarang
mst.mission.1953208._title,Login sekarang
mst.mission.1953208._detail,Login sekarang
mst.mission.1953209._title,Login sekarang
mst.mission.1953209._detail,Login sekarang
mst.mission.1953210._title,Login sekarang
mst.mission.1953210._detail,Login sekarang
mst.mission.1953211._title,Login sekarang
mst.mission.1953211._detail,Login sekarang
mst.mission.1953212._title,Login sekarang
mst.mission.1953212._detail,Login sekarang
mst.mission.1953213._title,Login sekarang
mst.mission.1953213._detail,Login sekarang
mst.mission.1953214._title,Login sekarang
mst.mission.1953214._detail,Login sekarang
mst.mission.1953215._title,Login sekarang
mst.mission.1953215._detail,Login sekarang
mst.mission.1953216._title,Login sekarang
mst.mission.1953216._detail,Login sekarang
mst.mission.1953218._title,Login sekarang
mst.mission.1953218._detail,Login sekarang
mst.mission.1953219._title,Login sekarang
mst.mission.1953219._detail,Login sekarang
mst.mission.1953220._title,Login sekarang
mst.mission.1953220._detail,Login sekarang
mst.mission.1953221._title,Login sekarang
mst.mission.1953221._detail,Login sekarang
mst.mission.1953222._title,Login sekarang
mst.mission.1953222._detail,Login sekarang
mst.mission.1953223._title,Login sekarang
mst.mission.1953223._detail,Login sekarang
mst.mission.1953224._title,Login sekarang
mst.mission.1953224._detail,Login sekarang
mst.mission.1953225._title,Login sekarang
mst.mission.1953225._detail,Login sekarang
mst.mission.1953226._title,Login sekarang
mst.mission.1953226._detail,Login sekarang
mst.mission.1953227._title,Login sekarang
mst.mission.1953227._detail,Login sekarang
mst.mission.1953228._title,Login sekarang
mst.mission.1953228._detail,Login sekarang
mst.mission.1953230._title,Login sekarang
mst.mission.1953230._detail,Login sekarang
mst.mission.1953231._title,Login sekarang
mst.mission.1953231._detail,Login sekarang
mst.mission.1953232._title,Login sekarang
mst.mission.1953232._detail,Login sekarang
mst.mission.1953233._title,Login sekarang
mst.mission.1953233._detail,Login sekarang
mst.mission.1953234._title,Login sekarang
mst.mission.1953234._detail,Login sekarang
mst.mission.1953235._title,Login sekarang
mst.mission.1953235._detail,Login sekarang
mst.mission.1953236._title,Login sekarang
mst.mission.1953236._detail,Login sekarang
mst.mission.1953237._title,Login sekarang
mst.mission.1953237._detail,Login sekarang
mst.mission.1953238._title,Login sekarang
mst.mission.1953238._detail,Login sekarang
mst.mission.1953239._title,Login sekarang
mst.mission.1953239._detail,Login sekarang
mst.mission.1953240._title,Login sekarang
mst.mission.1953240._detail,Login sekarang
mst.mission.1953242._title,Login sekarang
mst.mission.1953242._detail,Login sekarang
mst.mission.1953243._title,Login sekarang
mst.mission.1953243._detail,Login sekarang
mst.mission.1953244._title,Login sekarang
mst.mission.1953244._detail,Login sekarang
mst.mission.1953245._title,Login sekarang
mst.mission.1953245._detail,Login sekarang
mst.mission.1953246._title,Login sekarang
mst.mission.1953246._detail,Login sekarang
mst.mission.1953247._title,Login sekarang
mst.mission.1953247._detail,Login sekarang
mst.mission.1953248._title,Login sekarang
mst.mission.1953248._detail,Login sekarang
mst.mission.1953249._title,Login sekarang
mst.mission.1953249._detail,Login sekarang
mst.mission.1953250._title,Login sekarang
mst.mission.1953250._detail,Login sekarang
mst.mission.1953251._title,Login sekarang
mst.mission.1953251._detail,Login sekarang
mst.mission.1953252._title,Login sekarang
mst.mission.1953252._detail,Login sekarang
mst.mission.1953254._title,Login sekarang
mst.mission.1953254._detail,Login sekarang
mst.mission.1953255._title,Login sekarang
mst.mission.1953255._detail,Login sekarang
mst.mission.1953256._title,Login sekarang
mst.mission.1953256._detail,Login sekarang
mst.mission.1953257._title,Login sekarang
mst.mission.1953257._detail,Login sekarang
mst.mission.1953258._title,Login sekarang
mst.mission.1953258._detail,Login sekarang
mst.mission.1953259._title,Login sekarang
mst.mission.1953259._detail,Login sekarang
mst.mission.1953260._title,Login sekarang
mst.mission.1953260._detail,Login sekarang
mst.mission.1953261._title,Login sekarang
mst.mission.1953261._detail,Login sekarang
mst.mission.1953262._title,Login sekarang
mst.mission.1953262._detail,Login sekarang
mst.mission.1953263._title,Login sekarang
mst.mission.1953263._detail,Login sekarang
mst.mission.1953264._title,Login sekarang
mst.mission.1953264._detail,Login sekarang
mst.mission.1953266._title,Login sekarang
mst.mission.1953266._detail,Login sekarang
mst.mission.1953267._title,Login sekarang
mst.mission.1953267._detail,Login sekarang
mst.mission.1953268._title,Login sekarang
mst.mission.1953268._detail,Login sekarang
mst.mission.1953269._title,Login sekarang
mst.mission.1953269._detail,Login sekarang
mst.mission.1953270._title,Login sekarang
mst.mission.1953270._detail,Login sekarang
mst.mission.1953271._title,Login sekarang
mst.mission.1953271._detail,Login sekarang
mst.mission.1953272._title,Login sekarang
mst.mission.1953272._detail,Login sekarang
mst.mission.1953273._title,Login sekarang
mst.mission.1953273._detail,Login sekarang
mst.mission.1953274._title,Login sekarang
mst.mission.1953274._detail,Login sekarang
mst.mission.1953275._title,Login sekarang
mst.mission.1953275._detail,Login sekarang
mst.mission.1953276._title,Login sekarang
mst.mission.1953276._detail,Login sekarang
mst.mission.1953278._title,Login sekarang
mst.mission.1953278._detail,Login sekarang
mst.mission.1953279._title,Login sekarang
mst.mission.1953279._detail,Login sekarang
mst.mission.1953280._title,Login sekarang
mst.mission.1953280._detail,Login sekarang
mst.mission.1953281._title,Login sekarang
mst.mission.1953281._detail,Login sekarang
mst.mission.1953282._title,Login sekarang
mst.mission.1953282._detail,Login sekarang
mst.mission.1953283._title,Login sekarang
mst.mission.1953283._detail,Login sekarang
mst.mission.1953284._title,Login sekarang
mst.mission.1953284._detail,Login sekarang
mst.mission.1953285._title,Login sekarang
mst.mission.1953285._detail,Login sekarang
mst.mission.1953286._title,Login sekarang
mst.mission.1953286._detail,Login sekarang
mst.mission.1953287._title,Login sekarang
mst.mission.1953287._detail,Login sekarang
mst.mission.1953288._title,Login sekarang
mst.mission.1953288._detail,Login sekarang
mst.mission.1953290._title,Login sekarang
mst.mission.1953290._detail,Login sekarang
mst.mission.1953291._title,Login sekarang
mst.mission.1953291._detail,Login sekarang
mst.mission.1953292._title,Login sekarang
mst.mission.1953292._detail,Login sekarang
mst.mission.1953293._title,Login sekarang
mst.mission.1953293._detail,Login sekarang
mst.mission.1953294._title,Login sekarang
mst.mission.1953294._detail,Login sekarang
mst.mission.1953295._title,Login sekarang
mst.mission.1953295._detail,Login sekarang
mst.mission.1953296._title,Login sekarang
mst.mission.1953296._detail,Login sekarang
mst.mission.1953297._title,Login sekarang
mst.mission.1953297._detail,Login sekarang
mst.mission.1953298._title,Login sekarang
mst.mission.1953298._detail,Login sekarang
mst.mission.1967016._title,Tingkatkan Afeksi Total 201
mst.mission.1967016._detail,Naikkan Afeksi 201.
mst.mission.1967017._title,Tingkatkan Afeksi Total 201 hingga 10000+
mst.mission.1967017._detail,Tingkatkan Afeksi total 201 hingga lebih dari 10000.
mst.mission.1967018._title,Tingkatkan Afeksi Total 201 hingga 20.000
mst.mission.1967018._detail,Tingkatkan total Afeksi 201 hingga lebih dari 20000.
mst.mission.1967019._title,Tingkatkan Afeksi Total 201 hingga 30000
mst.mission.1967019._detail,Tingkatkan total Afeksi 201 hingga lebih dari 30.000.
mst.mission.1967020._title,Tingkatkan Afeksi Total 201 hingga 45000
mst.mission.1967020._detail,Tingkatkan total Afeksi 201 hingga 45000 atau lebih.
mst.mission.1967021._title,Tingkatkan total Afeksi 201 hingga 60000
mst.mission.1967021._detail,Tingkatkan total Afeksi 201 hingga 60000 atau lebih.
mst.mission.1967022._title,Tingkatkan Afeksi Total 201 hingga 80000
mst.mission.1967022._detail,Tingkatkan total Afeksi 201 hingga lebih dari 80000.
mst.mission.1967023._title,Tingkatkan Afeksi Total 201 hingga 100.000
mst.mission.1967023._detail,Tingkatkan total Afeksi 201 hingga 100000 atau lebih.
mst.mission.1967024._title,Tingkatkan total Afeksi 201 hingga 115000
mst.mission.1967024._detail,Tingkatkan total Afeksi 201 hingga 115000 atau lebih.
mst.mission.1967025._title,Tingkatkan Afeksi Total 201 hingga 130.000
mst.mission.1967025._detail,Tingkatkan total Afeksi 201 hingga 130.000 atau lebih.
mst.mission.1967026._title,Tingkatkan total Afeksi 201 hingga 145000 atau lebih.
mst.mission.1967026._detail,Tingkatkan total Afeksi 201 hingga 145000 atau lebih.
mst.mission.1967027._title,Tingkatkan total Afeksi 201 hingga 160000
mst.mission.1967027._detail,Tingkatkan total Afeksi 201 hingga 160.000.
mst.mission.1967028._title,Tingkatkan total Afeksi 201 hingga 175.000
mst.mission.1967028._detail,Tingkatkan total Afeksi 201 hingga 175000 atau lebih.
mst.mission.1967029._title,Tingkatkan total Afeksi 201 hingga 190000 atau lebih.
mst.mission.1967029._detail,Tingkatkan total Afeksi 201 hingga 190000 atau lebih.
mst.mission.1967030._title,Tingkatkan Afeksi Total 201 hingga 205.000
mst.mission.1967030._detail,Tingkatkan total Afeksi 201 hingga 205000 atau lebih.
mst.mission.1953301._title,Login sekarang
mst.mission.1953301._detail,Login sekarang
mst.mission.1953306._title,Login sekarang
mst.mission.1953306._detail,Login sekarang
mst.mission.1953307._title,Login sekarang
mst.mission.1953307._detail,Login sekarang
mst.mission.1953311._title,Login sekarang
mst.mission.1953311._detail,Login sekarang
mst.mission.1953312._title,Login sekarang
mst.mission.1953312._detail,Login sekarang
mst.mission.1953314._title,Login sekarang
mst.mission.1953314._detail,Login sekarang
mst.mission.1953315._title,Login sekarang
mst.mission.1953315._detail,Login sekarang
mst.mission.1953316._title,Login sekarang
mst.mission.1953316._detail,Login sekarang
mst.mission.1953317._title,Login sekarang
mst.mission.1953317._detail,Login sekarang
mst.mission.1953318._title,Login sekarang
mst.mission.1953318._detail,Login sekarang
mst.mission.1953319._title,Login sekarang
mst.mission.1953319._detail,Login sekarang
mst.mission.1953320._title,Login sekarang
mst.mission.1953320._detail,Login sekarang
mst.mission.1953321._title,Login sekarang
mst.mission.1953321._detail,Login sekarang
mst.mission.1953322._title,Login sekarang
mst.mission.1953322._detail,Login sekarang
mst.mission.1953323._title,Login sekarang
mst.mission.1953323._detail,Login sekarang
mst.mission.1953324._title,Login sekarang
mst.mission.1953324._detail,Login sekarang
mst.mission.1953326._title,Login sekarang
mst.mission.1953326._detail,Login sekarang
mst.mission.1953327._title,Login sekarang
mst.mission.1953327._detail,Login sekarang
mst.mission.1953328._title,Login sekarang
mst.mission.1953328._detail,Login sekarang
mst.mission.1953329._title,Login sekarang
mst.mission.1953329._detail,Login sekarang
mst.mission.1953330._title,Login sekarang
mst.mission.1953330._detail,Login sekarang
mst.mission.1953331._title,Login sekarang
mst.mission.1953331._detail,Login sekarang
mst.mission.1953332._title,Login sekarang
mst.mission.1953332._detail,Login sekarang
mst.mission.1953333._title,Login sekarang
mst.mission.1953333._detail,Login sekarang
mst.mission.1953334._title,Login sekarang
mst.mission.1953334._detail,Login sekarang
mst.mission.1953335._title,Login sekarang
mst.mission.1953335._detail,Login sekarang
mst.mission.1953336._title,Login sekarang
mst.mission.1953336._detail,Login sekarang
mst.mission.1953338._title,Login sekarang
mst.mission.1953338._detail,Login sekarang
mst.mission.1953339._title,Login sekarang
mst.mission.1953339._detail,Login sekarang
mst.mission.1953340._title,Login sekarang
mst.mission.1953340._detail,Login sekarang
mst.mission.1953341._title,Login sekarang
mst.mission.1953341._detail,Login sekarang
mst.mission.1953342._title,Login sekarang
mst.mission.1953342._detail,Login sekarang
mst.mission.1953343._title,Login sekarang
mst.mission.1953343._detail,Login sekarang
mst.mission.1953344._title,Login sekarang
mst.mission.1953344._detail,Login sekarang
mst.mission.1953345._title,Login sekarang
mst.mission.1953345._detail,Login sekarang
mst.mission.1953346._title,Login sekarang
mst.mission.1953346._detail,Login sekarang
mst.mission.1953347._title,Login sekarang
mst.mission.1953347._detail,Login sekarang
mst.mission.1953348._title,Login sekarang
mst.mission.1953348._detail,Login sekarang
mst.mission.1953350._title,Login sekarang
mst.mission.1953350._detail,Login sekarang
mst.mission.1953351._title,Login sekarang
mst.mission.1953351._detail,Login sekarang
mst.mission.1953352._title,Login sekarang
mst.mission.1953352._detail,Login sekarang
mst.mission.1953353._title,Login sekarang
mst.mission.1953353._detail,Login sekarang
mst.mission.1953354._title,Login sekarang
mst.mission.1953354._detail,Login sekarang
mst.mission.1953355._title,Login sekarang
mst.mission.1953355._detail,Login sekarang
mst.mission.1953356._title,Login sekarang
mst.mission.1953356._detail,Login sekarang
mst.mission.1953357._title,Login sekarang
mst.mission.1953357._detail,Login sekarang
mst.mission.1953358._title,Login sekarang
mst.mission.1953358._detail,Login sekarang
mst.mission.1953359._title,Login sekarang
mst.mission.1953359._detail,Login sekarang
mst.mission.1953360._title,Login sekarang
mst.mission.1953360._detail,Login sekarang
mst.mission.1953362._title,Login sekarang
mst.mission.1953362._detail,Login sekarang
mst.mission.1953363._title,Login sekarang
mst.mission.1953363._detail,Login sekarang
mst.mission.1953364._title,Login sekarang
mst.mission.1953364._detail,Login sekarang
mst.mission.1953365._title,Login sekarang
mst.mission.1953365._detail,Login sekarang
mst.mission.1953366._title,Login sekarang
mst.mission.1953366._detail,Login sekarang
mst.mission.1953367._title,Login sekarang
mst.mission.1953367._detail,Login sekarang
mst.mission.1953368._title,Login sekarang
mst.mission.1953368._detail,Login sekarang
mst.mission.1953369._title,Login sekarang
mst.mission.1953369._detail,Login sekarang
mst.mission.1953370._title,Login sekarang
mst.mission.1953370._detail,Login sekarang
mst.mission.1953371._title,Login sekarang
mst.mission.1953371._detail,Login sekarang
mst.mission.1953372._title,Login sekarang
mst.mission.1953372._detail,Login sekarang
mst.mission.1953374._title,Login sekarang
mst.mission.1953374._detail,Login sekarang
mst.mission.1953375._title,Login sekarang
mst.mission.1953375._detail,Login sekarang
mst.mission.1953376._title,Login sekarang
mst.mission.1953376._detail,Login sekarang
mst.mission.1953377._title,Login sekarang
mst.mission.1953377._detail,Login sekarang
mst.mission.1953378._title,Login sekarang
mst.mission.1953378._detail,Login sekarang
mst.mission.1953379._title,Login sekarang
mst.mission.1953379._detail,Login sekarang
mst.mission.1953380._title,Login sekarang
mst.mission.1953380._detail,Login sekarang
mst.mission.1953381._title,Login sekarang
mst.mission.1953381._detail,Login sekarang
mst.mission.1953382._title,Login sekarang
mst.mission.1953382._detail,Login sekarang
mst.mission.1953383._title,Login sekarang
mst.mission.1953383._detail,Login sekarang
mst.mission.1953384._title,Login sekarang
mst.mission.1953384._detail,Login sekarang
mst.mission.1953386._title,Login sekarang
mst.mission.1953386._detail,Login sekarang
mst.mission.1953387._title,Login sekarang
mst.mission.1953387._detail,Login sekarang
mst.mission.1953388._title,Login sekarang
mst.mission.1953388._detail,Login sekarang
mst.mission.1953389._title,Login sekarang
mst.mission.1953389._detail,Login sekarang
mst.mission.1953390._title,Login sekarang
mst.mission.1953390._detail,Login sekarang
mst.mission.1953391._title,Login sekarang
mst.mission.1953391._detail,Login sekarang
mst.mission.1953392._title,Login sekarang
mst.mission.1953392._detail,Login sekarang
mst.mission.1953393._title,Login sekarang
mst.mission.1953393._detail,Login sekarang
mst.mission.1953394._title,Login sekarang
mst.mission.1953394._detail,Login sekarang
mst.mission.1953395._title,Login sekarang
mst.mission.1953395._detail,Login sekarang
mst.mission.1953396._title,Login sekarang
mst.mission.1953396._detail,Login sekarang
mst.mission.1953398._title,Login sekarang
mst.mission.1953398._detail,Login sekarang
mst.mission.1953399._title,Login sekarang
mst.mission.1953399._detail,Login sekarang
mst.mission.1953400._title,Login sekarang
mst.mission.1953400._detail,Login sekarang
mst.mission.1953401._title,Login sekarang
mst.mission.1953401._detail,Login sekarang
mst.mission.1953402._title,Login sekarang
mst.mission.1953402._detail,Login sekarang
mst.mission.1953403._title,Login sekarang
mst.mission.1953403._detail,Login sekarang
mst.mission.1953404._title,Login sekarang
mst.mission.1953404._detail,Login sekarang
mst.mission.1953405._title,Login sekarang
mst.mission.1953405._detail,Login sekarang
mst.mission.1953406._title,Login sekarang
mst.mission.1953406._detail,Login sekarang
mst.mission.1953407._title,Login sekarang
mst.mission.1953407._detail,Login sekarang
mst.mission.1953408._title,Login sekarang
mst.mission.1953408._detail,Login sekarang
mst.mission.1953410._title,Login sekarang
mst.mission.1953410._detail,Login sekarang
mst.mission.1953411._title,Login sekarang
mst.mission.1953411._detail,Login sekarang
mst.mission.1953412._title,Login sekarang
mst.mission.1953412._detail,Login sekarang
mst.mission.1953413._title,Login sekarang
mst.mission.1953413._detail,Login sekarang
mst.mission.1953414._title,Login sekarang
mst.mission.1953414._detail,Login sekarang
mst.mission.1953415._title,Login sekarang
mst.mission.1953415._detail,Login sekarang
mst.mission.1953416._title,Login sekarang
mst.mission.1953416._detail,Login sekarang
mst.mission.1953417._title,Login sekarang
mst.mission.1953417._detail,Login sekarang
mst.mission.1953418._title,Login sekarang
mst.mission.1953418._detail,Login sekarang
mst.mission.1953419._title,Login sekarang
mst.mission.1953419._detail,Login sekarang
mst.mission.1953420._title,Login sekarang
mst.mission.1953420._detail,Login sekarang
mst.mission.1953422._title,Login sekarang
mst.mission.1953422._detail,Login sekarang
mst.mission.1953423._title,Login sekarang
mst.mission.1953423._detail,Login sekarang
mst.mission.1953424._title,Login sekarang
mst.mission.1953424._detail,Login sekarang
mst.mission.1953425._title,Login sekarang
mst.mission.1953425._detail,Login sekarang
mst.mission.1953426._title,Login sekarang
mst.mission.1953426._detail,Login sekarang
mst.mission.1953427._title,Login sekarang
mst.mission.1953427._detail,Login sekarang
mst.mission.1953428._title,Login sekarang
mst.mission.1953428._detail,Login sekarang
mst.mission.1953429._title,Login sekarang
mst.mission.1953429._detail,Login sekarang
mst.mission.1953430._title,Login sekarang
mst.mission.1953430._detail,Login sekarang
mst.mission.1953431._title,Login sekarang
mst.mission.1953431._detail,Login sekarang
mst.mission.1953432._title,Login sekarang
mst.mission.1953432._detail,Login sekarang
mst.mission.1953434._title,Login sekarang
mst.mission.1953434._detail,Login sekarang
mst.mission.1953435._title,Login sekarang
mst.mission.1953435._detail,Login sekarang
mst.mission.1953436._title,Login sekarang
mst.mission.1953436._detail,Login sekarang
mst.mission.1953437._title,Login sekarang
mst.mission.1953437._detail,Login sekarang
mst.mission.1953438._title,Login sekarang
mst.mission.1953438._detail,Login sekarang
mst.mission.1953439._title,Login sekarang
mst.mission.1953439._detail,Login sekarang
mst.mission.1953440._title,Login sekarang
mst.mission.1953440._detail,Login sekarang
mst.mission.1953441._title,Login sekarang
mst.mission.1953441._detail,Login sekarang
mst.mission.1953442._title,Login sekarang
mst.mission.1953442._detail,Login sekarang
mst.mission.1953443._title,Login sekarang
mst.mission.1953443._detail,Login sekarang
mst.mission.1953444._title,Login sekarang
mst.mission.1953444._detail,Login sekarang
mst.mission.1953446._title,Login sekarang
mst.mission.1953446._detail,Login sekarang
mst.mission.1953447._title,Login sekarang
mst.mission.1953447._detail,Login sekarang
mst.mission.1953448._title,Login sekarang
mst.mission.1953448._detail,Login sekarang
mst.mission.1953449._title,Login sekarang
mst.mission.1953449._detail,Login sekarang
mst.mission.1953450._title,Login sekarang
mst.mission.1953450._detail,Login sekarang
mst.mission.1953451._title,Login sekarang
mst.mission.1953451._detail,Login sekarang
mst.mission.1953452._title,Login sekarang
mst.mission.1953452._detail,Login sekarang
mst.mission.1953453._title,Login sekarang
mst.mission.1953453._detail,Login sekarang
mst.mission.1953454._title,Login sekarang
mst.mission.1953454._detail,Login sekarang
mst.mission.1967031._title,Capai Afeksi Total 301
mst.mission.1967031._detail,Capai Afeksi total 301
mst.mission.1967032._title,Usahakan Afeksi Total 301 mencapai 10000 atau lebih
mst.mission.1967032._detail,Tingkatkan total Afeksi 301 hingga 10000 atau lebih.
mst.mission.1967033._title,Tingkatkan Afeksi Total 301 hingga 20000
mst.mission.1967033._detail,Tingkatkan total Afeksi 301 hingga lebih dari 20000.
mst.mission.1967034._title,Tingkatkan Afeksi Total 301 hingga 30.000
mst.mission.1967034._detail,Tingkatkan total Afeksi 301 hingga lebih dari 30000.
mst.mission.1967035._title,Tingkatkan Afeksi Total 301 hingga 45000
mst.mission.1967035._detail,Tingkatkan total Afeksi 301 hingga lebih dari 45000.
mst.mission.1967036._title,Tingkatkan Afeksi Total 301 hingga 60000
mst.mission.1967036._detail,Tingkatkan total Afeksi 301 hingga lebih dari 60000.
mst.mission.1967037._title,Tingkatkan total Afeksi 301 hingga 80000 atau lebih
mst.mission.1967037._detail,Tingkatkan total Afeksi 301 hingga 80000 atau lebih.
mst.mission.1967038._title,Tingkatkan total Afeksi 301 hingga 100.000
mst.mission.1967038._detail,Tingkatkan total Afeksi 301 hingga 100000 atau lebih.
mst.mission.1967039._title,Tingkatkan total Afeksi 301 hingga 115.000
mst.mission.1967039._detail,Tingkatkan total Afeksi 301 hingga 115000 atau lebih.
mst.mission.1967040._title,Tingkatkan total Afeksi 301 hingga 130.000
mst.mission.1967040._detail,Tingkatkan total Afeksi 301 hingga 130000 atau lebih.
mst.mission.1967041._title,Tingkatkan total Afeksi 301 hingga 145000
mst.mission.1967041._detail,Tingkatkan total Afeksi 301 hingga 145000 atau lebih.
mst.mission.1967042._title,Tingkatkan total Afeksi 301 hingga 160000
mst.mission.1967042._detail,Tingkatkan total Afeksi 301 hingga 160000 atau lebih.
mst.mission.1967043._title,Tingkatkan total Afeksi 301 hingga 175.000
mst.mission.1967043._detail,Tingkatkan total Afeksi 301 hingga 175000 atau lebih.
mst.mission.1967044._title,Tingkatkan total Afeksi 301 hingga 190000
mst.mission.1967044._detail,Tingkatkan total Afeksi 301 hingga 190000 atau lebih.
mst.mission.1967045._title,Tingkatkan total Afeksi 301 hingga 205000
mst.mission.1967045._detail,Tingkatkan total Afeksi 301 hingga 205000 atau lebih.
mst.mission.1953455._title,Login sekarang
mst.mission.1953455._detail,Login sekarang
mst.mission.1953458._title,Login sekarang
mst.mission.1953458._detail,Login sekarang
mst.mission.1953461._title,Login sekarang
mst.mission.1953461._detail,Login sekarang
mst.mission.1953464._title,Login sekarang
mst.mission.1953464._detail,Login sekarang
mst.mission.1953465._title,Login sekarang
mst.mission.1953465._detail,Login sekarang
mst.mission.1953467._title,Login sekarang
mst.mission.1953467._detail,Login sekarang
mst.mission.1953468._title,Login sekarang
mst.mission.1953468._detail,Login sekarang
mst.mission.1953470._title,Login sekarang
mst.mission.1953470._detail,Login sekarang
mst.mission.1953471._title,Login sekarang
mst.mission.1953471._detail,Login sekarang
mst.mission.1953472._title,Login sekarang
mst.mission.1953472._detail,Login sekarang
mst.mission.1953473._title,Login sekarang
mst.mission.1953473._detail,Login sekarang
mst.mission.1953474._title,Login sekarang
mst.mission.1953474._detail,Login sekarang
mst.mission.1953475._title,Login sekarang
mst.mission.1953475._detail,Login sekarang
mst.mission.1953476._title,Login sekarang
mst.mission.1953476._detail,Login sekarang
mst.mission.1953477._title,Login sekarang
mst.mission.1953477._detail,Login sekarang
mst.mission.1953478._title,Login sekarang
mst.mission.1953478._detail,Login sekarang
mst.mission.1953479._title,Login sekarang
mst.mission.1953479._detail,Login sekarang
mst.mission.1953480._title,Login sekarang
mst.mission.1953480._detail,Login sekarang
mst.mission.1953482._title,Login sekarang
mst.mission.1953482._detail,Login sekarang
mst.mission.1953483._title,Login sekarang
mst.mission.1953483._detail,Login sekarang
mst.mission.1953484._title,Login sekarang
mst.mission.1953484._detail,Login sekarang
mst.mission.1953485._title,Login sekarang
mst.mission.1953485._detail,Login sekarang
mst.mission.1953486._title,Login sekarang
mst.mission.1953486._detail,Login sekarang
mst.mission.1953487._title,Login sekarang
mst.mission.1953487._detail,Login sekarang
mst.mission.1953488._title,Login sekarang
mst.mission.1953488._detail,Login sekarang
mst.mission.1953489._title,Login sekarang
mst.mission.1953489._detail,Login sekarang
mst.mission.1953490._title,Login sekarang
mst.mission.1953490._detail,Login sekarang
mst.mission.1953491._title,Login sekarang
mst.mission.1953491._detail,Login sekarang
mst.mission.1953492._title,Login sekarang
mst.mission.1953492._detail,Login sekarang
mst.mission.1953494._title,Login sekarang
mst.mission.1953494._detail,Login sekarang
mst.mission.1953495._title,Login sekarang
mst.mission.1953495._detail,Login sekarang
mst.mission.1953496._title,Login sekarang
mst.mission.1953496._detail,Login sekarang
mst.mission.1953497._title,Login sekarang
mst.mission.1953497._detail,Login sekarang
mst.mission.1953498._title,Login sekarang
mst.mission.1953498._detail,Login sekarang
mst.mission.1953499._title,Login sekarang
mst.mission.1953499._detail,Login sekarang
mst.mission.1953500._title,Login sekarang
mst.mission.1953500._detail,Login sekarang
mst.mission.1953501._title,Login sekarang
mst.mission.1953501._detail,Login sekarang
mst.mission.1953502._title,Login sekarang
mst.mission.1953502._detail,Login sekarang
mst.mission.1953503._title,Login sekarang
mst.mission.1953503._detail,Login sekarang
mst.mission.1953504._title,Login sekarang
mst.mission.1953504._detail,Login sekarang
mst.mission.1953506._title,Login sekarang
mst.mission.1953506._detail,Login sekarang
mst.mission.1953507._title,Login sekarang
mst.mission.1953507._detail,Login sekarang
mst.mission.1953508._title,Login sekarang
mst.mission.1953508._detail,Login sekarang
mst.mission.1953509._title,Login sekarang
mst.mission.1953509._detail,Login sekarang
mst.mission.1953510._title,Login sekarang
mst.mission.1953510._detail,Login sekarang
mst.mission.1953511._title,Login sekarang
mst.mission.1953511._detail,Login sekarang
mst.mission.1953512._title,Login sekarang
mst.mission.1953512._detail,Login sekarang
mst.mission.1953513._title,Login sekarang
mst.mission.1953513._detail,Login sekarang
mst.mission.1953514._title,Login sekarang
mst.mission.1953514._detail,Login sekarang
mst.mission.1953515._title,Login sekarang
mst.mission.1953515._detail,Login sekarang
mst.mission.1953516._title,Login sekarang
mst.mission.1953516._detail,Login sekarang
mst.mission.1953518._title,Login sekarang
mst.mission.1953518._detail,Login sekarang
mst.mission.1953519._title,Login sekarang
mst.mission.1953519._detail,Login sekarang
mst.mission.1953520._title,Login sekarang
mst.mission.1953520._detail,Login sekarang
mst.mission.1953521._title,Login sekarang
mst.mission.1953521._detail,Login sekarang
mst.mission.1953522._title,Login sekarang
mst.mission.1953522._detail,Login sekarang
mst.mission.1953523._title,Login sekarang
mst.mission.1953523._detail,Login sekarang
mst.mission.1953524._title,Login sekarang
mst.mission.1953524._detail,Login sekarang
mst.mission.1953525._title,Login sekarang
mst.mission.1953525._detail,Login sekarang
mst.mission.1953526._title,Login sekarang
mst.mission.1953526._detail,Login sekarang
mst.mission.1953527._title,Login sekarang
mst.mission.1953527._detail,Login sekarang
mst.mission.1953528._title,Login sekarang
mst.mission.1953528._detail,Login sekarang
mst.mission.1953530._title,Login sekarang
mst.mission.1953530._detail,Login sekarang
mst.mission.1953531._title,Login sekarang
mst.mission.1953531._detail,Login sekarang
mst.mission.1953532._title,Login sekarang
mst.mission.1953532._detail,Login sekarang
mst.mission.1953533._title,Login sekarang
mst.mission.1953533._detail,Login sekarang
mst.mission.1953534._title,Login sekarang
mst.mission.1953534._detail,Login sekarang
mst.mission.1953535._title,Login sekarang
mst.mission.1953535._detail,Login sekarang
mst.mission.1953536._title,Login sekarang
mst.mission.1953536._detail,Login sekarang
mst.mission.1953537._title,Login sekarang
mst.mission.1953537._detail,Login sekarang
mst.mission.1953538._title,Login sekarang
mst.mission.1953538._detail,Login sekarang
mst.mission.1953539._title,Login sekarang
mst.mission.1953539._detail,Login sekarang
mst.mission.1953540._title,Login sekarang
mst.mission.1953540._detail,Login sekarang
mst.mission.1953542._title,Login sekarang
mst.mission.1953542._detail,Login sekarang
mst.mission.1953543._title,Login sekarang
mst.mission.1953543._detail,Login sekarang
mst.mission.1953544._title,Login sekarang
mst.mission.1953544._detail,Login sekarang
mst.mission.1953545._title,Login sekarang
mst.mission.1953545._detail,Login sekarang
mst.mission.1953546._title,Login sekarang
mst.mission.1953546._detail,Login sekarang
mst.mission.1953547._title,Login sekarang
mst.mission.1953547._detail,Login sekarang
mst.mission.1953548._title,Login sekarang
mst.mission.1953548._detail,Login sekarang
mst.mission.1953549._title,Login sekarang
mst.mission.1953549._detail,Login sekarang
mst.mission.1953550._title,Login sekarang
mst.mission.1953550._detail,Login sekarang
mst.mission.1953551._title,Login sekarang
mst.mission.1953551._detail,Login sekarang
mst.mission.1953552._title,Login sekarang
mst.mission.1953552._detail,Login sekarang
mst.mission.1953554._title,Login sekarang
mst.mission.1953554._detail,Login sekarang
mst.mission.1953555._title,Login sekarang
mst.mission.1953555._detail,Login sekarang
mst.mission.1953556._title,Login sekarang
mst.mission.1953556._detail,Login sekarang
mst.mission.1953557._title,Login sekarang
mst.mission.1953557._detail,Login sekarang
mst.mission.1953558._title,Login sekarang
mst.mission.1953558._detail,Login sekarang
mst.mission.1953559._title,Login sekarang
mst.mission.1953559._detail,Login sekarang
mst.mission.1953560._title,Login sekarang
mst.mission.1953560._detail,Login sekarang
mst.mission.1953561._title,Login sekarang
mst.mission.1953561._detail,Login sekarang
mst.mission.1953562._title,Login sekarang
mst.mission.1953562._detail,Login sekarang
mst.mission.1953563._title,Login sekarang
mst.mission.1953563._detail,Login sekarang
mst.mission.1953564._title,Login sekarang
mst.mission.1953564._detail,Login sekarang
mst.mission.1953566._title,Login sekarang
mst.mission.1953566._detail,Login sekarang
mst.mission.1953567._title,Login sekarang
mst.mission.1953567._detail,Login sekarang
mst.mission.1953568._title,Login sekarang
mst.mission.1953568._detail,Login sekarang
mst.mission.1953569._title,Login sekarang
mst.mission.1953569._detail,Login sekarang
mst.mission.1953570._title,Login sekarang
mst.mission.1953570._detail,Login sekarang
mst.mission.1953571._title,Login sekarang
mst.mission.1953571._detail,Login sekarang
mst.mission.1953572._title,Login sekarang
mst.mission.1953572._detail,Login sekarang
mst.mission.1953573._title,Login sekarang
mst.mission.1953573._detail,Login sekarang
mst.mission.1953574._title,Login sekarang
mst.mission.1953574._detail,Login sekarang
mst.mission.1967046._title,Raih 400 Afeksi total
mst.mission.1967046._detail,Capai Afeksi total 400
mst.mission.1967047._title,Capai Afeksi Total 400 hingga 10.000
mst.mission.1967047._detail,Capai total Afeksi 400 hingga 10.000
mst.mission.1967048._title,Capai Afeksi Total 400 hingga 20.000
mst.mission.1967048._detail,Tingkatkan total Afeksi hingga 20.000
mst.mission.1967049._title,Coba tingkatkan total Afeksi hingga 30.000
mst.mission.1967049._detail,Tingkatkan total Afeksi hingga 30.000
mst.mission.1967050._title,Coba tingkatkan Afeksi total 400 hingga lebih dari 45000
mst.mission.1967050._detail,Tingkatkan total Afeksi hingga 45.000
mst.mission.1967051._title,Tingkatkan Afeksi Total 400 hingga 60000
mst.mission.1967051._detail,Tingkatkan total Afeksi hingga 60000.
mst.mission.1967052._title,Tingkatkan total Afeksi menjadi 80.000
mst.mission.1967052._detail,Tingkatkan total Afeksi 400 hingga lebih dari 80000.
mst.mission.1967053._title,Tingkatkan Afeksi Total 400 menjadi 100.000 atau lebih
mst.mission.1967053._detail,Tingkatkan total Afeksi hingga 100.000
mst.mission.1967054._title,Tingkatkan total Afeksi menjadi 115.000
mst.mission.1967054._detail,Tingkatkan total Afeksi hingga 115.000
mst.mission.1967055._title,Coba tingkatkan total Afeksi hingga 130.000
mst.mission.1967055._detail,Tingkatkan total Afeksi hingga 130.000
mst.mission.1967056._title,Coba tingkatkan total Afeksi menjadi 145.000
mst.mission.1967056._detail,Tingkatkan total Afeksi hingga 145.000.
mst.mission.1967057._title,Coba tingkatkan total Afeksi menjadi 160.000
mst.mission.1967057._detail,Tingkatkan total Afeksi hingga 160.000.
mst.mission.1967058._title,Coba tingkatkan total Afeksi menjadi 175.000 atau lebih
mst.mission.1967058._detail,Tingkatkan total Afeksi hingga 175.000.
mst.mission.1967059._title,Coba tingkatkan total Afeksi menjadi 190.000
mst.mission.1967059._detail,Tingkatkan total Afeksi hingga 190.000.
mst.mission.1967060._title,Naikkan Afeksi Total 400 hingga 205000
mst.mission.1967060._detail,Tingkatkan Afeksi total 400 menjadi lebih dari 205000.
mst.mission.1951001._title,Dapatkan Idol “Apple Pie Kebahagiaan”
mst.mission.1951001._detail,Dapatkan Idol “Apple Pie Kebahagiaan”
mst.mission.1950001._title,Bangkitkan Idol “Apel Kebahagiaan”
mst.mission.1950001._detail,Bangkitkan Idol 『幸せのアップルパイ』
mst.mission.1953577._title,Login sekarang
mst.mission.1953577._detail,Login sekarang
mst.mission.1953578._title,Login sekarang
mst.mission.1953578._detail,Login sekarang
mst.mission.1953579._title,Login sekarang
mst.mission.1953579._detail,Login sekarang
mst.mission.1953583._title,Login sekarang
mst.mission.1953583._detail,Login sekarang
mst.mission.1951002._title,Dapatkan Idol “Barbekyu Kejutan”
mst.mission.1951002._detail,Dapatkan Idol “Barbekyu Kejutan”
mst.mission.1950002._title,Bangkitkan Idol “Surprise BBQ”
mst.mission.1950002._detail,Bangkitkan Idol 『Surprise BBQ』
mst.mission.1951003._title,Dapatkan Idol “Shizuku Shiru Ajisai”
mst.mission.1951003._detail,Dapatkan Idol “Shizuku Shiru Ajisai”.
mst.mission.1950003._title,Bangkitkan Idol 『Shizuku Otoru Ajisai』
mst.mission.1950003._detail,Bangkitkan Idol 『Shizuku Shiru Ajisai』
mst.mission.1951004._title,Dapatkan Idol “Rainy Birthday”
mst.mission.1951004._detail,Dapatkan Idol “Rainy Birthday”
mst.mission.1950004._title,Bangkitkan Idol “Rainy Birthday”
mst.mission.1950004._detail,Bangkitkan Idol 『Rainy Birthday』
mst.mission.1951005._title,Dapatkan Idol 『Kuwagata Cake』
mst.mission.1951005._detail,Dapatkan Idol “Kuwagata Cake”
mst.mission.1950005._title,Bangkitkan Idol 『Kuwagata Cake』
mst.mission.1950005._detail,Bangkitkan Idol 『Kuwagata Cake』
mst.mission.1951006._title,Dapatkan Idol “Surprise Pagi”!
mst.mission.1951006._detail,Dapatkan Idol “Surprise Pagi”!
mst.mission.1950006._title,Bangkitkan Idol 『Surprise Pagi!』
mst.mission.1950006._detail,Bangkitkan Idol 『Asa kara Surprise!』
mst.mission.1951007._title,Dapatkan Idol “Dengan Penuh Rasa Terima Kasih”
mst.mission.1951007._detail,Dapatkan Idol “Dengan Penuh Rasa Terima Kasih”
mst.mission.1950007._title,Bangkitkan Idol 『Kansha wo Komete』
mst.mission.1950007._detail,Bangkitkan Idol 『感謝を込めて』
mst.mission.1951008._title,Dapatkan Idol “Melodi di Depan Stasiun”
mst.mission.1951008._detail,Dapatkan Idol “Stasiun yang Bergema dengan Duet”.
mst.mission.1950008._title,Bangkitkan Idol “Kikan ni Hibiku Rentan”
mst.mission.1950008._detail,"Bangkitkan Idol 『Stasiun di Depan, Duet yang Menggema』"
mst.mission.1951009._title,Dapatkan Idol “SaniPa Surprise”
mst.mission.1951009._detail,Dapatkan Idol “Sunipa Surprise”
mst.mission.1950009._title,Bangkitkan Idol “Sunipa Surprise”
mst.mission.1950009._detail,Bangkitkan Idol 『サニパサプライズ』
mst.mission.1951010._title,Dapatkan Idol 『バスに揺られて』
mst.mission.1951010._detail,Dapatkan Idol “Bus ni Yurarete”
mst.mission.1950010._title,Bangkitkan Idol “Bus ni Yurarete”
mst.mission.1950010._detail,Bangkitkan Idol 『バスに揺られて』
mst.mission.1951011._title,Dapatkan Idol “Surat dari Sahabat Masa Kecil”
mst.mission.1951011._detail,Dapatkan Idol “Surat dari Sahabat Masa Kecil”
mst.mission.1950011._title,Bangkitkan Idol “Surat dari Sahabat Masa Kecil”
mst.mission.1950011._detail,Bangkitkan Idol 『Surat dari Sahabat Masa Kecil』
mst.mission.1951012._title,Dapatkan Idol “Anikara Party”
mst.mission.1951012._detail,Dapatkan Idol “Anikara Party”
mst.mission.1950012._title,Bangkitkan Idol “Anikara Party”
mst.mission.1950012._detail,Bangkitkan Idol “Anikara Party”
mst.mission.1951013._title,Dapatkan Idol “Berpegangan pada Belalai Panjang”
mst.mission.1951013._detail,Dapatkan Idol “Berpegangan pada Belalai Panjang”
mst.mission.1950013._title,Bangkitkan Idol “Tsukamatte”
mst.mission.1950013._detail,Bangkitkan Idol “Tsukamatte Nagai Ohana ni”
mst.mission.1953585._title,Login sekarang
mst.mission.1953585._detail,Login sekarang
mst.mission.1951014._title,Dapatkan Idol “Cosplay Bersama”!
mst.mission.1951014._detail,Dapatkan Idol “Cosplay Berdua ♡”
mst.mission.1950014._title,Bangkitkan Idol 『Cosplay Berdua ♡』
mst.mission.1950014._detail,Bangkitkan Idol 『Cosplay Berdua ♡』
mst.mission.1951015._title,Dapatkan Idol 『Burung Camar Terbang』
mst.mission.1951015._detail,Dapatkan Idol “Burung Camar Terbang”!
mst.mission.1950015._title,Bangkitkan Idol 『飛び交うカモメ』
mst.mission.1950015._detail,Bangkitkan Idol 『飛び交うカモメ』
mst.mission.1951016._title,Dapatkan Idol 『Hidangan Penutup Musim Gugur Terbaru』
mst.mission.1951016._detail,Dapatkan Idol “Kue Musim Gugur”!
mst.mission.1950016._title,Bangkitkan Idol “Kue Musim Gugur”
mst.mission.1950016._detail,Bangkitkan Idol 『Autumn New Sweets』
mst.mission.1951017._title,Idol “Melon ni Meromero ♡” dapatkan!
mst.mission.1951017._detail,Dapatkan Idol “Melon ni Meromero ♡”
mst.mission.1950017._title,Bangkitkan Idol “Melon ni Meromero ♡”
mst.mission.1950017._detail,Bangkitkan Idol 『Melon ni Meromero ♡』
mst.mission.1951018._title,Dapatkan Idol 『Waktu Bersama Kakak』
mst.mission.1951018._detail,Dapatkan Idol “Waktu Bersama Kakak”.
mst.mission.1950018._title,Bangkitkan Idol 『Waktu Bersama Kakak Perempuan』
mst.mission.1950018._detail,Bangkitkan Idol “Waktu Bersama Kakak”
mst.mission.1953586._title,Login sekarang
mst.mission.1953586._detail,Login sekarang
mst.mission.1953587._title,Login sekarang
mst.mission.1953587._detail,Login sekarang
mst.mission.1953588._title,Login sekarang
mst.mission.1953588._detail,Login sekarang
mst.mission.1953589._title,Login sekarang
mst.mission.1953589._detail,Login sekarang
mst.mission.1953590._title,Login sekarang
mst.mission.1953590._detail,Login sekarang
mst.mission.1953591._title,Login sekarang
mst.mission.1953591._detail,Login sekarang
mst.mission.1951019._title,Dapatkan Idol “Tata Rambut”
mst.mission.1951019._detail,Dapatkan Idol 『Penataan Rambut』
mst.mission.1950019._title,Bangkitkan Idol “Penataan Rambut”
mst.mission.1950019._detail,Bangkitkan Idol 『Tata Rambut』
mst.mission.1951020._title,Dapatkan Idol 『Cat Cafe Day Out』
mst.mission.1951020._detail,Dapatkan Idol “Hari yang Menyenangkan di Kafe Kucing”
mst.mission.1950020._title,Bangkitkan Idol “Hari yang Nyaman di Kafe Kucing”
mst.mission.1950020._detail,Bangkitkan Idol 『Hari yang menyenangkan di kafe kucing』
mst.mission.1951021._title,Dapatkan Idol “Hadiah Lucu”
mst.mission.1951021._detail,Dapatkan Idol “Hadiah Lucu”!
mst.mission.1950021._title,Bangkitkan Idol “Hadiah-hadiah yang Menggemaskan”
mst.mission.1950021._detail,Bangkitkan Idol 『Hadiah Lucu』
mst.mission.1951022._title,Dapatkan Idol “FULL COMBO!!”
mst.mission.1951022._detail,Dapatkan Idol “FULL COMBO!!”
mst.mission.1950022._title,Bangkitkan Idol 『FULL COMBO！！』
mst.mission.1950022._detail,Bangkitkan Idol 『FULL COMBO！！』
mst.mission.1953592._title,Login sekarang
mst.mission.1953592._detail,Login sekarang
mst.mission.1951023._title,Dapatkan Idol 『Strawberry Dessert Buffet』
mst.mission.1951023._detail,Dapatkan Idol “Strawberry Dessert Buffet”
mst.mission.1950023._title,Bangkitkan Idol “Strawberry Dessert Buffet”
mst.mission.1950023._detail,Bangkitkan Idol 『Strawberry Dessert Buffet』
mst.mission.1951024._title,Dapatkan Idol 『Idol yang Dikagumi Datang ke Jepang!』
mst.mission.1951024._detail,Dapatkan Idol “Idol yang Dikagumi Datang ke Jepang!”
mst.mission.1950024._title,Bangkitkan Idol 『憧れの選手が日本に！』
mst.mission.1950024._detail,Bangkitkan Idol 『憧れの選手が日本に！』
mst.mission.1951025._title,Dapatkan Idol 『Pesona Kotatsu yang Tak Tertahankan』
mst.mission.1951025._detail,Dapatkan Idol “Pesona Kotatsu yang Tak Tertahankan”
mst.mission.1950025._title,Bangkitkan Idol 『Daya tarik Kotatsu yang Tak Tertahankan』
mst.mission.1950025._detail,Bangkitkan Idol 『抗えないこたつの魅力』
mst.mission.1953593._title,Login sekarang
mst.mission.1953593._detail,Login sekarang
mst.mission.1953594._title,Login sekarang
mst.mission.1953594._detail,Login sekarang
mst.mission.1953595._title,Login sekarang
mst.mission.1953595._detail,Login sekarang
mst.mission.1958586._title,Tingkatkan Afeksi
mst.mission.1958586._detail,Tingkatkan Afeksi .
mst.mission.1958587._title,Tingkatkan Afeksi hingga 1000
mst.mission.1958587._detail,Tingkatkan Afeksi 『N』 hingga 1000
mst.mission.1958588._title,Tingkatkan Afeksi 『N』 hingga 2000
mst.mission.1958588._detail,Tingkatkan Afeksi 『N』 hingga 2000 atau lebih.
mst.mission.1958589._title,Afeksi 『N』 hingga 3500+
mst.mission.1958589._detail,Tingkatkan Afeksi 『N』 hingga 3500 atau lebih.
mst.mission.1958590._title,Afeksi 『N』 hingga 5000+
mst.mission.1958590._detail,Tingkatkan Afeksi 『N』 hingga 5000 atau lebih.
mst.mission.1958591._title,Afeksi 『N』 hingga 6000
mst.mission.1958591._detail,Tingkatkan Afeksi 『N』 hingga 6000
mst.mission.1958592._title,Afeksi 『N』 hingga 7000
mst.mission.1958592._detail,Tingkatkan Afeksi 『N』 hingga 7000
mst.mission.1958593._title,Afeksi 『N』 hingga 8000
mst.mission.1958593._detail,Tingkatkan Afeksi 『N』 hingga lebih dari 8000
mst.mission.1958594._title,Afeksi 『N』 hingga 9000
mst.mission.1958594._detail,Tingkatkan Afeksi 『N』 hingga 9000
mst.mission.1958595._title,Afeksi 『N』 hingga 10000+
mst.mission.1958595._detail,Tingkatkan Afeksi 『N』 hingga 10000 atau lebih
mst.mission.1958596._title,Afeksi 『N』 hingga 11000+
mst.mission.1958596._detail,Tingkatkan Afeksi 『N』 hingga lebih dari 11000
mst.mission.1958597._title,Afeksi 『N』 hingga 12500+
mst.mission.1958597._detail,Tingkatkan Afeksi 『N』 hingga lebih dari 12500
mst.mission.1958598._title,Afeksi 『N』 hingga 13000+
mst.mission.1958598._detail,Tingkatkan Afeksi 『N』 hingga 13000
mst.mission.1958599._title,Afeksi 『N』 hingga 13500
mst.mission.1958599._detail,Tingkatkan Afeksi 『N』 hingga 13500
mst.mission.1958600._title,Tingkatkan Afeksi 『N』 hingga 15000
mst.mission.1958600._detail,Tingkatkan Afeksi 『N』 hingga 15000
mst.mission.1958601._title,Tingkatkan Afeksi
mst.mission.1958601._detail,Tingkatkan Afeksi .
mst.mission.1958602._title,Tingkatkan Afeksi hingga 1000
mst.mission.1958602._detail,Tingkatkan Afeksi 『N』 hingga 1000
mst.mission.1958603._title,Tingkatkan Afeksi 『N』 hingga 2000
mst.mission.1958603._detail,Tingkatkan Afeksi 『N』 hingga 2000 atau lebih.
mst.mission.1958604._title,Afeksi 『N』 hingga 3500+
mst.mission.1958604._detail,Tingkatkan Afeksi 『N』 hingga 3500 atau lebih.
mst.mission.1958605._title,Afeksi 『N』 hingga 5000+
mst.mission.1958605._detail,Tingkatkan Afeksi 『N』 hingga 5000 atau lebih.
mst.mission.1958606._title,Afeksi 『N』 hingga 6000
mst.mission.1958606._detail,Tingkatkan Afeksi 『N』 hingga 6000
mst.mission.1958607._title,Afeksi 『N』 hingga 7000
mst.mission.1958607._detail,Tingkatkan Afeksi 『N』 hingga 7000
mst.mission.1958608._title,Afeksi 『N』 hingga 8000
mst.mission.1958608._detail,Tingkatkan Afeksi 『N』 hingga lebih dari 8000
mst.mission.1958609._title,Afeksi 『N』 hingga 9000
mst.mission.1958609._detail,Tingkatkan Afeksi 『N』 hingga 9000
mst.mission.1958610._title,Afeksi 『N』 hingga 10000+
mst.mission.1958610._detail,Tingkatkan Afeksi 『N』 hingga 10000 atau lebih
mst.mission.1958611._title,Afeksi 『N』 hingga 11000+
mst.mission.1958611._detail,Tingkatkan Afeksi 『N』 hingga lebih dari 11000
mst.mission.1958612._title,Afeksi 『N』 hingga 12500+
mst.mission.1958612._detail,Tingkatkan Afeksi 『N』 hingga lebih dari 12500
mst.mission.1958613._title,Afeksi 『N』 hingga 13000+
mst.mission.1958613._detail,Tingkatkan Afeksi 『N』 hingga 13000
mst.mission.1958614._title,Afeksi 『N』 hingga 13500
mst.mission.1958614._detail,Tingkatkan Afeksi 『N』 hingga 13500
mst.mission.1958615._title,Tingkatkan Afeksi 『N』 hingga 15000
mst.mission.1958615._detail,Tingkatkan Afeksi 『N』 hingga 15000
mst.mission.1953596._title,Login sekarang
mst.mission.1953596._detail,Login sekarang
mst.mission.1953597._title,Login sekarang
mst.mission.1953597._detail,Login sekarang
mst.mission.1951026._title,Dapatkan Idol 『Jellyfish』
mst.mission.1951026._detail,Dapatkan Idol 『Jellyfish』
mst.mission.1950026._title,Bangkitkan Idol 『Jellyfish』
mst.mission.1950026._detail,Bangkitkan Idol 『Jellyfish』
mst.mission.1951027._title,Dapatkan Idol 『絵馬に記す願いは』
mst.mission.1951027._detail,Dapatkan Idol 『絵馬に記す願いは』.
mst.mission.1950027._title,Bangkitkan Idol 『絵馬に記す願いは』
mst.mission.1950027._detail,Bangkitkan Idol 『Ema ni Kitasu Negai wa』
mst.mission.1951028._title,Dapatkan Idol “Alasan Semangat Itu Hanya Satu”
mst.mission.1951028._detail,Dapatkan Idol “Alasan Semangat Itu Hanya Satu”.
mst.mission.1950028._title,Bangkitkan Idol “Alasan Semangat”
mst.mission.1950028._detail,Bangkitkan Idol “Alasan Semangat Itu Hanya Satu”
mst.mission.1951029._title,Dapatkan Idol 『Duet』
mst.mission.1951029._detail,Dapatkan Idol “Duet”.
mst.mission.1950029._title,Bangkitkan Idol “Duet”
mst.mission.1950029._detail,Bangkitkan Idol 『Duet』
mst.mission.1951030._title,Dapatkan Idol “Makeup Kasumin”
mst.mission.1951030._detail,Dapatkan Idol “Makeup Kasumin”
mst.mission.1950030._title,Bangkitkan Idol “Makeup Kasumin”
mst.mission.1950030._detail,Bangkitkan Idol 『Makeup Kasumin』
mst.mission.1951031._title,Dapatkan Idol 『パンならいくらでも♡』
mst.mission.1951031._detail,Dapatkan Idol 『パンならいくらでも♡』
mst.mission.1950031._title,Bangkitkan Idol 『パンならいくらでも♡』
mst.mission.1950031._detail,Bangkitkan Idol 『パンならいくらでも♡』
mst.mission.1953598._title,Login sekarang
mst.mission.1953598._detail,Login sekarang
mst.mission.1953599._title,Login sekarang
mst.mission.1953599._detail,Login sekarang
mst.mission.1951032._title,Dapatkan Idol “Waktu Teh Spesial”
mst.mission.1951032._detail,Dapatkan Idol “Waktu Teh Spesial”
mst.mission.1950032._title,Bangkitkan Idol “Waktu Bersantai Spesial”
mst.mission.1950032._detail,Bangkitkan Idol 『Waktu Bersantai Spesial』
mst.mission.1951033._title,Dapatkan Idol “Hari Bersama Maru”
mst.mission.1951033._detail,Dapatkan Idol “Hari yang Dihabiskan Bersama Maru”
mst.mission.1950033._title,Bangkitkan Idol “Hari Bersama Maru”
mst.mission.1950033._detail,Bangkitkan Idol 『Maru o Megutta Ichinichi』
mst.mission.1951034._title,Dapatkan Idol “Naik Ayunan Udara”
mst.mission.1951034._detail,Dapatkan Idol “Naik Ayunan Udara”
mst.mission.1950034._title,Bangkitkan Idol 『Naik Ayunan Udara』
mst.mission.1950034._detail,Bangkitkan Idol 『Naite Kyoufu no Buranko ni Notte』
mst.mission.1953600._title,Login sekarang
mst.mission.1953600._detail,Login sekarang
mst.mission.1953601._title,Login sekarang
mst.mission.1953601._detail,Login sekarang
mst.mission.1953602._title,Login sekarang
mst.mission.1953602._detail,Login sekarang
mst.mission.1953603._title,Login sekarang
mst.mission.1953603._detail,Login sekarang
mst.mission.1953604._title,Login sekarang
mst.mission.1953604._detail,Login sekarang
mst.mission.1953605._title,Login sekarang
mst.mission.1953605._detail,Login sekarang
mst.mission.1953606._title,Login sekarang
mst.mission.1953606._detail,Login sekarang
mst.mission.1953607._title,Login sekarang
mst.mission.1953607._detail,Login sekarang
mst.mission.1953608._title,Login sekarang
mst.mission.1953608._detail,Login sekarang
mst.mission.1953609._title,Login sekarang
mst.mission.1953609._detail,Login sekarang
mst.mission.1953610._title,Login sekarang
mst.mission.1953610._detail,Login sekarang
mst.mission.1953611._title,Login sekarang
mst.mission.1953611._detail,Login sekarang
mst.mission.1953612._title,Login sekarang
mst.mission.1953612._detail,Login sekarang
mst.mission.1953613._title,Login sekarang
mst.mission.1953613._detail,Login sekarang
mst.mission.1953614._title,Login sekarang
mst.mission.1953614._detail,Login sekarang
mst.mission.1953615._title,Login sekarang
mst.mission.1953615._detail,Login sekarang
mst.mission.1953616._title,Login sekarang
mst.mission.1953616._detail,Login sekarang
mst.mission.1953617._title,Login sekarang
mst.mission.1953617._detail,Login sekarang
mst.mission.1953618._title,Login sekarang
mst.mission.1953618._detail,Login sekarang
mst.mission.1953619._title,Login sekarang
mst.mission.1953619._detail,Login sekarang
mst.mission.1953620._title,Login sekarang
mst.mission.1953620._detail,Login sekarang
mst.mission.1953621._title,Login sekarang
mst.mission.1953621._detail,Login sekarang
mst.mission.1953622._title,Login sekarang
mst.mission.1953622._detail,Login sekarang
mst.mission.1953623._title,Login sekarang
mst.mission.1953623._detail,Login sekarang
mst.mission.1953624._title,Login sekarang
mst.mission.1953624._detail,Login sekarang
mst.mission.1953625._title,Login sekarang
mst.mission.1953625._detail,Login sekarang
mst.mission.1953626._title,Login sekarang
mst.mission.1953626._detail,Login sekarang
mst.mission.1953627._title,Login sekarang
mst.mission.1953627._detail,Login sekarang
mst.mission.1953628._title,Login sekarang
mst.mission.1953628._detail,Login sekarang
mst.mission.1953629._title,Login sekarang
mst.mission.1953629._detail,Login sekarang
mst.mission.1953630._title,Login sekarang
mst.mission.1953630._detail,Login sekarang
mst.mission.1953631._title,Login sekarang
mst.mission.1953631._detail,Login sekarang
mst.mission.1953632._title,Login sekarang
mst.mission.1953632._detail,Login sekarang
mst.mission.1953633._title,Login sekarang
mst.mission.1953633._detail,Login sekarang
mst.mission.1953634._title,Login sekarang
mst.mission.1953634._detail,Login sekarang
mst.mission.1953635._title,Login sekarang
mst.mission.1953635._detail,Login sekarang
mst.mission.1953636._title,Login sekarang
mst.mission.1953636._detail,Login sekarang
mst.mission.1953637._title,Login sekarang
mst.mission.1953637._detail,Login sekarang
mst.mission.1953638._title,Login sekarang
mst.mission.1953638._detail,Login sekarang
mst.mission.1953639._title,Login sekarang
mst.mission.1953639._detail,Login sekarang
mst.mission.1953640._title,Login sekarang
mst.mission.1953640._detail,Login sekarang
mst.mission.1953641._title,Login sekarang
mst.mission.1953641._detail,Login sekarang
mst.mission.1953642._title,Login sekarang
mst.mission.1953642._detail,Login sekarang
mst.mission.1951035._title,Dapatkan Idol “Tantangan Ikebana!”
mst.mission.1951035._detail,Dapatkan Idol “Tantangan Ikebana!”
mst.mission.1950035._title,Bangkitkan Idol 『Tantangan Ikebana!』
mst.mission.1950035._detail,Bangkitkan Idol 『Menantang Seni Merangkai Bunga!』
mst.mission.1953643._title,Login sekarang
mst.mission.1953643._detail,Login sekarang
mst.mission.1951036._title,Dapatkan Idol “Pengalaman VR yang Mengesankan”
mst.mission.1951036._detail,Dapatkan Idol “Pengalaman VR yang Mengesankan”!
mst.mission.1950036._title,Bangkitkan Idol “Pengalaman VR yang Mengesankan”
mst.mission.1950036._detail,Bangkitkan Idol 『Pengalaman VR yang Mengesankan』
mst.mission.1953644._title,Login sekarang
mst.mission.1953644._detail,Login sekarang
mst.mission.1951037._title,Dapatkan Idol “Senyum yang Memancar di Beranda”
mst.mission.1951037._detail,Dapatkan Idol “Senyum yang Memancar di Beranda”
mst.mission.1950037._title,Bangkitkan Idol 『Senyum yang Memancar di Beranda』
mst.mission.1950037._detail,Bangkitkan Idol 『縁側にこぼれる微笑』
mst.mission.1951038._title,Dapatkan Idol “Pengamatan Bintang Musim Semi”
mst.mission.1951038._detail,Dapatkan Idol “Pengamatan Bintang Musim Semi”
mst.mission.1950038._title,Bangkitkan Idol “Pengamatan Bintang Musim Semi”
mst.mission.1950038._detail,Bangkitkan Idol 『Pengamatan Bintang Musim Semi』
mst.mission.1951039._title,Dapatkan Idol “Foto Ulang di Tempat Kenangan”
mst.mission.1951039._detail,Dapatkan Idol “Foto Ulang di Tempat Kenangan”.
mst.mission.1950039._title,Bangkitkan Idol “Pemotretan Ulang di Tempat Kenangan”
mst.mission.1950039._detail,Bangkitkan Idol 『Kenangan di Tempat yang Sama』
mst.mission.1951040._title,Dapatkan Idol “Futari wa Hero”
mst.mission.1951040._detail,Dapatkan Idol “Futari wa Hero ☆”!
mst.mission.1950040._title,Bangkitkan Idol 『ふたりはヒーロー☆』
mst.mission.1950040._detail,Bangkitkan Idol 『ふたりはヒーロー☆』
mst.mission.1951041._title,Dapatkan Idol 『Tokyo Fried Potato』
mst.mission.1951041._detail,Dapatkan Idol 『Tokyo Fried Potato』.
mst.mission.1950041._title,Bangkitkan Idol 『Tokyo Fried Potato』
mst.mission.1950041._detail,Bangkitkan Idol 『Tokyo Fried Potato』
mst.mission.1953645._title,Login sekarang
mst.mission.1953645._detail,Login sekarang
mst.mission.1953646._title,Login sekarang
mst.mission.1953646._detail,Login sekarang
mst.mission.1224001._title,Selesaikan semua tugas harian.
mst.mission.1224001._detail,Selesaikan semua tugas harian.
mst.mission.1253001._title,Login sekarang
mst.mission.1253001._detail,Login sekarang
mst.mission.1273001._title,Selesaikan lagu Love Live! sekali.
mst.mission.1273001._detail,Selesaikan lagu Love Live! sekali.
mst.mission.1273002._title,Selesaikan lagu Love Live! Sunshine!! sekali.
mst.mission.1273002._detail,Selesaikan lagu Love Live! Sunshine!! sekali.
mst.mission.1273003._title,Selesaikan lagu Love Live! Nijigasaki sekali.
mst.mission.1273003._detail,Selesaikan lagu Love Live! Nijigasaki School Idol Club sekali.
mst.mission.1273004._title,Selesaikan lagu Love Live! Superstar! sekali.
mst.mission.1273004._detail,Selesaikan lagu Love Live! Superstar! sekali.
mst.mission.1224002._title,Selesaikan semua tugas harian.
mst.mission.1224002._detail,Selesaikan semua tugas harian.
mst.mission.1253002._title,Login sekarang
mst.mission.1253002._detail,Login sekarang
mst.mission.1273005._title,Selesaikan lagu Love Live! sekali.
mst.mission.1273005._detail,Selesaikan lagu Love Live! sekali.
mst.mission.1273006._title,Selesaikan lagu Love Live! Sunshine!! sekali.
mst.mission.1273006._detail,Selesaikan lagu Love Live! Sunshine!! sekali.
mst.mission.1273007._title,Selesaikan lagu Love Live! Nijigasaki sekali.
mst.mission.1273007._detail,Selesaikan lagu Love Live! Nijigasaki School Idol Club sekali.
mst.mission.1273008._title,Selesaikan lagu Love Live! Superstar! sekali.
mst.mission.1273008._detail,Selesaikan lagu Love Live! Superstar! sekali.
mst.mission.1224003._title,Selesaikan semua tugas harian.
mst.mission.1224003._detail,Selesaikan semua tugas harian.
mst.mission.1253003._title,Login sekarang
mst.mission.1253003._detail,Login sekarang
mst.mission.1273009._title,Selesaikan lagu Love Live! sekali.
mst.mission.1273009._detail,Selesaikan lagu Love Live! sekali.
mst.mission.1273010._title,Selesaikan lagu Love Live! Sunshine!! sekali.
mst.mission.1273010._detail,Selesaikan lagu Love Live! Sunshine!! sekali.
mst.mission.1273011._title,Selesaikan lagu Love Live! Nijigasaki sekali.
mst.mission.1273011._detail,Selesaikan lagu Love Live! Nijigasaki School Idol Club sekali.
mst.mission.1273012._title,Selesaikan lagu Love Live! Superstar! sekali.
mst.mission.1273012._detail,Selesaikan lagu Love Live! Superstar! sekali.
mst.mission.2310101._title,Kumpulkan 100 Event Poin
mst.mission.2310101._detail,Kumpulkan 100 Event Poin.
mst.mission.2310102._title,Kumpulkan 1000 Event Poin
mst.mission.2310102._detail,Kumpulkan 1000 Event Poin.
mst.mission.2310103._title,Kumpulkan 5000 Event Poin
mst.mission.2310103._detail,Kumpulkan 5000 Event Poin.
mst.mission.2310104._title,Kumpulkan 10000 Event Poin
mst.mission.2310104._detail,Kumpulkan 10000 Event Poin.
mst.mission.2310105._title,Selesaikan lagu event.
mst.mission.2310105._detail,Selesaikan lagu event.
mst.mission.2310106._title,Selesaikan lagu event sebanyak 3 kali.
mst.mission.2310106._detail,Selesaikan lagu event sebanyak 3 kali.
mst.mission.2310107._title,Selesaikan lagu event sebanyak 5 kali.
mst.mission.2310107._detail,Selesaikan lagu event sebanyak 5 kali.
mst.mission.2210108._title,Live sebanyak 10 kali
mst.mission.2210108._detail,Selesaikan Live sebanyak 10 kali.
mst.mission.2210109._title,Live sebanyak 20 kali
mst.mission.2210109._detail,Selesaikan Live sebanyak 20 kali.
mst.mission.2210110._title,Selesaikan Live sebanyak 30 kali
mst.mission.2210110._detail,Selesaikan Live sebanyak 30 kali.
mst.mission.2210111._title,Selesaikan Live sebanyak 40 kali
mst.mission.2210111._detail,Live sebanyak 40 kali.
mst.mission.2210112._title,Live sebanyak 50 kali
mst.mission.2210112._detail,Selesaikan Live sebanyak 50 kali.
mst.mission.2210113._title,Selesaikan Live sebanyak 60 kali
mst.mission.2210113._detail,Selesaikan Live sebanyak 60 kali.
mst.mission.2210114._title,Selesaikan Live sebanyak 70 kali
mst.mission.2210114._detail,Selesaikan Live sebanyak 70 kali.
mst.mission.2210115._title,Selesaikan Live sebanyak 80 kali
mst.mission.2210115._detail,Selesaikan Live sebanyak 80 kali.
mst.mission.2210116._title,Selesaikan Live sebanyak 90 kali
mst.mission.2210116._detail,Selesaikan Live sebanyak 90 kali.
mst.mission.2210117._title,Selesaikan Live sebanyak 100 kali
mst.mission.2210117._detail,Selesaikan Live sebanyak 100 kali.
mst.mission.2210118._title,Selesaikan Live sebanyak 125 kali
mst.mission.2210118._detail,Selesaikan Live sebanyak 125 kali.
mst.mission.2210119._title,Selesaikan Live sebanyak 150 kali
mst.mission.2210119._detail,Selesaikan Live sebanyak 150 kali.
mst.mission.2210120._title,Selesaikan Live sebanyak 200 kali
mst.mission.2210120._detail,Selesaikan Live sebanyak 200 kali.
mst.mission.2210121._title,Selesaikan Live sebanyak 250 kali
mst.mission.2210121._detail,Selesaikan Live sebanyak 250 kali.
mst.mission.2210122._title,Selesaikan Live sebanyak 300 kali
mst.mission.2210122._detail,Selesaikan Live sebanyak 300 kali.
mst.mission.2210123._title,Selesaikan Live sebanyak 350 kali
mst.mission.2210123._detail,Selesaikan Live sebanyak 350 kali.
mst.mission.2210124._title,Selesaikan Live sebanyak 400 kali
mst.mission.2210124._detail,Selesaikan Live sebanyak 400 kali.
mst.mission.2210125._title,Selesaikan Live sebanyak 450 kali
mst.mission.2210125._detail,Selesaikan Live sebanyak 450 kali.
mst.mission.2210126._title,Selesaikan Live sebanyak 500 kali
mst.mission.2210126._detail,Selesaikan Live sebanyak 500 kali.
mst.mission.2210127._title,Selesaikan lagu event dengan Full Combo
mst.mission.2210127._detail,Selesaikan lagu event dengan Full Combo.
mst.mission.2210128._title,Raih skor 50.000 di lagu 『MIRACLE NEW STORY』 dengan kesulitan NORMAL atau lebih tinggi
mst.mission.2210128._detail,Capai skor 50.000 di lagu 『MIRACLE NEW STORY』 dengan kesulitan NORMAL atau lebih tinggi.
mst.mission.2210129._title,Raih skor 200.000 di lagu 『MIRACLE NEW STORY』 dengan tingkat kesulitan HARD atau lebih tinggi.
mst.mission.2210129._detail,Capai skor 200.000 di lagu 『MIRACLE NEW STORY』 dengan tingkat kesulitan HARD atau lebih tinggi.
mst.mission.2210130._title,Raih skor 300.000 di lagu 『MIRACLE NEW STORY』 dengan tingkat kesulitan EXPERT atau lebih tinggi.
mst.mission.2210130._detail,Capai skor 300.000 pada lagu 『MIRACLE NEW STORY』 dengan tingkat kesulitan EXPERT atau lebih tinggi.
mst.mission.2210131._title,Login ke event.
mst.mission.2210131._detail,Login ke event.
mst.mission.2210132._title,Kumpulkan 5000 Event Poin
mst.mission.2210132._detail,Kumpulkan 5000 Event Poin
mst.mission.2210133._title,Kumpulkan 12000 Event Poin
mst.mission.2210133._detail,Kumpulkan 12000 Event Poin! *Tidak ditampilkan
mst.mission.2210134._title,Kumpulkan 20000 Event Poin! *Tidak ditampilkan
mst.mission.2210134._detail,Kumpulkan 20000 Event Pt ※Tidak ditampilkan
mst.mission.2210135._title,Kumpulkan 30000 Event Poin
mst.mission.2210135._detail,Kumpulkan 30000 Event Poin! *Tidak ditampilkan
mst.mission.2310201._title,Kumpulkan 100 Event Poin
mst.mission.2310201._detail,Kumpulkan 100 Event Poin.
mst.mission.2310202._title,Kumpulkan 1000 Event Poin
mst.mission.2310202._detail,Kumpulkan 1000 Event Poin.
mst.mission.2310203._title,Kumpulkan 5000 Event Poin
mst.mission.2310203._detail,Kumpulkan 5000 Event Poin.
mst.mission.2310204._title,Kumpulkan 10000 Event Poin
mst.mission.2310204._detail,Kumpulkan 10000 Event Poin.
mst.mission.2310205._title,Selesaikan lagu event.
mst.mission.2310205._detail,Selesaikan lagu event.
mst.mission.2310206._title,Selesaikan lagu event sebanyak 3 kali.
mst.mission.2310206._detail,Selesaikan lagu event sebanyak 3 kali.
mst.mission.2310207._title,Selesaikan lagu event sebanyak 5 kali.
mst.mission.2310207._detail,Selesaikan lagu event sebanyak 5 kali.
mst.mission.2210208._title,Live sebanyak 10 kali
mst.mission.2210208._detail,Selesaikan Live sebanyak 10 kali.
mst.mission.2210209._title,Live sebanyak 20 kali
mst.mission.2210209._detail,Selesaikan Live sebanyak 20 kali.
mst.mission.2210210._title,Selesaikan Live sebanyak 30 kali
mst.mission.2210210._detail,Selesaikan Live sebanyak 30 kali.
mst.mission.2210211._title,Selesaikan Live sebanyak 40 kali
mst.mission.2210211._detail,Live sebanyak 40 kali.
mst.mission.2210212._title,Live sebanyak 50 kali
mst.mission.2210212._detail,Selesaikan Live sebanyak 50 kali.
mst.mission.2210213._title,Selesaikan Live sebanyak 60 kali
mst.mission.2210213._detail,Selesaikan Live sebanyak 60 kali.
mst.mission.2210214._title,Selesaikan Live sebanyak 70 kali
mst.mission.2210214._detail,Selesaikan Live sebanyak 70 kali.
mst.mission.2210215._title,Selesaikan Live sebanyak 80 kali
mst.mission.2210215._detail,Selesaikan Live sebanyak 80 kali.
mst.mission.2210216._title,Selesaikan Live sebanyak 90 kali
mst.mission.2210216._detail,Selesaikan Live sebanyak 90 kali.
mst.mission.2210217._title,Selesaikan Live sebanyak 100 kali
mst.mission.2210217._detail,Selesaikan Live sebanyak 100 kali.
mst.mission.2210218._title,Selesaikan Live sebanyak 125 kali
mst.mission.2210218._detail,Selesaikan Live sebanyak 125 kali.
mst.mission.2210219._title,Selesaikan Live sebanyak 150 kali
mst.mission.2210219._detail,Selesaikan Live sebanyak 150 kali.
mst.mission.2210220._title,Selesaikan Live sebanyak 200 kali
mst.mission.2210220._detail,Selesaikan Live sebanyak 200 kali.
mst.mission.2210221._title,Selesaikan Live sebanyak 250 kali
mst.mission.2210221._detail,Selesaikan Live sebanyak 250 kali.
mst.mission.2210222._title,Selesaikan Live sebanyak 300 kali
mst.mission.2210222._detail,Selesaikan Live sebanyak 300 kali.
mst.mission.2210223._title,Selesaikan Live sebanyak 350 kali
mst.mission.2210223._detail,Selesaikan Live sebanyak 350 kali.
mst.mission.2210224._title,Selesaikan Live sebanyak 400 kali
mst.mission.2210224._detail,Selesaikan Live sebanyak 400 kali.
mst.mission.2210225._title,Selesaikan Live sebanyak 450 kali
mst.mission.2210225._detail,Selesaikan Live sebanyak 450 kali.
mst.mission.2210226._title,Selesaikan Live sebanyak 500 kali
mst.mission.2210226._detail,Selesaikan Live sebanyak 500 kali.
mst.mission.2210227._title,Selesaikan lagu event dengan Full Combo
mst.mission.2210227._detail,Selesaikan lagu event dengan Full Combo.
mst.mission.2210228._title,Capai skor 50000 di lagu 『No brand girls』 dengan kesulitan NORMAL atau lebih tinggi.
mst.mission.2210228._detail,Capai skor 50.000 di lagu 『No brand girls』 dengan kesulitan NORMAL atau lebih tinggi.
mst.mission.2210229._title,Capai skor 200.000 di lagu 『No brand girls』 dengan kesulitan HARD atau lebih tinggi
mst.mission.2210229._detail,Capai skor 200.000 di lagu 『No brand girls』 dengan tingkat kesulitan HARD atau lebih tinggi.
mst.mission.2210230._title,Raih skor 300.000 di lagu 『No brand girls』 dengan tingkat kesulitan EXPERT atau lebih tinggi.
mst.mission.2210230._detail,Capai skor 300.000 di lagu 『No brand girls』 dengan tingkat kesulitan EXPERT atau lebih tinggi.
mst.mission.2210231._title,Login ke event.
mst.mission.2210231._detail,Login ke event.
mst.mission.2210232._title,Kumpulkan 5000 Event Poin
mst.mission.2210232._detail,Kumpulkan 5000 Event Poin
mst.mission.2210233._title,Kumpulkan 12000 Event Poin
mst.mission.2210233._detail,Kumpulkan 12000 Event Poin! *Tidak ditampilkan
mst.mission.2210234._title,Kumpulkan 20000 Event Poin! *Tidak ditampilkan
mst.mission.2210234._detail,Kumpulkan 20000 Event Pt ※Tidak ditampilkan
mst.mission.2210235._title,Kumpulkan 30000 Event Poin
mst.mission.2210235._detail,Kumpulkan 30000 Event Poin! *Tidak ditampilkan
mst.mission.2710301._title,Kumpulkan 100 Event Poin
mst.mission.2710301._detail,Kumpulkan 100 Event Poin.
mst.mission.2710302._title,Kumpulkan 4000 Event Poin
mst.mission.2710302._detail,Kumpulkan 4000 Event Poin.
mst.mission.2710303._title,Kumpulkan 8000 Event Poin
mst.mission.2710303._detail,Kumpulkan 8000 Event Poin.
mst.mission.2610304._title,Lakukan Full Combo Live di kesulitan NORMAL atau lebih tinggi
mst.mission.2610304._detail,Capai Full Combo di Live dengan kesulitan NORMAL atau lebih tinggi.
mst.mission.2610305._title,Lakukan 3 Full Combo Live di kesulitan NORMAL atau lebih tinggi
mst.mission.2610305._detail,Lakukan 3 kali Full Combo di Live dengan kesulitan NORMAL atau lebih tinggi.
mst.mission.2610306._title,Lakukan 5 Full Combo di Live dengan kesulitan NORMAL atau lebih tinggi
mst.mission.2610306._detail,Selesaikan 5 Live dengan Full Combo di kesulitan NORMAL atau lebih tinggi.
mst.mission.2610307._title,Selesaikan Live dengan skor 50000 atau lebih.
mst.mission.2610307._detail,Selesaikan Live dengan skor 50000 atau lebih.
mst.mission.2610308._title,Selesaikan Live dengan skor 100.000 atau lebih
mst.mission.2610308._detail,Selesaikan Live dengan skor 100.000 atau lebih.
mst.mission.2610309._title,Selesaikan Live dengan skor 150000 atau lebih
mst.mission.2610309._detail,Selesaikan Live dengan skor 150.000 atau lebih.
mst.mission.2610310._title,Mainkan lagu yang dipilih di Pemilihan Acak sebanyak 3 kali.
mst.mission.2610310._detail,Mainkan lagu yang dipilih di Pemilihan Acak sebanyak 3 kali.
mst.mission.2610311._title,Mainkan lagu yang dipilih di Pemilihan Acak sebanyak 5 kali.
mst.mission.2610311._detail,Mainkan lagu yang dipilih di Pemilihan Acak sebanyak 5 kali.
mst.mission.2610312._title,Mainkan lagu yang dipilih di Pemilihan Acak sebanyak 10 kali.
mst.mission.2610312._detail,Mainkan lagu yang dipilih di Pemilihan Acak sebanyak 10 kali.
mst.mission.2310401._title,Kumpulkan 100 Event Poin
mst.mission.2310401._detail,Kumpulkan 100 Event Poin.
mst.mission.2310402._title,Kumpulkan 1000 Event Poin
mst.mission.2310402._detail,Kumpulkan 1000 Event Poin.
mst.mission.2310403._title,Kumpulkan 5000 Event Poin
mst.mission.2310403._detail,Kumpulkan 5000 Event Poin.
mst.mission.2310404._title,Kumpulkan 10000 Event Poin
mst.mission.2310404._detail,Kumpulkan 10000 Event Poin.
mst.mission.2310405._title,Selesaikan lagu Love Live! Sunshine!!.
mst.mission.2310405._detail,Selesaikan lagu Love Live! Sunshine!!.
mst.mission.2310406._title,Selesaikan lagu Love Live! Sunshine!! sebanyak 3 kali
mst.mission.2310406._detail,Selesaikan lagu Love Live! Sunshine!! sebanyak 3 kali.
mst.mission.2310407._title,Selesaikan lagu Love Live! Sunshine!! sebanyak 5 kali.
mst.mission.2310407._detail,Selesaikan lagu Love Live! Sunshine!! sebanyak 5 kali.
mst.mission.2210408._title,Live sebanyak 10 kali
mst.mission.2210408._detail,Selesaikan Live sebanyak 10 kali.
mst.mission.2210409._title,Live sebanyak 20 kali
mst.mission.2210409._detail,Selesaikan Live sebanyak 20 kali.
mst.mission.2210410._title,Selesaikan Live sebanyak 30 kali
mst.mission.2210410._detail,Selesaikan Live sebanyak 30 kali.
mst.mission.2210411._title,Selesaikan Live sebanyak 40 kali
mst.mission.2210411._detail,Live sebanyak 40 kali.
mst.mission.2210412._title,Live sebanyak 50 kali
mst.mission.2210412._detail,Selesaikan Live sebanyak 50 kali.
mst.mission.2210413._title,Selesaikan Live sebanyak 60 kali
mst.mission.2210413._detail,Selesaikan Live sebanyak 60 kali.
mst.mission.2210414._title,Selesaikan Live sebanyak 70 kali
mst.mission.2210414._detail,Selesaikan Live sebanyak 70 kali.
mst.mission.2210415._title,Selesaikan Live sebanyak 80 kali
mst.mission.2210415._detail,Selesaikan Live sebanyak 80 kali.
mst.mission.2210416._title,Selesaikan Live sebanyak 90 kali
mst.mission.2210416._detail,Selesaikan Live sebanyak 90 kali.
mst.mission.2210417._title,Selesaikan Live sebanyak 100 kali
mst.mission.2210417._detail,Selesaikan Live sebanyak 100 kali.
mst.mission.2210418._title,Selesaikan Live sebanyak 125 kali
mst.mission.2210418._detail,Selesaikan Live sebanyak 125 kali.
mst.mission.2210419._title,Selesaikan Live sebanyak 150 kali
mst.mission.2210419._detail,Selesaikan Live sebanyak 150 kali.
mst.mission.2210420._title,Selesaikan Live sebanyak 200 kali
mst.mission.2210420._detail,Selesaikan Live sebanyak 200 kali.
mst.mission.2210421._title,Selesaikan Live sebanyak 250 kali
mst.mission.2210421._detail,Selesaikan Live sebanyak 250 kali.
mst.mission.2210422._title,Selesaikan Live sebanyak 300 kali
mst.mission.2210422._detail,Selesaikan Live sebanyak 300 kali.
mst.mission.2210423._title,Selesaikan Live sebanyak 350 kali
mst.mission.2210423._detail,Selesaikan Live sebanyak 350 kali.
mst.mission.2210424._title,Selesaikan Live sebanyak 400 kali
mst.mission.2210424._detail,Selesaikan Live sebanyak 400 kali.
mst.mission.2210425._title,Selesaikan Live sebanyak 450 kali
mst.mission.2210425._detail,Selesaikan Live sebanyak 450 kali.
mst.mission.2210426._title,Selesaikan Live sebanyak 500 kali
mst.mission.2210426._detail,Selesaikan Live sebanyak 500 kali.
mst.mission.2210427._title,Selesaikan lagu event dengan Full Combo
mst.mission.2210427._detail,Selesaikan lagu event dengan Full Combo.
mst.mission.2210428._title,Raih skor 50.000 di lagu 『君のこころは輝いてるかい？』 dengan kesulitan NORMAL atau lebih tinggi.
mst.mission.2210428._detail,Capai skor 50000 di lagu 『君のこころは輝いてるかい？』 dengan kesulitan NORMAL atau lebih tinggi.
mst.mission.2210429._title,Capai skor 200.000 di lagu 『君のこころは輝いてるかい？』 dengan tingkat kesulitan HARD atau lebih tinggi.
mst.mission.2210429._detail,Capai skor 200.000 pada lagu 『君のこころは輝いてるかい？』 di tingkat kesulitan HARD atau lebih tinggi.
mst.mission.2210430._title,Raih skor 300.000 di lagu 『君のこころは輝いてるかい？』 dengan tingkat kesulitan EXPERT atau lebih tinggi.
mst.mission.2210430._detail,Capai skor 300.000 pada lagu 『君のこころは輝いてるかい？』 di tingkat kesulitan EXPERT atau lebih tinggi.
mst.mission.2210431._title,Login ke event.
mst.mission.2210431._detail,Login ke event.
mst.mission.2210432._title,Kumpulkan 5000 Event Poin
mst.mission.2210432._detail,Kumpulkan 5000 Event Poin
mst.mission.2210433._title,Kumpulkan 12000 Event Poin
mst.mission.2210433._detail,Kumpulkan 12000 Event Poin! *Tidak ditampilkan
mst.mission.2210434._title,Kumpulkan 20000 Event Poin! *Tidak ditampilkan
mst.mission.2210434._detail,Kumpulkan 20000 Event Pt ※Tidak ditampilkan
mst.mission.2210435._title,Kumpulkan 30000 Event Poin
mst.mission.2210435._detail,Kumpulkan 30000 Event Poin! *Tidak ditampilkan
mst.mission.2710501._title,Kumpulkan 100 Event Poin
mst.mission.2710501._detail,Kumpulkan 100 Event Poin.
mst.mission.2710502._title,Kumpulkan 4000 Event Poin
mst.mission.2710502._detail,Kumpulkan 4000 Event Poin.
mst.mission.2710503._title,Kumpulkan 8000 Event Poin
mst.mission.2710503._detail,Kumpulkan 8000 Event Poin.
mst.mission.2610504._title,Lakukan Full Combo Live di kesulitan NORMAL atau lebih tinggi
mst.mission.2610504._detail,Capai Full Combo di Live dengan kesulitan NORMAL atau lebih tinggi.
mst.mission.2610505._title,Lakukan 3 Full Combo Live di kesulitan NORMAL atau lebih tinggi
mst.mission.2610505._detail,Lakukan 3 kali Full Combo di Live dengan kesulitan NORMAL atau lebih tinggi.
mst.mission.2610506._title,Lakukan 5 Full Combo di Live dengan kesulitan NORMAL atau lebih tinggi
mst.mission.2610506._detail,Selesaikan 5 Live dengan Full Combo di kesulitan NORMAL atau lebih tinggi.
mst.mission.2610507._title,Selesaikan Live dengan skor 50000 atau lebih.
mst.mission.2610507._detail,Selesaikan Live dengan skor 50000 atau lebih.
mst.mission.2610508._title,Selesaikan Live dengan skor 100.000 atau lebih
mst.mission.2610508._detail,Selesaikan Live dengan skor 100.000 atau lebih.
mst.mission.2610509._title,Selesaikan Live dengan skor 150000 atau lebih
mst.mission.2610509._detail,Selesaikan Live dengan skor 150.000 atau lebih.
mst.mission.2610510._title,Mainkan lagu yang dipilih di Pemilihan Acak sebanyak 3 kali.
mst.mission.2610510._detail,Mainkan lagu yang dipilih di Pemilihan Acak sebanyak 3 kali.
mst.mission.2610511._title,Mainkan lagu yang dipilih di Pemilihan Acak sebanyak 5 kali.
mst.mission.2610511._detail,Mainkan lagu yang dipilih di Pemilihan Acak sebanyak 5 kali.
mst.mission.2610512._title,Mainkan lagu yang dipilih di Pemilihan Acak sebanyak 10 kali.
mst.mission.2610512._detail,Mainkan lagu yang dipilih di Pemilihan Acak sebanyak 10 kali.
mst.mission.2310601._title,Kumpulkan 100 Event Poin
mst.mission.2310601._detail,Kumpulkan 100 Event Poin.
mst.mission.2310602._title,Kumpulkan 1000 Event Poin
mst.mission.2310602._detail,Kumpulkan 1000 Event Poin.
mst.mission.2310603._title,Kumpulkan 5000 Event Poin
mst.mission.2310603._detail,Kumpulkan 5000 Event Poin.
mst.mission.2310604._title,Kumpulkan 10000 Event Poin
mst.mission.2310604._detail,Kumpulkan 10000 Event Poin.
mst.mission.2310605._title,Selesaikan lagu Love Live! Nijigasaki Gakuen School Idol Club.
mst.mission.2310605._detail,Selesaikan lagu Love Live! Nijigasaki Gakuen School Idol Club.
mst.mission.2310606._title,Selesaikan lagu Love Live! Nijigasaki School Idol Club sebanyak 3 kali.
mst.mission.2310606._detail,Selesaikan lagu Love Live! Nijigasaki School Idol Club sebanyak 3 kali.
mst.mission.2310607._title,Selesaikan lagu Love Live! Nijigasaki School Idol Club sebanyak 5 kali.
mst.mission.2310607._detail,Selesaikan lagu Love Live! Nijigasaki School Idol Club sebanyak 5 kali.
mst.mission.2210608._title,Live sebanyak 10 kali
mst.mission.2210608._detail,Selesaikan Live sebanyak 10 kali.
mst.mission.2210609._title,Live sebanyak 20 kali
mst.mission.2210609._detail,Selesaikan Live sebanyak 20 kali.
mst.mission.2210610._title,Selesaikan Live sebanyak 30 kali
mst.mission.2210610._detail,Selesaikan Live sebanyak 30 kali.
mst.mission.2210611._title,Selesaikan Live sebanyak 40 kali
mst.mission.2210611._detail,Live sebanyak 40 kali.
mst.mission.2210612._title,Live sebanyak 50 kali
mst.mission.2210612._detail,Selesaikan Live sebanyak 50 kali.
mst.mission.2210613._title,Selesaikan Live sebanyak 60 kali
mst.mission.2210613._detail,Selesaikan Live sebanyak 60 kali.
mst.mission.2210614._title,Selesaikan Live sebanyak 70 kali
mst.mission.2210614._detail,Selesaikan Live sebanyak 70 kali.
mst.mission.2210615._title,Selesaikan Live sebanyak 80 kali
mst.mission.2210615._detail,Selesaikan Live sebanyak 80 kali.
mst.mission.2210616._title,Selesaikan Live sebanyak 90 kali
mst.mission.2210616._detail,Selesaikan Live sebanyak 90 kali.
mst.mission.2210617._title,Selesaikan Live sebanyak 100 kali
mst.mission.2210617._detail,Selesaikan Live sebanyak 100 kali.
mst.mission.2210618._title,Selesaikan Live sebanyak 125 kali
mst.mission.2210618._detail,Selesaikan Live sebanyak 125 kali.
mst.mission.2210619._title,Selesaikan Live sebanyak 150 kali
mst.mission.2210619._detail,Selesaikan Live sebanyak 150 kali.
mst.mission.2210620._title,Selesaikan Live sebanyak 200 kali
mst.mission.2210620._detail,Selesaikan Live sebanyak 200 kali.
mst.mission.2210621._title,Selesaikan Live sebanyak 250 kali
mst.mission.2210621._detail,Selesaikan Live sebanyak 250 kali.
mst.mission.2210622._title,Selesaikan Live sebanyak 300 kali
mst.mission.2210622._detail,Selesaikan Live sebanyak 300 kali.
mst.mission.2210623._title,Selesaikan Live sebanyak 350 kali
mst.mission.2210623._detail,Selesaikan Live sebanyak 350 kali.
mst.mission.2210624._title,Selesaikan Live sebanyak 400 kali
mst.mission.2210624._detail,Selesaikan Live sebanyak 400 kali.
mst.mission.2210625._title,Selesaikan Live sebanyak 450 kali
mst.mission.2210625._detail,Selesaikan Live sebanyak 450 kali.
mst.mission.2210626._title,Selesaikan Live sebanyak 500 kali
mst.mission.2210626._detail,Selesaikan Live sebanyak 500 kali.
mst.mission.2210627._title,Selesaikan lagu event dengan Full Combo
mst.mission.2210627._detail,Selesaikan lagu event dengan Full Combo.
mst.mission.2210628._title,"Raih skor 50.000 di lagu ""Just Believe!!! (12 orang)"" dengan kesulitan NORMAL atau lebih tinggi."
mst.mission.2210628._detail,Capai skor 50.000 di lagu 『Just Believe!!! (12 orang)』 dengan tingkat kesulitan NORMAL atau lebih tinggi.
mst.mission.2210629._title,Raih skor 200.000 di lagu 『Just Believe!!! (12 orang)』 dengan tingkat kesulitan HARD atau lebih tinggi.
mst.mission.2210629._detail,Capai skor 200.000 di lagu 『Just Believe!!! (12 orang)』 dengan tingkat kesulitan HARD atau lebih tinggi.
mst.mission.2210630._title,Raih skor 300.000 di lagu 『Just Believe!!! (12 orang)』 dengan tingkat kesulitan EXPERT atau lebih tinggi.
mst.mission.2210630._detail,Capai skor 300.000 pada lagu 『Just Believe!!! (12 orang)』 dengan tingkat kesulitan EXPERT atau lebih tinggi.
mst.mission.2210631._title,Login ke event.
mst.mission.2210631._detail,Login ke event.
mst.mission.2210632._title,Kumpulkan 5000 Event Poin
mst.mission.2210632._detail,Kumpulkan 5000 Event Poin
mst.mission.2210633._title,Kumpulkan 12000 Event Poin
mst.mission.2210633._detail,Kumpulkan 12000 Event Poin! *Tidak ditampilkan
mst.mission.2210634._title,Kumpulkan 20000 Event Poin! *Tidak ditampilkan
mst.mission.2210634._detail,Kumpulkan 20000 Event Pt ※Tidak ditampilkan
mst.mission.2210635._title,Kumpulkan 30000 Event Poin
mst.mission.2210635._detail,Kumpulkan 30000 Event Poin! *Tidak ditampilkan
mst.mission.2710701._title,Kumpulkan 100 Event Poin
mst.mission.2710701._detail,Kumpulkan 100 Event Poin.
mst.mission.2710702._title,Kumpulkan 4000 Event Poin
mst.mission.2710702._detail,Kumpulkan 4000 Event Poin.
mst.mission.2710703._title,Kumpulkan 8000 Event Poin
mst.mission.2710703._detail,Kumpulkan 8000 Event Poin.
mst.mission.2610704._title,Lakukan Full Combo Live di kesulitan NORMAL atau lebih tinggi
mst.mission.2610704._detail,Capai Full Combo di Live dengan kesulitan NORMAL atau lebih tinggi.
mst.mission.2610705._title,Lakukan 3 Full Combo Live di kesulitan NORMAL atau lebih tinggi
mst.mission.2610705._detail,Lakukan 3 kali Full Combo di Live dengan kesulitan NORMAL atau lebih tinggi.
mst.mission.2610706._title,Lakukan 5 Full Combo di Live dengan kesulitan NORMAL atau lebih tinggi
mst.mission.2610706._detail,Selesaikan 5 Live dengan Full Combo di kesulitan NORMAL atau lebih tinggi.
mst.mission.2610707._title,Selesaikan Live dengan skor 50000 atau lebih.
mst.mission.2610707._detail,Selesaikan Live dengan skor 50000 atau lebih.
mst.mission.2610708._title,Selesaikan Live dengan skor 100.000 atau lebih
mst.mission.2610708._detail,Selesaikan Live dengan skor 100.000 atau lebih.
mst.mission.2610709._title,Selesaikan Live dengan skor 150000 atau lebih
mst.mission.2610709._detail,Selesaikan Live dengan skor 150.000 atau lebih.
mst.mission.2610710._title,Mainkan lagu yang dipilih di Pemilihan Acak sebanyak 3 kali.
mst.mission.2610710._detail,Mainkan lagu yang dipilih di Pemilihan Acak sebanyak 3 kali.
mst.mission.2610711._title,Mainkan lagu yang dipilih di Pemilihan Acak sebanyak 5 kali.
mst.mission.2610711._detail,Mainkan lagu yang dipilih di Pemilihan Acak sebanyak 5 kali.
mst.mission.2610712._title,Mainkan lagu yang dipilih di Pemilihan Acak sebanyak 10 kali.
mst.mission.2610712._detail,Mainkan lagu yang dipilih di Pemilihan Acak sebanyak 10 kali.
mst.mission.2610713._title,Live sebanyak 10 kali
mst.mission.2610713._detail,Selesaikan Live sebanyak 10 kali.
mst.mission.2610714._title,Selesaikan Live sebanyak 15 kali
mst.mission.2610714._detail,Selesaikan Live sebanyak 15 kali.
mst.mission.2610715._title,Live sebanyak 20 kali
mst.mission.2610715._detail,Selesaikan Live sebanyak 20 kali.
mst.mission.2610716._title,Selesaikan Live sebanyak 25 kali
mst.mission.2610716._detail,Selesaikan Live sebanyak 25 kali.
mst.mission.2610717._title,Selesaikan Live sebanyak 30 kali
mst.mission.2610717._detail,Selesaikan Live sebanyak 30 kali.
mst.mission.2610718._title,Selesaikan Live sebanyak 35 kali
mst.mission.2610718._detail,Selesaikan Live sebanyak 35 kali.
mst.mission.2610719._title,Selesaikan Live sebanyak 40 kali
mst.mission.2610719._detail,Live sebanyak 40 kali.
mst.mission.2610720._title,Selesaikan Live sebanyak 45 kali
mst.mission.2610720._detail,Selesaikan Live sebanyak 45 kali.
mst.mission.2610721._title,Live sebanyak 50 kali
mst.mission.2610721._detail,Selesaikan Live sebanyak 50 kali.
mst.mission.2310901._title,Kumpulkan 100 Event Poin
mst.mission.2310901._detail,Kumpulkan 100 Event Poin.
mst.mission.2310902._title,Kumpulkan 1000 Event Poin
mst.mission.2310902._detail,Kumpulkan 1000 Event Poin.
mst.mission.2310903._title,Kumpulkan 5000 Event Poin
mst.mission.2310903._detail,Kumpulkan 5000 Event Poin.
mst.mission.2310904._title,Kumpulkan 10000 Event Poin
mst.mission.2310904._detail,Kumpulkan 10000 Event Poin.
mst.mission.2310905._title,Selesaikan lagu Love Live! Superstar!!
mst.mission.2310905._detail,Selesaikan lagu Love Live! Superstar!!.
mst.mission.2310906._title,Selesaikan lagu Love Live! Superstar!! sebanyak 3 kali.
mst.mission.2310906._detail,Selesaikan lagu Love Live! Superstar!! sebanyak 3 kali.
mst.mission.2310907._title,Selesaikan lagu Love Live! Superstar!! sebanyak 5 kali.
mst.mission.2310907._detail,Selesaikan lagu Love Live! Superstar!! sebanyak 5 kali.
mst.mission.2210908._title,Live sebanyak 10 kali
mst.mission.2210908._detail,Selesaikan Live sebanyak 10 kali.
mst.mission.2210909._title,Live sebanyak 20 kali
mst.mission.2210909._detail,Selesaikan Live sebanyak 20 kali.
mst.mission.2210910._title,Selesaikan Live sebanyak 30 kali
mst.mission.2210910._detail,Selesaikan Live sebanyak 30 kali.
mst.mission.2210911._title,Selesaikan Live sebanyak 40 kali
mst.mission.2210911._detail,Live sebanyak 40 kali.
mst.mission.2210912._title,Live sebanyak 50 kali
mst.mission.2210912._detail,Selesaikan Live sebanyak 50 kali.
mst.mission.2210913._title,Selesaikan Live sebanyak 60 kali
mst.mission.2210913._detail,Selesaikan Live sebanyak 60 kali.
mst.mission.2210914._title,Selesaikan Live sebanyak 70 kali
mst.mission.2210914._detail,Selesaikan Live sebanyak 70 kali.
mst.mission.2210915._title,Selesaikan Live sebanyak 80 kali
mst.mission.2210915._detail,Selesaikan Live sebanyak 80 kali.
mst.mission.2210916._title,Selesaikan Live sebanyak 90 kali
mst.mission.2210916._detail,Selesaikan Live sebanyak 90 kali.
mst.mission.2210917._title,Selesaikan Live sebanyak 100 kali
mst.mission.2210917._detail,Selesaikan Live sebanyak 100 kali.
mst.mission.2210918._title,Selesaikan Live sebanyak 125 kali
mst.mission.2210918._detail,Selesaikan Live sebanyak 125 kali.
mst.mission.2210919._title,Selesaikan Live sebanyak 150 kali
mst.mission.2210919._detail,Selesaikan Live sebanyak 150 kali.
mst.mission.2210920._title,Selesaikan Live sebanyak 200 kali
mst.mission.2210920._detail,Selesaikan Live sebanyak 200 kali.
mst.mission.2210921._title,Selesaikan Live sebanyak 250 kali
mst.mission.2210921._detail,Selesaikan Live sebanyak 250 kali.
mst.mission.2210922._title,Selesaikan Live sebanyak 300 kali
mst.mission.2210922._detail,Selesaikan Live sebanyak 300 kali.
mst.mission.2210923._title,Selesaikan Live sebanyak 350 kali
mst.mission.2210923._detail,Selesaikan Live sebanyak 350 kali.
mst.mission.2210924._title,Selesaikan Live sebanyak 400 kali
mst.mission.2210924._detail,Selesaikan Live sebanyak 400 kali.
mst.mission.2210925._title,Selesaikan Live sebanyak 450 kali
mst.mission.2210925._detail,Selesaikan Live sebanyak 450 kali.
mst.mission.2210926._title,Selesaikan Live sebanyak 500 kali
mst.mission.2210926._detail,Selesaikan Live sebanyak 500 kali.
mst.mission.2210927._title,Selesaikan lagu event dengan Full Combo
mst.mission.2210927._detail,Selesaikan lagu event dengan Full Combo.
mst.mission.2210928._title,Raih skor 50.000 di lagu 『WE WILL‼』 dengan kesulitan NORMAL atau lebih tinggi.
mst.mission.2210928._detail,Capai skor 50.000 di lagu 『WE WILL‼』 dengan kesulitan NORMAL atau lebih tinggi.
mst.mission.2210929._title,Raih skor 200.000 di lagu 『WE WILL‼』 dengan kesulitan HARD atau lebih tinggi.
mst.mission.2210929._detail,Capai skor 200.000 di lagu 『WE WILL‼』 pada tingkat kesulitan HARD atau lebih tinggi.
mst.mission.2210930._title,Raih skor 300.000 di lagu 『WE WILL‼』 dengan kesulitan EXPERT atau lebih tinggi.
mst.mission.2210930._detail,Capai skor 300.000 di lagu 『WE WILL‼』 dengan tingkat kesulitan EXPERT atau lebih tinggi.
mst.mission.2210931._title,Login ke event.
mst.mission.2210931._detail,Login ke event.
mst.mission.2210932._title,Kumpulkan 5000 Event Poin
mst.mission.2210932._detail,Kumpulkan 5000 Event Poin
mst.mission.2210933._title,Kumpulkan 12000 Event Poin
mst.mission.2210933._detail,Kumpulkan 12000 Event Poin! *Tidak ditampilkan
mst.mission.2210934._title,Kumpulkan 20000 Event Poin! *Tidak ditampilkan
mst.mission.2210934._detail,Kumpulkan 20000 Event Pt ※Tidak ditampilkan
mst.mission.2210935._title,Kumpulkan 30000 Event Poin
mst.mission.2210935._detail,Kumpulkan 30000 Event Poin! *Tidak ditampilkan
mst.mission.2711001._title,Kumpulkan 100 Event Poin
mst.mission.2711001._detail,Kumpulkan 100 Event Poin.
mst.mission.2711002._title,Kumpulkan 4000 Event Poin
mst.mission.2711002._detail,Kumpulkan 4000 Event Poin.
mst.mission.2711003._title,Kumpulkan 8000 Event Poin
mst.mission.2711003._detail,Kumpulkan 8000 Event Poin.
mst.mission.2611004._title,Lakukan Full Combo Live di kesulitan NORMAL atau lebih tinggi
mst.mission.2611004._detail,Capai Full Combo di Live dengan kesulitan NORMAL atau lebih tinggi.
mst.mission.2611005._title,Lakukan 3 Full Combo Live di kesulitan NORMAL atau lebih tinggi
mst.mission.2611005._detail,Lakukan 3 kali Full Combo di Live dengan kesulitan NORMAL atau lebih tinggi.
mst.mission.2611006._title,Lakukan 5 Full Combo di Live dengan kesulitan NORMAL atau lebih tinggi
mst.mission.2611006._detail,Selesaikan 5 Live dengan Full Combo di kesulitan NORMAL atau lebih tinggi.
mst.mission.2611007._title,Selesaikan Live dengan skor 50000 atau lebih.
mst.mission.2611007._detail,Selesaikan Live dengan skor 50000 atau lebih.
mst.mission.2611008._title,Selesaikan Live dengan skor 100.000 atau lebih
mst.mission.2611008._detail,Selesaikan Live dengan skor 100.000 atau lebih.
mst.mission.2611009._title,Selesaikan Live dengan skor 150000 atau lebih
mst.mission.2611009._detail,Selesaikan Live dengan skor 150.000 atau lebih.
mst.mission.2611010._title,Mainkan lagu yang dipilih di Pemilihan Acak sebanyak 3 kali.
mst.mission.2611010._detail,Mainkan lagu yang dipilih di Pemilihan Acak sebanyak 3 kali.
mst.mission.2611011._title,Mainkan lagu yang dipilih di Pemilihan Acak sebanyak 5 kali.
mst.mission.2611011._detail,Mainkan lagu yang dipilih di Pemilihan Acak sebanyak 5 kali.
mst.mission.2611012._title,Mainkan lagu yang dipilih di Pemilihan Acak sebanyak 10 kali.
mst.mission.2611012._detail,Mainkan lagu yang dipilih di Pemilihan Acak sebanyak 10 kali.
mst.mission.2511101._title,Kumpulkan 150 Event Poin.
mst.mission.2511101._detail,Kumpulkan 150 Event Poin.
mst.mission.2511102._title,Kumpulkan 1500 Event Pt.
mst.mission.2511102._detail,Kumpulkan 1500 Event Poin.
mst.mission.2511103._title,Kumpulkan 7500 Event Poin
mst.mission.2511103._detail,Kumpulkan 7500 Event Poin.
mst.mission.2511104._title,Kumpulkan 15000 Event Poin
mst.mission.2511104._detail,Kumpulkan 15000 Event Poin.
mst.mission.2511105._title,Selesaikan Live Kolaborasi sebagai Anggota Pendukung
mst.mission.2511105._detail,Selesaikan Live Kolaborasi sebagai Anggota Pendukung.
mst.mission.2511106._title,Selesaikan 3 Live Kolaborasi sebagai Anggota Pendukung.
mst.mission.2511106._detail,Selesaikan 3 Live dengan Anggota sebagai bantuan.
mst.mission.2511107._title,Selesaikan 5 Live dengan Anggota Pendukung.
mst.mission.2511107._detail,Selesaikan 5 Live dengan Anggota sebagai bantuan.
mst.mission.2411108._title,Selesaikan 7 Live dengan Anggota Pendukung.
mst.mission.2411108._detail,Selesaikan 7 Live dengan Anggota sebagai bantuan.
mst.mission.2411109._title,Selesaikan 10 Live dengan Anggota sebagai bantuan.
mst.mission.2411109._detail,Selesaikan 10 Live dengan Anggota sebagai bantuan.
mst.mission.2411110._title,Selesaikan 20 Live dengan Anggota Pendukung.
mst.mission.2411110._detail,Selesaikan 20 Live dengan Anggota sebagai bantuan.
mst.mission.2411111._title,Selesaikan 30 Live dengan Anggota Pendukung.
mst.mission.2411111._detail,Selesaikan 30 Live dengan Anggota pendukung.
mst.mission.2411112._title,Live sebanyak 10 kali
mst.mission.2411112._detail,Selesaikan Live sebanyak 10 kali.
mst.mission.2411113._title,Live sebanyak 20 kali
mst.mission.2411113._detail,Selesaikan Live sebanyak 20 kali.
mst.mission.2411114._title,Selesaikan Live sebanyak 30 kali
mst.mission.2411114._detail,Selesaikan Live sebanyak 30 kali.
mst.mission.2411115._title,Selesaikan Live sebanyak 40 kali
mst.mission.2411115._detail,Live sebanyak 40 kali.
mst.mission.2411116._title,Live sebanyak 50 kali
mst.mission.2411116._detail,Selesaikan Live sebanyak 50 kali.
mst.mission.2411117._title,Selesaikan Live sebanyak 60 kali
mst.mission.2411117._detail,Selesaikan Live sebanyak 60 kali.
mst.mission.2411118._title,Selesaikan Live sebanyak 70 kali
mst.mission.2411118._detail,Selesaikan Live sebanyak 70 kali.
mst.mission.2411119._title,Selesaikan Live sebanyak 80 kali
mst.mission.2411119._detail,Selesaikan Live sebanyak 80 kali.
mst.mission.2411120._title,Selesaikan Live sebanyak 90 kali
mst.mission.2411120._detail,Selesaikan Live sebanyak 90 kali.
mst.mission.2411121._title,Selesaikan Live sebanyak 100 kali
mst.mission.2411121._detail,Selesaikan Live sebanyak 100 kali.
mst.mission.2411122._title,Dapatkan 5 kali peringkat 3 atau lebih di Live Kolaborasi
mst.mission.2411122._detail,Dapatkan 5 kali peringkat 3 atau lebih di Live Kolaborasi.
mst.mission.2411123._title,Dapatkan 3 kali peringkat 2 atau lebih di Live Kolaborasi
mst.mission.2411123._detail,Dapatkan peringkat 2 atau lebih tinggi sebanyak 3 kali di Live kolaborasi.
mst.mission.2411124._title,Dapatkan peringkat 1 atau lebih di Live Kolaborasi
mst.mission.2411124._detail,Dapatkan peringkat 1 atau lebih di Live kolaborasi.
mst.mission.2411125._title,Selesaikan Live dengan minimal 4 pemain.
mst.mission.2411125._detail,Selesaikan Live dengan minimal 4 pemain.
mst.mission.2411126._title,Selesaikan Live Kooperatif 3 kali dengan minimal 4 pemain.
mst.mission.2411126._detail,Selesaikan Live Kooperatif 3 kali dengan minimal 4 pemain.
mst.mission.2411127._title,Selesaikan Live Kooperatif 5 kali dengan minimal 4 pemain.
mst.mission.2411127._detail,Selesaikan Live Kooperatif 5 kali dengan minimal 4 pemain.
mst.mission.2411128._title,Selesaikan Live Kooperatif 10 kali dengan minimal 4 pemain.
mst.mission.2411128._detail,Selesaikan Live Kooperatif 10 kali dengan minimal 4 pemain.
mst.mission.2411129._title,Selesaikan Live Kooperatif 20 kali dengan minimal 4 pemain.
mst.mission.2411129._detail,Selesaikan Live Kooperatif 20 kali dengan minimal 4 pemain.
mst.mission.2411130._title,Selesaikan Live Kooperatif 30 kali dengan minimal 4 pemain.
mst.mission.2411130._detail,Selesaikan Live Kooperatif 30 kali dengan minimal 4 pemain.
mst.mission.2711201._title,Kumpulkan 100 Event Poin
mst.mission.2711201._detail,Kumpulkan 100 Event Poin.
mst.mission.2711202._title,Kumpulkan 4000 Event Poin
mst.mission.2711202._detail,Kumpulkan 4000 Event Poin.
mst.mission.2711203._title,Kumpulkan 8000 Event Poin
mst.mission.2711203._detail,Kumpulkan 8000 Event Poin.
mst.mission.2611204._title,Lakukan Full Combo Live di kesulitan NORMAL atau lebih tinggi
mst.mission.2611204._detail,Capai Full Combo di Live dengan kesulitan NORMAL atau lebih tinggi.
mst.mission.2611205._title,Lakukan 3 Full Combo Live di kesulitan NORMAL atau lebih tinggi
mst.mission.2611205._detail,Lakukan 3 kali Full Combo di Live dengan kesulitan NORMAL atau lebih tinggi.
mst.mission.2611206._title,Lakukan 5 Full Combo di Live dengan kesulitan NORMAL atau lebih tinggi
mst.mission.2611206._detail,Selesaikan 5 Live dengan Full Combo di kesulitan NORMAL atau lebih tinggi.
mst.mission.2611207._title,Selesaikan Live dengan skor 50000 atau lebih.
mst.mission.2611207._detail,Selesaikan Live dengan skor 50000 atau lebih.
mst.mission.2611208._title,Selesaikan Live dengan skor 100.000 atau lebih
mst.mission.2611208._detail,Selesaikan Live dengan skor 100.000 atau lebih.
mst.mission.2611209._title,Selesaikan Live dengan skor 150000 atau lebih
mst.mission.2611209._detail,Selesaikan Live dengan skor 150.000 atau lebih.
mst.mission.2611210._title,Mainkan lagu yang dipilih di Pemilihan Acak sebanyak 3 kali.
mst.mission.2611210._detail,Mainkan lagu yang dipilih di Pemilihan Acak sebanyak 3 kali.
mst.mission.2611211._title,Mainkan lagu yang dipilih di Pemilihan Acak sebanyak 5 kali.
mst.mission.2611211._detail,Mainkan lagu yang dipilih di Pemilihan Acak sebanyak 5 kali.
mst.mission.2611212._title,Mainkan lagu yang dipilih di Pemilihan Acak sebanyak 10 kali.
mst.mission.2611212._detail,Mainkan lagu yang dipilih di Pemilihan Acak sebanyak 10 kali.
mst.mission.2510801._title,Kumpulkan 150 Event Poin.
mst.mission.2510801._detail,Kumpulkan 150 Event Poin.
mst.mission.2510802._title,Kumpulkan 1500 Event Pt.
mst.mission.2510802._detail,Kumpulkan 1500 Event Poin.
mst.mission.2510803._title,Kumpulkan 7500 Event Poin
mst.mission.2510803._detail,Kumpulkan 7500 Event Poin.
mst.mission.2510804._title,Kumpulkan 15000 Event Poin
mst.mission.2510804._detail,Kumpulkan 15000 Event Poin.
mst.mission.2510805._title,Selesaikan Live Kolaborasi sebagai Anggota Pendukung
mst.mission.2510805._detail,Selesaikan Live Kolaborasi sebagai Anggota Pendukung.
mst.mission.2510806._title,Selesaikan 3 Live Kolaborasi sebagai Anggota Pendukung.
mst.mission.2510806._detail,Selesaikan 3 Live dengan Anggota sebagai bantuan.
mst.mission.2510807._title,Selesaikan 5 Live dengan Anggota Pendukung.
mst.mission.2510807._detail,Selesaikan 5 Live dengan Anggota sebagai bantuan.
mst.mission.2410808._title,Selesaikan 7 Live dengan Anggota Pendukung.
mst.mission.2410808._detail,Selesaikan 7 Live dengan Anggota sebagai bantuan.
mst.mission.2410809._title,Selesaikan 10 Live dengan Anggota sebagai bantuan.
mst.mission.2410809._detail,Selesaikan 10 Live dengan Anggota sebagai bantuan.
mst.mission.2410810._title,Selesaikan 20 Live dengan Anggota Pendukung.
mst.mission.2410810._detail,Selesaikan 20 Live dengan Anggota sebagai bantuan.
mst.mission.2410811._title,Selesaikan 30 Live dengan Anggota Pendukung.
mst.mission.2410811._detail,Selesaikan 30 Live dengan Anggota pendukung.
mst.mission.2410812._title,Live sebanyak 10 kali
mst.mission.2410812._detail,Selesaikan Live sebanyak 10 kali.
mst.mission.2410813._title,Live sebanyak 20 kali
mst.mission.2410813._detail,Selesaikan Live sebanyak 20 kali.
mst.mission.2410814._title,Selesaikan Live sebanyak 30 kali
mst.mission.2410814._detail,Selesaikan Live sebanyak 30 kali.
mst.mission.2410815._title,Selesaikan Live sebanyak 40 kali
mst.mission.2410815._detail,Live sebanyak 40 kali.
mst.mission.2410816._title,Live sebanyak 50 kali
mst.mission.2410816._detail,Selesaikan Live sebanyak 50 kali.
mst.mission.2410817._title,Selesaikan Live sebanyak 60 kali
mst.mission.2410817._detail,Selesaikan Live sebanyak 60 kali.
mst.mission.2410818._title,Selesaikan Live sebanyak 70 kali
mst.mission.2410818._detail,Selesaikan Live sebanyak 70 kali.
mst.mission.2410819._title,Selesaikan Live sebanyak 80 kali
mst.mission.2410819._detail,Selesaikan Live sebanyak 80 kali.
mst.mission.2410820._title,Selesaikan Live sebanyak 90 kali
mst.mission.2410820._detail,Selesaikan Live sebanyak 90 kali.
mst.mission.2410821._title,Selesaikan Live sebanyak 100 kali
mst.mission.2410821._detail,Selesaikan Live sebanyak 100 kali.
mst.mission.2410822._title,Dapatkan 5 kali peringkat 3 atau lebih di Live Kolaborasi
mst.mission.2410822._detail,Dapatkan 5 kali peringkat 3 atau lebih di Live Kolaborasi.
mst.mission.2410823._title,Dapatkan 3 kali peringkat 2 atau lebih di Live Kolaborasi
mst.mission.2410823._detail,Dapatkan peringkat 2 atau lebih tinggi sebanyak 3 kali di Live kolaborasi.
mst.mission.2410824._title,Dapatkan peringkat 1 atau lebih di Live Kolaborasi
mst.mission.2410824._detail,Dapatkan peringkat 1 atau lebih di Live kolaborasi.
mst.mission.2410825._title,Selesaikan Live dengan minimal 4 pemain.
mst.mission.2410825._detail,Selesaikan Live dengan minimal 4 pemain.
mst.mission.2410826._title,Selesaikan Live Kooperatif 3 kali dengan minimal 4 pemain.
mst.mission.2410826._detail,Selesaikan Live Kooperatif 3 kali dengan minimal 4 pemain.
mst.mission.2410827._title,Selesaikan Live Kooperatif 5 kali dengan minimal 4 pemain.
mst.mission.2410827._detail,Selesaikan Live Kooperatif 5 kali dengan minimal 4 pemain.
mst.mission.2410828._title,Selesaikan Live Kooperatif 10 kali dengan minimal 4 pemain.
mst.mission.2410828._detail,Selesaikan Live Kooperatif 10 kali dengan minimal 4 pemain.
mst.mission.2410829._title,Selesaikan Live Kooperatif 20 kali dengan minimal 4 pemain.
mst.mission.2410829._detail,Selesaikan Live Kooperatif 20 kali dengan minimal 4 pemain.
mst.mission.2410830._title,Selesaikan Live Kooperatif 30 kali dengan minimal 4 pemain.
mst.mission.2410830._detail,Selesaikan Live Kooperatif 30 kali dengan minimal 4 pemain.
mst.mission.2311301._title,Kumpulkan 100 Event Poin
mst.mission.2311301._detail,Kumpulkan 100 Event Poin.
mst.mission.2311302._title,Kumpulkan 1000 Event Poin
mst.mission.2311302._detail,Kumpulkan 1000 Event Poin.
mst.mission.2311303._title,Kumpulkan 5000 Event Poin
mst.mission.2311303._detail,Kumpulkan 5000 Event Poin.
mst.mission.2311304._title,Kumpulkan 10000 Event Poin
mst.mission.2311304._detail,Kumpulkan 10000 Event Poin.
mst.mission.2311305._title,Selesaikan Lagu Love Live!
mst.mission.2311305._detail,Selesaikan lagu Love Live!
mst.mission.2311306._title,Selesaikan lagu Love Live! sebanyak 3 kali.
mst.mission.2311306._detail,Selesaikan lagu Love Live! sebanyak 3 kali.
mst.mission.2311307._title,Selesaikan lagu Love Live! sebanyak 5 kali
mst.mission.2311307._detail,Selesaikan lagu Love Live! sebanyak 5 kali.
mst.mission.2211308._title,Live sebanyak 10 kali
mst.mission.2211308._detail,Selesaikan Live sebanyak 10 kali.
mst.mission.2211309._title,Live sebanyak 20 kali
mst.mission.2211309._detail,Selesaikan Live sebanyak 20 kali.
mst.mission.2211310._title,Selesaikan Live sebanyak 30 kali
mst.mission.2211310._detail,Selesaikan Live sebanyak 30 kali.
mst.mission.2211311._title,Selesaikan Live sebanyak 40 kali
mst.mission.2211311._detail,Live sebanyak 40 kali.
mst.mission.2211312._title,Live sebanyak 50 kali
mst.mission.2211312._detail,Selesaikan Live sebanyak 50 kali.
mst.mission.2211313._title,Selesaikan Live sebanyak 60 kali
mst.mission.2211313._detail,Selesaikan Live sebanyak 60 kali.
mst.mission.2211314._title,Selesaikan Live sebanyak 70 kali
mst.mission.2211314._detail,Selesaikan Live sebanyak 70 kali.
mst.mission.2211315._title,Selesaikan Live sebanyak 80 kali
mst.mission.2211315._detail,Selesaikan Live sebanyak 80 kali.
mst.mission.2211316._title,Selesaikan Live sebanyak 90 kali
mst.mission.2211316._detail,Selesaikan Live sebanyak 90 kali.
mst.mission.2211317._title,Selesaikan Live sebanyak 100 kali
mst.mission.2211317._detail,Selesaikan Live sebanyak 100 kali.
mst.mission.2211318._title,Selesaikan Live sebanyak 125 kali
mst.mission.2211318._detail,Selesaikan Live sebanyak 125 kali.
mst.mission.2211319._title,Selesaikan Live sebanyak 150 kali
mst.mission.2211319._detail,Selesaikan Live sebanyak 150 kali.
mst.mission.2211320._title,Selesaikan Live sebanyak 200 kali
mst.mission.2211320._detail,Selesaikan Live sebanyak 200 kali.
mst.mission.2211321._title,Selesaikan Live sebanyak 250 kali
mst.mission.2211321._detail,Selesaikan Live sebanyak 250 kali.
mst.mission.2211322._title,Selesaikan Live sebanyak 300 kali
mst.mission.2211322._detail,Selesaikan Live sebanyak 300 kali.
mst.mission.2211323._title,Selesaikan Live sebanyak 350 kali
mst.mission.2211323._detail,Selesaikan Live sebanyak 350 kali.
mst.mission.2211324._title,Selesaikan Live sebanyak 400 kali
mst.mission.2211324._detail,Selesaikan Live sebanyak 400 kali.
mst.mission.2211325._title,Selesaikan Live sebanyak 450 kali
mst.mission.2211325._detail,Selesaikan Live sebanyak 450 kali.
mst.mission.2211326._title,Selesaikan Live sebanyak 500 kali
mst.mission.2211326._detail,Selesaikan Live sebanyak 500 kali.
mst.mission.2211327._title,Selesaikan lagu event dengan Full Combo
mst.mission.2211327._detail,Selesaikan lagu event dengan Full Combo.
mst.mission.2211328._title,"Capai skor 50000 di lagu 『夏色えがおで1,2,Jump!』 dengan kesulitan NORMAL atau lebih tinggi"
mst.mission.2211328._detail,"Capai skor 50000 di lagu 『夏色えがおで1,2,Jump!』 dengan kesulitan NORMAL atau lebih tinggi."
mst.mission.2211329._title,"Capai skor 200.000 di lagu 『夏色えがおで1,2,Jump!』 dengan kesulitan HARD atau lebih tinggi"
mst.mission.2211329._detail,"Capai skor 200.000 di lagu 『夏色えがおで1,2,Jump!』 dengan kesulitan HARD atau lebih tinggi."
mst.mission.2211330._title,"Raih skor 300.000 di lagu 『夏色えがおで1,2,Jump!』 dengan tingkat kesulitan EXPERT atau lebih tinggi"
mst.mission.2211330._detail,"Capai skor 300.000 pada lagu 『夏色えがおで1,2,Jump!』 di tingkat kesulitan EXPERT atau lebih tinggi."
mst.mission.2211331._title,Login ke event.
mst.mission.2211331._detail,Login ke event.
mst.mission.2211332._title,Kumpulkan 5000 Event Poin
mst.mission.2211332._detail,Kumpulkan 5000 Event Poin
mst.mission.2211333._title,Kumpulkan 12000 Event Poin
mst.mission.2211333._detail,Kumpulkan 12000 Event Poin! *Tidak ditampilkan
mst.mission.2211334._title,Kumpulkan 20000 Event Poin! *Tidak ditampilkan
mst.mission.2211334._detail,Kumpulkan 20000 Event Pt ※Tidak ditampilkan
mst.mission.2211335._title,Kumpulkan 30000 Event Poin
mst.mission.2211335._detail,Kumpulkan 30000 Event Poin! *Tidak ditampilkan
mst.mission.2711401._title,Kumpulkan 100 Event Poin
mst.mission.2711401._detail,Kumpulkan 100 Event Poin.
mst.mission.2711402._title,Kumpulkan 4000 Event Poin
mst.mission.2711402._detail,Kumpulkan 4000 Event Poin.
mst.mission.2711403._title,Kumpulkan 8000 Event Poin
mst.mission.2711403._detail,Kumpulkan 8000 Event Poin.
mst.mission.2611404._title,Lakukan Full Combo Live di kesulitan NORMAL atau lebih tinggi
mst.mission.2611404._detail,Capai Full Combo di Live dengan kesulitan NORMAL atau lebih tinggi.
mst.mission.2611405._title,Lakukan 3 Full Combo Live di kesulitan NORMAL atau lebih tinggi
mst.mission.2611405._detail,Lakukan 3 kali Full Combo di Live dengan kesulitan NORMAL atau lebih tinggi.
mst.mission.2611406._title,Lakukan 5 Full Combo di Live dengan kesulitan NORMAL atau lebih tinggi
mst.mission.2611406._detail,Selesaikan 5 Live dengan Full Combo di kesulitan NORMAL atau lebih tinggi.
mst.mission.2611407._title,Selesaikan Live dengan skor 50000 atau lebih.
mst.mission.2611407._detail,Selesaikan Live dengan skor 50000 atau lebih.
mst.mission.2611408._title,Selesaikan Live dengan skor 100.000 atau lebih
mst.mission.2611408._detail,Selesaikan Live dengan skor 100.000 atau lebih.
mst.mission.2611409._title,Selesaikan Live dengan skor 150000 atau lebih
mst.mission.2611409._detail,Selesaikan Live dengan skor 150.000 atau lebih.
mst.mission.2611410._title,Mainkan lagu yang dipilih di Pemilihan Acak sebanyak 3 kali.
mst.mission.2611410._detail,Mainkan lagu yang dipilih di Pemilihan Acak sebanyak 3 kali.
mst.mission.2611411._title,Mainkan lagu yang dipilih di Pemilihan Acak sebanyak 5 kali.
mst.mission.2611411._detail,Mainkan lagu yang dipilih di Pemilihan Acak sebanyak 5 kali.
mst.mission.2611412._title,Mainkan lagu yang dipilih di Pemilihan Acak sebanyak 10 kali.
mst.mission.2611412._detail,Mainkan lagu yang dipilih di Pemilihan Acak sebanyak 10 kali.
mst.mission.2511501._title,Kumpulkan 150 Event Poin.
mst.mission.2511501._detail,Kumpulkan 150 Event Poin.
mst.mission.2511502._title,Kumpulkan 1500 Event Pt.
mst.mission.2511502._detail,Kumpulkan 1500 Event Poin.
mst.mission.2511503._title,Kumpulkan 7500 Event Poin
mst.mission.2511503._detail,Kumpulkan 7500 Event Poin.
mst.mission.2511504._title,Kumpulkan 15000 Event Poin
mst.mission.2511504._detail,Kumpulkan 15000 Event Poin.
mst.mission.2511505._title,Selesaikan Live Kolaborasi sebagai Anggota Pendukung
mst.mission.2511505._detail,Selesaikan Live Kolaborasi sebagai Anggota Pendukung.
mst.mission.2511506._title,Selesaikan 3 Live Kolaborasi sebagai Anggota Pendukung.
mst.mission.2511506._detail,Selesaikan 3 Live dengan Anggota sebagai bantuan.
mst.mission.2511507._title,Selesaikan 5 Live dengan Anggota Pendukung.
mst.mission.2511507._detail,Selesaikan 5 Live dengan Anggota sebagai bantuan.
mst.mission.2411508._title,Selesaikan 7 Live dengan Anggota Pendukung.
mst.mission.2411508._detail,Selesaikan 7 Live dengan Anggota sebagai bantuan.
mst.mission.2411509._title,Selesaikan 10 Live dengan Anggota sebagai bantuan.
mst.mission.2411509._detail,Selesaikan 10 Live dengan Anggota sebagai bantuan.
mst.mission.2411510._title,Selesaikan 20 Live dengan Anggota Pendukung.
mst.mission.2411510._detail,Selesaikan 20 Live dengan Anggota sebagai bantuan.
mst.mission.2411511._title,Selesaikan 30 Live dengan Anggota Pendukung.
mst.mission.2411511._detail,Selesaikan 30 Live dengan Anggota pendukung.
mst.mission.2411512._title,Live sebanyak 10 kali
mst.mission.2411512._detail,Selesaikan Live sebanyak 10 kali.
mst.mission.2411513._title,Live sebanyak 20 kali
mst.mission.2411513._detail,Selesaikan Live sebanyak 20 kali.
mst.mission.2411514._title,Selesaikan Live sebanyak 30 kali
mst.mission.2411514._detail,Selesaikan Live sebanyak 30 kali.
mst.mission.2411515._title,Selesaikan Live sebanyak 40 kali
mst.mission.2411515._detail,Live sebanyak 40 kali.
mst.mission.2411516._title,Live sebanyak 50 kali
mst.mission.2411516._detail,Selesaikan Live sebanyak 50 kali.
mst.mission.2411517._title,Selesaikan Live sebanyak 60 kali
mst.mission.2411517._detail,Selesaikan Live sebanyak 60 kali.
mst.mission.2411518._title,Selesaikan Live sebanyak 70 kali
mst.mission.2411518._detail,Selesaikan Live sebanyak 70 kali.
mst.mission.2411519._title,Selesaikan Live sebanyak 80 kali
mst.mission.2411519._detail,Selesaikan Live sebanyak 80 kali.
mst.mission.2411520._title,Selesaikan Live sebanyak 90 kali
mst.mission.2411520._detail,Selesaikan Live sebanyak 90 kali.
mst.mission.2411521._title,Selesaikan Live sebanyak 100 kali
mst.mission.2411521._detail,Selesaikan Live sebanyak 100 kali.
mst.mission.2411522._title,Dapatkan 5 kali peringkat 3 atau lebih di Live Kolaborasi
mst.mission.2411522._detail,Dapatkan 5 kali peringkat 3 atau lebih di Live Kolaborasi.
mst.mission.2411523._title,Dapatkan 3 kali peringkat 2 atau lebih di Live Kolaborasi
mst.mission.2411523._detail,Dapatkan peringkat 2 atau lebih tinggi sebanyak 3 kali di Live kolaborasi.
mst.mission.2411524._title,Dapatkan peringkat 1 atau lebih di Live Kolaborasi
mst.mission.2411524._detail,Dapatkan peringkat 1 atau lebih di Live kolaborasi.
mst.mission.2411525._title,Selesaikan Live dengan minimal 4 pemain.
mst.mission.2411525._detail,Selesaikan Live dengan minimal 4 pemain.
mst.mission.2411526._title,Selesaikan Live Kooperatif 3 kali dengan minimal 4 pemain.
mst.mission.2411526._detail,Selesaikan Live Kooperatif 3 kali dengan minimal 4 pemain.
mst.mission.2411527._title,Selesaikan Live Kooperatif 5 kali dengan minimal 4 pemain.
mst.mission.2411527._detail,Selesaikan Live Kooperatif 5 kali dengan minimal 4 pemain.
mst.mission.2411528._title,Selesaikan Live Kooperatif 10 kali dengan minimal 4 pemain.
mst.mission.2411528._detail,Selesaikan Live Kooperatif 10 kali dengan minimal 4 pemain.
mst.mission.2411529._title,Selesaikan Live Kooperatif 20 kali dengan minimal 4 pemain.
mst.mission.2411529._detail,Selesaikan Live Kooperatif 20 kali dengan minimal 4 pemain.
mst.mission.2411530._title,Selesaikan Live Kooperatif 30 kali dengan minimal 4 pemain.
mst.mission.2411530._detail,Selesaikan Live Kooperatif 30 kali dengan minimal 4 pemain.
mst.mission.2711601._title,Kumpulkan 100 Event Poin
mst.mission.2711601._detail,Kumpulkan 100 Event Poin.
mst.mission.2711602._title,Kumpulkan 4000 Event Poin
mst.mission.2711602._detail,Kumpulkan 4000 Event Poin.
mst.mission.2711603._title,Kumpulkan 8000 Event Poin
mst.mission.2711603._detail,Kumpulkan 8000 Event Poin.
mst.mission.2611604._title,Lakukan Full Combo Live di kesulitan NORMAL atau lebih tinggi
mst.mission.2611604._detail,Capai Full Combo di Live dengan kesulitan NORMAL atau lebih tinggi.
mst.mission.2611605._title,Lakukan 3 Full Combo Live di kesulitan NORMAL atau lebih tinggi
mst.mission.2611605._detail,Lakukan 3 kali Full Combo di Live dengan kesulitan NORMAL atau lebih tinggi.
mst.mission.2611606._title,Lakukan 5 Full Combo di Live dengan kesulitan NORMAL atau lebih tinggi
mst.mission.2611606._detail,Selesaikan 5 Live dengan Full Combo di kesulitan NORMAL atau lebih tinggi.
mst.mission.2611607._title,Selesaikan Live dengan skor 50000 atau lebih.
mst.mission.2611607._detail,Selesaikan Live dengan skor 50000 atau lebih.
mst.mission.2611608._title,Selesaikan Live dengan skor 100.000 atau lebih
mst.mission.2611608._detail,Selesaikan Live dengan skor 100.000 atau lebih.
mst.mission.2611609._title,Selesaikan Live dengan skor 150000 atau lebih
mst.mission.2611609._detail,Selesaikan Live dengan skor 150.000 atau lebih.
mst.mission.2611610._title,Mainkan lagu yang dipilih di Pemilihan Acak sebanyak 3 kali.
mst.mission.2611610._detail,Mainkan lagu yang dipilih di Pemilihan Acak sebanyak 3 kali.
mst.mission.2611611._title,Mainkan lagu yang dipilih di Pemilihan Acak sebanyak 5 kali.
mst.mission.2611611._detail,Mainkan lagu yang dipilih di Pemilihan Acak sebanyak 5 kali.
mst.mission.2611612._title,Mainkan lagu yang dipilih di Pemilihan Acak sebanyak 10 kali.
mst.mission.2611612._detail,Mainkan lagu yang dipilih di Pemilihan Acak sebanyak 10 kali.
mst.mission.2311701._title,Kumpulkan 100 Event Poin
mst.mission.2311701._detail,Kumpulkan 100 Event Poin.
mst.mission.2311702._title,Kumpulkan 200 Event Pt
mst.mission.2311702._detail,Kumpulkan 200 Event Poin.
mst.mission.2311703._title,Kumpulkan 1000 Event Poin
mst.mission.2311703._detail,Kumpulkan 1000 Event Poin.
mst.mission.2311704._title,Kumpulkan 5000 Event Poin
mst.mission.2311704._detail,Kumpulkan 5000 Event Poin.
mst.mission.2311705._title,Kumpulkan 10000 Event Poin
mst.mission.2311705._detail,Kumpulkan 10000 Event Poin.
mst.mission.2311706._title,Selesaikan lagu Love Live! Sunshine!!.
mst.mission.2311706._detail,Selesaikan lagu Love Live! Sunshine!!.
mst.mission.2311707._title,Selesaikan lagu Love Live! Sunshine!! sebanyak 3 kali
mst.mission.2311707._detail,Selesaikan lagu Love Live! Sunshine!! sebanyak 3 kali.
mst.mission.2311708._title,Selesaikan lagu Love Live! Sunshine!! sebanyak 5 kali.
mst.mission.2311708._detail,Selesaikan lagu Love Live! Sunshine!! sebanyak 5 kali.
mst.mission.2211709._title,Live sebanyak 10 kali
mst.mission.2211709._detail,Selesaikan Live sebanyak 10 kali.
mst.mission.2211710._title,Live sebanyak 20 kali
mst.mission.2211710._detail,Selesaikan Live sebanyak 20 kali.
mst.mission.2211711._title,Selesaikan Live sebanyak 30 kali
mst.mission.2211711._detail,Selesaikan Live sebanyak 30 kali.
mst.mission.2211712._title,Selesaikan Live sebanyak 40 kali
mst.mission.2211712._detail,Live sebanyak 40 kali.
mst.mission.2211713._title,Live sebanyak 50 kali
mst.mission.2211713._detail,Selesaikan Live sebanyak 50 kali.
mst.mission.2211714._title,Selesaikan Live sebanyak 60 kali
mst.mission.2211714._detail,Selesaikan Live sebanyak 60 kali.
mst.mission.2211715._title,Selesaikan Live sebanyak 70 kali
mst.mission.2211715._detail,Selesaikan Live sebanyak 70 kali.
mst.mission.2211716._title,Selesaikan Live sebanyak 80 kali
mst.mission.2211716._detail,Selesaikan Live sebanyak 80 kali.
mst.mission.2211717._title,Selesaikan Live sebanyak 90 kali
mst.mission.2211717._detail,Selesaikan Live sebanyak 90 kali.
mst.mission.2211718._title,Selesaikan Live sebanyak 100 kali
mst.mission.2211718._detail,Selesaikan Live sebanyak 100 kali.
mst.mission.2211719._title,Selesaikan Live sebanyak 125 kali
mst.mission.2211719._detail,Selesaikan Live sebanyak 125 kali.
mst.mission.2211720._title,Selesaikan Live sebanyak 150 kali
mst.mission.2211720._detail,Selesaikan Live sebanyak 150 kali.
mst.mission.2211721._title,Selesaikan Live sebanyak 200 kali
mst.mission.2211721._detail,Selesaikan Live sebanyak 200 kali.
mst.mission.2211722._title,Selesaikan Live sebanyak 250 kali
mst.mission.2211722._detail,Selesaikan Live sebanyak 250 kali.
mst.mission.2211723._title,Selesaikan Live sebanyak 300 kali
mst.mission.2211723._detail,Selesaikan Live sebanyak 300 kali.
mst.mission.2211724._title,Selesaikan Live sebanyak 350 kali
mst.mission.2211724._detail,Selesaikan Live sebanyak 350 kali.
mst.mission.2211725._title,Selesaikan Live sebanyak 400 kali
mst.mission.2211725._detail,Selesaikan Live sebanyak 400 kali.
mst.mission.2211726._title,Selesaikan Live sebanyak 450 kali
mst.mission.2211726._detail,Selesaikan Live sebanyak 450 kali.
mst.mission.2211727._title,Selesaikan Live sebanyak 500 kali
mst.mission.2211727._detail,Selesaikan Live sebanyak 500 kali.
mst.mission.2211728._title,Selesaikan lagu event dengan Full Combo
mst.mission.2211728._detail,Selesaikan lagu event dengan Full Combo.
mst.mission.2211729._title,Raih skor 50.000 di lagu MY舞☆TONIGHT dengan kesulitan NORMAL atau lebih tinggi
mst.mission.2211729._detail,Capai skor 50.000 di lagu 『MY舞☆TONIGHT』 dengan tingkat kesulitan NORMAL atau lebih tinggi.
mst.mission.2211730._title,Raih skor 200.000 di lagu 『MY舞☆TONIGHT』 dengan tingkat kesulitan HARD atau lebih tinggi.
mst.mission.2211730._detail,Capai skor 200.000 di lagu 『MY舞☆TONIGHT』 dengan tingkat kesulitan HARD atau lebih tinggi.
mst.mission.2211731._title,Raih skor 300.000 di lagu 『MY舞☆TONIGHT』 dengan tingkat kesulitan EXPERT atau lebih tinggi.
mst.mission.2211731._detail,Capai skor 300.000 pada lagu 『MY舞☆TONIGHT』 di tingkat kesulitan EXPERT atau lebih tinggi.
mst.mission.2211732._title,Login ke aplikasi.
mst.mission.2211732._detail,Login ke aplikasi.
mst.mission.2211733._title,Kumpulkan 5000 Event Poin
mst.mission.2211733._detail,Kumpulkan 5000 Event Poin
mst.mission.2211734._title,Kumpulkan 12000 Event Poin
mst.mission.2211734._detail,Kumpulkan 12000 Event Poin! *Tidak ditampilkan
mst.mission.2211735._title,Kumpulkan 20000 Event Poin! *Tidak ditampilkan
mst.mission.2211735._detail,Kumpulkan 20000 Event Pt ※Tidak ditampilkan
mst.mission.2211736._title,Kumpulkan 30000 Event Poin
mst.mission.2211736._detail,Kumpulkan 30000 Event Poin! *Tidak ditampilkan
mst.mission.2711801._title,Kumpulkan 100 Event Poin
mst.mission.2711801._detail,Kumpulkan 100 Event Poin.
mst.mission.2711802._title,Kumpulkan 4000 Event Poin
mst.mission.2711802._detail,Kumpulkan 4000 Event Poin.
mst.mission.2711803._title,Kumpulkan 8000 Event Poin
mst.mission.2711803._detail,Kumpulkan 8000 Event Poin.
mst.mission.2611804._title,Lakukan Full Combo Live di kesulitan NORMAL atau lebih tinggi
mst.mission.2611804._detail,Capai Full Combo di Live dengan kesulitan NORMAL atau lebih tinggi.
mst.mission.2611805._title,Lakukan 3 Full Combo Live di kesulitan NORMAL atau lebih tinggi
mst.mission.2611805._detail,Lakukan 3 kali Full Combo di Live dengan kesulitan NORMAL atau lebih tinggi.
mst.mission.2611806._title,Lakukan 5 Full Combo di Live dengan kesulitan NORMAL atau lebih tinggi
mst.mission.2611806._detail,Selesaikan 5 Live dengan Full Combo di kesulitan NORMAL atau lebih tinggi.
mst.mission.2611807._title,Selesaikan Live dengan skor 50000 atau lebih.
mst.mission.2611807._detail,Selesaikan Live dengan skor 50000 atau lebih.
mst.mission.2611808._title,Selesaikan Live dengan skor 100.000 atau lebih
mst.mission.2611808._detail,Selesaikan Live dengan skor 100.000 atau lebih.
mst.mission.2611809._title,Selesaikan Live dengan skor 150000 atau lebih
mst.mission.2611809._detail,Selesaikan Live dengan skor 150.000 atau lebih.
mst.mission.2611810._title,Mainkan lagu yang dipilih di Pemilihan Acak sebanyak 3 kali.
mst.mission.2611810._detail,Mainkan lagu yang dipilih di Pemilihan Acak sebanyak 3 kali.
mst.mission.2611811._title,Mainkan lagu yang dipilih di Pemilihan Acak sebanyak 5 kali.
mst.mission.2611811._detail,Mainkan lagu yang dipilih di Pemilihan Acak sebanyak 5 kali.
mst.mission.2611812._title,Mainkan lagu yang dipilih di Pemilihan Acak sebanyak 10 kali.
mst.mission.2611812._detail,Mainkan lagu yang dipilih di Pemilihan Acak sebanyak 10 kali.
mst.mission.2511901._title,Kumpulkan 150 Event Poin.
mst.mission.2511901._detail,Kumpulkan 150 Event Poin.
mst.mission.2511902._title,Kumpulkan 1500 Event Pt.
mst.mission.2511902._detail,Kumpulkan 1500 Event Poin.
mst.mission.2511903._title,Kumpulkan 7500 Event Poin
mst.mission.2511903._detail,Kumpulkan 7500 Event Poin.
mst.mission.2511904._title,Kumpulkan 15000 Event Poin
mst.mission.2511904._detail,Kumpulkan 15000 Event Poin.
mst.mission.2511905._title,Selesaikan Live Kolaborasi sebagai Anggota Pendukung
mst.mission.2511905._detail,Selesaikan Live Kolaborasi sebagai Anggota Pendukung.
mst.mission.2511906._title,Selesaikan 3 Live Kolaborasi sebagai Anggota Pendukung.
mst.mission.2511906._detail,Selesaikan 3 Live dengan Anggota sebagai bantuan.
mst.mission.2511907._title,Selesaikan 5 Live dengan Anggota Pendukung.
mst.mission.2511907._detail,Selesaikan 5 Live dengan Anggota sebagai bantuan.
mst.mission.2411908._title,Selesaikan 7 Live dengan Anggota Pendukung.
mst.mission.2411908._detail,Selesaikan 7 Live dengan Anggota sebagai bantuan.
mst.mission.2411909._title,Selesaikan 10 Live dengan Anggota sebagai bantuan.
mst.mission.2411909._detail,Selesaikan 10 Live dengan Anggota sebagai bantuan.
mst.mission.2411910._title,Selesaikan 20 Live dengan Anggota Pendukung.
mst.mission.2411910._detail,Selesaikan 20 Live dengan Anggota sebagai bantuan.
mst.mission.2411911._title,Selesaikan 30 Live dengan Anggota Pendukung.
mst.mission.2411911._detail,Selesaikan 30 Live dengan Anggota pendukung.
mst.mission.2411912._title,Live sebanyak 10 kali
mst.mission.2411912._detail,Selesaikan Live sebanyak 10 kali.
mst.mission.2411913._title,Live sebanyak 20 kali
mst.mission.2411913._detail,Selesaikan Live sebanyak 20 kali.
mst.mission.2411914._title,Selesaikan Live sebanyak 30 kali
mst.mission.2411914._detail,Selesaikan Live sebanyak 30 kali.
mst.mission.2411915._title,Selesaikan Live sebanyak 40 kali
mst.mission.2411915._detail,Live sebanyak 40 kali.
mst.mission.2411916._title,Live sebanyak 50 kali
mst.mission.2411916._detail,Selesaikan Live sebanyak 50 kali.
mst.mission.2411917._title,Selesaikan Live sebanyak 60 kali
mst.mission.2411917._detail,Selesaikan Live sebanyak 60 kali.
mst.mission.2411918._title,Selesaikan Live sebanyak 70 kali
mst.mission.2411918._detail,Selesaikan Live sebanyak 70 kali.
mst.mission.2411919._title,Selesaikan Live sebanyak 80 kali
mst.mission.2411919._detail,Selesaikan Live sebanyak 80 kali.
mst.mission.2411920._title,Selesaikan Live sebanyak 90 kali
mst.mission.2411920._detail,Selesaikan Live sebanyak 90 kali.
mst.mission.2411921._title,Selesaikan Live sebanyak 100 kali
mst.mission.2411921._detail,Selesaikan Live sebanyak 100 kali.
mst.mission.2411922._title,Dapatkan 5 kali peringkat 3 atau lebih di Live Kolaborasi
mst.mission.2411922._detail,Dapatkan 5 kali peringkat 3 atau lebih di Live Kolaborasi.
mst.mission.2411923._title,Dapatkan 3 kali peringkat 2 atau lebih di Live Kolaborasi
mst.mission.2411923._detail,Dapatkan peringkat 2 atau lebih tinggi sebanyak 3 kali di Live kolaborasi.
mst.mission.2411924._title,Dapatkan peringkat 1 atau lebih di Live Kolaborasi
mst.mission.2411924._detail,Dapatkan peringkat 1 atau lebih di Live kolaborasi.
mst.mission.2411925._title,Selesaikan Live dengan minimal 4 pemain.
mst.mission.2411925._detail,Selesaikan Live dengan minimal 4 pemain.
mst.mission.2411926._title,Selesaikan Live Kooperatif 3 kali dengan minimal 4 pemain.
mst.mission.2411926._detail,Selesaikan Live Kooperatif 3 kali dengan minimal 4 pemain.
mst.mission.2411927._title,Selesaikan Live Kooperatif 5 kali dengan minimal 4 pemain.
mst.mission.2411927._detail,Selesaikan Live Kooperatif 5 kali dengan minimal 4 pemain.
mst.mission.2411928._title,Selesaikan Live Kooperatif 10 kali dengan minimal 4 pemain.
mst.mission.2411928._detail,Selesaikan Live Kooperatif 10 kali dengan minimal 4 pemain.
mst.mission.2411929._title,Selesaikan Live Kooperatif 20 kali dengan minimal 4 pemain.
mst.mission.2411929._detail,Selesaikan Live Kooperatif 20 kali dengan minimal 4 pemain.
mst.mission.2411930._title,Selesaikan Live Kooperatif 30 kali dengan minimal 4 pemain.
mst.mission.2411930._detail,Selesaikan Live Kooperatif 30 kali dengan minimal 4 pemain.
mst.mission.2712001._title,Kumpulkan 100 Event Poin
mst.mission.2712001._detail,Kumpulkan 100 Event Poin.
mst.mission.2712002._title,Kumpulkan 4000 Event Poin
mst.mission.2712002._detail,Kumpulkan 4000 Event Poin.
mst.mission.2712003._title,Kumpulkan 8000 Event Poin
mst.mission.2712003._detail,Kumpulkan 8000 Event Poin.
mst.mission.2612004._title,Lakukan Full Combo Live di kesulitan NORMAL atau lebih tinggi
mst.mission.2612004._detail,Capai Full Combo di Live dengan kesulitan NORMAL atau lebih tinggi.
mst.mission.2612005._title,Lakukan 3 Full Combo Live di kesulitan NORMAL atau lebih tinggi
mst.mission.2612005._detail,Lakukan 3 kali Full Combo di Live dengan kesulitan NORMAL atau lebih tinggi.
mst.mission.2612006._title,Lakukan 5 Full Combo di Live dengan kesulitan NORMAL atau lebih tinggi
mst.mission.2612006._detail,Selesaikan 5 Live dengan Full Combo di kesulitan NORMAL atau lebih tinggi.
mst.mission.2612007._title,Selesaikan Live dengan skor 50000 atau lebih.
mst.mission.2612007._detail,Selesaikan Live dengan skor 50000 atau lebih.
mst.mission.2612008._title,Selesaikan Live dengan skor 100.000 atau lebih
mst.mission.2612008._detail,Selesaikan Live dengan skor 100.000 atau lebih.
mst.mission.2612009._title,Selesaikan Live dengan skor 150000 atau lebih
mst.mission.2612009._detail,Selesaikan Live dengan skor 150.000 atau lebih.
mst.mission.2612010._title,Mainkan lagu yang dipilih di Pemilihan Acak sebanyak 3 kali.
mst.mission.2612010._detail,Mainkan lagu yang dipilih di Pemilihan Acak sebanyak 3 kali.
mst.mission.2612011._title,Mainkan lagu yang dipilih di Pemilihan Acak sebanyak 5 kali.
mst.mission.2612011._detail,Mainkan lagu yang dipilih di Pemilihan Acak sebanyak 5 kali.
mst.mission.2612012._title,Mainkan lagu yang dipilih di Pemilihan Acak sebanyak 10 kali.
mst.mission.2612012._detail,Mainkan lagu yang dipilih di Pemilihan Acak sebanyak 10 kali.
mst.mission.2312101._title,Kumpulkan 100 Event Poin
mst.mission.2312101._detail,Kumpulkan 100 Event Poin.
mst.mission.2312102._title,Kumpulkan 200 Event Pt
mst.mission.2312102._detail,Kumpulkan 200 Event Poin.
mst.mission.2312103._title,Kumpulkan 1000 Event Poin
mst.mission.2312103._detail,Kumpulkan 1000 Event Poin.
mst.mission.2312104._title,Kumpulkan 5000 Event Poin
mst.mission.2312104._detail,Kumpulkan 5000 Event Poin.
mst.mission.2312105._title,Kumpulkan 10000 Event Poin
mst.mission.2312105._detail,Kumpulkan 10000 Event Poin.
mst.mission.2312106._title,Selesaikan lagu Love Live! Nijigasaki Gakuen School Idol Club.
mst.mission.2312106._detail,Selesaikan lagu Love Live! Nijigasaki Gakuen School Idol Club.
mst.mission.2312107._title,Selesaikan lagu Love Live! Nijigasaki School Idol Club sebanyak 3 kali.
mst.mission.2312107._detail,Selesaikan lagu Love Live! Nijigasaki School Idol Club sebanyak 3 kali.
mst.mission.2312108._title,Selesaikan lagu Love Live! Nijigasaki School Idol Club sebanyak 5 kali.
mst.mission.2312108._detail,Selesaikan lagu Love Live! Nijigasaki School Idol Club sebanyak 5 kali.
mst.mission.2212109._title,Live sebanyak 10 kali
mst.mission.2212109._detail,Selesaikan Live sebanyak 10 kali.
mst.mission.2212110._title,Live sebanyak 20 kali
mst.mission.2212110._detail,Selesaikan Live sebanyak 20 kali.
mst.mission.2212111._title,Selesaikan Live sebanyak 30 kali
mst.mission.2212111._detail,Selesaikan Live sebanyak 30 kali.
mst.mission.2212112._title,Selesaikan Live sebanyak 40 kali
mst.mission.2212112._detail,Live sebanyak 40 kali.
mst.mission.2212113._title,Live sebanyak 50 kali
mst.mission.2212113._detail,Selesaikan Live sebanyak 50 kali.
mst.mission.2212114._title,Selesaikan Live sebanyak 60 kali
mst.mission.2212114._detail,Selesaikan Live sebanyak 60 kali.
mst.mission.2212115._title,Selesaikan Live sebanyak 70 kali
mst.mission.2212115._detail,Selesaikan Live sebanyak 70 kali.
mst.mission.2212116._title,Selesaikan Live sebanyak 80 kali
mst.mission.2212116._detail,Selesaikan Live sebanyak 80 kali.
mst.mission.2212117._title,Selesaikan Live sebanyak 90 kali
mst.mission.2212117._detail,Selesaikan Live sebanyak 90 kali.
mst.mission.2212118._title,Selesaikan Live sebanyak 100 kali
mst.mission.2212118._detail,Selesaikan Live sebanyak 100 kali.
mst.mission.2212119._title,Selesaikan Live sebanyak 125 kali
mst.mission.2212119._detail,Selesaikan Live sebanyak 125 kali.
mst.mission.2212120._title,Selesaikan Live sebanyak 150 kali
mst.mission.2212120._detail,Selesaikan Live sebanyak 150 kali.
mst.mission.2212121._title,Selesaikan Live sebanyak 200 kali
mst.mission.2212121._detail,Selesaikan Live sebanyak 200 kali.
mst.mission.2212122._title,Selesaikan Live sebanyak 250 kali
mst.mission.2212122._detail,Selesaikan Live sebanyak 250 kali.
mst.mission.2212123._title,Selesaikan Live sebanyak 300 kali
mst.mission.2212123._detail,Selesaikan Live sebanyak 300 kali.
mst.mission.2212124._title,Selesaikan Live sebanyak 350 kali
mst.mission.2212124._detail,Selesaikan Live sebanyak 350 kali.
mst.mission.2212125._title,Selesaikan Live sebanyak 400 kali
mst.mission.2212125._detail,Selesaikan Live sebanyak 400 kali.
mst.mission.2212126._title,Selesaikan Live sebanyak 450 kali
mst.mission.2212126._detail,Selesaikan Live sebanyak 450 kali.
mst.mission.2212127._title,Selesaikan Live sebanyak 500 kali
mst.mission.2212127._detail,Selesaikan Live sebanyak 500 kali.
mst.mission.2212128._title,Selesaikan lagu event dengan Full Combo
mst.mission.2212128._detail,Selesaikan lagu event dengan Full Combo.
mst.mission.2212129._title,Capai skor 50000 di lagu 『Love U my friends (12 orang)』 dengan kesulitan NORMAL atau lebih tinggi.
mst.mission.2212129._detail,Capai skor 50000 di lagu 『Love U my friends (versi 12 orang)』 dengan kesulitan NORMAL atau lebih tinggi.
mst.mission.2212130._title,Raih skor 200.000 di lagu 『Love U my friends (12 orang)』 dengan tingkat kesulitan HARD atau lebih tinggi.
mst.mission.2212130._detail,Capai skor 200.000 di lagu 『Love U my friends (versi 12 anggota)』 dengan tingkat kesulitan HARD atau lebih tinggi.
mst.mission.2212131._title,Raih skor 300.000 di lagu 『Love U my friends (12 orang)』 dengan tingkat kesulitan EXPERT atau lebih tinggi.
mst.mission.2212131._detail,Capai skor 300.000 di lagu 『Love U my friends (versi 12 anggota)』 dengan tingkat kesulitan EXPERT atau lebih tinggi.
mst.mission.2212132._title,Login ke aplikasi.
mst.mission.2212132._detail,Login ke aplikasi.
mst.mission.2212133._title,Kumpulkan 5000 Event Poin
mst.mission.2212133._detail,Kumpulkan 5000 Event Poin
mst.mission.2212134._title,Kumpulkan 12000 Event Poin
mst.mission.2212134._detail,Kumpulkan 12000 Event Poin! *Tidak ditampilkan
mst.mission.2212135._title,Kumpulkan 20000 Event Poin! *Tidak ditampilkan
mst.mission.2212135._detail,Kumpulkan 20000 Event Pt ※Tidak ditampilkan
mst.mission.2212136._title,Kumpulkan 30000 Event Poin
mst.mission.2212136._detail,Kumpulkan 30000 Event Poin! *Tidak ditampilkan
mst.mission.2712201._title,Kumpulkan 100 Event Poin
mst.mission.2712201._detail,Kumpulkan 100 Event Poin.
mst.mission.2712202._title,Kumpulkan 4000 Event Poin
mst.mission.2712202._detail,Kumpulkan 4000 Event Poin.
mst.mission.2712203._title,Kumpulkan 8000 Event Poin
mst.mission.2712203._detail,Kumpulkan 8000 Event Poin.
mst.mission.2612204._title,Lakukan Full Combo Live di kesulitan NORMAL atau lebih tinggi
mst.mission.2612204._detail,Capai Full Combo di Live dengan kesulitan NORMAL atau lebih tinggi.
mst.mission.2612205._title,Lakukan 3 Full Combo Live di kesulitan NORMAL atau lebih tinggi
mst.mission.2612205._detail,Lakukan 3 kali Full Combo di Live dengan kesulitan NORMAL atau lebih tinggi.
mst.mission.2612206._title,Lakukan 5 Full Combo di Live dengan kesulitan NORMAL atau lebih tinggi
mst.mission.2612206._detail,Selesaikan 5 Live dengan Full Combo di kesulitan NORMAL atau lebih tinggi.
mst.mission.2612207._title,Selesaikan Live dengan skor 50000 atau lebih.
mst.mission.2612207._detail,Selesaikan Live dengan skor 50000 atau lebih.
mst.mission.2612208._title,Selesaikan Live dengan skor 100.000 atau lebih
mst.mission.2612208._detail,Selesaikan Live dengan skor 100.000 atau lebih.
mst.mission.2612209._title,Selesaikan Live dengan skor 150000 atau lebih
mst.mission.2612209._detail,Selesaikan Live dengan skor 150.000 atau lebih.
mst.mission.2612210._title,Mainkan lagu yang dipilih di Pemilihan Acak sebanyak 3 kali.
mst.mission.2612210._detail,Mainkan lagu yang dipilih di Pemilihan Acak sebanyak 3 kali.
mst.mission.2612211._title,Mainkan lagu yang dipilih di Pemilihan Acak sebanyak 5 kali.
mst.mission.2612211._detail,Mainkan lagu yang dipilih di Pemilihan Acak sebanyak 5 kali.
mst.mission.2612212._title,Mainkan lagu yang dipilih di Pemilihan Acak sebanyak 10 kali.
mst.mission.2612212._detail,Mainkan lagu yang dipilih di Pemilihan Acak sebanyak 10 kali.
mst.mission.2312301._title,Kumpulkan 100 Event Poin
mst.mission.2312301._detail,Kumpulkan 100 Event Poin.
mst.mission.2312302._title,Kumpulkan 200 Event Pt
mst.mission.2312302._detail,Kumpulkan 200 Event Poin.
mst.mission.2312303._title,Kumpulkan 1000 Event Poin
mst.mission.2312303._detail,Kumpulkan 1000 Event Poin.
mst.mission.2312304._title,Kumpulkan 5000 Event Poin
mst.mission.2312304._detail,Kumpulkan 5000 Event Poin.
mst.mission.2312305._title,Kumpulkan 10000 Event Poin
mst.mission.2312305._detail,Kumpulkan 10000 Event Poin.
mst.mission.2312306._title,Selesaikan lagu Love Live! Sunshine!!.
mst.mission.2312306._detail,Selesaikan lagu Love Live! Sunshine!!.
mst.mission.2312307._title,Selesaikan lagu Love Live! Sunshine!! sebanyak 3 kali
mst.mission.2312307._detail,Selesaikan lagu Love Live! Sunshine!! sebanyak 3 kali.
mst.mission.2312308._title,Selesaikan lagu Love Live! Sunshine!! sebanyak 5 kali.
mst.mission.2312308._detail,Selesaikan lagu Love Live! Sunshine!! sebanyak 5 kali.
mst.mission.2212309._title,Live sebanyak 10 kali
mst.mission.2212309._detail,Selesaikan Live sebanyak 10 kali.
mst.mission.2212310._title,Live sebanyak 20 kali
mst.mission.2212310._detail,Selesaikan Live sebanyak 20 kali.
mst.mission.2212311._title,Selesaikan Live sebanyak 30 kali
mst.mission.2212311._detail,Selesaikan Live sebanyak 30 kali.
mst.mission.2212312._title,Selesaikan Live sebanyak 40 kali
mst.mission.2212312._detail,Live sebanyak 40 kali.
mst.mission.2212313._title,Live sebanyak 50 kali
mst.mission.2212313._detail,Selesaikan Live sebanyak 50 kali.
mst.mission.2212314._title,Selesaikan Live sebanyak 60 kali
mst.mission.2212314._detail,Selesaikan Live sebanyak 60 kali.
mst.mission.2212315._title,Selesaikan Live sebanyak 70 kali
mst.mission.2212315._detail,Selesaikan Live sebanyak 70 kali.
mst.mission.2212316._title,Selesaikan Live sebanyak 80 kali
mst.mission.2212316._detail,Selesaikan Live sebanyak 80 kali.
mst.mission.2212317._title,Selesaikan Live sebanyak 90 kali
mst.mission.2212317._detail,Selesaikan Live sebanyak 90 kali.
mst.mission.2212318._title,Selesaikan Live sebanyak 100 kali
mst.mission.2212318._detail,Selesaikan Live sebanyak 100 kali.
mst.mission.2212319._title,Selesaikan Live sebanyak 125 kali
mst.mission.2212319._detail,Selesaikan Live sebanyak 125 kali.
mst.mission.2212320._title,Selesaikan Live sebanyak 150 kali
mst.mission.2212320._detail,Selesaikan Live sebanyak 150 kali.
mst.mission.2212321._title,Selesaikan Live sebanyak 200 kali
mst.mission.2212321._detail,Selesaikan Live sebanyak 200 kali.
mst.mission.2212322._title,Selesaikan Live sebanyak 250 kali
mst.mission.2212322._detail,Selesaikan Live sebanyak 250 kali.
mst.mission.2212323._title,Selesaikan Live sebanyak 300 kali
mst.mission.2212323._detail,Selesaikan Live sebanyak 300 kali.
mst.mission.2212324._title,Selesaikan Live sebanyak 350 kali
mst.mission.2212324._detail,Selesaikan Live sebanyak 350 kali.
mst.mission.2212325._title,Selesaikan Live sebanyak 400 kali
mst.mission.2212325._detail,Selesaikan Live sebanyak 400 kali.
mst.mission.2212326._title,Selesaikan Live sebanyak 450 kali
mst.mission.2212326._detail,Selesaikan Live sebanyak 450 kali.
mst.mission.2212327._title,Selesaikan Live sebanyak 500 kali
mst.mission.2212327._detail,Selesaikan Live sebanyak 500 kali.
mst.mission.2212328._title,Selesaikan lagu event dengan Full Combo
mst.mission.2212328._detail,Selesaikan lagu event dengan Full Combo.
mst.mission.2212329._title,Raih skor 50.000 di lagu 『WATER BLUE NEW WORLD』 dengan kesulitan NORMAL atau lebih tinggi.
mst.mission.2212329._detail,Capai skor 50000 di lagu 『WATER BLUE NEW WORLD』 dengan kesulitan NORMAL atau lebih tinggi.
mst.mission.2212330._title,Raih skor 200.000 di lagu 『WATER BLUE NEW WORLD』 dengan tingkat kesulitan HARD atau lebih tinggi.
mst.mission.2212330._detail,Capai skor 200.000 di lagu 『WATER BLUE NEW WORLD』 dengan tingkat kesulitan HARD atau lebih tinggi.
mst.mission.2212331._title,Raih skor 300.000 di lagu 『WATER BLUE NEW WORLD』 dengan tingkat kesulitan EXPERT atau lebih tinggi.
mst.mission.2212331._detail,Capai skor 300.000 di lagu 『WATER BLUE NEW WORLD』 dengan tingkat kesulitan EXPERT atau lebih tinggi.
mst.mission.2712401._title,Kumpulkan 100 Event Poin
mst.mission.2712401._detail,Kumpulkan 100 Event Poin.
mst.mission.2712402._title,Kumpulkan 4000 Event Poin
mst.mission.2712402._detail,Kumpulkan 4000 Event Poin.
mst.mission.2712403._title,Kumpulkan 8000 Event Poin
mst.mission.2712403._detail,Kumpulkan 8000 Event Poin.
mst.mission.2612404._title,Lakukan Full Combo Live di kesulitan NORMAL atau lebih tinggi
mst.mission.2612404._detail,Capai Full Combo di Live dengan kesulitan NORMAL atau lebih tinggi.
mst.mission.2612405._title,Lakukan 3 Full Combo Live di kesulitan NORMAL atau lebih tinggi
mst.mission.2612405._detail,Lakukan 3 kali Full Combo di Live dengan kesulitan NORMAL atau lebih tinggi.
mst.mission.2612406._title,Lakukan 5 Full Combo di Live dengan kesulitan NORMAL atau lebih tinggi
mst.mission.2612406._detail,Selesaikan 5 Live dengan Full Combo di kesulitan NORMAL atau lebih tinggi.
mst.mission.2612407._title,Selesaikan Live dengan skor 50000 atau lebih.
mst.mission.2612407._detail,Selesaikan Live dengan skor 50000 atau lebih.
mst.mission.2612408._title,Selesaikan Live dengan skor 100.000 atau lebih
mst.mission.2612408._detail,Selesaikan Live dengan skor 100.000 atau lebih.
mst.mission.2612409._title,Selesaikan Live dengan skor 150000 atau lebih
mst.mission.2612409._detail,Selesaikan Live dengan skor 150.000 atau lebih.
mst.mission.2612410._title,Mainkan lagu yang dipilih di Pemilihan Acak sebanyak 3 kali.
mst.mission.2612410._detail,Mainkan lagu yang dipilih di Pemilihan Acak sebanyak 3 kali.
mst.mission.2612411._title,Mainkan lagu yang dipilih di Pemilihan Acak sebanyak 5 kali.
mst.mission.2612411._detail,Mainkan lagu yang dipilih di Pemilihan Acak sebanyak 5 kali.
mst.mission.2612412._title,Mainkan lagu yang dipilih di Pemilihan Acak sebanyak 10 kali.
mst.mission.2612412._detail,Mainkan lagu yang dipilih di Pemilihan Acak sebanyak 10 kali.
mst.mission.2312501._title,Kumpulkan 100 Event Poin
mst.mission.2312501._detail,Kumpulkan 100 Event Poin.
mst.mission.2312502._title,Kumpulkan 200 Event Pt
mst.mission.2312502._detail,Kumpulkan 200 Event Poin.
mst.mission.2312503._title,Kumpulkan 1000 Event Poin
mst.mission.2312503._detail,Kumpulkan 1000 Event Poin.
mst.mission.2312504._title,Kumpulkan 5000 Event Poin
mst.mission.2312504._detail,Kumpulkan 5000 Event Poin.
mst.mission.2312505._title,Kumpulkan 10000 Event Poin
mst.mission.2312505._detail,Kumpulkan 10000 Event Poin.
mst.mission.2312506._title,Selesaikan lagu Love Live! Superstar!!
mst.mission.2312506._detail,Selesaikan lagu Love Live! Superstar!!.
mst.mission.2312507._title,Selesaikan lagu Love Live! Superstar!! sebanyak 3 kali.
mst.mission.2312507._detail,Selesaikan lagu Love Live! Superstar!! sebanyak 3 kali.
mst.mission.2312508._title,Selesaikan lagu Love Live! Superstar!! sebanyak 5 kali.
mst.mission.2312508._detail,Selesaikan lagu Love Live! Superstar!! sebanyak 5 kali.
mst.mission.2212509._title,Live sebanyak 10 kali
mst.mission.2212509._detail,Selesaikan Live sebanyak 10 kali.
mst.mission.2212510._title,Live sebanyak 20 kali
mst.mission.2212510._detail,Selesaikan Live sebanyak 20 kali.
mst.mission.2212511._title,Selesaikan Live sebanyak 30 kali
mst.mission.2212511._detail,Selesaikan Live sebanyak 30 kali.
mst.mission.2212512._title,Selesaikan Live sebanyak 40 kali
mst.mission.2212512._detail,Live sebanyak 40 kali.
mst.mission.2212513._title,Live sebanyak 50 kali
mst.mission.2212513._detail,Selesaikan Live sebanyak 50 kali.
mst.mission.2212514._title,Selesaikan Live sebanyak 60 kali
mst.mission.2212514._detail,Selesaikan Live sebanyak 60 kali.
mst.mission.2212515._title,Selesaikan Live sebanyak 70 kali
mst.mission.2212515._detail,Selesaikan Live sebanyak 70 kali.
mst.mission.2212516._title,Selesaikan Live sebanyak 80 kali
mst.mission.2212516._detail,Selesaikan Live sebanyak 80 kali.
mst.mission.2212517._title,Selesaikan Live sebanyak 90 kali
mst.mission.2212517._detail,Selesaikan Live sebanyak 90 kali.
mst.mission.2212518._title,Selesaikan Live sebanyak 100 kali
mst.mission.2212518._detail,Selesaikan Live sebanyak 100 kali.
mst.mission.2212519._title,Selesaikan Live sebanyak 125 kali
mst.mission.2212519._detail,Selesaikan Live sebanyak 125 kali.
mst.mission.2212520._title,Selesaikan Live sebanyak 150 kali
mst.mission.2212520._detail,Selesaikan Live sebanyak 150 kali.
mst.mission.2212521._title,Selesaikan Live sebanyak 200 kali
mst.mission.2212521._detail,Selesaikan Live sebanyak 200 kali.
mst.mission.2212522._title,Selesaikan Live sebanyak 250 kali
mst.mission.2212522._detail,Selesaikan Live sebanyak 250 kali.
mst.mission.2212523._title,Selesaikan Live sebanyak 300 kali
mst.mission.2212523._detail,Selesaikan Live sebanyak 300 kali.
mst.mission.2212524._title,Selesaikan Live sebanyak 350 kali
mst.mission.2212524._detail,Selesaikan Live sebanyak 350 kali.
mst.mission.2212525._title,Selesaikan Live sebanyak 400 kali
mst.mission.2212525._detail,Selesaikan Live sebanyak 400 kali.
mst.mission.2212526._title,Selesaikan Live sebanyak 450 kali
mst.mission.2212526._detail,Selesaikan Live sebanyak 450 kali.
mst.mission.2212527._title,Selesaikan Live sebanyak 500 kali
mst.mission.2212527._detail,Selesaikan Live sebanyak 500 kali.
mst.mission.2212528._title,Selesaikan lagu event dengan Full Combo
mst.mission.2212528._detail,Selesaikan lagu event dengan Full Combo.
mst.mission.2212529._title,"Raih skor 50000 di lagu ""Hajimari wa Kimi no Sora"" dengan kesulitan NORMAL atau lebih tinggi."
mst.mission.2212529._detail,Capai skor 50.000 di lagu 『始まりは君の空』 dengan kesulitan NORMAL atau lebih tinggi.
mst.mission.2212530._title,Raih skor 200.000 di lagu 『始まりは君の空』 dengan kesulitan HARD atau lebih tinggi.
mst.mission.2212530._detail,Capai skor 200.000 di lagu 『始まりは君の空』 dengan kesulitan HARD atau lebih tinggi.
mst.mission.2212531._title,Raih skor 300.000 di lagu 『始まりは君の空』 dengan tingkat kesulitan EXPERT atau lebih tinggi.
mst.mission.2212531._detail,Capai skor 300.000 pada lagu 『始まりは君の空』 dengan tingkat kesulitan EXPERT atau lebih tinggi.
mst.mission.2212532._title,Login ke aplikasi.
mst.mission.2212532._detail,Login ke aplikasi.
mst.mission.2212533._title,Kumpulkan 5000 Event Poin
mst.mission.2212533._detail,Kumpulkan 5000 Event Poin
mst.mission.2212534._title,Kumpulkan 12000 Event Poin
mst.mission.2212534._detail,Kumpulkan 12000 Event Poin! *Tidak ditampilkan
mst.mission.2212535._title,Kumpulkan 20000 Event Poin! *Tidak ditampilkan
mst.mission.2212535._detail,Kumpulkan 20000 Event Pt ※Tidak ditampilkan
mst.mission.2212536._title,Kumpulkan 30000 Event Poin
mst.mission.2212536._detail,Kumpulkan 30000 Event Poin! *Tidak ditampilkan
mst.mission.2712601._title,Kumpulkan 100 Event Poin
mst.mission.2712601._detail,Kumpulkan 100 Event Poin.
mst.mission.2712602._title,Kumpulkan 4000 Event Poin
mst.mission.2712602._detail,Kumpulkan 4000 Event Poin.
mst.mission.2712603._title,Kumpulkan 8000 Event Poin
mst.mission.2712603._detail,Kumpulkan 8000 Event Poin.
mst.mission.2612604._title,Lakukan Full Combo Live di kesulitan NORMAL atau lebih tinggi
mst.mission.2612604._detail,Capai Full Combo di Live dengan kesulitan NORMAL atau lebih tinggi.
mst.mission.2612605._title,Lakukan 3 Full Combo Live di kesulitan NORMAL atau lebih tinggi
mst.mission.2612605._detail,Lakukan 3 kali Full Combo di Live dengan kesulitan NORMAL atau lebih tinggi.
mst.mission.2612606._title,Lakukan 5 Full Combo di Live dengan kesulitan NORMAL atau lebih tinggi
mst.mission.2612606._detail,Selesaikan 5 Live dengan Full Combo di kesulitan NORMAL atau lebih tinggi.
mst.mission.2612607._title,Selesaikan Live dengan skor 50000 atau lebih.
mst.mission.2612607._detail,Selesaikan Live dengan skor 50000 atau lebih.
mst.mission.2612608._title,Selesaikan Live dengan skor 100.000 atau lebih
mst.mission.2612608._detail,Selesaikan Live dengan skor 100.000 atau lebih.
mst.mission.2612609._title,Selesaikan Live dengan skor 150000 atau lebih
mst.mission.2612609._detail,Selesaikan Live dengan skor 150.000 atau lebih.
mst.mission.2612610._title,Mainkan lagu yang dipilih di Pemilihan Acak sebanyak 3 kali.
mst.mission.2612610._detail,Mainkan lagu yang dipilih di Pemilihan Acak sebanyak 3 kali.
mst.mission.2612611._title,Mainkan lagu yang dipilih di Pemilihan Acak sebanyak 5 kali.
mst.mission.2612611._detail,Mainkan lagu yang dipilih di Pemilihan Acak sebanyak 5 kali.
mst.mission.2612612._title,Mainkan lagu yang dipilih di Pemilihan Acak sebanyak 10 kali.
mst.mission.2612612._detail,Mainkan lagu yang dipilih di Pemilihan Acak sebanyak 10 kali.
mst.mission.3712701._title,Kumpulkan 10 Event Poin
mst.mission.3712701._detail,Kumpulkan 10 Event Poin.
mst.mission.3712702._title,Kumpulkan 20 Event Poin.
mst.mission.3712702._detail,Kumpulkan 20 Event Poin.
mst.mission.3712703._title,Kumpulkan 100 Event Poin
mst.mission.3712703._detail,Kumpulkan 100 Event Poin.
mst.mission.3712704._title,Kumpulkan 500 Event Poin
mst.mission.3712704._detail,Kumpulkan 500 Event Poin.
mst.mission.3712705._title,Kumpulkan 1000 Event Poin
mst.mission.3712705._detail,Kumpulkan 1000 Event Poin.
mst.mission.3712706._title,Bagikan dari STAR CHALLENGE EVENT TOP
mst.mission.3712706._detail,Bagikan dari Halaman Utama Star Challenge Event.
mst.mission.3612707._title,Live sebanyak 10 kali
mst.mission.3612707._detail,Selesaikan Live sebanyak 10 kali.
mst.mission.3612708._title,Live sebanyak 20 kali
mst.mission.3612708._detail,Selesaikan Live sebanyak 20 kali.
mst.mission.3612709._title,Selesaikan Live sebanyak 30 kali
mst.mission.3612709._detail,Selesaikan Live sebanyak 30 kali.
mst.mission.3612710._title,Selesaikan Live sebanyak 40 kali
mst.mission.3612710._detail,Live sebanyak 40 kali.
mst.mission.3612711._title,Live sebanyak 50 kali
mst.mission.3612711._detail,Selesaikan Live sebanyak 50 kali.
mst.mission.3612712._title,Selesaikan Live sebanyak 60 kali
mst.mission.3612712._detail,Selesaikan Live sebanyak 60 kali.
mst.mission.3612713._title,Selesaikan Live sebanyak 70 kali
mst.mission.3612713._detail,Selesaikan Live sebanyak 70 kali.
mst.mission.3612714._title,Selesaikan Live sebanyak 80 kali
mst.mission.3612714._detail,Selesaikan Live sebanyak 80 kali.
mst.mission.3612715._title,Selesaikan Live sebanyak 90 kali
mst.mission.3612715._detail,Selesaikan Live sebanyak 90 kali.
mst.mission.3612716._title,Selesaikan Live sebanyak 100 kali
mst.mission.3612716._detail,Selesaikan Live sebanyak 100 kali.
mst.mission.2712801._title,Kumpulkan 100 Event Poin
mst.mission.2712801._detail,Kumpulkan 100 Event Poin.
mst.mission.2712802._title,Kumpulkan 4000 Event Poin
mst.mission.2712802._detail,Kumpulkan 4000 Event Poin.
mst.mission.2712803._title,Kumpulkan 8000 Event Poin
mst.mission.2712803._detail,Kumpulkan 8000 Event Poin.
mst.mission.2612804._title,Lakukan Full Combo Live di kesulitan NORMAL atau lebih tinggi
mst.mission.2612804._detail,Capai Full Combo di Live dengan kesulitan NORMAL atau lebih tinggi.
mst.mission.2612805._title,Lakukan 3 Full Combo Live di kesulitan NORMAL atau lebih tinggi
mst.mission.2612805._detail,Lakukan 3 kali Full Combo di Live dengan kesulitan NORMAL atau lebih tinggi.
mst.mission.2612806._title,Lakukan 5 Full Combo di Live dengan kesulitan NORMAL atau lebih tinggi
mst.mission.2612806._detail,Selesaikan 5 Live dengan Full Combo di kesulitan NORMAL atau lebih tinggi.
mst.mission.2612807._title,Selesaikan Live dengan skor 50000 atau lebih.
mst.mission.2612807._detail,Selesaikan Live dengan skor 50000 atau lebih.
mst.mission.2612808._title,Selesaikan Live dengan skor 100.000 atau lebih
mst.mission.2612808._detail,Selesaikan Live dengan skor 100.000 atau lebih.
mst.mission.2612809._title,Selesaikan Live dengan skor 150000 atau lebih
mst.mission.2612809._detail,Selesaikan Live dengan skor 150.000 atau lebih.
mst.mission.2612810._title,Mainkan lagu yang dipilih di Pemilihan Acak sebanyak 3 kali.
mst.mission.2612810._detail,Mainkan lagu yang dipilih di Pemilihan Acak sebanyak 3 kali.
mst.mission.2612811._title,Mainkan lagu yang dipilih di Pemilihan Acak sebanyak 5 kali.
mst.mission.2612811._detail,Mainkan lagu yang dipilih di Pemilihan Acak sebanyak 5 kali.
mst.mission.2612812._title,Mainkan lagu yang dipilih di Pemilihan Acak sebanyak 10 kali.
mst.mission.2612812._detail,Mainkan lagu yang dipilih di Pemilihan Acak sebanyak 10 kali.
mst.mission.2312901._title,Kumpulkan 100 Event Poin
mst.mission.2312901._detail,Kumpulkan 100 Event Poin.
mst.mission.2312902._title,Kumpulkan 200 Event Pt
mst.mission.2312902._detail,Kumpulkan 200 Event Poin.
mst.mission.2312903._title,Kumpulkan 1000 Event Poin
mst.mission.2312903._detail,Kumpulkan 1000 Event Poin.
mst.mission.2312904._title,Kumpulkan 5000 Event Poin
mst.mission.2312904._detail,Kumpulkan 5000 Event Poin.
mst.mission.2312905._title,Kumpulkan 10000 Event Poin
mst.mission.2312905._detail,Kumpulkan 10000 Event Poin.
mst.mission.2312906._title,Selesaikan Lagu Love Live!
mst.mission.2312906._detail,Selesaikan lagu Love Live!
mst.mission.2312907._title,Selesaikan lagu Love Live! sebanyak 3 kali.
mst.mission.2312907._detail,Selesaikan lagu Love Live! sebanyak 3 kali.
mst.mission.2312908._title,Selesaikan lagu Love Live! sebanyak 5 kali
mst.mission.2312908._detail,Selesaikan lagu Love Live! sebanyak 5 kali.
mst.mission.2212909._title,Live sebanyak 10 kali
mst.mission.2212909._detail,Selesaikan Live sebanyak 10 kali.
mst.mission.2212910._title,Live sebanyak 20 kali
mst.mission.2212910._detail,Selesaikan Live sebanyak 20 kali.
mst.mission.2212911._title,Selesaikan Live sebanyak 30 kali
mst.mission.2212911._detail,Selesaikan Live sebanyak 30 kali.
mst.mission.2212912._title,Selesaikan Live sebanyak 40 kali
mst.mission.2212912._detail,Live sebanyak 40 kali.
mst.mission.2212913._title,Live sebanyak 50 kali
mst.mission.2212913._detail,Selesaikan Live sebanyak 50 kali.
mst.mission.2212914._title,Selesaikan Live sebanyak 60 kali
mst.mission.2212914._detail,Selesaikan Live sebanyak 60 kali.
mst.mission.2212915._title,Selesaikan Live sebanyak 70 kali
mst.mission.2212915._detail,Selesaikan Live sebanyak 70 kali.
mst.mission.2212916._title,Selesaikan Live sebanyak 80 kali
mst.mission.2212916._detail,Selesaikan Live sebanyak 80 kali.
mst.mission.2212917._title,Selesaikan Live sebanyak 90 kali
mst.mission.2212917._detail,Selesaikan Live sebanyak 90 kali.
mst.mission.2212918._title,Selesaikan Live sebanyak 100 kali
mst.mission.2212918._detail,Selesaikan Live sebanyak 100 kali.
mst.mission.2212919._title,Selesaikan Live sebanyak 125 kali
mst.mission.2212919._detail,Selesaikan Live sebanyak 125 kali.
mst.mission.2212920._title,Selesaikan Live sebanyak 150 kali
mst.mission.2212920._detail,Selesaikan Live sebanyak 150 kali.
mst.mission.2212921._title,Selesaikan Live sebanyak 200 kali
mst.mission.2212921._detail,Selesaikan Live sebanyak 200 kali.
mst.mission.2212922._title,Selesaikan Live sebanyak 250 kali
mst.mission.2212922._detail,Selesaikan Live sebanyak 250 kali.
mst.mission.2212923._title,Selesaikan Live sebanyak 300 kali
mst.mission.2212923._detail,Selesaikan Live sebanyak 300 kali.
mst.mission.2212924._title,Selesaikan Live sebanyak 350 kali
mst.mission.2212924._detail,Selesaikan Live sebanyak 350 kali.
mst.mission.2212925._title,Selesaikan Live sebanyak 400 kali
mst.mission.2212925._detail,Selesaikan Live sebanyak 400 kali.
mst.mission.2212926._title,Selesaikan Live sebanyak 450 kali
mst.mission.2212926._detail,Selesaikan Live sebanyak 450 kali.
mst.mission.2212927._title,Selesaikan Live sebanyak 500 kali
mst.mission.2212927._detail,Selesaikan Live sebanyak 500 kali.
mst.mission.2212928._title,Selesaikan lagu event dengan Full Combo
mst.mission.2212928._detail,Selesaikan lagu event dengan Full Combo.
mst.mission.2212929._title,"Capai skor 50000 di lagu ""baby maybe 恋のボタン"" dengan kesulitan NORMAL atau lebih tinggi."
mst.mission.2212929._detail,Capai skor 50.000 di lagu 『baby maybe 恋のボタン』 dengan kesulitan NORMAL atau lebih tinggi.
mst.mission.2212930._title,Raih skor 200.000 di lagu 『baby maybe 恋のボタン』 dengan kesulitan HARD atau lebih tinggi
mst.mission.2212930._detail,Capai skor 200.000 pada lagu 『baby maybe 恋のボタン』 dengan tingkat kesulitan HARD atau lebih tinggi.
mst.mission.2212931._title,Raih skor 300.000 di lagu 『baby maybe 恋のボタン』 dengan tingkat kesulitan EXPERT atau lebih tinggi.
mst.mission.2212931._detail,Capai skor 300.000 di lagu 『baby maybe 恋のボタン』 dengan tingkat kesulitan EXPERT atau lebih tinggi.
mst.mission.2212932._title,Login ke aplikasi.
mst.mission.2212932._detail,Login ke aplikasi.
mst.mission.2212933._title,Kumpulkan 5000 Event Poin
mst.mission.2212933._detail,Kumpulkan 5000 Event Poin
mst.mission.2212934._title,Kumpulkan 12000 Event Poin
mst.mission.2212934._detail,Kumpulkan 12000 Event Poin! *Tidak ditampilkan
mst.mission.2212935._title,Kumpulkan 20000 Event Poin! *Tidak ditampilkan
mst.mission.2212935._detail,Kumpulkan 20000 Event Pt ※Tidak ditampilkan
mst.mission.2212936._title,Kumpulkan 30000 Event Poin
mst.mission.2212936._detail,Kumpulkan 30000 Event Poin! *Tidak ditampilkan
mst.mission.2713001._title,Kumpulkan 100 Event Poin
mst.mission.2713001._detail,Kumpulkan 100 Event Poin.
mst.mission.2713002._title,Kumpulkan 4000 Event Poin
mst.mission.2713002._detail,Kumpulkan 4000 Event Poin.
mst.mission.2713003._title,Kumpulkan 8000 Event Poin
mst.mission.2713003._detail,Kumpulkan 8000 Event Poin.
mst.mission.2613004._title,Lakukan Full Combo Live di kesulitan NORMAL atau lebih tinggi
mst.mission.2613004._detail,Capai Full Combo di Live dengan kesulitan NORMAL atau lebih tinggi.
mst.mission.2613005._title,Lakukan 3 Full Combo Live di kesulitan NORMAL atau lebih tinggi
mst.mission.2613005._detail,Lakukan 3 kali Full Combo di Live dengan kesulitan NORMAL atau lebih tinggi.
mst.mission.2613006._title,Lakukan 5 Full Combo di Live dengan kesulitan NORMAL atau lebih tinggi
mst.mission.2613006._detail,Selesaikan 5 Live dengan Full Combo di kesulitan NORMAL atau lebih tinggi.
mst.mission.2613007._title,Selesaikan Live dengan skor 50000 atau lebih.
mst.mission.2613007._detail,Selesaikan Live dengan skor 50000 atau lebih.
mst.mission.2613008._title,Selesaikan Live dengan skor 100.000 atau lebih
mst.mission.2613008._detail,Selesaikan Live dengan skor 100.000 atau lebih.
mst.mission.2613009._title,Selesaikan Live dengan skor 150000 atau lebih
mst.mission.2613009._detail,Selesaikan Live dengan skor 150.000 atau lebih.
mst.mission.2613010._title,Mainkan lagu yang dipilih di Pemilihan Acak sebanyak 3 kali.
mst.mission.2613010._detail,Mainkan lagu yang dipilih di Pemilihan Acak sebanyak 3 kali.
mst.mission.2613011._title,Mainkan lagu yang dipilih di Pemilihan Acak sebanyak 5 kali.
mst.mission.2613011._detail,Mainkan lagu yang dipilih di Pemilihan Acak sebanyak 5 kali.
mst.mission.2613012._title,Mainkan lagu yang dipilih di Pemilihan Acak sebanyak 10 kali.
mst.mission.2613012._detail,Mainkan lagu yang dipilih di Pemilihan Acak sebanyak 10 kali.
mst.mission.2513101._title,Kumpulkan 800 Event Poin.
mst.mission.2513101._detail,Kumpulkan 800 Event Poin.
mst.mission.2513102._title,Kumpulkan 1500 Event Pt.
mst.mission.2513102._detail,Kumpulkan 1500 Event Poin.
mst.mission.2513103._title,Kumpulkan 7500 Event Poin
mst.mission.2513103._detail,Kumpulkan 7500 Event Poin.
mst.mission.2513104._title,Kumpulkan 15000 Event Poin
mst.mission.2513104._detail,Kumpulkan 15000 Event Poin.
mst.mission.2513105._title,Kumpulkan 100 Event Poin
mst.mission.2513105._detail,Kumpulkan 100 Event Poin.
mst.mission.2513106._title,Kumpulkan 150 Event Poin.
mst.mission.2513106._detail,Kumpulkan 150 Event Poin.
mst.mission.2513107._title,Kumpulkan 2500 Event Poin
mst.mission.2513107._detail,Kumpulkan 2500 Event Poin.
mst.mission.2413108._title,Selesaikan 7 Live dengan Anggota Pendukung.
mst.mission.2413108._detail,Selesaikan 7 Live dengan Anggota sebagai bantuan.
mst.mission.2413109._title,Selesaikan 10 Live dengan Anggota sebagai bantuan.
mst.mission.2413109._detail,Selesaikan 10 Live dengan Anggota sebagai bantuan.
mst.mission.2413110._title,Selesaikan 20 Live dengan Anggota Pendukung.
mst.mission.2413110._detail,Selesaikan 20 Live dengan Anggota sebagai bantuan.
mst.mission.2413111._title,Selesaikan 30 Live dengan Anggota Pendukung.
mst.mission.2413111._detail,Selesaikan 30 Live dengan Anggota pendukung.
mst.mission.2413112._title,Live sebanyak 10 kali
mst.mission.2413112._detail,Selesaikan Live sebanyak 10 kali.
mst.mission.2413113._title,Live sebanyak 20 kali
mst.mission.2413113._detail,Selesaikan Live sebanyak 20 kali.
mst.mission.2413114._title,Selesaikan Live sebanyak 30 kali
mst.mission.2413114._detail,Selesaikan Live sebanyak 30 kali.
mst.mission.2413115._title,Selesaikan Live sebanyak 40 kali
mst.mission.2413115._detail,Live sebanyak 40 kali.
mst.mission.2413116._title,Live sebanyak 50 kali
mst.mission.2413116._detail,Selesaikan Live sebanyak 50 kali.
mst.mission.2413117._title,Selesaikan Live sebanyak 60 kali
mst.mission.2413117._detail,Selesaikan Live sebanyak 60 kali.
mst.mission.2413118._title,Selesaikan Live sebanyak 70 kali
mst.mission.2413118._detail,Selesaikan Live sebanyak 70 kali.
mst.mission.2413119._title,Selesaikan Live sebanyak 80 kali
mst.mission.2413119._detail,Selesaikan Live sebanyak 80 kali.
mst.mission.2413120._title,Selesaikan Live sebanyak 90 kali
mst.mission.2413120._detail,Selesaikan Live sebanyak 90 kali.
mst.mission.2413121._title,Selesaikan Live sebanyak 100 kali
mst.mission.2413121._detail,Selesaikan Live sebanyak 100 kali.
mst.mission.2413122._title,Dapatkan 5 kali peringkat 3 atau lebih di Live Kolaborasi
mst.mission.2413122._detail,Dapatkan 5 kali peringkat 3 atau lebih di Live Kolaborasi.
mst.mission.2413123._title,Dapatkan 3 kali peringkat 2 atau lebih di Live Kolaborasi
mst.mission.2413123._detail,Dapatkan peringkat 2 atau lebih tinggi sebanyak 3 kali di Live kolaborasi.
mst.mission.2413124._title,Dapatkan peringkat 1 atau lebih di Live Kolaborasi
mst.mission.2413124._detail,Dapatkan peringkat 1 atau lebih di Live kolaborasi.
mst.mission.2413125._title,Selesaikan Live dengan minimal 4 pemain.
mst.mission.2413125._detail,Selesaikan Live dengan minimal 4 pemain.
mst.mission.2413126._title,Selesaikan Live Kooperatif 3 kali dengan minimal 4 pemain.
mst.mission.2413126._detail,Selesaikan Live Kooperatif 3 kali dengan minimal 4 pemain.
mst.mission.2413127._title,Selesaikan Live Kooperatif 5 kali dengan minimal 4 pemain.
mst.mission.2413127._detail,Selesaikan Live Kooperatif 5 kali dengan minimal 4 pemain.
mst.mission.2413128._title,Selesaikan Live Kooperatif 10 kali dengan minimal 4 pemain.
mst.mission.2413128._detail,Selesaikan Live Kooperatif 10 kali dengan minimal 4 pemain.
mst.mission.2413129._title,Selesaikan Live Kooperatif 20 kali dengan minimal 4 pemain.
mst.mission.2413129._detail,Selesaikan Live Kooperatif 20 kali dengan minimal 4 pemain.
mst.mission.2413130._title,Selesaikan Live Kooperatif 30 kali dengan minimal 4 pemain.
mst.mission.2413130._detail,Selesaikan Live Kooperatif 30 kali dengan minimal 4 pemain.
mst.mission.2713201._title,Kumpulkan 100 Event Poin
mst.mission.2713201._detail,Kumpulkan 100 Event Poin.
mst.mission.2713202._title,Kumpulkan 4000 Event Poin
mst.mission.2713202._detail,Kumpulkan 4000 Event Poin.
mst.mission.2713203._title,Kumpulkan 8000 Event Poin
mst.mission.2713203._detail,Kumpulkan 8000 Event Poin.
mst.mission.2613204._title,Lakukan Full Combo Live di kesulitan NORMAL atau lebih tinggi
mst.mission.2613204._detail,Capai Full Combo di Live dengan kesulitan NORMAL atau lebih tinggi.
mst.mission.2613205._title,Lakukan 3 Full Combo Live di kesulitan NORMAL atau lebih tinggi
mst.mission.2613205._detail,Lakukan 3 kali Full Combo di Live dengan kesulitan NORMAL atau lebih tinggi.
mst.mission.2613206._title,Lakukan 5 Full Combo di Live dengan kesulitan NORMAL atau lebih tinggi
mst.mission.2613206._detail,Selesaikan 5 Live dengan Full Combo di kesulitan NORMAL atau lebih tinggi.
mst.mission.2613207._title,Selesaikan Live dengan skor 50000 atau lebih.
mst.mission.2613207._detail,Selesaikan Live dengan skor 50000 atau lebih.
mst.mission.2613208._title,Selesaikan Live dengan skor 100.000 atau lebih
mst.mission.2613208._detail,Selesaikan Live dengan skor 100.000 atau lebih.
mst.mission.2613209._title,Selesaikan Live dengan skor 150000 atau lebih
mst.mission.2613209._detail,Selesaikan Live dengan skor 150.000 atau lebih.
mst.mission.2613210._title,Mainkan lagu yang dipilih di Pemilihan Acak sebanyak 3 kali.
mst.mission.2613210._detail,Mainkan lagu yang dipilih di Pemilihan Acak sebanyak 3 kali.
mst.mission.2613211._title,Mainkan lagu yang dipilih di Pemilihan Acak sebanyak 5 kali.
mst.mission.2613211._detail,Mainkan lagu yang dipilih di Pemilihan Acak sebanyak 5 kali.
mst.mission.2613212._title,Mainkan lagu yang dipilih di Pemilihan Acak sebanyak 10 kali.
mst.mission.2613212._detail,Mainkan lagu yang dipilih di Pemilihan Acak sebanyak 10 kali.
mst.mission.2313301._title,Kumpulkan 100 Event Poin
mst.mission.2313301._detail,Kumpulkan 100 Event Poin.
mst.mission.2313302._title,Kumpulkan 200 Event Pt
mst.mission.2313302._detail,Kumpulkan 200 Event Poin.
mst.mission.2313303._title,Kumpulkan 1000 Event Poin
mst.mission.2313303._detail,Kumpulkan 1000 Event Poin.
mst.mission.2313304._title,Kumpulkan 5000 Event Poin
mst.mission.2313304._detail,Kumpulkan 5000 Event Poin.
mst.mission.2313305._title,Kumpulkan 10000 Event Poin
mst.mission.2313305._detail,Kumpulkan 10000 Event Poin.
mst.mission.2313306._title,Selesaikan lagu Love Live! Sunshine!!.
mst.mission.2313306._detail,Selesaikan lagu Love Live! Sunshine!!.
mst.mission.2313307._title,Selesaikan lagu Love Live! Sunshine!! sebanyak 3 kali
mst.mission.2313307._detail,Selesaikan lagu Love Live! Sunshine!! sebanyak 3 kali.
mst.mission.2313308._title,Selesaikan lagu Love Live! Sunshine!! sebanyak 5 kali.
mst.mission.2313308._detail,Selesaikan lagu Love Live! Sunshine!! sebanyak 5 kali.
mst.mission.2213309._title,Live sebanyak 10 kali
mst.mission.2213309._detail,Selesaikan Live sebanyak 10 kali.
mst.mission.2213310._title,Live sebanyak 20 kali
mst.mission.2213310._detail,Selesaikan Live sebanyak 20 kali.
mst.mission.2213311._title,Selesaikan Live sebanyak 30 kali
mst.mission.2213311._detail,Selesaikan Live sebanyak 30 kali.
mst.mission.2213312._title,Selesaikan Live sebanyak 40 kali
mst.mission.2213312._detail,Live sebanyak 40 kali.
mst.mission.2213313._title,Live sebanyak 50 kali
mst.mission.2213313._detail,Selesaikan Live sebanyak 50 kali.
mst.mission.2213314._title,Selesaikan Live sebanyak 60 kali
mst.mission.2213314._detail,Selesaikan Live sebanyak 60 kali.
mst.mission.2213315._title,Selesaikan Live sebanyak 70 kali
mst.mission.2213315._detail,Selesaikan Live sebanyak 70 kali.
mst.mission.2213316._title,Selesaikan Live sebanyak 80 kali
mst.mission.2213316._detail,Selesaikan Live sebanyak 80 kali.
mst.mission.2213317._title,Selesaikan Live sebanyak 90 kali
mst.mission.2213317._detail,Selesaikan Live sebanyak 90 kali.
mst.mission.2213318._title,Selesaikan Live sebanyak 100 kali
mst.mission.2213318._detail,Selesaikan Live sebanyak 100 kali.
mst.mission.2213319._title,Selesaikan Live sebanyak 125 kali
mst.mission.2213319._detail,Selesaikan Live sebanyak 125 kali.
mst.mission.2213320._title,Selesaikan Live sebanyak 150 kali
mst.mission.2213320._detail,Selesaikan Live sebanyak 150 kali.
mst.mission.2213321._title,Selesaikan Live sebanyak 200 kali
mst.mission.2213321._detail,Selesaikan Live sebanyak 200 kali.
mst.mission.2213322._title,Selesaikan Live sebanyak 250 kali
mst.mission.2213322._detail,Selesaikan Live sebanyak 250 kali.
mst.mission.2213323._title,Selesaikan Live sebanyak 300 kali
mst.mission.2213323._detail,Selesaikan Live sebanyak 300 kali.
mst.mission.2213324._title,Selesaikan Live sebanyak 350 kali
mst.mission.2213324._detail,Selesaikan Live sebanyak 350 kali.
mst.mission.2213325._title,Selesaikan Live sebanyak 400 kali
mst.mission.2213325._detail,Selesaikan Live sebanyak 400 kali.
mst.mission.2213326._title,Selesaikan Live sebanyak 450 kali
mst.mission.2213326._detail,Selesaikan Live sebanyak 450 kali.
mst.mission.2213327._title,Selesaikan Live sebanyak 500 kali
mst.mission.2213327._detail,Selesaikan Live sebanyak 500 kali.
mst.mission.2213328._title,Selesaikan lagu event dengan Full Combo
mst.mission.2213328._detail,Selesaikan lagu event dengan Full Combo.
mst.mission.2213329._title,Capai skor 50000 di lagu 『青空Jumping Heart』 dengan kesulitan NORMAL atau lebih tinggi
mst.mission.2213329._detail,Capai skor 50.000 di lagu 『青空Jumping Heart』 dengan kesulitan NORMAL atau lebih tinggi.
mst.mission.2213330._title,Raih skor 200.000 di lagu 『青空Jumping Heart』 dengan kesulitan HARD atau lebih tinggi
mst.mission.2213330._detail,Capai skor 200.000 di lagu 『青空Jumping Heart』 dengan tingkat kesulitan HARD atau lebih tinggi.
mst.mission.2213331._title,Capai skor 300.000 di lagu 『青空Jumping Heart』 dengan tingkat kesulitan EXPERT atau lebih tinggi
mst.mission.2213331._detail,Capai skor 300.000 pada lagu 『青空Jumping Heart』 dengan tingkat kesulitan EXPERT atau lebih tinggi.
mst.mission.2213332._title,Login ke aplikasi.
mst.mission.2213332._detail,Login ke aplikasi.
mst.mission.2213333._title,Kumpulkan 5000 Event Poin
mst.mission.2213333._detail,Kumpulkan 5000 Event Poin
mst.mission.2213334._title,Kumpulkan 12000 Event Poin
mst.mission.2213334._detail,Kumpulkan 12000 Event Poin! *Tidak ditampilkan
mst.mission.2213335._title,Kumpulkan 20000 Event Poin! *Tidak ditampilkan
mst.mission.2213335._detail,Kumpulkan 20000 Event Pt ※Tidak ditampilkan
mst.mission.2213336._title,Kumpulkan 30000 Event Poin
mst.mission.2213336._detail,Kumpulkan 30000 Event Poin! *Tidak ditampilkan
mst.mission.2713401._title,Kumpulkan 100 Event Poin
mst.mission.2713401._detail,Kumpulkan 100 Event Poin.
mst.mission.2713402._title,Kumpulkan 4000 Event Poin
mst.mission.2713402._detail,Kumpulkan 4000 Event Poin.
mst.mission.2713403._title,Kumpulkan 8000 Event Poin
mst.mission.2713403._detail,Kumpulkan 8000 Event Poin.
mst.mission.2613404._title,Lakukan Full Combo Live di kesulitan NORMAL atau lebih tinggi
mst.mission.2613404._detail,Capai Full Combo di Live dengan kesulitan NORMAL atau lebih tinggi.
mst.mission.2613405._title,Lakukan 3 Full Combo Live di kesulitan NORMAL atau lebih tinggi
mst.mission.2613405._detail,Lakukan 3 kali Full Combo di Live dengan kesulitan NORMAL atau lebih tinggi.
mst.mission.2613406._title,Lakukan 5 Full Combo di Live dengan kesulitan NORMAL atau lebih tinggi
mst.mission.2613406._detail,Selesaikan 5 Live dengan Full Combo di kesulitan NORMAL atau lebih tinggi.
mst.mission.2613407._title,Selesaikan Live dengan skor 50000 atau lebih.
mst.mission.2613407._detail,Selesaikan Live dengan skor 50000 atau lebih.
mst.mission.2613408._title,Selesaikan Live dengan skor 100.000 atau lebih
mst.mission.2613408._detail,Selesaikan Live dengan skor 100.000 atau lebih.
mst.mission.2613409._title,Selesaikan Live dengan skor 150000 atau lebih
mst.mission.2613409._detail,Selesaikan Live dengan skor 150.000 atau lebih.
mst.mission.2613410._title,Mainkan lagu yang dipilih di Pemilihan Acak sebanyak 3 kali.
mst.mission.2613410._detail,Mainkan lagu yang dipilih di Pemilihan Acak sebanyak 3 kali.
mst.mission.2613411._title,Mainkan lagu yang dipilih di Pemilihan Acak sebanyak 5 kali.
mst.mission.2613411._detail,Mainkan lagu yang dipilih di Pemilihan Acak sebanyak 5 kali.
mst.mission.2613412._title,Mainkan lagu yang dipilih di Pemilihan Acak sebanyak 10 kali.
mst.mission.2613412._detail,Mainkan lagu yang dipilih di Pemilihan Acak sebanyak 10 kali.
mst.mission.3713501._title,Kumpulkan 10 Event Poin
mst.mission.3713501._detail,Kumpulkan 10 Event Poin.
mst.mission.3713502._title,Kumpulkan 20 Event Poin.
mst.mission.3713502._detail,Kumpulkan 20 Event Poin.
mst.mission.3713503._title,Kumpulkan 100 Event Poin
mst.mission.3713503._detail,Kumpulkan 100 Event Poin.
mst.mission.3713504._title,Kumpulkan 500 Event Poin
mst.mission.3713504._detail,Kumpulkan 500 Event Poin.
mst.mission.3713505._title,Kumpulkan 1000 Event Poin
mst.mission.3713505._detail,Kumpulkan 1000 Event Poin.
mst.mission.3713506._title,Selesaikan Live
mst.mission.3713506._detail,Selesaikan Live.
mst.mission.3713507._title,Selesaikan Live sebanyak 3 kali
mst.mission.3713507._detail,Selesaikan Live sebanyak 3 kali.
mst.mission.3713508._title,Selesaikan Live sebanyak 5 kali
mst.mission.3713508._detail,Selesaikan Live sebanyak 5 kali.
mst.mission.3713509._title,Live sebanyak 10 kali
mst.mission.3713509._detail,Selesaikan Live sebanyak 10 kali.
mst.mission.3713510._title,Bagikan dari STAR CHALLENGE EVENT TOP
mst.mission.3713510._detail,Bagikan dari Halaman Utama Star Challenge Event.
mst.mission.3613511._title,Live sebanyak 10 kali
mst.mission.3613511._detail,Selesaikan Live sebanyak 10 kali.
mst.mission.3613512._title,Live sebanyak 20 kali
mst.mission.3613512._detail,Selesaikan Live sebanyak 20 kali.
mst.mission.3613513._title,Selesaikan Live sebanyak 30 kali
mst.mission.3613513._detail,Selesaikan Live sebanyak 30 kali.
mst.mission.3613514._title,Selesaikan Live sebanyak 40 kali
mst.mission.3613514._detail,Live sebanyak 40 kali.
mst.mission.3613515._title,Live sebanyak 50 kali
mst.mission.3613515._detail,Selesaikan Live sebanyak 50 kali.
mst.mission.3613516._title,Selesaikan Live sebanyak 60 kali
mst.mission.3613516._detail,Selesaikan Live sebanyak 60 kali.
mst.mission.3613517._title,Selesaikan Live sebanyak 70 kali
mst.mission.3613517._detail,Selesaikan Live sebanyak 70 kali.
mst.mission.3613518._title,Selesaikan Live sebanyak 80 kali
mst.mission.3613518._detail,Selesaikan Live sebanyak 80 kali.
mst.mission.3613519._title,Selesaikan Live sebanyak 90 kali
mst.mission.3613519._detail,Selesaikan Live sebanyak 90 kali.
mst.mission.3613520._title,Selesaikan Live sebanyak 100 kali
mst.mission.3613520._detail,Selesaikan Live sebanyak 100 kali.
mst.mission.2713601._title,Kumpulkan 100 Event Poin
mst.mission.2713601._detail,Kumpulkan 100 Event Poin.
mst.mission.2713602._title,Kumpulkan 4000 Event Poin
mst.mission.2713602._detail,Kumpulkan 4000 Event Poin.
mst.mission.2713603._title,Kumpulkan 8000 Event Poin
mst.mission.2713603._detail,Kumpulkan 8000 Event Poin.
mst.mission.2613604._title,Lakukan Full Combo Live di kesulitan NORMAL atau lebih tinggi
mst.mission.2613604._detail,Capai Full Combo di Live dengan kesulitan NORMAL atau lebih tinggi.
mst.mission.2613605._title,Lakukan 3 Full Combo Live di kesulitan NORMAL atau lebih tinggi
mst.mission.2613605._detail,Lakukan 3 kali Full Combo di Live dengan kesulitan NORMAL atau lebih tinggi.
mst.mission.2613606._title,Lakukan 5 Full Combo di Live dengan kesulitan NORMAL atau lebih tinggi
mst.mission.2613606._detail,Selesaikan 5 Live dengan Full Combo di kesulitan NORMAL atau lebih tinggi.
mst.mission.2613607._title,Selesaikan Live dengan skor 50000 atau lebih.
mst.mission.2613607._detail,Selesaikan Live dengan skor 50000 atau lebih.
mst.mission.2613608._title,Selesaikan Live dengan skor 100.000 atau lebih
mst.mission.2613608._detail,Selesaikan Live dengan skor 100.000 atau lebih.
mst.mission.2613609._title,Selesaikan Live dengan skor 150000 atau lebih
mst.mission.2613609._detail,Selesaikan Live dengan skor 150.000 atau lebih.
mst.mission.2613610._title,Mainkan lagu yang dipilih di Pemilihan Acak sebanyak 3 kali.
mst.mission.2613610._detail,Mainkan lagu yang dipilih di Pemilihan Acak sebanyak 3 kali.
mst.mission.2613611._title,Mainkan lagu yang dipilih di Pemilihan Acak sebanyak 5 kali.
mst.mission.2613611._detail,Mainkan lagu yang dipilih di Pemilihan Acak sebanyak 5 kali.
mst.mission.2613612._title,Mainkan lagu yang dipilih di Pemilihan Acak sebanyak 10 kali.
mst.mission.2613612._detail,Mainkan lagu yang dipilih di Pemilihan Acak sebanyak 10 kali.
mst.mission.2313701._title,Kumpulkan 100 Event Poin
mst.mission.2313701._detail,Kumpulkan 100 Event Poin.
mst.mission.2313702._title,Kumpulkan 200 Event Pt
mst.mission.2313702._detail,Kumpulkan 200 Event Poin.
mst.mission.2313703._title,Kumpulkan 1000 Event Poin
mst.mission.2313703._detail,Kumpulkan 1000 Event Poin.
mst.mission.2313704._title,Kumpulkan 5000 Event Poin
mst.mission.2313704._detail,Kumpulkan 5000 Event Poin.
mst.mission.2313705._title,Kumpulkan 10000 Event Poin
mst.mission.2313705._detail,Kumpulkan 10000 Event Poin.
mst.mission.2313706._title,Selesaikan lagu Love Live! Nijigasaki Gakuen School Idol Club.
mst.mission.2313706._detail,Selesaikan lagu Love Live! Nijigasaki Gakuen School Idol Club.
mst.mission.2313707._title,Selesaikan lagu Love Live! Nijigasaki School Idol Club sebanyak 3 kali.
mst.mission.2313707._detail,Selesaikan lagu Love Live! Nijigasaki School Idol Club sebanyak 3 kali.
mst.mission.2313708._title,Selesaikan lagu Love Live! Nijigasaki School Idol Club sebanyak 5 kali.
mst.mission.2313708._detail,Selesaikan lagu Love Live! Nijigasaki School Idol Club sebanyak 5 kali.
mst.mission.2213709._title,Live sebanyak 10 kali
mst.mission.2213709._detail,Selesaikan Live sebanyak 10 kali.
mst.mission.2213710._title,Live sebanyak 20 kali
mst.mission.2213710._detail,Selesaikan Live sebanyak 20 kali.
mst.mission.2213711._title,Selesaikan Live sebanyak 30 kali
mst.mission.2213711._detail,Selesaikan Live sebanyak 30 kali.
mst.mission.2213712._title,Selesaikan Live sebanyak 40 kali
mst.mission.2213712._detail,Live sebanyak 40 kali.
mst.mission.2213713._title,Live sebanyak 50 kali
mst.mission.2213713._detail,Selesaikan Live sebanyak 50 kali.
mst.mission.2213714._title,Selesaikan Live sebanyak 60 kali
mst.mission.2213714._detail,Selesaikan Live sebanyak 60 kali.
mst.mission.2213715._title,Selesaikan Live sebanyak 70 kali
mst.mission.2213715._detail,Selesaikan Live sebanyak 70 kali.
mst.mission.2213716._title,Selesaikan Live sebanyak 80 kali
mst.mission.2213716._detail,Selesaikan Live sebanyak 80 kali.
mst.mission.2213717._title,Selesaikan Live sebanyak 90 kali
mst.mission.2213717._detail,Selesaikan Live sebanyak 90 kali.
mst.mission.2213718._title,Selesaikan Live sebanyak 100 kali
mst.mission.2213718._detail,Selesaikan Live sebanyak 100 kali.
mst.mission.2213719._title,Selesaikan Live sebanyak 125 kali
mst.mission.2213719._detail,Selesaikan Live sebanyak 125 kali.
mst.mission.2213720._title,Selesaikan Live sebanyak 150 kali
mst.mission.2213720._detail,Selesaikan Live sebanyak 150 kali.
mst.mission.2213721._title,Selesaikan Live sebanyak 200 kali
mst.mission.2213721._detail,Selesaikan Live sebanyak 200 kali.
mst.mission.2213722._title,Selesaikan Live sebanyak 250 kali
mst.mission.2213722._detail,Selesaikan Live sebanyak 250 kali.
mst.mission.2213723._title,Selesaikan Live sebanyak 300 kali
mst.mission.2213723._detail,Selesaikan Live sebanyak 300 kali.
mst.mission.2213724._title,Selesaikan Live sebanyak 350 kali
mst.mission.2213724._detail,Selesaikan Live sebanyak 350 kali.
mst.mission.2213725._title,Selesaikan Live sebanyak 400 kali
mst.mission.2213725._detail,Selesaikan Live sebanyak 400 kali.
mst.mission.2213726._title,Selesaikan Live sebanyak 450 kali
mst.mission.2213726._detail,Selesaikan Live sebanyak 450 kali.
mst.mission.2213727._title,Selesaikan Live sebanyak 500 kali
mst.mission.2213727._detail,Selesaikan Live sebanyak 500 kali.
mst.mission.2213728._title,Selesaikan lagu event dengan Full Combo
mst.mission.2213728._detail,Selesaikan lagu event dengan Full Combo.
mst.mission.2213729._title,Capai skor 50000 di lagu 『TOKIMEKI Runners』 dengan kesulitan NORMAL atau lebih tinggi
mst.mission.2213729._detail,Capai skor 50000 di lagu 『TOKIMEKI Runners』 dengan kesulitan NORMAL atau lebih tinggi.
mst.mission.2213730._title,Capai skor 200.000 di lagu 『TOKIMEKI Runners』 dengan kesulitan HARD atau lebih tinggi
mst.mission.2213730._detail,Capai skor 200.000 di lagu 『TOKIMEKI Runners』 dengan tingkat kesulitan HARD atau lebih tinggi.
mst.mission.2213731._title,Raih skor 300.000 di lagu 『TOKIMEKI Runners』 dengan tingkat kesulitan EXPERT atau lebih tinggi.
mst.mission.2213731._detail,Capai skor 300.000 di lagu 『TOKIMEKI Runners』 dengan tingkat kesulitan EXPERT atau lebih tinggi.
mst.mission.2213732._title,Login ke aplikasi.
mst.mission.2213732._detail,Login ke aplikasi.
mst.mission.2213733._title,Kumpulkan 5000 Event Poin
mst.mission.2213733._detail,Kumpulkan 5000 Event Poin
mst.mission.2213734._title,Kumpulkan 12000 Event Poin
mst.mission.2213734._detail,Kumpulkan 12000 Event Poin! *Tidak ditampilkan
mst.mission.2213735._title,Kumpulkan 20000 Event Poin! *Tidak ditampilkan
mst.mission.2213735._detail,Kumpulkan 20000 Event Pt ※Tidak ditampilkan
mst.mission.2213736._title,Kumpulkan 30000 Event Poin
mst.mission.2213736._detail,Kumpulkan 30000 Event Poin! *Tidak ditampilkan
mst.mission.2713801._title,Kumpulkan 100 Event Poin
mst.mission.2713801._detail,Kumpulkan 100 Event Poin.
mst.mission.2713802._title,Kumpulkan 4000 Event Poin
mst.mission.2713802._detail,Kumpulkan 4000 Event Poin.
mst.mission.2713803._title,Kumpulkan 8000 Event Poin
mst.mission.2713803._detail,Kumpulkan 8000 Event Poin.
mst.mission.2613804._title,Lakukan Full Combo Live di kesulitan NORMAL atau lebih tinggi
mst.mission.2613804._detail,Capai Full Combo di Live dengan kesulitan NORMAL atau lebih tinggi.
mst.mission.2613805._title,Lakukan 3 Full Combo Live di kesulitan NORMAL atau lebih tinggi
mst.mission.2613805._detail,Lakukan 3 kali Full Combo di Live dengan kesulitan NORMAL atau lebih tinggi.
mst.mission.2613806._title,Lakukan 5 Full Combo di Live dengan kesulitan NORMAL atau lebih tinggi
mst.mission.2613806._detail,Selesaikan 5 Live dengan Full Combo di kesulitan NORMAL atau lebih tinggi.
mst.mission.2613807._title,Selesaikan Live dengan skor 50000 atau lebih.
mst.mission.2613807._detail,Selesaikan Live dengan skor 50000 atau lebih.
mst.mission.2613808._title,Selesaikan Live dengan skor 100.000 atau lebih
mst.mission.2613808._detail,Selesaikan Live dengan skor 100.000 atau lebih.
mst.mission.2613809._title,Selesaikan Live dengan skor 150000 atau lebih
mst.mission.2613809._detail,Selesaikan Live dengan skor 150.000 atau lebih.
mst.mission.2613810._title,Mainkan lagu yang dipilih di Pemilihan Acak sebanyak 3 kali.
mst.mission.2613810._detail,Mainkan lagu yang dipilih di Pemilihan Acak sebanyak 3 kali.
mst.mission.2613811._title,Mainkan lagu yang dipilih di Pemilihan Acak sebanyak 5 kali.
mst.mission.2613811._detail,Mainkan lagu yang dipilih di Pemilihan Acak sebanyak 5 kali.
mst.mission.2613812._title,Mainkan lagu yang dipilih di Pemilihan Acak sebanyak 10 kali.
mst.mission.2613812._detail,Mainkan lagu yang dipilih di Pemilihan Acak sebanyak 10 kali.
mst.mission.3713901._title,Kumpulkan 10 Event Poin
mst.mission.3713901._detail,Kumpulkan 10 Event Poin.
mst.mission.3713902._title,Kumpulkan 20 Event Poin.
mst.mission.3713902._detail,Kumpulkan 20 Event Poin.
mst.mission.3713903._title,Kumpulkan 100 Event Poin
mst.mission.3713903._detail,Kumpulkan 100 Event Poin.
mst.mission.3713904._title,Kumpulkan 500 Event Poin
mst.mission.3713904._detail,Kumpulkan 500 Event Poin.
mst.mission.3713905._title,Kumpulkan 1000 Event Poin
mst.mission.3713905._detail,Kumpulkan 1000 Event Poin.
mst.mission.3713906._title,Selesaikan Live
mst.mission.3713906._detail,Selesaikan Live.
mst.mission.3713907._title,Selesaikan Live sebanyak 3 kali
mst.mission.3713907._detail,Selesaikan Live sebanyak 3 kali.
mst.mission.3713908._title,Selesaikan Live sebanyak 5 kali
mst.mission.3713908._detail,Selesaikan Live sebanyak 5 kali.
mst.mission.3713909._title,Live sebanyak 10 kali
mst.mission.3713909._detail,Selesaikan Live sebanyak 10 kali.
mst.mission.3713910._title,Bagikan dari STAR CHALLENGE EVENT TOP
mst.mission.3713910._detail,Bagikan dari Halaman Utama Star Challenge Event.
mst.mission.3613911._title,Live sebanyak 10 kali
mst.mission.3613911._detail,Selesaikan Live sebanyak 10 kali.
mst.mission.3613912._title,Live sebanyak 20 kali
mst.mission.3613912._detail,Selesaikan Live sebanyak 20 kali.
mst.mission.3613913._title,Selesaikan Live sebanyak 30 kali
mst.mission.3613913._detail,Selesaikan Live sebanyak 30 kali.
mst.mission.3613914._title,Selesaikan Live sebanyak 40 kali
mst.mission.3613914._detail,Live sebanyak 40 kali.
mst.mission.3613915._title,Live sebanyak 50 kali
mst.mission.3613915._detail,Selesaikan Live sebanyak 50 kali.
mst.mission.3613916._title,Selesaikan Live sebanyak 60 kali
mst.mission.3613916._detail,Selesaikan Live sebanyak 60 kali.
mst.mission.3613917._title,Selesaikan Live sebanyak 70 kali
mst.mission.3613917._detail,Selesaikan Live sebanyak 70 kali.
mst.mission.3613918._title,Selesaikan Live sebanyak 80 kali
mst.mission.3613918._detail,Selesaikan Live sebanyak 80 kali.
mst.mission.3613919._title,Selesaikan Live sebanyak 90 kali
mst.mission.3613919._detail,Selesaikan Live sebanyak 90 kali.
mst.mission.3613920._title,Selesaikan Live sebanyak 100 kali
mst.mission.3613920._detail,Selesaikan Live sebanyak 100 kali.
mst.mission.2714001._title,Kumpulkan 100 Event Poin
mst.mission.2714001._detail,Kumpulkan 100 Event Poin.
mst.mission.2714002._title,Kumpulkan 4000 Event Poin
mst.mission.2714002._detail,Kumpulkan 4000 Event Poin.
mst.mission.2714003._title,Kumpulkan 8000 Event Poin
mst.mission.2714003._detail,Kumpulkan 8000 Event Poin.
mst.mission.2614004._title,Lakukan Full Combo Live di kesulitan NORMAL atau lebih tinggi
mst.mission.2614004._detail,Capai Full Combo di Live dengan kesulitan NORMAL atau lebih tinggi.
mst.mission.2614005._title,Lakukan 3 Full Combo Live di kesulitan NORMAL atau lebih tinggi
mst.mission.2614005._detail,Lakukan 3 kali Full Combo di Live dengan kesulitan NORMAL atau lebih tinggi.
mst.mission.2614006._title,Lakukan 5 Full Combo di Live dengan kesulitan NORMAL atau lebih tinggi
mst.mission.2614006._detail,Selesaikan 5 Live dengan Full Combo di kesulitan NORMAL atau lebih tinggi.
mst.mission.2614007._title,Selesaikan Live dengan skor 50000 atau lebih.
mst.mission.2614007._detail,Selesaikan Live dengan skor 50000 atau lebih.
mst.mission.2614008._title,Selesaikan Live dengan skor 100.000 atau lebih
mst.mission.2614008._detail,Selesaikan Live dengan skor 100.000 atau lebih.
mst.mission.2614009._title,Selesaikan Live dengan skor 150000 atau lebih
mst.mission.2614009._detail,Selesaikan Live dengan skor 150.000 atau lebih.
mst.mission.2614010._title,Mainkan lagu yang dipilih di Pemilihan Acak sebanyak 3 kali.
mst.mission.2614010._detail,Mainkan lagu yang dipilih di Pemilihan Acak sebanyak 3 kali.
mst.mission.2614011._title,Mainkan lagu yang dipilih di Pemilihan Acak sebanyak 5 kali.
mst.mission.2614011._detail,Mainkan lagu yang dipilih di Pemilihan Acak sebanyak 5 kali.
mst.mission.2614012._title,Mainkan lagu yang dipilih di Pemilihan Acak sebanyak 10 kali.
mst.mission.2614012._detail,Mainkan lagu yang dipilih di Pemilihan Acak sebanyak 10 kali.
mst.mission.2314101._title,Kumpulkan 100 Event Poin
mst.mission.2314101._detail,Kumpulkan 100 Event Poin.
mst.mission.2314102._title,Kumpulkan 200 Event Pt
mst.mission.2314102._detail,Kumpulkan 200 Event Poin.
mst.mission.2314103._title,Kumpulkan 1000 Event Poin
mst.mission.2314103._detail,Kumpulkan 1000 Event Poin.
mst.mission.2314104._title,Kumpulkan 5000 Event Poin
mst.mission.2314104._detail,Kumpulkan 5000 Event Poin.
mst.mission.2314105._title,Kumpulkan 10000 Event Poin
mst.mission.2314105._detail,Kumpulkan 10000 Event Poin.
mst.mission.2314106._title,Selesaikan lagu Love Live! Superstar!!
mst.mission.2314106._detail,Selesaikan lagu Love Live! Superstar!!.
mst.mission.2314107._title,Selesaikan lagu Love Live! Superstar!! sebanyak 3 kali.
mst.mission.2314107._detail,Selesaikan lagu Love Live! Superstar!! sebanyak 3 kali.
mst.mission.2314108._title,Selesaikan lagu Love Live! Superstar!! sebanyak 5 kali.
mst.mission.2314108._detail,Selesaikan lagu Love Live! Superstar!! sebanyak 5 kali.
mst.mission.2214109._title,Live sebanyak 10 kali
mst.mission.2214109._detail,Selesaikan Live sebanyak 10 kali.
mst.mission.2214110._title,Live sebanyak 20 kali
mst.mission.2214110._detail,Selesaikan Live sebanyak 20 kali.
mst.mission.2214111._title,Selesaikan Live sebanyak 30 kali
mst.mission.2214111._detail,Selesaikan Live sebanyak 30 kali.
mst.mission.2214112._title,Selesaikan Live sebanyak 40 kali
mst.mission.2214112._detail,Live sebanyak 40 kali.
mst.mission.2214113._title,Live sebanyak 50 kali
mst.mission.2214113._detail,Selesaikan Live sebanyak 50 kali.
mst.mission.2214114._title,Selesaikan Live sebanyak 60 kali
mst.mission.2214114._detail,Selesaikan Live sebanyak 60 kali.
mst.mission.2214115._title,Selesaikan Live sebanyak 70 kali
mst.mission.2214115._detail,Selesaikan Live sebanyak 70 kali.
mst.mission.2214116._title,Selesaikan Live sebanyak 80 kali
mst.mission.2214116._detail,Selesaikan Live sebanyak 80 kali.
mst.mission.2214117._title,Selesaikan Live sebanyak 90 kali
mst.mission.2214117._detail,Selesaikan Live sebanyak 90 kali.
mst.mission.2214118._title,Selesaikan Live sebanyak 100 kali
mst.mission.2214118._detail,Selesaikan Live sebanyak 100 kali.
mst.mission.2214119._title,Selesaikan Live sebanyak 125 kali
mst.mission.2214119._detail,Selesaikan Live sebanyak 125 kali.
mst.mission.2214120._title,Selesaikan Live sebanyak 150 kali
mst.mission.2214120._detail,Selesaikan Live sebanyak 150 kali.
mst.mission.2214121._title,Selesaikan Live sebanyak 200 kali
mst.mission.2214121._detail,Selesaikan Live sebanyak 200 kali.
mst.mission.2214122._title,Selesaikan Live sebanyak 250 kali
mst.mission.2214122._detail,Selesaikan Live sebanyak 250 kali.
mst.mission.2214123._title,Selesaikan Live sebanyak 300 kali
mst.mission.2214123._detail,Selesaikan Live sebanyak 300 kali.
mst.mission.2214124._title,Selesaikan Live sebanyak 350 kali
mst.mission.2214124._detail,Selesaikan Live sebanyak 350 kali.
mst.mission.2214125._title,Selesaikan Live sebanyak 400 kali
mst.mission.2214125._detail,Selesaikan Live sebanyak 400 kali.
mst.mission.2214126._title,Selesaikan Live sebanyak 450 kali
mst.mission.2214126._detail,Selesaikan Live sebanyak 450 kali.
mst.mission.2214127._title,Selesaikan Live sebanyak 500 kali
mst.mission.2214127._detail,Selesaikan Live sebanyak 500 kali.
mst.mission.2214128._title,Selesaikan lagu event dengan Full Combo
mst.mission.2214128._detail,Selesaikan lagu event dengan Full Combo.
mst.mission.2214129._title,"Capai skor 50000 di lagu ""Nonfiction!!"" dengan kesulitan NORMAL atau lebih tinggi"
mst.mission.2214129._detail,Capai skor 50000 di lagu 『ノンフィクション!!』 dengan kesulitan NORMAL atau lebih tinggi.
mst.mission.2214130._title,Raih skor 200.000 di lagu 『ノンフィクション!!』 dengan kesulitan HARD atau lebih tinggi.
mst.mission.2214130._detail,Capai skor 200.000 di lagu 『ノンフィクション!!』 dengan kesulitan HARD atau lebih tinggi.
mst.mission.2214131._title,Raih skor 300.000 di lagu 『ノンフィクション!!』 dengan tingkat kesulitan EXPERT atau lebih tinggi.
mst.mission.2214131._detail,Capai skor 300.000 di lagu 『ノンフィクション!!』 dengan tingkat kesulitan EXPERT atau lebih tinggi.
mst.mission.2214132._title,Login ke aplikasi.
mst.mission.2214132._detail,Login ke aplikasi.
mst.mission.2214133._title,Kumpulkan 5000 Event Poin
mst.mission.2214133._detail,Kumpulkan 5000 Event Poin
mst.mission.2214134._title,Kumpulkan 12000 Event Poin
mst.mission.2214134._detail,Kumpulkan 12000 Event Poin! *Tidak ditampilkan
mst.mission.2214135._title,Kumpulkan 20000 Event Poin! *Tidak ditampilkan
mst.mission.2214135._detail,Kumpulkan 20000 Event Pt ※Tidak ditampilkan
mst.mission.2214136._title,Kumpulkan 30000 Event Poin
mst.mission.2214136._detail,Kumpulkan 30000 Event Poin! *Tidak ditampilkan
mst.mission.1653001._title,Login sekarang
mst.mission.1653001._detail,Login sekarang
mst.mission.1605001._title,Selesaikan Live
mst.mission.1605001._detail,Selesaikan Live.
mst.mission.1662001._title,Mainkan lagu yang dipilih di Pemilihan Acak.
mst.mission.1662001._detail,Mainkan lagu yang dipilih dengan Pemilihan Acak.
mst.mission.1663001._title,Lakukan Rekrut Item
mst.mission.1663001._detail,Lakukan Rekrut
mst.mission.1660001._title,Susun Tim agar total Atribut p mencapai 27500 atau lebih
mst.mission.1660001._detail,Susun Tim agar total Atribut N mencapai 27500 atau lebih.
mst.mission.1614001._title,Naikkan level Idol.
mst.mission.1614001._detail,Naikkan level Idol menjadi 2 atau lebih.
mst.mission.1666001._title,Atur Opsi Live
mst.mission.1666001._detail,Atur opsi Live.
mst.mission.1658001._title,Afeksi salah satu Idol menjadi 10
mst.mission.1658001._detail,Tingkatkan Afeksi hingga 10 atau lebih.
mst.mission.1661001._title,Edit Kustomisasi Layar Beranda
mst.mission.1661001._detail,Edit tampilan beranda.
mst.mission.1653002._title,Login selama 2 hari.
mst.mission.1653002._detail,Login selama 2 hari.
mst.mission.1605002._title,Live sebanyak 10 kali
mst.mission.1605002._detail,Selesaikan Live sebanyak 10 kali.
mst.mission.1665001._title,Atur Daftar Rekomendasi
mst.mission.1665001._detail,Atur daftar rekomendasi.
mst.mission.1664001._title,Tingkatkan level kemampuan Idol
mst.mission.1664001._detail,Naikkan level Idol menjadi N atau lebih.
mst.mission.1658002._title,Afeksi salah satu Idol menjadi 20
mst.mission.1658002._detail,Afeksi menjadi 20 atau lebih
mst.mission.1630001._title,Susun tim dengan 5 anggota yang memiliki atribut yang sama.
mst.mission.1630001._detail,"Buat dek dengan minimal 5 anggota bertipe ""-""."
mst.mission.1606001._title,Atur LP yang Dihabiskan menjadi 2x
mst.mission.1606001._detail,Habiskan LP dua kali lipat.
mst.mission.1614002._title,Naikkan 3 Idol ke Level 20 atau Lebih
mst.mission.1614002._detail,Naikkan level 3 Idol hingga level 20 atau lebih
mst.mission.1663002._title,Lakukan Rekrut Item sebanyak 2 kali
mst.mission.1663002._detail,Lakukan Rekrut sebanyak 20 kali.
mst.mission.1653003._title,Login selama 3 hari.
mst.mission.1653003._detail,Login selama 3 hari.
mst.mission.1605003._title,Live sebanyak 20 kali
mst.mission.1605003._detail,Selesaikan Live sebanyak 20 kali.
mst.mission.1660002._title,Susun Tim agar total Atribut p mencapai 29000 atau lebih
mst.mission.1660002._detail,Susun Tim agar total Atribut N mencapai 29000 atau lebih.
mst.mission.1617001._title,Bangkitkan Idol
mst.mission.1617001._detail,Bangkitkan salah satu Idol dengan tingkat kelangkaan apa pun.
mst.mission.1658003._title,Tingkatkan Afeksi salah satu Idol hingga 30
mst.mission.1658003._detail,Tingkatkan Afeksi hingga 30
mst.mission.1625001._title,Siapkan transfer akun.
mst.mission.1625001._detail,Siapkan transfer akun.
mst.mission.1614003._title,Naikkan 5 Idol ke Level 30 atau Lebih
mst.mission.1614003._detail,Jadikan 5 Idol mencapai level 30 atau lebih.
mst.mission.1664002._title,Tingkatkan 3 kartu ke level skill 2 atau lebih.
mst.mission.1664002._detail,Tingkatkan level skill 3 Idol hingga N atau lebih.
mst.mission.1626001._title,Ikuti Akun Twitter Resmi
mst.mission.1626001._detail,Ikuti akun Twitter resmi.
mst.mission.2900001._title,Selesaikan Live sebanyak 5 kali
mst.mission.2900001._detail,Selesaikan Live sebanyak 5 kali.
mst.mission.2900002._title,Live sebanyak 10 kali
mst.mission.2900002._detail,Selesaikan Live sebanyak 10 kali.
mst.mission.2900003._title,Selesaikan Live sebanyak 15 kali
mst.mission.2900003._detail,Selesaikan Live sebanyak 15 kali.
mst.mission.2900004._title,Live sebanyak 20 kali
mst.mission.2900004._detail,Selesaikan Live sebanyak 20 kali.
mst.mission.2900005._title,Selesaikan Live sebanyak 25 kali
mst.mission.2900005._detail,Selesaikan Live sebanyak 25 kali.
mst.mission.2900006._title,Selesaikan Live sebanyak 30 kali
mst.mission.2900006._detail,Selesaikan Live sebanyak 30 kali.
mst.mission.2900007._title,Selesaikan Live sebanyak 35 kali
mst.mission.2900007._detail,Selesaikan Live sebanyak 35 kali.
mst.mission.2900008._title,Selesaikan Live sebanyak 40 kali
mst.mission.2900008._detail,Live sebanyak 40 kali.
mst.mission.2900009._title,Selesaikan Live sebanyak 45 kali
mst.mission.2900009._detail,Selesaikan Live sebanyak 45 kali.
mst.mission.2900010._title,Live sebanyak 50 kali
mst.mission.2900010._detail,Selesaikan Live sebanyak 50 kali.
mst.mission.2900011._title,Selesaikan Live sebanyak 55 kali
mst.mission.2900011._detail,Selesaikan Live sebanyak 55 kali.
mst.mission.2900012._title,Selesaikan Live sebanyak 60 kali
mst.mission.2900012._detail,Selesaikan Live sebanyak 60 kali.
mst.mission.2900013._title,Selesaikan Live sebanyak 65 kali
mst.mission.2900013._detail,Selesaikan Live sebanyak 65 kali.
mst.mission.2900014._title,Selesaikan Live sebanyak 70 kali
mst.mission.2900014._detail,Selesaikan Live sebanyak 70 kali.
mst.mission.2900015._title,Selesaikan Live sebanyak 75 kali
mst.mission.2900015._detail,Selesaikan Live sebanyak 75 kali.
mst.mission.2900016._title,Selesaikan Live sebanyak 80 kali
mst.mission.2900016._detail,Selesaikan Live sebanyak 80 kali.
mst.mission.2900017._title,Selesaikan Live sebanyak 85 kali
mst.mission.2900017._detail,Selesaikan Live sebanyak 85 kali.
mst.mission.2900018._title,Selesaikan Live sebanyak 90 kali
mst.mission.2900018._detail,Selesaikan Live sebanyak 90 kali.
mst.mission.2900019._title,Selesaikan Live sebanyak 95 kali
mst.mission.2900019._detail,Selesaikan Live sebanyak 95 kali.
mst.mission.2900020._title,Selesaikan Live sebanyak 100 kali
mst.mission.2900020._detail,Selesaikan Live sebanyak 100 kali.
mst.mission.2900021._title,Selesaikan Live sebanyak 110 kali
mst.mission.2900021._detail,Selesaikan Live sebanyak 110 kali.
mst.mission.2900022._title,Selesaikan Live sebanyak 120 kali
mst.mission.2900022._detail,Selesaikan Live sebanyak 120 kali.
mst.mission.2900023._title,Selesaikan Live sebanyak 130 kali
mst.mission.2900023._detail,Selesaikan Live sebanyak 130 kali.
mst.mission.2900024._title,Selesaikan Live sebanyak 140 kali
mst.mission.2900024._detail,Selesaikan Live sebanyak 140 kali.
mst.mission.2900025._title,Selesaikan Live sebanyak 150 kali
mst.mission.2900025._detail,Selesaikan Live sebanyak 150 kali.
mst.mission.2900026._title,Selesaikan Live sebanyak 160 kali
mst.mission.2900026._detail,Selesaikan Live sebanyak 160 kali.
mst.mission.2900027._title,Selesaikan Live sebanyak 170 kali
mst.mission.2900027._detail,Selesaikan Live sebanyak 170 kali.
mst.mission.2900028._title,Selesaikan Live sebanyak 180 kali
mst.mission.2900028._detail,Selesaikan Live sebanyak 180 kali.
mst.mission.2900029._title,Selesaikan Live sebanyak 190 kali
mst.mission.2900029._detail,Selesaikan Live sebanyak 190 kali.
mst.mission.2900030._title,Selesaikan Live sebanyak 200 kali
mst.mission.2900030._detail,Selesaikan Live sebanyak 200 kali.
mst.mission.2900031._title,Selesaikan Live sebanyak 210 kali
mst.mission.2900031._detail,Selesaikan Live sebanyak 210 kali.
mst.mission.2900032._title,Selesaikan Live sebanyak 220 kali
mst.mission.2900032._detail,Selesaikan Live sebanyak 220 kali.
mst.mission.2900033._title,Selesaikan Live sebanyak 230 kali
mst.mission.2900033._detail,Selesaikan Live sebanyak 230 kali.
mst.mission.2900034._title,Live sebanyak 240 kali
mst.mission.2900034._detail,Selesaikan Live sebanyak 240 kali.
mst.mission.2900035._title,Selesaikan Live sebanyak 250 kali
mst.mission.2900035._detail,Selesaikan Live sebanyak 250 kali.
mst.mission.2900036._title,Selesaikan Live sebanyak 260 kali
mst.mission.2900036._detail,Selesaikan Live sebanyak 260 kali.
mst.mission.2900037._title,Selesaikan Live sebanyak 270 kali
mst.mission.2900037._detail,Selesaikan Live sebanyak 270 kali.
mst.mission.2900038._title,Selesaikan Live sebanyak 280 kali
mst.mission.2900038._detail,Selesaikan Live sebanyak 280 kali.
mst.mission.2900039._title,Selesaikan Live sebanyak 290 kali
mst.mission.2900039._detail,Selesaikan Live sebanyak 290 kali.
mst.mission.2900040._title,Selesaikan Live sebanyak 300 kali
mst.mission.2900040._detail,Selesaikan Live sebanyak 300 kali.
mst.mission.2900041._title,Lakukan 5 Full Combo di Live dengan kesulitan NORMAL atau lebih tinggi
mst.mission.2900041._detail,Selesaikan 5 Live dengan Full Combo di kesulitan NORMAL atau lebih tinggi.
mst.mission.2900042._title,Lakukan 10 Full Combo Live di kesulitan NORMAL atau lebih tinggi
mst.mission.2900042._detail,Lakukan 10 Full Combo Live di kesulitan NORMAL atau lebih tinggi.
mst.mission.2900043._title,Lakukan 15 Full Combo Live di kesulitan NORMAL atau lebih tinggi
mst.mission.2900043._detail,Lakukan 15 Full Combo di Live dengan kesulitan NORMAL atau lebih tinggi.
mst.mission.2900044._title,Lakukan 20 Full Combo Live di kesulitan NORMAL atau lebih tinggi
mst.mission.2900044._detail,Lakukan 20 Full Combo di Live dengan kesulitan NORMAL atau lebih tinggi
mst.mission.2900045._title,Lakukan 25 Full Combo Live di kesulitan NORMAL atau lebih tinggi
mst.mission.2900045._detail,Selesaikan 25 Live dengan Full Combo di kesulitan NORMAL atau lebih tinggi.
mst.mission.2900046._title,Lakukan 30 Full Combo Live di kesulitan NORMAL atau lebih tinggi
mst.mission.2900046._detail,Selesaikan 30 Live dengan Full Combo di kesulitan NORMAL atau lebih tinggi.
mst.mission.2900047._title,Selesaikan lagu Love Live! sebanyak 10 kali.
mst.mission.2900047._detail,Selesaikan lagu Love Live! sebanyak 10 kali.
mst.mission.2900048._title,Selesaikan lagu Love Live! sebanyak 20 kali
mst.mission.2900048._detail,Selesaikan lagu Love Live! sebanyak 20 kali.
mst.mission.2900049._title,Selesaikan lagu Love Live! sebanyak 30 kali
mst.mission.2900049._detail,Selesaikan lagu Love Live! sebanyak 30 kali.
mst.mission.2900050._title,Selesaikan lagu Love Live! sebanyak 40 kali
mst.mission.2900050._detail,Selesaikan lagu Love Live! sebanyak 40 kali.
mst.mission.2900051._title,Selesaikan lagu Love Live! sebanyak 50 kali
mst.mission.2900051._detail,Selesaikan lagu Love Live! sebanyak 50 kali.
mst.mission.2900052._title,Selesaikan lagu Love Live! Sunshine!! sebanyak 10 kali
mst.mission.2900052._detail,Selesaikan lagu Love Live! Sunshine!! sebanyak 10 kali.
mst.mission.2900053._title,Selesaikan lagu Love Live! Sunshine!! sebanyak 20 kali
mst.mission.2900053._detail,Selesaikan lagu Love Live! Sunshine!! sebanyak 20 kali.
mst.mission.2900054._title,Selesaikan lagu Love Live! Sunshine!! sebanyak 30 kali
mst.mission.2900054._detail,Selesaikan lagu Love Live! Sunshine!! sebanyak 30 kali.
mst.mission.2900055._title,Selesaikan lagu Love Live! Sunshine!! sebanyak 40 kali
mst.mission.2900055._detail,Selesaikan lagu Love Live! Sunshine!! sebanyak 40 kali.
mst.mission.2900056._title,Selesaikan lagu Love Live! Sunshine!! sebanyak 50 kali
mst.mission.2900056._detail,Selesaikan lagu Love Live! Sunshine!! sebanyak 50 kali.
mst.mission.2900057._title,Selesaikan lagu Love Live! Nijigasaki School Idol Club sebanyak 10 kali.
mst.mission.2900057._detail,Selesaikan lagu Love Live! Nijigasaki School Idol Club sebanyak 10 kali.
mst.mission.2900058._title,Selesaikan lagu Love Live! Nijigasaki School Idol Club sebanyak 20 kali.
mst.mission.2900058._detail,Selesaikan lagu Love Live! Nijigasaki School Idol Club sebanyak 20 kali.
mst.mission.2900059._title,Selesaikan lagu Love Live! Nijigasaki School Idol Club sebanyak 30 kali.
mst.mission.2900059._detail,Selesaikan lagu Love Live! Nijigasaki School Idol Club sebanyak 30 kali.
mst.mission.2900060._title,Selesaikan lagu Love Live! Nijigasaki School Idol Club sebanyak 40 kali.
mst.mission.2900060._detail,Selesaikan lagu Love Live! Nijigasaki School Idol Club sebanyak 40 kali.
mst.mission.2900061._title,Selesaikan lagu Love Live! Nijigasaki School Idol Club sebanyak 50 kali.
mst.mission.2900061._detail,Selesaikan lagu Love Live! Nijigasaki School Idol Club sebanyak 50 kali.
mst.mission.2900062._title,Selesaikan lagu Love Live! Superstar!! sebanyak 10 kali.
mst.mission.2900062._detail,Selesaikan lagu Love Live! Superstar!! sebanyak 10 kali.
mst.mission.2900063._title,Selesaikan lagu Love Live! Superstar!! sebanyak 20 kali.
mst.mission.2900063._detail,Selesaikan lagu Love Live! Superstar!! sebanyak 20 kali.
mst.mission.2900064._title,Selesaikan lagu Love Live! Superstar!! sebanyak 30 kali.
mst.mission.2900064._detail,Selesaikan lagu Love Live! Superstar!! sebanyak 30 kali.
mst.mission.2900065._title,Selesaikan lagu Love Live! Superstar!! sebanyak 40 kali.
mst.mission.2900065._detail,Selesaikan lagu Love Live! Superstar!! sebanyak 40 kali.
mst.mission.2900066._title,Selesaikan lagu Love Live! Superstar!! sebanyak 50 kali.
mst.mission.2900066._detail,Selesaikan lagu Love Live! Superstar!! sebanyak 50 kali.
mst.mission.2900067._title,Selesaikan misi Love Live! Lotus Girls School Idol Club sebanyak 10 kali.
mst.mission.2900067._detail,Selesaikan lagu Love Live! Lotus Girls School Idol Club sebanyak 10 kali.
mst.mission.3000068._title,Login sekarang
mst.mission.3000068._detail,Login sekarang
mst.mission.3000069._title,Selesaikan Live sebanyak 5 kali
mst.mission.3000069._detail,Selesaikan Live sebanyak 5 kali.
mst.mission.3000070._title,Login sekarang
mst.mission.3000070._detail,Login sekarang
mst.mission.3000071._title,Selesaikan Live
mst.mission.3000071._detail,Selesaikan Live.
mst.mission.3000072._title,Live dua kali
mst.mission.3000072._detail,Selesaikan Live sebanyak 2 kali.
mst.mission.3000073._title,Selesaikan Live sebanyak 3 kali
mst.mission.3000073._detail,Selesaikan Live sebanyak 3 kali.
mst.mission.3200074._title,Login sekarang
mst.mission.3200074._detail,Login sekarang
mst.mission.3200075._title,Raih skor 50.000 di lagu 『Dancing stars on me!』 dengan kesulitan NORMAL atau lebih tinggi.
mst.mission.3200075._detail,Capai skor 50000 di lagu 『Dancing stars on me!』 dengan kesulitan NORMAL atau lebih tinggi.
mst.mission.3200076._title,Raih skor 50.000 di lagu 『Aqours Pirates Desire』 dengan kesulitan NORMAL atau lebih tinggi.
mst.mission.3200076._detail,Capai skor 50000 di lagu 『Aqours Pirates Desire』 dengan kesulitan NORMAL atau lebih tinggi.
mst.mission.3200077._title,Capai skor 50.000 di lagu 『Maze Town』 dengan kesulitan NORMAL atau lebih tinggi.
mst.mission.3200077._detail,Capai skor 50000 di lagu 『Maze Town』 dengan kesulitan NORMAL atau lebih tinggi.
mst.mission.3200078._title,Capai skor 50000 di lagu 『ユートピアマジック』 dengan kesulitan NORMAL atau lebih tinggi.
mst.mission.3200078._detail,Capai skor 50000 di lagu 『ユートピアマジック』 dengan kesulitan NORMAL atau lebih tinggi.
mst.mission.3300079._title,Selesaikan Live sebanyak 5 kali
mst.mission.3300079._detail,Selesaikan Live sebanyak 5 kali.
mst.mission.3300080._title,Live sebanyak 10 kali
mst.mission.3300080._detail,Selesaikan Live sebanyak 10 kali.
mst.mission.3300081._title,Selesaikan Live sebanyak 15 kali
mst.mission.3300081._detail,Selesaikan Live sebanyak 15 kali.
mst.mission.3300082._title,Live sebanyak 20 kali
mst.mission.3300082._detail,Selesaikan Live sebanyak 20 kali.
mst.mission.3300083._title,Selesaikan Live sebanyak 25 kali
mst.mission.3300083._detail,Selesaikan Live sebanyak 25 kali.
mst.mission.3300084._title,Selesaikan Live sebanyak 30 kali
mst.mission.3300084._detail,Selesaikan Live sebanyak 30 kali.
mst.mission.3300085._title,Mainkan lagu yang dipilih di Pemilihan Acak.
mst.mission.3300085._detail,Mainkan lagu yang dipilih dengan Pemilihan Acak.
mst.mission.3300086._title,Mainkan lagu yang dipilih di Pemilihan Acak sebanyak 2 kali.
mst.mission.3300086._detail,Mainkan lagu yang dipilih di Pemilihan Acak sebanyak 2 kali.
mst.mission.3300087._title,Mainkan lagu yang dipilih di Pemilihan Acak sebanyak 3 kali.
mst.mission.3300087._detail,Mainkan lagu yang dipilih di Pemilihan Acak sebanyak 3 kali.
mst.mission.2800088._title,Login sekarang
mst.mission.2800088._detail,Login sekarang
mst.mission.2800089._title,Selesaikan Live sebanyak 3 kali
mst.mission.2800089._detail,Selesaikan Live sebanyak 3 kali.
mst.mission.2900090._title,Live sebanyak 10 kali
mst.mission.2900090._detail,Selesaikan Live sebanyak 10 kali.
mst.mission.3000091._title,Login sekarang
mst.mission.3000091._detail,Login sekarang
mst.mission.3000092._title,Selesaikan Live
mst.mission.3000092._detail,Selesaikan Live.
mst.mission.3000093._title,Selesaikan Live sebanyak 3 kali
mst.mission.3000093._detail,Selesaikan Live sebanyak 3 kali.
mst.mission.3100094._title,Selesaikan lagu Love Live! sebanyak 10 kali.
mst.mission.3100094._detail,Selesaikan lagu Love Live! sebanyak 10 kali.
mst.mission.3100095._title,Selesaikan lagu Love Live! Sunshine!! sebanyak 10 kali
mst.mission.3100095._detail,Selesaikan lagu Love Live! Sunshine!! sebanyak 10 kali.
mst.mission.3100096._title,Selesaikan lagu Love Live! Nijigasaki School Idol Club sebanyak 10 kali.
mst.mission.3100096._detail,Selesaikan lagu Love Live! Nijigasaki School Idol Club sebanyak 10 kali.
mst.mission.3100097._title,Selesaikan lagu Love Live! Superstar!! sebanyak 10 kali.
mst.mission.3100097._detail,Selesaikan lagu Love Live! Superstar!! sebanyak 10 kali.
mst.mission.3100098._title,Selesaikan lagu Love Live! sebanyak 20 kali
mst.mission.3100098._detail,Selesaikan lagu Love Live! sebanyak 20 kali.
mst.mission.3100099._title,Selesaikan lagu Love Live! Sunshine!! sebanyak 20 kali
mst.mission.3100099._detail,Selesaikan lagu Love Live! Sunshine!! sebanyak 20 kali.
mst.mission.3100100._title,Selesaikan lagu Love Live! Nijigasaki School Idol Club sebanyak 20 kali.
mst.mission.3100100._detail,Selesaikan lagu Love Live! Nijigasaki School Idol Club sebanyak 20 kali.
mst.mission.3100101._title,Selesaikan lagu Love Live! Superstar!! sebanyak 20 kali.
mst.mission.3100101._detail,Selesaikan lagu Love Live! Superstar!! sebanyak 20 kali.
mst.mission.3100102._title,Selesaikan lagu Love Live! sebanyak 30 kali
mst.mission.3100102._detail,Selesaikan lagu Love Live! sebanyak 30 kali.
mst.mission.3100103._title,Selesaikan lagu Love Live! Sunshine!! sebanyak 30 kali
mst.mission.3100103._detail,Selesaikan lagu Love Live! Sunshine!! sebanyak 30 kali.
mst.mission.3100104._title,Selesaikan lagu Love Live! Nijigasaki School Idol Club sebanyak 30 kali.
mst.mission.3100104._detail,Selesaikan lagu Love Live! Nijigasaki School Idol Club sebanyak 30 kali.
mst.mission.3100105._title,Selesaikan lagu Love Live! Superstar!! sebanyak 30 kali.
mst.mission.3100105._detail,Selesaikan lagu Love Live! Superstar!! sebanyak 30 kali.
mst.mission.3200106._title,Login sekarang
mst.mission.3200106._detail,Login sekarang
mst.mission.3200107._title,Capai skor 50000 di lagu 『秋のあなたの空遠く』 dengan kesulitan NORMAL atau lebih tinggi
mst.mission.3200107._detail,"Capai skor 50.000 di lagu ""Aki no Anata no Sora Tooku"" dengan kesulitan NORMAL atau lebih tinggi."
mst.mission.3200108._title,Raih skor 50.000 di lagu 『Aqours Pirates Desire』 dengan kesulitan NORMAL atau lebih tinggi.
mst.mission.3200108._detail,Capai skor 50000 di lagu 『Aqours Pirates Desire』 dengan kesulitan NORMAL atau lebih tinggi.
mst.mission.3200109._title,Capai skor 50000 di lagu 『Beautiful Moonlight』 dengan kesulitan NORMAL atau lebih tinggi
mst.mission.3200109._detail,Capai skor 50000 di lagu 『Beautiful Moonlight』 dengan kesulitan NORMAL atau lebih tinggi.
mst.mission.3200110._title,"Capai skor 50000 di lagu 『Chance Day, Chance Way!』 dengan kesulitan NORMAL atau lebih tinggi."
mst.mission.3200110._detail,"Capai skor 50000 di lagu 『Chance Day, Chance Way!』 dengan kesulitan NORMAL atau lebih tinggi."
mst.mission.3300111._title,Selesaikan Live sebanyak 5 kali
mst.mission.3300111._detail,Selesaikan Live sebanyak 5 kali.
mst.mission.3300112._title,Live sebanyak 10 kali
mst.mission.3300112._detail,Selesaikan Live sebanyak 10 kali.
mst.mission.3300113._title,Selesaikan Live sebanyak 15 kali
mst.mission.3300113._detail,Selesaikan Live sebanyak 15 kali.
mst.mission.3300114._title,Live sebanyak 20 kali
mst.mission.3300114._detail,Selesaikan Live sebanyak 20 kali.
mst.mission.3300115._title,Selesaikan Live sebanyak 25 kali
mst.mission.3300115._detail,Selesaikan Live sebanyak 25 kali.
mst.mission.3300116._title,Selesaikan Live sebanyak 30 kali
mst.mission.3300116._detail,Selesaikan Live sebanyak 30 kali.
mst.mission.2800117._title,Login sekarang
mst.mission.2800117._detail,Login sekarang
mst.mission.2800118._title,Selesaikan Live sebanyak 3 kali
mst.mission.2800118._detail,Selesaikan Live sebanyak 3 kali.
mst.mission.2900119._title,Live sebanyak 10 kali
mst.mission.2900119._detail,Selesaikan Live sebanyak 10 kali.
mst.mission.3000120._title,Login sekarang
mst.mission.3000120._detail,Login sekarang
mst.mission.3000121._title,Selesaikan Live sebanyak 3 kali
mst.mission.3000121._detail,Selesaikan Live sebanyak 3 kali.
mst.mission.3100122._title,Live sebanyak 10 kali
mst.mission.3100122._detail,Selesaikan Live sebanyak 10 kali.
mst.mission.3300123._title,Selesaikan Live
mst.mission.3300123._detail,Selesaikan Live.
mst.mission.3300124._title,Live dua kali
mst.mission.3300124._detail,Selesaikan Live sebanyak 2 kali.
mst.mission.3300125._title,Selesaikan Live sebanyak 3 kali
mst.mission.3300125._detail,Selesaikan Live sebanyak 3 kali.
mst.mission.3300126._title,Selesaikan Live sebanyak 4 kali
mst.mission.3300126._detail,Selesaikan Live sebanyak 4 kali.
mst.mission.3300127._title,Selesaikan Live sebanyak 5 kali
mst.mission.3300127._detail,Selesaikan Live sebanyak 5 kali.
mst.mission.3300128._title,Selesaikan Live sebanyak 6 kali
mst.mission.3300128._detail,Selesaikan Live sebanyak 6 kali.
mst.mission.3300129._title,Selesaikan Live sebanyak 8 kali
mst.mission.3300129._detail,Selesaikan Live sebanyak 8 kali.
mst.mission.3300130._title,Live sebanyak 10 kali
mst.mission.3300130._detail,Selesaikan Live sebanyak 10 kali.
mst.mission.3300131._title,Selesaikan Live sebanyak 12 kali
mst.mission.3300131._detail,Selesaikan Live sebanyak 12 kali.
mst.mission.3300132._title,Selesaikan Live sebanyak 15 kali
mst.mission.3300132._detail,Selesaikan Live sebanyak 15 kali.
mst.mission.3300133._title,Selesaikan Live sebanyak 18 kali
mst.mission.3300133._detail,Selesaikan Live sebanyak 18 kali.
mst.mission.3300134._title,Selesaikan Live sebanyak 21 kali
mst.mission.3300134._detail,Selesaikan Live sebanyak 21 kali.
mst.mission.3300135._title,Live sebanyak 24 kali
mst.mission.3300135._detail,Selesaikan Live sebanyak 24 kali.
mst.mission.3300136._title,Selesaikan Live sebanyak 27 kali
mst.mission.3300136._detail,Selesaikan Live sebanyak 27 kali.
mst.mission.3300137._title,Selesaikan Live sebanyak 30 kali
mst.mission.3300137._detail,Selesaikan Live sebanyak 30 kali.
mst.mission.3300138._title,Live sebanyak 33 kali
mst.mission.3300138._detail,Selesaikan Live sebanyak 33 kali.
mst.mission.3300139._title,Selesaikan Live sebanyak 36 kali
mst.mission.3300139._detail,Selesaikan Live sebanyak 36 kali.
mst.mission.3300140._title,Selesaikan Live sebanyak 40 kali
mst.mission.3300140._detail,Live sebanyak 40 kali.
mst.mission.3300141._title,Selesaikan Live sebanyak 45 kali
mst.mission.3300141._detail,Selesaikan Live sebanyak 45 kali.
mst.mission.3300142._title,Live sebanyak 50 kali
mst.mission.3300142._detail,Selesaikan Live sebanyak 50 kali.
mst.mission.3300143._title,Selesaikan Live sebanyak 55 kali
mst.mission.3300143._detail,Selesaikan Live sebanyak 55 kali.
mst.mission.3300144._title,Selesaikan Live sebanyak 60 kali
mst.mission.3300144._detail,Selesaikan Live sebanyak 60 kali.
mst.mission.3300145._title,Selesaikan Live sebanyak 65 kali
mst.mission.3300145._detail,Selesaikan Live sebanyak 65 kali.
mst.mission.3300146._title,Selesaikan Live sebanyak 70 kali
mst.mission.3300146._detail,Selesaikan Live sebanyak 70 kali.
mst.mission.3300147._title,Selesaikan Live sebanyak 75 kali
mst.mission.3300147._detail,Selesaikan Live sebanyak 75 kali.
mst.mission.3300148._title,Selesaikan Live sebanyak 80 kali
mst.mission.3300148._detail,Selesaikan Live sebanyak 80 kali.
mst.mission.3300149._title,Selesaikan Live sebanyak 85 kali
mst.mission.3300149._detail,Selesaikan Live sebanyak 85 kali.
mst.mission.3300150._title,Selesaikan Live sebanyak 90 kali
mst.mission.3300150._detail,Selesaikan Live sebanyak 90 kali.
mst.mission.3300151._title,Selesaikan Live sebanyak 95 kali
mst.mission.3300151._detail,Selesaikan Live sebanyak 95 kali.
mst.mission.3300152._title,Selesaikan Live sebanyak 100 kali
mst.mission.3300152._detail,Selesaikan Live sebanyak 100 kali.
mst.mission.3300153._title,Selesaikan Live sebanyak 105 kali
mst.mission.3300153._detail,Selesaikan Live sebanyak 105 kali.
mst.mission.3300154._title,Selesaikan Live sebanyak 110 kali
mst.mission.3300154._detail,Selesaikan Live sebanyak 110 kali.
mst.mission.3300155._title,Selesaikan Live sebanyak 115 kali
mst.mission.3300155._detail,Selesaikan Live sebanyak 115 kali.
mst.mission.3300156._title,Selesaikan Live sebanyak 120 kali
mst.mission.3300156._detail,Selesaikan Live sebanyak 120 kali.
mst.mission.3300157._title,Selesaikan Live sebanyak 125 kali
mst.mission.3300157._detail,Selesaikan Live sebanyak 125 kali.
mst.mission.3300158._title,Selesaikan Live sebanyak 130 kali
mst.mission.3300158._detail,Selesaikan Live sebanyak 130 kali.
mst.mission.3300159._title,Selesaikan Live sebanyak 135 kali
mst.mission.3300159._detail,Selesaikan Live sebanyak 135 kali.
mst.mission.3300160._title,Selesaikan Live sebanyak 140 kali
mst.mission.3300160._detail,Selesaikan Live sebanyak 140 kali.
mst.mission.3300161._title,Live sebanyak 145 kali
mst.mission.3300161._detail,Selesaikan Live sebanyak 145 kali.
mst.mission.3300162._title,Selesaikan Live sebanyak 150 kali
mst.mission.3300162._detail,Selesaikan Live sebanyak 150 kali.
mst.mission.3300163._title,Lakukan Full Combo Live di kesulitan NORMAL atau lebih tinggi
mst.mission.3300163._detail,Capai Full Combo di Live dengan kesulitan NORMAL atau lebih tinggi.
mst.mission.3300164._title,Lakukan 3 Full Combo Live di kesulitan NORMAL atau lebih tinggi
mst.mission.3300164._detail,Lakukan 3 kali Full Combo di Live dengan kesulitan NORMAL atau lebih tinggi.
mst.mission.3300165._title,Lakukan 6 Full Combo Live di kesulitan NORMAL atau lebih tinggi
mst.mission.3300165._detail,Lakukan 6 Full Combo Live di kesulitan NORMAL atau lebih tinggi
mst.mission.3300166._title,Lakukan 9 Full Combo Live di kesulitan NORMAL atau lebih tinggi
mst.mission.3300166._detail,Lakukan 9 Full Combo Live di kesulitan NORMAL atau lebih tinggi
mst.mission.3300167._title,Lakukan 12 Full Combo Live di kesulitan NORMAL atau lebih tinggi
mst.mission.3300167._detail,Lakukan 12 Full Combo Live dengan kesulitan NORMAL atau lebih tinggi.
mst.mission.3300168._title,Lakukan 15 Full Combo Live di kesulitan NORMAL atau lebih tinggi
mst.mission.3300168._detail,Lakukan 15 Full Combo di Live dengan kesulitan NORMAL atau lebih tinggi.
mst.mission.3300169._title,Selesaikan lagu Love Live! sebanyak 5 kali
mst.mission.3300169._detail,Selesaikan lagu Love Live! sebanyak 5 kali.
mst.mission.3300170._title,Selesaikan lagu Love Live! sebanyak 10 kali.
mst.mission.3300170._detail,Selesaikan lagu Love Live! sebanyak 10 kali.
mst.mission.3300171._title,Selesaikan lagu Love Live! sebanyak 15 kali
mst.mission.3300171._detail,Selesaikan lagu Love Live! sebanyak 15 kali.
mst.mission.3300172._title,Selesaikan lagu Love Live! sebanyak 20 kali
mst.mission.3300172._detail,Selesaikan lagu Love Live! sebanyak 20 kali.
mst.mission.3300173._title,Selesaikan lagu Love Live! sebanyak 30 kali
mst.mission.3300173._detail,Selesaikan lagu Love Live! sebanyak 30 kali.
mst.mission.3300174._title,Selesaikan lagu Love Live! Sunshine!! sebanyak 5 kali.
mst.mission.3300174._detail,Selesaikan lagu Love Live! Sunshine!! sebanyak 5 kali.
mst.mission.3300175._title,Selesaikan lagu Love Live! Sunshine!! sebanyak 10 kali
mst.mission.3300175._detail,Selesaikan lagu Love Live! Sunshine!! sebanyak 10 kali.
mst.mission.3300176._title,Selesaikan lagu Love Live! Sunshine!! sebanyak 15 kali
mst.mission.3300176._detail,Selesaikan lagu Love Live! Sunshine!! sebanyak 15 kali.
mst.mission.3300177._title,Selesaikan lagu Love Live! Sunshine!! sebanyak 20 kali
mst.mission.3300177._detail,Selesaikan lagu Love Live! Sunshine!! sebanyak 20 kali.
mst.mission.3300178._title,Selesaikan lagu Love Live! Sunshine!! sebanyak 30 kali
mst.mission.3300178._detail,Selesaikan lagu Love Live! Sunshine!! sebanyak 30 kali.
mst.mission.3300179._title,Selesaikan lagu Love Live! Nijigasaki School Idol Club sebanyak 5 kali.
mst.mission.3300179._detail,Selesaikan lagu Love Live! Nijigasaki School Idol Club sebanyak 5 kali.
mst.mission.3300180._title,Selesaikan lagu Love Live! Nijigasaki School Idol Club sebanyak 10 kali.
mst.mission.3300180._detail,Selesaikan lagu Love Live! Nijigasaki School Idol Club sebanyak 10 kali.
mst.mission.3300181._title,Selesaikan lagu Love Live! Nijigasaki School Idol Club sebanyak 15 kali.
mst.mission.3300181._detail,Selesaikan lagu Love Live! Nijigasaki School Idol Club sebanyak 15 kali.
mst.mission.3300182._title,Selesaikan lagu Love Live! Nijigasaki School Idol Club sebanyak 20 kali.
mst.mission.3300182._detail,Selesaikan lagu Love Live! Nijigasaki School Idol Club sebanyak 20 kali.
mst.mission.3300183._title,Selesaikan lagu Love Live! Nijigasaki School Idol Club sebanyak 30 kali.
mst.mission.3300183._detail,Selesaikan lagu Love Live! Nijigasaki School Idol Club sebanyak 30 kali.
mst.mission.3300184._title,Selesaikan lagu Love Live! Superstar!! sebanyak 5 kali.
mst.mission.3300184._detail,Selesaikan lagu Love Live! Superstar!! sebanyak 5 kali.
mst.mission.3300185._title,Selesaikan lagu Love Live! Superstar!! sebanyak 10 kali.
mst.mission.3300185._detail,Selesaikan lagu Love Live! Superstar!! sebanyak 10 kali.
mst.mission.3300186._title,Selesaikan lagu Love Live! Superstar!! sebanyak 15 kali
mst.mission.3300186._detail,Selesaikan lagu Love Live! Superstar!! sebanyak 15 kali.
mst.mission.3300187._title,Selesaikan lagu Love Live! Superstar!! sebanyak 20 kali.
mst.mission.3300187._detail,Selesaikan lagu Love Live! Superstar!! sebanyak 20 kali.
mst.mission.3300188._title,Selesaikan lagu Love Live! Superstar!! sebanyak 30 kali.
mst.mission.3300188._detail,Selesaikan lagu Love Live! Superstar!! sebanyak 30 kali.
mst.mission.3300189._title,Selesaikan lagu Love Live! Lotus Girls School Idol Club sebanyak 5 kali.
mst.mission.3300189._detail,Selesaikan lagu Love Live! Lotus Girls School Idol Club sebanyak 5 kali.
mst.mission.3300190._title,Selesaikan misi Love Live! Lotus Girls School Idol Club sebanyak 10 kali.
mst.mission.3300190._detail,Selesaikan lagu Love Live! Lotus Girls School Idol Club sebanyak 10 kali.
mst.mission.3300191._title,Selesaikan lagu Love Live! Luminous Girls School Idol Club sebanyak 15 kali.
mst.mission.3300191._detail,Selesaikan lagu Love Live! Luminous Girls School Idol Club sebanyak 15 kali.
mst.mission.3300192._title,Selesaikan lagu Love Live! Luminous Girls School Idol Club sebanyak 20 kali.
mst.mission.3300192._detail,Selesaikan lagu Love Live! Luminous Girls School Idol Club sebanyak 20 kali.
mst.mission.3300193._title,Selesaikan lagu Love Live! Luminous no Kage Academy School Idol Club sebanyak 30 kali.
mst.mission.3300193._detail,Selesaikan lagu Love Live! Luminous Girls School Idol Club sebanyak 30 kali.
mst.mission.3300194._title,Selesaikan lagu dari Yohane the Joestar!
mst.mission.3300194._detail,Selesaikan lagu dari <0>
mst.mission.3300195._title,Selesaikan lagu dari <0> sebanyak 2 kali.
mst.mission.3300195._detail,Selesaikan lagu Yohane the Parhelion -SUNSHINE in the MIRROR- sebanyak 2 kali.
mst.mission.3300196._title,Selesaikan lagu <0> sebanyak 3 kali.
mst.mission.3300196._detail,Selesaikan lagu dari <0> sebanyak 3 kali.
mst.mission.3300197._title,Selesaikan lagu dari <0> sebanyak 4 kali.
mst.mission.3300197._detail,Selesaikan lagu <0> sebanyak 4 kali.
mst.mission.3300198._title,Selesaikan lagu dari 幻日のヨハネ -SUNSHINE in the MIRROR- sebanyak 5 kali.
mst.mission.3300198._detail,Selesaikan lagu <0> sebanyak 5 kali.
mst.mission.3300199._title,Selesaikan lagu dari <0> sebanyak 6 kali.
mst.mission.3300199._detail,Selesaikan lagu <0> sebanyak 6 kali.
mst.mission.3300200._title,Selesaikan lagu dari 幻日のヨハネ -SUNSHINE in the MIRROR- sebanyak 7 kali.
mst.mission.3300200._detail,Selesaikan lagu dari 幻日のヨハネ -SUNSHINE in the MIRROR- sebanyak 7 kali.
mst.mission.3300201._title,Selesaikan lagu dari 幻日のヨハネ -SUNSHINE in the MIRROR- sebanyak 8 kali.
mst.mission.3300201._detail,Selesaikan lagu dari 幻日のヨハネ -SUNSHINE in the MIRROR- sebanyak 8 kali.
mst.mission.3300202._title,Selesaikan lagu dari 幻日のヨハネ -SUNSHINE in the MIRROR- sebanyak 9 kali.
mst.mission.3300202._detail,Selesaikan lagu dari 幻日のヨハネ -SUNSHINE in the MIRROR- sebanyak 9 kali.
mst.mission.3300203._title,Selesaikan lagu dari 幻日のヨハネ -SUNSHINE in the MIRROR- sebanyak 10 kali.
mst.mission.3300203._detail,Selesaikan lagu dari 幻日のヨハネ -SUNSHINE in the MIRROR- sebanyak 10 kali.
mst.mission.2800204._title,Login sekarang
mst.mission.2800204._detail,Login sekarang
mst.mission.2800205._title,Selesaikan Live
mst.mission.2800205._detail,Selesaikan Live.
mst.mission.2800206._title,Selesaikan Live sebanyak 3 kali
mst.mission.2800206._detail,Selesaikan Live sebanyak 3 kali.
mst.mission.2900207._title,Lakukan “Rekrut Gratis Hingga 240 Kali untuk Memperingati Tahun Baru”!
mst.mission.2900207._detail,Lakukan “Rekrut Gratis Hingga 240 Kali Spesial Tahun Baru”!
mst.mission.2900208._title,Selesaikan Live sebanyak 5 kali
mst.mission.2900208._detail,Selesaikan Live sebanyak 5 kali.
mst.mission.2900209._title,Live sebanyak 10 kali
mst.mission.2900209._detail,Selesaikan Live sebanyak 10 kali.
mst.mission.2900210._title,Selesaikan Live sebanyak 15 kali
mst.mission.2900210._detail,Selesaikan Live sebanyak 15 kali.
mst.mission.2900211._title,Live sebanyak 20 kali
mst.mission.2900211._detail,Selesaikan Live sebanyak 20 kali.
mst.mission.2900212._title,Selesaikan Live sebanyak 25 kali
mst.mission.2900212._detail,Selesaikan Live sebanyak 25 kali.
mst.mission.2900213._title,Selesaikan Live sebanyak 30 kali
mst.mission.2900213._detail,Selesaikan Live sebanyak 30 kali.
mst.mission.2900214._title,Mainkan lagu yang dipilih di Pemilihan Acak.
mst.mission.2900214._detail,Mainkan lagu yang dipilih dengan Pemilihan Acak.
mst.mission.2900215._title,Mainkan lagu yang dipilih di Pemilihan Acak sebanyak 2 kali.
mst.mission.2900215._detail,Mainkan lagu yang dipilih di Pemilihan Acak sebanyak 2 kali.
mst.mission.2900216._title,Mainkan lagu yang dipilih di Pemilihan Acak sebanyak 3 kali.
mst.mission.2900216._detail,Mainkan lagu yang dipilih di Pemilihan Acak sebanyak 3 kali.
mst.mission.2900217._title,Capai skor 50000 di lagu 『New Year's March！(1~6月Ver.)』 dengan kesulitan NORMAL atau lebih tinggi
mst.mission.2900217._detail,Capai skor 50000 di lagu 『New Year's March！(1~6月Ver.)』 dengan kesulitan NORMAL atau lebih tinggi.
mst.mission.2900218._title,Capai skor 50000 di lagu 『New Year's March！(7~12月Ver.)』 dengan kesulitan NORMAL atau lebih tinggi.
mst.mission.2900218._detail,Capai skor 50000 di lagu 『New Year's March！(7~12月Ver.)』 dengan kesulitan NORMAL atau lebih tinggi.
mst.mission.2900219._title,Capai skor 150.000 di lagu 『New Year's March！(1~6月Ver.)』 dengan kesulitan NORMAL atau lebih tinggi.
mst.mission.2900219._detail,Capai skor 150.000 di lagu 『New Year's March！(1~6月Ver.)』 dengan kesulitan NORMAL atau lebih tinggi.
mst.mission.2900220._title,Capai skor 150000 di lagu 『New Year's March！(7~12月Ver.)』 dengan kesulitan NORMAL atau lebih tinggi.
mst.mission.2900220._detail,Capai skor 150000 di lagu 『New Year's March！(7~12月Ver.)』 dengan kesulitan NORMAL atau lebih tinggi.
mst.mission.3100221._title,Selesaikan Live sebanyak 5 kali
mst.mission.3100221._detail,Selesaikan Live sebanyak 5 kali.
mst.mission.3100222._title,Live sebanyak 10 kali
mst.mission.3100222._detail,Selesaikan Live sebanyak 10 kali.
mst.mission.3100223._title,Selesaikan Live sebanyak 15 kali
mst.mission.3100223._detail,Selesaikan Live sebanyak 15 kali.
mst.mission.3100224._title,Live sebanyak 20 kali
mst.mission.3100224._detail,Selesaikan Live sebanyak 20 kali.
mst.mission.3100225._title,Selesaikan Live sebanyak 25 kali
mst.mission.3100225._detail,Selesaikan Live sebanyak 25 kali.
mst.mission.3100226._title,Selesaikan Live sebanyak 30 kali
mst.mission.3100226._detail,Selesaikan Live sebanyak 30 kali.
mst.mission.3100227._title,Selesaikan Live sebanyak 35 kali
mst.mission.3100227._detail,Selesaikan Live sebanyak 35 kali.
mst.mission.3100228._title,Selesaikan Live sebanyak 40 kali
mst.mission.3100228._detail,Live sebanyak 40 kali.
mst.mission.3100229._title,Selesaikan Live sebanyak 45 kali
mst.mission.3100229._detail,Selesaikan Live sebanyak 45 kali.
mst.mission.3100230._title,Live sebanyak 50 kali
mst.mission.3100230._detail,Selesaikan Live sebanyak 50 kali.
mst.mission.3100231._title,Selesaikan Live sebanyak 55 kali
mst.mission.3100231._detail,Selesaikan Live sebanyak 55 kali.
mst.mission.3100232._title,Selesaikan Live sebanyak 60 kali
mst.mission.3100232._detail,Selesaikan Live sebanyak 60 kali.
mst.mission.3100233._title,Selesaikan Live sebanyak 65 kali
mst.mission.3100233._detail,Selesaikan Live sebanyak 65 kali.
mst.mission.3100234._title,Selesaikan Live sebanyak 70 kali
mst.mission.3100234._detail,Selesaikan Live sebanyak 70 kali.
mst.mission.3100235._title,Selesaikan Live sebanyak 75 kali
mst.mission.3100235._detail,Selesaikan Live sebanyak 75 kali.
mst.mission.3100236._title,Selesaikan Live sebanyak 80 kali
mst.mission.3100236._detail,Selesaikan Live sebanyak 80 kali.
mst.mission.3100237._title,Selesaikan Live sebanyak 85 kali
mst.mission.3100237._detail,Selesaikan Live sebanyak 85 kali.
mst.mission.3100238._title,Selesaikan Live sebanyak 90 kali
mst.mission.3100238._detail,Selesaikan Live sebanyak 90 kali.
mst.mission.3100239._title,Selesaikan Live sebanyak 95 kali
mst.mission.3100239._detail,Selesaikan Live sebanyak 95 kali.
mst.mission.3100240._title,Selesaikan Live sebanyak 100 kali
mst.mission.3100240._detail,Selesaikan Live sebanyak 100 kali.
mst.mission.3100241._title,Selesaikan Live sebanyak 110 kali
mst.mission.3100241._detail,Selesaikan Live sebanyak 110 kali.
mst.mission.3100242._title,Selesaikan Live sebanyak 120 kali
mst.mission.3100242._detail,Selesaikan Live sebanyak 120 kali.
mst.mission.3100243._title,Selesaikan Live sebanyak 130 kali
mst.mission.3100243._detail,Selesaikan Live sebanyak 130 kali.
mst.mission.3100244._title,Selesaikan Live sebanyak 140 kali
mst.mission.3100244._detail,Selesaikan Live sebanyak 140 kali.
mst.mission.3100245._title,Selesaikan Live sebanyak 150 kali
mst.mission.3100245._detail,Selesaikan Live sebanyak 150 kali.
mst.mission.3100246._title,Selesaikan Live sebanyak 160 kali
mst.mission.3100246._detail,Selesaikan Live sebanyak 160 kali.
mst.mission.3100247._title,Selesaikan Live sebanyak 170 kali
mst.mission.3100247._detail,Selesaikan Live sebanyak 170 kali.
mst.mission.3100248._title,Selesaikan Live sebanyak 180 kali
mst.mission.3100248._detail,Selesaikan Live sebanyak 180 kali.
mst.mission.3100249._title,Selesaikan Live sebanyak 190 kali
mst.mission.3100249._detail,Selesaikan Live sebanyak 190 kali.
mst.mission.3100250._title,Selesaikan Live sebanyak 200 kali
mst.mission.3100250._detail,Selesaikan Live sebanyak 200 kali.
mst.mission.3100251._title,Selesaikan Live sebanyak 210 kali
mst.mission.3100251._detail,Selesaikan Live sebanyak 210 kali.
mst.mission.3100252._title,Selesaikan Live sebanyak 220 kali
mst.mission.3100252._detail,Selesaikan Live sebanyak 220 kali.
mst.mission.3100253._title,Selesaikan Live sebanyak 230 kali
mst.mission.3100253._detail,Selesaikan Live sebanyak 230 kali.
mst.mission.3100254._title,Live sebanyak 240 kali
mst.mission.3100254._detail,Selesaikan Live sebanyak 240 kali.
mst.mission.3100255._title,Selesaikan Live sebanyak 250 kali
mst.mission.3100255._detail,Selesaikan Live sebanyak 250 kali.
mst.mission.3100256._title,Selesaikan Live sebanyak 260 kali
mst.mission.3100256._detail,Selesaikan Live sebanyak 260 kali.
mst.mission.3100257._title,Selesaikan Live sebanyak 270 kali
mst.mission.3100257._detail,Selesaikan Live sebanyak 270 kali.
mst.mission.3100258._title,Selesaikan Live sebanyak 280 kali
mst.mission.3100258._detail,Selesaikan Live sebanyak 280 kali.
mst.mission.3100259._title,Selesaikan Live sebanyak 290 kali
mst.mission.3100259._detail,Selesaikan Live sebanyak 290 kali.
mst.mission.3100260._title,Selesaikan Live sebanyak 300 kali
mst.mission.3100260._detail,Selesaikan Live sebanyak 300 kali.
mst.mission.3100261._title,Lakukan 5 Full Combo di Live dengan kesulitan NORMAL atau lebih tinggi
mst.mission.3100261._detail,Selesaikan 5 Live dengan Full Combo di kesulitan NORMAL atau lebih tinggi.
mst.mission.3100262._title,Lakukan 10 Full Combo Live di kesulitan NORMAL atau lebih tinggi
mst.mission.3100262._detail,Lakukan 10 Full Combo Live di kesulitan NORMAL atau lebih tinggi.
mst.mission.3100263._title,Lakukan 15 Full Combo Live di kesulitan NORMAL atau lebih tinggi
mst.mission.3100263._detail,Lakukan 15 Full Combo di Live dengan kesulitan NORMAL atau lebih tinggi.
mst.mission.3100264._title,Lakukan 20 Full Combo Live di kesulitan NORMAL atau lebih tinggi
mst.mission.3100264._detail,Lakukan 20 Full Combo di Live dengan kesulitan NORMAL atau lebih tinggi
mst.mission.3100265._title,Lakukan 25 Full Combo Live di kesulitan NORMAL atau lebih tinggi
mst.mission.3100265._detail,Selesaikan 25 Live dengan Full Combo di kesulitan NORMAL atau lebih tinggi.
mst.mission.3100266._title,Lakukan 30 Full Combo Live di kesulitan NORMAL atau lebih tinggi
mst.mission.3100266._detail,Selesaikan 30 Live dengan Full Combo di kesulitan NORMAL atau lebih tinggi.
mst.mission.3100267._title,Selesaikan lagu Love Live! sebanyak 5 kali
mst.mission.3100267._detail,Selesaikan lagu Love Live! sebanyak 5 kali.
mst.mission.3100268._title,Selesaikan lagu Love Live! sebanyak 10 kali.
mst.mission.3100268._detail,Selesaikan lagu Love Live! sebanyak 10 kali.
mst.mission.3100269._title,Selesaikan lagu Love Live! sebanyak 20 kali
mst.mission.3100269._detail,Selesaikan lagu Love Live! sebanyak 20 kali.
mst.mission.3100270._title,Selesaikan lagu Love Live! sebanyak 30 kali
mst.mission.3100270._detail,Selesaikan lagu Love Live! sebanyak 30 kali.
mst.mission.3100271._title,Selesaikan lagu Love Live! sebanyak 40 kali
mst.mission.3100271._detail,Selesaikan lagu Love Live! sebanyak 40 kali.
mst.mission.3100272._title,Selesaikan lagu Love Live! sebanyak 50 kali
mst.mission.3100272._detail,Selesaikan lagu Love Live! sebanyak 50 kali.
mst.mission.3100273._title,Selesaikan lagu Love Live! sebanyak 60 kali
mst.mission.3100273._detail,Selesaikan lagu Love Live! sebanyak 60 kali.
mst.mission.3100274._title,Selesaikan lagu Love Live! Sunshine!! sebanyak 5 kali.
mst.mission.3100274._detail,Selesaikan lagu Love Live! Sunshine!! sebanyak 5 kali.
mst.mission.3100275._title,Selesaikan lagu Love Live! Sunshine!! sebanyak 10 kali
mst.mission.3100275._detail,Selesaikan lagu Love Live! Sunshine!! sebanyak 10 kali.
mst.mission.3100276._title,Selesaikan lagu Love Live! Sunshine!! sebanyak 20 kali
mst.mission.3100276._detail,Selesaikan lagu Love Live! Sunshine!! sebanyak 20 kali.
mst.mission.3100277._title,Selesaikan lagu Love Live! Sunshine!! sebanyak 30 kali
mst.mission.3100277._detail,Selesaikan lagu Love Live! Sunshine!! sebanyak 30 kali.
mst.mission.3100278._title,Selesaikan lagu Love Live! Sunshine!! sebanyak 40 kali
mst.mission.3100278._detail,Selesaikan lagu Love Live! Sunshine!! sebanyak 40 kali.
mst.mission.3100279._title,Selesaikan lagu Love Live! Sunshine!! sebanyak 50 kali
mst.mission.3100279._detail,Selesaikan lagu Love Live! Sunshine!! sebanyak 50 kali.
mst.mission.3100280._title,Selesaikan lagu Love Live! Sunshine!! sebanyak 60 kali.
mst.mission.3100280._detail,Selesaikan lagu Love Live! Sunshine!! sebanyak 60 kali.
mst.mission.3100281._title,Selesaikan lagu Love Live! Nijigasaki School Idol Club sebanyak 5 kali.
mst.mission.3100281._detail,Selesaikan lagu Love Live! Nijigasaki School Idol Club sebanyak 5 kali.
mst.mission.3100282._title,Selesaikan lagu Love Live! Nijigasaki School Idol Club sebanyak 10 kali.
mst.mission.3100282._detail,Selesaikan lagu Love Live! Nijigasaki School Idol Club sebanyak 10 kali.
mst.mission.3100283._title,Selesaikan lagu Love Live! Nijigasaki School Idol Club sebanyak 20 kali.
mst.mission.3100283._detail,Selesaikan lagu Love Live! Nijigasaki School Idol Club sebanyak 20 kali.
mst.mission.3100284._title,Selesaikan lagu Love Live! Nijigasaki School Idol Club sebanyak 30 kali.
mst.mission.3100284._detail,Selesaikan lagu Love Live! Nijigasaki School Idol Club sebanyak 30 kali.
mst.mission.3100285._title,Selesaikan lagu Love Live! Nijigasaki School Idol Club sebanyak 40 kali.
mst.mission.3100285._detail,Selesaikan lagu Love Live! Nijigasaki School Idol Club sebanyak 40 kali.
mst.mission.3100286._title,Selesaikan lagu Love Live! Nijigasaki School Idol Club sebanyak 50 kali.
mst.mission.3100286._detail,Selesaikan lagu Love Live! Nijigasaki School Idol Club sebanyak 50 kali.
mst.mission.3100287._title,Selesaikan lagu Love Live! Nijigasaki School Idol Club sebanyak 60 kali.
mst.mission.3100287._detail,Selesaikan lagu Love Live! Nijigasaki School Idol Club sebanyak 60 kali.
mst.mission.3100288._title,Selesaikan lagu Love Live! Superstar!! sebanyak 5 kali.
mst.mission.3100288._detail,Selesaikan lagu Love Live! Superstar!! sebanyak 5 kali.
mst.mission.3100289._title,Selesaikan lagu Love Live! Superstar!! sebanyak 10 kali.
mst.mission.3100289._detail,Selesaikan lagu Love Live! Superstar!! sebanyak 10 kali.
mst.mission.3100290._title,Selesaikan lagu Love Live! Superstar!! sebanyak 20 kali.
mst.mission.3100290._detail,Selesaikan lagu Love Live! Superstar!! sebanyak 20 kali.
mst.mission.3100291._title,Selesaikan lagu Love Live! Superstar!! sebanyak 30 kali.
mst.mission.3100291._detail,Selesaikan lagu Love Live! Superstar!! sebanyak 30 kali.
mst.mission.3100292._title,Selesaikan lagu Love Live! Superstar!! sebanyak 40 kali.
mst.mission.3100292._detail,Selesaikan lagu Love Live! Superstar!! sebanyak 40 kali.
mst.mission.3100293._title,Selesaikan lagu Love Live! Superstar!! sebanyak 50 kali.
mst.mission.3100293._detail,Selesaikan lagu Love Live! Superstar!! sebanyak 50 kali.
mst.mission.3100294._title,Selesaikan lagu Love Live! Superstar!! sebanyak 60 kali.
mst.mission.3100294._detail,Selesaikan lagu Love Live! Superstar!! sebanyak 60 kali.
mst.mission.3100295._title,Selesaikan lagu Love Live! Lotus Girls School Idol Club sebanyak 5 kali.
mst.mission.3100295._detail,Selesaikan lagu Love Live! Lotus Girls School Idol Club sebanyak 5 kali.
mst.mission.3100296._title,Selesaikan misi Love Live! Lotus Girls School Idol Club sebanyak 10 kali.
mst.mission.3100296._detail,Selesaikan lagu Love Live! Lotus Girls School Idol Club sebanyak 10 kali.
mst.mission.3100297._title,Selesaikan lagu Love Live! Luminous Girls School Idol Club sebanyak 20 kali.
mst.mission.3100297._detail,Selesaikan lagu Love Live! Luminous Girls School Idol Club sebanyak 20 kali.
mst.mission.3100298._title,Selesaikan lagu Love Live! Luminous no Kage Academy School Idol Club sebanyak 30 kali.
mst.mission.3100298._detail,Selesaikan lagu Love Live! Luminous Girls School Idol Club sebanyak 30 kali.
mst.mission.3100299._title,Selesaikan lagu Love Live! Luminous Girls School Idol Club sebanyak 40 kali.
mst.mission.3100299._detail,Selesaikan lagu Love Live! Luminous Girls School Idol Club sebanyak 40 kali.
mst.mission.3100300._title,Selesaikan lagu Love Live! Luminous Girls School Idol Club sebanyak 50 kali.
mst.mission.3100300._detail,Selesaikan lagu Love Live! Luminous Girls School Idol Club sebanyak 50 kali.
mst.mission.3100301._title,Selesaikan lagu Love Live! Luminous Girls School Idol Club sebanyak 60 kali.
mst.mission.3100301._detail,Selesaikan lagu Love Live! Luminous Girls School Idol Club sebanyak 60 kali.
mst.mission.3100302._title,Selesaikan lagu dari 幻日のヨハネ -SUNSHINE in the MIRROR- sebanyak 5 kali.
mst.mission.3100302._detail,Selesaikan lagu <0> sebanyak 5 kali.
mst.mission.3100303._title,Selesaikan lagu dari 幻日のヨハネ -SUNSHINE in the MIRROR- sebanyak 10 kali.
mst.mission.3100303._detail,Selesaikan lagu dari 幻日のヨハネ -SUNSHINE in the MIRROR- sebanyak 10 kali.
mst.mission.3100304._title,Selesaikan lagu dari 幻日のヨハネ -SUNSHINE in the MIRROR- sebanyak 15 kali.
mst.mission.3100304._detail,Selesaikan lagu 幻日のヨハネ -SUNSHINE in the MIRROR- sebanyak 15 kali.
mst.mission.3100305._title,Selesaikan lagu dari 幻日のヨハネ -SUNSHINE in the MIRROR- sebanyak 20 kali.
mst.mission.3100305._detail,"Selesaikan lagu dari ""Genjitsu no Yohane -SUNSHINE in the MIRROR-"" sebanyak 20 kali."
mst.mission.3100306._title,"Selesaikan lagu ""幻日のヨハネ -SUNSHINE in the MIRROR-"" sebanyak 25 kali."
mst.mission.3100306._detail,Selesaikan lagu dari <0> sebanyak 25 kali.
mst.mission.3300307._title,Capai skor 50000 di lagu 『もぎゅっと“love”で接近中！』 dengan kesulitan NORMAL atau lebih tinggi.
mst.mission.3300307._detail,Capai skor 50.000 pada lagu 『もぎゅっと“love”で接近中！』 dengan kesulitan NORMAL atau lebih tinggi.
mst.mission.3300308._title,"Capai skor 50000 di lagu ""baby maybe 恋のボタン"" dengan kesulitan NORMAL atau lebih tinggi."
mst.mission.3300308._detail,Capai skor 50.000 di lagu 『baby maybe 恋のボタン』 dengan kesulitan NORMAL atau lebih tinggi.
mst.mission.3300309._title,Capai skor 50000 di lagu 『嵐のなかの恋だから』 dengan kesulitan NORMAL atau lebih tinggi
mst.mission.3300309._detail,Capai skor 50.000 di lagu 『嵐のなかの恋だから』 dengan kesulitan NORMAL atau lebih tinggi.
mst.mission.3300310._title,Capai skor 50.000 di lagu 『るてしキスキしてる』 dengan kesulitan NORMAL atau lebih tinggi.
mst.mission.3300310._detail,Capai skor 50.000 pada lagu 『るてしキスキしてる』 dengan kesulitan NORMAL atau lebih tinggi.
mst.mission.3300311._title,Capai skor 50.000 pada lagu 『愛してるばんざーい！』 dengan kesulitan NORMAL atau lebih tinggi.
mst.mission.3300311._detail,Capai skor 50.000 pada lagu 『愛してるばんざーい！』 dengan kesulitan NORMAL atau lebih tinggi.
mst.mission.3300312._title,Capai skor 50000 di lagu 『Love marginal』 dengan kesulitan NORMAL atau lebih tinggi
mst.mission.3300312._detail,Capai skor 50000 pada lagu 『Love marginal』 dengan kesulitan NORMAL atau lebih tinggi.
mst.mission.3300313._title,Capai skor 50000 di lagu 『ラブノベルス』 dengan kesulitan NORMAL atau lebih tinggi
mst.mission.3300313._detail,Capai skor 50000 di lagu 『ラブノベルス』 dengan kesulitan NORMAL atau lebih tinggi.
mst.mission.3300314._title,Capai skor 50.000 di lagu 『知らないLove＊教えてLove』 dengan kesulitan NORMAL atau lebih tinggi.
mst.mission.3300314._detail,Capai skor 50000 pada lagu 『知らないLove＊教えてLove』 dengan kesulitan NORMAL atau lebih tinggi.
mst.mission.3300315._title,Capai skor 50000 di lagu 『sweet&sweet holiday』 dengan kesulitan NORMAL atau lebih tinggi
mst.mission.3300315._detail,Capai skor 50000 pada lagu 『sweet&sweet holiday』 dengan kesulitan NORMAL atau lebih tinggi.
mst.mission.3300316._title,Capai skor 50.000 di lagu 『Cutie Panther』 dengan kesulitan NORMAL atau lebih tinggi
mst.mission.3300316._detail,Capai skor 50.000 pada lagu 『Cutie Panther』 dengan kesulitan NORMAL atau lebih tinggi.
mst.mission.3300317._title,Capai skor 50000 di lagu 『春情ロマンティック』 dengan kesulitan NORMAL atau lebih tinggi
mst.mission.3300317._detail,Capai skor 50000 pada lagu 『春情ロマンティック』 dengan kesulitan NORMAL atau lebih tinggi.
mst.mission.3300318._title,Capai skor 50.000 pada lagu 『ぷわぷわーお！』 dengan kesulitan NORMAL atau lebih tinggi.
mst.mission.3300318._detail,Capai skor 50.000 di lagu 『ぷわぷわーお！』 dengan kesulitan NORMAL atau lebih tinggi.
mst.mission.3300319._title,Capai skor 50000 di lagu 『PSYCHIC FIRE』 dengan kesulitan NORMAL atau lebih tinggi
mst.mission.3300319._detail,Capai skor 50000 di lagu 『PSYCHIC FIRE』 dengan kesulitan NORMAL atau lebih tinggi.
mst.mission.3300320._title,Capai skor 50.000 di lagu 『微熱からMystery』 dengan kesulitan NORMAL atau lebih tinggi.
mst.mission.3300320._detail,Capai skor 50.000 pada lagu 『微熱からMystery』 dengan kesulitan NORMAL atau lebih tinggi.
mst.mission.3300321._title,Capai skor 50000 di lagu 『恋になりたいAQUARIUM』 dengan kesulitan NORMAL atau lebih tinggi
mst.mission.3300321._detail,Capai skor 50000 di lagu 『恋になりたいAQUARIUM』 dengan kesulitan NORMAL atau lebih tinggi.
mst.mission.3300322._title,Capai skor 50.000 di lagu 『少女以上の恋がしたい』 dengan kesulitan NORMAL atau lebih tinggi
mst.mission.3300322._detail,Capai skor 50.000 pada lagu 『少女以上の恋がしたい』 dengan kesulitan NORMAL atau lebih tinggi.
mst.mission.3300323._title,Capai skor 50.000 di lagu 『JIMO-AI Dash!』 dengan kesulitan NORMAL atau lebih tinggi
mst.mission.3300323._detail,Capai skor 50.000 pada lagu 『JIMO-AI Dash!』 dengan kesulitan NORMAL atau lebih tinggi.
mst.mission.3300324._title,Capai skor 50.000 di lagu “<0>” dengan kesulitan NORMAL atau lebih tinggi
mst.mission.3300324._detail,Capai skor 50000 di lagu 『待ってて愛のうた』 dengan kesulitan NORMAL atau lebih tinggi.
mst.mission.3300325._title,Capai skor 50.000 di lagu “MY LIST” to you! dengan kesulitan NORMAL atau lebih tinggi
mst.mission.3300325._detail,Capai skor 50.000 pada lagu “MY LIST” to you! dengan kesulitan NORMAL atau lebih tinggi.
mst.mission.3300326._title,Capai skor 50.000 pada lagu “近未来ハッピーエンド” dengan kesulitan NORMAL atau lebih tinggi.
mst.mission.3300326._detail,Capai skor 50.000 pada lagu “近未来ハッピーエンド” dengan kesulitan NORMAL atau lebih tinggi.
mst.mission.3300327._title,Capai skor 50.000 di lagu 『トリコリコPLEASE!!』 dengan kesulitan NORMAL atau lebih tinggi.
mst.mission.3300327._detail,Capai skor 50.000 di lagu 『トリコリコPLEASE!!』 dengan kesulitan NORMAL atau lebih tinggi.
mst.mission.3300328._title,"Capai skor 50.000 pada lagu 『Guilty Night, Guilty Kiss!』 dengan kesulitan NORMAL atau lebih tinggi"
mst.mission.3300328._detail,"Capai skor 50.000 di lagu 『Guilty Night, Guilty Kiss!』 pada kesulitan NORMAL atau lebih tinggi."
mst.mission.3300329._title,Capai skor 50.000 di lagu 『コドク・テレポート』 dengan kesulitan NORMAL atau lebih tinggi.
mst.mission.3300329._detail,Capai skor 50.000 pada lagu 『コドク・テレポート』 dengan kesulitan NORMAL atau lebih tinggi.
mst.mission.3300330._title,Capai skor 50.000 di lagu 『GALAXY HidE and SeeK』 dengan kesulitan NORMAL atau lebih tinggi.
mst.mission.3300330._detail,Capai skor 50.000 pada lagu 『GALAXY HidE and SeeK』 dengan kesulitan NORMAL atau lebih tinggi.
mst.mission.3300331._title,Capai skor 50000 di lagu 『Nameless Love Song』 dengan kesulitan NORMAL atau lebih tinggi
mst.mission.3300331._detail,Capai skor 50000 pada lagu 『Nameless Love Song』 dengan kesulitan NORMAL atau lebih tinggi.
mst.mission.3300332._title,Capai skor 50.000 di lagu 『ある日…永遠みたいに！』 dengan kesulitan NORMAL atau lebih tinggi
mst.mission.3300332._detail,Capai skor 50000 pada lagu 『ある日…永遠みたいに！』 dengan kesulitan NORMAL atau lebih tinggi.
mst.mission.3300333._title,Capai skor 50000 di lagu 『空中恋愛論』 dengan kesulitan NORMAL atau lebih tinggi
mst.mission.3300333._detail,Capai skor 50000 pada lagu 『空中恋愛論』 dengan kesulitan NORMAL atau lebih tinggi.
mst.mission.3300334._title,Raih skor 50.000 pada lagu 『Deep Sea Cocoon』 dengan kesulitan NORMAL atau lebih tinggi
mst.mission.3300334._detail,Capai skor 50000 di lagu 『Deep Sea Cocoon』 dengan kesulitan NORMAL atau lebih tinggi.
mst.mission.3300335._title,Capai skor 50.000 di lagu 『Walking Dream』 dengan kesulitan NORMAL atau lebih tinggi.
mst.mission.3300335._detail,Capai skor 50000 di lagu 『Walking Dream』 dengan kesulitan NORMAL atau lebih tinggi.
mst.mission.3300336._title,Capai skor 50.000 di lagu 『背伸びしたって』 dengan kesulitan NORMAL atau lebih tinggi
mst.mission.3300336._detail,Capai skor 50.000 pada lagu 『背伸びしたって』 dengan kesulitan NORMAL atau lebih tinggi.
mst.mission.3300337._title,Capai skor 50000 di lagu 『小悪魔LOVE♡』 dengan kesulitan NORMAL atau lebih tinggi
mst.mission.3300337._detail,Capai skor 50.000 pada lagu 『小悪魔LOVE♡』 dengan kesulitan NORMAL atau lebih tinggi.
mst.mission.3300338._title,Raih skor 50000 di lagu 『My Shadow』 dengan kesulitan NORMAL atau lebih tinggi
mst.mission.3300338._detail,Capai skor 50000 di lagu 『My Shadow』 dengan kesulitan NORMAL atau lebih tinggi.
mst.mission.3300339._title,Raih skor 50000 di lagu 『Request for U』 dengan kesulitan NORMAL atau lebih tinggi.
mst.mission.3300339._detail,Capai skor 50000 di lagu 『Request for U』 dengan kesulitan NORMAL atau lebih tinggi.
mst.mission.3300340._title,Capai skor 50000 di lagu 『Cooking with Love』 dengan kesulitan NORMAL atau lebih tinggi
mst.mission.3300340._detail,Capai skor 50000 di lagu 『Cooking with Love』 dengan kesulitan NORMAL atau lebih tinggi.
mst.mission.3300341._title,Capai skor 50000 di lagu 『チェリーボム』 dengan kesulitan NORMAL atau lebih tinggi
mst.mission.3300341._detail,Capai skor 50.000 pada lagu 『Cherry Bomb』 dengan kesulitan NORMAL atau lebih tinggi.
mst.mission.3300342._title,Capai skor 50000 di lagu 『恋するSunflower』 dengan kesulitan NORMAL atau lebih tinggi
mst.mission.3300342._detail,Capai skor 50.000 di lagu 『恋するSunflower』 dengan kesulitan NORMAL atau lebih tinggi.
mst.mission.3300343._title,Raih skor 50.000 di lagu 『私はマグネット』 dengan kesulitan NORMAL atau lebih tinggi.
mst.mission.3300343._detail,Capai skor 50000 di lagu 『私はマグネット』 dengan kesulitan NORMAL atau lebih tinggi.
mst.mission.3300344._title,Capai skor 50.000 di lagu 『咬福論』 dengan kesulitan NORMAL atau lebih tinggi.
mst.mission.3300344._detail,Capai skor 50.000 pada lagu 『咬福論』 dengan kesulitan NORMAL atau lebih tinggi.
mst.mission.3300345._title,Capai skor 50000 di lagu 『Lemonade』 dengan kesulitan NORMAL atau lebih tinggi
mst.mission.3300345._detail,Capai skor 50000 di lagu 『Lemonade』 dengan kesulitan NORMAL atau lebih tinggi.
mst.mission.3300346._title,Capai skor 50000 di lagu 『5201314』 dengan kesulitan NORMAL atau lebih tinggi
mst.mission.3300346._detail,Capai skor 50000 pada lagu 『5201314』 dengan kesulitan NORMAL atau lebih tinggi.
mst.mission.3300347._title,Capai skor 50000 di lagu 『Fly with You!!』 dengan kesulitan NORMAL atau lebih tinggi
mst.mission.3300347._detail,Capai skor 50000 di lagu 『Fly with You!!』 dengan kesulitan NORMAL atau lebih tinggi.
mst.mission.3300348._title,Capai skor 50000 di lagu 『Love U my friends (12 orang)』 dengan kesulitan NORMAL atau lebih tinggi.
mst.mission.3300348._detail,Capai skor 50000 di lagu 『Love U my friends (versi 12 orang)』 dengan kesulitan NORMAL atau lebih tinggi.
mst.mission.3300349._title,Capai skor 50000 di lagu 『この街でいまキミと』 dengan kesulitan NORMAL atau lebih tinggi
mst.mission.3300349._detail,Capai skor 50.000 di lagu 『この街でいまキミと』 dengan kesulitan NORMAL atau lebih tinggi.
mst.mission.3300350._title,Capai skor 50000 di lagu 『GOING UP』 dengan kesulitan NORMAL atau lebih tinggi
mst.mission.3300350._detail,Capai skor 50000 di lagu 『GOING UP』 dengan kesulitan NORMAL atau lebih tinggi.
mst.mission.3300351._title,Capai skor 50000 di lagu 『常夏☆サンシャイン』 dengan kesulitan NORMAL atau lebih tinggi
mst.mission.3300351._detail,Capai skor 50000 pada lagu 『常夏☆サンシャイン』 dengan kesulitan NORMAL atau lebih tinggi.
mst.mission.3300352._title,Raih skor 50.000 di lagu 『トゥ トゥ トゥ！』 dengan kesulitan NORMAL atau lebih tinggi.
mst.mission.3300352._detail,Capai skor 50.000 pada lagu 『トゥ トゥ トゥ！』 dengan kesulitan NORMAL atau lebih tinggi.
mst.mission.3300353._title,Capai skor 50000 di lagu 『Primary』 dengan kesulitan NORMAL atau lebih tinggi
mst.mission.3300353._detail,Capai skor 50000 di lagu 『Primary』 dengan kesulitan NORMAL atau lebih tinggi.
mst.mission.3300354._title,Raih skor 50.000 di lagu 『Shooting Voice!!』 dengan kesulitan NORMAL atau lebih tinggi
mst.mission.3300354._detail,Capai skor 50000 di lagu 『Shooting Voice!!』 dengan kesulitan NORMAL atau lebih tinggi.
mst.mission.3300355._title,Raih skor 50.000 di lagu 『未来の音が聴こえる』 dengan kesulitan NORMAL atau lebih tinggi.
mst.mission.3300355._detail,Capai skor 50.000 pada lagu 『未来の音が聴こえる』 dengan kesulitan NORMAL atau lebih tinggi.
mst.mission.3300356._title,Raih skor 50.000 di lagu 『Namae Yobi Au You Ni』 dengan kesulitan NORMAL atau lebih tinggi.
mst.mission.3300356._detail,Capai skor 50.000 di lagu 『名前呼びあうように』 dengan kesulitan NORMAL atau lebih tinggi.
mst.mission.3300357._title,"Raih skor 50.000 di lagu ""Including you"" dengan kesulitan NORMAL atau lebih tinggi."
mst.mission.3300357._detail,"Capai skor 50000 di lagu ""Including you"" dengan kesulitan NORMAL atau lebih tinggi."
mst.mission.3300358._title,Capai skor 50.000 di lagu 『キラーキューン☆』 dengan kesulitan NORMAL atau lebih tinggi
mst.mission.3300358._detail,Capai skor 50.000 di lagu 『Killer Queen☆』 dengan kesulitan NORMAL atau lebih tinggi.
mst.mission.3300359._title,Capai skor 50000 di lagu 『シェキラ☆☆☆』 dengan kesulitan NORMAL atau lebih tinggi.
mst.mission.3300359._detail,Capai skor 50000 pada lagu 『シェキラ☆☆☆』 dengan kesulitan NORMAL atau lebih tinggi.
mst.mission.3300360._title,Capai skor 50000 di lagu 『オルタネイト』 dengan kesulitan NORMAL atau lebih tinggi
mst.mission.3300360._detail,Capai skor 50000 di lagu 『オルタネイト』 dengan kesulitan NORMAL atau lebih tinggi.
mst.mission.3300361._title,"Capai skor 50.000 di lagu ""Velour"" dengan kesulitan NORMAL atau lebih tinggi."
mst.mission.3300361._detail,Capai skor 50.000 di lagu 『ベロア』 dengan kesulitan NORMAL atau lebih tinggi.
mst.mission.3300362._title,Capai skor 50.000 di lagu 『A Little Love』 dengan kesulitan NORMAL atau lebih tinggi
mst.mission.3300362._detail,Capai skor 50.000 di lagu 『A Little Love』 dengan kesulitan NORMAL atau lebih tinggi.
mst.mission.3300363._title,Libatkan anggota Liella! dan lakukan Live sebanyak 5 kali.
mst.mission.3300363._detail,Libatkan anggota Liella! dan lakukan Live sebanyak 5 kali.
mst.mission.3300364._title,Libatkan Anggota Liella! dalam 10 Live.
mst.mission.3300364._detail,Libatkan anggota Liella! dan lakukan Live sebanyak 10 kali.
mst.mission.3300365._title,Libatkan anggota Liella! dan lakukan Live sebanyak 15 kali.
mst.mission.3300365._detail,Libatkan anggota Liella! dan lakukan Live sebanyak 15 kali.
mst.mission.3300366._title,Libatkan Anggota Liella! dan lakukan Live sebanyak 20 kali.
mst.mission.3300366._detail,Libatkan anggota Liella! dan lakukan Live sebanyak 20 kali.
mst.mission.3300367._title,Libatkan anggota Liella! dan lakukan Live sebanyak 25 kali.
mst.mission.3300367._detail,Libatkan anggota Liella! dan lakukan Live sebanyak 25 kali.
mst.mission.3300368._title,Libatkan anggota Liella! dan lakukan Live sebanyak 30 kali.
mst.mission.3300368._detail,Libatkan Anggota Liella! dan lakukan Live sebanyak 30 kali.
mst.mission.3300369._title,Libatkan anggota Liella! dan lakukan Live sebanyak 35 kali.
mst.mission.3300369._detail,Libatkan anggota Liella! dan lakukan Live sebanyak 35 kali.
mst.mission.3300370._title,Libatkan anggota Liella! dan lakukan Live sebanyak 40 kali.
mst.mission.3300370._detail,Libatkan anggota Liella! dan lakukan Live sebanyak 40 kali.
mst.mission.3300371._title,Libatkan anggota Liella! dan lakukan Live sebanyak 45 kali.
mst.mission.3300371._detail,Libatkan anggota Liella! dan lakukan Live sebanyak 45 kali.
mst.mission.3300372._title,Libatkan anggota Liella! dan selesaikan 50 Live.
mst.mission.3300372._detail,Libatkan Anggota Liella! dan selesaikan 50 Live.
mst.mission.2900373._title,Selesaikan Live sebanyak 5 kali
mst.mission.2900373._detail,Selesaikan Live sebanyak 5 kali.
mst.mission.2900374._title,Live sebanyak 10 kali
mst.mission.2900374._detail,Selesaikan Live sebanyak 10 kali.
mst.mission.2900375._title,Selesaikan Live sebanyak 15 kali
mst.mission.2900375._detail,Selesaikan Live sebanyak 15 kali.
mst.mission.2900376._title,Live sebanyak 20 kali
mst.mission.2900376._detail,Selesaikan Live sebanyak 20 kali.
mst.mission.2900377._title,Selesaikan Live sebanyak 25 kali
mst.mission.2900377._detail,Selesaikan Live sebanyak 25 kali.
mst.mission.2900378._title,Selesaikan Live sebanyak 30 kali
mst.mission.2900378._detail,Selesaikan Live sebanyak 30 kali.
mst.mission.2900379._title,Selesaikan Live sebanyak 35 kali
mst.mission.2900379._detail,Selesaikan Live sebanyak 35 kali.
mst.mission.2900380._title,Selesaikan Live sebanyak 40 kali
mst.mission.2900380._detail,Live sebanyak 40 kali.
mst.mission.2900381._title,Selesaikan Live sebanyak 45 kali
mst.mission.2900381._detail,Selesaikan Live sebanyak 45 kali.
mst.mission.2900382._title,Live sebanyak 50 kali
mst.mission.2900382._detail,Selesaikan Live sebanyak 50 kali.
mst.mission.2900383._title,Selesaikan Live sebanyak 55 kali
mst.mission.2900383._detail,Selesaikan Live sebanyak 55 kali.
mst.mission.2900384._title,Selesaikan Live sebanyak 60 kali
mst.mission.2900384._detail,Selesaikan Live sebanyak 60 kali.
mst.mission.2900385._title,Selesaikan Live sebanyak 65 kali
mst.mission.2900385._detail,Selesaikan Live sebanyak 65 kali.
mst.mission.2900386._title,Selesaikan Live sebanyak 70 kali
mst.mission.2900386._detail,Selesaikan Live sebanyak 70 kali.
mst.mission.2900387._title,Selesaikan Live sebanyak 75 kali
mst.mission.2900387._detail,Selesaikan Live sebanyak 75 kali.
mst.mission.2900388._title,Selesaikan Live sebanyak 80 kali
mst.mission.2900388._detail,Selesaikan Live sebanyak 80 kali.
mst.mission.2900389._title,Selesaikan Live sebanyak 85 kali
mst.mission.2900389._detail,Selesaikan Live sebanyak 85 kali.
mst.mission.2900390._title,Selesaikan Live sebanyak 90 kali
mst.mission.2900390._detail,Selesaikan Live sebanyak 90 kali.
mst.mission.2900391._title,Selesaikan Live sebanyak 95 kali
mst.mission.2900391._detail,Selesaikan Live sebanyak 95 kali.
mst.mission.2900392._title,Selesaikan Live sebanyak 100 kali
mst.mission.2900392._detail,Selesaikan Live sebanyak 100 kali.
mst.mission.2900393._title,Selesaikan Live sebanyak 110 kali
mst.mission.2900393._detail,Selesaikan Live sebanyak 110 kali.
mst.mission.2900394._title,Selesaikan Live sebanyak 120 kali
mst.mission.2900394._detail,Selesaikan Live sebanyak 120 kali.
mst.mission.2900395._title,Selesaikan Live sebanyak 130 kali
mst.mission.2900395._detail,Selesaikan Live sebanyak 130 kali.
mst.mission.2900396._title,Selesaikan Live sebanyak 140 kali
mst.mission.2900396._detail,Selesaikan Live sebanyak 140 kali.
mst.mission.2900397._title,Selesaikan Live sebanyak 150 kali
mst.mission.2900397._detail,Selesaikan Live sebanyak 150 kali.
mst.mission.2900398._title,Selesaikan Live sebanyak 160 kali
mst.mission.2900398._detail,Selesaikan Live sebanyak 160 kali.
mst.mission.2900399._title,Selesaikan Live sebanyak 170 kali
mst.mission.2900399._detail,Selesaikan Live sebanyak 170 kali.
mst.mission.2900400._title,Selesaikan Live sebanyak 180 kali
mst.mission.2900400._detail,Selesaikan Live sebanyak 180 kali.
mst.mission.2900401._title,Selesaikan Live sebanyak 190 kali
mst.mission.2900401._detail,Selesaikan Live sebanyak 190 kali.
mst.mission.2900402._title,Selesaikan Live sebanyak 200 kali
mst.mission.2900402._detail,Selesaikan Live sebanyak 200 kali.
mst.mission.2900403._title,Selesaikan Live sebanyak 210 kali
mst.mission.2900403._detail,Selesaikan Live sebanyak 210 kali.
mst.mission.2900404._title,Selesaikan Live sebanyak 220 kali
mst.mission.2900404._detail,Selesaikan Live sebanyak 220 kali.
mst.mission.2900405._title,Selesaikan Live sebanyak 230 kali
mst.mission.2900405._detail,Selesaikan Live sebanyak 230 kali.
mst.mission.2900406._title,Live sebanyak 240 kali
mst.mission.2900406._detail,Selesaikan Live sebanyak 240 kali.
mst.mission.2900407._title,Selesaikan Live sebanyak 250 kali
mst.mission.2900407._detail,Selesaikan Live sebanyak 250 kali.
mst.mission.2900408._title,Selesaikan Live sebanyak 260 kali
mst.mission.2900408._detail,Selesaikan Live sebanyak 260 kali.
mst.mission.2900409._title,Selesaikan Live sebanyak 270 kali
mst.mission.2900409._detail,Selesaikan Live sebanyak 270 kali.
mst.mission.2900410._title,Selesaikan Live sebanyak 280 kali
mst.mission.2900410._detail,Selesaikan Live sebanyak 280 kali.
mst.mission.2900411._title,Selesaikan Live sebanyak 290 kali
mst.mission.2900411._detail,Selesaikan Live sebanyak 290 kali.
mst.mission.2900412._title,Selesaikan Live sebanyak 300 kali
mst.mission.2900412._detail,Selesaikan Live sebanyak 300 kali.
mst.mission.2900413._title,Selesaikan Live sebanyak 310 kali
mst.mission.2900413._detail,Selesaikan Live sebanyak 310 kali.
mst.mission.2900414._title,Selesaikan Live sebanyak 320 kali
mst.mission.2900414._detail,Selesaikan Live sebanyak 320 kali.
mst.mission.2900415._title,Selesaikan Live sebanyak 330 kali
mst.mission.2900415._detail,Selesaikan Live sebanyak 330 kali.
mst.mission.2900416._title,Selesaikan Live sebanyak 340 kali
mst.mission.2900416._detail,Selesaikan Live sebanyak 340 kali.
mst.mission.2900417._title,Selesaikan Live sebanyak 350 kali
mst.mission.2900417._detail,Selesaikan Live sebanyak 350 kali.
mst.mission.2900418._title,Selesaikan Live sebanyak 360 kali
mst.mission.2900418._detail,Selesaikan Live sebanyak 360 kali.
mst.mission.2900419._title,Lakukan 5 Full Combo di Live dengan kesulitan NORMAL atau lebih tinggi
mst.mission.2900419._detail,Selesaikan 5 Live dengan Full Combo di kesulitan NORMAL atau lebih tinggi.
mst.mission.2900420._title,Lakukan 10 Full Combo Live di kesulitan NORMAL atau lebih tinggi
mst.mission.2900420._detail,Lakukan 10 Full Combo Live di kesulitan NORMAL atau lebih tinggi.
mst.mission.2900421._title,Lakukan 15 Full Combo Live di kesulitan NORMAL atau lebih tinggi
mst.mission.2900421._detail,Lakukan 15 Full Combo di Live dengan kesulitan NORMAL atau lebih tinggi.
mst.mission.2900422._title,Lakukan 20 Full Combo Live di kesulitan NORMAL atau lebih tinggi
mst.mission.2900422._detail,Lakukan 20 Full Combo di Live dengan kesulitan NORMAL atau lebih tinggi
mst.mission.2900423._title,Lakukan 25 Full Combo Live di kesulitan NORMAL atau lebih tinggi
mst.mission.2900423._detail,Selesaikan 25 Live dengan Full Combo di kesulitan NORMAL atau lebih tinggi.
mst.mission.2900424._title,Lakukan 30 Full Combo Live di kesulitan NORMAL atau lebih tinggi
mst.mission.2900424._detail,Selesaikan 30 Live dengan Full Combo di kesulitan NORMAL atau lebih tinggi.
mst.mission.2900425._title,Selesaikan lagu Love Live! sebanyak 5 kali
mst.mission.2900425._detail,Selesaikan lagu Love Live! sebanyak 5 kali.
mst.mission.2900426._title,Selesaikan lagu Love Live! sebanyak 10 kali.
mst.mission.2900426._detail,Selesaikan lagu Love Live! sebanyak 10 kali.
mst.mission.2900427._title,Selesaikan lagu Love Live! sebanyak 20 kali
mst.mission.2900427._detail,Selesaikan lagu Love Live! sebanyak 20 kali.
mst.mission.2900428._title,Selesaikan lagu Love Live! sebanyak 30 kali
mst.mission.2900428._detail,Selesaikan lagu Love Live! sebanyak 30 kali.
mst.mission.2900429._title,Selesaikan lagu Love Live! sebanyak 40 kali
mst.mission.2900429._detail,Selesaikan lagu Love Live! sebanyak 40 kali.
mst.mission.2900430._title,Selesaikan lagu Love Live! sebanyak 50 kali
mst.mission.2900430._detail,Selesaikan lagu Love Live! sebanyak 50 kali.
mst.mission.2900431._title,Selesaikan lagu Love Live! sebanyak 60 kali
mst.mission.2900431._detail,Selesaikan lagu Love Live! sebanyak 60 kali.
mst.mission.2900432._title,Selesaikan lagu Love Live! Sunshine!! sebanyak 5 kali.
mst.mission.2900432._detail,Selesaikan lagu Love Live! Sunshine!! sebanyak 5 kali.
mst.mission.2900433._title,Selesaikan lagu Love Live! Sunshine!! sebanyak 10 kali
mst.mission.2900433._detail,Selesaikan lagu Love Live! Sunshine!! sebanyak 10 kali.
mst.mission.2900434._title,Selesaikan lagu Love Live! Sunshine!! sebanyak 20 kali
mst.mission.2900434._detail,Selesaikan lagu Love Live! Sunshine!! sebanyak 20 kali.
mst.mission.2900435._title,Selesaikan lagu Love Live! Sunshine!! sebanyak 30 kali
mst.mission.2900435._detail,Selesaikan lagu Love Live! Sunshine!! sebanyak 30 kali.
mst.mission.2900436._title,Selesaikan lagu Love Live! Sunshine!! sebanyak 40 kali
mst.mission.2900436._detail,Selesaikan lagu Love Live! Sunshine!! sebanyak 40 kali.
mst.mission.2900437._title,Selesaikan lagu Love Live! Sunshine!! sebanyak 50 kali
mst.mission.2900437._detail,Selesaikan lagu Love Live! Sunshine!! sebanyak 50 kali.
mst.mission.2900438._title,Selesaikan lagu Love Live! Sunshine!! sebanyak 60 kali.
mst.mission.2900438._detail,Selesaikan lagu Love Live! Sunshine!! sebanyak 60 kali.
mst.mission.2900439._title,Selesaikan lagu Love Live! Nijigasaki School Idol Club sebanyak 5 kali.
mst.mission.2900439._detail,Selesaikan lagu Love Live! Nijigasaki School Idol Club sebanyak 5 kali.
mst.mission.2900440._title,Selesaikan lagu Love Live! Nijigasaki School Idol Club sebanyak 10 kali.
mst.mission.2900440._detail,Selesaikan lagu Love Live! Nijigasaki School Idol Club sebanyak 10 kali.
mst.mission.2900441._title,Selesaikan lagu Love Live! Nijigasaki School Idol Club sebanyak 20 kali.
mst.mission.2900441._detail,Selesaikan lagu Love Live! Nijigasaki School Idol Club sebanyak 20 kali.
mst.mission.2900442._title,Selesaikan lagu Love Live! Nijigasaki School Idol Club sebanyak 30 kali.
mst.mission.2900442._detail,Selesaikan lagu Love Live! Nijigasaki School Idol Club sebanyak 30 kali.
mst.mission.2900443._title,Selesaikan lagu Love Live! Nijigasaki School Idol Club sebanyak 40 kali.
mst.mission.2900443._detail,Selesaikan lagu Love Live! Nijigasaki School Idol Club sebanyak 40 kali.
mst.mission.2900444._title,Selesaikan lagu Love Live! Nijigasaki School Idol Club sebanyak 50 kali.
mst.mission.2900444._detail,Selesaikan lagu Love Live! Nijigasaki School Idol Club sebanyak 50 kali.
mst.mission.2900445._title,Selesaikan lagu Love Live! Nijigasaki School Idol Club sebanyak 60 kali.
mst.mission.2900445._detail,Selesaikan lagu Love Live! Nijigasaki School Idol Club sebanyak 60 kali.
mst.mission.2900446._title,Selesaikan lagu Love Live! Superstar!! sebanyak 5 kali.
mst.mission.2900446._detail,Selesaikan lagu Love Live! Superstar!! sebanyak 5 kali.
mst.mission.2900447._title,Selesaikan lagu Love Live! Superstar!! sebanyak 10 kali.
mst.mission.2900447._detail,Selesaikan lagu Love Live! Superstar!! sebanyak 10 kali.
mst.mission.2900448._title,Selesaikan lagu Love Live! Superstar!! sebanyak 20 kali.
mst.mission.2900448._detail,Selesaikan lagu Love Live! Superstar!! sebanyak 20 kali.
mst.mission.2900449._title,Selesaikan lagu Love Live! Superstar!! sebanyak 30 kali.
mst.mission.2900449._detail,Selesaikan lagu Love Live! Superstar!! sebanyak 30 kali.
mst.mission.2900450._title,Selesaikan lagu Love Live! Superstar!! sebanyak 40 kali.
mst.mission.2900450._detail,Selesaikan lagu Love Live! Superstar!! sebanyak 40 kali.
mst.mission.2900451._title,Selesaikan lagu Love Live! Superstar!! sebanyak 50 kali.
mst.mission.2900451._detail,Selesaikan lagu Love Live! Superstar!! sebanyak 50 kali.
mst.mission.2900452._title,Selesaikan lagu Love Live! Superstar!! sebanyak 60 kali.
mst.mission.2900452._detail,Selesaikan lagu Love Live! Superstar!! sebanyak 60 kali.
mst.mission.2900453._title,Selesaikan lagu Love Live! Lotus Girls School Idol Club sebanyak 5 kali.
mst.mission.2900453._detail,Selesaikan lagu Love Live! Lotus Girls School Idol Club sebanyak 5 kali.
mst.mission.2900454._title,Selesaikan misi Love Live! Lotus Girls School Idol Club sebanyak 10 kali.
mst.mission.2900454._detail,Selesaikan lagu Love Live! Lotus Girls School Idol Club sebanyak 10 kali.
mst.mission.2900455._title,Selesaikan lagu Love Live! Luminous Girls School Idol Club sebanyak 20 kali.
mst.mission.2900455._detail,Selesaikan lagu Love Live! Luminous Girls School Idol Club sebanyak 20 kali.
mst.mission.2900456._title,Selesaikan lagu Love Live! Luminous no Kage Academy School Idol Club sebanyak 30 kali.
mst.mission.2900456._detail,Selesaikan lagu Love Live! Luminous Girls School Idol Club sebanyak 30 kali.
mst.mission.2900457._title,Selesaikan lagu Love Live! Luminous Girls School Idol Club sebanyak 40 kali.
mst.mission.2900457._detail,Selesaikan lagu Love Live! Luminous Girls School Idol Club sebanyak 40 kali.
mst.mission.2900458._title,Selesaikan lagu Love Live! Luminous Girls School Idol Club sebanyak 50 kali.
mst.mission.2900458._detail,Selesaikan lagu Love Live! Luminous Girls School Idol Club sebanyak 50 kali.
mst.mission.2900459._title,Selesaikan lagu Love Live! Luminous Girls School Idol Club sebanyak 60 kali.
mst.mission.2900459._detail,Selesaikan lagu Love Live! Luminous Girls School Idol Club sebanyak 60 kali.
mst.mission.2900460._title,Selesaikan lagu dari 幻日のヨハネ -SUNSHINE in the MIRROR- sebanyak 5 kali.
mst.mission.2900460._detail,Selesaikan lagu <0> sebanyak 5 kali.
mst.mission.2900461._title,Selesaikan lagu dari 幻日のヨハネ -SUNSHINE in the MIRROR- sebanyak 10 kali.
mst.mission.2900461._detail,Selesaikan lagu dari 幻日のヨハネ -SUNSHINE in the MIRROR- sebanyak 10 kali.
mst.mission.2900462._title,Selesaikan lagu dari 幻日のヨハネ -SUNSHINE in the MIRROR- sebanyak 15 kali.
mst.mission.2900462._detail,Selesaikan lagu 幻日のヨハネ -SUNSHINE in the MIRROR- sebanyak 15 kali.
mst.mission.2900463._title,Selesaikan lagu dari 幻日のヨハネ -SUNSHINE in the MIRROR- sebanyak 20 kali.
mst.mission.2900463._detail,"Selesaikan lagu dari ""Genjitsu no Yohane -SUNSHINE in the MIRROR-"" sebanyak 20 kali."
mst.mission.2900464._title,"Selesaikan lagu ""幻日のヨハネ -SUNSHINE in the MIRROR-"" sebanyak 25 kali."
mst.mission.2900464._detail,Selesaikan lagu dari <0> sebanyak 25 kali.
mst.mission.3300465._title,Capai skor 50000 di lagu 『僕らのLIVE 君とのLIFE』 dengan kesulitan NORMAL atau lebih tinggi
mst.mission.3300465._detail,Capai skor 50000 pada lagu 『僕らのLIVE 君とのLIFE』 dengan kesulitan NORMAL atau lebih tinggi.
mst.mission.3300466._title,Capai skor 50000 di lagu 『Snow halation』 dengan kesulitan NORMAL atau lebih tinggi.
mst.mission.3300466._detail,Capai skor 50.000 pada lagu 『Snow halation』 dengan kesulitan NORMAL atau lebih tinggi.
mst.mission.3300467._title,Raih skor 50.000 di lagu 『僕らは今のなかで』 dengan kesulitan NORMAL atau lebih tinggi
mst.mission.3300467._detail,Capai skor 50.000 di lagu 『僕らは今のなかで』 dengan kesulitan NORMAL atau lebih tinggi.
mst.mission.3300468._title,Raih skor 50000 di lagu 『Private Wars』 dengan kesulitan NORMAL atau lebih tinggi
mst.mission.3300468._detail,Capai skor 50000 di lagu 『Private Wars』 dengan kesulitan NORMAL atau lebih tinggi.
mst.mission.3300469._title,Capai skor 50.000 di lagu 『きっと青春が聞こえる』 dengan kesulitan NORMAL atau lebih tinggi
mst.mission.3300469._detail,Capai skor 50000 di lagu 『きっと青春が聞こえる』 dengan kesulitan NORMAL atau lebih tinggi.
mst.mission.3300470._title,Capai skor 50000 di lagu 『No brand girls』 dengan kesulitan NORMAL atau lebih tinggi.
mst.mission.3300470._detail,Capai skor 50.000 di lagu 『No brand girls』 dengan kesulitan NORMAL atau lebih tinggi.
mst.mission.3300471._title,Capai skor 50000 di lagu 『それは僕たちの奇跡』 dengan kesulitan NORMAL atau lebih tinggi
mst.mission.3300471._detail,Capai skor 50.000 pada lagu 『Itadaki no Kiseki』 dengan kesulitan NORMAL atau lebih tinggi.
mst.mission.3300472._title,Capai skor 50000 di lagu 『KiRa-KiRa Sensation!』 dengan kesulitan NORMAL atau lebih tinggi
mst.mission.3300472._detail,Capai skor 50000 di lagu 『KiRa-KiRa Sensation!』 dengan kesulitan NORMAL atau lebih tinggi.
mst.mission.3300473._title,Raih skor 50.000 di lagu 『Happy maker!』 dengan kesulitan NORMAL atau lebih tinggi.
mst.mission.3300473._detail,Capai skor 50000 di lagu 『Happy maker!』 dengan kesulitan NORMAL atau lebih tinggi.
mst.mission.3300474._title,Capai skor 50000 di lagu 『SUNNY DAY SONG』 dengan kesulitan NORMAL atau lebih tinggi
mst.mission.3300474._detail,Capai skor 50000 di lagu 『SUNNY DAY SONG』 dengan kesulitan NORMAL atau lebih tinggi.
mst.mission.3300475._title,Capai skor 50000 di lagu 『僕たちはひとつの光』 dengan kesulitan NORMAL atau lebih tinggi.
mst.mission.3300475._detail,Capai skor 50.000 di lagu 『僕たちはひとつの光』 dengan kesulitan NORMAL atau lebih tinggi.
mst.mission.3300476._title,Capai skor 50000 di lagu 『MOMENT RING』 dengan kesulitan NORMAL atau lebih tinggi
mst.mission.3300476._detail,Capai skor 50.000 pada lagu 『MOMENT RING』 dengan kesulitan NORMAL atau lebih tinggi.
mst.mission.3300477._title,Capai skor 50.000 pada lagu 『A song for You! You? You!!』 dengan kesulitan NORMAL atau lebih tinggi
mst.mission.3300477._detail,Capai skor 50000 pada lagu 『A song for You! You? You!!』 dengan kesulitan NORMAL atau lebih tinggi.
mst.mission.3300478._title,Capai skor 50000 di lagu 『HEART to HEART!』 dengan kesulitan NORMAL atau lebih tinggi
mst.mission.3300478._detail,Capai skor 50000 di lagu 『HEART to HEART!』 dengan kesulitan NORMAL atau lebih tinggi.
mst.mission.3300479._title,Capai skor 50000 di lagu 『嵐のなかの恋だから』 dengan kesulitan NORMAL atau lebih tinggi
mst.mission.3300479._detail,Capai skor 50.000 di lagu 『嵐のなかの恋だから』 dengan kesulitan NORMAL atau lebih tinggi.
mst.mission.3300480._title,Capai skor 50.000 pada lagu 『タカラモノズ』 dengan kesulitan NORMAL atau lebih tinggi.
mst.mission.3300480._detail,Capai skor 50.000 pada lagu 『タカラモノズ』 dengan kesulitan NORMAL atau lebih tinggi.
mst.mission.3300481._title,Raih skor 50.000 di lagu 『君のこころは輝いてるかい？』 dengan kesulitan NORMAL atau lebih tinggi.
mst.mission.3300481._detail,Capai skor 50000 di lagu 『君のこころは輝いてるかい？』 dengan kesulitan NORMAL atau lebih tinggi.
mst.mission.3300482._title,Capai skor 50000 di lagu 『青空Jumping Heart』 dengan kesulitan NORMAL atau lebih tinggi
mst.mission.3300482._detail,Capai skor 50.000 di lagu 『青空Jumping Heart』 dengan kesulitan NORMAL atau lebih tinggi.
mst.mission.3300483._title,Capai skor 50000 di lagu 『ユメ語るよりユメ歌おう』 dengan kesulitan NORMAL atau lebih tinggi
mst.mission.3300483._detail,Capai skor 50.000 pada lagu 『ユメ語るよりユメ歌おう』 dengan kesulitan NORMAL atau lebih tinggi.
mst.mission.3300484._title,Capai skor 50.000 pada lagu 『MIRAI TICKET』 dengan kesulitan NORMAL atau lebih tinggi.
mst.mission.3300484._detail,Capai skor 50.000 di lagu 『MIRAI TICKET』 dengan kesulitan NORMAL atau lebih tinggi.
mst.mission.3300485._title,Capai skor 50000 di lagu 『HAPPY PARTY TRAIN』 dengan kesulitan NORMAL atau lebih tinggi
mst.mission.3300485._detail,Capai skor 50000 pada lagu 『HAPPY PARTY TRAIN』 dengan kesulitan NORMAL atau lebih tinggi.
mst.mission.3300486._title,Capai skor 50.000 di lagu 『未来の僕らは知ってるよ』 dengan kesulitan NORMAL atau lebih tinggi.
mst.mission.3300486._detail,Capai skor 50.000 pada lagu 『未来の僕らは知ってるよ』 dengan kesulitan NORMAL atau lebih tinggi.
mst.mission.3300487._title,Raih skor 50.000 di lagu 『WATER BLUE NEW WORLD』 dengan kesulitan NORMAL atau lebih tinggi.
mst.mission.3300487._detail,Capai skor 50000 di lagu 『WATER BLUE NEW WORLD』 dengan kesulitan NORMAL atau lebih tinggi.
mst.mission.3300488._title,Raih skor 50.000 di lagu 『Believe again』 dengan kesulitan NORMAL atau lebih tinggi
mst.mission.3300488._detail,Capai skor 50000 pada lagu 『Believe again』 dengan tingkat kesulitan NORMAL atau lebih tinggi.
mst.mission.3300489._title,Capai skor 50.000 di lagu 『Brightest Melody』 dengan kesulitan NORMAL atau lebih tinggi.
mst.mission.3300489._detail,Capai skor 50000 di lagu 『Brightest Melody』 dengan kesulitan NORMAL atau lebih tinggi.
mst.mission.3300490._title,Capai skor 50.000 di lagu 『Deep Resonance』 dengan kesulitan NORMAL atau lebih tinggi
mst.mission.3300490._detail,Capai skor 50000 pada lagu 『Deep Resonance』 dengan kesulitan NORMAL atau lebih tinggi.
mst.mission.3300491._title,Capai skor 50000 di lagu 『未体験HORIZON』 dengan kesulitan NORMAL atau lebih tinggi
mst.mission.3300491._detail,Capai skor 50.000 pada lagu 『未体験HORIZON』 dengan kesulitan NORMAL atau lebih tinggi.
mst.mission.3300492._title,Capai skor 50000 di lagu 『KOKORO Magic “A to Z”』 dengan kesulitan NORMAL atau lebih tinggi
mst.mission.3300492._detail,Capai skor 50.000 pada lagu 『KOKORO Magic “A to Z”』 dengan kesulitan NORMAL atau lebih tinggi.
mst.mission.3300493._title,Capai skor 50000 di lagu 『DREAMY COLOR』 dengan kesulitan NORMAL atau lebih tinggi
mst.mission.3300493._detail,Capai skor 50.000 pada lagu 『DREAMY COLOR』 dengan kesulitan NORMAL atau lebih tinggi.
mst.mission.3300494._title,Capai skor 50000 di lagu 『幻日ミステリウム』 dengan kesulitan NORMAL atau lebih tinggi
mst.mission.3300494._detail,Capai skor 50.000 pada lagu 『幻日ミステリウム』 dengan kesulitan NORMAL atau lebih tinggi.
mst.mission.3300495._title,Raih skor 50.000 di lagu 『想いよひとつになれ (9人Ver.)』 dengan kesulitan NORMAL atau lebih tinggi.
mst.mission.3300495._detail,Capai skor 50.000 di lagu 『想いよひとつになれ (9人Ver.)』 dengan kesulitan NORMAL atau lebih tinggi.
mst.mission.3300496._title,Capai skor 50.000 di lagu 『Jingle Bell ga Tomaranai』 dengan kesulitan NORMAL atau lebih tinggi
mst.mission.3300496._detail,Capai skor 50.000 pada lagu 『Jingle Bell ga Tomaranai』 dengan kesulitan NORMAL atau lebih tinggi.
mst.mission.3300497._title,Capai skor 50.000 pada lagu 『TOKIMEKI Runners (12 orang)』 dengan kesulitan NORMAL atau lebih tinggi.
mst.mission.3300497._detail,Capai skor 50.000 di lagu 『TOKIMEKI Runners (12 orang)』 dengan kesulitan NORMAL atau lebih tinggi.
mst.mission.3300498._title,Capai skor 50000 di lagu 『Dream with You』 dengan kesulitan NORMAL atau lebih tinggi
mst.mission.3300498._detail,Capai skor 50.000 pada lagu 『Dream with You』 dengan kesulitan NORMAL atau lebih tinggi.
mst.mission.3300499._title,Capai skor 50.000 pada lagu 『無敵級*ビリーバー』 dengan kesulitan NORMAL atau lebih tinggi.
mst.mission.3300499._detail,Capai skor 50.000 pada lagu 『無敵級*ビリーバー』 dengan kesulitan NORMAL atau lebih tinggi.
mst.mission.3300500._title,Capai skor 50.000 pada lagu 『オードリー』 dengan kesulitan NORMAL atau lebih tinggi.
mst.mission.3300500._detail,Capai skor 50000 di lagu 『オードリー』 dengan kesulitan NORMAL atau lebih tinggi.
mst.mission.3300501._title,Capai skor 50000 di lagu 『VIVID WORLD』 dengan kesulitan NORMAL atau lebih tinggi
mst.mission.3300501._detail,Capai skor 50.000 pada lagu 『VIVID WORLD』 dengan kesulitan NORMAL atau lebih tinggi.
mst.mission.3300502._title,Capai skor 50.000 di lagu 『めっちゃGoing!!』 dengan kesulitan NORMAL atau lebih tinggi.
mst.mission.3300502._detail,Capai skor 50.000 di lagu 『めっちゃGoing!!』 dengan kesulitan NORMAL atau lebih tinggi.
mst.mission.3300503._title,Capai skor 50000 di lagu 『Butterfly』 dengan kesulitan NORMAL atau lebih tinggi.
mst.mission.3300503._detail,Capai skor 50000 pada lagu 『Butterfly』 dengan kesulitan NORMAL atau lebih tinggi.
mst.mission.3300504._title,Capai skor 50000 di lagu 『CHASE!』 dengan kesulitan NORMAL atau lebih tinggi
mst.mission.3300504._detail,Capai skor 50.000 di lagu 『CHASE!』 dengan kesulitan NORMAL atau lebih tinggi.
mst.mission.3300505._title,Capai skor 50.000 di lagu 『哀温ノ詩』 dengan kesulitan NORMAL atau lebih tinggi
mst.mission.3300505._detail,Capai skor 50000 di lagu 『哀温ノ詩』 dengan kesulitan NORMAL atau lebih tinggi.
mst.mission.3300506._title,Capai skor 50000 di lagu 『ツナガルコネクト』 dengan kesulitan NORMAL atau lebih tinggi
mst.mission.3300506._detail,Capai skor 50000 di lagu 『ツナガルコネクト』 dengan kesulitan NORMAL atau lebih tinggi.
mst.mission.3300507._title,Capai skor 50000 pada lagu 『翠いカナリア』 dengan kesulitan NORMAL atau lebih tinggi
mst.mission.3300507._detail,Capai skor 50.000 pada lagu 『翠いカナリア』 dengan kesulitan NORMAL atau lebih tinggi.
mst.mission.3300508._title,Capai skor 50000 di lagu 『I'm Still...』 pada kesulitan NORMAL atau lebih tinggi
mst.mission.3300508._detail,Capai skor 50000 pada lagu 『I'm Still...』 dengan kesulitan NORMAL atau lebih tinggi.
mst.mission.3300509._title,Capai skor 50000 di lagu 『Eutopia』 dengan kesulitan NORMAL atau lebih tinggi
mst.mission.3300509._detail,Capai skor 50.000 pada lagu 『Eutopia』 dengan kesulitan NORMAL atau lebih tinggi.
mst.mission.3300510._title,Capai skor 50000 di lagu 『L！L！L！ (Love the Life We Live)』 dengan kesulitan NORMAL atau lebih tinggi
mst.mission.3300510._detail,Capai skor 50000 di lagu 『L！L！L！ (Love the Life We Live)』 dengan kesulitan NORMAL atau lebih tinggi.
mst.mission.3300511._title,Capai skor 50000 di lagu 『New Year's March！(1~6月Ver.)』 dengan kesulitan NORMAL atau lebih tinggi
mst.mission.3300511._detail,Capai skor 50000 di lagu 『New Year's March！(1~6月Ver.)』 dengan kesulitan NORMAL atau lebih tinggi.
mst.mission.3300512._title,Capai skor 50000 di lagu 『New Year's March！(7~12月Ver.)』 dengan kesulitan NORMAL atau lebih tinggi.
mst.mission.3300512._detail,Capai skor 50000 di lagu 『New Year's March！(7~12月Ver.)』 dengan kesulitan NORMAL atau lebih tinggi.
mst.mission.3300513._title,"Raih skor 50000 di lagu ""Hajimari wa Kimi no Sora"" dengan kesulitan NORMAL atau lebih tinggi."
mst.mission.3300513._detail,Capai skor 50.000 di lagu 『始まりは君の空』 dengan kesulitan NORMAL atau lebih tinggi.
mst.mission.3300514._title,Capai skor 50000 di lagu 『START!! True dreams』 dengan kesulitan NORMAL atau lebih tinggi.
mst.mission.3300514._detail,Capai skor 50000 di lagu 『START!! True dreams』 dengan kesulitan NORMAL atau lebih tinggi.
mst.mission.3300515._title,Capai skor 50.000 pada lagu 『未来予報ハレルヤ！』 dengan kesulitan NORMAL atau lebih tinggi.
mst.mission.3300515._detail,Capai skor 50000 pada lagu 『未来予報ハレルヤ！』 dengan kesulitan NORMAL atau lebih tinggi.
mst.mission.3300516._title,Capai skor 50.000 di lagu 『HOT PASSION!!』 dengan kesulitan NORMAL atau lebih tinggi.
mst.mission.3300516._detail,Capai skor 50.000 pada lagu 『HOT PASSION!!』 dengan kesulitan NORMAL atau lebih tinggi.
mst.mission.3300517._title,Capai skor 50.000 di lagu 『未来は風のように』 dengan kesulitan NORMAL atau lebih tinggi.
mst.mission.3300517._detail,Capai skor 50000 pada lagu 『未来は風のように』 dengan kesulitan NORMAL atau lebih tinggi.
mst.mission.3300518._title,Raih skor 50000 di lagu 『Starlight Prologue』 dengan kesulitan NORMAL atau lebih tinggi
mst.mission.3300518._detail,Capai skor 50000 di lagu 『Starlight Prologue』 dengan kesulitan NORMAL atau lebih tinggi.
mst.mission.3300519._title,Raih skor 50.000 di lagu 『WE WILL‼』 dengan kesulitan NORMAL atau lebih tinggi.
mst.mission.3300519._detail,Capai skor 50.000 di lagu 『WE WILL‼』 dengan kesulitan NORMAL atau lebih tinggi.
mst.mission.3300520._title,Capai skor 50.000 di lagu 『追いかける夢の先で』 dengan kesulitan NORMAL atau lebih tinggi
mst.mission.3300520._detail,Capai skor 50.000 pada lagu 『追いかける夢の先で』 dengan kesulitan NORMAL atau lebih tinggi.
mst.mission.3300521._title,Capai skor 50000 di lagu 『Butterfly Wing』 dengan kesulitan NORMAL atau lebih tinggi
mst.mission.3300521._detail,Capai skor 50000 di lagu 『Butterfly Wing』 dengan kesulitan NORMAL atau lebih tinggi.
mst.mission.3300522._title,Capai skor 50000 di lagu 『ビタミンSUMMER！』 dengan kesulitan NORMAL atau lebih tinggi
mst.mission.3300522._detail,Capai skor 50.000 pada lagu 『ビタミンSUMMER！』 dengan kesulitan NORMAL atau lebih tinggi.
mst.mission.3300523._title,Capai skor 50000 di lagu 『Sing！Shine！Smile！』 dengan kesulitan NORMAL atau lebih tinggi
mst.mission.3300523._detail,Capai skor 50.000 pada lagu 『Sing! Shine! Smile!』 dengan kesulitan NORMAL atau lebih tinggi.
mst.mission.3300524._title,Raih skor 50.000 di lagu 『未来の音が聴こえる』 dengan kesulitan NORMAL atau lebih tinggi.
mst.mission.3300524._detail,Capai skor 50.000 pada lagu 『未来の音が聴こえる』 dengan kesulitan NORMAL atau lebih tinggi.
mst.mission.3300525._title,Capai skor 50000 di lagu 『UNIVERSE!!』 dengan kesulitan NORMAL atau lebih tinggi
mst.mission.3300525._detail,Capai skor 50.000 di lagu 『UNIVERSE!!』 dengan kesulitan NORMAL atau lebih tinggi.
mst.mission.3300526._title,Capai skor 50.000 di lagu 『Jump Into the New World』 dengan kesulitan NORMAL atau lebih tinggi.
mst.mission.3300526._detail,Capai skor 50.000 pada lagu 『Jump Into the New World』 dengan kesulitan NORMAL atau lebih tinggi.
mst.mission.3300527._title,Capai skor 50.000 di lagu 『私のSymphony ～2023Ver.～』 dengan kesulitan NORMAL atau lebih tinggi
mst.mission.3300527._detail,Capai skor 50.000 pada lagu 『私のSymphony ～2023Ver.～』 dengan kesulitan NORMAL atau lebih tinggi.
mst.mission.3300528._title,Raih skor 50.000 di lagu 『MIRACLE NEW STORY』 dengan kesulitan NORMAL atau lebih tinggi
mst.mission.3300528._detail,Capai skor 50.000 di lagu 『MIRACLE NEW STORY』 dengan kesulitan NORMAL atau lebih tinggi.
mst.mission.1073001._title,[Syarat Pembuka Cerita] (Tersembunyi)
mst.mission.1073001._detail,Selesaikan lagu Love Live! sekali.
mst.mission.1073002._title,[Syarat Pembuka Cerita] (Tersembunyi)
mst.mission.1073002._detail,Selesaikan lagu Love Live! sebanyak 10 kali.
mst.mission.1073003._title,[Syarat Pembuka Cerita] (Tersembunyi)
mst.mission.1073003._detail,Selesaikan lagu Love Live! sebanyak 30 kali.
mst.mission.1073004._title,[Syarat Pembuka Cerita] (Tersembunyi)
mst.mission.1073004._detail,Selesaikan lagu Love Live! sebanyak 50 kali.
mst.mission.1073005._title,[Syarat Pembuka Cerita] (Tersembunyi)
mst.mission.1073005._detail,Selesaikan lagu Love Live! sebanyak 70 kali.
mst.mission.1073006._title,[Syarat Pembuka Cerita] (Tersembunyi)
mst.mission.1073006._detail,Selesaikan lagu Love Live! Sunshine!! sebanyak 1 kali.
mst.mission.1073007._title,[Syarat Pembuka Cerita] (Tersembunyi)
mst.mission.1073007._detail,Selesaikan lagu Love Live! Sunshine!! sebanyak 10 kali.
mst.mission.1073008._title,[Syarat Pembuka Cerita] (Tersembunyi)
mst.mission.1073008._detail,Selesaikan lagu Love Live! Sunshine!! sebanyak 30 kali.
mst.mission.1073009._title,[Syarat Pembuka Cerita] (Tersembunyi)
mst.mission.1073009._detail,Selesaikan lagu Love Live! Sunshine!! sebanyak 50 kali.
mst.mission.1073010._title,[Syarat Pembuka Cerita] (Tersembunyi)
mst.mission.1073010._detail,Selesaikan lagu Love Live! Sunshine!! sebanyak 70 kali.
mst.mission.1073011._title,[Syarat Pembuka Cerita] (Tersembunyi)
mst.mission.1073011._detail,Selesaikan lagu dari Love Live! Nijigasaki School Idol Club sekali.
mst.mission.1073012._title,[Syarat Pembuka Cerita] (Tersembunyi)
mst.mission.1073012._detail,Selesaikan lagu Love Live! Nijigasaki Gakuen School Idol Club sebanyak 2 kali.
mst.mission.1073013._title,[Syarat Pembuka Cerita] (Tersembunyi)
mst.mission.1073013._detail,Selesaikan lagu Love Live! Nijigasaki Gakuen School Idol Club sebanyak 3 kali.
mst.mission.1073014._title,[Syarat Pembuka Cerita] (Tersembunyi)
mst.mission.1073014._detail,Selesaikan lagu Love Live! Nijigasaki Gakuen School Idol Club sebanyak 4 kali.
mst.mission.1073015._title,[Syarat Pembuka Cerita] (Tersembunyi)
mst.mission.1073015._detail,Selesaikan lagu Love Live! Nijigasaki Gakuen School Idol Club sebanyak 5 kali.
mst.mission.1073016._title,[Syarat Pembuka Cerita] (Tersembunyi)
mst.mission.1073016._detail,Selesaikan lagu Love Live! Superstar!! sebanyak 1 kali.
mst.mission.1073017._title,[Syarat Pembuka Cerita] (Tersembunyi)
mst.mission.1073017._detail,Selesaikan lagu Love Live! Superstar!! sebanyak 10 kali.
mst.mission.1073018._title,[Syarat Pembuka Cerita] (Tersembunyi)
mst.mission.1073018._detail,Selesaikan lagu Love Live! Superstar!! sebanyak 30 kali.
mst.mission.1073019._title,[Syarat Pembuka Cerita] (Tersembunyi)
mst.mission.1073019._detail,Selesaikan lagu Love Live! Superstar!! sebanyak 50 kali.
mst.mission.1073020._title,[Syarat Pembuka Cerita] (Tersembunyi)
mst.mission.1073020._detail,Selesaikan lagu Love Live! Superstar!! sebanyak 70 kali.
mst.mission.1073021._title,[Syarat Pembuka Cerita] (Tersembunyi)
mst.mission.1073021._detail,Selesaikan lagu Love Live! Sunshine!! sebanyak 50 kali.
mst.mission.1073022._title,[Syarat Pembuka Cerita] (Tersembunyi)
mst.mission.1073022._detail,Selesaikan lagu Love Live! Sunshine!! sebanyak 70 kali.
mst.mission.1073023._title,[Syarat Pembuka Cerita] (Tersembunyi)
mst.mission.1073023._detail,Selesaikan lagu Love Live! Superstar!! sebanyak 50 kali.
mst.mission.1073024._title,[Syarat Pembuka Cerita] (Tersembunyi)
mst.mission.1073024._detail,Selesaikan lagu Love Live! Superstar!! sebanyak 70 kali.
mst.mission.1073025._title,[Syarat Pembuka Cerita] (Tersembunyi)
mst.mission.1073025._detail,Selesaikan lagu Love Live! Nijigasaki School Idol Club sebanyak 10 kali.
mst.mission.1073026._title,[Syarat Pembuka Cerita] (Tersembunyi)
mst.mission.1073026._detail,Selesaikan lagu Love Live! Nijigasaki School Idol Club sebanyak 10 kali.
mst.mission.1073027._title,[Syarat Pembuka Cerita] (Tersembunyi)
mst.mission.1073027._detail,Selesaikan lagu Love Live! Nijigasaki School Idol Club sebanyak 10 kali.
mst.mission.1073028._title,[Syarat Pembuka Cerita] (Tersembunyi)
mst.mission.1073028._detail,Selesaikan lagu Love Live! Nijigasaki School Idol Club sebanyak 10 kali.
mst.mission.1073029._title,[Syarat Pembuka Cerita] (Tersembunyi)
mst.mission.1073029._detail,Selesaikan lagu Love Live! Nijigasaki School Idol Club sebanyak 10 kali.
mst.mission.1073030._title,[Syarat Pembuka Cerita] (Tersembunyi)
mst.mission.1073030._detail,Selesaikan lagu Love Live! Nijigasaki School Idol Club sebanyak 10 kali.
mst.mission.1073031._title,[Syarat Pembuka Cerita] (Tersembunyi)
mst.mission.1073031._detail,Selesaikan lagu Love Live! Nijigasaki School Idol Club sebanyak 10 kali.
mst.mission.1073032._title,[Syarat Pembuka Cerita] (Tersembunyi)
mst.mission.1073032._detail,Selesaikan lagu Love Live! Nijigasaki School Idol Club sebanyak 10 kali.
mst.mission.1073033._title,[Syarat Pembuka Cerita] (Tersembunyi)
mst.mission.1073033._detail,Selesaikan lagu Love Live! Nijigasaki School Idol Club sebanyak 10 kali.
mst.mission.1073034._title,[Syarat Pembuka Cerita] (Tersembunyi)
mst.mission.1073034._detail,Selesaikan lagu Love Live! Nijigasaki School Idol Club sebanyak 10 kali.
mst.mission.1073035._title,[Syarat Pembuka Cerita] (Tersembunyi)
mst.mission.1073035._detail,Selesaikan lagu Love Live! Nijigasaki School Idol Club sebanyak 10 kali.
mst.mission.1073036._title,[Syarat Pembuka Cerita] (Tersembunyi)
mst.mission.1073036._detail,Selesaikan lagu Love Live! Nijigasaki School Idol Club sebanyak 10 kali.
mst.mission.1073037._title,[Syarat Pembuka Cerita] (Tersembunyi)
mst.mission.1073037._detail,Selesaikan lagu Love Live! Nijigasaki School Idol Club sebanyak 15 kali.
mst.mission.1073038._title,[Syarat Pembuka Cerita] (Tersembunyi)
mst.mission.1073038._detail,Selesaikan lagu Love Live! Nijigasaki School Idol Club sebanyak 15 kali.
mst.mission.1073039._title,[Syarat Pembuka Cerita] (Tersembunyi)
mst.mission.1073039._detail,Selesaikan lagu Love Live! Nijigasaki School Idol Club sebanyak 15 kali.
mst.mission.1073040._title,[Syarat Pembuka Cerita] (Tersembunyi)
mst.mission.1073040._detail,Selesaikan lagu Love Live! Nijigasaki School Idol Club sebanyak 15 kali.
mst.mission.1073041._title,[Syarat Pembuka Cerita] (Tersembunyi)
mst.mission.1073041._detail,Selesaikan lagu Love Live! Nijigasaki School Idol Club sebanyak 15 kali.
mst.mission.1073042._title,[Syarat Pembuka Cerita] (Tersembunyi)
mst.mission.1073042._detail,Selesaikan lagu Love Live! Nijigasaki School Idol Club sebanyak 15 kali.
mst.mission.1073043._title,[Syarat Pembuka Cerita] (Tersembunyi)
mst.mission.1073043._detail,Selesaikan lagu Love Live! Nijigasaki School Idol Club sebanyak 15 kali.
mst.mission.1073044._title,[Syarat Pembuka Cerita] (Tersembunyi)
mst.mission.1073044._detail,Selesaikan lagu Love Live! Nijigasaki School Idol Club sebanyak 15 kali.
mst.mission.1073045._title,[Syarat Pembuka Cerita] (Tersembunyi)
mst.mission.1073045._detail,Selesaikan lagu Love Live! Nijigasaki School Idol Club sebanyak 15 kali.
mst.mission.1073046._title,[Syarat Pembuka Cerita] (Tersembunyi)
mst.mission.1073046._detail,Selesaikan lagu Love Live! Nijigasaki School Idol Club sebanyak 15 kali.
mst.mission.1073047._title,[Syarat Pembuka Cerita] (Tersembunyi)
mst.mission.1073047._detail,Selesaikan lagu Love Live! Nijigasaki School Idol Club sebanyak 15 kali.
mst.mission.1073048._title,[Syarat Pembuka Cerita] (Tersembunyi)
mst.mission.1073048._detail,Selesaikan lagu Love Live! Nijigasaki School Idol Club sebanyak 15 kali.
mst.mission.1073049._title,[Syarat Pembuka Cerita] (Tersembunyi)
mst.mission.1073049._detail,Selesaikan lagu Love Live! Nijigasaki School Idol Club sebanyak 20 kali.
mst.mission.1073050._title,[Syarat Pembuka Cerita] (Tersembunyi)
mst.mission.1073050._detail,Selesaikan lagu Love Live! Nijigasaki School Idol Club sebanyak 20 kali.
mst.mission.1073051._title,[Syarat Pembuka Cerita] (Tersembunyi)
mst.mission.1073051._detail,Selesaikan lagu Love Live! Nijigasaki School Idol Club sebanyak 20 kali.
mst.mission.1073052._title,[Syarat Pembuka Cerita] (Tersembunyi)
mst.mission.1073052._detail,Selesaikan lagu Love Live! Nijigasaki School Idol Club sebanyak 20 kali.
mst.mission.1073053._title,[Syarat Pembuka Cerita] (Tersembunyi)
mst.mission.1073053._detail,Selesaikan lagu Love Live! Nijigasaki School Idol Club sebanyak 20 kali.
mst.mission.1073054._title,[Syarat Pembuka Cerita] (Tersembunyi)
mst.mission.1073054._detail,Selesaikan lagu Love Live! Nijigasaki School Idol Club sebanyak 20 kali.
mst.mission.1073055._title,[Syarat Pembuka Cerita] (Tersembunyi)
mst.mission.1073055._detail,Selesaikan lagu Love Live! Nijigasaki School Idol Club sebanyak 20 kali.
mst.mission.1073056._title,[Syarat Pembuka Cerita] (Tersembunyi)
mst.mission.1073056._detail,Selesaikan lagu Love Live! Nijigasaki School Idol Club sebanyak 20 kali.
mst.mission.1073057._title,[Syarat Pembuka Cerita] (Tersembunyi)
mst.mission.1073057._detail,Selesaikan lagu Love Live! Nijigasaki School Idol Club sebanyak 20 kali.
mst.mission.1073058._title,[Syarat Pembuka Cerita] (Tersembunyi)
mst.mission.1073058._detail,Selesaikan lagu Love Live! Nijigasaki School Idol Club sebanyak 20 kali.
mst.mission.1073059._title,[Syarat Pembuka Cerita] (Tersembunyi)
mst.mission.1073059._detail,Selesaikan lagu Love Live! Nijigasaki School Idol Club sebanyak 20 kali.
mst.mission.1073060._title,[Syarat Pembuka Cerita] (Tersembunyi)
mst.mission.1073060._detail,Selesaikan lagu Love Live! Nijigasaki School Idol Club sebanyak 20 kali.
mst.mission.1073061._title,[Syarat Pembuka Cerita] (Tersembunyi)
mst.mission.1073061._detail,Selesaikan lagu Love Live! sebanyak 90 kali.
mst.mission.1073062._title,[Syarat Pembuka Cerita] (Tersembunyi)
mst.mission.1073062._detail,Selesaikan lagu Love Live! sebanyak 110 kali.
mst.mission.1073063._title,[Syarat Pembuka Cerita] (Tersembunyi)
mst.mission.1073063._detail,Selesaikan lagu Love Live! sebanyak 130 kali.
mst.mission.1073064._title,[Syarat Pembuka Cerita] (Tersembunyi)
mst.mission.1073064._detail,Selesaikan lagu Love Live! Superstar!! sebanyak 10 kali.
mst.mission.1073065._title,[Syarat Pembuka Cerita] (Tersembunyi)
mst.mission.1073065._detail,Selesaikan lagu Love Live! Superstar!! sebanyak 15 kali.
mst.mission.1073066._title,[Syarat Pembuka Cerita] (Tersembunyi)
mst.mission.1073066._detail,Selesaikan Live sebanyak 20 kali.
mst.mission.1805001._title,Selesaikan Live
mst.mission.1805001._detail,Selesaikan Live.
mst.mission.1805002._title,Live dua kali
mst.mission.1805002._detail,Selesaikan Live sebanyak 2 kali.
mst.mission.1805003._title,Selesaikan Live sebanyak 3 kali
mst.mission.1805003._detail,Selesaikan Live sebanyak 3 kali.
mst.mission.1805004._title,Selesaikan Live sebanyak 4 kali
mst.mission.1805004._detail,Selesaikan Live sebanyak 4 kali.
mst.mission.1805005._title,Selesaikan Live sebanyak 5 kali
mst.mission.1805005._detail,Selesaikan Live sebanyak 5 kali.
mst.mission.1805006._title,Selesaikan Live sebanyak 6 kali
mst.mission.1805006._detail,Selesaikan Live sebanyak 6 kali.
mst.mission.1805007._title,Selesaikan Live sebanyak 7 kali
mst.mission.1805007._detail,Selesaikan Live sebanyak 7 kali.
mst.mission.1805008._title,Selesaikan Live sebanyak 8 kali
mst.mission.1805008._detail,Selesaikan Live sebanyak 8 kali.
mst.mission.1805009._title,Selesaikan Live sebanyak 9 kali
mst.mission.1805009._detail,Selesaikan Live sebanyak 9 kali.
mst.mission.1805010._title,Live sebanyak 10 kali
mst.mission.1805010._detail,Selesaikan Live sebanyak 10 kali.
mst.mission.1805011._title,Selesaikan Live sebanyak 11 kali
mst.mission.1805011._detail,Selesaikan Live sebanyak 11 kali.
mst.mission.1805012._title,Selesaikan Live sebanyak 12 kali
mst.mission.1805012._detail,Selesaikan Live sebanyak 12 kali.
mst.mission.1805013._title,Selesaikan Live sebanyak 13 kali
mst.mission.1805013._detail,Selesaikan Live sebanyak 13 kali.
mst.mission.1805014._title,Selesaikan Live sebanyak 14 kali
mst.mission.1805014._detail,Selesaikan Live sebanyak 14 kali.
mst.mission.1805015._title,Selesaikan Live sebanyak 15 kali
mst.mission.1805015._detail,Selesaikan Live sebanyak 15 kali.
mst.mission.1805016._title,Selesaikan Live sebanyak 16 kali
mst.mission.1805016._detail,Selesaikan Live sebanyak 16 kali.
mst.mission.1805017._title,Selesaikan Live sebanyak 17 kali
mst.mission.1805017._detail,Selesaikan Live sebanyak 17 kali.
mst.mission.1805018._title,Selesaikan Live sebanyak 18 kali
mst.mission.1805018._detail,Selesaikan Live sebanyak 18 kali.
mst.mission.1805019._title,Selesaikan Live sebanyak 19 kali
mst.mission.1805019._detail,Selesaikan Live sebanyak 19 kali.
mst.mission.1805020._title,Live sebanyak 20 kali
mst.mission.1805020._detail,Selesaikan Live sebanyak 20 kali.
mst.mission.1805021._title,Selesaikan Live sebanyak 21 kali
mst.mission.1805021._detail,Selesaikan Live sebanyak 21 kali.
mst.mission.1805022._title,Selesaikan Live sebanyak 22 kali
mst.mission.1805022._detail,Selesaikan Live sebanyak 22 kali.
mst.mission.1805023._title,Selesaikan Live sebanyak 23 kali
mst.mission.1805023._detail,Selesaikan Live sebanyak 23 kali
mst.mission.1805024._title,Live sebanyak 24 kali
mst.mission.1805024._detail,Selesaikan Live sebanyak 24 kali.
mst.mission.1805025._title,Selesaikan Live sebanyak 25 kali
mst.mission.1805025._detail,Selesaikan Live sebanyak 25 kali.
mst.mission.1805026._title,Selesaikan Live sebanyak 28 kali
mst.mission.1805026._detail,Selesaikan Live sebanyak 28 kali.
mst.mission.1805027._title,Selesaikan Live sebanyak 30 kali
mst.mission.1805027._detail,Selesaikan Live sebanyak 30 kali.
mst.mission.1805028._title,Live sebanyak 33 kali
mst.mission.1805028._detail,Selesaikan Live sebanyak 33 kali.
mst.mission.1805029._title,Selesaikan Live sebanyak 35 kali
mst.mission.1805029._detail,Selesaikan Live sebanyak 35 kali.
mst.mission.1805030._title,Selesaikan Live sebanyak 38 kali
mst.mission.1805030._detail,Selesaikan Live sebanyak 38 kali.
mst.mission.1805031._title,Selesaikan Live sebanyak 40 kali
mst.mission.1805031._detail,Live sebanyak 40 kali.
mst.mission.1805032._title,Selesaikan Live sebanyak 43 kali
mst.mission.1805032._detail,Selesaikan Live sebanyak 43 kali.
mst.mission.1805033._title,Selesaikan Live sebanyak 45 kali
mst.mission.1805033._detail,Selesaikan Live sebanyak 45 kali.
mst.mission.1805034._title,Selesaikan Live sebanyak 48 kali
mst.mission.1805034._detail,Selesaikan Live sebanyak 48 kali.
mst.mission.1805035._title,Live sebanyak 50 kali
mst.mission.1805035._detail,Selesaikan Live sebanyak 50 kali.
