_key,_text
mst.mission.1153001._title,Faça login por 4 dias
mst.mission.1153001._detail,Faça login por 4 dias.
mst.mission.1153002._title,Faça login por 5 dias
mst.mission.1153002._detail,Faça login por 5 dias.
mst.mission.1153003._title,Faça login por 10 dias
mst.mission.1153003._detail,Faça login por 10 dias.
mst.mission.1153004._title,Faça login por 15 dias
mst.mission.1153004._detail,Faça login por 15 dias.
mst.mission.1153005._title,Faça login por 20 dias
mst.mission.1153005._detail,Faça login por 20 dias.
mst.mission.1153006._title,Faça login por 30 dias
mst.mission.1153006._detail,Faça login por 30 dias.
mst.mission.1153007._title,Faça login por 40 dias
mst.mission.1153007._detail,Faça login por 40 dias.
mst.mission.1153008._title,Faça login por 50 dias
mst.mission.1153008._detail,Faça login por 50 dias.
mst.mission.1153009._title,Faça login por 60 dias
mst.mission.1153009._detail,Faça login por 60 dias.
mst.mission.1153010._title,Faça login por 70 dias
mst.mission.1153010._detail,Faça login por 70 dias.
mst.mission.1153011._title,Faça login por 80 dias
mst.mission.1153011._detail,Faça login por 80 dias.
mst.mission.1153012._title,Faça login por 90 dias
mst.mission.1153012._detail,Faça login por 90 dias.
mst.mission.1153013._title,Faça login por 100 dias
mst.mission.1153013._detail,Faça login por 100 dias.
mst.mission.1153014._title,Faça login por 150 dias
mst.mission.1153014._detail,Faça login por 150 dias.
mst.mission.1153015._title,Faça login por 200 dias
mst.mission.1153015._detail,Faça login por 200 dias.
mst.mission.1153016._title,Faça login por 250 dias
mst.mission.1153016._detail,Faça login por 250 dias.
mst.mission.1153017._title,Faça login por 300 dias
mst.mission.1153017._detail,Faça login por 300 dias.
mst.mission.1153018._title,Faça login por 400 dias
mst.mission.1153018._detail,Faça login por 400 dias.
mst.mission.1153019._title,Faça login por 500 dias
mst.mission.1153019._detail,Faça login por 500 dias.
mst.mission.1105001._title,Complete 30 Lives
mst.mission.1105001._detail,Complete 30 Lives.
mst.mission.1105002._title,Complete 50 Lives
mst.mission.1105002._detail,Complete 50 Lives.
mst.mission.1105003._title,Complete 100 Lives
mst.mission.1105003._detail,Complete 100 Lives.
mst.mission.1105004._title,Complete 200 Lives
mst.mission.1105004._detail,Complete 200 Lives.
mst.mission.1105005._title,Complete 300 Lives
mst.mission.1105005._detail,Complete 300 Lives.
mst.mission.1105006._title,Complete 400 Lives
mst.mission.1105006._detail,Complete 400 Lives.
mst.mission.1105007._title,Complete 500 Lives
mst.mission.1105007._detail,Complete 500 Lives.
mst.mission.1105008._title,Complete 600 Lives
mst.mission.1105008._detail,Complete 600 Lives.
mst.mission.1105009._title,Complete 700 Lives
mst.mission.1105009._detail,Complete 700 Lives.
mst.mission.1105010._title,Complete Lives
mst.mission.1105010._detail,Complete 800 Lives.
mst.mission.1105011._title,Complete Lives
mst.mission.1105011._detail,Complete 900 Lives.
mst.mission.1105012._title,Complete Lives
mst.mission.1105012._detail,Complete Lives.
mst.mission.1105013._title,Complete 2000 Lives
mst.mission.1105013._detail,Complete 2000 Lives.
mst.mission.1105014._title,Complete 3000 Lives
mst.mission.1105014._detail,Complete 3000 Lives.
mst.mission.1105015._title,Complete 4000 Lives
mst.mission.1105015._detail,Complete 4000 Lives.
mst.mission.1105016._title,Complete 5000 Lives
mst.mission.1105016._detail,Complete Lives.
mst.mission.1105017._title,Complete 10.000 Lives
mst.mission.1105017._detail,Complete 10.000 Lives.
mst.mission.1101001._title,Atingir o nível 10 de jogador
mst.mission.1101001._detail,Alcance o nível 10 de jogador.
mst.mission.1101002._title,Aumente o nível do jogador para 20
mst.mission.1101002._detail,Aumente o nível do jogador para 20.
mst.mission.1101003._title,Aumente o nível do jogador para 30
mst.mission.1101003._detail,Aumente o nível do jogador para 30.
mst.mission.1101004._title,Aumente o nível do jogador para 40
mst.mission.1101004._detail,Aumente o nível do jogador para 40.
mst.mission.1101005._title,Aumente o nível do jogador para 50
mst.mission.1101005._detail,Aumente o nível do jogador para 50.
mst.mission.1101006._title,Atingir nível 60
mst.mission.1101006._detail,Aumente o nível do jogador para 60.
mst.mission.1101007._title,Atingir nível 70
mst.mission.1101007._detail,Atingir o nível 70 de jogador.
mst.mission.1101008._title,Aumente o nível do jogador para 80
mst.mission.1101008._detail,Aumente o nível do jogador para 80.
mst.mission.1101009._title,Aumente o nível para 90
mst.mission.1101009._detail,Aumente o nível do jogador para 90.
mst.mission.1101010._title,Aumente o nível do jogador para 100
mst.mission.1101010._detail,Aumente o nível do jogador para 100.
mst.mission.1101011._title,Aumente o nível do jogador para 110
mst.mission.1101011._detail,Aumente o nível do jogador para 110.
mst.mission.1101012._title,Aumente o nível do jogador para 120
mst.mission.1101012._detail,Alcance o nível 120.
mst.mission.1101013._title,Aumente o nível do jogador para 130
mst.mission.1101013._detail,Aumente o nível do jogador para 130.
mst.mission.1101014._title,Aumente o nível do jogador para 140
mst.mission.1101014._detail,Aumente o nível do jogador para 140.
mst.mission.1101015._title,Aumente o nível do jogador para 150
mst.mission.1101015._detail,Aumente o nível do jogador para 150.
mst.mission.1101016._title,Aumente o nível do jogador para 160
mst.mission.1101016._detail,Aumente o nível do jogador para 160.
mst.mission.1101017._title,Aumente o nível do jogador para 170
mst.mission.1101017._detail,Atingir o nível 170.
mst.mission.1101018._title,Aumente o nível do jogador para 180
mst.mission.1101018._detail,Alcance o nível 180.
mst.mission.1101019._title,Atingir nível 190
mst.mission.1101019._detail,Alcance o nível 190.
mst.mission.1101020._title,Aumente o nível do jogador para 200
mst.mission.1101020._detail,Atingir o nível 200.
mst.mission.1101021._title,Aumente o nível do jogador para 210
mst.mission.1101021._detail,Aumente o nível do jogador para 210.
mst.mission.1101022._title,Atingir nível 220
mst.mission.1101022._detail,Alcance o nível 220.
mst.mission.1101023._title,Atingir nível 230
mst.mission.1101023._detail,Alcance o nível 230.
mst.mission.1101024._title,Aumente o nível do jogador para 240
mst.mission.1101024._detail,Atingir o nível 240.
mst.mission.1101025._title,Aumente o nível do jogador para 250
mst.mission.1101025._detail,Alcance o nível 250.
mst.mission.1101026._title,Atingir nível 260
mst.mission.1101026._detail,Alcance o nível 260.
mst.mission.1101027._title,Atingir nível 270
mst.mission.1101027._detail,Alcance o nível 270.
mst.mission.1101028._title,Aumente o nível do jogador para 280
mst.mission.1101028._detail,Alcance o nível 280.
mst.mission.1101029._title,Atingir nível 290
mst.mission.1101029._detail,Alcance o nível 290 de jogador.
mst.mission.1101030._title,Aumente o nível do jogador para 300
mst.mission.1101030._detail,Aumente o nível do jogador para 300.
mst.mission.1114001._title,Eleve ao nível 20 ou mais
mst.mission.1114001._detail,Eleve Idols ao nível 20 ou superior.
mst.mission.1114002._title,Aumente o nível de 2 Idols para 20 ou mais
mst.mission.1114002._detail,Eleve 2 Idols ao nível 20 ou superior.
mst.mission.1114003._title,Eleve 3 Idols ao nível 20 ou superior
mst.mission.1114003._detail,Eleve 3 Idols ao nível 20 ou superior.
mst.mission.1114004._title,Eleve 4 Idols ao nível 20 ou superior
mst.mission.1114004._detail,Eleve Idols ao nível 20 ou superior.
mst.mission.1114005._title,Eleve 5 Idols ao nível 20 ou superior
mst.mission.1114005._detail,Eleve 5 Idols ao nível 20 ou superior.
mst.mission.1114006._title,Eleve 6 Idols ao nível 20 ou superior
mst.mission.1114006._detail,Eleve 6 Idols ao nível 20 ou superior.
mst.mission.1114007._title,Eleve 7 Idols ao nível 20 ou superior
mst.mission.1114007._detail,Eleve 7 Idols ao nível 20 ou superior.
mst.mission.1114008._title,Eleve 8 Idols ao nível 20 ou superior
mst.mission.1114008._detail,Eleve 8 Idols ao nível 20 ou superior.
mst.mission.1114009._title,Eleve 9 Idols ao nível 20 ou superior
mst.mission.1114009._detail,Eleve Idols ao nível 20 ou superior.
mst.mission.1114010._title,Eleve Idols ao nível 20 ou superior
mst.mission.1114010._detail,Eleve 10 Idols ao nível 20 ou superior.
mst.mission.1114011._title,Eleve 11 Idols ao nível 20 ou superior
mst.mission.1114011._detail,Eleve 11 Idols ao nível 20 ou superior.
mst.mission.1114012._title,Eleve Idols ao nível 20 ou superior
mst.mission.1114012._detail,Eleve 12 Idols ao nível 20 ou superior.
mst.mission.1114013._title,Eleve Idols ao nível 20 ou superior
mst.mission.1114013._detail,Eleve Idols ao nível 20 ou superior.
mst.mission.1114014._title,Eleve Idols ao nível 20 ou superior
mst.mission.1114014._detail,Eleve Idols ao nível 20 ou superior.
mst.mission.1114015._title,Eleve 15 Idols ao nível 20 ou superior
mst.mission.1114015._detail,Eleve Idols ao nível 20 ou superior.
mst.mission.1114016._title,Eleve Idols ao nível 20 ou superior
mst.mission.1114016._detail,Eleve Idols ao nível 20 ou superior.
mst.mission.1114017._title,Eleve Idols ao nível 20 ou superior
mst.mission.1114017._detail,Eleve Idols ao nível 20 ou superior.
mst.mission.1114018._title,Eleve Idols ao nível 20 ou superior
mst.mission.1114018._detail,Eleve Idols ao nível 20 ou superior.
mst.mission.1114019._title,Eleve Idols ao nível 20 ou superior
mst.mission.1114019._detail,Eleve Idols ao nível 20 ou superior.
mst.mission.1114020._title,Eleve Idols ao nível 20 ou superior
mst.mission.1114020._detail,Eleve Idols ao nível 20 ou superior.
mst.mission.1114021._title,Eleve 21 Idols ao nível 20 ou superior
mst.mission.1114021._detail,Eleve Idols ao nível 20 ou superior.
mst.mission.1114022._title,Eleve Idols ao nível 20 ou superior
mst.mission.1114022._detail,Eleve Idols ao nível 20 ou superior.
mst.mission.1114023._title,Eleve Idols ao nível 20 ou superior
mst.mission.1114023._detail,Eleve Idols ao nível 20 ou superior.
mst.mission.1114024._title,Eleve Idols ao nível 20 ou superior
mst.mission.1114024._detail,Eleve Idols ao nível 20 ou superior.
mst.mission.1114025._title,Eleve Idols ao nível 20 ou superior
mst.mission.1114025._detail,Eleve Idols ao nível 20 ou superior.
mst.mission.1114026._title,Eleve Idols ao nível 20 ou superior
mst.mission.1114026._detail,Eleve Idols ao nível 20 ou superior.
mst.mission.1114027._title,Eleve Idols ao nível 20 ou superior
mst.mission.1114027._detail,Eleve 27 Idols ao nível 20 ou superior.
mst.mission.1114028._title,Eleve as Idols ao nível 40 ou superior
mst.mission.1114028._detail,Eleve Idols ao nível 40 ou superior.
mst.mission.1114029._title,Eleve Idols ao nível 40 ou superior
mst.mission.1114029._detail,Eleve 2 Idols ao nível 40 ou superior.
mst.mission.1114030._title,Eleve 3 Idols ao nível 40 ou superior
mst.mission.1114030._detail,Eleve 3 Idols ao nível 40 ou superior.
mst.mission.1114031._title,Eleve 4 Idols ao nível 40 ou superior
mst.mission.1114031._detail,Eleve 4 Idols ao nível 40 ou superior.
mst.mission.1114032._title,Eleve 5 Idols ao nível 40 ou superior
mst.mission.1114032._detail,Eleve 5 Idols ao nível 40 ou superior.
mst.mission.1114033._title,Eleve 6 Idols ao nível 40 ou superior
mst.mission.1114033._detail,Eleve 6 Idols ao nível 40 ou superior.
mst.mission.1114034._title,Eleve 7 Idols ao nível 40 ou superior
mst.mission.1114034._detail,Eleve 7 Idols ao nível 40 ou superior.
mst.mission.1114035._title,Eleve Idols ao nível 40 ou superior
mst.mission.1114035._detail,Eleve 8 Idols ao nível 40 ou superior.
mst.mission.1114036._title,Eleve Idols ao nível 40 ou superior
mst.mission.1114036._detail,Eleve 9 Idols ao nível 40 ou superior.
mst.mission.1114037._title,Eleve Idols ao nível 40 ou superior.
mst.mission.1114037._detail,Eleve 10 Idols ao nível 40 ou superior.
mst.mission.1114038._title,Eleve 11 Idols ao nível 40 ou superior
mst.mission.1114038._detail,Eleve 11 Idols ao nível 40 ou superior.
mst.mission.1114039._title,Eleve 12 Idols ao nível 40 ou superior
mst.mission.1114039._detail,Eleve 12 Idols ao nível 40 ou superior.
mst.mission.1114040._title,Eleve Idols ao nível 40 ou superior
mst.mission.1114040._detail,Eleve Idols ao nível 40 ou superior.
mst.mission.1114041._title,Eleve Idols ao nível 40 ou superior
mst.mission.1114041._detail,Eleve Idols ao nível 40 ou superior.
mst.mission.1114042._title,Eleve 15 Idols ao nível 40 ou superior
mst.mission.1114042._detail,Eleve 15 Idols ao nível 40 ou superior.
mst.mission.1114043._title,Eleve Idols ao nível 40 ou superior
mst.mission.1114043._detail,Eleve Idols ao nível 40 ou superior.
mst.mission.1114044._title,Eleve Idols ao nível 40 ou superior
mst.mission.1114044._detail,Eleve 17 Idols ao nível 40 ou superior.
mst.mission.1114045._title,Eleve Idols ao nível 40 ou superior
mst.mission.1114045._detail,Eleve Idols ao nível 40 ou superior.
mst.mission.1114046._title,Eleve Idols ao nível 40 ou superior
mst.mission.1114046._detail,Eleve Idols ao nível 40 ou superior.
mst.mission.1114047._title,Eleve Idols ao nível 40 ou superior
mst.mission.1114047._detail,Eleve 20 Idols ao nível 40 ou superior.
mst.mission.1114048._title,Eleve Idols ao nível 40 ou superior
mst.mission.1114048._detail,Eleve Idols ao nível 40 ou superior.
mst.mission.1114049._title,Eleve Idols ao nível 40 ou superior
mst.mission.1114049._detail,Eleve Idols ao nível 40 ou superior.
mst.mission.1114050._title,Eleve Idols ao nível 40 ou superior
mst.mission.1114050._detail,Eleve Idols ao nível 40 ou superior.
mst.mission.1114051._title,Eleve Idols ao nível 40 ou superior
mst.mission.1114051._detail,Eleve Idols ao nível 40 ou superior.
mst.mission.1114052._title,Eleve Idols ao nível 40 ou superior
mst.mission.1114052._detail,Eleve Idols ao nível 40 ou superior.
mst.mission.1114053._title,Eleve Idols ao nível 40 ou superior
mst.mission.1114053._detail,Eleve 26 Idols para o nível 40 ou superior.
mst.mission.1114054._title,Eleve Idols ao nível 40 ou superior
mst.mission.1114054._detail,Eleve 27 Idols ao nível 40 ou superior.
mst.mission.1114055._title,Eleve as Idols ao nível 60 ou superior
mst.mission.1114055._detail,Eleve Idols ao nível 60 ou superior.
mst.mission.1114056._title,Eleve Idols ao nível 60 ou superior
mst.mission.1114056._detail,Eleve 2 Idols ao nível 60 ou superior.
mst.mission.1114057._title,Eleve 3 Idols ao nível 60 ou superior
mst.mission.1114057._detail,Eleve 3 Idols ao nível 60 ou superior.
mst.mission.1114058._title,Eleve 4 Idols ao nível 60 ou superior
mst.mission.1114058._detail,Eleve 4 Idols ao nível 60 ou superior.
mst.mission.1114059._title,Eleve 5 Idols ao nível 60 ou superior
mst.mission.1114059._detail,Eleve 5 Idols ao nível 60 ou superior.
mst.mission.1114060._title,Eleve 6 Idols ao nível 60 ou superior
mst.mission.1114060._detail,Eleve 6 Idols ao nível 60 ou superior.
mst.mission.1114061._title,Eleve 7 Idols ao nível 60 ou superior
mst.mission.1114061._detail,Eleve 7 Idols ao nível 60 ou superior.
mst.mission.1114062._title,Eleve 8 Idols ao nível 60 ou superior
mst.mission.1114062._detail,Eleve 8 Idols ao nível 60 ou superior.
mst.mission.1114063._title,Eleve Idols ao nível 60 ou superior
mst.mission.1114063._detail,Eleve Idols ao nível 60 ou superior.
mst.mission.1114064._title,Eleve Idols ao nível 60 ou superior
mst.mission.1114064._detail,Eleve 10 Idols ao nível 60 ou superior.
mst.mission.1114065._title,Eleve 11 Idols ao nível 60 ou superior
mst.mission.1114065._detail,Eleve 11 Idols ao nível 60 ou superior.
mst.mission.1114066._title,Eleve 12 Idols ao nível 60 ou superior
mst.mission.1114066._detail,Eleve 12 Idols ao nível 60 ou superior.
mst.mission.1114067._title,Eleve 13 Idols ao nível 60 ou superior
mst.mission.1114067._detail,Eleve Idols ao nível 60 ou superior.
mst.mission.1114068._title,Eleve Idols ao nível 60 ou superior
mst.mission.1114068._detail,Eleve Idols ao nível 60 ou superior.
mst.mission.1114069._title,Eleve 15 Idols ao nível 60 ou superior
mst.mission.1114069._detail,Eleve 15 Idols ao nível 60 ou superior.
mst.mission.1114070._title,Eleve Idols ao nível 60 ou superior
mst.mission.1114070._detail,Eleve Idols ao nível 60 ou superior.
mst.mission.1114071._title,Eleve Idols ao nível 60 ou superior
mst.mission.1114071._detail,Eleve Idols ao nível 60 ou superior.
mst.mission.1114072._title,Eleve Idols ao nível 60 ou superior
mst.mission.1114072._detail,Eleve Idols ao nível 60 ou superior.
mst.mission.1114073._title,Eleve 19 Idols ao nível 60 ou superior
mst.mission.1114073._detail,Eleve Idols ao nível 60 ou superior.
mst.mission.1114074._title,Eleve Idols ao nível 60 ou superior
mst.mission.1114074._detail,Eleve Idols ao nível 60 ou superior.
mst.mission.1114075._title,Eleve Idols ao nível 60 ou superior
mst.mission.1114075._detail,Eleve Idols ao nível 60 ou superior.
mst.mission.1114076._title,Eleve Idols ao nível 60 ou superior
mst.mission.1114076._detail,Eleve Idols ao nível 60 ou superior.
mst.mission.1114077._title,Eleve Idols ao nível 60 ou superior
mst.mission.1114077._detail,Eleve Idols ao nível 60 ou superior.
mst.mission.1114078._title,Eleve Idols ao nível 60 ou superior
mst.mission.1114078._detail,Eleve Idols ao nível 60 ou superior.
mst.mission.1114079._title,Eleve Idols ao nível 60 ou superior
mst.mission.1114079._detail,Eleve Idols ao nível 60 ou superior.
mst.mission.1114080._title,Eleve Idols ao nível 60 ou superior
mst.mission.1114080._detail,Eleve Idols ao nível 60 ou superior.
mst.mission.1114081._title,Eleve Idols ao nível 60 ou superior
mst.mission.1114081._detail,Eleve 27 Idols ao nível 60 ou superior.
mst.mission.1114082._title,Eleve as Idols ao nível 80 ou superior
mst.mission.1114082._detail,Eleve as Idols ao nível 80 ou superior.
mst.mission.1114083._title,Eleve Idols ao nível 80 ou superior
mst.mission.1114083._detail,Eleve 2 Idols ao nível 80 ou superior.
mst.mission.1114084._title,Eleve 3 Idols ao nível 80 ou superior
mst.mission.1114084._detail,Eleve 3 Idols ao nível 80 ou superior.
mst.mission.1114085._title,Eleve 4 Idols ao nível 80 ou superior
mst.mission.1114085._detail,Aumente o nível de 4 Idols para 80 ou mais.
mst.mission.1114086._title,Eleve 5 Idols ao nível 80 ou superior
mst.mission.1114086._detail,Eleve 5 Idols ao nível 80 ou superior.
mst.mission.1114087._title,Eleve Idols ao nível 80 ou superior
mst.mission.1114087._detail,Eleve 6 Idols ao nível 80 ou superior.
mst.mission.1114088._title,Eleve 7 Idols ao nível 80 ou superior
mst.mission.1114088._detail,Eleve 7 Idols ao nível 80 ou superior.
mst.mission.1114089._title,Eleve 8 Idols ao nível 80 ou superior
mst.mission.1114089._detail,Eleve 8 Idols ao nível 80 ou superior.
mst.mission.1114090._title,Eleve Idols ao nível 80 ou superior
mst.mission.1114090._detail,Eleve Idols ao nível 80 ou superior.
mst.mission.1114091._title,Eleve Idols ao nível 80 ou superior
mst.mission.1114091._detail,Eleve 10 Idols ao nível 80 ou superior.
mst.mission.1114092._title,Eleve 11 Idols ao nível 80 ou superior
mst.mission.1114092._detail,Eleve 11 Idols ao nível 80 ou superior.
mst.mission.1114093._title,Eleve Idols ao nível 80 ou superior
mst.mission.1114093._detail,Eleve 12 Idols ao nível 80 ou superior.
mst.mission.1114094._title,Eleve Idols ao nível 80 ou superior
mst.mission.1114094._detail,Eleve Idols ao nível 80 ou superior.
mst.mission.1114095._title,Eleve Idols ao nível 80 ou superior
mst.mission.1114095._detail,Eleve Idols ao nível 80 ou superior.
mst.mission.1114096._title,Eleve 15 Idols ao nível 80 ou superior
mst.mission.1114096._detail,Eleve 15 Idols ao nível 80 ou superior.
mst.mission.1114097._title,Eleve Idols ao nível 80 ou superior
mst.mission.1114097._detail,Eleve Idols ao nível 80 ou superior.
mst.mission.1114098._title,Eleve Idols ao nível 80 ou superior
mst.mission.1114098._detail,Eleve Idols ao nível 80 ou superior.
mst.mission.1114099._title,Eleve Idols ao nível 80 ou superior
mst.mission.1114099._detail,Eleve Idols ao nível 80 ou superior.
mst.mission.1114100._title,Eleve Idols ao nível 80 ou superior
mst.mission.1114100._detail,Eleve Idols ao nível 80 ou superior.
mst.mission.1114101._title,Eleve Idols ao nível 80 ou superior
mst.mission.1114101._detail,Eleve Idols ao nível 80 ou superior.
mst.mission.1114102._title,Eleve Idols ao nível 80 ou superior
mst.mission.1114102._detail,Eleve Idols ao nível 80 ou superior.
mst.mission.1114103._title,Eleve Idols ao nível 80 ou superior
mst.mission.1114103._detail,Eleve Idols ao nível 80 ou superior.
mst.mission.1114104._title,Eleve Idols ao nível 80 ou superior
mst.mission.1114104._detail,Eleve Idols ao nível 80 ou superior.
mst.mission.1114105._title,Eleve Idols ao nível 80 ou superior
mst.mission.1114105._detail,Eleve Idols ao nível 80 ou superior.
mst.mission.1114106._title,Eleve Idols ao nível 80 ou superior
mst.mission.1114106._detail,Eleve Idols ao nível 80 ou superior.
mst.mission.1114107._title,Eleve Idols ao nível 80 ou superior
mst.mission.1114107._detail,Eleve Idols ao nível 80 ou superior.
mst.mission.1114108._title,Eleve Idols ao nível 80 ou superior
mst.mission.1114108._detail,Eleve 27 Idols ao nível 80 ou superior.
mst.mission.1114109._title,Eleve as Idols ao nível 100 ou mais
mst.mission.1114109._detail,Eleve as Idols ao nível 100 ou mais.
mst.mission.1114110._title,Eleve Idols ao nível 100 ou mais
mst.mission.1114110._detail,Eleve 2 Idols ao nível 100 ou mais.
mst.mission.1114111._title,Eleve 3 Idols ao nível 100 ou mais
mst.mission.1114111._detail,Eleve 3 Idols ao nível 100 ou superior.
mst.mission.1114112._title,Eleve Idols ao nível 100 ou mais
mst.mission.1114112._detail,Eleve 4 Idols ao nível 100 ou mais.
mst.mission.1114113._title,Eleve 5 Idols ao nível 100 ou mais
mst.mission.1114113._detail,Eleve 5 Idols ao nível 100 ou mais.
mst.mission.1114114._title,Eleve Idols ao nível 100 ou mais
mst.mission.1114114._detail,Eleve 6 Idols ao nível 100 ou superior.
mst.mission.1114115._title,Eleve 7 Idols ao nível 100 ou mais
mst.mission.1114115._detail,Eleve 7 Idols ao nível 100 ou superior.
mst.mission.1114116._title,Eleve 8 Idols ao nível 100 ou mais
mst.mission.1114116._detail,Eleve 8 Idols ao nível 100 ou mais.
mst.mission.1114117._title,Eleve Idols ao nível 100 ou mais
mst.mission.1114117._detail,Eleve Idols ao nível 100 ou superior.
mst.mission.1114118._title,Eleve Idols ao nível 100 ou mais
mst.mission.1114118._detail,Eleve Idols ao nível 100 ou superior.
mst.mission.1114119._title,Eleve Idols ao nível 100 ou mais
mst.mission.1114119._detail,Eleve 11 Idols ao nível 100 ou superior.
mst.mission.1114120._title,Eleve Idols ao nível 100 ou mais
mst.mission.1114120._detail,Eleve 12 Idols ao nível 100 ou superior.
mst.mission.1114121._title,Eleve Idols ao nível 100 ou mais
mst.mission.1114121._detail,Eleve Idols ao nível 100 ou superior.
mst.mission.1114122._title,Eleve Idols ao nível 100 ou mais
mst.mission.1114122._detail,Eleve Idols ao nível 100 ou superior.
mst.mission.1114123._title,Eleve Idols ao nível 100 ou mais
mst.mission.1114123._detail,Eleve 15 Idols ao nível 100 ou superior.
mst.mission.1114124._title,Eleve Idols ao nível 100 ou mais
mst.mission.1114124._detail,Eleve 16 Idols ao nível 100 ou mais.
mst.mission.1114125._title,Eleve Idols ao nível 100 ou superior
mst.mission.1114125._detail,Eleve 17 Idols ao nível 100 ou mais.
mst.mission.1114126._title,Eleve Idols ao nível 100 ou mais
mst.mission.1114126._detail,Eleve Idols ao nível 100 ou superior.
mst.mission.1114127._title,Eleve Idols ao nível 100 ou mais
mst.mission.1114127._detail,Eleve Idols ao nível 100 ou superior.
mst.mission.1114128._title,Eleve Idols ao nível 100 ou mais
mst.mission.1114128._detail,Eleve 20 Idols ao nível 100 ou superior.
mst.mission.1114129._title,Eleve Idols ao nível 100 ou mais
mst.mission.1114129._detail,Eleve 21 Idols ao nível 100 ou superior.
mst.mission.1114130._title,Eleve Idols ao nível 100 ou superior
mst.mission.1114130._detail,Eleve Idols ao nível 100 ou superior.
mst.mission.1114131._title,Eleve Idols ao nível 100 ou superior
mst.mission.1114131._detail,Eleve Idols ao nível 100 ou superior.
mst.mission.1114132._title,Eleve Idols ao nível 100 ou mais
mst.mission.1114132._detail,Eleve Idols ao nível 100 ou superior.
mst.mission.1114133._title,Eleve Idols ao nível 100 ou mais
mst.mission.1114133._detail,Eleve Idols ao nível 100 ou superior.
mst.mission.1114134._title,Eleve Idols ao nível 100 ou mais
mst.mission.1114134._detail,Eleve 26 Idols ao nível 100 ou superior.
mst.mission.1114135._title,Eleve Idols ao nível 100 ou mais
mst.mission.1114135._detail,Tenha 27 Idols no nível 100 ou superior.
mst.mission.1112001._title,Reúna 30 Idols
mst.mission.1112001._detail,Reúna 30 Idols.
mst.mission.1112002._title,Reúna Idols
mst.mission.1112002._detail,Reúna 40 Idols.
mst.mission.1112003._title,Reúna 50 Idols
mst.mission.1112003._detail,Reúna 50 Idols.
mst.mission.1112004._title,Reúna 60 Idols
mst.mission.1112004._detail,Reúna 60 Idols.
mst.mission.1112005._title,Reúna 70 Idols
mst.mission.1112005._detail,Reúna 70 Idols.
mst.mission.1112006._title,Reúna 80 Idols
mst.mission.1112006._detail,Reúna 80 Idols.
mst.mission.1112007._title,Reúna 90 Idols
mst.mission.1112007._detail,Reúna 90 Idols.
mst.mission.1112008._title,Reúna 100 Idols
mst.mission.1112008._detail,Reúna 100 Idols.
mst.mission.1112009._title,Reúna 110 Idols
mst.mission.1112009._detail,Reúna 110 Idols.
mst.mission.1112010._title,Reúna 120 Idols
mst.mission.1112010._detail,Reúna 120 Idols.
mst.mission.1112011._title,Reúna 130 Idols
mst.mission.1112011._detail,Reúna 130 Idols.
mst.mission.1112012._title,Reúna 140 Idols
mst.mission.1112012._detail,Reúna 140 Idols.
mst.mission.1112013._title,Reúna 150 Idols
mst.mission.1112013._detail,Reúna 150 Idols.
mst.mission.1112014._title,Reúna 160 Idols
mst.mission.1112014._detail,Reúna 160 Idols.
mst.mission.1112015._title,Reúna 170 Idols
mst.mission.1112015._detail,Reúna 170 Idols.
mst.mission.1112016._title,Reúna 180 Idols
mst.mission.1112016._detail,Reúna 180 Idols.
mst.mission.1112017._title,Reúna 190 Idols
mst.mission.1112017._detail,Reúna 190 Idols.
mst.mission.1112018._title,Reúna 200 Idols
mst.mission.1112018._detail,Reúna 200 Idols.
mst.mission.1112019._title,Reúna Idols
mst.mission.1112019._detail,Reúna 210 Idols.
mst.mission.1112020._title,Reúna Idols
mst.mission.1112020._detail,Reúna 220 Idols.
mst.mission.1112021._title,Reúna 230 Idols
mst.mission.1112021._detail,Reúna 230 Idols.
mst.mission.1112022._title,Reúna 240 Idols
mst.mission.1112022._detail,Reúna 240 Idols.
mst.mission.1112023._title,Reúna Idols
mst.mission.1112023._detail,Reúna Idols.
mst.mission.1112024._title,Reúna 260 Idols
mst.mission.1112024._detail,Reúna Idols.
mst.mission.1112025._title,Reúna 270 Idols
mst.mission.1112025._detail,Reúna 270 Idols.
mst.mission.1112026._title,Reúna 280 Idols
mst.mission.1112026._detail,Reúna 280 Idols.
mst.mission.1112027._title,Reúna 290 Idols
mst.mission.1112027._detail,Reúna 290 Idols.
mst.mission.1112028._title,Reúna 300 Idols
mst.mission.1112028._detail,Reúna 300 Idols.
mst.mission.1112029._title,Reúna 310 Idols
mst.mission.1112029._detail,Reúna 310 Idols.
mst.mission.1112030._title,Reúna 320 Idols
mst.mission.1112030._detail,Reúna 320 Idols.
mst.mission.1112031._title,Reúna 330 Idols
mst.mission.1112031._detail,Reúna 330 Idols.
mst.mission.1112032._title,Reúna 340 Idols
mst.mission.1112032._detail,Reúna 340 Idols.
mst.mission.1112033._title,Reúna 350 Idols
mst.mission.1112033._detail,Reúna 350 Idols.
mst.mission.1121001._title,Obtenha 500.000 G no total
mst.mission.1121001._detail,Obtenha um total de 500.000 G.
mst.mission.1121002._title,Obtenha 1.000.000 G no total
mst.mission.1121002._detail,Obtenha um total de 1.000.000 G.
mst.mission.1121003._title,Obtenha 2.000.000 G no total
mst.mission.1121003._detail,Obtenha um total de 2.000.000 G.
mst.mission.1121004._title,Obtenha 3.000.000 G no total
mst.mission.1121004._detail,Obtenha um total de 3.000.000 G.
mst.mission.1121005._title,Obtenha 4.000.000 G no total
mst.mission.1121005._detail,Obtenha um total de 4.000.000 G.
mst.mission.1121006._title,Obtenha 5.000.000 G no total
mst.mission.1121006._detail,Obtenha um total de 5.000.000 G.
mst.mission.1121007._title,Obtenha 6.000.000 G no total
mst.mission.1121007._detail,Obtenha um total de 6.000.000 G.
mst.mission.1121008._title,Obtenha um total de 7.000.000 G
mst.mission.1121008._detail,Obtenha um total de 7.000.000 G.
mst.mission.1121009._title,Obtenha um total de 8.000.000 G
mst.mission.1121009._detail,Obtenha um total de 8.000.000 G.
mst.mission.1121010._title,Obtenha 9.000.000 G no total
mst.mission.1121010._detail,Obtenha um total de 9.000.000 G.
mst.mission.1121011._title,Obtenha 10.000.000 G no total
mst.mission.1121011._detail,Obtenha um total de 10.000.000 G.
mst.mission.1121012._title,Obtenha 20.000.000 G no total
mst.mission.1121012._detail,Obtenha um total de 20.000.000 G.
mst.mission.1121013._title,Obtenha 30.000.000 G no total
mst.mission.1121013._detail,Obtenha um total de 30.000.000 G.
mst.mission.1121014._title,Obtenha 40.000.000 G no total
mst.mission.1121014._detail,Obtenha um total de 40.000.000 G.
mst.mission.1121015._title,Obtenha 50.000.000 G no total
mst.mission.1121015._detail,Obtenha um total de 50.000.000 G.
mst.mission.1121016._title,Obtenha um total de 60.000.000 G
mst.mission.1121016._detail,Obtenha um total de 60.000.000 G.
mst.mission.1121017._title,Obtenha um total de 70.000.000 G
mst.mission.1121017._detail,Obtenha um total de 70.000.000 G.
mst.mission.1121018._title,Obtenha um total de 85.000.000 G
mst.mission.1121018._detail,Obtenha um total de 85.000.000 G.
mst.mission.1121019._title,Obtenha um total de 100.000.000 G
mst.mission.1121019._detail,Obtenha um total de 100.000.000 G.
mst.mission.1158001._title,Aumente o Laço com Takasaka Honoka para mais de 1500.
mst.mission.1158001._detail,Aumente o Laço com 『N』 para mais de 1500.
mst.mission.1158002._title,Aumente o Laço com Ayanase Eris a mais de 1500.
mst.mission.1158002._detail,Aumente o Laço com 『N』 para mais de 1500.
mst.mission.1158003._title,Aumente o Laço com Minami Kotori para 1500 ou mais.
mst.mission.1158003._detail,Aumente o Laço com 『N』 para mais de 1500.
mst.mission.1158004._title,Aumente o Laço com Sonoda Umi para mais de 1500.
mst.mission.1158004._detail,Aumente o Laço com 『N』 para mais de 1500.
mst.mission.1158005._title,Aumente o Laço com Hoshizora Rin para mais de 1500.
mst.mission.1158005._detail,Aumente o Laço com 『N』 para mais de 1500.
mst.mission.1158006._title,Aumente o Laço com Nishikino Maki para mais de 1500.
mst.mission.1158006._detail,Aumente o Laço com 『N』 para mais de 1500.
mst.mission.1158007._title,Aumente o Laço com Toujou Nozomi para mais de 1500.
mst.mission.1158007._detail,Aumente o Laço com 『N』 para mais de 1500.
mst.mission.1158008._title,Aumente o Laço com Koizumi Hanayo para mais de 1500.
mst.mission.1158008._detail,Aumente o Laço com 『N』 para mais de 1500.
mst.mission.1158009._title,Aumente o Laço com Yazawa Nico para mais de 1500.
mst.mission.1158009._detail,Aumente o Laço com 『N』 para mais de 1500.
mst.mission.1158010._title,Aumente o Laço com Takami Chika para mais de 1500.
mst.mission.1158010._detail,Aumente o Laço com 『N』 para mais de 1500.
mst.mission.1158011._title,Aumente o Laço com Sakura Uchi Riko para mais de 1500.
mst.mission.1158011._detail,Aumente o Laço com 『N』 para mais de 1500.
mst.mission.1158012._title,Aumente o Laço com Matsuura Kanon para mais de 1500.
mst.mission.1158012._detail,Aumente o Laço com 『N』 para mais de 1500.
mst.mission.1158013._title,Aumente o Laço com Kurozawa Dia para 1500 ou mais.
mst.mission.1158013._detail,Aumente o Laço com 『N』 para mais de 1500.
mst.mission.1158014._title,Aumente o Laço com Watanabe You para mais de 1500.
mst.mission.1158014._detail,Aumente o Laço com 『N』 para mais de 1500.
mst.mission.1158015._title,Aumente o Laço com Tsushima Zenko para 1500 ou mais.
mst.mission.1158015._detail,Aumente o Laço com 『N』 para mais de 1500.
mst.mission.1158016._title,Aumente o Laço com Kunikida Hanaru para mais de 1500.
mst.mission.1158016._detail,Aumente o Laço com 『N』 para mais de 1500.
mst.mission.1158017._title,Aumente o Laço com Odaira Mari para mais de 1500.
mst.mission.1158017._detail,Aumente o Laço com 『N』 para mais de 1500.
mst.mission.1158018._title,Aumente o Laço com Kurozawa Ruby para mais de 1500.
mst.mission.1158018._detail,Aumente o Laço com 『N』 para mais de 1500.
mst.mission.1158019._title,Aumente o Laço com Uehara Ayumu para 1500 ou mais.
mst.mission.1158019._detail,Aumente o Laço com 『N』 para mais de 1500.
mst.mission.1158020._title,Aumente o Laço com Nakasu Kasumi para 1500 ou mais
mst.mission.1158020._detail,Aumente o Laço com 『N』 para mais de 1500.
mst.mission.1158021._title,Aumente o Laço com Sakurazaka Shizuku para mais de 1500.
mst.mission.1158021._detail,Aumente o Laço com 『N』 para mais de 1500.
mst.mission.1158022._title,Aumente o Laço com Asuka Karin para mais de 1500.
mst.mission.1158022._detail,Aumente o Laço com 『N』 para mais de 1500.
mst.mission.1158023._title,Aumente o Laço com Miyashita Ai para 1500 ou mais.
mst.mission.1158023._detail,Aumente o Laço com 『N』 para mais de 1500.
mst.mission.1158024._title,Aumente o Laço com Konoe Hisaho para mais de 1500.
mst.mission.1158024._detail,Aumente o Laço com 『N』 para mais de 1500.
mst.mission.1158025._title,Aumente o Laço com Yuuki Setsuna para mais de 1500.
mst.mission.1158025._detail,Aumente o Laço com 『N』 para mais de 1500.
mst.mission.1158026._title,Aumente o Laço com Emma Verde para mais de 1500.
mst.mission.1158026._detail,Aumente o Laço com 『N』 para mais de 1500.
mst.mission.1158027._title,Aumente o Laço com Tennoji Rina para mais de 1500.
mst.mission.1158027._detail,Aumente o Laço com 『N』 para mais de 1500.
mst.mission.1158028._title,Aumente o Laço com Sanbu Shizuko para mais de 1500.
mst.mission.1158028._detail,Aumente o Laço com 『N』 para mais de 1500.
mst.mission.1158029._title,Aumente o Laço com Mia Taylor para 1500 ou mais.
mst.mission.1158029._detail,Aumente o Laço com 『N』 para mais de 1500.
mst.mission.1158030._title,Aumente o Laço com Zhong Lanzhu para mais de 1500.
mst.mission.1158030._detail,Aumente o Laço com 『N』 para mais de 1500.
mst.mission.1158031._title,Aumente o Laço com Shirokawa Kanon para mais de 1500.
mst.mission.1158031._detail,Aumente o Laço com 『N』 para mais de 1500.
mst.mission.1158032._title,Aumente o Laço com Tang Kaka para mais de 1500.
mst.mission.1158032._detail,Aumente o Laço com 『N』 para mais de 1500.
mst.mission.1158033._title,Aumente o Laço com Arashi Chisato para mais de 1500.
mst.mission.1158033._detail,Aumente o Laço com 『N』 para mais de 1500.
mst.mission.1158034._title,Aumente o Laço com Heianama Sumire para mais de 1500.
mst.mission.1158034._detail,Aumente o Laço com 『N』 para mais de 1500.
mst.mission.1158035._title,Aumente o Laço com Hazuki Koi para mais de 1500.
mst.mission.1158035._detail,Aumente o Laço com 『N』 para mais de 1500.
mst.mission.1158036._title,Aumente o Laço com Sakura Kojiro a 1500 ou mais.
mst.mission.1158036._detail,Aumente o Laço com 『N』 para mais de 1500.
mst.mission.1158037._title,Aumente o Laço com May Hime até 1500.
mst.mission.1158037._detail,Aumente o Laço com 『N』 para mais de 1500.
mst.mission.1158038._title,Aumente o Laço com Wakana Shiki para mais de 1500.
mst.mission.1158038._detail,Aumente o Laço com 『N』 para mais de 1500.
mst.mission.1158039._title,Aumente o Laço com Onizuka Natsumi para 1500 ou mais.
mst.mission.1158039._detail,Aumente o Laço com 『N』 para mais de 1500.
mst.mission.1158040._title,Aumente o Laço com Takasaka Honoka para 15000 ou mais.
mst.mission.1158040._detail,Aumente o Laço de 『N』 para mais de 15000.
mst.mission.1158041._title,Aumente o Laço com Ayanase Eris a 15000.
mst.mission.1158041._detail,Aumente o Laço de 『N』 para mais de 15000.
mst.mission.1158042._title,Aumente o Laço com Minami Kotori para 15000 ou mais.
mst.mission.1158042._detail,Aumente o Laço de 『N』 para mais de 15000.
mst.mission.1158043._title,Aumente o Laço com Sonoda Maimi para 15000 ou mais.
mst.mission.1158043._detail,Aumente o Laço de 『N』 para mais de 15000.
mst.mission.1158044._title,Aumente o Laço com Hoshizora Rin para 15000 ou mais.
mst.mission.1158044._detail,Aumente o Laço de 『N』 para mais de 15000.
mst.mission.1158045._title,Aumente o Laço com Nishikino Maki para 15000 ou mais.
mst.mission.1158045._detail,Aumente o Laço de 『N』 para mais de 15000.
mst.mission.1158046._title,Aumente o Laço com Toujou Nozomi para 15000 ou mais.
mst.mission.1158046._detail,Aumente o Laço de 『N』 para mais de 15000.
mst.mission.1158047._title,Aumente o Laço com Koizumi Hanayo para mais de 15000
mst.mission.1158047._detail,Aumente o Laço de 『N』 para mais de 15000.
mst.mission.1158048._title,Aumente o Laço com Yazawa Nico para 15000 ou mais.
mst.mission.1158048._detail,Aumente o Laço de 『N』 para mais de 15000.
mst.mission.1158049._title,Aumente o Laço com Takami Chika para mais de 15000.
mst.mission.1158049._detail,Aumente o Laço de 『N』 para mais de 15000.
mst.mission.1158050._title,Aumente o Laço com Sakura Uchi Riko para 15000 ou mais.
mst.mission.1158050._detail,Aumente o Laço de 『N』 para mais de 15000.
mst.mission.1158051._title,Aumente o Laço com Matsuura Kanon para 15000 ou mais.
mst.mission.1158051._detail,Aumente o Laço de 『N』 para mais de 15000.
mst.mission.1158052._title,Aumente o Laço com Kurozawa Dia para 15000 ou mais.
mst.mission.1158052._detail,Aumente o Laço de 『N』 para mais de 15000.
mst.mission.1158053._title,Aumente o Laço com Watanabe You para mais de 15000.
mst.mission.1158053._detail,Aumente o Laço de 『N』 para mais de 15000.
mst.mission.1158054._title,Aumente o Laço com Tsushima Zenko para 15000 ou mais.
mst.mission.1158054._detail,Aumente o Laço de 『N』 para mais de 15000.
mst.mission.1158055._title,Aumente o Laço com Kunikida Hanaru para 15000 ou mais.
mst.mission.1158055._detail,Aumente o Laço de 『N』 para mais de 15000.
mst.mission.1158056._title,Aumente o Laço com Odaira Mari para mais de 15000.
mst.mission.1158056._detail,Aumente o Laço de 『N』 para mais de 15000.
mst.mission.1158057._title,Aumente o Laço com Kurosawa Ruby para mais de 15000.
mst.mission.1158057._detail,Aumente o Laço de 『N』 para mais de 15000.
mst.mission.1158058._title,Aumente o Laço com Uehara Ayumu para 15000 ou mais.
mst.mission.1158058._detail,Aumente o Laço de 『N』 para mais de 15000.
mst.mission.1158059._title,Aumente o Laço com Nakasu Kasumi para 15000 ou mais.
mst.mission.1158059._detail,Aumente o Laço de 『N』 para mais de 15000.
mst.mission.1158060._title,Aumente o Laço com Sakurazaka Shizuku para 15000 ou mais.
mst.mission.1158060._detail,Aumente o Laço de 『N』 para mais de 15000.
mst.mission.1158061._title,Aumente o Laço com Asuka Karin para 15000 ou mais.
mst.mission.1158061._detail,Aumente o Laço de 『N』 para mais de 15000.
mst.mission.1158062._title,Aumente o Laço com Miyashita Ai para 15000 ou mais.
mst.mission.1158062._detail,Aumente o Laço de 『N』 para mais de 15000.
mst.mission.1158063._title,Aumente o Laço com Konoe Hisaho para mais de 15000.
mst.mission.1158063._detail,Aumente o Laço de 『N』 para mais de 15000.
mst.mission.1158064._title,Aumente o Laço com Yuuki Setsuna para mais de 15000.
mst.mission.1158064._detail,Aumente o Laço de 『N』 para mais de 15000.
mst.mission.1158065._title,Aumente o Laço com Emma Verde para 15000 ou mais.
mst.mission.1158065._detail,Aumente o Laço de 『N』 para mais de 15000.
mst.mission.1158066._title,Aumente o Laço com Tennoji Rina para 15000 ou mais.
mst.mission.1158066._detail,Aumente o Laço de 『N』 para mais de 15000.
mst.mission.1158067._title,Aumente o Laço com Sanbu Shizuko para 15000 ou mais.
mst.mission.1158067._detail,Aumente o Laço de 『N』 para mais de 15000.
mst.mission.1158068._title,Aumente o Laço com Mia Taylor para 15000 ou mais.
mst.mission.1158068._detail,Aumente o Laço de 『N』 para mais de 15000.
mst.mission.1158069._title,Aumente o Laço com Zhong Lanzhu para 15000 ou mais.
mst.mission.1158069._detail,Aumente o Laço de 『N』 para mais de 15000.
mst.mission.1158070._title,Aumente o Laço com Shiroya Kanon para 15000 ou mais.
mst.mission.1158070._detail,Aumente o Laço de 『N』 para mais de 15000.
mst.mission.1158071._title,Aumente o Laço com Tang Kaka para mais de 15000.
mst.mission.1158071._detail,Aumente o Laço de 『N』 para mais de 15000.
mst.mission.1158072._title,Aumente o Laço com Arashi Chisato para 15000 ou mais.
mst.mission.1158072._detail,Aumente o Laço de 『N』 para mais de 15000.
mst.mission.1158073._title,Aumente o Laço com Heianama Sumire para 15000 ou mais.
mst.mission.1158073._detail,Aumente o Laço de 『N』 para mais de 15000.
mst.mission.1158074._title,Aumente o Laço com Hazuki Koi para mais de 15000.
mst.mission.1158074._detail,Aumente o Laço de 『N』 para mais de 15000.
mst.mission.1158075._title,Aumente o Laço com Sakura Kojiro para mais de 15000.
mst.mission.1158075._detail,Aumente o Laço de 『N』 para mais de 15000.
mst.mission.1158076._title,Aumente o Laço com May Hime até 15000.
mst.mission.1158076._detail,Aumente o Laço de 『N』 para mais de 15000.
mst.mission.1158077._title,Aumente o Laço com Wakana Shiki para mais de 15000.
mst.mission.1158077._detail,Aumente o Laço de 『N』 para mais de 15000.
mst.mission.1158078._title,Aumente o Laço com Onizuka Natsumi para 15000 ou mais.
mst.mission.1158078._detail,Aumente o Laço de 『N』 para mais de 15000.
mst.mission.1158079._title,Aumente o Laço com Wien Margarete para 1500 ou mais.
mst.mission.1158079._detail,Aumente o Laço com 『N』 para mais de 1500.
mst.mission.1158080._title,Aumente o Laço com Onitsuka Tomari para 1500 ou mais.
mst.mission.1158080._detail,Aumente o Laço com 『N』 para mais de 1500.
mst.mission.1158081._title,Aumente o Laço com Wien Margarete para mais de 15000.
mst.mission.1158081._detail,Aumente o Laço de 『N』 para mais de 15000.
mst.mission.1158082._title,Aumente o Laço com Onitsuka Tomari para 15000 ou mais.
mst.mission.1158082._detail,Aumente o Laço de 『N』 para mais de 15000.
mst.mission.1176001._title,ALCANCE O FULL COMBO
mst.mission.1176001._detail,"Conquiste um Full Combo no Live, em dificuldade NORMAL ou superior."
mst.mission.1177001._title,Conquiste ALL PERFECT
mst.mission.1177002._title,Conquiste ALL PERFECT no nível MASTER
mst.mission.1169001._title,Leia 50 tipos de chat.
mst.mission.1169001._detail,Conquiste ALL PERFECT 50 vezes em qualquer dificuldade.
mst.mission.1176002._title,Conquiste 100 FULL COMBOS
mst.mission.1176002._detail,Conquiste 100 Full Combos em Lives no nível NORMAL ou superior.
mst.mission.1176003._title,Conquiste 200 FULL COMBOS
mst.mission.1176003._detail,Conquiste 200 Full Combos em Lives no nível NORMAL ou superior.
mst.mission.1176004._title,Conquiste 300 FULL COMBOS
mst.mission.1176004._detail,Conquiste 300 Full Combos em Lives (dificuldade NORMAL ou superior)
mst.mission.1176005._title,Conquiste 400 FULL COMBOS
mst.mission.1176005._detail,Conquiste 400 Full Combos em Lives no nível NORMAL ou superior.
mst.mission.1176006._title,Conquiste 500 FULL COMBOS
mst.mission.1176006._detail,Faça 500 Full Combos em Lives com dificuldade NORMAL ou superior.
mst.mission.2151001._title,Obtenha a Idol “Você sob meu olhar”
mst.mission.2151001._detail,Obtenha a Idol “Você Me Observa”.
mst.mission.2151002._title,Obtenha a Idol “Encontro Adulto ♡”
mst.mission.2151002._detail,Obtenha a Idol “Encontro Adulto ♡”
mst.mission.2151003._title,Obtenha a Idol “Atitude Sedutora”
mst.mission.2151003._detail,Obtenha a Idol “Atitude Sedutora”
mst.mission.2151004._title,Obtenha a Idol “Em Busca de um Amor Especial”
mst.mission.2151004._detail,Obtenha a Idol “Em Busca de um Amor Especial”
mst.mission.2151005._title,Obtenha a Idol “Divertindo-se Juntos”
mst.mission.2151005._detail,Obtenha a Idol “Divertindo-se Juntos”.
mst.mission.2151006._title,Obtenha a Idol “Sempre pensando em você”
mst.mission.2151006._detail,Obtenha a Idol “Zutto Anata no Koto”.
mst.mission.2151007._title,Obtenha a Idol “Amor para todos”
mst.mission.2151007._detail,Obtenha a Idol “Amor para Compartilhar com Todos”
mst.mission.2151008._title,Obtenha a Idol “Você em minhas memórias”
mst.mission.2151008._detail,Obtenha a Idol “Você em minhas Memórias”
mst.mission.2151009._title,"Obtenha a Idol “Para Você, Que É Tão Importante”"
mst.mission.2151009._detail,"Obtenha a Idol “Para Você, Que É Tão Importante”"
mst.mission.2151010._title,Obtenha a Idol “Minha Marca”
mst.mission.2151010._detail,Obtenha a Idol “Minha Marca”.
mst.mission.2151011._title,Obtenha a Idol “Sentimentos Acelerados”
mst.mission.2151011._detail,Obtenha a Idol “Sentimentos Acelerados”
mst.mission.2151012._title,Obtenha a Idol “Vamos nos apaixonar!”
mst.mission.2151012._detail,Obtenha a Idol “Vamos nos apaixonar!”
mst.mission.1958001._title,Aumente o Laço de 『N』
mst.mission.1958001._detail,Aumente o Laço de 『N』
mst.mission.1958002._title,Aumente o Laço de 『N』 para 1000 ou mais
mst.mission.1958002._detail,Aumente o Laço de 『N』 para mais de 1000.
mst.mission.1958003._title,Aumente o Laço de 『N』 para mais de 2000
mst.mission.1958003._detail,Aumente o Laço de 『N』 para mais de 2000.
mst.mission.1958004._title,Aumente o Laço de 『N』 para mais de 3500
mst.mission.1958004._detail,Aumente o Laço de 『N』 para mais de 3500.
mst.mission.1958005._title,Aumente o Laço de 『N』 para 5000 ou mais
mst.mission.1958005._detail,Aumente o Laço de 『N』 para 5000 ou mais.
mst.mission.1958006._title,Aumente o Laço de 『N』 para 6000 ou mais
mst.mission.1958006._detail,Aumente o Laço de 『N』 para mais de 6000.
mst.mission.1958007._title,Aumente o Laço de 『N』 para 7000 ou mais
mst.mission.1958007._detail,Aumente o Laço de 『N』 para mais de 7000.
mst.mission.1958008._title,Aumente o Laço de 『N』 para 8000 ou mais
mst.mission.1958008._detail,Aumente o Laço de 『N』 para mais de 8000.
mst.mission.1958009._title,Aumente o Laço de 『N』 para mais de 9000
mst.mission.1958009._detail,Aumente o Laço de 『N』 para mais de 9000.
mst.mission.1958010._title,Aumente o Laço de 『N』 para 10000 ou mais
mst.mission.1958010._detail,Aumente o Laço de 『N』 para mais de 10000.
mst.mission.1958011._title,Aumente o Laço de 『N』 para mais de 11000
mst.mission.1958011._detail,Aumente o Laço de 『N』 para mais de 11000.
mst.mission.1958012._title,Aumente o Laço de 『N』 para mais de 12500
mst.mission.1958012._detail,Aumente o Laço de 『N』 para mais de 12500.
mst.mission.1958013._title,Aumente o Laço de 『N』 para mais de 13000
mst.mission.1958013._detail,Aumente o Laço de 『N』 para mais de 13000.
mst.mission.1958014._title,Aumente o Laço de 『N』 para mais de 13500
mst.mission.1958014._detail,Aumente o Laço de 『N』 para mais de 13500.
mst.mission.1958015._title,Aumente o Laço de 『N』 para 15000 ou mais
mst.mission.1958015._detail,Aumente o Laço de 『N』 para mais de 15000.
mst.mission.1958016._title,Aumente o Laço de 『N』
mst.mission.1958016._detail,Aumente o Laço de 『N』
mst.mission.1958017._title,Aumente o Laço de 『N』 para 1000 ou mais
mst.mission.1958017._detail,Aumente o Laço de 『N』 para mais de 1000.
mst.mission.1958018._title,Aumente o Laço de 『N』 para mais de 2000
mst.mission.1958018._detail,Aumente o Laço de 『N』 para mais de 2000.
mst.mission.1958019._title,Aumente o Laço de 『N』 para mais de 3500
mst.mission.1958019._detail,Aumente o Laço de 『N』 para mais de 3500.
mst.mission.1958020._title,Aumente o Laço de 『N』 para 5000 ou mais
mst.mission.1958020._detail,Aumente o Laço de 『N』 para 5000 ou mais.
mst.mission.1958021._title,Aumente o Laço de 『N』 para 6000 ou mais
mst.mission.1958021._detail,Aumente o Laço de 『N』 para mais de 6000.
mst.mission.1958022._title,Aumente o Laço de 『N』 para 7000 ou mais
mst.mission.1958022._detail,Aumente o Laço de 『N』 para mais de 7000.
mst.mission.1958023._title,Aumente o Laço de 『N』 para 8000 ou mais
mst.mission.1958023._detail,Aumente o Laço de 『N』 para mais de 8000.
mst.mission.1958024._title,Aumente o Laço de 『N』 para mais de 9000
mst.mission.1958024._detail,Aumente o Laço de 『N』 para mais de 9000.
mst.mission.1958025._title,Aumente o Laço de 『N』 para 10000 ou mais
mst.mission.1958025._detail,Aumente o Laço de 『N』 para mais de 10000.
mst.mission.1958026._title,Aumente o Laço de 『N』 para mais de 11000
mst.mission.1958026._detail,Aumente o Laço de 『N』 para mais de 11000.
mst.mission.1958027._title,Aumente o Laço de 『N』 para mais de 12500
mst.mission.1958027._detail,Aumente o Laço de 『N』 para mais de 12500.
mst.mission.1958028._title,Aumente o Laço de 『N』 para mais de 13000
mst.mission.1958028._detail,Aumente o Laço de 『N』 para mais de 13000.
mst.mission.1958029._title,Aumente o Laço de 『N』 para mais de 13500
mst.mission.1958029._detail,Aumente o Laço de 『N』 para mais de 13500.
mst.mission.1958030._title,Aumente o Laço de 『N』 para 15000 ou mais
mst.mission.1958030._detail,Aumente o Laço de 『N』 para mais de 15000.
mst.mission.1958031._title,Aumente o Laço de 『N』
mst.mission.1958031._detail,Aumente o Laço de 『N』
mst.mission.1958032._title,Aumente o Laço de 『N』 para 1000 ou mais
mst.mission.1958032._detail,Aumente o Laço de 『N』 para mais de 1000.
mst.mission.1958033._title,Aumente o Laço de 『N』 para mais de 2000
mst.mission.1958033._detail,Aumente o Laço de 『N』 para mais de 2000.
mst.mission.1958034._title,Aumente o Laço de 『N』 para mais de 3500
mst.mission.1958034._detail,Aumente o Laço de 『N』 para mais de 3500.
mst.mission.1958035._title,Aumente o Laço de 『N』 para 5000 ou mais
mst.mission.1958035._detail,Aumente o Laço de 『N』 para 5000 ou mais.
mst.mission.1958036._title,Aumente o Laço de 『N』 para 6000 ou mais
mst.mission.1958036._detail,Aumente o Laço de 『N』 para mais de 6000.
mst.mission.1958037._title,Aumente o Laço de 『N』 para 7000 ou mais
mst.mission.1958037._detail,Aumente o Laço de 『N』 para mais de 7000.
mst.mission.1958038._title,Aumente o Laço de 『N』 para 8000 ou mais
mst.mission.1958038._detail,Aumente o Laço de 『N』 para mais de 8000.
mst.mission.1958039._title,Aumente o Laço de 『N』 para mais de 9000
mst.mission.1958039._detail,Aumente o Laço de 『N』 para mais de 9000.
mst.mission.1958040._title,Aumente o Laço de 『N』 para 10000 ou mais
mst.mission.1958040._detail,Aumente o Laço de 『N』 para mais de 10000.
mst.mission.1958041._title,Aumente o Laço de 『N』 para mais de 11000
mst.mission.1958041._detail,Aumente o Laço de 『N』 para mais de 11000.
mst.mission.1958042._title,Aumente o Laço de 『N』 para mais de 12500
mst.mission.1958042._detail,Aumente o Laço de 『N』 para mais de 12500.
mst.mission.1958043._title,Aumente o Laço de 『N』 para mais de 13000
mst.mission.1958043._detail,Aumente o Laço de 『N』 para mais de 13000.
mst.mission.1958044._title,Aumente o Laço de 『N』 para mais de 13500
mst.mission.1958044._detail,Aumente o Laço de 『N』 para mais de 13500.
mst.mission.1958045._title,Aumente o Laço de 『N』 para 15000 ou mais
mst.mission.1958045._detail,Aumente o Laço de 『N』 para mais de 15000.
mst.mission.1958046._title,Aumente o Laço de 『N』
mst.mission.1958046._detail,Aumente o Laço de 『N』
mst.mission.1958047._title,Aumente o Laço de 『N』 para 1000 ou mais
mst.mission.1958047._detail,Aumente o Laço de 『N』 para mais de 1000.
mst.mission.1958048._title,Aumente o Laço de 『N』 para mais de 2000
mst.mission.1958048._detail,Aumente o Laço de 『N』 para mais de 2000.
mst.mission.1958049._title,Aumente o Laço de 『N』 para mais de 3500
mst.mission.1958049._detail,Aumente o Laço de 『N』 para mais de 3500.
mst.mission.1958050._title,Aumente o Laço de 『N』 para 5000 ou mais
mst.mission.1958050._detail,Aumente o Laço de 『N』 para 5000 ou mais.
mst.mission.1958051._title,Aumente o Laço de 『N』 para 6000 ou mais
mst.mission.1958051._detail,Aumente o Laço de 『N』 para mais de 6000.
mst.mission.1958052._title,Aumente o Laço de 『N』 para 7000 ou mais
mst.mission.1958052._detail,Aumente o Laço de 『N』 para mais de 7000.
mst.mission.1958053._title,Aumente o Laço de 『N』 para 8000 ou mais
mst.mission.1958053._detail,Aumente o Laço de 『N』 para mais de 8000.
mst.mission.1958054._title,Aumente o Laço de 『N』 para mais de 9000
mst.mission.1958054._detail,Aumente o Laço de 『N』 para mais de 9000.
mst.mission.1958055._title,Aumente o Laço de 『N』 para 10000 ou mais
mst.mission.1958055._detail,Aumente o Laço de 『N』 para mais de 10000.
mst.mission.1958056._title,Aumente o Laço de 『N』 para mais de 11000
mst.mission.1958056._detail,Aumente o Laço de 『N』 para mais de 11000.
mst.mission.1958057._title,Aumente o Laço de 『N』 para mais de 12500
mst.mission.1958057._detail,Aumente o Laço de 『N』 para mais de 12500.
mst.mission.1958058._title,Aumente o Laço de 『N』 para mais de 13000
mst.mission.1958058._detail,Aumente o Laço de 『N』 para mais de 13000.
mst.mission.1958059._title,Aumente o Laço de 『N』 para mais de 13500
mst.mission.1958059._detail,Aumente o Laço de 『N』 para mais de 13500.
mst.mission.1958060._title,Aumente o Laço de 『N』 para 15000 ou mais
mst.mission.1958060._detail,Aumente o Laço de 『N』 para mais de 15000.
mst.mission.1958061._title,Aumente o Laço de 『N』
mst.mission.1958061._detail,Aumente o Laço de 『N』
mst.mission.1958062._title,Aumente o Laço de 『N』 para 1000 ou mais
mst.mission.1958062._detail,Aumente o Laço de 『N』 para mais de 1000.
mst.mission.1958063._title,Aumente o Laço de 『N』 para mais de 2000
mst.mission.1958063._detail,Aumente o Laço de 『N』 para mais de 2000.
mst.mission.1958064._title,Aumente o Laço de 『N』 para mais de 3500
mst.mission.1958064._detail,Aumente o Laço de 『N』 para mais de 3500.
mst.mission.1958065._title,Aumente o Laço de 『N』 para 5000 ou mais
mst.mission.1958065._detail,Aumente o Laço de 『N』 para 5000 ou mais.
mst.mission.1958066._title,Aumente o Laço de 『N』 para 6000 ou mais
mst.mission.1958066._detail,Aumente o Laço de 『N』 para mais de 6000.
mst.mission.1958067._title,Aumente o Laço de 『N』 para 7000 ou mais
mst.mission.1958067._detail,Aumente o Laço de 『N』 para mais de 7000.
mst.mission.1958068._title,Aumente o Laço de 『N』 para 8000 ou mais
mst.mission.1958068._detail,Aumente o Laço de 『N』 para mais de 8000.
mst.mission.1958069._title,Aumente o Laço de 『N』 para mais de 9000
mst.mission.1958069._detail,Aumente o Laço de 『N』 para mais de 9000.
mst.mission.1958070._title,Aumente o Laço de 『N』 para 10000 ou mais
mst.mission.1958070._detail,Aumente o Laço de 『N』 para mais de 10000.
mst.mission.1958071._title,Aumente o Laço de 『N』 para mais de 11000
mst.mission.1958071._detail,Aumente o Laço de 『N』 para mais de 11000.
mst.mission.1958072._title,Aumente o Laço de 『N』 para mais de 12500
mst.mission.1958072._detail,Aumente o Laço de 『N』 para mais de 12500.
mst.mission.1958073._title,Aumente o Laço de 『N』 para mais de 13000
mst.mission.1958073._detail,Aumente o Laço de 『N』 para mais de 13000.
mst.mission.1958074._title,Aumente o Laço de 『N』 para mais de 13500
mst.mission.1958074._detail,Aumente o Laço de 『N』 para mais de 13500.
mst.mission.1958075._title,Aumente o Laço de 『N』 para 15000 ou mais
mst.mission.1958075._detail,Aumente o Laço de 『N』 para mais de 15000.
mst.mission.1958076._title,Aumente o Laço de 『N』
mst.mission.1958076._detail,Aumente o Laço de 『N』
mst.mission.1958077._title,Aumente o Laço de 『N』 para 1000 ou mais
mst.mission.1958077._detail,Aumente o Laço de 『N』 para mais de 1000.
mst.mission.1958078._title,Aumente o Laço de 『N』 para mais de 2000
mst.mission.1958078._detail,Aumente o Laço de 『N』 para mais de 2000.
mst.mission.1958079._title,Aumente o Laço de 『N』 para mais de 3500
mst.mission.1958079._detail,Aumente o Laço de 『N』 para mais de 3500.
mst.mission.1958080._title,Aumente o Laço de 『N』 para 5000 ou mais
mst.mission.1958080._detail,Aumente o Laço de 『N』 para 5000 ou mais.
mst.mission.1958081._title,Aumente o Laço de 『N』 para 6000 ou mais
mst.mission.1958081._detail,Aumente o Laço de 『N』 para mais de 6000.
mst.mission.1958082._title,Aumente o Laço de 『N』 para 7000 ou mais
mst.mission.1958082._detail,Aumente o Laço de 『N』 para mais de 7000.
mst.mission.1958083._title,Aumente o Laço de 『N』 para 8000 ou mais
mst.mission.1958083._detail,Aumente o Laço de 『N』 para mais de 8000.
mst.mission.1958084._title,Aumente o Laço de 『N』 para mais de 9000
mst.mission.1958084._detail,Aumente o Laço de 『N』 para mais de 9000.
mst.mission.1958085._title,Aumente o Laço de 『N』 para 10000 ou mais
mst.mission.1958085._detail,Aumente o Laço de 『N』 para mais de 10000.
mst.mission.1958086._title,Aumente o Laço de 『N』 para mais de 11000
mst.mission.1958086._detail,Aumente o Laço de 『N』 para mais de 11000.
mst.mission.1958087._title,Aumente o Laço de 『N』 para mais de 12500
mst.mission.1958087._detail,Aumente o Laço de 『N』 para mais de 12500.
mst.mission.1958088._title,Aumente o Laço de 『N』 para mais de 13000
mst.mission.1958088._detail,Aumente o Laço de 『N』 para mais de 13000.
mst.mission.1958089._title,Aumente o Laço de 『N』 para mais de 13500
mst.mission.1958089._detail,Aumente o Laço de 『N』 para mais de 13500.
mst.mission.1958090._title,Aumente o Laço de 『N』 para 15000 ou mais
mst.mission.1958090._detail,Aumente o Laço de 『N』 para mais de 15000.
mst.mission.1958091._title,Aumente o Laço de 『N』
mst.mission.1958091._detail,Aumente o Laço de 『N』
mst.mission.1958092._title,Aumente o Laço de 『N』 para 1000 ou mais
mst.mission.1958092._detail,Aumente o Laço de 『N』 para mais de 1000.
mst.mission.1958093._title,Aumente o Laço de 『N』 para mais de 2000
mst.mission.1958093._detail,Aumente o Laço de 『N』 para mais de 2000.
mst.mission.1958094._title,Aumente o Laço de 『N』 para mais de 3500
mst.mission.1958094._detail,Aumente o Laço de 『N』 para mais de 3500.
mst.mission.1958095._title,Aumente o Laço de 『N』 para 5000 ou mais
mst.mission.1958095._detail,Aumente o Laço de 『N』 para 5000 ou mais.
mst.mission.1958096._title,Aumente o Laço de 『N』 para 6000 ou mais
mst.mission.1958096._detail,Aumente o Laço de 『N』 para mais de 6000.
mst.mission.1958097._title,Aumente o Laço de 『N』 para 7000 ou mais
mst.mission.1958097._detail,Aumente o Laço de 『N』 para mais de 7000.
mst.mission.1958098._title,Aumente o Laço de 『N』 para 8000 ou mais
mst.mission.1958098._detail,Aumente o Laço de 『N』 para mais de 8000.
mst.mission.1958099._title,Aumente o Laço de 『N』 para mais de 9000
mst.mission.1958099._detail,Aumente o Laço de 『N』 para mais de 9000.
mst.mission.1958100._title,Aumente o Laço de 『N』 para 10000 ou mais
mst.mission.1958100._detail,Aumente o Laço de 『N』 para mais de 10000.
mst.mission.1958101._title,Aumente o Laço de 『N』 para mais de 11000
mst.mission.1958101._detail,Aumente o Laço de 『N』 para mais de 11000.
mst.mission.1958102._title,Aumente o Laço de 『N』 para mais de 12500
mst.mission.1958102._detail,Aumente o Laço de 『N』 para mais de 12500.
mst.mission.1958103._title,Aumente o Laço de 『N』 para mais de 13000
mst.mission.1958103._detail,Aumente o Laço de 『N』 para mais de 13000.
mst.mission.1958104._title,Aumente o Laço de 『N』 para mais de 13500
mst.mission.1958104._detail,Aumente o Laço de 『N』 para mais de 13500.
mst.mission.1958105._title,Aumente o Laço de 『N』 para 15000 ou mais
mst.mission.1958105._detail,Aumente o Laço de 『N』 para mais de 15000.
mst.mission.1958106._title,Aumente o Laço de 『N』
mst.mission.1958106._detail,Aumente o Laço de 『N』
mst.mission.1958107._title,Aumente o Laço de 『N』 para 1000 ou mais
mst.mission.1958107._detail,Aumente o Laço de 『N』 para mais de 1000.
mst.mission.1958108._title,Aumente o Laço de 『N』 para mais de 2000
mst.mission.1958108._detail,Aumente o Laço de 『N』 para mais de 2000.
mst.mission.1958109._title,Aumente o Laço de 『N』 para mais de 3500
mst.mission.1958109._detail,Aumente o Laço de 『N』 para mais de 3500.
mst.mission.1958110._title,Aumente o Laço de 『N』 para 5000 ou mais
mst.mission.1958110._detail,Aumente o Laço de 『N』 para 5000 ou mais.
mst.mission.1958111._title,Aumente o Laço de 『N』 para 6000 ou mais
mst.mission.1958111._detail,Aumente o Laço de 『N』 para mais de 6000.
mst.mission.1958112._title,Aumente o Laço de 『N』 para 7000 ou mais
mst.mission.1958112._detail,Aumente o Laço de 『N』 para mais de 7000.
mst.mission.1958113._title,Aumente o Laço de 『N』 para 8000 ou mais
mst.mission.1958113._detail,Aumente o Laço de 『N』 para mais de 8000.
mst.mission.1958114._title,Aumente o Laço de 『N』 para mais de 9000
mst.mission.1958114._detail,Aumente o Laço de 『N』 para mais de 9000.
mst.mission.1958115._title,Aumente o Laço de 『N』 para 10000 ou mais
mst.mission.1958115._detail,Aumente o Laço de 『N』 para mais de 10000.
mst.mission.1958116._title,Aumente o Laço de 『N』 para mais de 11000
mst.mission.1958116._detail,Aumente o Laço de 『N』 para mais de 11000.
mst.mission.1958117._title,Aumente o Laço de 『N』 para mais de 12500
mst.mission.1958117._detail,Aumente o Laço de 『N』 para mais de 12500.
mst.mission.1958118._title,Aumente o Laço de 『N』 para mais de 13000
mst.mission.1958118._detail,Aumente o Laço de 『N』 para mais de 13000.
mst.mission.1958119._title,Aumente o Laço de 『N』 para mais de 13500
mst.mission.1958119._detail,Aumente o Laço de 『N』 para mais de 13500.
mst.mission.1958120._title,Aumente o Laço de 『N』 para 15000 ou mais
mst.mission.1958120._detail,Aumente o Laço de 『N』 para mais de 15000.
mst.mission.1958121._title,Aumente o Laço de 『N』
mst.mission.1958121._detail,Aumente o Laço de 『N』
mst.mission.1958122._title,Aumente o Laço de 『N』 para 1000 ou mais
mst.mission.1958122._detail,Aumente o Laço de 『N』 para mais de 1000.
mst.mission.1958123._title,Aumente o Laço de 『N』 para mais de 2000
mst.mission.1958123._detail,Aumente o Laço de 『N』 para mais de 2000.
mst.mission.1958124._title,Aumente o Laço de 『N』 para mais de 3500
mst.mission.1958124._detail,Aumente o Laço de 『N』 para mais de 3500.
mst.mission.1958125._title,Aumente o Laço de 『N』 para 5000 ou mais
mst.mission.1958125._detail,Aumente o Laço de 『N』 para 5000 ou mais.
mst.mission.1958126._title,Aumente o Laço de 『N』 para 6000 ou mais
mst.mission.1958126._detail,Aumente o Laço de 『N』 para mais de 6000.
mst.mission.1958127._title,Aumente o Laço de 『N』 para 7000 ou mais
mst.mission.1958127._detail,Aumente o Laço de 『N』 para mais de 7000.
mst.mission.1958128._title,Aumente o Laço de 『N』 para 8000 ou mais
mst.mission.1958128._detail,Aumente o Laço de 『N』 para mais de 8000.
mst.mission.1958129._title,Aumente o Laço de 『N』 para mais de 9000
mst.mission.1958129._detail,Aumente o Laço de 『N』 para mais de 9000.
mst.mission.1958130._title,Aumente o Laço de 『N』 para 10000 ou mais
mst.mission.1958130._detail,Aumente o Laço de 『N』 para mais de 10000.
mst.mission.1958131._title,Aumente o Laço de 『N』 para mais de 11000
mst.mission.1958131._detail,Aumente o Laço de 『N』 para mais de 11000.
mst.mission.1958132._title,Aumente o Laço de 『N』 para mais de 12500
mst.mission.1958132._detail,Aumente o Laço de 『N』 para mais de 12500.
mst.mission.1958133._title,Aumente o Laço de 『N』 para mais de 13000
mst.mission.1958133._detail,Aumente o Laço de 『N』 para mais de 13000.
mst.mission.1958134._title,Aumente o Laço de 『N』 para mais de 13500
mst.mission.1958134._detail,Aumente o Laço de 『N』 para mais de 13500.
mst.mission.1958135._title,Aumente o Laço de 『N』 para 15000 ou mais
mst.mission.1958135._detail,Aumente o Laço de 『N』 para mais de 15000.
mst.mission.1958136._title,Aumente o Laço de 『N』
mst.mission.1958136._detail,Aumente o Laço de 『N』
mst.mission.1958137._title,Aumente o Laço de 『N』 para 1000 ou mais
mst.mission.1958137._detail,Aumente o Laço de 『N』 para mais de 1000.
mst.mission.1958138._title,Aumente o Laço de 『N』 para mais de 2000
mst.mission.1958138._detail,Aumente o Laço de 『N』 para mais de 2000.
mst.mission.1958139._title,Aumente o Laço de 『N』 para mais de 3500
mst.mission.1958139._detail,Aumente o Laço de 『N』 para mais de 3500.
mst.mission.1958140._title,Aumente o Laço de 『N』 para 5000 ou mais
mst.mission.1958140._detail,Aumente o Laço de 『N』 para 5000 ou mais.
mst.mission.1958141._title,Aumente o Laço de 『N』 para 6000 ou mais
mst.mission.1958141._detail,Aumente o Laço de 『N』 para mais de 6000.
mst.mission.1958142._title,Aumente o Laço de 『N』 para 7000 ou mais
mst.mission.1958142._detail,Aumente o Laço de 『N』 para mais de 7000.
mst.mission.1958143._title,Aumente o Laço de 『N』 para 8000 ou mais
mst.mission.1958143._detail,Aumente o Laço de 『N』 para mais de 8000.
mst.mission.1958144._title,Aumente o Laço de 『N』 para mais de 9000
mst.mission.1958144._detail,Aumente o Laço de 『N』 para mais de 9000.
mst.mission.1958145._title,Aumente o Laço de 『N』 para 10000 ou mais
mst.mission.1958145._detail,Aumente o Laço de 『N』 para mais de 10000.
mst.mission.1958146._title,Aumente o Laço de 『N』 para mais de 11000
mst.mission.1958146._detail,Aumente o Laço de 『N』 para mais de 11000.
mst.mission.1958147._title,Aumente o Laço de 『N』 para mais de 12500
mst.mission.1958147._detail,Aumente o Laço de 『N』 para mais de 12500.
mst.mission.1958148._title,Aumente o Laço de 『N』 para mais de 13000
mst.mission.1958148._detail,Aumente o Laço de 『N』 para mais de 13000.
mst.mission.1958149._title,Aumente o Laço de 『N』 para mais de 13500
mst.mission.1958149._detail,Aumente o Laço de 『N』 para mais de 13500.
mst.mission.1958150._title,Aumente o Laço de 『N』 para 15000 ou mais
mst.mission.1958150._detail,Aumente o Laço de 『N』 para mais de 15000.
mst.mission.1958151._title,Aumente o Laço de 『N』
mst.mission.1958151._detail,Aumente o Laço de 『N』
mst.mission.1958152._title,Aumente o Laço de 『N』 para 1000 ou mais
mst.mission.1958152._detail,Aumente o Laço de 『N』 para mais de 1000.
mst.mission.1958153._title,Aumente o Laço de 『N』 para mais de 2000
mst.mission.1958153._detail,Aumente o Laço de 『N』 para mais de 2000.
mst.mission.1958154._title,Aumente o Laço de 『N』 para mais de 3500
mst.mission.1958154._detail,Aumente o Laço de 『N』 para mais de 3500.
mst.mission.1958155._title,Aumente o Laço de 『N』 para 5000 ou mais
mst.mission.1958155._detail,Aumente o Laço de 『N』 para 5000 ou mais.
mst.mission.1958156._title,Aumente o Laço de 『N』 para 6000 ou mais
mst.mission.1958156._detail,Aumente o Laço de 『N』 para mais de 6000.
mst.mission.1958157._title,Aumente o Laço de 『N』 para 7000 ou mais
mst.mission.1958157._detail,Aumente o Laço de 『N』 para mais de 7000.
mst.mission.1958158._title,Aumente o Laço de 『N』 para 8000 ou mais
mst.mission.1958158._detail,Aumente o Laço de 『N』 para mais de 8000.
mst.mission.1958159._title,Aumente o Laço de 『N』 para mais de 9000
mst.mission.1958159._detail,Aumente o Laço de 『N』 para mais de 9000.
mst.mission.1958160._title,Aumente o Laço de 『N』 para 10000 ou mais
mst.mission.1958160._detail,Aumente o Laço de 『N』 para mais de 10000.
mst.mission.1958161._title,Aumente o Laço de 『N』 para mais de 11000
mst.mission.1958161._detail,Aumente o Laço de 『N』 para mais de 11000.
mst.mission.1958162._title,Aumente o Laço de 『N』 para mais de 12500
mst.mission.1958162._detail,Aumente o Laço de 『N』 para mais de 12500.
mst.mission.1958163._title,Aumente o Laço de 『N』 para mais de 13000
mst.mission.1958163._detail,Aumente o Laço de 『N』 para mais de 13000.
mst.mission.1958164._title,Aumente o Laço de 『N』 para mais de 13500
mst.mission.1958164._detail,Aumente o Laço de 『N』 para mais de 13500.
mst.mission.1958165._title,Aumente o Laço de 『N』 para 15000 ou mais
mst.mission.1958165._detail,Aumente o Laço de 『N』 para mais de 15000.
mst.mission.1958166._title,Aumente o Laço de 『N』
mst.mission.1958166._detail,Aumente o Laço de 『N』
mst.mission.1958167._title,Aumente o Laço de 『N』 para 1000 ou mais
mst.mission.1958167._detail,Aumente o Laço de 『N』 para mais de 1000.
mst.mission.1958168._title,Aumente o Laço de 『N』 para mais de 2000
mst.mission.1958168._detail,Aumente o Laço de 『N』 para mais de 2000.
mst.mission.1958169._title,Aumente o Laço de 『N』 para mais de 3500
mst.mission.1958169._detail,Aumente o Laço de 『N』 para mais de 3500.
mst.mission.1958170._title,Aumente o Laço de 『N』 para 5000 ou mais
mst.mission.1958170._detail,Aumente o Laço de 『N』 para 5000 ou mais.
mst.mission.1958171._title,Aumente o Laço de 『N』 para 6000 ou mais
mst.mission.1958171._detail,Aumente o Laço de 『N』 para mais de 6000.
mst.mission.1958172._title,Aumente o Laço de 『N』 para 7000 ou mais
mst.mission.1958172._detail,Aumente o Laço de 『N』 para mais de 7000.
mst.mission.1958173._title,Aumente o Laço de 『N』 para 8000 ou mais
mst.mission.1958173._detail,Aumente o Laço de 『N』 para mais de 8000.
mst.mission.1958174._title,Aumente o Laço de 『N』 para mais de 9000
mst.mission.1958174._detail,Aumente o Laço de 『N』 para mais de 9000.
mst.mission.1958175._title,Aumente o Laço de 『N』 para 10000 ou mais
mst.mission.1958175._detail,Aumente o Laço de 『N』 para mais de 10000.
mst.mission.1958176._title,Aumente o Laço de 『N』 para mais de 11000
mst.mission.1958176._detail,Aumente o Laço de 『N』 para mais de 11000.
mst.mission.1958177._title,Aumente o Laço de 『N』 para mais de 12500
mst.mission.1958177._detail,Aumente o Laço de 『N』 para mais de 12500.
mst.mission.1958178._title,Aumente o Laço de 『N』 para mais de 13000
mst.mission.1958178._detail,Aumente o Laço de 『N』 para mais de 13000.
mst.mission.1958179._title,Aumente o Laço de 『N』 para mais de 13500
mst.mission.1958179._detail,Aumente o Laço de 『N』 para mais de 13500.
mst.mission.1958180._title,Aumente o Laço de 『N』 para 15000 ou mais
mst.mission.1958180._detail,Aumente o Laço de 『N』 para mais de 15000.
mst.mission.1958181._title,Aumente o Laço de 『N』
mst.mission.1958181._detail,Aumente o Laço de 『N』
mst.mission.1958182._title,Aumente o Laço de 『N』 para 1000 ou mais
mst.mission.1958182._detail,Aumente o Laço de 『N』 para mais de 1000.
mst.mission.1958183._title,Aumente o Laço de 『N』 para mais de 2000
mst.mission.1958183._detail,Aumente o Laço de 『N』 para mais de 2000.
mst.mission.1958184._title,Aumente o Laço de 『N』 para mais de 3500
mst.mission.1958184._detail,Aumente o Laço de 『N』 para mais de 3500.
mst.mission.1958185._title,Aumente o Laço de 『N』 para 5000 ou mais
mst.mission.1958185._detail,Aumente o Laço de 『N』 para 5000 ou mais.
mst.mission.1958186._title,Aumente o Laço de 『N』 para 6000 ou mais
mst.mission.1958186._detail,Aumente o Laço de 『N』 para mais de 6000.
mst.mission.1958187._title,Aumente o Laço de 『N』 para 7000 ou mais
mst.mission.1958187._detail,Aumente o Laço de 『N』 para mais de 7000.
mst.mission.1958188._title,Aumente o Laço de 『N』 para 8000 ou mais
mst.mission.1958188._detail,Aumente o Laço de 『N』 para mais de 8000.
mst.mission.1958189._title,Aumente o Laço de 『N』 para mais de 9000
mst.mission.1958189._detail,Aumente o Laço de 『N』 para mais de 9000.
mst.mission.1958190._title,Aumente o Laço de 『N』 para 10000 ou mais
mst.mission.1958190._detail,Aumente o Laço de 『N』 para mais de 10000.
mst.mission.1958191._title,Aumente o Laço de 『N』 para mais de 11000
mst.mission.1958191._detail,Aumente o Laço de 『N』 para mais de 11000.
mst.mission.1958192._title,Aumente o Laço de 『N』 para mais de 12500
mst.mission.1958192._detail,Aumente o Laço de 『N』 para mais de 12500.
mst.mission.1958193._title,Aumente o Laço de 『N』 para mais de 13000
mst.mission.1958193._detail,Aumente o Laço de 『N』 para mais de 13000.
mst.mission.1958194._title,Aumente o Laço de 『N』 para mais de 13500
mst.mission.1958194._detail,Aumente o Laço de 『N』 para mais de 13500.
mst.mission.1958195._title,Aumente o Laço de 『N』 para 15000 ou mais
mst.mission.1958195._detail,Aumente o Laço de 『N』 para mais de 15000.
mst.mission.1958196._title,Aumente o Laço de 『N』
mst.mission.1958196._detail,Aumente o Laço de 『N』
mst.mission.1958197._title,Aumente o Laço de 『N』 para 1000 ou mais
mst.mission.1958197._detail,Aumente o Laço de 『N』 para mais de 1000.
mst.mission.1958198._title,Aumente o Laço de 『N』 para mais de 2000
mst.mission.1958198._detail,Aumente o Laço de 『N』 para mais de 2000.
mst.mission.1958199._title,Aumente o Laço de 『N』 para mais de 3500
mst.mission.1958199._detail,Aumente o Laço de 『N』 para mais de 3500.
mst.mission.1958200._title,Aumente o Laço de 『N』 para 5000 ou mais
mst.mission.1958200._detail,Aumente o Laço de 『N』 para 5000 ou mais.
mst.mission.1958201._title,Aumente o Laço de 『N』 para 6000 ou mais
mst.mission.1958201._detail,Aumente o Laço de 『N』 para mais de 6000.
mst.mission.1958202._title,Aumente o Laço de 『N』 para 7000 ou mais
mst.mission.1958202._detail,Aumente o Laço de 『N』 para mais de 7000.
mst.mission.1958203._title,Aumente o Laço de 『N』 para 8000 ou mais
mst.mission.1958203._detail,Aumente o Laço de 『N』 para mais de 8000.
mst.mission.1958204._title,Aumente o Laço de 『N』 para mais de 9000
mst.mission.1958204._detail,Aumente o Laço de 『N』 para mais de 9000.
mst.mission.1958205._title,Aumente o Laço de 『N』 para 10000 ou mais
mst.mission.1958205._detail,Aumente o Laço de 『N』 para mais de 10000.
mst.mission.1958206._title,Aumente o Laço de 『N』 para mais de 11000
mst.mission.1958206._detail,Aumente o Laço de 『N』 para mais de 11000.
mst.mission.1958207._title,Aumente o Laço de 『N』 para mais de 12500
mst.mission.1958207._detail,Aumente o Laço de 『N』 para mais de 12500.
mst.mission.1958208._title,Aumente o Laço de 『N』 para mais de 13000
mst.mission.1958208._detail,Aumente o Laço de 『N』 para mais de 13000.
mst.mission.1958209._title,Aumente o Laço de 『N』 para mais de 13500
mst.mission.1958209._detail,Aumente o Laço de 『N』 para mais de 13500.
mst.mission.1958210._title,Aumente o Laço de 『N』 para 15000 ou mais
mst.mission.1958210._detail,Aumente o Laço de 『N』 para mais de 15000.
mst.mission.1958211._title,Aumente o Laço de 『N』
mst.mission.1958211._detail,Aumente o Laço de 『N』
mst.mission.1958212._title,Aumente o Laço de 『N』 para 1000 ou mais
mst.mission.1958212._detail,Aumente o Laço de 『N』 para mais de 1000.
mst.mission.1958213._title,Aumente o Laço de 『N』 para mais de 2000
mst.mission.1958213._detail,Aumente o Laço de 『N』 para mais de 2000.
mst.mission.1958214._title,Aumente o Laço de 『N』 para mais de 3500
mst.mission.1958214._detail,Aumente o Laço de 『N』 para mais de 3500.
mst.mission.1958215._title,Aumente o Laço de 『N』 para 5000 ou mais
mst.mission.1958215._detail,Aumente o Laço de 『N』 para 5000 ou mais.
mst.mission.1958216._title,Aumente o Laço de 『N』 para 6000 ou mais
mst.mission.1958216._detail,Aumente o Laço de 『N』 para mais de 6000.
mst.mission.1958217._title,Aumente o Laço de 『N』 para 7000 ou mais
mst.mission.1958217._detail,Aumente o Laço de 『N』 para mais de 7000.
mst.mission.1958218._title,Aumente o Laço de 『N』 para 8000 ou mais
mst.mission.1958218._detail,Aumente o Laço de 『N』 para mais de 8000.
mst.mission.1958219._title,Aumente o Laço de 『N』 para mais de 9000
mst.mission.1958219._detail,Aumente o Laço de 『N』 para mais de 9000.
mst.mission.1958220._title,Aumente o Laço de 『N』 para 10000 ou mais
mst.mission.1958220._detail,Aumente o Laço de 『N』 para mais de 10000.
mst.mission.1958221._title,Aumente o Laço de 『N』 para mais de 11000
mst.mission.1958221._detail,Aumente o Laço de 『N』 para mais de 11000.
mst.mission.1958222._title,Aumente o Laço de 『N』 para mais de 12500
mst.mission.1958222._detail,Aumente o Laço de 『N』 para mais de 12500.
mst.mission.1958223._title,Aumente o Laço de 『N』 para mais de 13000
mst.mission.1958223._detail,Aumente o Laço de 『N』 para mais de 13000.
mst.mission.1958224._title,Aumente o Laço de 『N』 para mais de 13500
mst.mission.1958224._detail,Aumente o Laço de 『N』 para mais de 13500.
mst.mission.1958225._title,Aumente o Laço de 『N』 para 15000 ou mais
mst.mission.1958225._detail,Aumente o Laço de 『N』 para mais de 15000.
mst.mission.1958226._title,Aumente o Laço de 『N』
mst.mission.1958226._detail,Aumente o Laço de 『N』
mst.mission.1958227._title,Aumente o Laço de 『N』 para 1000 ou mais
mst.mission.1958227._detail,Aumente o Laço de 『N』 para mais de 1000.
mst.mission.1958228._title,Aumente o Laço de 『N』 para mais de 2000
mst.mission.1958228._detail,Aumente o Laço de 『N』 para mais de 2000.
mst.mission.1958229._title,Aumente o Laço de 『N』 para mais de 3500
mst.mission.1958229._detail,Aumente o Laço de 『N』 para mais de 3500.
mst.mission.1958230._title,Aumente o Laço de 『N』 para 5000 ou mais
mst.mission.1958230._detail,Aumente o Laço de 『N』 para 5000 ou mais.
mst.mission.1958231._title,Aumente o Laço de 『N』 para 6000 ou mais
mst.mission.1958231._detail,Aumente o Laço de 『N』 para mais de 6000.
mst.mission.1958232._title,Aumente o Laço de 『N』 para 7000 ou mais
mst.mission.1958232._detail,Aumente o Laço de 『N』 para mais de 7000.
mst.mission.1958233._title,Aumente o Laço de 『N』 para 8000 ou mais
mst.mission.1958233._detail,Aumente o Laço de 『N』 para mais de 8000.
mst.mission.1958234._title,Aumente o Laço de 『N』 para mais de 9000
mst.mission.1958234._detail,Aumente o Laço de 『N』 para mais de 9000.
mst.mission.1958235._title,Aumente o Laço de 『N』 para 10000 ou mais
mst.mission.1958235._detail,Aumente o Laço de 『N』 para mais de 10000.
mst.mission.1958236._title,Aumente o Laço de 『N』 para mais de 11000
mst.mission.1958236._detail,Aumente o Laço de 『N』 para mais de 11000.
mst.mission.1958237._title,Aumente o Laço de 『N』 para mais de 12500
mst.mission.1958237._detail,Aumente o Laço de 『N』 para mais de 12500.
mst.mission.1958238._title,Aumente o Laço de 『N』 para mais de 13000
mst.mission.1958238._detail,Aumente o Laço de 『N』 para mais de 13000.
mst.mission.1958239._title,Aumente o Laço de 『N』 para mais de 13500
mst.mission.1958239._detail,Aumente o Laço de 『N』 para mais de 13500.
mst.mission.1958240._title,Aumente o Laço de 『N』 para 15000 ou mais
mst.mission.1958240._detail,Aumente o Laço de 『N』 para mais de 15000.
mst.mission.1958241._title,Aumente o Laço de 『N』
mst.mission.1958241._detail,Aumente o Laço de 『N』
mst.mission.1958242._title,Aumente o Laço de 『N』 para 1000 ou mais
mst.mission.1958242._detail,Aumente o Laço de 『N』 para mais de 1000.
mst.mission.1958243._title,Aumente o Laço de 『N』 para mais de 2000
mst.mission.1958243._detail,Aumente o Laço de 『N』 para mais de 2000.
mst.mission.1958244._title,Aumente o Laço de 『N』 para mais de 3500
mst.mission.1958244._detail,Aumente o Laço de 『N』 para mais de 3500.
mst.mission.1958245._title,Aumente o Laço de 『N』 para 5000 ou mais
mst.mission.1958245._detail,Aumente o Laço de 『N』 para 5000 ou mais.
mst.mission.1958246._title,Aumente o Laço de 『N』 para 6000 ou mais
mst.mission.1958246._detail,Aumente o Laço de 『N』 para mais de 6000.
mst.mission.1958247._title,Aumente o Laço de 『N』 para 7000 ou mais
mst.mission.1958247._detail,Aumente o Laço de 『N』 para mais de 7000.
mst.mission.1958248._title,Aumente o Laço de 『N』 para 8000 ou mais
mst.mission.1958248._detail,Aumente o Laço de 『N』 para mais de 8000.
mst.mission.1958249._title,Aumente o Laço de 『N』 para mais de 9000
mst.mission.1958249._detail,Aumente o Laço de 『N』 para mais de 9000.
mst.mission.1958250._title,Aumente o Laço de 『N』 para 10000 ou mais
mst.mission.1958250._detail,Aumente o Laço de 『N』 para mais de 10000.
mst.mission.1958251._title,Aumente o Laço de 『N』 para mais de 11000
mst.mission.1958251._detail,Aumente o Laço de 『N』 para mais de 11000.
mst.mission.1958252._title,Aumente o Laço de 『N』 para mais de 12500
mst.mission.1958252._detail,Aumente o Laço de 『N』 para mais de 12500.
mst.mission.1958253._title,Aumente o Laço de 『N』 para mais de 13000
mst.mission.1958253._detail,Aumente o Laço de 『N』 para mais de 13000.
mst.mission.1958254._title,Aumente o Laço de 『N』 para mais de 13500
mst.mission.1958254._detail,Aumente o Laço de 『N』 para mais de 13500.
mst.mission.1958255._title,Aumente o Laço de 『N』 para 15000 ou mais
mst.mission.1958255._detail,Aumente o Laço de 『N』 para mais de 15000.
mst.mission.1958256._title,Aumente o Laço de 『N』
mst.mission.1958256._detail,Aumente o Laço de 『N』
mst.mission.1958257._title,Aumente o Laço de 『N』 para 1000 ou mais
mst.mission.1958257._detail,Aumente o Laço de 『N』 para mais de 1000.
mst.mission.1958258._title,Aumente o Laço de 『N』 para mais de 2000
mst.mission.1958258._detail,Aumente o Laço de 『N』 para mais de 2000.
mst.mission.1958259._title,Aumente o Laço de 『N』 para mais de 3500
mst.mission.1958259._detail,Aumente o Laço de 『N』 para mais de 3500.
mst.mission.1958260._title,Aumente o Laço de 『N』 para 5000 ou mais
mst.mission.1958260._detail,Aumente o Laço de 『N』 para 5000 ou mais.
mst.mission.1958261._title,Aumente o Laço de 『N』 para 6000 ou mais
mst.mission.1958261._detail,Aumente o Laço de 『N』 para mais de 6000.
mst.mission.1958262._title,Aumente o Laço de 『N』 para 7000 ou mais
mst.mission.1958262._detail,Aumente o Laço de 『N』 para mais de 7000.
mst.mission.1958263._title,Aumente o Laço de 『N』 para 8000 ou mais
mst.mission.1958263._detail,Aumente o Laço de 『N』 para mais de 8000.
mst.mission.1958264._title,Aumente o Laço de 『N』 para mais de 9000
mst.mission.1958264._detail,Aumente o Laço de 『N』 para mais de 9000.
mst.mission.1958265._title,Aumente o Laço de 『N』 para 10000 ou mais
mst.mission.1958265._detail,Aumente o Laço de 『N』 para mais de 10000.
mst.mission.1958266._title,Aumente o Laço de 『N』 para mais de 11000
mst.mission.1958266._detail,Aumente o Laço de 『N』 para mais de 11000.
mst.mission.1958267._title,Aumente o Laço de 『N』 para mais de 12500
mst.mission.1958267._detail,Aumente o Laço de 『N』 para mais de 12500.
mst.mission.1958268._title,Aumente o Laço de 『N』 para mais de 13000
mst.mission.1958268._detail,Aumente o Laço de 『N』 para mais de 13000.
mst.mission.1958269._title,Aumente o Laço de 『N』 para mais de 13500
mst.mission.1958269._detail,Aumente o Laço de 『N』 para mais de 13500.
mst.mission.1958270._title,Aumente o Laço de 『N』 para 15000 ou mais
mst.mission.1958270._detail,Aumente o Laço de 『N』 para mais de 15000.
mst.mission.1958271._title,Aumente o Laço de 『N』
mst.mission.1958271._detail,Aumente o Laço de 『N』
mst.mission.1958272._title,Aumente o Laço de 『N』 para 1000 ou mais
mst.mission.1958272._detail,Aumente o Laço de 『N』 para mais de 1000.
mst.mission.1958273._title,Aumente o Laço de 『N』 para mais de 2000
mst.mission.1958273._detail,Aumente o Laço de 『N』 para mais de 2000.
mst.mission.1958274._title,Aumente o Laço de 『N』 para mais de 3500
mst.mission.1958274._detail,Aumente o Laço de 『N』 para mais de 3500.
mst.mission.1958275._title,Aumente o Laço de 『N』 para 5000 ou mais
mst.mission.1958275._detail,Aumente o Laço de 『N』 para 5000 ou mais.
mst.mission.1958276._title,Aumente o Laço de 『N』 para 6000 ou mais
mst.mission.1958276._detail,Aumente o Laço de 『N』 para mais de 6000.
mst.mission.1958277._title,Aumente o Laço de 『N』 para 7000 ou mais
mst.mission.1958277._detail,Aumente o Laço de 『N』 para mais de 7000.
mst.mission.1958278._title,Aumente o Laço de 『N』 para 8000 ou mais
mst.mission.1958278._detail,Aumente o Laço de 『N』 para mais de 8000.
mst.mission.1958279._title,Aumente o Laço de 『N』 para mais de 9000
mst.mission.1958279._detail,Aumente o Laço de 『N』 para mais de 9000.
mst.mission.1958280._title,Aumente o Laço de 『N』 para 10000 ou mais
mst.mission.1958280._detail,Aumente o Laço de 『N』 para mais de 10000.
mst.mission.1958281._title,Aumente o Laço de 『N』 para mais de 11000
mst.mission.1958281._detail,Aumente o Laço de 『N』 para mais de 11000.
mst.mission.1958282._title,Aumente o Laço de 『N』 para mais de 12500
mst.mission.1958282._detail,Aumente o Laço de 『N』 para mais de 12500.
mst.mission.1958283._title,Aumente o Laço de 『N』 para mais de 13000
mst.mission.1958283._detail,Aumente o Laço de 『N』 para mais de 13000.
mst.mission.1958284._title,Aumente o Laço de 『N』 para mais de 13500
mst.mission.1958284._detail,Aumente o Laço de 『N』 para mais de 13500.
mst.mission.1958285._title,Aumente o Laço de 『N』 para 15000 ou mais
mst.mission.1958285._detail,Aumente o Laço de 『N』 para mais de 15000.
mst.mission.1958286._title,Aumente o Laço de 『N』
mst.mission.1958286._detail,Aumente o Laço de 『N』
mst.mission.1958287._title,Aumente o Laço de 『N』 para 1000 ou mais
mst.mission.1958287._detail,Aumente o Laço de 『N』 para mais de 1000.
mst.mission.1958288._title,Aumente o Laço de 『N』 para mais de 2000
mst.mission.1958288._detail,Aumente o Laço de 『N』 para mais de 2000.
mst.mission.1958289._title,Aumente o Laço de 『N』 para mais de 3500
mst.mission.1958289._detail,Aumente o Laço de 『N』 para mais de 3500.
mst.mission.1958290._title,Aumente o Laço de 『N』 para 5000 ou mais
mst.mission.1958290._detail,Aumente o Laço de 『N』 para 5000 ou mais.
mst.mission.1958291._title,Aumente o Laço de 『N』 para 6000 ou mais
mst.mission.1958291._detail,Aumente o Laço de 『N』 para mais de 6000.
mst.mission.1958292._title,Aumente o Laço de 『N』 para 7000 ou mais
mst.mission.1958292._detail,Aumente o Laço de 『N』 para mais de 7000.
mst.mission.1958293._title,Aumente o Laço de 『N』 para 8000 ou mais
mst.mission.1958293._detail,Aumente o Laço de 『N』 para mais de 8000.
mst.mission.1958294._title,Aumente o Laço de 『N』 para mais de 9000
mst.mission.1958294._detail,Aumente o Laço de 『N』 para mais de 9000.
mst.mission.1958295._title,Aumente o Laço de 『N』 para 10000 ou mais
mst.mission.1958295._detail,Aumente o Laço de 『N』 para mais de 10000.
mst.mission.1958296._title,Aumente o Laço de 『N』 para mais de 11000
mst.mission.1958296._detail,Aumente o Laço de 『N』 para mais de 11000.
mst.mission.1958297._title,Aumente o Laço de 『N』 para mais de 12500
mst.mission.1958297._detail,Aumente o Laço de 『N』 para mais de 12500.
mst.mission.1958298._title,Aumente o Laço de 『N』 para mais de 13000
mst.mission.1958298._detail,Aumente o Laço de 『N』 para mais de 13000.
mst.mission.1958299._title,Aumente o Laço de 『N』 para mais de 13500
mst.mission.1958299._detail,Aumente o Laço de 『N』 para mais de 13500.
mst.mission.1958300._title,Aumente o Laço de 『N』 para 15000 ou mais
mst.mission.1958300._detail,Aumente o Laço de 『N』 para mais de 15000.
mst.mission.1958301._title,Aumente o Laço de 『N』
mst.mission.1958301._detail,Aumente o Laço de 『N』
mst.mission.1958302._title,Aumente o Laço de 『N』 para 1000 ou mais
mst.mission.1958302._detail,Aumente o Laço de 『N』 para mais de 1000.
mst.mission.1958303._title,Aumente o Laço de 『N』 para mais de 2000
mst.mission.1958303._detail,Aumente o Laço de 『N』 para mais de 2000.
mst.mission.1958304._title,Aumente o Laço de 『N』 para mais de 3500
mst.mission.1958304._detail,Aumente o Laço de 『N』 para mais de 3500.
mst.mission.1958305._title,Aumente o Laço de 『N』 para 5000 ou mais
mst.mission.1958305._detail,Aumente o Laço de 『N』 para 5000 ou mais.
mst.mission.1958306._title,Aumente o Laço de 『N』 para 6000 ou mais
mst.mission.1958306._detail,Aumente o Laço de 『N』 para mais de 6000.
mst.mission.1958307._title,Aumente o Laço de 『N』 para 7000 ou mais
mst.mission.1958307._detail,Aumente o Laço de 『N』 para mais de 7000.
mst.mission.1958308._title,Aumente o Laço de 『N』 para 8000 ou mais
mst.mission.1958308._detail,Aumente o Laço de 『N』 para mais de 8000.
mst.mission.1958309._title,Aumente o Laço de 『N』 para mais de 9000
mst.mission.1958309._detail,Aumente o Laço de 『N』 para mais de 9000.
mst.mission.1958310._title,Aumente o Laço de 『N』 para 10000 ou mais
mst.mission.1958310._detail,Aumente o Laço de 『N』 para mais de 10000.
mst.mission.1958311._title,Aumente o Laço de 『N』 para mais de 11000
mst.mission.1958311._detail,Aumente o Laço de 『N』 para mais de 11000.
mst.mission.1958312._title,Aumente o Laço de 『N』 para mais de 12500
mst.mission.1958312._detail,Aumente o Laço de 『N』 para mais de 12500.
mst.mission.1958313._title,Aumente o Laço de 『N』 para mais de 13000
mst.mission.1958313._detail,Aumente o Laço de 『N』 para mais de 13000.
mst.mission.1958314._title,Aumente o Laço de 『N』 para mais de 13500
mst.mission.1958314._detail,Aumente o Laço de 『N』 para mais de 13500.
mst.mission.1958315._title,Aumente o Laço de 『N』 para 15000 ou mais
mst.mission.1958315._detail,Aumente o Laço de 『N』 para mais de 15000.
mst.mission.1958316._title,Aumente o Laço de 『N』
mst.mission.1958316._detail,Aumente o Laço de 『N』
mst.mission.1958317._title,Aumente o Laço de 『N』 para 1000 ou mais
mst.mission.1958317._detail,Aumente o Laço de 『N』 para mais de 1000.
mst.mission.1958318._title,Aumente o Laço de 『N』 para mais de 2000
mst.mission.1958318._detail,Aumente o Laço de 『N』 para mais de 2000.
mst.mission.1958319._title,Aumente o Laço de 『N』 para mais de 3500
mst.mission.1958319._detail,Aumente o Laço de 『N』 para mais de 3500.
mst.mission.1958320._title,Aumente o Laço de 『N』 para 5000 ou mais
mst.mission.1958320._detail,Aumente o Laço de 『N』 para 5000 ou mais.
mst.mission.1958321._title,Aumente o Laço de 『N』 para 6000 ou mais
mst.mission.1958321._detail,Aumente o Laço de 『N』 para mais de 6000.
mst.mission.1958322._title,Aumente o Laço de 『N』 para 7000 ou mais
mst.mission.1958322._detail,Aumente o Laço de 『N』 para mais de 7000.
mst.mission.1958323._title,Aumente o Laço de 『N』 para 8000 ou mais
mst.mission.1958323._detail,Aumente o Laço de 『N』 para mais de 8000.
mst.mission.1958324._title,Aumente o Laço de 『N』 para mais de 9000
mst.mission.1958324._detail,Aumente o Laço de 『N』 para mais de 9000.
mst.mission.1958325._title,Aumente o Laço de 『N』 para 10000 ou mais
mst.mission.1958325._detail,Aumente o Laço de 『N』 para mais de 10000.
mst.mission.1958326._title,Aumente o Laço de 『N』 para mais de 11000
mst.mission.1958326._detail,Aumente o Laço de 『N』 para mais de 11000.
mst.mission.1958327._title,Aumente o Laço de 『N』 para mais de 12500
mst.mission.1958327._detail,Aumente o Laço de 『N』 para mais de 12500.
mst.mission.1958328._title,Aumente o Laço de 『N』 para mais de 13000
mst.mission.1958328._detail,Aumente o Laço de 『N』 para mais de 13000.
mst.mission.1958329._title,Aumente o Laço de 『N』 para mais de 13500
mst.mission.1958329._detail,Aumente o Laço de 『N』 para mais de 13500.
mst.mission.1958330._title,Aumente o Laço de 『N』 para 15000 ou mais
mst.mission.1958330._detail,Aumente o Laço de 『N』 para mais de 15000.
mst.mission.1958331._title,Aumente o Laço de 『N』
mst.mission.1958331._detail,Aumente o Laço de 『N』
mst.mission.1958332._title,Aumente o Laço de 『N』 para 1000 ou mais
mst.mission.1958332._detail,Aumente o Laço de 『N』 para mais de 1000.
mst.mission.1958333._title,Aumente o Laço de 『N』 para mais de 2000
mst.mission.1958333._detail,Aumente o Laço de 『N』 para mais de 2000.
mst.mission.1958334._title,Aumente o Laço de 『N』 para mais de 3500
mst.mission.1958334._detail,Aumente o Laço de 『N』 para mais de 3500.
mst.mission.1958335._title,Aumente o Laço de 『N』 para 5000 ou mais
mst.mission.1958335._detail,Aumente o Laço de 『N』 para 5000 ou mais.
mst.mission.1958336._title,Aumente o Laço de 『N』 para 6000 ou mais
mst.mission.1958336._detail,Aumente o Laço de 『N』 para mais de 6000.
mst.mission.1958337._title,Aumente o Laço de 『N』 para 7000 ou mais
mst.mission.1958337._detail,Aumente o Laço de 『N』 para mais de 7000.
mst.mission.1958338._title,Aumente o Laço de 『N』 para 8000 ou mais
mst.mission.1958338._detail,Aumente o Laço de 『N』 para mais de 8000.
mst.mission.1958339._title,Aumente o Laço de 『N』 para mais de 9000
mst.mission.1958339._detail,Aumente o Laço de 『N』 para mais de 9000.
mst.mission.1958340._title,Aumente o Laço de 『N』 para 10000 ou mais
mst.mission.1958340._detail,Aumente o Laço de 『N』 para mais de 10000.
mst.mission.1958341._title,Aumente o Laço de 『N』 para mais de 11000
mst.mission.1958341._detail,Aumente o Laço de 『N』 para mais de 11000.
mst.mission.1958342._title,Aumente o Laço de 『N』 para mais de 12500
mst.mission.1958342._detail,Aumente o Laço de 『N』 para mais de 12500.
mst.mission.1958343._title,Aumente o Laço de 『N』 para mais de 13000
mst.mission.1958343._detail,Aumente o Laço de 『N』 para mais de 13000.
mst.mission.1958344._title,Aumente o Laço de 『N』 para mais de 13500
mst.mission.1958344._detail,Aumente o Laço de 『N』 para mais de 13500.
mst.mission.1958345._title,Aumente o Laço de 『N』 para 15000 ou mais
mst.mission.1958345._detail,Aumente o Laço de 『N』 para mais de 15000.
mst.mission.1958346._title,Aumente o Laço de 『N』
mst.mission.1958346._detail,Aumente o Laço de 『N』
mst.mission.1958347._title,Aumente o Laço de 『N』 para 1000 ou mais
mst.mission.1958347._detail,Aumente o Laço de 『N』 para mais de 1000.
mst.mission.1958348._title,Aumente o Laço de 『N』 para mais de 2000
mst.mission.1958348._detail,Aumente o Laço de 『N』 para mais de 2000.
mst.mission.1958349._title,Aumente o Laço de 『N』 para mais de 3500
mst.mission.1958349._detail,Aumente o Laço de 『N』 para mais de 3500.
mst.mission.1958350._title,Aumente o Laço de 『N』 para 5000 ou mais
mst.mission.1958350._detail,Aumente o Laço de 『N』 para 5000 ou mais.
mst.mission.1958351._title,Aumente o Laço de 『N』 para 6000 ou mais
mst.mission.1958351._detail,Aumente o Laço de 『N』 para mais de 6000.
mst.mission.1958352._title,Aumente o Laço de 『N』 para 7000 ou mais
mst.mission.1958352._detail,Aumente o Laço de 『N』 para mais de 7000.
mst.mission.1958353._title,Aumente o Laço de 『N』 para 8000 ou mais
mst.mission.1958353._detail,Aumente o Laço de 『N』 para mais de 8000.
mst.mission.1958354._title,Aumente o Laço de 『N』 para mais de 9000
mst.mission.1958354._detail,Aumente o Laço de 『N』 para mais de 9000.
mst.mission.1958355._title,Aumente o Laço de 『N』 para 10000 ou mais
mst.mission.1958355._detail,Aumente o Laço de 『N』 para mais de 10000.
mst.mission.1958356._title,Aumente o Laço de 『N』 para mais de 11000
mst.mission.1958356._detail,Aumente o Laço de 『N』 para mais de 11000.
mst.mission.1958357._title,Aumente o Laço de 『N』 para mais de 12500
mst.mission.1958357._detail,Aumente o Laço de 『N』 para mais de 12500.
mst.mission.1958358._title,Aumente o Laço de 『N』 para mais de 13000
mst.mission.1958358._detail,Aumente o Laço de 『N』 para mais de 13000.
mst.mission.1958359._title,Aumente o Laço de 『N』 para mais de 13500
mst.mission.1958359._detail,Aumente o Laço de 『N』 para mais de 13500.
mst.mission.1958360._title,Aumente o Laço de 『N』 para 15000 ou mais
mst.mission.1958360._detail,Aumente o Laço de 『N』 para mais de 15000.
mst.mission.1958361._title,Aumente o Laço de 『N』
mst.mission.1958361._detail,Aumente o Laço de 『N』
mst.mission.1958362._title,Aumente o Laço de 『N』 para 1000 ou mais
mst.mission.1958362._detail,Aumente o Laço de 『N』 para mais de 1000.
mst.mission.1958363._title,Aumente o Laço de 『N』 para mais de 2000
mst.mission.1958363._detail,Aumente o Laço de 『N』 para mais de 2000.
mst.mission.1958364._title,Aumente o Laço de 『N』 para mais de 3500
mst.mission.1958364._detail,Aumente o Laço de 『N』 para mais de 3500.
mst.mission.1958365._title,Aumente o Laço de 『N』 para 5000 ou mais
mst.mission.1958365._detail,Aumente o Laço de 『N』 para 5000 ou mais.
mst.mission.1958366._title,Aumente o Laço de 『N』 para 6000 ou mais
mst.mission.1958366._detail,Aumente o Laço de 『N』 para mais de 6000.
mst.mission.1958367._title,Aumente o Laço de 『N』 para 7000 ou mais
mst.mission.1958367._detail,Aumente o Laço de 『N』 para mais de 7000.
mst.mission.1958368._title,Aumente o Laço de 『N』 para 8000 ou mais
mst.mission.1958368._detail,Aumente o Laço de 『N』 para mais de 8000.
mst.mission.1958369._title,Aumente o Laço de 『N』 para mais de 9000
mst.mission.1958369._detail,Aumente o Laço de 『N』 para mais de 9000.
mst.mission.1958370._title,Aumente o Laço de 『N』 para 10000 ou mais
mst.mission.1958370._detail,Aumente o Laço de 『N』 para mais de 10000.
mst.mission.1958371._title,Aumente o Laço de 『N』 para mais de 11000
mst.mission.1958371._detail,Aumente o Laço de 『N』 para mais de 11000.
mst.mission.1958372._title,Aumente o Laço de 『N』 para mais de 12500
mst.mission.1958372._detail,Aumente o Laço de 『N』 para mais de 12500.
mst.mission.1958373._title,Aumente o Laço de 『N』 para mais de 13000
mst.mission.1958373._detail,Aumente o Laço de 『N』 para mais de 13000.
mst.mission.1958374._title,Aumente o Laço de 『N』 para mais de 13500
mst.mission.1958374._detail,Aumente o Laço de 『N』 para mais de 13500.
mst.mission.1958375._title,Aumente o Laço de 『N』 para 15000 ou mais
mst.mission.1958375._detail,Aumente o Laço de 『N』 para mais de 15000.
mst.mission.1958376._title,Aumente o Laço de 『N』
mst.mission.1958376._detail,Aumente o Laço de 『N』
mst.mission.1958377._title,Aumente o Laço de 『N』 para 1000 ou mais
mst.mission.1958377._detail,Aumente o Laço de 『N』 para mais de 1000.
mst.mission.1958378._title,Aumente o Laço de 『N』 para mais de 2000
mst.mission.1958378._detail,Aumente o Laço de 『N』 para mais de 2000.
mst.mission.1958379._title,Aumente o Laço de 『N』 para mais de 3500
mst.mission.1958379._detail,Aumente o Laço de 『N』 para mais de 3500.
mst.mission.1958380._title,Aumente o Laço de 『N』 para 5000 ou mais
mst.mission.1958380._detail,Aumente o Laço de 『N』 para 5000 ou mais.
mst.mission.1958381._title,Aumente o Laço de 『N』 para 6000 ou mais
mst.mission.1958381._detail,Aumente o Laço de 『N』 para mais de 6000.
mst.mission.1958382._title,Aumente o Laço de 『N』 para 7000 ou mais
mst.mission.1958382._detail,Aumente o Laço de 『N』 para mais de 7000.
mst.mission.1958383._title,Aumente o Laço de 『N』 para 8000 ou mais
mst.mission.1958383._detail,Aumente o Laço de 『N』 para mais de 8000.
mst.mission.1958384._title,Aumente o Laço de 『N』 para mais de 9000
mst.mission.1958384._detail,Aumente o Laço de 『N』 para mais de 9000.
mst.mission.1958385._title,Aumente o Laço de 『N』 para 10000 ou mais
mst.mission.1958385._detail,Aumente o Laço de 『N』 para mais de 10000.
mst.mission.1958386._title,Aumente o Laço de 『N』 para mais de 11000
mst.mission.1958386._detail,Aumente o Laço de 『N』 para mais de 11000.
mst.mission.1958387._title,Aumente o Laço de 『N』 para mais de 12500
mst.mission.1958387._detail,Aumente o Laço de 『N』 para mais de 12500.
mst.mission.1958388._title,Aumente o Laço de 『N』 para mais de 13000
mst.mission.1958388._detail,Aumente o Laço de 『N』 para mais de 13000.
mst.mission.1958389._title,Aumente o Laço de 『N』 para mais de 13500
mst.mission.1958389._detail,Aumente o Laço de 『N』 para mais de 13500.
mst.mission.1958390._title,Aumente o Laço de 『N』 para 15000 ou mais
mst.mission.1958390._detail,Aumente o Laço de 『N』 para mais de 15000.
mst.mission.1958391._title,Aumente o Laço de 『N』
mst.mission.1958391._detail,Aumente o Laço de 『N』
mst.mission.1958392._title,Aumente o Laço de 『N』 para 1000 ou mais
mst.mission.1958392._detail,Aumente o Laço de 『N』 para mais de 1000.
mst.mission.1958393._title,Aumente o Laço de 『N』 para mais de 2000
mst.mission.1958393._detail,Aumente o Laço de 『N』 para mais de 2000.
mst.mission.1958394._title,Aumente o Laço de 『N』 para mais de 3500
mst.mission.1958394._detail,Aumente o Laço de 『N』 para mais de 3500.
mst.mission.1958395._title,Aumente o Laço de 『N』 para 5000 ou mais
mst.mission.1958395._detail,Aumente o Laço de 『N』 para 5000 ou mais.
mst.mission.1958396._title,Aumente o Laço de 『N』 para 6000 ou mais
mst.mission.1958396._detail,Aumente o Laço de 『N』 para mais de 6000.
mst.mission.1958397._title,Aumente o Laço de 『N』 para 7000 ou mais
mst.mission.1958397._detail,Aumente o Laço de 『N』 para mais de 7000.
mst.mission.1958398._title,Aumente o Laço de 『N』 para 8000 ou mais
mst.mission.1958398._detail,Aumente o Laço de 『N』 para mais de 8000.
mst.mission.1958399._title,Aumente o Laço de 『N』 para mais de 9000
mst.mission.1958399._detail,Aumente o Laço de 『N』 para mais de 9000.
mst.mission.1958400._title,Aumente o Laço de 『N』 para 10000 ou mais
mst.mission.1958400._detail,Aumente o Laço de 『N』 para mais de 10000.
mst.mission.1958401._title,Aumente o Laço de 『N』 para mais de 11000
mst.mission.1958401._detail,Aumente o Laço de 『N』 para mais de 11000.
mst.mission.1958402._title,Aumente o Laço de 『N』 para mais de 12500
mst.mission.1958402._detail,Aumente o Laço de 『N』 para mais de 12500.
mst.mission.1958403._title,Aumente o Laço de 『N』 para mais de 13000
mst.mission.1958403._detail,Aumente o Laço de 『N』 para mais de 13000.
mst.mission.1958404._title,Aumente o Laço de 『N』 para mais de 13500
mst.mission.1958404._detail,Aumente o Laço de 『N』 para mais de 13500.
mst.mission.1958405._title,Aumente o Laço de 『N』 para 15000 ou mais
mst.mission.1958405._detail,Aumente o Laço de 『N』 para mais de 15000.
mst.mission.1958406._title,Aumente o Laço de 『N』
mst.mission.1958406._detail,Aumente o Laço de 『N』
mst.mission.1958407._title,Aumente o Laço de 『N』 para 1000 ou mais
mst.mission.1958407._detail,Aumente o Laço de 『N』 para mais de 1000.
mst.mission.1958408._title,Aumente o Laço de 『N』 para mais de 2000
mst.mission.1958408._detail,Aumente o Laço de 『N』 para mais de 2000.
mst.mission.1958409._title,Aumente o Laço de 『N』 para mais de 3500
mst.mission.1958409._detail,Aumente o Laço de 『N』 para mais de 3500.
mst.mission.1958410._title,Aumente o Laço de 『N』 para 5000 ou mais
mst.mission.1958410._detail,Aumente o Laço de 『N』 para 5000 ou mais.
mst.mission.1958411._title,Aumente o Laço de 『N』 para 6000 ou mais
mst.mission.1958411._detail,Aumente o Laço de 『N』 para mais de 6000.
mst.mission.1958412._title,Aumente o Laço de 『N』 para 7000 ou mais
mst.mission.1958412._detail,Aumente o Laço de 『N』 para mais de 7000.
mst.mission.1958413._title,Aumente o Laço de 『N』 para 8000 ou mais
mst.mission.1958413._detail,Aumente o Laço de 『N』 para mais de 8000.
mst.mission.1958414._title,Aumente o Laço de 『N』 para mais de 9000
mst.mission.1958414._detail,Aumente o Laço de 『N』 para mais de 9000.
mst.mission.1958415._title,Aumente o Laço de 『N』 para 10000 ou mais
mst.mission.1958415._detail,Aumente o Laço de 『N』 para mais de 10000.
mst.mission.1958416._title,Aumente o Laço de 『N』 para mais de 11000
mst.mission.1958416._detail,Aumente o Laço de 『N』 para mais de 11000.
mst.mission.1958417._title,Aumente o Laço de 『N』 para mais de 12500
mst.mission.1958417._detail,Aumente o Laço de 『N』 para mais de 12500.
mst.mission.1958418._title,Aumente o Laço de 『N』 para mais de 13000
mst.mission.1958418._detail,Aumente o Laço de 『N』 para mais de 13000.
mst.mission.1958419._title,Aumente o Laço de 『N』 para mais de 13500
mst.mission.1958419._detail,Aumente o Laço de 『N』 para mais de 13500.
mst.mission.1958420._title,Aumente o Laço de 『N』 para 15000 ou mais
mst.mission.1958420._detail,Aumente o Laço de 『N』 para mais de 15000.
mst.mission.1958421._title,Aumente o Laço de 『N』
mst.mission.1958421._detail,Aumente o Laço de 『N』
mst.mission.1958422._title,Aumente o Laço de 『N』 para 1000 ou mais
mst.mission.1958422._detail,Aumente o Laço de 『N』 para mais de 1000.
mst.mission.1958423._title,Aumente o Laço de 『N』 para mais de 2000
mst.mission.1958423._detail,Aumente o Laço de 『N』 para mais de 2000.
mst.mission.1958424._title,Aumente o Laço de 『N』 para mais de 3500
mst.mission.1958424._detail,Aumente o Laço de 『N』 para mais de 3500.
mst.mission.1958425._title,Aumente o Laço de 『N』 para 5000 ou mais
mst.mission.1958425._detail,Aumente o Laço de 『N』 para 5000 ou mais.
mst.mission.1958426._title,Aumente o Laço de 『N』 para 6000 ou mais
mst.mission.1958426._detail,Aumente o Laço de 『N』 para mais de 6000.
mst.mission.1958427._title,Aumente o Laço de 『N』 para 7000 ou mais
mst.mission.1958427._detail,Aumente o Laço de 『N』 para mais de 7000.
mst.mission.1958428._title,Aumente o Laço de 『N』 para 8000 ou mais
mst.mission.1958428._detail,Aumente o Laço de 『N』 para mais de 8000.
mst.mission.1958429._title,Aumente o Laço de 『N』 para mais de 9000
mst.mission.1958429._detail,Aumente o Laço de 『N』 para mais de 9000.
mst.mission.1958430._title,Aumente o Laço de 『N』 para 10000 ou mais
mst.mission.1958430._detail,Aumente o Laço de 『N』 para mais de 10000.
mst.mission.1958431._title,Aumente o Laço de 『N』 para mais de 11000
mst.mission.1958431._detail,Aumente o Laço de 『N』 para mais de 11000.
mst.mission.1958432._title,Aumente o Laço de 『N』 para mais de 12500
mst.mission.1958432._detail,Aumente o Laço de 『N』 para mais de 12500.
mst.mission.1958433._title,Aumente o Laço de 『N』 para mais de 13000
mst.mission.1958433._detail,Aumente o Laço de 『N』 para mais de 13000.
mst.mission.1958434._title,Aumente o Laço de 『N』 para mais de 13500
mst.mission.1958434._detail,Aumente o Laço de 『N』 para mais de 13500.
mst.mission.1958435._title,Aumente o Laço de 『N』 para 15000 ou mais
mst.mission.1958435._detail,Aumente o Laço de 『N』 para mais de 15000.
mst.mission.1958436._title,Aumente o Laço de 『N』
mst.mission.1958436._detail,Aumente o Laço de 『N』
mst.mission.1958437._title,Aumente o Laço de 『N』 para 1000 ou mais
mst.mission.1958437._detail,Aumente o Laço de 『N』 para mais de 1000.
mst.mission.1958438._title,Aumente o Laço de 『N』 para mais de 2000
mst.mission.1958438._detail,Aumente o Laço de 『N』 para mais de 2000.
mst.mission.1958439._title,Aumente o Laço de 『N』 para mais de 3500
mst.mission.1958439._detail,Aumente o Laço de 『N』 para mais de 3500.
mst.mission.1958440._title,Aumente o Laço de 『N』 para 5000 ou mais
mst.mission.1958440._detail,Aumente o Laço de 『N』 para 5000 ou mais.
mst.mission.1958441._title,Aumente o Laço de 『N』 para 6000 ou mais
mst.mission.1958441._detail,Aumente o Laço de 『N』 para mais de 6000.
mst.mission.1958442._title,Aumente o Laço de 『N』 para 7000 ou mais
mst.mission.1958442._detail,Aumente o Laço de 『N』 para mais de 7000.
mst.mission.1958443._title,Aumente o Laço de 『N』 para 8000 ou mais
mst.mission.1958443._detail,Aumente o Laço de 『N』 para mais de 8000.
mst.mission.1958444._title,Aumente o Laço de 『N』 para mais de 9000
mst.mission.1958444._detail,Aumente o Laço de 『N』 para mais de 9000.
mst.mission.1958445._title,Aumente o Laço de 『N』 para 10000 ou mais
mst.mission.1958445._detail,Aumente o Laço de 『N』 para mais de 10000.
mst.mission.1958446._title,Aumente o Laço de 『N』 para mais de 11000
mst.mission.1958446._detail,Aumente o Laço de 『N』 para mais de 11000.
mst.mission.1958447._title,Aumente o Laço de 『N』 para mais de 12500
mst.mission.1958447._detail,Aumente o Laço de 『N』 para mais de 12500.
mst.mission.1958448._title,Aumente o Laço de 『N』 para mais de 13000
mst.mission.1958448._detail,Aumente o Laço de 『N』 para mais de 13000.
mst.mission.1958449._title,Aumente o Laço de 『N』 para mais de 13500
mst.mission.1958449._detail,Aumente o Laço de 『N』 para mais de 13500.
mst.mission.1958450._title,Aumente o Laço de 『N』 para 15000 ou mais
mst.mission.1958450._detail,Aumente o Laço de 『N』 para mais de 15000.
mst.mission.1958451._title,Aumente o Laço de 『N』
mst.mission.1958451._detail,Aumente o Laço de 『N』
mst.mission.1958452._title,Aumente o Laço de 『N』 para 1000 ou mais
mst.mission.1958452._detail,Aumente o Laço de 『N』 para mais de 1000.
mst.mission.1958453._title,Aumente o Laço de 『N』 para mais de 2000
mst.mission.1958453._detail,Aumente o Laço de 『N』 para mais de 2000.
mst.mission.1958454._title,Aumente o Laço de 『N』 para mais de 3500
mst.mission.1958454._detail,Aumente o Laço de 『N』 para mais de 3500.
mst.mission.1958455._title,Aumente o Laço de 『N』 para 5000 ou mais
mst.mission.1958455._detail,Aumente o Laço de 『N』 para 5000 ou mais.
mst.mission.1958456._title,Aumente o Laço de 『N』 para 6000 ou mais
mst.mission.1958456._detail,Aumente o Laço de 『N』 para mais de 6000.
mst.mission.1958457._title,Aumente o Laço de 『N』 para 7000 ou mais
mst.mission.1958457._detail,Aumente o Laço de 『N』 para mais de 7000.
mst.mission.1958458._title,Aumente o Laço de 『N』 para 8000 ou mais
mst.mission.1958458._detail,Aumente o Laço de 『N』 para mais de 8000.
mst.mission.1958459._title,Aumente o Laço de 『N』 para mais de 9000
mst.mission.1958459._detail,Aumente o Laço de 『N』 para mais de 9000.
mst.mission.1958460._title,Aumente o Laço de 『N』 para 10000 ou mais
mst.mission.1958460._detail,Aumente o Laço de 『N』 para mais de 10000.
mst.mission.1958461._title,Aumente o Laço de 『N』 para mais de 11000
mst.mission.1958461._detail,Aumente o Laço de 『N』 para mais de 11000.
mst.mission.1958462._title,Aumente o Laço de 『N』 para mais de 12500
mst.mission.1958462._detail,Aumente o Laço de 『N』 para mais de 12500.
mst.mission.1958463._title,Aumente o Laço de 『N』 para mais de 13000
mst.mission.1958463._detail,Aumente o Laço de 『N』 para mais de 13000.
mst.mission.1958464._title,Aumente o Laço de 『N』 para mais de 13500
mst.mission.1958464._detail,Aumente o Laço de 『N』 para mais de 13500.
mst.mission.1958465._title,Aumente o Laço de 『N』 para 15000 ou mais
mst.mission.1958465._detail,Aumente o Laço de 『N』 para mais de 15000.
mst.mission.1958466._title,Aumente o Laço de 『N』
mst.mission.1958466._detail,Aumente o Laço de 『N』
mst.mission.1958467._title,Aumente o Laço de 『N』 para 1000 ou mais
mst.mission.1958467._detail,Aumente o Laço de 『N』 para mais de 1000.
mst.mission.1958468._title,Aumente o Laço de 『N』 para mais de 2000
mst.mission.1958468._detail,Aumente o Laço de 『N』 para mais de 2000.
mst.mission.1958469._title,Aumente o Laço de 『N』 para mais de 3500
mst.mission.1958469._detail,Aumente o Laço de 『N』 para mais de 3500.
mst.mission.1958470._title,Aumente o Laço de 『N』 para 5000 ou mais
mst.mission.1958470._detail,Aumente o Laço de 『N』 para 5000 ou mais.
mst.mission.1958471._title,Aumente o Laço de 『N』 para 6000 ou mais
mst.mission.1958471._detail,Aumente o Laço de 『N』 para mais de 6000.
mst.mission.1958472._title,Aumente o Laço de 『N』 para 7000 ou mais
mst.mission.1958472._detail,Aumente o Laço de 『N』 para mais de 7000.
mst.mission.1958473._title,Aumente o Laço de 『N』 para 8000 ou mais
mst.mission.1958473._detail,Aumente o Laço de 『N』 para mais de 8000.
mst.mission.1958474._title,Aumente o Laço de 『N』 para mais de 9000
mst.mission.1958474._detail,Aumente o Laço de 『N』 para mais de 9000.
mst.mission.1958475._title,Aumente o Laço de 『N』 para 10000 ou mais
mst.mission.1958475._detail,Aumente o Laço de 『N』 para mais de 10000.
mst.mission.1958476._title,Aumente o Laço de 『N』 para mais de 11000
mst.mission.1958476._detail,Aumente o Laço de 『N』 para mais de 11000.
mst.mission.1958477._title,Aumente o Laço de 『N』 para mais de 12500
mst.mission.1958477._detail,Aumente o Laço de 『N』 para mais de 12500.
mst.mission.1958478._title,Aumente o Laço de 『N』 para mais de 13000
mst.mission.1958478._detail,Aumente o Laço de 『N』 para mais de 13000.
mst.mission.1958479._title,Aumente o Laço de 『N』 para mais de 13500
mst.mission.1958479._detail,Aumente o Laço de 『N』 para mais de 13500.
mst.mission.1958480._title,Aumente o Laço de 『N』 para 15000 ou mais
mst.mission.1958480._detail,Aumente o Laço de 『N』 para mais de 15000.
mst.mission.1958481._title,Aumente o Laço de 『N』
mst.mission.1958481._detail,Aumente o Laço de 『N』
mst.mission.1958482._title,Aumente o Laço de 『N』 para 1000 ou mais
mst.mission.1958482._detail,Aumente o Laço de 『N』 para mais de 1000.
mst.mission.1958483._title,Aumente o Laço de 『N』 para mais de 2000
mst.mission.1958483._detail,Aumente o Laço de 『N』 para mais de 2000.
mst.mission.1958484._title,Aumente o Laço de 『N』 para mais de 3500
mst.mission.1958484._detail,Aumente o Laço de 『N』 para mais de 3500.
mst.mission.1958485._title,Aumente o Laço de 『N』 para 5000 ou mais
mst.mission.1958485._detail,Aumente o Laço de 『N』 para 5000 ou mais.
mst.mission.1958486._title,Aumente o Laço de 『N』 para 6000 ou mais
mst.mission.1958486._detail,Aumente o Laço de 『N』 para mais de 6000.
mst.mission.1958487._title,Aumente o Laço de 『N』 para 7000 ou mais
mst.mission.1958487._detail,Aumente o Laço de 『N』 para mais de 7000.
mst.mission.1958488._title,Aumente o Laço de 『N』 para 8000 ou mais
mst.mission.1958488._detail,Aumente o Laço de 『N』 para mais de 8000.
mst.mission.1958489._title,Aumente o Laço de 『N』 para mais de 9000
mst.mission.1958489._detail,Aumente o Laço de 『N』 para mais de 9000.
mst.mission.1958490._title,Aumente o Laço de 『N』 para 10000 ou mais
mst.mission.1958490._detail,Aumente o Laço de 『N』 para mais de 10000.
mst.mission.1958491._title,Aumente o Laço de 『N』 para mais de 11000
mst.mission.1958491._detail,Aumente o Laço de 『N』 para mais de 11000.
mst.mission.1958492._title,Aumente o Laço de 『N』 para mais de 12500
mst.mission.1958492._detail,Aumente o Laço de 『N』 para mais de 12500.
mst.mission.1958493._title,Aumente o Laço de 『N』 para mais de 13000
mst.mission.1958493._detail,Aumente o Laço de 『N』 para mais de 13000.
mst.mission.1958494._title,Aumente o Laço de 『N』 para mais de 13500
mst.mission.1958494._detail,Aumente o Laço de 『N』 para mais de 13500.
mst.mission.1958495._title,Aumente o Laço de 『N』 para 15000 ou mais
mst.mission.1958495._detail,Aumente o Laço de 『N』 para mais de 15000.
mst.mission.1958496._title,Aumente o Laço de 『N』
mst.mission.1958496._detail,Aumente o Laço de 『N』
mst.mission.1958497._title,Aumente o Laço de 『N』 para 1000 ou mais
mst.mission.1958497._detail,Aumente o Laço de 『N』 para mais de 1000.
mst.mission.1958498._title,Aumente o Laço de 『N』 para mais de 2000
mst.mission.1958498._detail,Aumente o Laço de 『N』 para mais de 2000.
mst.mission.1958499._title,Aumente o Laço de 『N』 para mais de 3500
mst.mission.1958499._detail,Aumente o Laço de 『N』 para mais de 3500.
mst.mission.1958500._title,Aumente o Laço de 『N』 para 5000 ou mais
mst.mission.1958500._detail,Aumente o Laço de 『N』 para 5000 ou mais.
mst.mission.1958501._title,Aumente o Laço de 『N』 para 6000 ou mais
mst.mission.1958501._detail,Aumente o Laço de 『N』 para mais de 6000.
mst.mission.1958502._title,Aumente o Laço de 『N』 para 7000 ou mais
mst.mission.1958502._detail,Aumente o Laço de 『N』 para mais de 7000.
mst.mission.1958503._title,Aumente o Laço de 『N』 para 8000 ou mais
mst.mission.1958503._detail,Aumente o Laço de 『N』 para mais de 8000.
mst.mission.1958504._title,Aumente o Laço de 『N』 para mais de 9000
mst.mission.1958504._detail,Aumente o Laço de 『N』 para mais de 9000.
mst.mission.1958505._title,Aumente o Laço de 『N』 para 10000 ou mais
mst.mission.1958505._detail,Aumente o Laço de 『N』 para mais de 10000.
mst.mission.1958506._title,Aumente o Laço de 『N』 para mais de 11000
mst.mission.1958506._detail,Aumente o Laço de 『N』 para mais de 11000.
mst.mission.1958507._title,Aumente o Laço de 『N』 para mais de 12500
mst.mission.1958507._detail,Aumente o Laço de 『N』 para mais de 12500.
mst.mission.1958508._title,Aumente o Laço de 『N』 para mais de 13000
mst.mission.1958508._detail,Aumente o Laço de 『N』 para mais de 13000.
mst.mission.1958509._title,Aumente o Laço de 『N』 para mais de 13500
mst.mission.1958509._detail,Aumente o Laço de 『N』 para mais de 13500.
mst.mission.1958510._title,Aumente o Laço de 『N』 para 15000 ou mais
mst.mission.1958510._detail,Aumente o Laço de 『N』 para mais de 15000.
mst.mission.1958511._title,Aumente o Laço de 『N』
mst.mission.1958511._detail,Aumente o Laço de 『N』
mst.mission.1958512._title,Aumente o Laço de 『N』 para 1000 ou mais
mst.mission.1958512._detail,Aumente o Laço de 『N』 para mais de 1000.
mst.mission.1958513._title,Aumente o Laço de 『N』 para mais de 2000
mst.mission.1958513._detail,Aumente o Laço de 『N』 para mais de 2000.
mst.mission.1958514._title,Aumente o Laço de 『N』 para mais de 3500
mst.mission.1958514._detail,Aumente o Laço de 『N』 para mais de 3500.
mst.mission.1958515._title,Aumente o Laço de 『N』 para 5000 ou mais
mst.mission.1958515._detail,Aumente o Laço de 『N』 para 5000 ou mais.
mst.mission.1958516._title,Aumente o Laço de 『N』 para 6000 ou mais
mst.mission.1958516._detail,Aumente o Laço de 『N』 para mais de 6000.
mst.mission.1958517._title,Aumente o Laço de 『N』 para 7000 ou mais
mst.mission.1958517._detail,Aumente o Laço de 『N』 para mais de 7000.
mst.mission.1958518._title,Aumente o Laço de 『N』 para 8000 ou mais
mst.mission.1958518._detail,Aumente o Laço de 『N』 para mais de 8000.
mst.mission.1958519._title,Aumente o Laço de 『N』 para mais de 9000
mst.mission.1958519._detail,Aumente o Laço de 『N』 para mais de 9000.
mst.mission.1958520._title,Aumente o Laço de 『N』 para 10000 ou mais
mst.mission.1958520._detail,Aumente o Laço de 『N』 para mais de 10000.
mst.mission.1958521._title,Aumente o Laço de 『N』 para mais de 11000
mst.mission.1958521._detail,Aumente o Laço de 『N』 para mais de 11000.
mst.mission.1958522._title,Aumente o Laço de 『N』 para mais de 12500
mst.mission.1958522._detail,Aumente o Laço de 『N』 para mais de 12500.
mst.mission.1958523._title,Aumente o Laço de 『N』 para mais de 13000
mst.mission.1958523._detail,Aumente o Laço de 『N』 para mais de 13000.
mst.mission.1958524._title,Aumente o Laço de 『N』 para mais de 13500
mst.mission.1958524._detail,Aumente o Laço de 『N』 para mais de 13500.
mst.mission.1958525._title,Aumente o Laço de 『N』 para 15000 ou mais
mst.mission.1958525._detail,Aumente o Laço de 『N』 para mais de 15000.
mst.mission.1958526._title,Aumente o Laço de 『N』
mst.mission.1958526._detail,Aumente o Laço de 『N』
mst.mission.1958527._title,Aumente o Laço de 『N』 para 1000 ou mais
mst.mission.1958527._detail,Aumente o Laço de 『N』 para mais de 1000.
mst.mission.1958528._title,Aumente o Laço de 『N』 para mais de 2000
mst.mission.1958528._detail,Aumente o Laço de 『N』 para mais de 2000.
mst.mission.1958529._title,Aumente o Laço de 『N』 para mais de 3500
mst.mission.1958529._detail,Aumente o Laço de 『N』 para mais de 3500.
mst.mission.1958530._title,Aumente o Laço de 『N』 para 5000 ou mais
mst.mission.1958530._detail,Aumente o Laço de 『N』 para 5000 ou mais.
mst.mission.1958531._title,Aumente o Laço de 『N』 para 6000 ou mais
mst.mission.1958531._detail,Aumente o Laço de 『N』 para mais de 6000.
mst.mission.1958532._title,Aumente o Laço de 『N』 para 7000 ou mais
mst.mission.1958532._detail,Aumente o Laço de 『N』 para mais de 7000.
mst.mission.1958533._title,Aumente o Laço de 『N』 para 8000 ou mais
mst.mission.1958533._detail,Aumente o Laço de 『N』 para mais de 8000.
mst.mission.1958534._title,Aumente o Laço de 『N』 para mais de 9000
mst.mission.1958534._detail,Aumente o Laço de 『N』 para mais de 9000.
mst.mission.1958535._title,Aumente o Laço de 『N』 para 10000 ou mais
mst.mission.1958535._detail,Aumente o Laço de 『N』 para mais de 10000.
mst.mission.1958536._title,Aumente o Laço de 『N』 para mais de 11000
mst.mission.1958536._detail,Aumente o Laço de 『N』 para mais de 11000.
mst.mission.1958537._title,Aumente o Laço de 『N』 para mais de 12500
mst.mission.1958537._detail,Aumente o Laço de 『N』 para mais de 12500.
mst.mission.1958538._title,Aumente o Laço de 『N』 para mais de 13000
mst.mission.1958538._detail,Aumente o Laço de 『N』 para mais de 13000.
mst.mission.1958539._title,Aumente o Laço de 『N』 para mais de 13500
mst.mission.1958539._detail,Aumente o Laço de 『N』 para mais de 13500.
mst.mission.1958540._title,Aumente o Laço de 『N』 para 15000 ou mais
mst.mission.1958540._detail,Aumente o Laço de 『N』 para mais de 15000.
mst.mission.1958541._title,Aumente o Laço de 『N』
mst.mission.1958541._detail,Aumente o Laço de 『N』
mst.mission.1958542._title,Aumente o Laço de 『N』 para 1000 ou mais
mst.mission.1958542._detail,Aumente o Laço de 『N』 para mais de 1000.
mst.mission.1958543._title,Aumente o Laço de 『N』 para mais de 2000
mst.mission.1958543._detail,Aumente o Laço de 『N』 para mais de 2000.
mst.mission.1958544._title,Aumente o Laço de 『N』 para mais de 3500
mst.mission.1958544._detail,Aumente o Laço de 『N』 para mais de 3500.
mst.mission.1958545._title,Aumente o Laço de 『N』 para 5000 ou mais
mst.mission.1958545._detail,Aumente o Laço de 『N』 para 5000 ou mais.
mst.mission.1958546._title,Aumente o Laço de 『N』 para 6000 ou mais
mst.mission.1958546._detail,Aumente o Laço de 『N』 para mais de 6000.
mst.mission.1958547._title,Aumente o Laço de 『N』 para 7000 ou mais
mst.mission.1958547._detail,Aumente o Laço de 『N』 para mais de 7000.
mst.mission.1958548._title,Aumente o Laço de 『N』 para 8000 ou mais
mst.mission.1958548._detail,Aumente o Laço de 『N』 para mais de 8000.
mst.mission.1958549._title,Aumente o Laço de 『N』 para mais de 9000
mst.mission.1958549._detail,Aumente o Laço de 『N』 para mais de 9000.
mst.mission.1958550._title,Aumente o Laço de 『N』 para 10000 ou mais
mst.mission.1958550._detail,Aumente o Laço de 『N』 para mais de 10000.
mst.mission.1958551._title,Aumente o Laço de 『N』 para mais de 11000
mst.mission.1958551._detail,Aumente o Laço de 『N』 para mais de 11000.
mst.mission.1958552._title,Aumente o Laço de 『N』 para mais de 12500
mst.mission.1958552._detail,Aumente o Laço de 『N』 para mais de 12500.
mst.mission.1958553._title,Aumente o Laço de 『N』 para mais de 13000
mst.mission.1958553._detail,Aumente o Laço de 『N』 para mais de 13000.
mst.mission.1958554._title,Aumente o Laço de 『N』 para mais de 13500
mst.mission.1958554._detail,Aumente o Laço de 『N』 para mais de 13500.
mst.mission.1958555._title,Aumente o Laço de 『N』 para 15000 ou mais
mst.mission.1958555._detail,Aumente o Laço de 『N』 para mais de 15000.
mst.mission.1958556._title,Aumente o Laço de 『N』
mst.mission.1958556._detail,Aumente o Laço de 『N』
mst.mission.1958557._title,Aumente o Laço de 『N』 para 1000 ou mais
mst.mission.1958557._detail,Aumente o Laço de 『N』 para mais de 1000.
mst.mission.1958558._title,Aumente o Laço de 『N』 para mais de 2000
mst.mission.1958558._detail,Aumente o Laço de 『N』 para mais de 2000.
mst.mission.1958559._title,Aumente o Laço de 『N』 para mais de 3500
mst.mission.1958559._detail,Aumente o Laço de 『N』 para mais de 3500.
mst.mission.1958560._title,Aumente o Laço de 『N』 para 5000 ou mais
mst.mission.1958560._detail,Aumente o Laço de 『N』 para 5000 ou mais.
mst.mission.1958561._title,Aumente o Laço de 『N』 para 6000 ou mais
mst.mission.1958561._detail,Aumente o Laço de 『N』 para mais de 6000.
mst.mission.1958562._title,Aumente o Laço de 『N』 para 7000 ou mais
mst.mission.1958562._detail,Aumente o Laço de 『N』 para mais de 7000.
mst.mission.1958563._title,Aumente o Laço de 『N』 para 8000 ou mais
mst.mission.1958563._detail,Aumente o Laço de 『N』 para mais de 8000.
mst.mission.1958564._title,Aumente o Laço de 『N』 para mais de 9000
mst.mission.1958564._detail,Aumente o Laço de 『N』 para mais de 9000.
mst.mission.1958565._title,Aumente o Laço de 『N』 para 10000 ou mais
mst.mission.1958565._detail,Aumente o Laço de 『N』 para mais de 10000.
mst.mission.1958566._title,Aumente o Laço de 『N』 para mais de 11000
mst.mission.1958566._detail,Aumente o Laço de 『N』 para mais de 11000.
mst.mission.1958567._title,Aumente o Laço de 『N』 para mais de 12500
mst.mission.1958567._detail,Aumente o Laço de 『N』 para mais de 12500.
mst.mission.1958568._title,Aumente o Laço de 『N』 para mais de 13000
mst.mission.1958568._detail,Aumente o Laço de 『N』 para mais de 13000.
mst.mission.1958569._title,Aumente o Laço de 『N』 para mais de 13500
mst.mission.1958569._detail,Aumente o Laço de 『N』 para mais de 13500.
mst.mission.1958570._title,Aumente o Laço de 『N』 para 15000 ou mais
mst.mission.1958570._detail,Aumente o Laço de 『N』 para mais de 15000.
mst.mission.1958571._title,Aumente o Laço de 『N』
mst.mission.1958571._detail,Aumente o Laço de 『N』
mst.mission.1958572._title,Aumente o Laço de 『N』 para 1000 ou mais
mst.mission.1958572._detail,Aumente o Laço de 『N』 para mais de 1000.
mst.mission.1958573._title,Aumente o Laço de 『N』 para mais de 2000
mst.mission.1958573._detail,Aumente o Laço de 『N』 para mais de 2000.
mst.mission.1958574._title,Aumente o Laço de 『N』 para mais de 3500
mst.mission.1958574._detail,Aumente o Laço de 『N』 para mais de 3500.
mst.mission.1958575._title,Aumente o Laço de 『N』 para 5000 ou mais
mst.mission.1958575._detail,Aumente o Laço de 『N』 para 5000 ou mais.
mst.mission.1958576._title,Aumente o Laço de 『N』 para 6000 ou mais
mst.mission.1958576._detail,Aumente o Laço de 『N』 para mais de 6000.
mst.mission.1958577._title,Aumente o Laço de 『N』 para 7000 ou mais
mst.mission.1958577._detail,Aumente o Laço de 『N』 para mais de 7000.
mst.mission.1958578._title,Aumente o Laço de 『N』 para 8000 ou mais
mst.mission.1958578._detail,Aumente o Laço de 『N』 para mais de 8000.
mst.mission.1958579._title,Aumente o Laço de 『N』 para mais de 9000
mst.mission.1958579._detail,Aumente o Laço de 『N』 para mais de 9000.
mst.mission.1958580._title,Aumente o Laço de 『N』 para 10000 ou mais
mst.mission.1958580._detail,Aumente o Laço de 『N』 para mais de 10000.
mst.mission.1958581._title,Aumente o Laço de 『N』 para mais de 11000
mst.mission.1958581._detail,Aumente o Laço de 『N』 para mais de 11000.
mst.mission.1958582._title,Aumente o Laço de 『N』 para mais de 12500
mst.mission.1958582._detail,Aumente o Laço de 『N』 para mais de 12500.
mst.mission.1958583._title,Aumente o Laço de 『N』 para mais de 13000
mst.mission.1958583._detail,Aumente o Laço de 『N』 para mais de 13000.
mst.mission.1958584._title,Aumente o Laço de 『N』 para mais de 13500
mst.mission.1958584._detail,Aumente o Laço de 『N』 para mais de 13500.
mst.mission.1958585._title,Aumente o Laço de 『N』 para 15000 ou mais
mst.mission.1958585._detail,Aumente o Laço de 『N』 para mais de 15000.
mst.mission.1953032._title,Faça login.
mst.mission.1953032._detail,Faça login
mst.mission.1953033._title,Faça login.
mst.mission.1953033._detail,Faça login
mst.mission.1953034._title,Faça login.
mst.mission.1953034._detail,Faça login
mst.mission.1953036._title,Faça login.
mst.mission.1953036._detail,Faça login
mst.mission.1953038._title,Faça login.
mst.mission.1953038._detail,Faça login
mst.mission.1953039._title,Faça login.
mst.mission.1953039._detail,Faça login
mst.mission.1953040._title,Faça login.
mst.mission.1953040._detail,Faça login
mst.mission.1953041._title,Faça login.
mst.mission.1953041._detail,Faça login
mst.mission.1953042._title,Faça login.
mst.mission.1953042._detail,Faça login
mst.mission.1953043._title,Faça login.
mst.mission.1953043._detail,Faça login
mst.mission.1953044._title,Faça login.
mst.mission.1953044._detail,Faça login
mst.mission.1953046._title,Faça login.
mst.mission.1953046._detail,Faça login
mst.mission.1953048._title,Faça login.
mst.mission.1953048._detail,Faça login
mst.mission.1953049._title,Faça login.
mst.mission.1953049._detail,Faça login
mst.mission.1953051._title,Faça login.
mst.mission.1953051._detail,Faça login
mst.mission.1953053._title,Faça login.
mst.mission.1953053._detail,Faça login
mst.mission.1953054._title,Faça login.
mst.mission.1953054._detail,Faça login
mst.mission.1953055._title,Faça login.
mst.mission.1953055._detail,Faça login
mst.mission.1953056._title,Faça login.
mst.mission.1953056._detail,Faça login
mst.mission.1953057._title,Faça login.
mst.mission.1953057._detail,Faça login
mst.mission.1953058._title,Faça login.
mst.mission.1953058._detail,Faça login
mst.mission.1953059._title,Faça login.
mst.mission.1953059._detail,Faça login
mst.mission.1953060._title,Faça login.
mst.mission.1953060._detail,Faça login
mst.mission.1953061._title,Faça login.
mst.mission.1953061._detail,Faça login
mst.mission.1953062._title,Faça login.
mst.mission.1953062._detail,Faça login
mst.mission.1953063._title,Faça login.
mst.mission.1953063._detail,Faça login
mst.mission.1953064._title,Faça login.
mst.mission.1953064._detail,Faça login
mst.mission.1953065._title,Faça login.
mst.mission.1953065._detail,Faça login
mst.mission.1953066._title,Faça login.
mst.mission.1953066._detail,Faça login
mst.mission.1953068._title,Faça login.
mst.mission.1953068._detail,Faça login
mst.mission.1953069._title,Faça login.
mst.mission.1953069._detail,Faça login
mst.mission.1953070._title,Faça login.
mst.mission.1953070._detail,Faça login
mst.mission.1953071._title,Faça login.
mst.mission.1953071._detail,Faça login
mst.mission.1953072._title,Faça login.
mst.mission.1953072._detail,Faça login
mst.mission.1953074._title,Faça login.
mst.mission.1953074._detail,Faça login
mst.mission.1953075._title,Faça login.
mst.mission.1953075._detail,Faça login
mst.mission.1953076._title,Faça login.
mst.mission.1953076._detail,Faça login
mst.mission.1953077._title,Faça login.
mst.mission.1953077._detail,Faça login
mst.mission.1953078._title,Faça login.
mst.mission.1953078._detail,Faça login
mst.mission.1953079._title,Faça login.
mst.mission.1953079._detail,Faça login
mst.mission.1953080._title,Faça login.
mst.mission.1953080._detail,Faça login
mst.mission.1953081._title,Faça login.
mst.mission.1953081._detail,Faça login
mst.mission.1953082._title,Faça login.
mst.mission.1953082._detail,Faça login
mst.mission.1953083._title,Faça login.
mst.mission.1953083._detail,Faça login
mst.mission.1953084._title,Faça login.
mst.mission.1953084._detail,Faça login
mst.mission.1953086._title,Faça login.
mst.mission.1953086._detail,Faça login
mst.mission.1953087._title,Faça login.
mst.mission.1953087._detail,Faça login
mst.mission.1953088._title,Faça login.
mst.mission.1953088._detail,Faça login
mst.mission.1953089._title,Faça login.
mst.mission.1953089._detail,Faça login
mst.mission.1953090._title,Faça login.
mst.mission.1953090._detail,Faça login
mst.mission.1953091._title,Faça login.
mst.mission.1953091._detail,Faça login
mst.mission.1953092._title,Faça login.
mst.mission.1953092._detail,Faça login
mst.mission.1953093._title,Faça login.
mst.mission.1953093._detail,Faça login
mst.mission.1953094._title,Faça login.
mst.mission.1953094._detail,Faça login
mst.mission.1953095._title,Faça login.
mst.mission.1953095._detail,Faça login
mst.mission.1953096._title,Faça login.
mst.mission.1953096._detail,Faça login
mst.mission.1953098._title,Faça login.
mst.mission.1953098._detail,Faça login
mst.mission.1953099._title,Faça login.
mst.mission.1953099._detail,Faça login
mst.mission.1953100._title,Faça login.
mst.mission.1953100._detail,Faça login
mst.mission.1953101._title,Faça login.
mst.mission.1953101._detail,Faça login
mst.mission.1953102._title,Faça login.
mst.mission.1953102._detail,Faça login
mst.mission.1953103._title,Faça login.
mst.mission.1953103._detail,Faça login
mst.mission.1953104._title,Faça login.
mst.mission.1953104._detail,Faça login
mst.mission.1953105._title,Faça login.
mst.mission.1953105._detail,Faça login
mst.mission.1953106._title,Faça login.
mst.mission.1953106._detail,Faça login
mst.mission.1953107._title,Faça login.
mst.mission.1953107._detail,Faça login
mst.mission.1953108._title,Faça login.
mst.mission.1953108._detail,Faça login
mst.mission.1953110._title,Faça login.
mst.mission.1953110._detail,Faça login
mst.mission.1953111._title,Faça login.
mst.mission.1953111._detail,Faça login
mst.mission.1953112._title,Faça login.
mst.mission.1953112._detail,Faça login
mst.mission.1953113._title,Faça login.
mst.mission.1953113._detail,Faça login
mst.mission.1953114._title,Faça login.
mst.mission.1953114._detail,Faça login
mst.mission.1953115._title,Faça login.
mst.mission.1953115._detail,Faça login
mst.mission.1953116._title,Faça login.
mst.mission.1953116._detail,Faça login
mst.mission.1953117._title,Faça login.
mst.mission.1953117._detail,Faça login
mst.mission.1953118._title,Faça login.
mst.mission.1953118._detail,Faça login
mst.mission.1953119._title,Faça login.
mst.mission.1953119._detail,Faça login
mst.mission.1953120._title,Faça login.
mst.mission.1953120._detail,Faça login
mst.mission.1953122._title,Faça login.
mst.mission.1953122._detail,Faça login
mst.mission.1953123._title,Faça login.
mst.mission.1953123._detail,Faça login
mst.mission.1953124._title,Faça login.
mst.mission.1953124._detail,Faça login
mst.mission.1953125._title,Faça login.
mst.mission.1953125._detail,Faça login
mst.mission.1953126._title,Faça login.
mst.mission.1953126._detail,Faça login
mst.mission.1953127._title,Faça login.
mst.mission.1953127._detail,Faça login
mst.mission.1953128._title,Faça login.
mst.mission.1953128._detail,Faça login
mst.mission.1953129._title,Faça login.
mst.mission.1953129._detail,Faça login
mst.mission.1953130._title,Faça login.
mst.mission.1953130._detail,Faça login
mst.mission.1953131._title,Faça login.
mst.mission.1953131._detail,Faça login
mst.mission.1953132._title,Faça login.
mst.mission.1953132._detail,Faça login
mst.mission.1953134._title,Faça login.
mst.mission.1953134._detail,Faça login
mst.mission.1953135._title,Faça login.
mst.mission.1953135._detail,Faça login
mst.mission.1953136._title,Faça login.
mst.mission.1953136._detail,Faça login
mst.mission.1953137._title,Faça login.
mst.mission.1953137._detail,Faça login
mst.mission.1953138._title,Faça login.
mst.mission.1953138._detail,Faça login
mst.mission.1953139._title,Faça login.
mst.mission.1953139._detail,Faça login
mst.mission.1953140._title,Faça login.
mst.mission.1953140._detail,Faça login
mst.mission.1953141._title,Faça login.
mst.mission.1953141._detail,Faça login
mst.mission.1953142._title,Faça login.
mst.mission.1953142._detail,Faça login
mst.mission.1953143._title,Faça login.
mst.mission.1953143._detail,Faça login
mst.mission.1953144._title,Faça login.
mst.mission.1953144._detail,Faça login
mst.mission.1953146._title,Faça login.
mst.mission.1953146._detail,Faça login
mst.mission.1953147._title,Faça login.
mst.mission.1953147._detail,Faça login
mst.mission.1953148._title,Faça login.
mst.mission.1953148._detail,Faça login
mst.mission.1953149._title,Faça login.
mst.mission.1953149._detail,Faça login
mst.mission.1953150._title,Faça login.
mst.mission.1953150._detail,Faça login
mst.mission.1953151._title,Faça login.
mst.mission.1953151._detail,Faça login
mst.mission.1953152._title,Faça login.
mst.mission.1953152._detail,Faça login
mst.mission.1953153._title,Faça login.
mst.mission.1953153._detail,Faça login
mst.mission.1953154._title,Faça login.
mst.mission.1953154._detail,Faça login
mst.mission.1953155._title,Faça login.
mst.mission.1953155._detail,Faça login
mst.mission.1953156._title,Faça login.
mst.mission.1953156._detail,Faça login
mst.mission.1953158._title,Faça login.
mst.mission.1953158._detail,Faça login
mst.mission.1953159._title,Faça login.
mst.mission.1953159._detail,Faça login
mst.mission.1953160._title,Faça login.
mst.mission.1953160._detail,Faça login
mst.mission.1953161._title,Faça login.
mst.mission.1953161._detail,Faça login
mst.mission.1953162._title,Faça login.
mst.mission.1953162._detail,Faça login
mst.mission.1953163._title,Faça login.
mst.mission.1953163._detail,Faça login
mst.mission.1953164._title,Faça login.
mst.mission.1953164._detail,Faça login
mst.mission.1953165._title,Faça login.
mst.mission.1953165._detail,Faça login
mst.mission.1953166._title,Faça login.
mst.mission.1953166._detail,Faça login
mst.mission.1953167._title,Faça login.
mst.mission.1953167._detail,Faça login
mst.mission.1953168._title,Faça login.
mst.mission.1953168._detail,Faça login
mst.mission.1953170._title,Faça login.
mst.mission.1953170._detail,Faça login
mst.mission.1953171._title,Faça login.
mst.mission.1953171._detail,Faça login
mst.mission.1953172._title,Faça login.
mst.mission.1953172._detail,Faça login
mst.mission.1953173._title,Faça login.
mst.mission.1953173._detail,Faça login
mst.mission.1953174._title,Faça login.
mst.mission.1953174._detail,Faça login
mst.mission.1953175._title,Faça login.
mst.mission.1953175._detail,Faça login
mst.mission.1953176._title,Faça login.
mst.mission.1953176._detail,Faça login
mst.mission.1953177._title,Faça login.
mst.mission.1953177._detail,Faça login
mst.mission.1953178._title,Faça login.
mst.mission.1953178._detail,Faça login
mst.mission.1967001._title,Aumente o Laço total de 101
mst.mission.1967001._detail,Alcance um Laço total de com a 101.
mst.mission.1967002._title,Aumente o Laço total de 101 para mais de 10.000
mst.mission.1967002._detail,Aumente o Laço total de 101 para mais de 10.000.
mst.mission.1967003._title,Aumente o Laço total de 101 para mais de 20000
mst.mission.1967003._detail,Aumente o Laço total de 101 para mais de 20000.
mst.mission.1967004._title,Aumente o Laço total de 101 para mais de 30000
mst.mission.1967004._detail,Aumente o Laço total de 101 para mais de 30000.
mst.mission.1967005._title,Aumente o Laço total de 101 para mais de 45000
mst.mission.1967005._detail,Aumente o Laço total de 101 para mais de 45000.
mst.mission.1967006._title,Aumente o Laço total de 101 para mais de 60000.
mst.mission.1967006._detail,Aumente o Laço total de 101 para mais de 60000.
mst.mission.1967007._title,Aumente o Laço total de 101 para mais de 80000.
mst.mission.1967007._detail,Aumente o Laço total de 101 para mais de 80000.
mst.mission.1967008._title,Aumente o Laço total de 101 para mais de 100.000
mst.mission.1967008._detail,Aumente o Laço total de 101 para mais de 100.000.
mst.mission.1967009._title,Aumente o Laço total de 101 para mais de 115000
mst.mission.1967009._detail,Aumente o Laço total de 101 para mais de 115000.
mst.mission.1967010._title,Aumente o Laço total de 101 para mais de 130000
mst.mission.1967010._detail,Aumente o Laço total de 101 para mais de 130000.
mst.mission.1967011._title,Aumente o Laço total de 101 para mais de 145000
mst.mission.1967011._detail,Aumente o Laço total de 101 para mais de 145000.
mst.mission.1967012._title,Aumente o Laço total de 101 para 160000 ou mais.
mst.mission.1967012._detail,Aumente o Laço total de 101 para mais de 160000.
mst.mission.1967013._title,Aumente o Laço total de 101 para mais de 175000.
mst.mission.1967013._detail,Aumente o Laço total de 101 para mais de 175000.
mst.mission.1967014._title,Aumente o Laço total de 101 para mais de 190000
mst.mission.1967014._detail,Aumente o Laço total de 101 para mais de 190000.
mst.mission.1967015._title,Aumente o Laço total de 101 para 205000 ou mais.
mst.mission.1967015._detail,Aumente o Laço total de 101 para mais de 205000.
mst.mission.1953179._title,Faça login.
mst.mission.1953179._detail,Faça login
mst.mission.1953182._title,Faça login.
mst.mission.1953182._detail,Faça login
mst.mission.1953185._title,Faça login.
mst.mission.1953185._detail,Faça login
mst.mission.1953188._title,Faça login.
mst.mission.1953188._detail,Faça login
mst.mission.1953191._title,Faça login.
mst.mission.1953191._detail,Faça login
mst.mission.1953192._title,Faça login.
mst.mission.1953192._detail,Faça login
mst.mission.1953194._title,Faça login.
mst.mission.1953194._detail,Faça login
mst.mission.1953195._title,Faça login.
mst.mission.1953195._detail,Faça login
mst.mission.1953196._title,Faça login.
mst.mission.1953196._detail,Faça login
mst.mission.1953197._title,Faça login.
mst.mission.1953197._detail,Faça login
mst.mission.1953198._title,Faça login.
mst.mission.1953198._detail,Faça login
mst.mission.1953199._title,Faça login.
mst.mission.1953199._detail,Faça login
mst.mission.1953200._title,Faça login.
mst.mission.1953200._detail,Faça login
mst.mission.1953201._title,Faça login.
mst.mission.1953201._detail,Faça login
mst.mission.1953202._title,Faça login.
mst.mission.1953202._detail,Faça login
mst.mission.1953203._title,Faça login.
mst.mission.1953203._detail,Faça login
mst.mission.1953204._title,Faça login.
mst.mission.1953204._detail,Faça login
mst.mission.1953206._title,Faça login.
mst.mission.1953206._detail,Faça login
mst.mission.1953207._title,Faça login.
mst.mission.1953207._detail,Faça login
mst.mission.1953208._title,Faça login.
mst.mission.1953208._detail,Faça login
mst.mission.1953209._title,Faça login.
mst.mission.1953209._detail,Faça login
mst.mission.1953210._title,Faça login.
mst.mission.1953210._detail,Faça login
mst.mission.1953211._title,Faça login.
mst.mission.1953211._detail,Faça login
mst.mission.1953212._title,Faça login.
mst.mission.1953212._detail,Faça login
mst.mission.1953213._title,Faça login.
mst.mission.1953213._detail,Faça login
mst.mission.1953214._title,Faça login.
mst.mission.1953214._detail,Faça login
mst.mission.1953215._title,Faça login.
mst.mission.1953215._detail,Faça login
mst.mission.1953216._title,Faça login.
mst.mission.1953216._detail,Faça login
mst.mission.1953218._title,Faça login.
mst.mission.1953218._detail,Faça login
mst.mission.1953219._title,Faça login.
mst.mission.1953219._detail,Faça login
mst.mission.1953220._title,Faça login.
mst.mission.1953220._detail,Faça login
mst.mission.1953221._title,Faça login.
mst.mission.1953221._detail,Faça login
mst.mission.1953222._title,Faça login.
mst.mission.1953222._detail,Faça login
mst.mission.1953223._title,Faça login.
mst.mission.1953223._detail,Faça login
mst.mission.1953224._title,Faça login.
mst.mission.1953224._detail,Faça login
mst.mission.1953225._title,Faça login.
mst.mission.1953225._detail,Faça login
mst.mission.1953226._title,Faça login.
mst.mission.1953226._detail,Faça login
mst.mission.1953227._title,Faça login.
mst.mission.1953227._detail,Faça login
mst.mission.1953228._title,Faça login.
mst.mission.1953228._detail,Faça login
mst.mission.1953230._title,Faça login.
mst.mission.1953230._detail,Faça login
mst.mission.1953231._title,Faça login.
mst.mission.1953231._detail,Faça login
mst.mission.1953232._title,Faça login.
mst.mission.1953232._detail,Faça login
mst.mission.1953233._title,Faça login.
mst.mission.1953233._detail,Faça login
mst.mission.1953234._title,Faça login.
mst.mission.1953234._detail,Faça login
mst.mission.1953235._title,Faça login.
mst.mission.1953235._detail,Faça login
mst.mission.1953236._title,Faça login.
mst.mission.1953236._detail,Faça login
mst.mission.1953237._title,Faça login.
mst.mission.1953237._detail,Faça login
mst.mission.1953238._title,Faça login.
mst.mission.1953238._detail,Faça login
mst.mission.1953239._title,Faça login.
mst.mission.1953239._detail,Faça login
mst.mission.1953240._title,Faça login.
mst.mission.1953240._detail,Faça login
mst.mission.1953242._title,Faça login.
mst.mission.1953242._detail,Faça login
mst.mission.1953243._title,Faça login.
mst.mission.1953243._detail,Faça login
mst.mission.1953244._title,Faça login.
mst.mission.1953244._detail,Faça login
mst.mission.1953245._title,Faça login.
mst.mission.1953245._detail,Faça login
mst.mission.1953246._title,Faça login.
mst.mission.1953246._detail,Faça login
mst.mission.1953247._title,Faça login.
mst.mission.1953247._detail,Faça login
mst.mission.1953248._title,Faça login.
mst.mission.1953248._detail,Faça login
mst.mission.1953249._title,Faça login.
mst.mission.1953249._detail,Faça login
mst.mission.1953250._title,Faça login.
mst.mission.1953250._detail,Faça login
mst.mission.1953251._title,Faça login.
mst.mission.1953251._detail,Faça login
mst.mission.1953252._title,Faça login.
mst.mission.1953252._detail,Faça login
mst.mission.1953254._title,Faça login.
mst.mission.1953254._detail,Faça login
mst.mission.1953255._title,Faça login.
mst.mission.1953255._detail,Faça login
mst.mission.1953256._title,Faça login.
mst.mission.1953256._detail,Faça login
mst.mission.1953257._title,Faça login.
mst.mission.1953257._detail,Faça login
mst.mission.1953258._title,Faça login.
mst.mission.1953258._detail,Faça login
mst.mission.1953259._title,Faça login.
mst.mission.1953259._detail,Faça login
mst.mission.1953260._title,Faça login.
mst.mission.1953260._detail,Faça login
mst.mission.1953261._title,Faça login.
mst.mission.1953261._detail,Faça login
mst.mission.1953262._title,Faça login.
mst.mission.1953262._detail,Faça login
mst.mission.1953263._title,Faça login.
mst.mission.1953263._detail,Faça login
mst.mission.1953264._title,Faça login.
mst.mission.1953264._detail,Faça login
mst.mission.1953266._title,Faça login.
mst.mission.1953266._detail,Faça login
mst.mission.1953267._title,Faça login.
mst.mission.1953267._detail,Faça login
mst.mission.1953268._title,Faça login.
mst.mission.1953268._detail,Faça login
mst.mission.1953269._title,Faça login.
mst.mission.1953269._detail,Faça login
mst.mission.1953270._title,Faça login.
mst.mission.1953270._detail,Faça login
mst.mission.1953271._title,Faça login.
mst.mission.1953271._detail,Faça login
mst.mission.1953272._title,Faça login.
mst.mission.1953272._detail,Faça login
mst.mission.1953273._title,Faça login.
mst.mission.1953273._detail,Faça login
mst.mission.1953274._title,Faça login.
mst.mission.1953274._detail,Faça login
mst.mission.1953275._title,Faça login.
mst.mission.1953275._detail,Faça login
mst.mission.1953276._title,Faça login.
mst.mission.1953276._detail,Faça login
mst.mission.1953278._title,Faça login.
mst.mission.1953278._detail,Faça login
mst.mission.1953279._title,Faça login.
mst.mission.1953279._detail,Faça login
mst.mission.1953280._title,Faça login.
mst.mission.1953280._detail,Faça login
mst.mission.1953281._title,Faça login.
mst.mission.1953281._detail,Faça login
mst.mission.1953282._title,Faça login.
mst.mission.1953282._detail,Faça login
mst.mission.1953283._title,Faça login.
mst.mission.1953283._detail,Faça login
mst.mission.1953284._title,Faça login.
mst.mission.1953284._detail,Faça login
mst.mission.1953285._title,Faça login.
mst.mission.1953285._detail,Faça login
mst.mission.1953286._title,Faça login.
mst.mission.1953286._detail,Faça login
mst.mission.1953287._title,Faça login.
mst.mission.1953287._detail,Faça login
mst.mission.1953288._title,Faça login.
mst.mission.1953288._detail,Faça login
mst.mission.1953290._title,Faça login.
mst.mission.1953290._detail,Faça login
mst.mission.1953291._title,Faça login.
mst.mission.1953291._detail,Faça login
mst.mission.1953292._title,Faça login.
mst.mission.1953292._detail,Faça login
mst.mission.1953293._title,Faça login.
mst.mission.1953293._detail,Faça login
mst.mission.1953294._title,Faça login.
mst.mission.1953294._detail,Faça login
mst.mission.1953295._title,Faça login.
mst.mission.1953295._detail,Faça login
mst.mission.1953296._title,Faça login.
mst.mission.1953296._detail,Faça login
mst.mission.1953297._title,Faça login.
mst.mission.1953297._detail,Faça login
mst.mission.1953298._title,Faça login.
mst.mission.1953298._detail,Faça login
mst.mission.1967016._title,Aumente o Laço total de 201
mst.mission.1967016._detail,Aumente o Laço total de 201.
mst.mission.1967017._title,Aumente o Laço total de 201 para mais de 10000
mst.mission.1967017._detail,Aumente o Laço total de 201 para mais de 10000.
mst.mission.1967018._title,Aumente o Laço total de 201 para mais de 20000
mst.mission.1967018._detail,Aumente o Laço total de 201 para mais de 20000.
mst.mission.1967019._title,Aumente o Laço total de 201 para mais de 30000
mst.mission.1967019._detail,Aumente o Laço total de 201 para mais de 30000.
mst.mission.1967020._title,Aumente o Laço total de 201 para mais de 45000.
mst.mission.1967020._detail,Aumente o Laço total de 201 para mais de 45000.
mst.mission.1967021._title,Aumente o Laço total de 201 para mais de 60000.
mst.mission.1967021._detail,Aumente o Laço total de 201 para mais de 60000.
mst.mission.1967022._title,Aumente o Laço total de 201 para mais de 80000
mst.mission.1967022._detail,Aumente o Laço total de 201 para mais de 80000.
mst.mission.1967023._title,Aumente o Laço total de 201 para mais de 100000
mst.mission.1967023._detail,Aumente o Laço total de 201 para mais de 100000.
mst.mission.1967024._title,Aumente o Laço total de 201 para mais de 115000
mst.mission.1967024._detail,Aumente o Laço total de 201 para mais de 115000.
mst.mission.1967025._title,Aumente o Laço total de 201 para mais de 130000
mst.mission.1967025._detail,Aumente o Laço total de 201 para mais de 130000.
mst.mission.1967026._title,Aumente o Laço total de 201 para mais de 145000.
mst.mission.1967026._detail,Aumente o Laço total de 201 para mais de 145000.
mst.mission.1967027._title,Aumente o Laço total de 201 para mais de 160000
mst.mission.1967027._detail,Aumente o Laço total de 201 para mais de 160000.
mst.mission.1967028._title,Aumente o Laço total de 201 para mais de 175000.
mst.mission.1967028._detail,Aumente o Laço total de 201 para mais de 175000.
mst.mission.1967029._title,Aumente o Laço total de 201 para mais de 190000
mst.mission.1967029._detail,Aumente o Laço total de 201 para mais de 190000.
mst.mission.1967030._title,Aumente o Laço total de 201 para mais de 205000
mst.mission.1967030._detail,Aumente o Laço total de 201 para mais de 205000.
mst.mission.1953301._title,Faça login.
mst.mission.1953301._detail,Faça login
mst.mission.1953306._title,Faça login.
mst.mission.1953306._detail,Faça login
mst.mission.1953307._title,Faça login.
mst.mission.1953307._detail,Faça login
mst.mission.1953311._title,Faça login.
mst.mission.1953311._detail,Faça login
mst.mission.1953312._title,Faça login.
mst.mission.1953312._detail,Faça login
mst.mission.1953314._title,Faça login.
mst.mission.1953314._detail,Faça login
mst.mission.1953315._title,Faça login.
mst.mission.1953315._detail,Faça login
mst.mission.1953316._title,Faça login.
mst.mission.1953316._detail,Faça login
mst.mission.1953317._title,Faça login.
mst.mission.1953317._detail,Faça login
mst.mission.1953318._title,Faça login.
mst.mission.1953318._detail,Faça login
mst.mission.1953319._title,Faça login.
mst.mission.1953319._detail,Faça login
mst.mission.1953320._title,Faça login.
mst.mission.1953320._detail,Faça login
mst.mission.1953321._title,Faça login.
mst.mission.1953321._detail,Faça login
mst.mission.1953322._title,Faça login.
mst.mission.1953322._detail,Faça login
mst.mission.1953323._title,Faça login.
mst.mission.1953323._detail,Faça login
mst.mission.1953324._title,Faça login.
mst.mission.1953324._detail,Faça login
mst.mission.1953326._title,Faça login.
mst.mission.1953326._detail,Faça login
mst.mission.1953327._title,Faça login.
mst.mission.1953327._detail,Faça login
mst.mission.1953328._title,Faça login.
mst.mission.1953328._detail,Faça login
mst.mission.1953329._title,Faça login.
mst.mission.1953329._detail,Faça login
mst.mission.1953330._title,Faça login.
mst.mission.1953330._detail,Faça login
mst.mission.1953331._title,Faça login.
mst.mission.1953331._detail,Faça login
mst.mission.1953332._title,Faça login.
mst.mission.1953332._detail,Faça login
mst.mission.1953333._title,Faça login.
mst.mission.1953333._detail,Faça login
mst.mission.1953334._title,Faça login.
mst.mission.1953334._detail,Faça login
mst.mission.1953335._title,Faça login.
mst.mission.1953335._detail,Faça login
mst.mission.1953336._title,Faça login.
mst.mission.1953336._detail,Faça login
mst.mission.1953338._title,Faça login.
mst.mission.1953338._detail,Faça login
mst.mission.1953339._title,Faça login.
mst.mission.1953339._detail,Faça login
mst.mission.1953340._title,Faça login.
mst.mission.1953340._detail,Faça login
mst.mission.1953341._title,Faça login.
mst.mission.1953341._detail,Faça login
mst.mission.1953342._title,Faça login.
mst.mission.1953342._detail,Faça login
mst.mission.1953343._title,Faça login.
mst.mission.1953343._detail,Faça login
mst.mission.1953344._title,Faça login.
mst.mission.1953344._detail,Faça login
mst.mission.1953345._title,Faça login.
mst.mission.1953345._detail,Faça login
mst.mission.1953346._title,Faça login.
mst.mission.1953346._detail,Faça login
mst.mission.1953347._title,Faça login.
mst.mission.1953347._detail,Faça login
mst.mission.1953348._title,Faça login.
mst.mission.1953348._detail,Faça login
mst.mission.1953350._title,Faça login.
mst.mission.1953350._detail,Faça login
mst.mission.1953351._title,Faça login.
mst.mission.1953351._detail,Faça login
mst.mission.1953352._title,Faça login.
mst.mission.1953352._detail,Faça login
mst.mission.1953353._title,Faça login.
mst.mission.1953353._detail,Faça login
mst.mission.1953354._title,Faça login.
mst.mission.1953354._detail,Faça login
mst.mission.1953355._title,Faça login.
mst.mission.1953355._detail,Faça login
mst.mission.1953356._title,Faça login.
mst.mission.1953356._detail,Faça login
mst.mission.1953357._title,Faça login.
mst.mission.1953357._detail,Faça login
mst.mission.1953358._title,Faça login.
mst.mission.1953358._detail,Faça login
mst.mission.1953359._title,Faça login.
mst.mission.1953359._detail,Faça login
mst.mission.1953360._title,Faça login.
mst.mission.1953360._detail,Faça login
mst.mission.1953362._title,Faça login.
mst.mission.1953362._detail,Faça login
mst.mission.1953363._title,Faça login.
mst.mission.1953363._detail,Faça login
mst.mission.1953364._title,Faça login.
mst.mission.1953364._detail,Faça login
mst.mission.1953365._title,Faça login.
mst.mission.1953365._detail,Faça login
mst.mission.1953366._title,Faça login.
mst.mission.1953366._detail,Faça login
mst.mission.1953367._title,Faça login.
mst.mission.1953367._detail,Faça login
mst.mission.1953368._title,Faça login.
mst.mission.1953368._detail,Faça login
mst.mission.1953369._title,Faça login.
mst.mission.1953369._detail,Faça login
mst.mission.1953370._title,Faça login.
mst.mission.1953370._detail,Faça login
mst.mission.1953371._title,Faça login.
mst.mission.1953371._detail,Faça login
mst.mission.1953372._title,Faça login.
mst.mission.1953372._detail,Faça login
mst.mission.1953374._title,Faça login.
mst.mission.1953374._detail,Faça login
mst.mission.1953375._title,Faça login.
mst.mission.1953375._detail,Faça login
mst.mission.1953376._title,Faça login.
mst.mission.1953376._detail,Faça login
mst.mission.1953377._title,Faça login.
mst.mission.1953377._detail,Faça login
mst.mission.1953378._title,Faça login.
mst.mission.1953378._detail,Faça login
mst.mission.1953379._title,Faça login.
mst.mission.1953379._detail,Faça login
mst.mission.1953380._title,Faça login.
mst.mission.1953380._detail,Faça login
mst.mission.1953381._title,Faça login.
mst.mission.1953381._detail,Faça login
mst.mission.1953382._title,Faça login.
mst.mission.1953382._detail,Faça login
mst.mission.1953383._title,Faça login.
mst.mission.1953383._detail,Faça login
mst.mission.1953384._title,Faça login.
mst.mission.1953384._detail,Faça login
mst.mission.1953386._title,Faça login.
mst.mission.1953386._detail,Faça login
mst.mission.1953387._title,Faça login.
mst.mission.1953387._detail,Faça login
mst.mission.1953388._title,Faça login.
mst.mission.1953388._detail,Faça login
mst.mission.1953389._title,Faça login.
mst.mission.1953389._detail,Faça login
mst.mission.1953390._title,Faça login.
mst.mission.1953390._detail,Faça login
mst.mission.1953391._title,Faça login.
mst.mission.1953391._detail,Faça login
mst.mission.1953392._title,Faça login.
mst.mission.1953392._detail,Faça login
mst.mission.1953393._title,Faça login.
mst.mission.1953393._detail,Faça login
mst.mission.1953394._title,Faça login.
mst.mission.1953394._detail,Faça login
mst.mission.1953395._title,Faça login.
mst.mission.1953395._detail,Faça login
mst.mission.1953396._title,Faça login.
mst.mission.1953396._detail,Faça login
mst.mission.1953398._title,Faça login.
mst.mission.1953398._detail,Faça login
mst.mission.1953399._title,Faça login.
mst.mission.1953399._detail,Faça login
mst.mission.1953400._title,Faça login.
mst.mission.1953400._detail,Faça login
mst.mission.1953401._title,Faça login.
mst.mission.1953401._detail,Faça login
mst.mission.1953402._title,Faça login.
mst.mission.1953402._detail,Faça login
mst.mission.1953403._title,Faça login.
mst.mission.1953403._detail,Faça login
mst.mission.1953404._title,Faça login.
mst.mission.1953404._detail,Faça login
mst.mission.1953405._title,Faça login.
mst.mission.1953405._detail,Faça login
mst.mission.1953406._title,Faça login.
mst.mission.1953406._detail,Faça login
mst.mission.1953407._title,Faça login.
mst.mission.1953407._detail,Faça login
mst.mission.1953408._title,Faça login.
mst.mission.1953408._detail,Faça login
mst.mission.1953410._title,Faça login.
mst.mission.1953410._detail,Faça login
mst.mission.1953411._title,Faça login.
mst.mission.1953411._detail,Faça login
mst.mission.1953412._title,Faça login.
mst.mission.1953412._detail,Faça login
mst.mission.1953413._title,Faça login.
mst.mission.1953413._detail,Faça login
mst.mission.1953414._title,Faça login.
mst.mission.1953414._detail,Faça login
mst.mission.1953415._title,Faça login.
mst.mission.1953415._detail,Faça login
mst.mission.1953416._title,Faça login.
mst.mission.1953416._detail,Faça login
mst.mission.1953417._title,Faça login.
mst.mission.1953417._detail,Faça login
mst.mission.1953418._title,Faça login.
mst.mission.1953418._detail,Faça login
mst.mission.1953419._title,Faça login.
mst.mission.1953419._detail,Faça login
mst.mission.1953420._title,Faça login.
mst.mission.1953420._detail,Faça login
mst.mission.1953422._title,Faça login.
mst.mission.1953422._detail,Faça login
mst.mission.1953423._title,Faça login.
mst.mission.1953423._detail,Faça login
mst.mission.1953424._title,Faça login.
mst.mission.1953424._detail,Faça login
mst.mission.1953425._title,Faça login.
mst.mission.1953425._detail,Faça login
mst.mission.1953426._title,Faça login.
mst.mission.1953426._detail,Faça login
mst.mission.1953427._title,Faça login.
mst.mission.1953427._detail,Faça login
mst.mission.1953428._title,Faça login.
mst.mission.1953428._detail,Faça login
mst.mission.1953429._title,Faça login.
mst.mission.1953429._detail,Faça login
mst.mission.1953430._title,Faça login.
mst.mission.1953430._detail,Faça login
mst.mission.1953431._title,Faça login.
mst.mission.1953431._detail,Faça login
mst.mission.1953432._title,Faça login.
mst.mission.1953432._detail,Faça login
mst.mission.1953434._title,Faça login.
mst.mission.1953434._detail,Faça login
mst.mission.1953435._title,Faça login.
mst.mission.1953435._detail,Faça login
mst.mission.1953436._title,Faça login.
mst.mission.1953436._detail,Faça login
mst.mission.1953437._title,Faça login.
mst.mission.1953437._detail,Faça login
mst.mission.1953438._title,Faça login.
mst.mission.1953438._detail,Faça login
mst.mission.1953439._title,Faça login.
mst.mission.1953439._detail,Faça login
mst.mission.1953440._title,Faça login.
mst.mission.1953440._detail,Faça login
mst.mission.1953441._title,Faça login.
mst.mission.1953441._detail,Faça login
mst.mission.1953442._title,Faça login.
mst.mission.1953442._detail,Faça login
mst.mission.1953443._title,Faça login.
mst.mission.1953443._detail,Faça login
mst.mission.1953444._title,Faça login.
mst.mission.1953444._detail,Faça login
mst.mission.1953446._title,Faça login.
mst.mission.1953446._detail,Faça login
mst.mission.1953447._title,Faça login.
mst.mission.1953447._detail,Faça login
mst.mission.1953448._title,Faça login.
mst.mission.1953448._detail,Faça login
mst.mission.1953449._title,Faça login.
mst.mission.1953449._detail,Faça login
mst.mission.1953450._title,Faça login.
mst.mission.1953450._detail,Faça login
mst.mission.1953451._title,Faça login.
mst.mission.1953451._detail,Faça login
mst.mission.1953452._title,Faça login.
mst.mission.1953452._detail,Faça login
mst.mission.1953453._title,Faça login.
mst.mission.1953453._detail,Faça login
mst.mission.1953454._title,Faça login.
mst.mission.1953454._detail,Faça login
mst.mission.1967031._title,Alcance o Laço total de 301
mst.mission.1967031._detail,Alcance o Laço total de 301.
mst.mission.1967032._title,Alcance um Laço total de 10.000 com o 301
mst.mission.1967032._detail,Aumente o Laço total de 301 para mais de 10000.
mst.mission.1967033._title,Aumente o Laço total de 301 para mais de 20000
mst.mission.1967033._detail,Aumente o Laço total de 301 para mais de 20000.
mst.mission.1967034._title,Aumente o Laço total de 301 para mais de 30000
mst.mission.1967034._detail,Aumente o Laço total de 301 para mais de 30000.
mst.mission.1967035._title,Aumente o Laço total de 301 para mais de 45000.
mst.mission.1967035._detail,Aumente o Laço total de 301 para mais de 45000.
mst.mission.1967036._title,Aumente o Laço total de 301 para mais de 60000
mst.mission.1967036._detail,Aumente o Laço total de 301 para mais de 60000.
mst.mission.1967037._title,Aumente o Laço total de 301 para mais de 80000.
mst.mission.1967037._detail,Aumente o Laço total de 301 para mais de 80000.
mst.mission.1967038._title,Aumente o Laço total de 301 para mais de 100000
mst.mission.1967038._detail,Aumente o Laço total de 301 para mais de 100000.
mst.mission.1967039._title,Aumente o Laço total de 301 para mais de 115000.
mst.mission.1967039._detail,Aumente o Laço total de 301 para mais de 115000.
mst.mission.1967040._title,Aumente o Laço total de 301 para mais de 130000
mst.mission.1967040._detail,Aumente o Laço total de 301 para mais de 130000.
mst.mission.1967041._title,Aumente o Laço total de 301 para 145000 ou mais.
mst.mission.1967041._detail,Aumente o Laço total de 301 para mais de 145000.
mst.mission.1967042._title,Aumente o Laço total de 301 para 160000 ou mais.
mst.mission.1967042._detail,Aumente o Laço total de 301 para mais de 160000.
mst.mission.1967043._title,Aumente o Laço total de 301 para 175000 ou mais.
mst.mission.1967043._detail,Aumente o Laço total de 301 para mais de 175000.
mst.mission.1967044._title,Aumente o Laço total de 301 para mais de 190000.
mst.mission.1967044._detail,Aumente o Laço total de 301 para 190000 ou mais.
mst.mission.1967045._title,Aumente o Laço total de 301 para 205000 ou mais.
mst.mission.1967045._detail,Aumente o Laço total de 301 para 205000 ou mais.
mst.mission.1953455._title,Faça login.
mst.mission.1953455._detail,Faça login
mst.mission.1953458._title,Faça login.
mst.mission.1953458._detail,Faça login
mst.mission.1953461._title,Faça login.
mst.mission.1953461._detail,Faça login
mst.mission.1953464._title,Faça login.
mst.mission.1953464._detail,Faça login
mst.mission.1953465._title,Faça login.
mst.mission.1953465._detail,Faça login
mst.mission.1953467._title,Faça login.
mst.mission.1953467._detail,Faça login
mst.mission.1953468._title,Faça login.
mst.mission.1953468._detail,Faça login
mst.mission.1953470._title,Faça login.
mst.mission.1953470._detail,Faça login
mst.mission.1953471._title,Faça login.
mst.mission.1953471._detail,Faça login
mst.mission.1953472._title,Faça login.
mst.mission.1953472._detail,Faça login
mst.mission.1953473._title,Faça login.
mst.mission.1953473._detail,Faça login
mst.mission.1953474._title,Faça login.
mst.mission.1953474._detail,Faça login
mst.mission.1953475._title,Faça login.
mst.mission.1953475._detail,Faça login
mst.mission.1953476._title,Faça login.
mst.mission.1953476._detail,Faça login
mst.mission.1953477._title,Faça login.
mst.mission.1953477._detail,Faça login
mst.mission.1953478._title,Faça login.
mst.mission.1953478._detail,Faça login
mst.mission.1953479._title,Faça login.
mst.mission.1953479._detail,Faça login
mst.mission.1953480._title,Faça login.
mst.mission.1953480._detail,Faça login
mst.mission.1953482._title,Faça login.
mst.mission.1953482._detail,Faça login
mst.mission.1953483._title,Faça login.
mst.mission.1953483._detail,Faça login
mst.mission.1953484._title,Faça login.
mst.mission.1953484._detail,Faça login
mst.mission.1953485._title,Faça login.
mst.mission.1953485._detail,Faça login
mst.mission.1953486._title,Faça login.
mst.mission.1953486._detail,Faça login
mst.mission.1953487._title,Faça login.
mst.mission.1953487._detail,Faça login
mst.mission.1953488._title,Faça login.
mst.mission.1953488._detail,Faça login
mst.mission.1953489._title,Faça login.
mst.mission.1953489._detail,Faça login
mst.mission.1953490._title,Faça login.
mst.mission.1953490._detail,Faça login
mst.mission.1953491._title,Faça login.
mst.mission.1953491._detail,Faça login
mst.mission.1953492._title,Faça login.
mst.mission.1953492._detail,Faça login
mst.mission.1953494._title,Faça login.
mst.mission.1953494._detail,Faça login
mst.mission.1953495._title,Faça login.
mst.mission.1953495._detail,Faça login
mst.mission.1953496._title,Faça login.
mst.mission.1953496._detail,Faça login
mst.mission.1953497._title,Faça login.
mst.mission.1953497._detail,Faça login
mst.mission.1953498._title,Faça login.
mst.mission.1953498._detail,Faça login
mst.mission.1953499._title,Faça login.
mst.mission.1953499._detail,Faça login
mst.mission.1953500._title,Faça login.
mst.mission.1953500._detail,Faça login
mst.mission.1953501._title,Faça login.
mst.mission.1953501._detail,Faça login
mst.mission.1953502._title,Faça login.
mst.mission.1953502._detail,Faça login
mst.mission.1953503._title,Faça login.
mst.mission.1953503._detail,Faça login
mst.mission.1953504._title,Faça login.
mst.mission.1953504._detail,Faça login
mst.mission.1953506._title,Faça login.
mst.mission.1953506._detail,Faça login
mst.mission.1953507._title,Faça login.
mst.mission.1953507._detail,Faça login
mst.mission.1953508._title,Faça login.
mst.mission.1953508._detail,Faça login
mst.mission.1953509._title,Faça login.
mst.mission.1953509._detail,Faça login
mst.mission.1953510._title,Faça login.
mst.mission.1953510._detail,Faça login
mst.mission.1953511._title,Faça login.
mst.mission.1953511._detail,Faça login
mst.mission.1953512._title,Faça login.
mst.mission.1953512._detail,Faça login
mst.mission.1953513._title,Faça login.
mst.mission.1953513._detail,Faça login
mst.mission.1953514._title,Faça login.
mst.mission.1953514._detail,Faça login
mst.mission.1953515._title,Faça login.
mst.mission.1953515._detail,Faça login
mst.mission.1953516._title,Faça login.
mst.mission.1953516._detail,Faça login
mst.mission.1953518._title,Faça login.
mst.mission.1953518._detail,Faça login
mst.mission.1953519._title,Faça login.
mst.mission.1953519._detail,Faça login
mst.mission.1953520._title,Faça login.
mst.mission.1953520._detail,Faça login
mst.mission.1953521._title,Faça login.
mst.mission.1953521._detail,Faça login
mst.mission.1953522._title,Faça login.
mst.mission.1953522._detail,Faça login
mst.mission.1953523._title,Faça login.
mst.mission.1953523._detail,Faça login
mst.mission.1953524._title,Faça login.
mst.mission.1953524._detail,Faça login
mst.mission.1953525._title,Faça login.
mst.mission.1953525._detail,Faça login
mst.mission.1953526._title,Faça login.
mst.mission.1953526._detail,Faça login
mst.mission.1953527._title,Faça login.
mst.mission.1953527._detail,Faça login
mst.mission.1953528._title,Faça login.
mst.mission.1953528._detail,Faça login
mst.mission.1953530._title,Faça login.
mst.mission.1953530._detail,Faça login
mst.mission.1953531._title,Faça login.
mst.mission.1953531._detail,Faça login
mst.mission.1953532._title,Faça login.
mst.mission.1953532._detail,Faça login
mst.mission.1953533._title,Faça login.
mst.mission.1953533._detail,Faça login
mst.mission.1953534._title,Faça login.
mst.mission.1953534._detail,Faça login
mst.mission.1953535._title,Faça login.
mst.mission.1953535._detail,Faça login
mst.mission.1953536._title,Faça login.
mst.mission.1953536._detail,Faça login
mst.mission.1953537._title,Faça login.
mst.mission.1953537._detail,Faça login
mst.mission.1953538._title,Faça login.
mst.mission.1953538._detail,Faça login
mst.mission.1953539._title,Faça login.
mst.mission.1953539._detail,Faça login
mst.mission.1953540._title,Faça login.
mst.mission.1953540._detail,Faça login
mst.mission.1953542._title,Faça login.
mst.mission.1953542._detail,Faça login
mst.mission.1953543._title,Faça login.
mst.mission.1953543._detail,Faça login
mst.mission.1953544._title,Faça login.
mst.mission.1953544._detail,Faça login
mst.mission.1953545._title,Faça login.
mst.mission.1953545._detail,Faça login
mst.mission.1953546._title,Faça login.
mst.mission.1953546._detail,Faça login
mst.mission.1953547._title,Faça login.
mst.mission.1953547._detail,Faça login
mst.mission.1953548._title,Faça login.
mst.mission.1953548._detail,Faça login
mst.mission.1953549._title,Faça login.
mst.mission.1953549._detail,Faça login
mst.mission.1953550._title,Faça login.
mst.mission.1953550._detail,Faça login
mst.mission.1953551._title,Faça login.
mst.mission.1953551._detail,Faça login
mst.mission.1953552._title,Faça login.
mst.mission.1953552._detail,Faça login
mst.mission.1953554._title,Faça login.
mst.mission.1953554._detail,Faça login
mst.mission.1953555._title,Faça login.
mst.mission.1953555._detail,Faça login
mst.mission.1953556._title,Faça login.
mst.mission.1953556._detail,Faça login
mst.mission.1953557._title,Faça login.
mst.mission.1953557._detail,Faça login
mst.mission.1953558._title,Faça login.
mst.mission.1953558._detail,Faça login
mst.mission.1953559._title,Faça login.
mst.mission.1953559._detail,Faça login
mst.mission.1953560._title,Faça login.
mst.mission.1953560._detail,Faça login
mst.mission.1953561._title,Faça login.
mst.mission.1953561._detail,Faça login
mst.mission.1953562._title,Faça login.
mst.mission.1953562._detail,Faça login
mst.mission.1953563._title,Faça login.
mst.mission.1953563._detail,Faça login
mst.mission.1953564._title,Faça login.
mst.mission.1953564._detail,Faça login
mst.mission.1953566._title,Faça login.
mst.mission.1953566._detail,Faça login
mst.mission.1953567._title,Faça login.
mst.mission.1953567._detail,Faça login
mst.mission.1953568._title,Faça login.
mst.mission.1953568._detail,Faça login
mst.mission.1953569._title,Faça login.
mst.mission.1953569._detail,Faça login
mst.mission.1953570._title,Faça login.
mst.mission.1953570._detail,Faça login
mst.mission.1953571._title,Faça login.
mst.mission.1953571._detail,Faça login
mst.mission.1953572._title,Faça login.
mst.mission.1953572._detail,Faça login
mst.mission.1953573._title,Faça login.
mst.mission.1953573._detail,Faça login
mst.mission.1953574._title,Faça login.
mst.mission.1953574._detail,Faça login
mst.mission.1967046._title,Alcance 400 de Laço total
mst.mission.1967046._detail,Alcance um Laço total de 400
mst.mission.1967047._title,Alcance de Laço total
mst.mission.1967047._detail,Alcance um Laço total de 10.000 ou mais.
mst.mission.1967048._title,Aumente o Laço total em 400 para mais de 20.000
mst.mission.1967048._detail,Aumente o Laço total de 400 para mais de 20000.
mst.mission.1967049._title,Aumente o Laço total de 400 para mais de 30000
mst.mission.1967049._detail,Aumente o Laço total de 400 para mais de 30000.
mst.mission.1967050._title,Aumente o Laço total de 400 para mais de 45000
mst.mission.1967050._detail,Aumente o Laço total de 400 para mais de 45000.
mst.mission.1967051._title,Aumente o Laço total de 400 para mais de 60000
mst.mission.1967051._detail,Aumente o Laço total de 400 para mais de 60000.
mst.mission.1967052._title,Aumente o Laço total de 400 para mais de 80000
mst.mission.1967052._detail,Aumente o Laço total de 400 para mais de 80000.
mst.mission.1967053._title,Aumente o Laço total de 400 para mais de 100.000
mst.mission.1967053._detail,Aumente o Laço total de 400 para mais de 100.000.
mst.mission.1967054._title,Aumente o Laço total de 400 para mais de 115.000
mst.mission.1967054._detail,Aumente o Laço total de 400 para mais de 115000.
mst.mission.1967055._title,Aumente o Laço total de 400 para mais de 130.000
mst.mission.1967055._detail,Aumente o Laço total de 400 para mais de 130000.
mst.mission.1967056._title,Aumente o Laço total de 400 para mais de 145000
mst.mission.1967056._detail,Aumente o Laço total de 400 para mais de 145000.
mst.mission.1967057._title,Aumente o Laço total de 400 para mais de 160000
mst.mission.1967057._detail,Aumente o Laço total de 400 para mais de 160000.
mst.mission.1967058._title,Aumente o Laço total de 400 para mais de 175.000
mst.mission.1967058._detail,Aumente o Laço total de 400 para mais de 175.000.
mst.mission.1967059._title,Aumente o Laço total de 400 para mais de 190000
mst.mission.1967059._detail,Aumente o Laço total de 400 para mais de 190000.
mst.mission.1967060._title,Aumente o Laço total de 400 para mais de 205000
mst.mission.1967060._detail,Aumente o Laço total de 400 para mais de 205000.
mst.mission.1951001._title,Obtenha a Idol “Torta de Maçã da Felicidade”
mst.mission.1951001._detail,Obtenha a Idol “幸せのアップルパイ”.
mst.mission.1950001._title,Desperte a Idol “Torta de Maçã da Felicidade”
mst.mission.1950001._detail,Desperte a Idol “幸せのアップルパイ”.
mst.mission.1953577._title,Faça login.
mst.mission.1953577._detail,Faça login
mst.mission.1953578._title,Faça login.
mst.mission.1953578._detail,Faça login
mst.mission.1953579._title,Faça login.
mst.mission.1953579._detail,Faça login
mst.mission.1953583._title,Faça login.
mst.mission.1953583._detail,Faça login
mst.mission.1951002._title,Obtenha a Idol “Surpresa BBQ”
mst.mission.1951002._detail,Obtenha a Idol “Surpresa no Churrasco”
mst.mission.1950002._title,Desperte a Idol “Surpresa BBQ”
mst.mission.1950002._detail,Desperte a Idol “Surpresa BBQ”
mst.mission.1951003._title,Obtenha a Idol “Shizuku Shiru Ajisai”
mst.mission.1951003._detail,Obtenha a Idol “Shizuku Shiru Ajisai”.
mst.mission.1950003._title,Desperte a Idol “Shizuku Shiru Ajisai”
mst.mission.1950003._detail,Desperte a Idol “Shizuku Shiru Ajisai”.
mst.mission.1951004._title,Obtenha a Idol “Rainy Birthday”
mst.mission.1951004._detail,Obtenha a Idol “Rainy Birthday”.
mst.mission.1950004._title,Desperte a Idol “Rainy Birthday”
mst.mission.1950004._detail,Desperte a Idol “Rainy Birthday”.
mst.mission.1951005._title,Obtenha a Idol “Kuwagata Cake”
mst.mission.1951005._detail,Obtenha a Idol “Kuwagata Cake”.
mst.mission.1950005._title,Desperte a Idol “Kuwagata Cake”
mst.mission.1950005._detail,Desperte a Idol “Kuwagata Cake”
mst.mission.1951006._title,Obtenha a Idol “Surpresa Matinal!”
mst.mission.1951006._detail,Obtenha a Idol “Surpresa Matinal!”
mst.mission.1950006._title,Desperte a Idol “Surpresa Matinal!”
mst.mission.1950006._detail,Desperte a Idol “Surpresa Matinal!”
mst.mission.1951007._title,Obtenha a Idol “Com Gratidão”
mst.mission.1951007._detail,Obtenha a Idol “Com Gratidão”.
mst.mission.1950007._title,Desperte a Idol “Com Gratidão”
mst.mission.1950007._detail,Desperte a Idol “Com Gratidão”
mst.mission.1951008._title,Obtenha a Idol “Estação e Dueto Resonante”
mst.mission.1951008._detail,"Obtenha a Idol “Estação, Dueto Resonante”."
mst.mission.1950008._title,"Desperte a Idol “Estação, Dueto Resonante”"
mst.mission.1950008._detail,"Desperte a Idol “Estação, Dueto Ressoante”."
mst.mission.1951009._title,Obtenha a Idol “Surpresa de Sanipa”
mst.mission.1951009._detail,Obtenha a Idol “Surpresa de Sanipa”.
mst.mission.1950009._title,Desperte a Idol “Surpresa de Sanipa”
mst.mission.1950009._detail,Desperte a Idol “Sanipa Surprise”
mst.mission.1951010._title,Obtenha a Idol “Em um ônibus”
mst.mission.1951010._detail,Obtenha a Idol “Em um ônibus”
mst.mission.1950010._title,Desperte a Idol “Em um ônibus”
mst.mission.1950010._detail,Desperte a Idol “Em um ônibus”
mst.mission.1951011._title,Obtenha a Idol “Carta de uma amiga de infância”
mst.mission.1951011._detail,Obtenha a Idol “Carta de uma amiga de infância”.
mst.mission.1950011._title,Desperte a Idol “Carta da Amiga de Infância”
mst.mission.1950011._detail,Desperte a Idol “Carta de uma amiga de infância”
mst.mission.1951012._title,Obtenha a Idol “Festa Anikara”
mst.mission.1951012._detail,Obtenha a Idol “Anikara Party”.
mst.mission.1950012._title,Desperte a Idol “Anikara Party”
mst.mission.1950012._detail,Desperte a Idol “Anikara Party”
mst.mission.1951013._title,Obtenha a Idol “Apeguem-se ao Longo Nariz”
mst.mission.1951013._detail,"Obtenha a Idol “Longa Tromba, Segure-se”!"
mst.mission.1950013._title,Desperte a Idol “Longi Narā ni Tsukamatte”
mst.mission.1950013._detail,Desperte a Idol “Agarre-se no meu longo nariz”.
mst.mission.1953585._title,Faça login.
mst.mission.1953585._detail,Faça login
mst.mission.1951014._title,Obtenha a Idol “Cosplay em Dupla ♡”
mst.mission.1951014._detail,Obtenha a Idol “Cosplay em Dupla ♡”
mst.mission.1950014._title,Desperte a Idol “Cosplay em Dupla ♡”
mst.mission.1950014._detail,Desperte a Idol “Cosplay em Dupla ♡”
mst.mission.1951015._title,Obtenha a Idol “Gaivotas em Voo”
mst.mission.1951015._detail,Obtenha a Idol “Gaivotas no Céu”.
mst.mission.1950015._title,Desperte a Idol “Gaivota em Voo”
mst.mission.1950015._detail,Desperte a Idol “Tobi Kau Kamome”.
mst.mission.1951016._title,Obtenha a Idol “Novos Doces de Outono”
mst.mission.1951016._detail,Obtenha a Idol “Doces de Outono”.
mst.mission.1950016._title,Desperte a Idol “Novos Doces de Outono”
mst.mission.1950016._detail,Desperte a Idol “Novos Doces de Outono”
mst.mission.1951017._title,Obtenha a Idol “Melancia Mania ♡”
mst.mission.1951017._detail,Obtenha a Idol “Melancia Apaixonada ♡”.
mst.mission.1950017._title,Desperte a Idol “Melancia Mania ♡”
mst.mission.1950017._detail,Desperte a Idol “Melon ni Meromero ♡”
mst.mission.1951018._title,Obtenha a Idol “Tempo com Irmã”
mst.mission.1951018._detail,Obtenha a Idol “Um Tempo com a Irmã”
mst.mission.1950018._title,Desperte a Idol “Tempo com Irmã”
mst.mission.1950018._detail,Desperte a Idol “Um Tempo com Minha Irmã”
mst.mission.1953586._title,Faça login.
mst.mission.1953586._detail,Faça login
mst.mission.1953587._title,Faça login.
mst.mission.1953587._detail,Faça login
mst.mission.1953588._title,Faça login.
mst.mission.1953588._detail,Faça login
mst.mission.1953589._title,Faça login.
mst.mission.1953589._detail,Faça login
mst.mission.1953590._title,Faça login.
mst.mission.1953590._detail,Faça login
mst.mission.1953591._title,Faça login.
mst.mission.1953591._detail,Faça login
mst.mission.1951019._title,"Obtenha o ""Penteado"" da Idol"
mst.mission.1951019._detail,Obtenha o item Idol “Penteado”.
mst.mission.1950019._title,Desperte a Idol “Penteado”
mst.mission.1950019._detail,Desperte a Idol “Penteado”
mst.mission.1951020._title,Obtenha a Idol “Dia no Café com Gatos”
mst.mission.1951020._detail,Obtenha a Idol “Dia no Café com Gatos”
mst.mission.1950020._title,Desperte a Idol “Dia no Café de Gatos”
mst.mission.1950020._detail,Desperte a Idol “Um Dia no Café de Gatos”
mst.mission.1951021._title,Obtenha a Idol “Lindos Presentes”
mst.mission.1951021._detail,Obtenha a Idol “Lindos Presentes”.
mst.mission.1950021._title,Desperte a Idol “Presentes Adoráveis”
mst.mission.1950021._detail,Desperte a Idol “Lindos Presentes”
mst.mission.1951022._title,Obtenha a Idol “FULL COMBO!!”
mst.mission.1951022._detail,Obtenha a Idol “FULL COMBO!!”.
mst.mission.1950022._title,Desperte a Idol “FULL COMBO!!”
mst.mission.1950022._detail,Desperte a Idol “FULL COMBO!!”
mst.mission.1953592._title,Faça login.
mst.mission.1953592._detail,Faça login
mst.mission.1951023._title,Obtenha a Idol “Buffet de Frutas Vermelhas”
mst.mission.1951023._detail,Obtenha a Idol “Buffet de Doces de Morango”
mst.mission.1950023._title,Desperte a Idol “Buffet de Doces de Morango”
mst.mission.1950023._detail,Desperte a Idol “Buffet de Doces de Morango”
mst.mission.1951024._title,Obtenha a Idol “O Atleta dos Meus Sonhos Chegou ao Japão!”
mst.mission.1951024._detail,Obtenha a Idol “O Atleta dos Meus Sonhos Chegou ao Japão!”
mst.mission.1950024._title,Desperte a Idol “O Atleta dos Meus Sonhos Chegou ao Japão!”
mst.mission.1950024._detail,Desperte a Idol “Meu ídolo veio para o Japão!”
mst.mission.1951025._title,Obtenha a Idol “O Irresistível Charme do Kotatsu”
mst.mission.1951025._detail,Obtenha a Idol “O Charme Irresistível do Kotatsu”.
mst.mission.1950025._title,Desperte a Idol “O Irresistível Charme do Kotatsu”
mst.mission.1950025._detail,Desperte a Idol “O Irresistível Charme do Kotatsu”
mst.mission.1953593._title,Faça login.
mst.mission.1953593._detail,Faça login
mst.mission.1953594._title,Faça login.
mst.mission.1953594._detail,Faça login
mst.mission.1953595._title,Faça login.
mst.mission.1953595._detail,Faça login
mst.mission.1958586._title,Aumente o Laço de 『N』
mst.mission.1958586._detail,Aumente o Laço de 『N』
mst.mission.1958587._title,Aumente o Laço de 『N』 para 1000 ou mais
mst.mission.1958587._detail,Aumente o Laço de 『N』 para mais de 1000.
mst.mission.1958588._title,Aumente o Laço de 『N』 para mais de 2000
mst.mission.1958588._detail,Aumente o Laço de 『N』 para mais de 2000.
mst.mission.1958589._title,Aumente o Laço de 『N』 para mais de 3500
mst.mission.1958589._detail,Aumente o Laço de 『N』 para mais de 3500.
mst.mission.1958590._title,Aumente o Laço de 『N』 para 5000 ou mais
mst.mission.1958590._detail,Aumente o Laço de 『N』 para 5000 ou mais.
mst.mission.1958591._title,Aumente o Laço de 『N』 para 6000 ou mais
mst.mission.1958591._detail,Aumente o Laço de 『N』 para mais de 6000.
mst.mission.1958592._title,Aumente o Laço de 『N』 para 7000 ou mais
mst.mission.1958592._detail,Aumente o Laço de 『N』 para mais de 7000.
mst.mission.1958593._title,Aumente o Laço de 『N』 para 8000 ou mais
mst.mission.1958593._detail,Aumente o Laço de 『N』 para mais de 8000.
mst.mission.1958594._title,Aumente o Laço de 『N』 para mais de 9000
mst.mission.1958594._detail,Aumente o Laço de 『N』 para mais de 9000.
mst.mission.1958595._title,Aumente o Laço de 『N』 para 10000 ou mais
mst.mission.1958595._detail,Aumente o Laço de 『N』 para mais de 10000.
mst.mission.1958596._title,Aumente o Laço de 『N』 para mais de 11000
mst.mission.1958596._detail,Aumente o Laço de 『N』 para mais de 11000.
mst.mission.1958597._title,Aumente o Laço de 『N』 para mais de 12500
mst.mission.1958597._detail,Aumente o Laço de 『N』 para mais de 12500.
mst.mission.1958598._title,Aumente o Laço de 『N』 para mais de 13000
mst.mission.1958598._detail,Aumente o Laço de 『N』 para mais de 13000.
mst.mission.1958599._title,Aumente o Laço de 『N』 para mais de 13500
mst.mission.1958599._detail,Aumente o Laço de 『N』 para mais de 13500.
mst.mission.1958600._title,Aumente o Laço de 『N』 para 15000 ou mais
mst.mission.1958600._detail,Aumente o Laço de 『N』 para mais de 15000.
mst.mission.1958601._title,Aumente o Laço de 『N』
mst.mission.1958601._detail,Aumente o Laço de 『N』
mst.mission.1958602._title,Aumente o Laço de 『N』 para 1000 ou mais
mst.mission.1958602._detail,Aumente o Laço de 『N』 para mais de 1000.
mst.mission.1958603._title,Aumente o Laço de 『N』 para mais de 2000
mst.mission.1958603._detail,Aumente o Laço de 『N』 para mais de 2000.
mst.mission.1958604._title,Aumente o Laço de 『N』 para mais de 3500
mst.mission.1958604._detail,Aumente o Laço de 『N』 para mais de 3500.
mst.mission.1958605._title,Aumente o Laço de 『N』 para 5000 ou mais
mst.mission.1958605._detail,Aumente o Laço de 『N』 para 5000 ou mais.
mst.mission.1958606._title,Aumente o Laço de 『N』 para 6000 ou mais
mst.mission.1958606._detail,Aumente o Laço de 『N』 para mais de 6000.
mst.mission.1958607._title,Aumente o Laço de 『N』 para 7000 ou mais
mst.mission.1958607._detail,Aumente o Laço de 『N』 para mais de 7000.
mst.mission.1958608._title,Aumente o Laço de 『N』 para 8000 ou mais
mst.mission.1958608._detail,Aumente o Laço de 『N』 para mais de 8000.
mst.mission.1958609._title,Aumente o Laço de 『N』 para mais de 9000
mst.mission.1958609._detail,Aumente o Laço de 『N』 para mais de 9000.
mst.mission.1958610._title,Aumente o Laço de 『N』 para 10000 ou mais
mst.mission.1958610._detail,Aumente o Laço de 『N』 para mais de 10000.
mst.mission.1958611._title,Aumente o Laço de 『N』 para mais de 11000
mst.mission.1958611._detail,Aumente o Laço de 『N』 para mais de 11000.
mst.mission.1958612._title,Aumente o Laço de 『N』 para mais de 12500
mst.mission.1958612._detail,Aumente o Laço de 『N』 para mais de 12500.
mst.mission.1958613._title,Aumente o Laço de 『N』 para mais de 13000
mst.mission.1958613._detail,Aumente o Laço de 『N』 para mais de 13000.
mst.mission.1958614._title,Aumente o Laço de 『N』 para mais de 13500
mst.mission.1958614._detail,Aumente o Laço de 『N』 para mais de 13500.
mst.mission.1958615._title,Aumente o Laço de 『N』 para 15000 ou mais
mst.mission.1958615._detail,Aumente o Laço de 『N』 para mais de 15000.
mst.mission.1953596._title,Faça login.
mst.mission.1953596._detail,Faça login
mst.mission.1953597._title,Faça login.
mst.mission.1953597._detail,Faça login
mst.mission.1951026._title,Obtenha a Idol “Jellyfish”
mst.mission.1951026._detail,Obtenha a Idol “Jellyfish”
mst.mission.1950026._title,Desperte a Idol “Jellyfish”
mst.mission.1950026._detail,Desperte a Idol “Jellyfish”
mst.mission.1951027._title,Obtenha a Idol “Ema ni Kisu Negai wa”
mst.mission.1951027._detail,Obtenha a Idol “Ema ni Kisu Negai wa”.
mst.mission.1950027._title,Desperte a Idol “Ema ni Kisu Negai wa”
mst.mission.1950027._detail,Desperte a Idol “Ema ni Kisu Negai wa”
mst.mission.1951028._title,Obtenha a Idol “Há uma única razão para o entusiasmo”
mst.mission.1951028._detail,Obtenha a Idol “A Razão para o Aumento”.
mst.mission.1950028._title,Desperte a Idol “Há uma única razão para o aumento”
mst.mission.1950028._detail,Desperte a Idol “A razão para ficarmos animadas é uma só”
mst.mission.1951029._title,Obtenha a Idol “Dueto”
mst.mission.1951029._detail,Obtenha a Idol “Dueto”.
mst.mission.1950029._title,Desperte a Idol “Dueto”
mst.mission.1950029._detail,Desperte a Idol “Dueto”.
mst.mission.1951030._title,Obtenha a Idol “Maquiagem Kasumin”
mst.mission.1951030._detail,Obtenha a Idol “Maquiagem Kasumin”.
mst.mission.1950030._title,Desperte a Idol “Maquiagem Kasumin”
mst.mission.1950030._detail,Desperte a Idol “Maikeappu Kasumin”
mst.mission.1951031._title,Obtenha a Idol “Pan nara ikura demo ♡”
mst.mission.1951031._detail,Obtenha a Idol “Pan nara ikura demo ♡”.
mst.mission.1950031._title,Desperte a Idol “Pan nara ikura demo ♡”
mst.mission.1950031._detail,Desperte a Idol “Pan nara ikura demo ♡”.
mst.mission.1953598._title,Faça login.
mst.mission.1953598._detail,Faça login
mst.mission.1953599._title,Faça login.
mst.mission.1953599._detail,Faça login
mst.mission.1951032._title,Obtenha a Idol “Hora do Chá Especial”
mst.mission.1951032._detail,Obtenha a Idol “Hora do Chá Especial”
mst.mission.1950032._title,Desperte a Idol “Hora do Chá Especial”
mst.mission.1950032._detail,Desperte a Idol “Momento Especial do Chá”
mst.mission.1951033._title,Obtenha a Idol “Um Dia com Maru”
mst.mission.1951033._detail,Obtenha a Idol “Um Dia em Busca de Maru”.
mst.mission.1950033._title,Desperte a Idol “Um Dia em Busca de Maru”
mst.mission.1950033._detail,Desperte a Idol “Um Dia em Busca de Maru”.
mst.mission.1951034._title,Obtenha a Idol “Em um Balanço Aéreo”
mst.mission.1951034._detail,Obtenha a Idol “Emocionante Balanço Aéreo”
mst.mission.1950034._title,Desperte a Idol “Em um Dia com Maru”
mst.mission.1950034._detail,Desperte a Idol “Em cima do balanço”
mst.mission.1953600._title,Faça login.
mst.mission.1953600._detail,Faça login
mst.mission.1953601._title,Faça login.
mst.mission.1953601._detail,Faça login
mst.mission.1953602._title,Faça login.
mst.mission.1953602._detail,Faça login
mst.mission.1953603._title,Faça login.
mst.mission.1953603._detail,Faça login
mst.mission.1953604._title,Faça login.
mst.mission.1953604._detail,Faça login
mst.mission.1953605._title,Faça login.
mst.mission.1953605._detail,Faça login
mst.mission.1953606._title,Faça login.
mst.mission.1953606._detail,Faça login
mst.mission.1953607._title,Faça login.
mst.mission.1953607._detail,Faça login
mst.mission.1953608._title,Faça login.
mst.mission.1953608._detail,Faça login
mst.mission.1953609._title,Faça login.
mst.mission.1953609._detail,Faça login
mst.mission.1953610._title,Faça login.
mst.mission.1953610._detail,Faça login
mst.mission.1953611._title,Faça login.
mst.mission.1953611._detail,Faça login
mst.mission.1953612._title,Faça login.
mst.mission.1953612._detail,Faça login
mst.mission.1953613._title,Faça login.
mst.mission.1953613._detail,Faça login
mst.mission.1953614._title,Faça login.
mst.mission.1953614._detail,Faça login
mst.mission.1953615._title,Faça login.
mst.mission.1953615._detail,Faça login
mst.mission.1953616._title,Faça login.
mst.mission.1953616._detail,Faça login
mst.mission.1953617._title,Faça login.
mst.mission.1953617._detail,Faça login
mst.mission.1953618._title,Faça login.
mst.mission.1953618._detail,Faça login
mst.mission.1953619._title,Faça login.
mst.mission.1953619._detail,Faça login
mst.mission.1953620._title,Faça login.
mst.mission.1953620._detail,Faça login
mst.mission.1953621._title,Faça login.
mst.mission.1953621._detail,Faça login
mst.mission.1953622._title,Faça login.
mst.mission.1953622._detail,Faça login
mst.mission.1953623._title,Faça login.
mst.mission.1953623._detail,Faça login
mst.mission.1953624._title,Faça login.
mst.mission.1953624._detail,Faça login
mst.mission.1953625._title,Faça login.
mst.mission.1953625._detail,Faça login
mst.mission.1953626._title,Faça login.
mst.mission.1953626._detail,Faça login
mst.mission.1953627._title,Faça login.
mst.mission.1953627._detail,Faça login
mst.mission.1953628._title,Faça login.
mst.mission.1953628._detail,Faça login
mst.mission.1953629._title,Faça login.
mst.mission.1953629._detail,Faça login
mst.mission.1953630._title,Faça login.
mst.mission.1953630._detail,Faça login
mst.mission.1953631._title,Faça login.
mst.mission.1953631._detail,Faça login
mst.mission.1953632._title,Faça login.
mst.mission.1953632._detail,Faça login
mst.mission.1953633._title,Faça login.
mst.mission.1953633._detail,Faça login
mst.mission.1953634._title,Faça login.
mst.mission.1953634._detail,Faça login
mst.mission.1953635._title,Faça login.
mst.mission.1953635._detail,Faça login
mst.mission.1953636._title,Faça login.
mst.mission.1953636._detail,Faça login
mst.mission.1953637._title,Faça login.
mst.mission.1953637._detail,Faça login
mst.mission.1953638._title,Faça login.
mst.mission.1953638._detail,Faça login
mst.mission.1953639._title,Faça login.
mst.mission.1953639._detail,Faça login
mst.mission.1953640._title,Faça login.
mst.mission.1953640._detail,Faça login
mst.mission.1953641._title,Faça login.
mst.mission.1953641._detail,Faça login
mst.mission.1953642._title,Faça login.
mst.mission.1953642._detail,Faça login
mst.mission.1951035._title,Obtenha a Idol “Desafio Ikebana!”
mst.mission.1951035._detail,Obtenha a Idol “Desafio Ikebana!”
mst.mission.1950035._title,Desperte a Idol “Desafiando o Ikebana!”
mst.mission.1950035._detail,Desperte a Idol “Desafio Ikebana!”
mst.mission.1953643._title,Faça login.
mst.mission.1953643._detail,Faça login
mst.mission.1951036._title,Obtenha a Idol “Experiência VR Emocionante”
mst.mission.1951036._detail,Obtenha a Idol “Experiência VR Emocionante”
mst.mission.1950036._title,Desperte a Idol “Experiência VR Emocionante”
mst.mission.1950036._detail,Desperte a Idol “Experiência VR Emocionante”
mst.mission.1953644._title,Faça login.
mst.mission.1953644._detail,Faça login
mst.mission.1951037._title,Obtenha a Idol “Sorriso que Transborda na Varanda”
mst.mission.1951037._detail,Obtenha a Idol “Sorriso que Transborda na Varanda”
mst.mission.1950037._title,Desperte a Idol “Sorriso que Transborda na Varanda”
mst.mission.1950037._detail,Desperte a Idol “Sorriso que Transborda na Varanda”
mst.mission.1951038._title,Obtenha a Idol “Observação Astronômica da Primavera”
mst.mission.1951038._detail,Obtenha a Idol “Observação de Estrelas na Primavera”
mst.mission.1950038._title,Desperte a Idol “Observação Astronômica da Primavera”
mst.mission.1950038._detail,Desperte a Idol “Observação Astronômica da Primavera”
mst.mission.1951039._title,Obtenha a Idol “Nova sessão de fotos no local especial”
mst.mission.1951039._detail,Obtenha a Idol “Reencontro em um lugar especial”.
mst.mission.1950039._title,Desperte a Idol “Revisita aos Lugares de Memórias”
mst.mission.1950039._detail,Desperte a Idol “Revisitar o lugar das memórias”.
mst.mission.1951040._title,Obtenha a Idol “Fútari wa Hīrō☆”
mst.mission.1951040._detail,Obtenha a Idol “Fútari wa Hīrō☆”.
mst.mission.1950040._title,Desperte a Idol “Fútari wa Hīrō☆”
mst.mission.1950040._detail,Desperte a Idol “Futari wa Hero ☆”.
mst.mission.1951041._title,Obtenha a Idol “Tokyo Fried Potato”
mst.mission.1951041._detail,Obtenha a Idol “Tokyo Fried Potato”.
mst.mission.1950041._title,Desperte a Idol “Tokyo Fried Potato”
mst.mission.1950041._detail,Desperte a Idol “Tokyo Fried Potato”
mst.mission.1953645._title,Faça login.
mst.mission.1953645._detail,Faça login
mst.mission.1953646._title,Faça login.
mst.mission.1953646._detail,Faça login
mst.mission.1224001._title,Complete todas as tarefas diárias
mst.mission.1224001._detail,Complete todas as tarefas diárias.
mst.mission.1253001._title,Faça login.
mst.mission.1253001._detail,Faça login
mst.mission.1273001._title,Complete uma música de Love Live!
mst.mission.1273001._detail,Complete uma música de Love Live!
mst.mission.1273002._title,Complete uma música de Love Live! Sunshine!!
mst.mission.1273002._detail,Complete uma música de Love Live! Sunshine!!
mst.mission.1273003._title,Complete uma música de Love Live! Nijigasaki School Idol Club.
mst.mission.1273003._detail,Complete uma música de Love Live! Nijigasaki School Idol Club.
mst.mission.1273004._title,Complete uma música de Love Live! Superstars!
mst.mission.1273004._detail,Complete uma música de Love Live! Superstars!
mst.mission.1224002._title,Complete todas as tarefas diárias
mst.mission.1224002._detail,Complete todas as tarefas diárias.
mst.mission.1253002._title,Faça login.
mst.mission.1253002._detail,Faça login
mst.mission.1273005._title,Complete uma música de Love Live!
mst.mission.1273005._detail,Complete uma música de Love Live!
mst.mission.1273006._title,Complete uma música de Love Live! Sunshine!!
mst.mission.1273006._detail,Complete uma música de Love Live! Sunshine!!
mst.mission.1273007._title,Complete uma música de Love Live! Nijigasaki School Idol Club.
mst.mission.1273007._detail,Complete uma música de Love Live! Nijigasaki School Idol Club.
mst.mission.1273008._title,Complete uma música de Love Live! Superstars!
mst.mission.1273008._detail,Complete uma música de Love Live! Superstars!
mst.mission.1224003._title,Complete todas as tarefas diárias
mst.mission.1224003._detail,Complete todas as tarefas diárias.
mst.mission.1253003._title,Faça login.
mst.mission.1253003._detail,Faça login
mst.mission.1273009._title,Complete uma música de Love Live!
mst.mission.1273009._detail,Complete uma música de Love Live!
mst.mission.1273010._title,Complete uma música de Love Live! Sunshine!!
mst.mission.1273010._detail,Complete uma música de Love Live! Sunshine!!
mst.mission.1273011._title,Complete uma música de Love Live! Nijigasaki School Idol Club.
mst.mission.1273011._detail,Complete uma música de Love Live! Nijigasaki School Idol Club.
mst.mission.1273012._title,Complete uma música de Love Live! Superstars!
mst.mission.1273012._detail,Complete uma música de Love Live! Superstars!
mst.mission.2310101._title,Colete 100 pontos de evento.
mst.mission.2310101._detail,Colete 100 pontos de evento.
mst.mission.2310102._title,Colete 1000 pontos de evento.
mst.mission.2310102._detail,Colete 1000 pontos de evento.
mst.mission.2310103._title,Colete 5000 pontos de evento.
mst.mission.2310103._detail,Colete 5000 pontos de evento.
mst.mission.2310104._title,Colete 10000 pontos de evento.
mst.mission.2310104._detail,Colete 10000 pontos de evento.
mst.mission.2310105._title,Complete a música do evento.
mst.mission.2310105._detail,Complete a música do evento.
mst.mission.2310106._title,Complete a música do evento 3 vezes.
mst.mission.2310106._detail,Complete a música do evento 3 vezes.
mst.mission.2310107._title,Complete a música do evento 5 vezes.
mst.mission.2310107._detail,Complete a música do evento 5 vezes.
mst.mission.2210108._title,Complete 10 Lives
mst.mission.2210108._detail,Complete 10 Lives.
mst.mission.2210109._title,Complete 20 Lives
mst.mission.2210109._detail,Complete 20 Lives.
mst.mission.2210110._title,Complete 30 Lives
mst.mission.2210110._detail,Complete 30 Lives.
mst.mission.2210111._title,Complete Lives
mst.mission.2210111._detail,Complete Lives.
mst.mission.2210112._title,Complete 50 Lives
mst.mission.2210112._detail,Complete 50 Lives.
mst.mission.2210113._title,Complete 60 Lives
mst.mission.2210113._detail,Complete Lives.
mst.mission.2210114._title,Complete 70 Lives
mst.mission.2210114._detail,Complete 70 Lives.
mst.mission.2210115._title,Complete Lives
mst.mission.2210115._detail,Complete 80 Lives.
mst.mission.2210116._title,Complete 90 Lives
mst.mission.2210116._detail,Complete Lives.
mst.mission.2210117._title,Complete 100 Lives
mst.mission.2210117._detail,Complete 100 Lives.
mst.mission.2210118._title,Complete Lives
mst.mission.2210118._detail,Complete 125 Lives.
mst.mission.2210119._title,Complete Lives
mst.mission.2210119._detail,Complete Lives.
mst.mission.2210120._title,Complete 200 Lives
mst.mission.2210120._detail,Complete 200 Lives.
mst.mission.2210121._title,Complete Lives
mst.mission.2210121._detail,Complete 250 Lives.
mst.mission.2210122._title,Complete 300 Lives
mst.mission.2210122._detail,Complete 300 Lives.
mst.mission.2210123._title,Complete Lives
mst.mission.2210123._detail,Complete Lives.
mst.mission.2210124._title,Complete 400 Lives
mst.mission.2210124._detail,Complete 400 Lives.
mst.mission.2210125._title,Complete Lives
mst.mission.2210125._detail,Complete 450 Lives.
mst.mission.2210126._title,Complete 500 Lives
mst.mission.2210126._detail,Complete 500 Lives.
mst.mission.2210127._title,Complete uma música do evento com combo perfeito.
mst.mission.2210127._detail,Complete uma música do evento com combo perfeito.
mst.mission.2210128._title,"Alcance uma pontuação de 50.000 na dificuldade NORMAL ou superior da música ""MIRACLE NEW STORY""."
mst.mission.2210128._detail,"Alcance uma pontuação de 50.000 na dificuldade NORMAL ou superior da música ""MIRACLE NEW STORY""."
mst.mission.2210129._title,"Alcance uma pontuação de 200.000 na dificuldade HARD ou superior da música ""MIRACLE NEW STORY"""
mst.mission.2210129._detail,"Tente alcançar uma pontuação de 200.000 na dificuldade HARD ou superior da música ""MIRACLE NEW STORY""."
mst.mission.2210130._title,"Alcance uma pontuação de 300.000 na dificuldade EXPERT ou superior da música ""MIRACLE NEW STORY"""
mst.mission.2210130._detail,"Tente alcançar uma pontuação de 300.000 na dificuldade EXPERT ou superior da música ""MIRACLE NEW STORY""."
mst.mission.2210131._title,Faça login no evento.
mst.mission.2210131._detail,Faça login no evento.
mst.mission.2210132._title,Colete 5000 pontos de evento.
mst.mission.2210132._detail,Colete 5000 pontos de evento.
mst.mission.2210133._title,Colete 12.000 pontos do evento.
mst.mission.2210133._detail,Colete 12000 pontos de evento. ※Oculto.
mst.mission.2210134._title,Colete 20000 pontos de evento ※Oculto
mst.mission.2210134._detail,Colete 20000 pontos de evento. ※Oculto
mst.mission.2210135._title,Colete 30000 de pontos do evento.
mst.mission.2210135._detail,Colete 30000 de pontos do evento. ※Oculto
mst.mission.2310201._title,Colete 100 pontos de evento.
mst.mission.2310201._detail,Colete 100 pontos de evento.
mst.mission.2310202._title,Colete 1000 pontos de evento.
mst.mission.2310202._detail,Colete 1000 pontos de evento.
mst.mission.2310203._title,Colete 5000 pontos de evento.
mst.mission.2310203._detail,Colete 5000 pontos de evento.
mst.mission.2310204._title,Colete 10000 pontos de evento.
mst.mission.2310204._detail,Colete 10000 pontos de evento.
mst.mission.2310205._title,Complete a música do evento.
mst.mission.2310205._detail,Complete a música do evento.
mst.mission.2310206._title,Complete a música do evento 3 vezes.
mst.mission.2310206._detail,Complete a música do evento 3 vezes.
mst.mission.2310207._title,Complete a música do evento 5 vezes.
mst.mission.2310207._detail,Complete a música do evento 5 vezes.
mst.mission.2210208._title,Complete 10 Lives
mst.mission.2210208._detail,Complete 10 Lives.
mst.mission.2210209._title,Complete 20 Lives
mst.mission.2210209._detail,Complete 20 Lives.
mst.mission.2210210._title,Complete 30 Lives
mst.mission.2210210._detail,Complete 30 Lives.
mst.mission.2210211._title,Complete Lives
mst.mission.2210211._detail,Complete Lives.
mst.mission.2210212._title,Complete 50 Lives
mst.mission.2210212._detail,Complete 50 Lives.
mst.mission.2210213._title,Complete 60 Lives
mst.mission.2210213._detail,Complete Lives.
mst.mission.2210214._title,Complete 70 Lives
mst.mission.2210214._detail,Complete 70 Lives.
mst.mission.2210215._title,Complete Lives
mst.mission.2210215._detail,Complete 80 Lives.
mst.mission.2210216._title,Complete 90 Lives
mst.mission.2210216._detail,Complete Lives.
mst.mission.2210217._title,Complete 100 Lives
mst.mission.2210217._detail,Complete 100 Lives.
mst.mission.2210218._title,Complete Lives
mst.mission.2210218._detail,Complete 125 Lives.
mst.mission.2210219._title,Complete Lives
mst.mission.2210219._detail,Complete Lives.
mst.mission.2210220._title,Complete 200 Lives
mst.mission.2210220._detail,Complete 200 Lives.
mst.mission.2210221._title,Complete Lives
mst.mission.2210221._detail,Complete 250 Lives.
mst.mission.2210222._title,Complete 300 Lives
mst.mission.2210222._detail,Complete 300 Lives.
mst.mission.2210223._title,Complete Lives
mst.mission.2210223._detail,Complete Lives.
mst.mission.2210224._title,Complete 400 Lives
mst.mission.2210224._detail,Complete 400 Lives.
mst.mission.2210225._title,Complete Lives
mst.mission.2210225._detail,Complete 450 Lives.
mst.mission.2210226._title,Complete 500 Lives
mst.mission.2210226._detail,Complete 500 Lives.
mst.mission.2210227._title,Complete uma música do evento com combo perfeito.
mst.mission.2210227._detail,Complete uma música do evento com combo perfeito.
mst.mission.2210228._title,"Alcance uma pontuação de 50.000 na dificuldade NORMAL ou superior da música ""No brand girls""."
mst.mission.2210228._detail,"Tente alcançar uma pontuação de 50.000 na música ""No brand girls"" no nível NORMAL ou superior."
mst.mission.2210229._title,"Alcance uma pontuação de 200.000 na dificuldade HARD ou superior da música ""No brand girls""."
mst.mission.2210229._detail,"Tente alcançar uma pontuação de 200.000 na dificuldade HARD ou superior da música ""No brand girls""."
mst.mission.2210230._title,"Alcance uma pontuação de 300.000 na dificuldade EXPERT ou superior da música ""No brand girls""."
mst.mission.2210230._detail,"Tente alcançar uma pontuação de 300.000 na dificuldade EXPERT ou superior da música ""No brand girls""."
mst.mission.2210231._title,Faça login no evento.
mst.mission.2210231._detail,Faça login no evento.
mst.mission.2210232._title,Colete 5000 pontos de evento.
mst.mission.2210232._detail,Colete 5000 pontos de evento.
mst.mission.2210233._title,Colete 12.000 pontos do evento.
mst.mission.2210233._detail,Colete 12000 pontos de evento. ※Oculto.
mst.mission.2210234._title,Colete 20000 pontos de evento ※Oculto
mst.mission.2210234._detail,Colete 20000 pontos de evento. ※Oculto
mst.mission.2210235._title,Colete 30000 de pontos do evento.
mst.mission.2210235._detail,Colete 30000 de pontos do evento. ※Oculto
mst.mission.2710301._title,Colete 100 pontos de evento.
mst.mission.2710301._detail,Colete 100 pontos de evento.
mst.mission.2710302._title,Colete 4000 pontos de evento.
mst.mission.2710302._detail,Colete 4000 pontos de evento.
mst.mission.2710303._title,Colete 8000 pontos de evento.
mst.mission.2710303._detail,Colete 8000 pontos de evento.
mst.mission.2610304._title,Complete um Live em FULL COMBO com dificuldade NORMAL ou superior.
mst.mission.2610304._detail,"Conquiste um Full Combo no Live, em dificuldade NORMAL ou superior."
mst.mission.2610305._title,Faça 3 Full Combos em Lives no nível NORMAL ou superior
mst.mission.2610305._detail,Conquiste o Live 3 vezes no modo NORMAL ou superior.
mst.mission.2610306._title,Complete 5 Lives com Full Combo em NORMAL ou superior
mst.mission.2610306._detail,Conquiste 5 Lives com Full Combo no nível NORMAL ou superior.
mst.mission.2610307._title,Obtenha uma pontuação de 50.000 ou mais em um Live.
mst.mission.2610307._detail,Obtenha uma pontuação de ou mais em um Live.
mst.mission.2610308._title,Obtenha 100.000 pontos ou mais em uma Live.
mst.mission.2610308._detail,Tente completar o Live com uma pontuação de 100.000 ou mais.
mst.mission.2610309._title,Obtenha 150.000 pontos no Live.
mst.mission.2610309._detail,Obtenha uma pontuação de 150.000 ou mais no Live.
mst.mission.2610310._title,Jogue a música selecionada aleatoriamente 3 vezes.
mst.mission.2610310._detail,Jogue a música selecionada aleatoriamente 3 vezes.
mst.mission.2610311._title,Jogue a música selecionada aleatoriamente 5 vezes.
mst.mission.2610311._detail,Jogue a música selecionada no modo de seleção aleatória 5 vezes.
mst.mission.2610312._title,Jogue a música selecionada 10 vezes no modo aleatório.
mst.mission.2610312._detail,Jogue a música selecionada aleatoriamente 10 vezes.
mst.mission.2310401._title,Colete 100 pontos de evento.
mst.mission.2310401._detail,Colete 100 pontos de evento.
mst.mission.2310402._title,Colete 1000 pontos de evento.
mst.mission.2310402._detail,Colete 1000 pontos de evento.
mst.mission.2310403._title,Colete 5000 pontos de evento.
mst.mission.2310403._detail,Colete 5000 pontos de evento.
mst.mission.2310404._title,Colete 10000 pontos de evento.
mst.mission.2310404._detail,Colete 10000 pontos de evento.
mst.mission.2310405._title,Complete uma música de Love Live! Sunshine!!.
mst.mission.2310405._detail,Complete uma música de Love Live! Sunshine!!.
mst.mission.2310406._title,Complete 3 músicas de Love Live! Sunshine!!
mst.mission.2310406._detail,Complete 3 músicas de Love Live! Sunshine!!.
mst.mission.2310407._title,Complete 5 músicas de Love Live! Sunshine!!
mst.mission.2310407._detail,Complete 5 músicas de Love Live! Sunshine!!.
mst.mission.2210408._title,Complete 10 Lives
mst.mission.2210408._detail,Complete 10 Lives.
mst.mission.2210409._title,Complete 20 Lives
mst.mission.2210409._detail,Complete 20 Lives.
mst.mission.2210410._title,Complete 30 Lives
mst.mission.2210410._detail,Complete 30 Lives.
mst.mission.2210411._title,Complete Lives
mst.mission.2210411._detail,Complete Lives.
mst.mission.2210412._title,Complete 50 Lives
mst.mission.2210412._detail,Complete 50 Lives.
mst.mission.2210413._title,Complete 60 Lives
mst.mission.2210413._detail,Complete Lives.
mst.mission.2210414._title,Complete 70 Lives
mst.mission.2210414._detail,Complete 70 Lives.
mst.mission.2210415._title,Complete Lives
mst.mission.2210415._detail,Complete 80 Lives.
mst.mission.2210416._title,Complete 90 Lives
mst.mission.2210416._detail,Complete Lives.
mst.mission.2210417._title,Complete 100 Lives
mst.mission.2210417._detail,Complete 100 Lives.
mst.mission.2210418._title,Complete Lives
mst.mission.2210418._detail,Complete 125 Lives.
mst.mission.2210419._title,Complete Lives
mst.mission.2210419._detail,Complete Lives.
mst.mission.2210420._title,Complete 200 Lives
mst.mission.2210420._detail,Complete 200 Lives.
mst.mission.2210421._title,Complete Lives
mst.mission.2210421._detail,Complete 250 Lives.
mst.mission.2210422._title,Complete 300 Lives
mst.mission.2210422._detail,Complete 300 Lives.
mst.mission.2210423._title,Complete Lives
mst.mission.2210423._detail,Complete Lives.
mst.mission.2210424._title,Complete 400 Lives
mst.mission.2210424._detail,Complete 400 Lives.
mst.mission.2210425._title,Complete Lives
mst.mission.2210425._detail,Complete 450 Lives.
mst.mission.2210426._title,Complete 500 Lives
mst.mission.2210426._detail,Complete 500 Lives.
mst.mission.2210427._title,Complete uma música do evento com combo perfeito.
mst.mission.2210427._detail,Complete uma música do evento com combo perfeito.
mst.mission.2210428._title,"Alcance uma pontuação de 50.000 na dificuldade NORMAL ou superior da música ""Kimino Kokoro wa Kagayaiteru Kai?""."
mst.mission.2210428._detail,"Tente alcançar uma pontuação de 50.000 na música ""Kimino Kokoro wa Kagayaiteru Kai?"" no nível NORMAL ou superior."
mst.mission.2210429._title,"Alcance uma pontuação de 200.000 na dificuldade HARD ou superior da música ""Kimino Kokoro wa Kagayaiteiru Kai?""."
mst.mission.2210429._detail,"Alcance uma pontuação de 200.000 na dificuldade HARD ou superior da música ""Kimino Kokoro wa Kagayaiteru Kai?""."
mst.mission.2210430._title,"Alcance uma pontuação de 300.000 na dificuldade EXPERT ou superior da música ""Kimino Kokoro wa Kagayaiteru Kai?""."
mst.mission.2210430._detail,"Alcance uma pontuação de 300.000 na dificuldade EXPERT ou superior da música ""君のこころは輝いてるかい？""."
mst.mission.2210431._title,Faça login no evento.
mst.mission.2210431._detail,Faça login no evento.
mst.mission.2210432._title,Colete 5000 pontos de evento.
mst.mission.2210432._detail,Colete 5000 pontos de evento.
mst.mission.2210433._title,Colete 12.000 pontos do evento.
mst.mission.2210433._detail,Colete 12000 pontos de evento. ※Oculto.
mst.mission.2210434._title,Colete 20000 pontos de evento ※Oculto
mst.mission.2210434._detail,Colete 20000 pontos de evento. ※Oculto
mst.mission.2210435._title,Colete 30000 de pontos do evento.
mst.mission.2210435._detail,Colete 30000 de pontos do evento. ※Oculto
mst.mission.2710501._title,Colete 100 pontos de evento.
mst.mission.2710501._detail,Colete 100 pontos de evento.
mst.mission.2710502._title,Colete 4000 pontos de evento.
mst.mission.2710502._detail,Colete 4000 pontos de evento.
mst.mission.2710503._title,Colete 8000 pontos de evento.
mst.mission.2710503._detail,Colete 8000 pontos de evento.
mst.mission.2610504._title,Complete um Live em FULL COMBO com dificuldade NORMAL ou superior.
mst.mission.2610504._detail,"Conquiste um Full Combo no Live, em dificuldade NORMAL ou superior."
mst.mission.2610505._title,Faça 3 Full Combos em Lives no nível NORMAL ou superior
mst.mission.2610505._detail,Conquiste o Live 3 vezes no modo NORMAL ou superior.
mst.mission.2610506._title,Complete 5 Lives com Full Combo em NORMAL ou superior
mst.mission.2610506._detail,Conquiste 5 Lives com Full Combo no nível NORMAL ou superior.
mst.mission.2610507._title,Obtenha uma pontuação de 50.000 ou mais em um Live.
mst.mission.2610507._detail,Obtenha uma pontuação de ou mais em um Live.
mst.mission.2610508._title,Obtenha 100.000 pontos ou mais em uma Live.
mst.mission.2610508._detail,Tente completar o Live com uma pontuação de 100.000 ou mais.
mst.mission.2610509._title,Obtenha 150.000 pontos no Live.
mst.mission.2610509._detail,Obtenha uma pontuação de 150.000 ou mais no Live.
mst.mission.2610510._title,Jogue a música selecionada aleatoriamente 3 vezes.
mst.mission.2610510._detail,Jogue a música selecionada aleatoriamente 3 vezes.
mst.mission.2610511._title,Jogue a música selecionada aleatoriamente 5 vezes.
mst.mission.2610511._detail,Jogue a música selecionada no modo de seleção aleatória 5 vezes.
mst.mission.2610512._title,Jogue a música selecionada 10 vezes no modo aleatório.
mst.mission.2610512._detail,Jogue a música selecionada aleatoriamente 10 vezes.
mst.mission.2310601._title,Colete 100 pontos de evento.
mst.mission.2310601._detail,Colete 100 pontos de evento.
mst.mission.2310602._title,Colete 1000 pontos de evento.
mst.mission.2310602._detail,Colete 1000 pontos de evento.
mst.mission.2310603._title,Colete 5000 pontos de evento.
mst.mission.2310603._detail,Colete 5000 pontos de evento.
mst.mission.2310604._title,Colete 10000 pontos de evento.
mst.mission.2310604._detail,Colete 10000 pontos de evento.
mst.mission.2310605._title,Complete as músicas de Love Live! Nijigasaki School Idol Club
mst.mission.2310605._detail,Complete as músicas de Love Live! Nijigasaki Gakuen School Idol Club.
mst.mission.2310606._title,Complete 3 músicas de Love Live! Nijigasaki School Idol Club.
mst.mission.2310606._detail,Complete a música de Love Live! Nijigasaki School Idol Club 3 vezes.
mst.mission.2310607._title,Complete 5 músicas de Love Live! Nijigasaki School Idol Club.
mst.mission.2310607._detail,Complete 5 músicas de Love Live! Nijigasaki School Idol Club.
mst.mission.2210608._title,Complete 10 Lives
mst.mission.2210608._detail,Complete 10 Lives.
mst.mission.2210609._title,Complete 20 Lives
mst.mission.2210609._detail,Complete 20 Lives.
mst.mission.2210610._title,Complete 30 Lives
mst.mission.2210610._detail,Complete 30 Lives.
mst.mission.2210611._title,Complete Lives
mst.mission.2210611._detail,Complete Lives.
mst.mission.2210612._title,Complete 50 Lives
mst.mission.2210612._detail,Complete 50 Lives.
mst.mission.2210613._title,Complete 60 Lives
mst.mission.2210613._detail,Complete Lives.
mst.mission.2210614._title,Complete 70 Lives
mst.mission.2210614._detail,Complete 70 Lives.
mst.mission.2210615._title,Complete Lives
mst.mission.2210615._detail,Complete 80 Lives.
mst.mission.2210616._title,Complete 90 Lives
mst.mission.2210616._detail,Complete Lives.
mst.mission.2210617._title,Complete 100 Lives
mst.mission.2210617._detail,Complete 100 Lives.
mst.mission.2210618._title,Complete Lives
mst.mission.2210618._detail,Complete 125 Lives.
mst.mission.2210619._title,Complete Lives
mst.mission.2210619._detail,Complete Lives.
mst.mission.2210620._title,Complete 200 Lives
mst.mission.2210620._detail,Complete 200 Lives.
mst.mission.2210621._title,Complete Lives
mst.mission.2210621._detail,Complete 250 Lives.
mst.mission.2210622._title,Complete 300 Lives
mst.mission.2210622._detail,Complete 300 Lives.
mst.mission.2210623._title,Complete Lives
mst.mission.2210623._detail,Complete Lives.
mst.mission.2210624._title,Complete 400 Lives
mst.mission.2210624._detail,Complete 400 Lives.
mst.mission.2210625._title,Complete Lives
mst.mission.2210625._detail,Complete 450 Lives.
mst.mission.2210626._title,Complete 500 Lives
mst.mission.2210626._detail,Complete 500 Lives.
mst.mission.2210627._title,Complete uma música do evento com combo perfeito.
mst.mission.2210627._detail,Complete uma música do evento com combo perfeito.
mst.mission.2210628._title,"Alcance uma pontuação de 50.000 na dificuldade NORMAL ou superior da música ""Just Believe!!! (Versão para 12 membros)""."
mst.mission.2210628._detail,"Tente alcançar uma pontuação de 50.000 na música ""Just Believe!!! (Versão para 12 membros)"" no nível NORMAL ou superior."
mst.mission.2210629._title,"Alcance uma pontuação de 200.000 na dificuldade HARD ou superior da música ""Just Believe!!! (Versão para 12 membros)""."
mst.mission.2210629._detail,"Tente alcançar uma pontuação de 200.000 na dificuldade HARD ou superior da música ""Just Believe!!! (Versão para 12 membros)""."
mst.mission.2210630._title,"Alcance uma pontuação de 300.000 na dificuldade EXPERT ou superior da música ""Just Believe!!! (Versão para 12 membros)""."
mst.mission.2210630._detail,"Tente alcançar uma pontuação de 300.000 na dificuldade EXPERT ou superior da música ""Just Believe!!! (Versão para 12 membros)""."
mst.mission.2210631._title,Faça login no evento.
mst.mission.2210631._detail,Faça login no evento.
mst.mission.2210632._title,Colete 5000 pontos de evento.
mst.mission.2210632._detail,Colete 5000 pontos de evento.
mst.mission.2210633._title,Colete 12.000 pontos do evento.
mst.mission.2210633._detail,Colete 12000 pontos de evento. ※Oculto.
mst.mission.2210634._title,Colete 20000 pontos de evento ※Oculto
mst.mission.2210634._detail,Colete 20000 pontos de evento. ※Oculto
mst.mission.2210635._title,Colete 30000 de pontos do evento.
mst.mission.2210635._detail,Colete 30000 de pontos do evento. ※Oculto
mst.mission.2710701._title,Colete 100 pontos de evento.
mst.mission.2710701._detail,Colete 100 pontos de evento.
mst.mission.2710702._title,Colete 4000 pontos de evento.
mst.mission.2710702._detail,Colete 4000 pontos de evento.
mst.mission.2710703._title,Colete 8000 pontos de evento.
mst.mission.2710703._detail,Colete 8000 pontos de evento.
mst.mission.2610704._title,Complete um Live em FULL COMBO com dificuldade NORMAL ou superior.
mst.mission.2610704._detail,"Conquiste um Full Combo no Live, em dificuldade NORMAL ou superior."
mst.mission.2610705._title,Faça 3 Full Combos em Lives no nível NORMAL ou superior
mst.mission.2610705._detail,Conquiste o Live 3 vezes no modo NORMAL ou superior.
mst.mission.2610706._title,Complete 5 Lives com Full Combo em NORMAL ou superior
mst.mission.2610706._detail,Conquiste 5 Lives com Full Combo no nível NORMAL ou superior.
mst.mission.2610707._title,Obtenha uma pontuação de 50.000 ou mais em um Live.
mst.mission.2610707._detail,Obtenha uma pontuação de ou mais em um Live.
mst.mission.2610708._title,Obtenha 100.000 pontos ou mais em uma Live.
mst.mission.2610708._detail,Tente completar o Live com uma pontuação de 100.000 ou mais.
mst.mission.2610709._title,Obtenha 150.000 pontos no Live.
mst.mission.2610709._detail,Obtenha uma pontuação de 150.000 ou mais no Live.
mst.mission.2610710._title,Jogue a música selecionada aleatoriamente 3 vezes.
mst.mission.2610710._detail,Jogue a música selecionada aleatoriamente 3 vezes.
mst.mission.2610711._title,Jogue a música selecionada aleatoriamente 5 vezes.
mst.mission.2610711._detail,Jogue a música selecionada no modo de seleção aleatória 5 vezes.
mst.mission.2610712._title,Jogue a música selecionada 10 vezes no modo aleatório.
mst.mission.2610712._detail,Jogue a música selecionada aleatoriamente 10 vezes.
mst.mission.2610713._title,Complete 10 Lives
mst.mission.2610713._detail,Complete 10 Lives.
mst.mission.2610714._title,Complete 15 Lives
mst.mission.2610714._detail,Complete 15 Lives.
mst.mission.2610715._title,Complete 20 Lives
mst.mission.2610715._detail,Complete 20 Lives.
mst.mission.2610716._title,Complete 25 Lives
mst.mission.2610716._detail,Complete 25 Lives.
mst.mission.2610717._title,Complete 30 Lives
mst.mission.2610717._detail,Complete 30 Lives.
mst.mission.2610718._title,Complete Lives
mst.mission.2610718._detail,Complete Lives.
mst.mission.2610719._title,Complete Lives
mst.mission.2610719._detail,Complete Lives.
mst.mission.2610720._title,Complete Lives
mst.mission.2610720._detail,Complete Lives.
mst.mission.2610721._title,Complete 50 Lives
mst.mission.2610721._detail,Complete 50 Lives.
mst.mission.2310901._title,Colete 100 pontos de evento.
mst.mission.2310901._detail,Colete 100 pontos de evento.
mst.mission.2310902._title,Colete 1000 pontos de evento.
mst.mission.2310902._detail,Colete 1000 pontos de evento.
mst.mission.2310903._title,Colete 5000 pontos de evento.
mst.mission.2310903._detail,Colete 5000 pontos de evento.
mst.mission.2310904._title,Colete 10000 pontos de evento.
mst.mission.2310904._detail,Colete 10000 pontos de evento.
mst.mission.2310905._title,Complete uma música de Love Live! Superstar!!
mst.mission.2310905._detail,Complete uma música de Love Live! Superstar!!.
mst.mission.2310906._title,Complete vezes
mst.mission.2310906._detail,Complete 3 músicas de Love Live! Superstar!!.
mst.mission.2310907._title,Complete 5 músicas de Love Live! Superstar!!
mst.mission.2310907._detail,Complete 5 músicas de Love Live! Superstar!!.
mst.mission.2210908._title,Complete 10 Lives
mst.mission.2210908._detail,Complete 10 Lives.
mst.mission.2210909._title,Complete 20 Lives
mst.mission.2210909._detail,Complete 20 Lives.
mst.mission.2210910._title,Complete 30 Lives
mst.mission.2210910._detail,Complete 30 Lives.
mst.mission.2210911._title,Complete Lives
mst.mission.2210911._detail,Complete Lives.
mst.mission.2210912._title,Complete 50 Lives
mst.mission.2210912._detail,Complete 50 Lives.
mst.mission.2210913._title,Complete 60 Lives
mst.mission.2210913._detail,Complete Lives.
mst.mission.2210914._title,Complete 70 Lives
mst.mission.2210914._detail,Complete 70 Lives.
mst.mission.2210915._title,Complete Lives
mst.mission.2210915._detail,Complete 80 Lives.
mst.mission.2210916._title,Complete 90 Lives
mst.mission.2210916._detail,Complete Lives.
mst.mission.2210917._title,Complete 100 Lives
mst.mission.2210917._detail,Complete 100 Lives.
mst.mission.2210918._title,Complete Lives
mst.mission.2210918._detail,Complete 125 Lives.
mst.mission.2210919._title,Complete Lives
mst.mission.2210919._detail,Complete Lives.
mst.mission.2210920._title,Complete 200 Lives
mst.mission.2210920._detail,Complete 200 Lives.
mst.mission.2210921._title,Complete Lives
mst.mission.2210921._detail,Complete 250 Lives.
mst.mission.2210922._title,Complete 300 Lives
mst.mission.2210922._detail,Complete 300 Lives.
mst.mission.2210923._title,Complete Lives
mst.mission.2210923._detail,Complete Lives.
mst.mission.2210924._title,Complete 400 Lives
mst.mission.2210924._detail,Complete 400 Lives.
mst.mission.2210925._title,Complete Lives
mst.mission.2210925._detail,Complete 450 Lives.
mst.mission.2210926._title,Complete 500 Lives
mst.mission.2210926._detail,Complete 500 Lives.
mst.mission.2210927._title,Complete uma música do evento com combo perfeito.
mst.mission.2210927._detail,Complete uma música do evento com combo perfeito.
mst.mission.2210928._title,"Alcance uma pontuação de 50.000 na dificuldade NORMAL ou superior da música ""WE WILL‼""."
mst.mission.2210928._detail,"Tente alcançar uma pontuação de 50.000 na música ""WE WILL‼"" no nível NORMAL ou superior."
mst.mission.2210929._title,"Tente obter uma pontuação de 200.000 na dificuldade HARD ou superior da música ""WE WILL‼"""
mst.mission.2210929._detail,"Tente alcançar uma pontuação de 200.000 na dificuldade HARD ou superior da música ""WE WILL‼""."
mst.mission.2210930._title,"Alcance uma pontuação de 300.000 na dificuldade EXPERT ou superior da música ""WE WILL‼"""
mst.mission.2210930._detail,"Tente alcançar uma pontuação de 300.000 na dificuldade EXPERT ou superior da música ""WE WILL‼""."
mst.mission.2210931._title,Faça login no evento.
mst.mission.2210931._detail,Faça login no evento.
mst.mission.2210932._title,Colete 5000 pontos de evento.
mst.mission.2210932._detail,Colete 5000 pontos de evento.
mst.mission.2210933._title,Colete 12.000 pontos do evento.
mst.mission.2210933._detail,Colete 12000 pontos de evento. ※Oculto.
mst.mission.2210934._title,Colete 20000 pontos de evento ※Oculto
mst.mission.2210934._detail,Colete 20000 pontos de evento. ※Oculto
mst.mission.2210935._title,Colete 30000 de pontos do evento.
mst.mission.2210935._detail,Colete 30000 de pontos do evento. ※Oculto
mst.mission.2711001._title,Colete 100 pontos de evento.
mst.mission.2711001._detail,Colete 100 pontos de evento.
mst.mission.2711002._title,Colete 4000 pontos de evento.
mst.mission.2711002._detail,Colete 4000 pontos de evento.
mst.mission.2711003._title,Colete 8000 pontos de evento.
mst.mission.2711003._detail,Colete 8000 pontos de evento.
mst.mission.2611004._title,Complete um Live em FULL COMBO com dificuldade NORMAL ou superior.
mst.mission.2611004._detail,"Conquiste um Full Combo no Live, em dificuldade NORMAL ou superior."
mst.mission.2611005._title,Faça 3 Full Combos em Lives no nível NORMAL ou superior
mst.mission.2611005._detail,Conquiste o Live 3 vezes no modo NORMAL ou superior.
mst.mission.2611006._title,Complete 5 Lives com Full Combo em NORMAL ou superior
mst.mission.2611006._detail,Conquiste 5 Lives com Full Combo no nível NORMAL ou superior.
mst.mission.2611007._title,Obtenha uma pontuação de 50.000 ou mais em um Live.
mst.mission.2611007._detail,Obtenha uma pontuação de ou mais em um Live.
mst.mission.2611008._title,Obtenha 100.000 pontos ou mais em uma Live.
mst.mission.2611008._detail,Tente completar o Live com uma pontuação de 100.000 ou mais.
mst.mission.2611009._title,Obtenha 150.000 pontos no Live.
mst.mission.2611009._detail,Obtenha uma pontuação de 150.000 ou mais no Live.
mst.mission.2611010._title,Jogue a música selecionada aleatoriamente 3 vezes.
mst.mission.2611010._detail,Jogue a música selecionada aleatoriamente 3 vezes.
mst.mission.2611011._title,Jogue a música selecionada aleatoriamente 5 vezes.
mst.mission.2611011._detail,Jogue a música selecionada no modo de seleção aleatória 5 vezes.
mst.mission.2611012._title,Jogue a música selecionada 10 vezes no modo aleatório.
mst.mission.2611012._detail,Jogue a música selecionada aleatoriamente 10 vezes.
mst.mission.2511101._title,Colete 150 pontos de evento.
mst.mission.2511101._detail,Colete 150 pontos de evento.
mst.mission.2511102._title,Colete 1500 pontos de evento.
mst.mission.2511102._detail,Colete 1500 pontos de evento.
mst.mission.2511103._title,Colete 7500 pontos de evento.
mst.mission.2511103._detail,Colete 7500 pontos de evento.
mst.mission.2511104._title,Colete 15000 pontos de evento.
mst.mission.2511104._detail,Colete 15000 pontos de evento.
mst.mission.2511105._title,Complete um Live de colaboração como Membro de apoio.
mst.mission.2511105._detail,Complete um Live cooperativo como Membro de apoio.
mst.mission.2511106._title,Complete 3 Lives como Membro de Apoio
mst.mission.2511106._detail,Complete 3 Lives como Membro de Apoio.
mst.mission.2511107._title,Complete 5 Lives como Membro de Apoio
mst.mission.2511107._detail,Complete 5 Lives como Membro de Apoio.
mst.mission.2411108._title,Complete 7 Lives como Membro de Apoio
mst.mission.2411108._detail,Complete 7 Lives como Membro de Apoio.
mst.mission.2411109._title,Complete 10 Lives como Membro de Apoio
mst.mission.2411109._detail,Complete 10 Lives como Membro de Apoio.
mst.mission.2411110._title,Complete 20 Lives como Membro de Apoio
mst.mission.2411110._detail,Complete 20 Lives como Membro de Apoio.
mst.mission.2411111._title,Complete 30 Lives como Membro de Apoio
mst.mission.2411111._detail,Complete 30 Lives como Membro de Apoio.
mst.mission.2411112._title,Complete 10 Lives
mst.mission.2411112._detail,Complete 10 Lives.
mst.mission.2411113._title,Complete 20 Lives
mst.mission.2411113._detail,Complete 20 Lives.
mst.mission.2411114._title,Complete 30 Lives
mst.mission.2411114._detail,Complete 30 Lives.
mst.mission.2411115._title,Complete Lives
mst.mission.2411115._detail,Complete Lives.
mst.mission.2411116._title,Complete 50 Lives
mst.mission.2411116._detail,Complete 50 Lives.
mst.mission.2411117._title,Complete 60 Lives
mst.mission.2411117._detail,Complete Lives.
mst.mission.2411118._title,Complete 70 Lives
mst.mission.2411118._detail,Complete 70 Lives.
mst.mission.2411119._title,Complete Lives
mst.mission.2411119._detail,Complete 80 Lives.
mst.mission.2411120._title,Complete 90 Lives
mst.mission.2411120._detail,Complete Lives.
mst.mission.2411121._title,Complete 100 Lives
mst.mission.2411121._detail,Complete 100 Lives.
mst.mission.2411122._title,Conquiste 5 vezes o 3º lugar no Live Cooperativo
mst.mission.2411122._detail,Conquiste o 3º lugar ou superior 5 vezes no Live cooperativo.
mst.mission.2411123._title,Conquiste 2º lugar ou superior 3 vezes no Live cooperativo
mst.mission.2411123._detail,Conquiste o 2º lugar ou superior em 3 Lives cooperativas.
mst.mission.2411124._title,Conquiste o 1º lugar no Live!
mst.mission.2411124._detail,Conquiste o 1º lugar no Live cooperativo.
mst.mission.2411125._title,Complete Live com 4 ou mais jogadores.
mst.mission.2411125._detail,Complete Lives com 4 ou mais jogadores.
mst.mission.2411126._title,Complete 3 Lives com 4 ou mais jogadores.
mst.mission.2411126._detail,Complete 3 Lives com 4 ou mais jogadores.
mst.mission.2411127._title,Complete 5 Co-op Lives com 4 ou mais jogadores.
mst.mission.2411127._detail,Complete 5 Lives com 4 ou mais jogadores.
mst.mission.2411128._title,Complete 10 Live com 4 ou mais jogadores.
mst.mission.2411128._detail,Complete 10 Live com 4 ou mais jogadores.
mst.mission.2411129._title,Complete 20 Live com 4 ou mais jogadores.
mst.mission.2411129._detail,Complete 20 Co-op Lives com 4 ou mais jogadores.
mst.mission.2411130._title,Complete 30 Co-op Lives com 4 ou mais jogadores.
mst.mission.2411130._detail,Complete 30 Co-op Lives com 4 ou mais jogadores.
mst.mission.2711201._title,Colete 100 pontos de evento.
mst.mission.2711201._detail,Colete 100 pontos de evento.
mst.mission.2711202._title,Colete 4000 pontos de evento.
mst.mission.2711202._detail,Colete 4000 pontos de evento.
mst.mission.2711203._title,Colete 8000 pontos de evento.
mst.mission.2711203._detail,Colete 8000 pontos de evento.
mst.mission.2611204._title,Complete um Live em FULL COMBO com dificuldade NORMAL ou superior.
mst.mission.2611204._detail,"Conquiste um Full Combo no Live, em dificuldade NORMAL ou superior."
mst.mission.2611205._title,Faça 3 Full Combos em Lives no nível NORMAL ou superior
mst.mission.2611205._detail,Conquiste o Live 3 vezes no modo NORMAL ou superior.
mst.mission.2611206._title,Complete 5 Lives com Full Combo em NORMAL ou superior
mst.mission.2611206._detail,Conquiste 5 Lives com Full Combo no nível NORMAL ou superior.
mst.mission.2611207._title,Obtenha uma pontuação de 50.000 ou mais em um Live.
mst.mission.2611207._detail,Obtenha uma pontuação de ou mais em um Live.
mst.mission.2611208._title,Obtenha 100.000 pontos ou mais em uma Live.
mst.mission.2611208._detail,Tente completar o Live com uma pontuação de 100.000 ou mais.
mst.mission.2611209._title,Obtenha 150.000 pontos no Live.
mst.mission.2611209._detail,Obtenha uma pontuação de 150.000 ou mais no Live.
mst.mission.2611210._title,Jogue a música selecionada aleatoriamente 3 vezes.
mst.mission.2611210._detail,Jogue a música selecionada aleatoriamente 3 vezes.
mst.mission.2611211._title,Jogue a música selecionada aleatoriamente 5 vezes.
mst.mission.2611211._detail,Jogue a música selecionada no modo de seleção aleatória 5 vezes.
mst.mission.2611212._title,Jogue a música selecionada 10 vezes no modo aleatório.
mst.mission.2611212._detail,Jogue a música selecionada aleatoriamente 10 vezes.
mst.mission.2510801._title,Colete 150 pontos de evento.
mst.mission.2510801._detail,Colete 150 pontos de evento.
mst.mission.2510802._title,Colete 1500 pontos de evento.
mst.mission.2510802._detail,Colete 1500 pontos de evento.
mst.mission.2510803._title,Colete 7500 pontos de evento.
mst.mission.2510803._detail,Colete 7500 pontos de evento.
mst.mission.2510804._title,Colete 15000 pontos de evento.
mst.mission.2510804._detail,Colete 15000 pontos de evento.
mst.mission.2510805._title,Complete um Live de colaboração como Membro de apoio.
mst.mission.2510805._detail,Complete um Live cooperativo como Membro de apoio.
mst.mission.2510806._title,Complete 3 Lives como Membro de Apoio
mst.mission.2510806._detail,Complete 3 Lives como Membro de Apoio.
mst.mission.2510807._title,Complete 5 Lives como Membro de Apoio
mst.mission.2510807._detail,Complete 5 Lives como Membro de Apoio.
mst.mission.2410808._title,Complete 7 Lives como Membro de Apoio
mst.mission.2410808._detail,Complete 7 Lives como Membro de Apoio.
mst.mission.2410809._title,Complete 10 Lives como Membro de Apoio
mst.mission.2410809._detail,Complete 10 Lives como Membro de Apoio.
mst.mission.2410810._title,Complete 20 Lives como Membro de Apoio
mst.mission.2410810._detail,Complete 20 Lives como Membro de Apoio.
mst.mission.2410811._title,Complete 30 Lives como Membro de Apoio
mst.mission.2410811._detail,Complete 30 Lives como Membro de Apoio.
mst.mission.2410812._title,Complete 10 Lives
mst.mission.2410812._detail,Complete 10 Lives.
mst.mission.2410813._title,Complete 20 Lives
mst.mission.2410813._detail,Complete 20 Lives.
mst.mission.2410814._title,Complete 30 Lives
mst.mission.2410814._detail,Complete 30 Lives.
mst.mission.2410815._title,Complete Lives
mst.mission.2410815._detail,Complete Lives.
mst.mission.2410816._title,Complete 50 Lives
mst.mission.2410816._detail,Complete 50 Lives.
mst.mission.2410817._title,Complete 60 Lives
mst.mission.2410817._detail,Complete Lives.
mst.mission.2410818._title,Complete 70 Lives
mst.mission.2410818._detail,Complete 70 Lives.
mst.mission.2410819._title,Complete Lives
mst.mission.2410819._detail,Complete 80 Lives.
mst.mission.2410820._title,Complete 90 Lives
mst.mission.2410820._detail,Complete Lives.
mst.mission.2410821._title,Complete 100 Lives
mst.mission.2410821._detail,Complete 100 Lives.
mst.mission.2410822._title,Conquiste 5 vezes o 3º lugar no Live Cooperativo
mst.mission.2410822._detail,Conquiste o 3º lugar ou superior 5 vezes no Live cooperativo.
mst.mission.2410823._title,Conquiste 2º lugar ou superior 3 vezes no Live cooperativo
mst.mission.2410823._detail,Conquiste o 2º lugar ou superior em 3 Lives cooperativas.
mst.mission.2410824._title,Conquiste o 1º lugar no Live!
mst.mission.2410824._detail,Conquiste o 1º lugar no Live cooperativo.
mst.mission.2410825._title,Complete Live com 4 ou mais jogadores.
mst.mission.2410825._detail,Complete Lives com 4 ou mais jogadores.
mst.mission.2410826._title,Complete 3 Lives com 4 ou mais jogadores.
mst.mission.2410826._detail,Complete 3 Lives com 4 ou mais jogadores.
mst.mission.2410827._title,Complete 5 Co-op Lives com 4 ou mais jogadores.
mst.mission.2410827._detail,Complete 5 Lives com 4 ou mais jogadores.
mst.mission.2410828._title,Complete 10 Live com 4 ou mais jogadores.
mst.mission.2410828._detail,Complete 10 Live com 4 ou mais jogadores.
mst.mission.2410829._title,Complete 20 Live com 4 ou mais jogadores.
mst.mission.2410829._detail,Complete 20 Co-op Lives com 4 ou mais jogadores.
mst.mission.2410830._title,Complete 30 Co-op Lives com 4 ou mais jogadores.
mst.mission.2410830._detail,Complete 30 Co-op Lives com 4 ou mais jogadores.
mst.mission.2311301._title,Colete 100 pontos de evento.
mst.mission.2311301._detail,Colete 100 pontos de evento.
mst.mission.2311302._title,Colete 1000 pontos de evento.
mst.mission.2311302._detail,Colete 1000 pontos de evento.
mst.mission.2311303._title,Colete 5000 pontos de evento.
mst.mission.2311303._detail,Colete 5000 pontos de evento.
mst.mission.2311304._title,Colete 10000 pontos de evento.
mst.mission.2311304._detail,Colete 10000 pontos de evento.
mst.mission.2311305._title,Complete uma música de Love Live!
mst.mission.2311305._detail,Complete músicas de Love Live!
mst.mission.2311306._title,Complete 3 músicas de Love Live!
mst.mission.2311306._detail,Complete 3 músicas de Love Live!
mst.mission.2311307._title,Complete vezes
mst.mission.2311307._detail,Complete vezes.
mst.mission.2211308._title,Complete 10 Lives
mst.mission.2211308._detail,Complete 10 Lives.
mst.mission.2211309._title,Complete 20 Lives
mst.mission.2211309._detail,Complete 20 Lives.
mst.mission.2211310._title,Complete 30 Lives
mst.mission.2211310._detail,Complete 30 Lives.
mst.mission.2211311._title,Complete Lives
mst.mission.2211311._detail,Complete Lives.
mst.mission.2211312._title,Complete 50 Lives
mst.mission.2211312._detail,Complete 50 Lives.
mst.mission.2211313._title,Complete 60 Lives
mst.mission.2211313._detail,Complete Lives.
mst.mission.2211314._title,Complete 70 Lives
mst.mission.2211314._detail,Complete 70 Lives.
mst.mission.2211315._title,Complete Lives
mst.mission.2211315._detail,Complete 80 Lives.
mst.mission.2211316._title,Complete 90 Lives
mst.mission.2211316._detail,Complete Lives.
mst.mission.2211317._title,Complete 100 Lives
mst.mission.2211317._detail,Complete 100 Lives.
mst.mission.2211318._title,Complete Lives
mst.mission.2211318._detail,Complete 125 Lives.
mst.mission.2211319._title,Complete Lives
mst.mission.2211319._detail,Complete Lives.
mst.mission.2211320._title,Complete 200 Lives
mst.mission.2211320._detail,Complete 200 Lives.
mst.mission.2211321._title,Complete Lives
mst.mission.2211321._detail,Complete 250 Lives.
mst.mission.2211322._title,Complete 300 Lives
mst.mission.2211322._detail,Complete 300 Lives.
mst.mission.2211323._title,Complete Lives
mst.mission.2211323._detail,Complete Lives.
mst.mission.2211324._title,Complete 400 Lives
mst.mission.2211324._detail,Complete 400 Lives.
mst.mission.2211325._title,Complete Lives
mst.mission.2211325._detail,Complete 450 Lives.
mst.mission.2211326._title,Complete 500 Lives
mst.mission.2211326._detail,Complete 500 Lives.
mst.mission.2211327._title,Complete uma música do evento com combo perfeito.
mst.mission.2211327._detail,Complete uma música do evento com combo perfeito.
mst.mission.2211328._title,"Alcance uma pontuação de 50.000 na dificuldade NORMAL ou superior da música ""Natsuiro Egao de 1, 2, Jump!"""
mst.mission.2211328._detail,"Alcance uma pontuação de 50.000 na música ""Natsuiro Egao de 1, 2, Jump!"" no nível NORMAL ou superior."
mst.mission.2211329._title,"Alcance uma pontuação de 200.000 na dificuldade HARD ou superior da música ""Natsuiro Egao de 1, 2, Jump!"""
mst.mission.2211329._detail,"Tente alcançar uma pontuação de 200.000 na música ""Natsuiro Egao de 1, 2, Jump!"" no nível HARD ou superior."
mst.mission.2211330._title,"Alcance uma pontuação de 300.000 na dificuldade EXPERT ou superior da música ""Natsuiro Egao de 1, 2, Jump!"""
mst.mission.2211330._detail,"Tente alcançar uma pontuação de 300.000 na dificuldade EXPERT ou superior da música ""Natsuiro Egao de 1, 2, Jump!""."
mst.mission.2211331._title,Faça login no evento.
mst.mission.2211331._detail,Faça login no evento.
mst.mission.2211332._title,Colete 5000 pontos de evento.
mst.mission.2211332._detail,Colete 5000 pontos de evento.
mst.mission.2211333._title,Colete 12.000 pontos do evento.
mst.mission.2211333._detail,Colete 12000 pontos de evento. ※Oculto.
mst.mission.2211334._title,Colete 20000 pontos de evento ※Oculto
mst.mission.2211334._detail,Colete 20000 pontos de evento. ※Oculto
mst.mission.2211335._title,Colete 30000 de pontos do evento.
mst.mission.2211335._detail,Colete 30000 de pontos do evento. ※Oculto
mst.mission.2711401._title,Colete 100 pontos de evento.
mst.mission.2711401._detail,Colete 100 pontos de evento.
mst.mission.2711402._title,Colete 4000 pontos de evento.
mst.mission.2711402._detail,Colete 4000 pontos de evento.
mst.mission.2711403._title,Colete 8000 pontos de evento.
mst.mission.2711403._detail,Colete 8000 pontos de evento.
mst.mission.2611404._title,Complete um Live em FULL COMBO com dificuldade NORMAL ou superior.
mst.mission.2611404._detail,"Conquiste um Full Combo no Live, em dificuldade NORMAL ou superior."
mst.mission.2611405._title,Faça 3 Full Combos em Lives no nível NORMAL ou superior
mst.mission.2611405._detail,Conquiste o Live 3 vezes no modo NORMAL ou superior.
mst.mission.2611406._title,Complete 5 Lives com Full Combo em NORMAL ou superior
mst.mission.2611406._detail,Conquiste 5 Lives com Full Combo no nível NORMAL ou superior.
mst.mission.2611407._title,Obtenha uma pontuação de 50.000 ou mais em um Live.
mst.mission.2611407._detail,Obtenha uma pontuação de ou mais em um Live.
mst.mission.2611408._title,Obtenha 100.000 pontos ou mais em uma Live.
mst.mission.2611408._detail,Tente completar o Live com uma pontuação de 100.000 ou mais.
mst.mission.2611409._title,Obtenha 150.000 pontos no Live.
mst.mission.2611409._detail,Obtenha uma pontuação de 150.000 ou mais no Live.
mst.mission.2611410._title,Jogue a música selecionada aleatoriamente 3 vezes.
mst.mission.2611410._detail,Jogue a música selecionada aleatoriamente 3 vezes.
mst.mission.2611411._title,Jogue a música selecionada aleatoriamente 5 vezes.
mst.mission.2611411._detail,Jogue a música selecionada no modo de seleção aleatória 5 vezes.
mst.mission.2611412._title,Jogue a música selecionada 10 vezes no modo aleatório.
mst.mission.2611412._detail,Jogue a música selecionada aleatoriamente 10 vezes.
mst.mission.2511501._title,Colete 150 pontos de evento.
mst.mission.2511501._detail,Colete 150 pontos de evento.
mst.mission.2511502._title,Colete 1500 pontos de evento.
mst.mission.2511502._detail,Colete 1500 pontos de evento.
mst.mission.2511503._title,Colete 7500 pontos de evento.
mst.mission.2511503._detail,Colete 7500 pontos de evento.
mst.mission.2511504._title,Colete 15000 pontos de evento.
mst.mission.2511504._detail,Colete 15000 pontos de evento.
mst.mission.2511505._title,Complete um Live de colaboração como Membro de apoio.
mst.mission.2511505._detail,Complete um Live cooperativo como Membro de apoio.
mst.mission.2511506._title,Complete 3 Lives como Membro de Apoio
mst.mission.2511506._detail,Complete 3 Lives como Membro de Apoio.
mst.mission.2511507._title,Complete 5 Lives como Membro de Apoio
mst.mission.2511507._detail,Complete 5 Lives como Membro de Apoio.
mst.mission.2411508._title,Complete 7 Lives como Membro de Apoio
mst.mission.2411508._detail,Complete 7 Lives como Membro de Apoio.
mst.mission.2411509._title,Complete 10 Lives como Membro de Apoio
mst.mission.2411509._detail,Complete 10 Lives como Membro de Apoio.
mst.mission.2411510._title,Complete 20 Lives como Membro de Apoio
mst.mission.2411510._detail,Complete 20 Lives como Membro de Apoio.
mst.mission.2411511._title,Complete 30 Lives como Membro de Apoio
mst.mission.2411511._detail,Complete 30 Lives como Membro de Apoio.
mst.mission.2411512._title,Complete 10 Lives
mst.mission.2411512._detail,Complete 10 Lives.
mst.mission.2411513._title,Complete 20 Lives
mst.mission.2411513._detail,Complete 20 Lives.
mst.mission.2411514._title,Complete 30 Lives
mst.mission.2411514._detail,Complete 30 Lives.
mst.mission.2411515._title,Complete Lives
mst.mission.2411515._detail,Complete Lives.
mst.mission.2411516._title,Complete 50 Lives
mst.mission.2411516._detail,Complete 50 Lives.
mst.mission.2411517._title,Complete 60 Lives
mst.mission.2411517._detail,Complete Lives.
mst.mission.2411518._title,Complete 70 Lives
mst.mission.2411518._detail,Complete 70 Lives.
mst.mission.2411519._title,Complete Lives
mst.mission.2411519._detail,Complete 80 Lives.
mst.mission.2411520._title,Complete 90 Lives
mst.mission.2411520._detail,Complete Lives.
mst.mission.2411521._title,Complete 100 Lives
mst.mission.2411521._detail,Complete 100 Lives.
mst.mission.2411522._title,Conquiste 5 vezes o 3º lugar no Live Cooperativo
mst.mission.2411522._detail,Conquiste o 3º lugar ou superior 5 vezes no Live cooperativo.
mst.mission.2411523._title,Conquiste 2º lugar ou superior 3 vezes no Live cooperativo
mst.mission.2411523._detail,Conquiste o 2º lugar ou superior em 3 Lives cooperativas.
mst.mission.2411524._title,Conquiste o 1º lugar no Live!
mst.mission.2411524._detail,Conquiste o 1º lugar no Live cooperativo.
mst.mission.2411525._title,Complete Live com 4 ou mais jogadores.
mst.mission.2411525._detail,Complete Lives com 4 ou mais jogadores.
mst.mission.2411526._title,Complete 3 Lives com 4 ou mais jogadores.
mst.mission.2411526._detail,Complete 3 Lives com 4 ou mais jogadores.
mst.mission.2411527._title,Complete 5 Co-op Lives com 4 ou mais jogadores.
mst.mission.2411527._detail,Complete 5 Lives com 4 ou mais jogadores.
mst.mission.2411528._title,Complete 10 Live com 4 ou mais jogadores.
mst.mission.2411528._detail,Complete 10 Live com 4 ou mais jogadores.
mst.mission.2411529._title,Complete 20 Live com 4 ou mais jogadores.
mst.mission.2411529._detail,Complete 20 Co-op Lives com 4 ou mais jogadores.
mst.mission.2411530._title,Complete 30 Co-op Lives com 4 ou mais jogadores.
mst.mission.2411530._detail,Complete 30 Co-op Lives com 4 ou mais jogadores.
mst.mission.2711601._title,Colete 100 pontos de evento.
mst.mission.2711601._detail,Colete 100 pontos de evento.
mst.mission.2711602._title,Colete 4000 pontos de evento.
mst.mission.2711602._detail,Colete 4000 pontos de evento.
mst.mission.2711603._title,Colete 8000 pontos de evento.
mst.mission.2711603._detail,Colete 8000 pontos de evento.
mst.mission.2611604._title,Complete um Live em FULL COMBO com dificuldade NORMAL ou superior.
mst.mission.2611604._detail,"Conquiste um Full Combo no Live, em dificuldade NORMAL ou superior."
mst.mission.2611605._title,Faça 3 Full Combos em Lives no nível NORMAL ou superior
mst.mission.2611605._detail,Conquiste o Live 3 vezes no modo NORMAL ou superior.
mst.mission.2611606._title,Complete 5 Lives com Full Combo em NORMAL ou superior
mst.mission.2611606._detail,Conquiste 5 Lives com Full Combo no nível NORMAL ou superior.
mst.mission.2611607._title,Obtenha uma pontuação de 50.000 ou mais em um Live.
mst.mission.2611607._detail,Obtenha uma pontuação de ou mais em um Live.
mst.mission.2611608._title,Obtenha 100.000 pontos ou mais em uma Live.
mst.mission.2611608._detail,Tente completar o Live com uma pontuação de 100.000 ou mais.
mst.mission.2611609._title,Obtenha 150.000 pontos no Live.
mst.mission.2611609._detail,Obtenha uma pontuação de 150.000 ou mais no Live.
mst.mission.2611610._title,Jogue a música selecionada aleatoriamente 3 vezes.
mst.mission.2611610._detail,Jogue a música selecionada aleatoriamente 3 vezes.
mst.mission.2611611._title,Jogue a música selecionada aleatoriamente 5 vezes.
mst.mission.2611611._detail,Jogue a música selecionada no modo de seleção aleatória 5 vezes.
mst.mission.2611612._title,Jogue a música selecionada 10 vezes no modo aleatório.
mst.mission.2611612._detail,Jogue a música selecionada aleatoriamente 10 vezes.
mst.mission.2311701._title,Colete 100 pontos de evento.
mst.mission.2311701._detail,Colete 100 pontos de evento.
mst.mission.2311702._title,Colete 200 pontos de evento.
mst.mission.2311702._detail,Colete 200 pontos de evento.
mst.mission.2311703._title,Colete 1000 pontos de evento.
mst.mission.2311703._detail,Colete 1000 pontos de evento.
mst.mission.2311704._title,Colete 5000 pontos de evento.
mst.mission.2311704._detail,Colete 5000 pontos de evento.
mst.mission.2311705._title,Colete 10000 pontos de evento.
mst.mission.2311705._detail,Colete 10000 pontos de evento.
mst.mission.2311706._title,Complete uma música de Love Live! Sunshine!!.
mst.mission.2311706._detail,Complete uma música de Love Live! Sunshine!!.
mst.mission.2311707._title,Complete 3 músicas de Love Live! Sunshine!!
mst.mission.2311707._detail,Complete 3 músicas de Love Live! Sunshine!!.
mst.mission.2311708._title,Complete 5 músicas de Love Live! Sunshine!!
mst.mission.2311708._detail,Complete 5 músicas de Love Live! Sunshine!!.
mst.mission.2211709._title,Complete 10 Lives
mst.mission.2211709._detail,Complete 10 Lives.
mst.mission.2211710._title,Complete 20 Lives
mst.mission.2211710._detail,Complete 20 Lives.
mst.mission.2211711._title,Complete 30 Lives
mst.mission.2211711._detail,Complete 30 Lives.
mst.mission.2211712._title,Complete Lives
mst.mission.2211712._detail,Complete Lives.
mst.mission.2211713._title,Complete 50 Lives
mst.mission.2211713._detail,Complete 50 Lives.
mst.mission.2211714._title,Complete 60 Lives
mst.mission.2211714._detail,Complete Lives.
mst.mission.2211715._title,Complete 70 Lives
mst.mission.2211715._detail,Complete 70 Lives.
mst.mission.2211716._title,Complete Lives
mst.mission.2211716._detail,Complete 80 Lives.
mst.mission.2211717._title,Complete 90 Lives
mst.mission.2211717._detail,Complete Lives.
mst.mission.2211718._title,Complete 100 Lives
mst.mission.2211718._detail,Complete 100 Lives.
mst.mission.2211719._title,Complete Lives
mst.mission.2211719._detail,Complete 125 Lives.
mst.mission.2211720._title,Complete Lives
mst.mission.2211720._detail,Complete Lives.
mst.mission.2211721._title,Complete 200 Lives
mst.mission.2211721._detail,Complete 200 Lives.
mst.mission.2211722._title,Complete Lives
mst.mission.2211722._detail,Complete 250 Lives.
mst.mission.2211723._title,Complete 300 Lives
mst.mission.2211723._detail,Complete 300 Lives.
mst.mission.2211724._title,Complete Lives
mst.mission.2211724._detail,Complete Lives.
mst.mission.2211725._title,Complete 400 Lives
mst.mission.2211725._detail,Complete 400 Lives.
mst.mission.2211726._title,Complete Lives
mst.mission.2211726._detail,Complete 450 Lives.
mst.mission.2211727._title,Complete 500 Lives
mst.mission.2211727._detail,Complete 500 Lives.
mst.mission.2211728._title,Complete uma música do evento com combo perfeito.
mst.mission.2211728._detail,Complete uma música do evento com combo perfeito.
mst.mission.2211729._title,"Alcance uma pontuação de 50.000 na dificuldade NORMAL ou superior da música ""MY舞☆TONIGHT"""
mst.mission.2211729._detail,"Tente alcançar uma pontuação de 50.000 na música ""MY舞☆TONIGHT"" no nível NORMAL ou superior."
mst.mission.2211730._title,"Alcance uma pontuação de 200.000 na dificuldade HARD ou superior da música ""MY舞☆TONIGHT""."
mst.mission.2211730._detail,"Tente alcançar uma pontuação de 200.000 na música ""MY舞☆TONIGHT"" no nível HARD ou superior."
mst.mission.2211731._title,"Alcance uma pontuação de 300.000 na dificuldade EXPERT ou superior da música ""MY舞☆TONIGHT""."
mst.mission.2211731._detail,"Tente alcançar uma pontuação de 300.000 na dificuldade EXPERT ou superior da música ""MY舞☆TONIGHT""."
mst.mission.2211732._title,Faça login no aplicativo.
mst.mission.2211732._detail,Faça login no aplicativo.
mst.mission.2211733._title,Colete 5000 pontos de evento.
mst.mission.2211733._detail,Colete 5000 pontos de evento.
mst.mission.2211734._title,Colete 12.000 pontos do evento.
mst.mission.2211734._detail,Colete 12000 pontos de evento. ※Oculto.
mst.mission.2211735._title,Colete 20000 pontos de evento ※Oculto
mst.mission.2211735._detail,Colete 20000 pontos de evento. ※Oculto
mst.mission.2211736._title,Colete 30000 de pontos do evento.
mst.mission.2211736._detail,Colete 30000 de pontos do evento. ※Oculto
mst.mission.2711801._title,Colete 100 pontos de evento.
mst.mission.2711801._detail,Colete 100 pontos de evento.
mst.mission.2711802._title,Colete 4000 pontos de evento.
mst.mission.2711802._detail,Colete 4000 pontos de evento.
mst.mission.2711803._title,Colete 8000 pontos de evento.
mst.mission.2711803._detail,Colete 8000 pontos de evento.
mst.mission.2611804._title,Complete um Live em FULL COMBO com dificuldade NORMAL ou superior.
mst.mission.2611804._detail,"Conquiste um Full Combo no Live, em dificuldade NORMAL ou superior."
mst.mission.2611805._title,Faça 3 Full Combos em Lives no nível NORMAL ou superior
mst.mission.2611805._detail,Conquiste o Live 3 vezes no modo NORMAL ou superior.
mst.mission.2611806._title,Complete 5 Lives com Full Combo em NORMAL ou superior
mst.mission.2611806._detail,Conquiste 5 Lives com Full Combo no nível NORMAL ou superior.
mst.mission.2611807._title,Obtenha uma pontuação de 50.000 ou mais em um Live.
mst.mission.2611807._detail,Obtenha uma pontuação de ou mais em um Live.
mst.mission.2611808._title,Obtenha 100.000 pontos ou mais em uma Live.
mst.mission.2611808._detail,Tente completar o Live com uma pontuação de 100.000 ou mais.
mst.mission.2611809._title,Obtenha 150.000 pontos no Live.
mst.mission.2611809._detail,Obtenha uma pontuação de 150.000 ou mais no Live.
mst.mission.2611810._title,Jogue a música selecionada aleatoriamente 3 vezes.
mst.mission.2611810._detail,Jogue a música selecionada aleatoriamente 3 vezes.
mst.mission.2611811._title,Jogue a música selecionada aleatoriamente 5 vezes.
mst.mission.2611811._detail,Jogue a música selecionada no modo de seleção aleatória 5 vezes.
mst.mission.2611812._title,Jogue a música selecionada 10 vezes no modo aleatório.
mst.mission.2611812._detail,Jogue a música selecionada aleatoriamente 10 vezes.
mst.mission.2511901._title,Colete 150 pontos de evento.
mst.mission.2511901._detail,Colete 150 pontos de evento.
mst.mission.2511902._title,Colete 1500 pontos de evento.
mst.mission.2511902._detail,Colete 1500 pontos de evento.
mst.mission.2511903._title,Colete 7500 pontos de evento.
mst.mission.2511903._detail,Colete 7500 pontos de evento.
mst.mission.2511904._title,Colete 15000 pontos de evento.
mst.mission.2511904._detail,Colete 15000 pontos de evento.
mst.mission.2511905._title,Complete um Live de colaboração como Membro de apoio.
mst.mission.2511905._detail,Complete um Live cooperativo como Membro de apoio.
mst.mission.2511906._title,Complete 3 Lives como Membro de Apoio
mst.mission.2511906._detail,Complete 3 Lives como Membro de Apoio.
mst.mission.2511907._title,Complete 5 Lives como Membro de Apoio
mst.mission.2511907._detail,Complete 5 Lives como Membro de Apoio.
mst.mission.2411908._title,Complete 7 Lives como Membro de Apoio
mst.mission.2411908._detail,Complete 7 Lives como Membro de Apoio.
mst.mission.2411909._title,Complete 10 Lives como Membro de Apoio
mst.mission.2411909._detail,Complete 10 Lives como Membro de Apoio.
mst.mission.2411910._title,Complete 20 Lives como Membro de Apoio
mst.mission.2411910._detail,Complete 20 Lives como Membro de Apoio.
mst.mission.2411911._title,Complete 30 Lives como Membro de Apoio
mst.mission.2411911._detail,Complete 30 Lives como Membro de Apoio.
mst.mission.2411912._title,Complete 10 Lives
mst.mission.2411912._detail,Complete 10 Lives.
mst.mission.2411913._title,Complete 20 Lives
mst.mission.2411913._detail,Complete 20 Lives.
mst.mission.2411914._title,Complete 30 Lives
mst.mission.2411914._detail,Complete 30 Lives.
mst.mission.2411915._title,Complete Lives
mst.mission.2411915._detail,Complete Lives.
mst.mission.2411916._title,Complete 50 Lives
mst.mission.2411916._detail,Complete 50 Lives.
mst.mission.2411917._title,Complete 60 Lives
mst.mission.2411917._detail,Complete Lives.
mst.mission.2411918._title,Complete 70 Lives
mst.mission.2411918._detail,Complete 70 Lives.
mst.mission.2411919._title,Complete Lives
mst.mission.2411919._detail,Complete 80 Lives.
mst.mission.2411920._title,Complete 90 Lives
mst.mission.2411920._detail,Complete Lives.
mst.mission.2411921._title,Complete 100 Lives
mst.mission.2411921._detail,Complete 100 Lives.
mst.mission.2411922._title,Conquiste 5 vezes o 3º lugar no Live Cooperativo
mst.mission.2411922._detail,Conquiste o 3º lugar ou superior 5 vezes no Live cooperativo.
mst.mission.2411923._title,Conquiste 2º lugar ou superior 3 vezes no Live cooperativo
mst.mission.2411923._detail,Conquiste o 2º lugar ou superior em 3 Lives cooperativas.
mst.mission.2411924._title,Conquiste o 1º lugar no Live!
mst.mission.2411924._detail,Conquiste o 1º lugar no Live cooperativo.
mst.mission.2411925._title,Complete Live com 4 ou mais jogadores.
mst.mission.2411925._detail,Complete Lives com 4 ou mais jogadores.
mst.mission.2411926._title,Complete 3 Lives com 4 ou mais jogadores.
mst.mission.2411926._detail,Complete 3 Lives com 4 ou mais jogadores.
mst.mission.2411927._title,Complete 5 Co-op Lives com 4 ou mais jogadores.
mst.mission.2411927._detail,Complete 5 Lives com 4 ou mais jogadores.
mst.mission.2411928._title,Complete 10 Live com 4 ou mais jogadores.
mst.mission.2411928._detail,Complete 10 Live com 4 ou mais jogadores.
mst.mission.2411929._title,Complete 20 Live com 4 ou mais jogadores.
mst.mission.2411929._detail,Complete 20 Co-op Lives com 4 ou mais jogadores.
mst.mission.2411930._title,Complete 30 Co-op Lives com 4 ou mais jogadores.
mst.mission.2411930._detail,Complete 30 Co-op Lives com 4 ou mais jogadores.
mst.mission.2712001._title,Colete 100 pontos de evento.
mst.mission.2712001._detail,Colete 100 pontos de evento.
mst.mission.2712002._title,Colete 4000 pontos de evento.
mst.mission.2712002._detail,Colete 4000 pontos de evento.
mst.mission.2712003._title,Colete 8000 pontos de evento.
mst.mission.2712003._detail,Colete 8000 pontos de evento.
mst.mission.2612004._title,Complete um Live em FULL COMBO com dificuldade NORMAL ou superior.
mst.mission.2612004._detail,"Conquiste um Full Combo no Live, em dificuldade NORMAL ou superior."
mst.mission.2612005._title,Faça 3 Full Combos em Lives no nível NORMAL ou superior
mst.mission.2612005._detail,Conquiste o Live 3 vezes no modo NORMAL ou superior.
mst.mission.2612006._title,Complete 5 Lives com Full Combo em NORMAL ou superior
mst.mission.2612006._detail,Conquiste 5 Lives com Full Combo no nível NORMAL ou superior.
mst.mission.2612007._title,Obtenha uma pontuação de 50.000 ou mais em um Live.
mst.mission.2612007._detail,Obtenha uma pontuação de ou mais em um Live.
mst.mission.2612008._title,Obtenha 100.000 pontos ou mais em uma Live.
mst.mission.2612008._detail,Tente completar o Live com uma pontuação de 100.000 ou mais.
mst.mission.2612009._title,Obtenha 150.000 pontos no Live.
mst.mission.2612009._detail,Obtenha uma pontuação de 150.000 ou mais no Live.
mst.mission.2612010._title,Jogue a música selecionada aleatoriamente 3 vezes.
mst.mission.2612010._detail,Jogue a música selecionada aleatoriamente 3 vezes.
mst.mission.2612011._title,Jogue a música selecionada aleatoriamente 5 vezes.
mst.mission.2612011._detail,Jogue a música selecionada no modo de seleção aleatória 5 vezes.
mst.mission.2612012._title,Jogue a música selecionada 10 vezes no modo aleatório.
mst.mission.2612012._detail,Jogue a música selecionada aleatoriamente 10 vezes.
mst.mission.2312101._title,Colete 100 pontos de evento.
mst.mission.2312101._detail,Colete 100 pontos de evento.
mst.mission.2312102._title,Colete 200 pontos de evento.
mst.mission.2312102._detail,Colete 200 pontos de evento.
mst.mission.2312103._title,Colete 1000 pontos de evento.
mst.mission.2312103._detail,Colete 1000 pontos de evento.
mst.mission.2312104._title,Colete 5000 pontos de evento.
mst.mission.2312104._detail,Colete 5000 pontos de evento.
mst.mission.2312105._title,Colete 10000 pontos de evento.
mst.mission.2312105._detail,Colete 10000 pontos de evento.
mst.mission.2312106._title,Complete as músicas de Love Live! Nijigasaki School Idol Club
mst.mission.2312106._detail,Complete as músicas de Love Live! Nijigasaki Gakuen School Idol Club.
mst.mission.2312107._title,Complete 3 músicas de Love Live! Nijigasaki School Idol Club.
mst.mission.2312107._detail,Complete a música de Love Live! Nijigasaki School Idol Club 3 vezes.
mst.mission.2312108._title,Complete 5 músicas de Love Live! Nijigasaki School Idol Club.
mst.mission.2312108._detail,Complete 5 músicas de Love Live! Nijigasaki School Idol Club.
mst.mission.2212109._title,Complete 10 Lives
mst.mission.2212109._detail,Complete 10 Lives.
mst.mission.2212110._title,Complete 20 Lives
mst.mission.2212110._detail,Complete 20 Lives.
mst.mission.2212111._title,Complete 30 Lives
mst.mission.2212111._detail,Complete 30 Lives.
mst.mission.2212112._title,Complete Lives
mst.mission.2212112._detail,Complete Lives.
mst.mission.2212113._title,Complete 50 Lives
mst.mission.2212113._detail,Complete 50 Lives.
mst.mission.2212114._title,Complete 60 Lives
mst.mission.2212114._detail,Complete Lives.
mst.mission.2212115._title,Complete 70 Lives
mst.mission.2212115._detail,Complete 70 Lives.
mst.mission.2212116._title,Complete Lives
mst.mission.2212116._detail,Complete 80 Lives.
mst.mission.2212117._title,Complete 90 Lives
mst.mission.2212117._detail,Complete Lives.
mst.mission.2212118._title,Complete 100 Lives
mst.mission.2212118._detail,Complete 100 Lives.
mst.mission.2212119._title,Complete Lives
mst.mission.2212119._detail,Complete 125 Lives.
mst.mission.2212120._title,Complete Lives
mst.mission.2212120._detail,Complete Lives.
mst.mission.2212121._title,Complete 200 Lives
mst.mission.2212121._detail,Complete 200 Lives.
mst.mission.2212122._title,Complete Lives
mst.mission.2212122._detail,Complete 250 Lives.
mst.mission.2212123._title,Complete 300 Lives
mst.mission.2212123._detail,Complete 300 Lives.
mst.mission.2212124._title,Complete Lives
mst.mission.2212124._detail,Complete Lives.
mst.mission.2212125._title,Complete 400 Lives
mst.mission.2212125._detail,Complete 400 Lives.
mst.mission.2212126._title,Complete Lives
mst.mission.2212126._detail,Complete 450 Lives.
mst.mission.2212127._title,Complete 500 Lives
mst.mission.2212127._detail,Complete 500 Lives.
mst.mission.2212128._title,Complete uma música do evento com combo perfeito.
mst.mission.2212128._detail,Complete uma música do evento com combo perfeito.
mst.mission.2212129._title,"Alcance uma pontuação de 50.000 na dificuldade NORMAL ou superior da música ""Love U my friends (versão para 12 membros)""."
mst.mission.2212129._detail,"Tente alcançar uma pontuação de 50.000 na música ""Love U my friends (versão para 12 membros)"" no nível NORMAL ou superior."
mst.mission.2212130._title,"Alcance uma pontuação de 200.000 na dificuldade HARD ou superior da música ""Love U my friends (versão para 12 membros)""."
mst.mission.2212130._detail,"Tente alcançar uma pontuação de 200.000 na dificuldade HARD ou superior da música ""Love U my friends (versão para 12 membros)""."
mst.mission.2212131._title,"Alcance uma pontuação de 300.000 na dificuldade EXPERT ou superior da música ""Love U my friends (versão para 12 membros)""."
mst.mission.2212131._detail,"Tente alcançar uma pontuação de 300.000 na dificuldade EXPERT ou superior da música ""Love U my friends (versão para 12 membros)""."
mst.mission.2212132._title,Faça login no aplicativo.
mst.mission.2212132._detail,Faça login no aplicativo.
mst.mission.2212133._title,Colete 5000 pontos de evento.
mst.mission.2212133._detail,Colete 5000 pontos de evento.
mst.mission.2212134._title,Colete 12.000 pontos do evento.
mst.mission.2212134._detail,Colete 12000 pontos de evento. ※Oculto.
mst.mission.2212135._title,Colete 20000 pontos de evento ※Oculto
mst.mission.2212135._detail,Colete 20000 pontos de evento. ※Oculto
mst.mission.2212136._title,Colete 30000 de pontos do evento.
mst.mission.2212136._detail,Colete 30000 de pontos do evento. ※Oculto
mst.mission.2712201._title,Colete 100 pontos de evento.
mst.mission.2712201._detail,Colete 100 pontos de evento.
mst.mission.2712202._title,Colete 4000 pontos de evento.
mst.mission.2712202._detail,Colete 4000 pontos de evento.
mst.mission.2712203._title,Colete 8000 pontos de evento.
mst.mission.2712203._detail,Colete 8000 pontos de evento.
mst.mission.2612204._title,Complete um Live em FULL COMBO com dificuldade NORMAL ou superior.
mst.mission.2612204._detail,"Conquiste um Full Combo no Live, em dificuldade NORMAL ou superior."
mst.mission.2612205._title,Faça 3 Full Combos em Lives no nível NORMAL ou superior
mst.mission.2612205._detail,Conquiste o Live 3 vezes no modo NORMAL ou superior.
mst.mission.2612206._title,Complete 5 Lives com Full Combo em NORMAL ou superior
mst.mission.2612206._detail,Conquiste 5 Lives com Full Combo no nível NORMAL ou superior.
mst.mission.2612207._title,Obtenha uma pontuação de 50.000 ou mais em um Live.
mst.mission.2612207._detail,Obtenha uma pontuação de ou mais em um Live.
mst.mission.2612208._title,Obtenha 100.000 pontos ou mais em uma Live.
mst.mission.2612208._detail,Tente completar o Live com uma pontuação de 100.000 ou mais.
mst.mission.2612209._title,Obtenha 150.000 pontos no Live.
mst.mission.2612209._detail,Obtenha uma pontuação de 150.000 ou mais no Live.
mst.mission.2612210._title,Jogue a música selecionada aleatoriamente 3 vezes.
mst.mission.2612210._detail,Jogue a música selecionada aleatoriamente 3 vezes.
mst.mission.2612211._title,Jogue a música selecionada aleatoriamente 5 vezes.
mst.mission.2612211._detail,Jogue a música selecionada no modo de seleção aleatória 5 vezes.
mst.mission.2612212._title,Jogue a música selecionada 10 vezes no modo aleatório.
mst.mission.2612212._detail,Jogue a música selecionada aleatoriamente 10 vezes.
mst.mission.2312301._title,Colete 100 pontos de evento.
mst.mission.2312301._detail,Colete 100 pontos de evento.
mst.mission.2312302._title,Colete 200 pontos de evento.
mst.mission.2312302._detail,Colete 200 pontos de evento.
mst.mission.2312303._title,Colete 1000 pontos de evento.
mst.mission.2312303._detail,Colete 1000 pontos de evento.
mst.mission.2312304._title,Colete 5000 pontos de evento.
mst.mission.2312304._detail,Colete 5000 pontos de evento.
mst.mission.2312305._title,Colete 10000 pontos de evento.
mst.mission.2312305._detail,Colete 10000 pontos de evento.
mst.mission.2312306._title,Complete uma música de Love Live! Sunshine!!.
mst.mission.2312306._detail,Complete uma música de Love Live! Sunshine!!.
mst.mission.2312307._title,Complete 3 músicas de Love Live! Sunshine!!
mst.mission.2312307._detail,Complete 3 músicas de Love Live! Sunshine!!.
mst.mission.2312308._title,Complete 5 músicas de Love Live! Sunshine!!
mst.mission.2312308._detail,Complete 5 músicas de Love Live! Sunshine!!.
mst.mission.2212309._title,Complete 10 Lives
mst.mission.2212309._detail,Complete 10 Lives.
mst.mission.2212310._title,Complete 20 Lives
mst.mission.2212310._detail,Complete 20 Lives.
mst.mission.2212311._title,Complete 30 Lives
mst.mission.2212311._detail,Complete 30 Lives.
mst.mission.2212312._title,Complete Lives
mst.mission.2212312._detail,Complete Lives.
mst.mission.2212313._title,Complete 50 Lives
mst.mission.2212313._detail,Complete 50 Lives.
mst.mission.2212314._title,Complete 60 Lives
mst.mission.2212314._detail,Complete Lives.
mst.mission.2212315._title,Complete 70 Lives
mst.mission.2212315._detail,Complete 70 Lives.
mst.mission.2212316._title,Complete Lives
mst.mission.2212316._detail,Complete 80 Lives.
mst.mission.2212317._title,Complete 90 Lives
mst.mission.2212317._detail,Complete Lives.
mst.mission.2212318._title,Complete 100 Lives
mst.mission.2212318._detail,Complete 100 Lives.
mst.mission.2212319._title,Complete Lives
mst.mission.2212319._detail,Complete 125 Lives.
mst.mission.2212320._title,Complete Lives
mst.mission.2212320._detail,Complete Lives.
mst.mission.2212321._title,Complete 200 Lives
mst.mission.2212321._detail,Complete 200 Lives.
mst.mission.2212322._title,Complete Lives
mst.mission.2212322._detail,Complete 250 Lives.
mst.mission.2212323._title,Complete 300 Lives
mst.mission.2212323._detail,Complete 300 Lives.
mst.mission.2212324._title,Complete Lives
mst.mission.2212324._detail,Complete Lives.
mst.mission.2212325._title,Complete 400 Lives
mst.mission.2212325._detail,Complete 400 Lives.
mst.mission.2212326._title,Complete Lives
mst.mission.2212326._detail,Complete 450 Lives.
mst.mission.2212327._title,Complete 500 Lives
mst.mission.2212327._detail,Complete 500 Lives.
mst.mission.2212328._title,Complete uma música do evento com combo perfeito.
mst.mission.2212328._detail,Complete uma música do evento com combo perfeito.
mst.mission.2212329._title,"Alcance uma pontuação de 50.000 na dificuldade NORMAL ou superior da música ""WATER BLUE NEW WORLD""."
mst.mission.2212329._detail,"Tente alcançar uma pontuação de 50.000 na música ""WATER BLUE NEW WORLD"" no nível NORMAL ou superior."
mst.mission.2212330._title,"Alcance uma pontuação de 200.000 na dificuldade HARD ou superior da música ""WATER BLUE NEW WORLD""."
mst.mission.2212330._detail,"Tente alcançar uma pontuação de 200.000 na dificuldade HARD ou superior da música ""WATER BLUE NEW WORLD""."
mst.mission.2212331._title,"Alcance uma pontuação de 300.000 na dificuldade EXPERT ou superior da música ""WATER BLUE NEW WORLD""."
mst.mission.2212331._detail,"Tente alcançar uma pontuação de 300.000 na dificuldade EXPERT ou superior da música ""WATER BLUE NEW WORLD""."
mst.mission.2712401._title,Colete 100 pontos de evento.
mst.mission.2712401._detail,Colete 100 pontos de evento.
mst.mission.2712402._title,Colete 4000 pontos de evento.
mst.mission.2712402._detail,Colete 4000 pontos de evento.
mst.mission.2712403._title,Colete 8000 pontos de evento.
mst.mission.2712403._detail,Colete 8000 pontos de evento.
mst.mission.2612404._title,Complete um Live em FULL COMBO com dificuldade NORMAL ou superior.
mst.mission.2612404._detail,"Conquiste um Full Combo no Live, em dificuldade NORMAL ou superior."
mst.mission.2612405._title,Faça 3 Full Combos em Lives no nível NORMAL ou superior
mst.mission.2612405._detail,Conquiste o Live 3 vezes no modo NORMAL ou superior.
mst.mission.2612406._title,Complete 5 Lives com Full Combo em NORMAL ou superior
mst.mission.2612406._detail,Conquiste 5 Lives com Full Combo no nível NORMAL ou superior.
mst.mission.2612407._title,Obtenha uma pontuação de 50.000 ou mais em um Live.
mst.mission.2612407._detail,Obtenha uma pontuação de ou mais em um Live.
mst.mission.2612408._title,Obtenha 100.000 pontos ou mais em uma Live.
mst.mission.2612408._detail,Tente completar o Live com uma pontuação de 100.000 ou mais.
mst.mission.2612409._title,Obtenha 150.000 pontos no Live.
mst.mission.2612409._detail,Obtenha uma pontuação de 150.000 ou mais no Live.
mst.mission.2612410._title,Jogue a música selecionada aleatoriamente 3 vezes.
mst.mission.2612410._detail,Jogue a música selecionada aleatoriamente 3 vezes.
mst.mission.2612411._title,Jogue a música selecionada aleatoriamente 5 vezes.
mst.mission.2612411._detail,Jogue a música selecionada no modo de seleção aleatória 5 vezes.
mst.mission.2612412._title,Jogue a música selecionada 10 vezes no modo aleatório.
mst.mission.2612412._detail,Jogue a música selecionada aleatoriamente 10 vezes.
mst.mission.2312501._title,Colete 100 pontos de evento.
mst.mission.2312501._detail,Colete 100 pontos de evento.
mst.mission.2312502._title,Colete 200 pontos de evento.
mst.mission.2312502._detail,Colete 200 pontos de evento.
mst.mission.2312503._title,Colete 1000 pontos de evento.
mst.mission.2312503._detail,Colete 1000 pontos de evento.
mst.mission.2312504._title,Colete 5000 pontos de evento.
mst.mission.2312504._detail,Colete 5000 pontos de evento.
mst.mission.2312505._title,Colete 10000 pontos de evento.
mst.mission.2312505._detail,Colete 10000 pontos de evento.
mst.mission.2312506._title,Complete uma música de Love Live! Superstar!!
mst.mission.2312506._detail,Complete uma música de Love Live! Superstar!!.
mst.mission.2312507._title,Complete vezes
mst.mission.2312507._detail,Complete 3 músicas de Love Live! Superstar!!.
mst.mission.2312508._title,Complete 5 músicas de Love Live! Superstar!!
mst.mission.2312508._detail,Complete 5 músicas de Love Live! Superstar!!.
mst.mission.2212509._title,Complete 10 Lives
mst.mission.2212509._detail,Complete 10 Lives.
mst.mission.2212510._title,Complete 20 Lives
mst.mission.2212510._detail,Complete 20 Lives.
mst.mission.2212511._title,Complete 30 Lives
mst.mission.2212511._detail,Complete 30 Lives.
mst.mission.2212512._title,Complete Lives
mst.mission.2212512._detail,Complete Lives.
mst.mission.2212513._title,Complete 50 Lives
mst.mission.2212513._detail,Complete 50 Lives.
mst.mission.2212514._title,Complete 60 Lives
mst.mission.2212514._detail,Complete Lives.
mst.mission.2212515._title,Complete 70 Lives
mst.mission.2212515._detail,Complete 70 Lives.
mst.mission.2212516._title,Complete Lives
mst.mission.2212516._detail,Complete 80 Lives.
mst.mission.2212517._title,Complete 90 Lives
mst.mission.2212517._detail,Complete Lives.
mst.mission.2212518._title,Complete 100 Lives
mst.mission.2212518._detail,Complete 100 Lives.
mst.mission.2212519._title,Complete Lives
mst.mission.2212519._detail,Complete 125 Lives.
mst.mission.2212520._title,Complete Lives
mst.mission.2212520._detail,Complete Lives.
mst.mission.2212521._title,Complete 200 Lives
mst.mission.2212521._detail,Complete 200 Lives.
mst.mission.2212522._title,Complete Lives
mst.mission.2212522._detail,Complete 250 Lives.
mst.mission.2212523._title,Complete 300 Lives
mst.mission.2212523._detail,Complete 300 Lives.
mst.mission.2212524._title,Complete Lives
mst.mission.2212524._detail,Complete Lives.
mst.mission.2212525._title,Complete 400 Lives
mst.mission.2212525._detail,Complete 400 Lives.
mst.mission.2212526._title,Complete Lives
mst.mission.2212526._detail,Complete 450 Lives.
mst.mission.2212527._title,Complete 500 Lives
mst.mission.2212527._detail,Complete 500 Lives.
mst.mission.2212528._title,Complete uma música do evento com combo perfeito.
mst.mission.2212528._detail,Complete uma música do evento com combo perfeito.
mst.mission.2212529._title,"Alcance uma pontuação de 50.000 na dificuldade NORMAL ou superior da música ""Hajimari wa Kimi no Sora""."
mst.mission.2212529._detail,"Alcance uma pontuação de 50.000 na dificuldade NORMAL ou superior da música ""Hajimari wa Kimi no Sora""."
mst.mission.2212530._title,"Alcance uma pontuação de 200.000 na dificuldade HARD ou superior da música ""Hajimari wa Kimi no Sora""."
mst.mission.2212530._detail,"Tente alcançar uma pontuação de 200.000 na música ""Hajimari wa Kimi no Sora"" com a dificuldade HARD ou superior."
mst.mission.2212531._title,"Alcance uma pontuação de 300.000 na dificuldade EXPERT ou superior da música ""Kimi no Sora ni Hajimari"""
mst.mission.2212531._detail,"Tente alcançar uma pontuação de 300.000 na música ""Hajimari wa Kimi no Sora"" com a dificuldade EXPERT ou superior."
mst.mission.2212532._title,Faça login no aplicativo.
mst.mission.2212532._detail,Faça login no aplicativo.
mst.mission.2212533._title,Colete 5000 pontos de evento.
mst.mission.2212533._detail,Colete 5000 pontos de evento.
mst.mission.2212534._title,Colete 12.000 pontos do evento.
mst.mission.2212534._detail,Colete 12000 pontos de evento. ※Oculto.
mst.mission.2212535._title,Colete 20000 pontos de evento ※Oculto
mst.mission.2212535._detail,Colete 20000 pontos de evento. ※Oculto
mst.mission.2212536._title,Colete 30000 de pontos do evento.
mst.mission.2212536._detail,Colete 30000 de pontos do evento. ※Oculto
mst.mission.2712601._title,Colete 100 pontos de evento.
mst.mission.2712601._detail,Colete 100 pontos de evento.
mst.mission.2712602._title,Colete 4000 pontos de evento.
mst.mission.2712602._detail,Colete 4000 pontos de evento.
mst.mission.2712603._title,Colete 8000 pontos de evento.
mst.mission.2712603._detail,Colete 8000 pontos de evento.
mst.mission.2612604._title,Complete um Live em FULL COMBO com dificuldade NORMAL ou superior.
mst.mission.2612604._detail,"Conquiste um Full Combo no Live, em dificuldade NORMAL ou superior."
mst.mission.2612605._title,Faça 3 Full Combos em Lives no nível NORMAL ou superior
mst.mission.2612605._detail,Conquiste o Live 3 vezes no modo NORMAL ou superior.
mst.mission.2612606._title,Complete 5 Lives com Full Combo em NORMAL ou superior
mst.mission.2612606._detail,Conquiste 5 Lives com Full Combo no nível NORMAL ou superior.
mst.mission.2612607._title,Obtenha uma pontuação de 50.000 ou mais em um Live.
mst.mission.2612607._detail,Obtenha uma pontuação de ou mais em um Live.
mst.mission.2612608._title,Obtenha 100.000 pontos ou mais em uma Live.
mst.mission.2612608._detail,Tente completar o Live com uma pontuação de 100.000 ou mais.
mst.mission.2612609._title,Obtenha 150.000 pontos no Live.
mst.mission.2612609._detail,Obtenha uma pontuação de 150.000 ou mais no Live.
mst.mission.2612610._title,Jogue a música selecionada aleatoriamente 3 vezes.
mst.mission.2612610._detail,Jogue a música selecionada aleatoriamente 3 vezes.
mst.mission.2612611._title,Jogue a música selecionada aleatoriamente 5 vezes.
mst.mission.2612611._detail,Jogue a música selecionada no modo de seleção aleatória 5 vezes.
mst.mission.2612612._title,Jogue a música selecionada 10 vezes no modo aleatório.
mst.mission.2612612._detail,Jogue a música selecionada aleatoriamente 10 vezes.
mst.mission.3712701._title,Colete 10 pontos de evento.
mst.mission.3712701._detail,Colete 10 pontos de evento.
mst.mission.3712702._title,Colete 20 pontos de evento.
mst.mission.3712702._detail,Colete 20 pontos de evento.
mst.mission.3712703._title,Colete 100 pontos de evento.
mst.mission.3712703._detail,Colete 100 pontos de evento.
mst.mission.3712704._title,Colete 500 pontos de evento.
mst.mission.3712704._detail,Colete 500 pontos de evento.
mst.mission.3712705._title,Colete 1000 pontos de evento.
mst.mission.3712705._detail,Colete 1000 pontos de evento.
mst.mission.3712706._title,Compartilhe a partir do topo do evento Star Challenge
mst.mission.3712706._detail,Compartilhe a partir da página principal do Star Challenge Event.
mst.mission.3612707._title,Complete 10 Lives
mst.mission.3612707._detail,Complete 10 Lives.
mst.mission.3612708._title,Complete 20 Lives
mst.mission.3612708._detail,Complete 20 Lives.
mst.mission.3612709._title,Complete 30 Lives
mst.mission.3612709._detail,Complete 30 Lives.
mst.mission.3612710._title,Complete Lives
mst.mission.3612710._detail,Complete Lives.
mst.mission.3612711._title,Complete 50 Lives
mst.mission.3612711._detail,Complete 50 Lives.
mst.mission.3612712._title,Complete 60 Lives
mst.mission.3612712._detail,Complete Lives.
mst.mission.3612713._title,Complete 70 Lives
mst.mission.3612713._detail,Complete 70 Lives.
mst.mission.3612714._title,Complete Lives
mst.mission.3612714._detail,Complete 80 Lives.
mst.mission.3612715._title,Complete 90 Lives
mst.mission.3612715._detail,Complete Lives.
mst.mission.3612716._title,Complete 100 Lives
mst.mission.3612716._detail,Complete 100 Lives.
mst.mission.2712801._title,Colete 100 pontos de evento.
mst.mission.2712801._detail,Colete 100 pontos de evento.
mst.mission.2712802._title,Colete 4000 pontos de evento.
mst.mission.2712802._detail,Colete 4000 pontos de evento.
mst.mission.2712803._title,Colete 8000 pontos de evento.
mst.mission.2712803._detail,Colete 8000 pontos de evento.
mst.mission.2612804._title,Complete um Live em FULL COMBO com dificuldade NORMAL ou superior.
mst.mission.2612804._detail,"Conquiste um Full Combo no Live, em dificuldade NORMAL ou superior."
mst.mission.2612805._title,Faça 3 Full Combos em Lives no nível NORMAL ou superior
mst.mission.2612805._detail,Conquiste o Live 3 vezes no modo NORMAL ou superior.
mst.mission.2612806._title,Complete 5 Lives com Full Combo em NORMAL ou superior
mst.mission.2612806._detail,Conquiste 5 Lives com Full Combo no nível NORMAL ou superior.
mst.mission.2612807._title,Obtenha uma pontuação de 50.000 ou mais em um Live.
mst.mission.2612807._detail,Obtenha uma pontuação de ou mais em um Live.
mst.mission.2612808._title,Obtenha 100.000 pontos ou mais em uma Live.
mst.mission.2612808._detail,Tente completar o Live com uma pontuação de 100.000 ou mais.
mst.mission.2612809._title,Obtenha 150.000 pontos no Live.
mst.mission.2612809._detail,Obtenha uma pontuação de 150.000 ou mais no Live.
mst.mission.2612810._title,Jogue a música selecionada aleatoriamente 3 vezes.
mst.mission.2612810._detail,Jogue a música selecionada aleatoriamente 3 vezes.
mst.mission.2612811._title,Jogue a música selecionada aleatoriamente 5 vezes.
mst.mission.2612811._detail,Jogue a música selecionada no modo de seleção aleatória 5 vezes.
mst.mission.2612812._title,Jogue a música selecionada 10 vezes no modo aleatório.
mst.mission.2612812._detail,Jogue a música selecionada aleatoriamente 10 vezes.
mst.mission.2312901._title,Colete 100 pontos de evento.
mst.mission.2312901._detail,Colete 100 pontos de evento.
mst.mission.2312902._title,Colete 200 pontos de evento.
mst.mission.2312902._detail,Colete 200 pontos de evento.
mst.mission.2312903._title,Colete 1000 pontos de evento.
mst.mission.2312903._detail,Colete 1000 pontos de evento.
mst.mission.2312904._title,Colete 5000 pontos de evento.
mst.mission.2312904._detail,Colete 5000 pontos de evento.
mst.mission.2312905._title,Colete 10000 pontos de evento.
mst.mission.2312905._detail,Colete 10000 pontos de evento.
mst.mission.2312906._title,Complete uma música de Love Live!
mst.mission.2312906._detail,Complete músicas de Love Live!
mst.mission.2312907._title,Complete 3 músicas de Love Live!
mst.mission.2312907._detail,Complete 3 músicas de Love Live!
mst.mission.2312908._title,Complete vezes
mst.mission.2312908._detail,Complete vezes.
mst.mission.2212909._title,Complete 10 Lives
mst.mission.2212909._detail,Complete 10 Lives.
mst.mission.2212910._title,Complete 20 Lives
mst.mission.2212910._detail,Complete 20 Lives.
mst.mission.2212911._title,Complete 30 Lives
mst.mission.2212911._detail,Complete 30 Lives.
mst.mission.2212912._title,Complete Lives
mst.mission.2212912._detail,Complete Lives.
mst.mission.2212913._title,Complete 50 Lives
mst.mission.2212913._detail,Complete 50 Lives.
mst.mission.2212914._title,Complete 60 Lives
mst.mission.2212914._detail,Complete Lives.
mst.mission.2212915._title,Complete 70 Lives
mst.mission.2212915._detail,Complete 70 Lives.
mst.mission.2212916._title,Complete Lives
mst.mission.2212916._detail,Complete 80 Lives.
mst.mission.2212917._title,Complete 90 Lives
mst.mission.2212917._detail,Complete Lives.
mst.mission.2212918._title,Complete 100 Lives
mst.mission.2212918._detail,Complete 100 Lives.
mst.mission.2212919._title,Complete Lives
mst.mission.2212919._detail,Complete 125 Lives.
mst.mission.2212920._title,Complete Lives
mst.mission.2212920._detail,Complete Lives.
mst.mission.2212921._title,Complete 200 Lives
mst.mission.2212921._detail,Complete 200 Lives.
mst.mission.2212922._title,Complete Lives
mst.mission.2212922._detail,Complete 250 Lives.
mst.mission.2212923._title,Complete 300 Lives
mst.mission.2212923._detail,Complete 300 Lives.
mst.mission.2212924._title,Complete Lives
mst.mission.2212924._detail,Complete Lives.
mst.mission.2212925._title,Complete 400 Lives
mst.mission.2212925._detail,Complete 400 Lives.
mst.mission.2212926._title,Complete Lives
mst.mission.2212926._detail,Complete 450 Lives.
mst.mission.2212927._title,Complete 500 Lives
mst.mission.2212927._detail,Complete 500 Lives.
mst.mission.2212928._title,Complete uma música do evento com combo perfeito.
mst.mission.2212928._detail,Complete uma música do evento com combo perfeito.
mst.mission.2212929._title,"Alcance uma pontuação de 50.000 na dificuldade NORMAL ou superior da música ""baby maybe 恋のボタン""."
mst.mission.2212929._detail,"Tente alcançar uma pontuação de 50.000 na música ""baby maybe 恋のボタン"" no nível NORMAL ou superior."
mst.mission.2212930._title,"Alcance uma pontuação de 200.000 na dificuldade HARD ou superior da música ""baby maybe 恋のボタン""."
mst.mission.2212930._detail,"Tente alcançar uma pontuação de 200.000 na música ""baby maybe 恋のボタン"" no nível HARD ou superior."
mst.mission.2212931._title,"Alcance uma pontuação de 300.000 na dificuldade EXPERT ou superior da música ""baby maybe 恋のボタン""."
mst.mission.2212931._detail,"Alcance uma pontuação de 300.000 na dificuldade EXPERT ou superior da música ""baby maybe 恋のボタン""."
mst.mission.2212932._title,Faça login no aplicativo.
mst.mission.2212932._detail,Faça login no aplicativo.
mst.mission.2212933._title,Colete 5000 pontos de evento.
mst.mission.2212933._detail,Colete 5000 pontos de evento.
mst.mission.2212934._title,Colete 12.000 pontos do evento.
mst.mission.2212934._detail,Colete 12000 pontos de evento. ※Oculto.
mst.mission.2212935._title,Colete 20000 pontos de evento ※Oculto
mst.mission.2212935._detail,Colete 20000 pontos de evento. ※Oculto
mst.mission.2212936._title,Colete 30000 de pontos do evento.
mst.mission.2212936._detail,Colete 30000 de pontos do evento. ※Oculto
mst.mission.2713001._title,Colete 100 pontos de evento.
mst.mission.2713001._detail,Colete 100 pontos de evento.
mst.mission.2713002._title,Colete 4000 pontos de evento.
mst.mission.2713002._detail,Colete 4000 pontos de evento.
mst.mission.2713003._title,Colete 8000 pontos de evento.
mst.mission.2713003._detail,Colete 8000 pontos de evento.
mst.mission.2613004._title,Complete um Live em FULL COMBO com dificuldade NORMAL ou superior.
mst.mission.2613004._detail,"Conquiste um Full Combo no Live, em dificuldade NORMAL ou superior."
mst.mission.2613005._title,Faça 3 Full Combos em Lives no nível NORMAL ou superior
mst.mission.2613005._detail,Conquiste o Live 3 vezes no modo NORMAL ou superior.
mst.mission.2613006._title,Complete 5 Lives com Full Combo em NORMAL ou superior
mst.mission.2613006._detail,Conquiste 5 Lives com Full Combo no nível NORMAL ou superior.
mst.mission.2613007._title,Obtenha uma pontuação de 50.000 ou mais em um Live.
mst.mission.2613007._detail,Obtenha uma pontuação de ou mais em um Live.
mst.mission.2613008._title,Obtenha 100.000 pontos ou mais em uma Live.
mst.mission.2613008._detail,Tente completar o Live com uma pontuação de 100.000 ou mais.
mst.mission.2613009._title,Obtenha 150.000 pontos no Live.
mst.mission.2613009._detail,Obtenha uma pontuação de 150.000 ou mais no Live.
mst.mission.2613010._title,Jogue a música selecionada aleatoriamente 3 vezes.
mst.mission.2613010._detail,Jogue a música selecionada aleatoriamente 3 vezes.
mst.mission.2613011._title,Jogue a música selecionada aleatoriamente 5 vezes.
mst.mission.2613011._detail,Jogue a música selecionada no modo de seleção aleatória 5 vezes.
mst.mission.2613012._title,Jogue a música selecionada 10 vezes no modo aleatório.
mst.mission.2613012._detail,Jogue a música selecionada aleatoriamente 10 vezes.
mst.mission.2513101._title,Colete 800 pontos de evento.
mst.mission.2513101._detail,Colete 800 pontos de evento.
mst.mission.2513102._title,Colete 1500 pontos de evento.
mst.mission.2513102._detail,Colete 1500 pontos de evento.
mst.mission.2513103._title,Colete 7500 pontos de evento.
mst.mission.2513103._detail,Colete 7500 pontos de evento.
mst.mission.2513104._title,Colete 15000 pontos de evento.
mst.mission.2513104._detail,Colete 15000 pontos de evento.
mst.mission.2513105._title,Colete 100 pontos de evento.
mst.mission.2513105._detail,Colete 100 pontos de evento.
mst.mission.2513106._title,Colete 150 pontos de evento.
mst.mission.2513106._detail,Colete 150 pontos de evento.
mst.mission.2513107._title,Colete 2500 pontos de evento.
mst.mission.2513107._detail,Colete 2500 pontos de evento.
mst.mission.2413108._title,Complete 7 Lives como Membro de Apoio
mst.mission.2413108._detail,Complete 7 Lives como Membro de Apoio.
mst.mission.2413109._title,Complete 10 Lives como Membro de Apoio
mst.mission.2413109._detail,Complete 10 Lives como Membro de Apoio.
mst.mission.2413110._title,Complete 20 Lives como Membro de Apoio
mst.mission.2413110._detail,Complete 20 Lives como Membro de Apoio.
mst.mission.2413111._title,Complete 30 Lives como Membro de Apoio
mst.mission.2413111._detail,Complete 30 Lives como Membro de Apoio.
mst.mission.2413112._title,Complete 10 Lives
mst.mission.2413112._detail,Complete 10 Lives.
mst.mission.2413113._title,Complete 20 Lives
mst.mission.2413113._detail,Complete 20 Lives.
mst.mission.2413114._title,Complete 30 Lives
mst.mission.2413114._detail,Complete 30 Lives.
mst.mission.2413115._title,Complete Lives
mst.mission.2413115._detail,Complete Lives.
mst.mission.2413116._title,Complete 50 Lives
mst.mission.2413116._detail,Complete 50 Lives.
mst.mission.2413117._title,Complete 60 Lives
mst.mission.2413117._detail,Complete Lives.
mst.mission.2413118._title,Complete 70 Lives
mst.mission.2413118._detail,Complete 70 Lives.
mst.mission.2413119._title,Complete Lives
mst.mission.2413119._detail,Complete 80 Lives.
mst.mission.2413120._title,Complete 90 Lives
mst.mission.2413120._detail,Complete Lives.
mst.mission.2413121._title,Complete 100 Lives
mst.mission.2413121._detail,Complete 100 Lives.
mst.mission.2413122._title,Conquiste 5 vezes o 3º lugar no Live Cooperativo
mst.mission.2413122._detail,Conquiste o 3º lugar ou superior 5 vezes no Live cooperativo.
mst.mission.2413123._title,Conquiste 2º lugar ou superior 3 vezes no Live cooperativo
mst.mission.2413123._detail,Conquiste o 2º lugar ou superior em 3 Lives cooperativas.
mst.mission.2413124._title,Conquiste o 1º lugar no Live!
mst.mission.2413124._detail,Conquiste o 1º lugar no Live cooperativo.
mst.mission.2413125._title,Complete Live com 4 ou mais jogadores.
mst.mission.2413125._detail,Complete Lives com 4 ou mais jogadores.
mst.mission.2413126._title,Complete 3 Lives com 4 ou mais jogadores.
mst.mission.2413126._detail,Complete 3 Lives com 4 ou mais jogadores.
mst.mission.2413127._title,Complete 5 Co-op Lives com 4 ou mais jogadores.
mst.mission.2413127._detail,Complete 5 Lives com 4 ou mais jogadores.
mst.mission.2413128._title,Complete 10 Live com 4 ou mais jogadores.
mst.mission.2413128._detail,Complete 10 Live com 4 ou mais jogadores.
mst.mission.2413129._title,Complete 20 Live com 4 ou mais jogadores.
mst.mission.2413129._detail,Complete 20 Co-op Lives com 4 ou mais jogadores.
mst.mission.2413130._title,Complete 30 Co-op Lives com 4 ou mais jogadores.
mst.mission.2413130._detail,Complete 30 Co-op Lives com 4 ou mais jogadores.
mst.mission.2713201._title,Colete 100 pontos de evento.
mst.mission.2713201._detail,Colete 100 pontos de evento.
mst.mission.2713202._title,Colete 4000 pontos de evento.
mst.mission.2713202._detail,Colete 4000 pontos de evento.
mst.mission.2713203._title,Colete 8000 pontos de evento.
mst.mission.2713203._detail,Colete 8000 pontos de evento.
mst.mission.2613204._title,Complete um Live em FULL COMBO com dificuldade NORMAL ou superior.
mst.mission.2613204._detail,"Conquiste um Full Combo no Live, em dificuldade NORMAL ou superior."
mst.mission.2613205._title,Faça 3 Full Combos em Lives no nível NORMAL ou superior
mst.mission.2613205._detail,Conquiste o Live 3 vezes no modo NORMAL ou superior.
mst.mission.2613206._title,Complete 5 Lives com Full Combo em NORMAL ou superior
mst.mission.2613206._detail,Conquiste 5 Lives com Full Combo no nível NORMAL ou superior.
mst.mission.2613207._title,Obtenha uma pontuação de 50.000 ou mais em um Live.
mst.mission.2613207._detail,Obtenha uma pontuação de ou mais em um Live.
mst.mission.2613208._title,Obtenha 100.000 pontos ou mais em uma Live.
mst.mission.2613208._detail,Tente completar o Live com uma pontuação de 100.000 ou mais.
mst.mission.2613209._title,Obtenha 150.000 pontos no Live.
mst.mission.2613209._detail,Obtenha uma pontuação de 150.000 ou mais no Live.
mst.mission.2613210._title,Jogue a música selecionada aleatoriamente 3 vezes.
mst.mission.2613210._detail,Jogue a música selecionada aleatoriamente 3 vezes.
mst.mission.2613211._title,Jogue a música selecionada aleatoriamente 5 vezes.
mst.mission.2613211._detail,Jogue a música selecionada no modo de seleção aleatória 5 vezes.
mst.mission.2613212._title,Jogue a música selecionada 10 vezes no modo aleatório.
mst.mission.2613212._detail,Jogue a música selecionada aleatoriamente 10 vezes.
mst.mission.2313301._title,Colete 100 pontos de evento.
mst.mission.2313301._detail,Colete 100 pontos de evento.
mst.mission.2313302._title,Colete 200 pontos de evento.
mst.mission.2313302._detail,Colete 200 pontos de evento.
mst.mission.2313303._title,Colete 1000 pontos de evento.
mst.mission.2313303._detail,Colete 1000 pontos de evento.
mst.mission.2313304._title,Colete 5000 pontos de evento.
mst.mission.2313304._detail,Colete 5000 pontos de evento.
mst.mission.2313305._title,Colete 10000 pontos de evento.
mst.mission.2313305._detail,Colete 10000 pontos de evento.
mst.mission.2313306._title,Complete uma música de Love Live! Sunshine!!.
mst.mission.2313306._detail,Complete uma música de Love Live! Sunshine!!.
mst.mission.2313307._title,Complete 3 músicas de Love Live! Sunshine!!
mst.mission.2313307._detail,Complete 3 músicas de Love Live! Sunshine!!.
mst.mission.2313308._title,Complete 5 músicas de Love Live! Sunshine!!
mst.mission.2313308._detail,Complete 5 músicas de Love Live! Sunshine!!.
mst.mission.2213309._title,Complete 10 Lives
mst.mission.2213309._detail,Complete 10 Lives.
mst.mission.2213310._title,Complete 20 Lives
mst.mission.2213310._detail,Complete 20 Lives.
mst.mission.2213311._title,Complete 30 Lives
mst.mission.2213311._detail,Complete 30 Lives.
mst.mission.2213312._title,Complete Lives
mst.mission.2213312._detail,Complete Lives.
mst.mission.2213313._title,Complete 50 Lives
mst.mission.2213313._detail,Complete 50 Lives.
mst.mission.2213314._title,Complete 60 Lives
mst.mission.2213314._detail,Complete Lives.
mst.mission.2213315._title,Complete 70 Lives
mst.mission.2213315._detail,Complete 70 Lives.
mst.mission.2213316._title,Complete Lives
mst.mission.2213316._detail,Complete 80 Lives.
mst.mission.2213317._title,Complete 90 Lives
mst.mission.2213317._detail,Complete Lives.
mst.mission.2213318._title,Complete 100 Lives
mst.mission.2213318._detail,Complete 100 Lives.
mst.mission.2213319._title,Complete Lives
mst.mission.2213319._detail,Complete 125 Lives.
mst.mission.2213320._title,Complete Lives
mst.mission.2213320._detail,Complete Lives.
mst.mission.2213321._title,Complete 200 Lives
mst.mission.2213321._detail,Complete 200 Lives.
mst.mission.2213322._title,Complete Lives
mst.mission.2213322._detail,Complete 250 Lives.
mst.mission.2213323._title,Complete 300 Lives
mst.mission.2213323._detail,Complete 300 Lives.
mst.mission.2213324._title,Complete Lives
mst.mission.2213324._detail,Complete Lives.
mst.mission.2213325._title,Complete 400 Lives
mst.mission.2213325._detail,Complete 400 Lives.
mst.mission.2213326._title,Complete Lives
mst.mission.2213326._detail,Complete 450 Lives.
mst.mission.2213327._title,Complete 500 Lives
mst.mission.2213327._detail,Complete 500 Lives.
mst.mission.2213328._title,Complete uma música do evento com combo perfeito.
mst.mission.2213328._detail,Complete uma música do evento com combo perfeito.
mst.mission.2213329._title,"Alcance uma pontuação de 50.000 na dificuldade NORMAL ou superior da música ""Aozora Jumping Heart""."
mst.mission.2213329._detail,"Tente alcançar uma pontuação de 50.000 na música ""Aozora Jumping Heart"" no nível NORMAL ou superior."
mst.mission.2213330._title,"Alcance uma pontuação de 200.000 na dificuldade HARD ou superior da música ""青空Jumping Heart""."
mst.mission.2213330._detail,"Tente alcançar uma pontuação de 200.000 na música ""Aozora Jumping Heart"" no nível HARD ou superior."
mst.mission.2213331._title,"Alcance uma pontuação de 300.000 na dificuldade EXPERT ou superior da música ""Aozora Jumping Heart""."
mst.mission.2213331._detail,"Tente alcançar uma pontuação de 300.000 na dificuldade EXPERT ou superior da música ""青空Jumping Heart""."
mst.mission.2213332._title,Faça login no aplicativo.
mst.mission.2213332._detail,Faça login no aplicativo.
mst.mission.2213333._title,Colete 5000 pontos de evento.
mst.mission.2213333._detail,Colete 5000 pontos de evento.
mst.mission.2213334._title,Colete 12.000 pontos do evento.
mst.mission.2213334._detail,Colete 12000 pontos de evento. ※Oculto.
mst.mission.2213335._title,Colete 20000 pontos de evento ※Oculto
mst.mission.2213335._detail,Colete 20000 pontos de evento. ※Oculto
mst.mission.2213336._title,Colete 30000 de pontos do evento.
mst.mission.2213336._detail,Colete 30000 de pontos do evento. ※Oculto
mst.mission.2713401._title,Colete 100 pontos de evento.
mst.mission.2713401._detail,Colete 100 pontos de evento.
mst.mission.2713402._title,Colete 4000 pontos de evento.
mst.mission.2713402._detail,Colete 4000 pontos de evento.
mst.mission.2713403._title,Colete 8000 pontos de evento.
mst.mission.2713403._detail,Colete 8000 pontos de evento.
mst.mission.2613404._title,Complete um Live em FULL COMBO com dificuldade NORMAL ou superior.
mst.mission.2613404._detail,"Conquiste um Full Combo no Live, em dificuldade NORMAL ou superior."
mst.mission.2613405._title,Faça 3 Full Combos em Lives no nível NORMAL ou superior
mst.mission.2613405._detail,Conquiste o Live 3 vezes no modo NORMAL ou superior.
mst.mission.2613406._title,Complete 5 Lives com Full Combo em NORMAL ou superior
mst.mission.2613406._detail,Conquiste 5 Lives com Full Combo no nível NORMAL ou superior.
mst.mission.2613407._title,Obtenha uma pontuação de 50.000 ou mais em um Live.
mst.mission.2613407._detail,Obtenha uma pontuação de ou mais em um Live.
mst.mission.2613408._title,Obtenha 100.000 pontos ou mais em uma Live.
mst.mission.2613408._detail,Tente completar o Live com uma pontuação de 100.000 ou mais.
mst.mission.2613409._title,Obtenha 150.000 pontos no Live.
mst.mission.2613409._detail,Obtenha uma pontuação de 150.000 ou mais no Live.
mst.mission.2613410._title,Jogue a música selecionada aleatoriamente 3 vezes.
mst.mission.2613410._detail,Jogue a música selecionada aleatoriamente 3 vezes.
mst.mission.2613411._title,Jogue a música selecionada aleatoriamente 5 vezes.
mst.mission.2613411._detail,Jogue a música selecionada no modo de seleção aleatória 5 vezes.
mst.mission.2613412._title,Jogue a música selecionada 10 vezes no modo aleatório.
mst.mission.2613412._detail,Jogue a música selecionada aleatoriamente 10 vezes.
mst.mission.3713501._title,Colete 10 pontos de evento.
mst.mission.3713501._detail,Colete 10 pontos de evento.
mst.mission.3713502._title,Colete 20 pontos de evento.
mst.mission.3713502._detail,Colete 20 pontos de evento.
mst.mission.3713503._title,Colete 100 pontos de evento.
mst.mission.3713503._detail,Colete 100 pontos de evento.
mst.mission.3713504._title,Colete 500 pontos de evento.
mst.mission.3713504._detail,Colete 500 pontos de evento.
mst.mission.3713505._title,Colete 1000 pontos de evento.
mst.mission.3713505._detail,Colete 1000 pontos de evento.
mst.mission.3713506._title,Complete um Live
mst.mission.3713506._detail,Complete um Live.
mst.mission.3713507._title,Complete 3 Lives
mst.mission.3713507._detail,Complete 3 Lives.
mst.mission.3713508._title,Complete 5 Lives
mst.mission.3713508._detail,Complete 5 Lives.
mst.mission.3713509._title,Complete 10 Lives
mst.mission.3713509._detail,Complete 10 Lives.
mst.mission.3713510._title,Compartilhe a partir do topo do evento Star Challenge
mst.mission.3713510._detail,Compartilhe a partir da página principal do Star Challenge Event.
mst.mission.3613511._title,Complete 10 Lives
mst.mission.3613511._detail,Complete 10 Lives.
mst.mission.3613512._title,Complete 20 Lives
mst.mission.3613512._detail,Complete 20 Lives.
mst.mission.3613513._title,Complete 30 Lives
mst.mission.3613513._detail,Complete 30 Lives.
mst.mission.3613514._title,Complete Lives
mst.mission.3613514._detail,Complete Lives.
mst.mission.3613515._title,Complete 50 Lives
mst.mission.3613515._detail,Complete 50 Lives.
mst.mission.3613516._title,Complete 60 Lives
mst.mission.3613516._detail,Complete Lives.
mst.mission.3613517._title,Complete 70 Lives
mst.mission.3613517._detail,Complete 70 Lives.
mst.mission.3613518._title,Complete Lives
mst.mission.3613518._detail,Complete 80 Lives.
mst.mission.3613519._title,Complete 90 Lives
mst.mission.3613519._detail,Complete Lives.
mst.mission.3613520._title,Complete 100 Lives
mst.mission.3613520._detail,Complete 100 Lives.
mst.mission.2713601._title,Colete 100 pontos de evento.
mst.mission.2713601._detail,Colete 100 pontos de evento.
mst.mission.2713602._title,Colete 4000 pontos de evento.
mst.mission.2713602._detail,Colete 4000 pontos de evento.
mst.mission.2713603._title,Colete 8000 pontos de evento.
mst.mission.2713603._detail,Colete 8000 pontos de evento.
mst.mission.2613604._title,Complete um Live em FULL COMBO com dificuldade NORMAL ou superior.
mst.mission.2613604._detail,"Conquiste um Full Combo no Live, em dificuldade NORMAL ou superior."
mst.mission.2613605._title,Faça 3 Full Combos em Lives no nível NORMAL ou superior
mst.mission.2613605._detail,Conquiste o Live 3 vezes no modo NORMAL ou superior.
mst.mission.2613606._title,Complete 5 Lives com Full Combo em NORMAL ou superior
mst.mission.2613606._detail,Conquiste 5 Lives com Full Combo no nível NORMAL ou superior.
mst.mission.2613607._title,Obtenha uma pontuação de 50.000 ou mais em um Live.
mst.mission.2613607._detail,Obtenha uma pontuação de ou mais em um Live.
mst.mission.2613608._title,Obtenha 100.000 pontos ou mais em uma Live.
mst.mission.2613608._detail,Tente completar o Live com uma pontuação de 100.000 ou mais.
mst.mission.2613609._title,Obtenha 150.000 pontos no Live.
mst.mission.2613609._detail,Obtenha uma pontuação de 150.000 ou mais no Live.
mst.mission.2613610._title,Jogue a música selecionada aleatoriamente 3 vezes.
mst.mission.2613610._detail,Jogue a música selecionada aleatoriamente 3 vezes.
mst.mission.2613611._title,Jogue a música selecionada aleatoriamente 5 vezes.
mst.mission.2613611._detail,Jogue a música selecionada no modo de seleção aleatória 5 vezes.
mst.mission.2613612._title,Jogue a música selecionada 10 vezes no modo aleatório.
mst.mission.2613612._detail,Jogue a música selecionada aleatoriamente 10 vezes.
mst.mission.2313701._title,Colete 100 pontos de evento.
mst.mission.2313701._detail,Colete 100 pontos de evento.
mst.mission.2313702._title,Colete 200 pontos de evento.
mst.mission.2313702._detail,Colete 200 pontos de evento.
mst.mission.2313703._title,Colete 1000 pontos de evento.
mst.mission.2313703._detail,Colete 1000 pontos de evento.
mst.mission.2313704._title,Colete 5000 pontos de evento.
mst.mission.2313704._detail,Colete 5000 pontos de evento.
mst.mission.2313705._title,Colete 10000 pontos de evento.
mst.mission.2313705._detail,Colete 10000 pontos de evento.
mst.mission.2313706._title,Complete as músicas de Love Live! Nijigasaki School Idol Club
mst.mission.2313706._detail,Complete as músicas de Love Live! Nijigasaki Gakuen School Idol Club.
mst.mission.2313707._title,Complete 3 músicas de Love Live! Nijigasaki School Idol Club.
mst.mission.2313707._detail,Complete a música de Love Live! Nijigasaki School Idol Club 3 vezes.
mst.mission.2313708._title,Complete 5 músicas de Love Live! Nijigasaki School Idol Club.
mst.mission.2313708._detail,Complete 5 músicas de Love Live! Nijigasaki School Idol Club.
mst.mission.2213709._title,Complete 10 Lives
mst.mission.2213709._detail,Complete 10 Lives.
mst.mission.2213710._title,Complete 20 Lives
mst.mission.2213710._detail,Complete 20 Lives.
mst.mission.2213711._title,Complete 30 Lives
mst.mission.2213711._detail,Complete 30 Lives.
mst.mission.2213712._title,Complete Lives
mst.mission.2213712._detail,Complete Lives.
mst.mission.2213713._title,Complete 50 Lives
mst.mission.2213713._detail,Complete 50 Lives.
mst.mission.2213714._title,Complete 60 Lives
mst.mission.2213714._detail,Complete Lives.
mst.mission.2213715._title,Complete 70 Lives
mst.mission.2213715._detail,Complete 70 Lives.
mst.mission.2213716._title,Complete Lives
mst.mission.2213716._detail,Complete 80 Lives.
mst.mission.2213717._title,Complete 90 Lives
mst.mission.2213717._detail,Complete Lives.
mst.mission.2213718._title,Complete 100 Lives
mst.mission.2213718._detail,Complete 100 Lives.
mst.mission.2213719._title,Complete Lives
mst.mission.2213719._detail,Complete 125 Lives.
mst.mission.2213720._title,Complete Lives
mst.mission.2213720._detail,Complete Lives.
mst.mission.2213721._title,Complete 200 Lives
mst.mission.2213721._detail,Complete 200 Lives.
mst.mission.2213722._title,Complete Lives
mst.mission.2213722._detail,Complete 250 Lives.
mst.mission.2213723._title,Complete 300 Lives
mst.mission.2213723._detail,Complete 300 Lives.
mst.mission.2213724._title,Complete Lives
mst.mission.2213724._detail,Complete Lives.
mst.mission.2213725._title,Complete 400 Lives
mst.mission.2213725._detail,Complete 400 Lives.
mst.mission.2213726._title,Complete Lives
mst.mission.2213726._detail,Complete 450 Lives.
mst.mission.2213727._title,Complete 500 Lives
mst.mission.2213727._detail,Complete 500 Lives.
mst.mission.2213728._title,Complete uma música do evento com combo perfeito.
mst.mission.2213728._detail,Complete uma música do evento com combo perfeito.
mst.mission.2213729._title,"Alcance uma pontuação de 50.000 na dificuldade NORMAL ou superior da música ""TOKIMEKI Runners""."
mst.mission.2213729._detail,"Tente alcançar uma pontuação de 50.000 na música ""TOKIMEKI Runners"" no nível NORMAL ou superior."
mst.mission.2213730._title,"Alcance uma pontuação de 200.000 na dificuldade HARD ou superior da música ""TOKIMEKI Runners"""
mst.mission.2213730._detail,"Tente alcançar uma pontuação de 200.000 na música ""TOKIMEKI Runners"" no nível HARD ou superior."
mst.mission.2213731._title,"Alcance uma pontuação de 300.000 na dificuldade EXPERT ou superior da música ""TOKIMEKI Runners"""
mst.mission.2213731._detail,"Tente alcançar uma pontuação de 300.000 na dificuldade EXPERT ou superior da música ""TOKIMEKI Runners""."
mst.mission.2213732._title,Faça login no aplicativo.
mst.mission.2213732._detail,Faça login no aplicativo.
mst.mission.2213733._title,Colete 5000 pontos de evento.
mst.mission.2213733._detail,Colete 5000 pontos de evento.
mst.mission.2213734._title,Colete 12.000 pontos do evento.
mst.mission.2213734._detail,Colete 12000 pontos de evento. ※Oculto.
mst.mission.2213735._title,Colete 20000 pontos de evento ※Oculto
mst.mission.2213735._detail,Colete 20000 pontos de evento. ※Oculto
mst.mission.2213736._title,Colete 30000 de pontos do evento.
mst.mission.2213736._detail,Colete 30000 de pontos do evento. ※Oculto
mst.mission.2713801._title,Colete 100 pontos de evento.
mst.mission.2713801._detail,Colete 100 pontos de evento.
mst.mission.2713802._title,Colete 4000 pontos de evento.
mst.mission.2713802._detail,Colete 4000 pontos de evento.
mst.mission.2713803._title,Colete 8000 pontos de evento.
mst.mission.2713803._detail,Colete 8000 pontos de evento.
mst.mission.2613804._title,Complete um Live em FULL COMBO com dificuldade NORMAL ou superior.
mst.mission.2613804._detail,"Conquiste um Full Combo no Live, em dificuldade NORMAL ou superior."
mst.mission.2613805._title,Faça 3 Full Combos em Lives no nível NORMAL ou superior
mst.mission.2613805._detail,Conquiste o Live 3 vezes no modo NORMAL ou superior.
mst.mission.2613806._title,Complete 5 Lives com Full Combo em NORMAL ou superior
mst.mission.2613806._detail,Conquiste 5 Lives com Full Combo no nível NORMAL ou superior.
mst.mission.2613807._title,Obtenha uma pontuação de 50.000 ou mais em um Live.
mst.mission.2613807._detail,Obtenha uma pontuação de ou mais em um Live.
mst.mission.2613808._title,Obtenha 100.000 pontos ou mais em uma Live.
mst.mission.2613808._detail,Tente completar o Live com uma pontuação de 100.000 ou mais.
mst.mission.2613809._title,Obtenha 150.000 pontos no Live.
mst.mission.2613809._detail,Obtenha uma pontuação de 150.000 ou mais no Live.
mst.mission.2613810._title,Jogue a música selecionada aleatoriamente 3 vezes.
mst.mission.2613810._detail,Jogue a música selecionada aleatoriamente 3 vezes.
mst.mission.2613811._title,Jogue a música selecionada aleatoriamente 5 vezes.
mst.mission.2613811._detail,Jogue a música selecionada no modo de seleção aleatória 5 vezes.
mst.mission.2613812._title,Jogue a música selecionada 10 vezes no modo aleatório.
mst.mission.2613812._detail,Jogue a música selecionada aleatoriamente 10 vezes.
mst.mission.3713901._title,Colete 10 pontos de evento.
mst.mission.3713901._detail,Colete 10 pontos de evento.
mst.mission.3713902._title,Colete 20 pontos de evento.
mst.mission.3713902._detail,Colete 20 pontos de evento.
mst.mission.3713903._title,Colete 100 pontos de evento.
mst.mission.3713903._detail,Colete 100 pontos de evento.
mst.mission.3713904._title,Colete 500 pontos de evento.
mst.mission.3713904._detail,Colete 500 pontos de evento.
mst.mission.3713905._title,Colete 1000 pontos de evento.
mst.mission.3713905._detail,Colete 1000 pontos de evento.
mst.mission.3713906._title,Complete um Live
mst.mission.3713906._detail,Complete um Live.
mst.mission.3713907._title,Complete 3 Lives
mst.mission.3713907._detail,Complete 3 Lives.
mst.mission.3713908._title,Complete 5 Lives
mst.mission.3713908._detail,Complete 5 Lives.
mst.mission.3713909._title,Complete 10 Lives
mst.mission.3713909._detail,Complete 10 Lives.
mst.mission.3713910._title,Compartilhe a partir do topo do evento Star Challenge
mst.mission.3713910._detail,Compartilhe a partir da página principal do Star Challenge Event.
mst.mission.3613911._title,Complete 10 Lives
mst.mission.3613911._detail,Complete 10 Lives.
mst.mission.3613912._title,Complete 20 Lives
mst.mission.3613912._detail,Complete 20 Lives.
mst.mission.3613913._title,Complete 30 Lives
mst.mission.3613913._detail,Complete 30 Lives.
mst.mission.3613914._title,Complete Lives
mst.mission.3613914._detail,Complete Lives.
mst.mission.3613915._title,Complete 50 Lives
mst.mission.3613915._detail,Complete 50 Lives.
mst.mission.3613916._title,Complete 60 Lives
mst.mission.3613916._detail,Complete Lives.
mst.mission.3613917._title,Complete 70 Lives
mst.mission.3613917._detail,Complete 70 Lives.
mst.mission.3613918._title,Complete Lives
mst.mission.3613918._detail,Complete 80 Lives.
mst.mission.3613919._title,Complete 90 Lives
mst.mission.3613919._detail,Complete Lives.
mst.mission.3613920._title,Complete 100 Lives
mst.mission.3613920._detail,Complete 100 Lives.
mst.mission.2714001._title,Colete 100 pontos de evento.
mst.mission.2714001._detail,Colete 100 pontos de evento.
mst.mission.2714002._title,Colete 4000 pontos de evento.
mst.mission.2714002._detail,Colete 4000 pontos de evento.
mst.mission.2714003._title,Colete 8000 pontos de evento.
mst.mission.2714003._detail,Colete 8000 pontos de evento.
mst.mission.2614004._title,Complete um Live em FULL COMBO com dificuldade NORMAL ou superior.
mst.mission.2614004._detail,"Conquiste um Full Combo no Live, em dificuldade NORMAL ou superior."
mst.mission.2614005._title,Faça 3 Full Combos em Lives no nível NORMAL ou superior
mst.mission.2614005._detail,Conquiste o Live 3 vezes no modo NORMAL ou superior.
mst.mission.2614006._title,Complete 5 Lives com Full Combo em NORMAL ou superior
mst.mission.2614006._detail,Conquiste 5 Lives com Full Combo no nível NORMAL ou superior.
mst.mission.2614007._title,Obtenha uma pontuação de 50.000 ou mais em um Live.
mst.mission.2614007._detail,Obtenha uma pontuação de ou mais em um Live.
mst.mission.2614008._title,Obtenha 100.000 pontos ou mais em uma Live.
mst.mission.2614008._detail,Tente completar o Live com uma pontuação de 100.000 ou mais.
mst.mission.2614009._title,Obtenha 150.000 pontos no Live.
mst.mission.2614009._detail,Obtenha uma pontuação de 150.000 ou mais no Live.
mst.mission.2614010._title,Jogue a música selecionada aleatoriamente 3 vezes.
mst.mission.2614010._detail,Jogue a música selecionada aleatoriamente 3 vezes.
mst.mission.2614011._title,Jogue a música selecionada aleatoriamente 5 vezes.
mst.mission.2614011._detail,Jogue a música selecionada no modo de seleção aleatória 5 vezes.
mst.mission.2614012._title,Jogue a música selecionada 10 vezes no modo aleatório.
mst.mission.2614012._detail,Jogue a música selecionada aleatoriamente 10 vezes.
mst.mission.2314101._title,Colete 100 pontos de evento.
mst.mission.2314101._detail,Colete 100 pontos de evento.
mst.mission.2314102._title,Colete 200 pontos de evento.
mst.mission.2314102._detail,Colete 200 pontos de evento.
mst.mission.2314103._title,Colete 1000 pontos de evento.
mst.mission.2314103._detail,Colete 1000 pontos de evento.
mst.mission.2314104._title,Colete 5000 pontos de evento.
mst.mission.2314104._detail,Colete 5000 pontos de evento.
mst.mission.2314105._title,Colete 10000 pontos de evento.
mst.mission.2314105._detail,Colete 10000 pontos de evento.
mst.mission.2314106._title,Complete uma música de Love Live! Superstar!!
mst.mission.2314106._detail,Complete uma música de Love Live! Superstar!!.
mst.mission.2314107._title,Complete vezes
mst.mission.2314107._detail,Complete 3 músicas de Love Live! Superstar!!.
mst.mission.2314108._title,Complete 5 músicas de Love Live! Superstar!!
mst.mission.2314108._detail,Complete 5 músicas de Love Live! Superstar!!.
mst.mission.2214109._title,Complete 10 Lives
mst.mission.2214109._detail,Complete 10 Lives.
mst.mission.2214110._title,Complete 20 Lives
mst.mission.2214110._detail,Complete 20 Lives.
mst.mission.2214111._title,Complete 30 Lives
mst.mission.2214111._detail,Complete 30 Lives.
mst.mission.2214112._title,Complete Lives
mst.mission.2214112._detail,Complete Lives.
mst.mission.2214113._title,Complete 50 Lives
mst.mission.2214113._detail,Complete 50 Lives.
mst.mission.2214114._title,Complete 60 Lives
mst.mission.2214114._detail,Complete Lives.
mst.mission.2214115._title,Complete 70 Lives
mst.mission.2214115._detail,Complete 70 Lives.
mst.mission.2214116._title,Complete Lives
mst.mission.2214116._detail,Complete 80 Lives.
mst.mission.2214117._title,Complete 90 Lives
mst.mission.2214117._detail,Complete Lives.
mst.mission.2214118._title,Complete 100 Lives
mst.mission.2214118._detail,Complete 100 Lives.
mst.mission.2214119._title,Complete Lives
mst.mission.2214119._detail,Complete 125 Lives.
mst.mission.2214120._title,Complete Lives
mst.mission.2214120._detail,Complete Lives.
mst.mission.2214121._title,Complete 200 Lives
mst.mission.2214121._detail,Complete 200 Lives.
mst.mission.2214122._title,Complete Lives
mst.mission.2214122._detail,Complete 250 Lives.
mst.mission.2214123._title,Complete 300 Lives
mst.mission.2214123._detail,Complete 300 Lives.
mst.mission.2214124._title,Complete Lives
mst.mission.2214124._detail,Complete Lives.
mst.mission.2214125._title,Complete 400 Lives
mst.mission.2214125._detail,Complete 400 Lives.
mst.mission.2214126._title,Complete Lives
mst.mission.2214126._detail,Complete 450 Lives.
mst.mission.2214127._title,Complete 500 Lives
mst.mission.2214127._detail,Complete 500 Lives.
mst.mission.2214128._title,Complete uma música do evento com combo perfeito.
mst.mission.2214128._detail,Complete uma música do evento com combo perfeito.
mst.mission.2214129._title,"Alcance uma pontuação de 50.000 na dificuldade NORMAL ou superior da música ""Nonfiction!!"""
mst.mission.2214129._detail,"Tente alcançar uma pontuação de 50.000 na música ""Nonfiction!!"" no nível NORMAL ou superior."
mst.mission.2214130._title,"Alcance uma pontuação de 200.000 na dificuldade HARD ou superior da música ""Nonfiction!!"""
mst.mission.2214130._detail,"Tente alcançar uma pontuação de 200.000 na dificuldade HARD ou superior da música ""Nonfiction!!"""
mst.mission.2214131._title,"Tente obter uma pontuação de 300.000 na dificuldade EXPERT ou superior da música ""Nonfiction!!"""
mst.mission.2214131._detail,"Tente alcançar uma pontuação de 300.000 na dificuldade EXPERT ou superior da música ""Nonfiction!!"""
mst.mission.2214132._title,Faça login no aplicativo.
mst.mission.2214132._detail,Faça login no aplicativo.
mst.mission.2214133._title,Colete 5000 pontos de evento.
mst.mission.2214133._detail,Colete 5000 pontos de evento.
mst.mission.2214134._title,Colete 12.000 pontos do evento.
mst.mission.2214134._detail,Colete 12000 pontos de evento. ※Oculto.
mst.mission.2214135._title,Colete 20000 pontos de evento ※Oculto
mst.mission.2214135._detail,Colete 20000 pontos de evento. ※Oculto
mst.mission.2214136._title,Colete 30000 de pontos do evento.
mst.mission.2214136._detail,Colete 30000 de pontos do evento. ※Oculto
mst.mission.1653001._title,Faça login.
mst.mission.1653001._detail,Faça login
mst.mission.1605001._title,Complete um Live
mst.mission.1605001._detail,Complete um Live.
mst.mission.1662001._title,Jogue a música selecionada na seleção aleatória.
mst.mission.1662001._detail,Toque a música selecionada na lista aleatória.
mst.mission.1663001._title,Faça um Recrutamento de itens.
mst.mission.1663001._detail,Faça um Recrutamento.
mst.mission.1660001._title,"Na Formação, faça com que a soma dos atributos seja maior ou igual a 27500."
mst.mission.1660001._detail,"Na Formação, some os atributos N para atingir 27500 ou mais."
mst.mission.1614001._title,Aumente o nível das Idols.
mst.mission.1614001._detail,Aumente o nível de alguma Idol para 2 ou mais.
mst.mission.1666001._title,Defina as opções de Live.
mst.mission.1666001._detail,Defina as opções de Live.
mst.mission.1658001._title,Aumente o Laço de uma Idol para 10.
mst.mission.1658001._detail,Aumente o Laço para 10 ou mais.
mst.mission.1661001._title,Edite a personalização da tela inicial.
mst.mission.1661001._detail,Edite a personalização da tela inicial.
mst.mission.1653002._title,Faça login por 2 dias.
mst.mission.1653002._detail,Faça login por 2 dias.
mst.mission.1605002._title,Complete 10 Lives
mst.mission.1605002._detail,Complete 10 Lives.
mst.mission.1665001._title,Defina a lista recomendada.
mst.mission.1665001._detail,Defina uma lista recomendada.
mst.mission.1664001._title,Aumente o nível de habilidade da Idol
mst.mission.1664001._detail,Eleve o nível de habilidade da Idol para ou mais.
mst.mission.1658002._title,Aumente o Laço de alguma Idol para 20.
mst.mission.1658002._detail,Aumente o Laço para 20 ou mais.
mst.mission.1630001._title,Monte uma formação com 5 membros do mesmo Atributo.
mst.mission.1630001._detail,Crie um deck com pelo menos 5 membros do tipo „-”.
mst.mission.1606001._title,Defina o consumo de LP em 2x
mst.mission.1606001._detail,Defina o consumo de LP em dobro.
mst.mission.1614002._title,Eleve 3 Idols ao nível 20 ou superior
mst.mission.1614002._detail,Eleve 3 Idols ao nível 20 ou superior.
mst.mission.1663002._title,Faça Recrutamentos de itens.
mst.mission.1663002._detail,Faça 20 Recrutamentos.
mst.mission.1653003._title,Faça login por 3 dias.
mst.mission.1653003._detail,Faça login por 3 dias.
mst.mission.1605003._title,Complete 20 Lives
mst.mission.1605003._detail,Complete 20 Lives.
mst.mission.1660002._title,Aumente a soma dos atributos em Formação para 29000 ou mais.
mst.mission.1660002._detail,"Na Formação, faça com que a soma dos atributos N seja de pelo menos 29000."
mst.mission.1617001._title,Desperte uma Idol
mst.mission.1617001._detail,Desperte qualquer Idol.
mst.mission.1658003._title,Aumente o Laço de uma Idol para 30.
mst.mission.1658003._detail,Aumente o Laço para 30 ou mais.
mst.mission.1625001._title,Prepare a transferência de conta.
mst.mission.1625001._detail,Prepare a conta para transferência.
mst.mission.1614003._title,Eleve 5 Idols ao nível 30 ou mais
mst.mission.1614003._detail,Eleve 5 Idols ao nível 30 ou superior.
mst.mission.1664002._title,Aumente o nível de habilidade de 3 cartas para 2 ou mais.
mst.mission.1664002._detail,Eleve 3 Idols ao nível de habilidade ou superior.
mst.mission.1626001._title,Siga a conta oficial do Twitter
mst.mission.1626001._detail,Siga a conta oficial do Twitter.
mst.mission.2900001._title,Complete 5 Lives
mst.mission.2900001._detail,Complete 5 Lives.
mst.mission.2900002._title,Complete 10 Lives
mst.mission.2900002._detail,Complete 10 Lives.
mst.mission.2900003._title,Complete 15 Lives
mst.mission.2900003._detail,Complete 15 Lives.
mst.mission.2900004._title,Complete 20 Lives
mst.mission.2900004._detail,Complete 20 Lives.
mst.mission.2900005._title,Complete 25 Lives
mst.mission.2900005._detail,Complete 25 Lives.
mst.mission.2900006._title,Complete 30 Lives
mst.mission.2900006._detail,Complete 30 Lives.
mst.mission.2900007._title,Complete Lives
mst.mission.2900007._detail,Complete Lives.
mst.mission.2900008._title,Complete Lives
mst.mission.2900008._detail,Complete Lives.
mst.mission.2900009._title,Complete Lives
mst.mission.2900009._detail,Complete Lives.
mst.mission.2900010._title,Complete 50 Lives
mst.mission.2900010._detail,Complete 50 Lives.
mst.mission.2900011._title,Complete Lives
mst.mission.2900011._detail,Complete Lives.
mst.mission.2900012._title,Complete 60 Lives
mst.mission.2900012._detail,Complete Lives.
mst.mission.2900013._title,Complete Lives
mst.mission.2900013._detail,Complete Lives.
mst.mission.2900014._title,Complete 70 Lives
mst.mission.2900014._detail,Complete 70 Lives.
mst.mission.2900015._title,Complete Lives
mst.mission.2900015._detail,Complete 75 Lives.
mst.mission.2900016._title,Complete Lives
mst.mission.2900016._detail,Complete 80 Lives.
mst.mission.2900017._title,Complete Lives
mst.mission.2900017._detail,Complete Lives.
mst.mission.2900018._title,Complete 90 Lives
mst.mission.2900018._detail,Complete Lives.
mst.mission.2900019._title,Complete Lives
mst.mission.2900019._detail,Complete Lives.
mst.mission.2900020._title,Complete 100 Lives
mst.mission.2900020._detail,Complete 100 Lives.
mst.mission.2900021._title,Complete Lives
mst.mission.2900021._detail,Complete Lives.
mst.mission.2900022._title,Complete Lives
mst.mission.2900022._detail,Complete Lives.
mst.mission.2900023._title,Complete Lives
mst.mission.2900023._detail,Complete Lives.
mst.mission.2900024._title,Complete Lives
mst.mission.2900024._detail,Complete Lives.
mst.mission.2900025._title,Complete Lives
mst.mission.2900025._detail,Complete Lives.
mst.mission.2900026._title,Complete Lives
mst.mission.2900026._detail,Complete Lives.
mst.mission.2900027._title,Complete Lives
mst.mission.2900027._detail,Complete 170 Lives.
mst.mission.2900028._title,Complete Lives
mst.mission.2900028._detail,Complete 180 Lives.
mst.mission.2900029._title,Complete Lives
mst.mission.2900029._detail,Complete Lives.
mst.mission.2900030._title,Complete 200 Lives
mst.mission.2900030._detail,Complete 200 Lives.
mst.mission.2900031._title,Complete Lives
mst.mission.2900031._detail,Complete Lives.
mst.mission.2900032._title,Complete Lives
mst.mission.2900032._detail,Complete Lives.
mst.mission.2900033._title,Complete Lives
mst.mission.2900033._detail,Complete Lives.
mst.mission.2900034._title,Complete Lives
mst.mission.2900034._detail,Complete Lives.
mst.mission.2900035._title,Complete Lives
mst.mission.2900035._detail,Complete 250 Lives.
mst.mission.2900036._title,Complete Lives
mst.mission.2900036._detail,Complete 260 Lives.
mst.mission.2900037._title,Complete Lives
mst.mission.2900037._detail,Complete 270 Lives.
mst.mission.2900038._title,Complete Lives
mst.mission.2900038._detail,Complete 280 Lives.
mst.mission.2900039._title,Complete Lives
mst.mission.2900039._detail,Complete 290 Lives.
mst.mission.2900040._title,Complete 300 Lives
mst.mission.2900040._detail,Complete 300 Lives.
mst.mission.2900041._title,Complete 5 Lives com Full Combo em NORMAL ou superior
mst.mission.2900041._detail,Conquiste 5 Lives com Full Combo no nível NORMAL ou superior.
mst.mission.2900042._title,Faça 10 Full Combos em Lives no nível NORMAL ou superior
mst.mission.2900042._detail,Conquiste 10 Lives com Full Combo no nível NORMAL ou superior.
mst.mission.2900043._title,Complete 15 Lives com dificuldade NORMAL ou superior.
mst.mission.2900043._detail,Conquiste 15 Lives com Full Combo no nível NORMAL ou superior.
mst.mission.2900044._title,Complete 20 Lives com dificuldade NORMAL ou superior.
mst.mission.2900044._detail,Conquiste 20 Lives com Full Combo no nível NORMAL ou superior.
mst.mission.2900045._title,Complete 25 Lives com dificuldade NORMAL ou superior.
mst.mission.2900045._detail,Complete 25 Lives com Full Combo no nível NORMAL ou superior.
mst.mission.2900046._title,Complete 30 Lives com Full Combo no nível NORMAL ou superior.
mst.mission.2900046._detail,Complete 30 Lives com Full Combo no nível NORMAL ou superior.
mst.mission.2900047._title,Complete vezes.
mst.mission.2900047._detail,Complete 10 músicas de Love Live!
mst.mission.2900048._title,Complete 20 músicas de Love Live!
mst.mission.2900048._detail,Complete 20 músicas de Love Live!
mst.mission.2900049._title,Complete vezes.
mst.mission.2900049._detail,Complete músicas de Love Live!
mst.mission.2900050._title,Complete vezes.
mst.mission.2900050._detail,Complete músicas de Love Live!
mst.mission.2900051._title,Complete vezes.
mst.mission.2900051._detail,Complete músicas de Love Live!
mst.mission.2900052._title,Complete músicas de Love Live! Sunshine!!
mst.mission.2900052._detail,Complete músicas de Love Live! Sunshine!!
mst.mission.2900053._title,Complete vezes.
mst.mission.2900053._detail,Complete 20 músicas de Love Live! Sunshine!!.
mst.mission.2900054._title,Complete vezes.
mst.mission.2900054._detail,Complete 30 músicas de Love Live! Sunshine!!.
mst.mission.2900055._title,Complete músicas de Love Live! Sunshine!! 40 vezes.
mst.mission.2900055._detail,Complete 40 músicas de Love Live! Sunshine!!.
mst.mission.2900056._title,Complete vezes.
mst.mission.2900056._detail,Complete músicas de Love Live! Sunshine!!
mst.mission.2900057._title,Complete músicas de Love Live! Nijigasaki School Idol Club 10 vezes.
mst.mission.2900057._detail,Complete 10 músicas de Love Live! Nijigasaki School Idol Club.
mst.mission.2900058._title,Complete 20 músicas de Love Live! Nijigasaki School Idol Club.
mst.mission.2900058._detail,Complete 20 músicas do Love Live! Nijigasaki School Idol Club.
mst.mission.2900059._title,Complete músicas de Love Live! Nijigasaki School Idol Club 30 vezes.
mst.mission.2900059._detail,Complete 30 músicas do Love Live! Nijigasaki School Idol Club.
mst.mission.2900060._title,Complete músicas de Love Live! Nijigasaki School Idol Club 40 vezes.
mst.mission.2900060._detail,Complete músicas de Love Live! Nijigasaki School Idol Club.
mst.mission.2900061._title,Complete músicas de Love Live! Nijigasaki School Idol Club 50 vezes.
mst.mission.2900061._detail,Complete músicas de Love Live! Nijigasaki School Idol Club.
mst.mission.2900062._title,Complete músicas de Love Live! Superstar!!
mst.mission.2900062._detail,Complete 10 músicas de Love Live! Superstars!!.
mst.mission.2900063._title,Complete 20 músicas de Love Live! Superstars!!
mst.mission.2900063._detail,Complete 20 músicas de Love Live! Superstar!!.
mst.mission.2900064._title,Complete músicas de Love Live! Superstar!!
mst.mission.2900064._detail,Complete músicas de Love Live! Superstar!!
mst.mission.2900065._title,Complete músicas de Love Live! Superstar!!
mst.mission.2900065._detail,Complete músicas de Love Live! Superstar!!
mst.mission.2900066._title,Complete 50 músicas de Love Live! Superstar!!
mst.mission.2900066._detail,Complete músicas de Love Live! Superstar!!
mst.mission.2900067._title,Complete músicas do Love Live! Nijigasaki High School Idol Club 10 vezes.
mst.mission.2900067._detail,Complete 10 músicas de Love Live! Nijigasaki Girls High School Idol Club.
mst.mission.3000068._title,Faça login.
mst.mission.3000068._detail,Faça login
mst.mission.3000069._title,Complete 5 Lives
mst.mission.3000069._detail,Complete 5 Lives.
mst.mission.3000070._title,Faça login.
mst.mission.3000070._detail,Faça login
mst.mission.3000071._title,Complete um Live
mst.mission.3000071._detail,Complete um Live.
mst.mission.3000072._title,Complete 2 Lives
mst.mission.3000072._detail,Complete 2 Lives.
mst.mission.3000073._title,Complete 3 Lives
mst.mission.3000073._detail,Complete 3 Lives.
mst.mission.3200074._title,Faça login.
mst.mission.3200074._detail,Faça login
mst.mission.3200075._title,"Alcance uma pontuação de 50.000 na dificuldade NORMAL ou superior da música ""Dancing stars on me!"""
mst.mission.3200075._detail,"Obtenha uma pontuação de 50.000 na música ""Dancing stars on me!"" no nível NORMAL ou superior."
mst.mission.3200076._title,"Alcance uma pontuação de 50.000 na dificuldade NORMAL ou superior da música ""Aqours Pirates Desire""."
mst.mission.3200076._detail,"Tente alcançar uma pontuação de 50.000 na música ""Aqours Pirates Desire"" no nível NORMAL ou superior."
mst.mission.3200077._title,"Alcance uma pontuação de 50.000 na dificuldade NORMAL ou superior da música ""Maze Town""."
mst.mission.3200077._detail,Tente alcançar uma pontuação de 50.000 na música “Maze Town” no nível NORMAL ou superior.
mst.mission.3200078._title,"Alcance uma pontuação de 50.000 na dificuldade NORMAL ou superior da música ""Utopia Magic""."
mst.mission.3200078._detail,"Tente alcançar uma pontuação de 50.000 na dificuldade NORMAL ou superior da música ""Utopia Magic""."
mst.mission.3300079._title,Complete 5 Lives
mst.mission.3300079._detail,Complete 5 Lives.
mst.mission.3300080._title,Complete 10 Lives
mst.mission.3300080._detail,Complete 10 Lives.
mst.mission.3300081._title,Complete 15 Lives
mst.mission.3300081._detail,Complete 15 Lives.
mst.mission.3300082._title,Complete 20 Lives
mst.mission.3300082._detail,Complete 20 Lives.
mst.mission.3300083._title,Complete 25 Lives
mst.mission.3300083._detail,Complete 25 Lives.
mst.mission.3300084._title,Complete 30 Lives
mst.mission.3300084._detail,Complete 30 Lives.
mst.mission.3300085._title,Jogue a música selecionada na seleção aleatória.
mst.mission.3300085._detail,Toque a música selecionada na lista aleatória.
mst.mission.3300086._title,Jogue a música selecionada duas vezes no modo aleatório.
mst.mission.3300086._detail,Jogue a música selecionada duas vezes no modo de seleção automática.
mst.mission.3300087._title,Jogue a música selecionada aleatoriamente 3 vezes.
mst.mission.3300087._detail,Jogue a música selecionada aleatoriamente 3 vezes.
mst.mission.2800088._title,Faça login.
mst.mission.2800088._detail,Faça login
mst.mission.2800089._title,Complete 3 Lives
mst.mission.2800089._detail,Complete 3 Lives.
mst.mission.2900090._title,Complete 10 Lives
mst.mission.2900090._detail,Complete 10 Lives.
mst.mission.3000091._title,Faça login.
mst.mission.3000091._detail,Faça login
mst.mission.3000092._title,Complete um Live
mst.mission.3000092._detail,Complete um Live.
mst.mission.3000093._title,Complete 3 Lives
mst.mission.3000093._detail,Complete 3 Lives.
mst.mission.3100094._title,Complete vezes.
mst.mission.3100094._detail,Complete 10 músicas de Love Live!
mst.mission.3100095._title,Complete músicas de Love Live! Sunshine!!
mst.mission.3100095._detail,Complete músicas de Love Live! Sunshine!!
mst.mission.3100096._title,Complete músicas de Love Live! Nijigasaki School Idol Club 10 vezes.
mst.mission.3100096._detail,Complete 10 músicas de Love Live! Nijigasaki School Idol Club.
mst.mission.3100097._title,Complete músicas de Love Live! Superstar!!
mst.mission.3100097._detail,Complete 10 músicas de Love Live! Superstars!!.
mst.mission.3100098._title,Complete 20 músicas de Love Live!
mst.mission.3100098._detail,Complete 20 músicas de Love Live!
mst.mission.3100099._title,Complete vezes.
mst.mission.3100099._detail,Complete 20 músicas de Love Live! Sunshine!!.
mst.mission.3100100._title,Complete 20 músicas de Love Live! Nijigasaki School Idol Club.
mst.mission.3100100._detail,Complete 20 músicas do Love Live! Nijigasaki School Idol Club.
mst.mission.3100101._title,Complete 20 músicas de Love Live! Superstars!!
mst.mission.3100101._detail,Complete 20 músicas de Love Live! Superstar!!.
mst.mission.3100102._title,Complete vezes.
mst.mission.3100102._detail,Complete músicas de Love Live!
mst.mission.3100103._title,Complete vezes.
mst.mission.3100103._detail,Complete 30 músicas de Love Live! Sunshine!!.
mst.mission.3100104._title,Complete músicas de Love Live! Nijigasaki School Idol Club 30 vezes.
mst.mission.3100104._detail,Complete 30 músicas do Love Live! Nijigasaki School Idol Club.
mst.mission.3100105._title,Complete músicas de Love Live! Superstar!!
mst.mission.3100105._detail,Complete músicas de Love Live! Superstar!!
mst.mission.3200106._title,Faça login.
mst.mission.3200106._detail,Faça login
mst.mission.3200107._title,"Alcance uma pontuação de 50.000 na dificuldade NORMAL ou superior da música ""Aki no Anata no Sora Tooku""."
mst.mission.3200107._detail,"Obtenha uma pontuação de 50.000 na música ""Aki no Anata no Sora Tooku"" com dificuldade NORMAL ou superior."
mst.mission.3200108._title,"Alcance uma pontuação de 50.000 na dificuldade NORMAL ou superior da música ""Aqours Pirates Desire""."
mst.mission.3200108._detail,"Tente alcançar uma pontuação de 50.000 na música ""Aqours Pirates Desire"" no nível NORMAL ou superior."
mst.mission.3200109._title,"Obtenha uma pontuação de 50.000 na dificuldade NORMAL ou superior da música ""Beautiful Moonlight""."
mst.mission.3200109._detail,"Tente obter uma pontuação de 50.000 ou mais na dificuldade NORMAL ou superior da música ""Beautiful Moonlight""."
mst.mission.3200110._title,"Alcance uma pontuação de 50.000 na dificuldade NORMAL ou superior da música ""Chance Day, Chance Way!""."
mst.mission.3200110._detail,"Alcance uma pontuação de 50.000 na dificuldade NORMAL ou superior da música ""Chance Day, Chance Way!""."
mst.mission.3300111._title,Complete 5 Lives
mst.mission.3300111._detail,Complete 5 Lives.
mst.mission.3300112._title,Complete 10 Lives
mst.mission.3300112._detail,Complete 10 Lives.
mst.mission.3300113._title,Complete 15 Lives
mst.mission.3300113._detail,Complete 15 Lives.
mst.mission.3300114._title,Complete 20 Lives
mst.mission.3300114._detail,Complete 20 Lives.
mst.mission.3300115._title,Complete 25 Lives
mst.mission.3300115._detail,Complete 25 Lives.
mst.mission.3300116._title,Complete 30 Lives
mst.mission.3300116._detail,Complete 30 Lives.
mst.mission.2800117._title,Faça login.
mst.mission.2800117._detail,Faça login
mst.mission.2800118._title,Complete 3 Lives
mst.mission.2800118._detail,Complete 3 Lives.
mst.mission.2900119._title,Complete 10 Lives
mst.mission.2900119._detail,Complete 10 Lives.
mst.mission.3000120._title,Faça login.
mst.mission.3000120._detail,Faça login
mst.mission.3000121._title,Complete 3 Lives
mst.mission.3000121._detail,Complete 3 Lives.
mst.mission.3100122._title,Complete 10 Lives
mst.mission.3100122._detail,Complete 10 Lives.
mst.mission.3300123._title,Complete um Live
mst.mission.3300123._detail,Complete um Live.
mst.mission.3300124._title,Complete 2 Lives
mst.mission.3300124._detail,Complete 2 Lives.
mst.mission.3300125._title,Complete 3 Lives
mst.mission.3300125._detail,Complete 3 Lives.
mst.mission.3300126._title,Complete 4 Lives
mst.mission.3300126._detail,Complete 4 Lives.
mst.mission.3300127._title,Complete 5 Lives
mst.mission.3300127._detail,Complete 5 Lives.
mst.mission.3300128._title,Complete Lives
mst.mission.3300128._detail,Complete 6 Lives.
mst.mission.3300129._title,Complete Lives
mst.mission.3300129._detail,Complete 8 Lives.
mst.mission.3300130._title,Complete 10 Lives
mst.mission.3300130._detail,Complete 10 Lives.
mst.mission.3300131._title,Complete Lives
mst.mission.3300131._detail,Complete Lives.
mst.mission.3300132._title,Complete 15 Lives
mst.mission.3300132._detail,Complete 15 Lives.
mst.mission.3300133._title,Complete Lives
mst.mission.3300133._detail,Complete 18 Lives.
mst.mission.3300134._title,Complete Lives
mst.mission.3300134._detail,Complete Lives.
mst.mission.3300135._title,Complete Lives
mst.mission.3300135._detail,Complete Lives.
mst.mission.3300136._title,Complete Lives
mst.mission.3300136._detail,Complete Lives.
mst.mission.3300137._title,Complete 30 Lives
mst.mission.3300137._detail,Complete 30 Lives.
mst.mission.3300138._title,Complete Lives
mst.mission.3300138._detail,Complete Lives.
mst.mission.3300139._title,Complete Lives
mst.mission.3300139._detail,Complete Lives.
mst.mission.3300140._title,Complete Lives
mst.mission.3300140._detail,Complete Lives.
mst.mission.3300141._title,Complete Lives
mst.mission.3300141._detail,Complete Lives.
mst.mission.3300142._title,Complete 50 Lives
mst.mission.3300142._detail,Complete 50 Lives.
mst.mission.3300143._title,Complete Lives
mst.mission.3300143._detail,Complete Lives.
mst.mission.3300144._title,Complete 60 Lives
mst.mission.3300144._detail,Complete Lives.
mst.mission.3300145._title,Complete Lives
mst.mission.3300145._detail,Complete Lives.
mst.mission.3300146._title,Complete 70 Lives
mst.mission.3300146._detail,Complete 70 Lives.
mst.mission.3300147._title,Complete Lives
mst.mission.3300147._detail,Complete 75 Lives.
mst.mission.3300148._title,Complete Lives
mst.mission.3300148._detail,Complete 80 Lives.
mst.mission.3300149._title,Complete Lives
mst.mission.3300149._detail,Complete Lives.
mst.mission.3300150._title,Complete 90 Lives
mst.mission.3300150._detail,Complete Lives.
mst.mission.3300151._title,Complete Lives
mst.mission.3300151._detail,Complete Lives.
mst.mission.3300152._title,Complete 100 Lives
mst.mission.3300152._detail,Complete 100 Lives.
mst.mission.3300153._title,Complete Lives
mst.mission.3300153._detail,Complete Lives.
mst.mission.3300154._title,Complete Lives
mst.mission.3300154._detail,Complete Lives.
mst.mission.3300155._title,Complete Lives
mst.mission.3300155._detail,Complete Lives.
mst.mission.3300156._title,Complete Lives
mst.mission.3300156._detail,Complete Lives.
mst.mission.3300157._title,Complete Lives
mst.mission.3300157._detail,Complete 125 Lives.
mst.mission.3300158._title,Complete Lives
mst.mission.3300158._detail,Complete Lives.
mst.mission.3300159._title,Complete Lives
mst.mission.3300159._detail,Complete Lives.
mst.mission.3300160._title,Complete Lives
mst.mission.3300160._detail,Complete Lives.
mst.mission.3300161._title,Complete Lives
mst.mission.3300161._detail,Complete Lives.
mst.mission.3300162._title,Complete Lives
mst.mission.3300162._detail,Complete Lives.
mst.mission.3300163._title,Complete um Live em FULL COMBO com dificuldade NORMAL ou superior.
mst.mission.3300163._detail,"Conquiste um Full Combo no Live, em dificuldade NORMAL ou superior."
mst.mission.3300164._title,Faça 3 Full Combos em Lives no nível NORMAL ou superior
mst.mission.3300164._detail,Conquiste o Live 3 vezes no modo NORMAL ou superior.
mst.mission.3300165._title,Faça 6 Full Combos em Lives no nível NORMAL ou superior.
mst.mission.3300165._detail,Conquiste 6 Lives com Full Combo no nível NORMAL ou superior.
mst.mission.3300166._title,Complete Lives com Full Combo no nível NORMAL ou superior.
mst.mission.3300166._detail,Conquiste 9 Lives com dificuldade NORMAL ou superior.
mst.mission.3300167._title,Complete Lives com Full Combo no nível NORMAL ou superior.
mst.mission.3300167._detail,Conquiste 12 Lives com Full Combo no nível NORMAL ou superior.
mst.mission.3300168._title,Complete 15 Lives com dificuldade NORMAL ou superior.
mst.mission.3300168._detail,Conquiste 15 Lives com Full Combo no nível NORMAL ou superior.
mst.mission.3300169._title,Complete vezes
mst.mission.3300169._detail,Complete vezes.
mst.mission.3300170._title,Complete vezes.
mst.mission.3300170._detail,Complete 10 músicas de Love Live!
mst.mission.3300171._title,Complete vezes.
mst.mission.3300171._detail,Complete 15 músicas de Love Live!
mst.mission.3300172._title,Complete 20 músicas de Love Live!
mst.mission.3300172._detail,Complete 20 músicas de Love Live!
mst.mission.3300173._title,Complete vezes.
mst.mission.3300173._detail,Complete músicas de Love Live!
mst.mission.3300174._title,Complete 5 músicas de Love Live! Sunshine!!
mst.mission.3300174._detail,Complete 5 músicas de Love Live! Sunshine!!.
mst.mission.3300175._title,Complete músicas de Love Live! Sunshine!!
mst.mission.3300175._detail,Complete músicas de Love Live! Sunshine!!
mst.mission.3300176._title,Complete vezes
mst.mission.3300176._detail,Complete vezes.
mst.mission.3300177._title,Complete vezes.
mst.mission.3300177._detail,Complete 20 músicas de Love Live! Sunshine!!.
mst.mission.3300178._title,Complete vezes.
mst.mission.3300178._detail,Complete 30 músicas de Love Live! Sunshine!!.
mst.mission.3300179._title,Complete 5 músicas de Love Live! Nijigasaki School Idol Club.
mst.mission.3300179._detail,Complete 5 músicas de Love Live! Nijigasaki School Idol Club.
mst.mission.3300180._title,Complete músicas de Love Live! Nijigasaki School Idol Club 10 vezes.
mst.mission.3300180._detail,Complete 10 músicas de Love Live! Nijigasaki School Idol Club.
mst.mission.3300181._title,Complete 15 músicas de Love Live! Nijigasaki School Idol Club.
mst.mission.3300181._detail,Complete 15 músicas de Love Live! Nijigasaki School Idol Club.
mst.mission.3300182._title,Complete 20 músicas de Love Live! Nijigasaki School Idol Club.
mst.mission.3300182._detail,Complete 20 músicas do Love Live! Nijigasaki School Idol Club.
mst.mission.3300183._title,Complete músicas de Love Live! Nijigasaki School Idol Club 30 vezes.
mst.mission.3300183._detail,Complete 30 músicas do Love Live! Nijigasaki School Idol Club.
mst.mission.3300184._title,Complete 5 músicas de Love Live! Superstar!!
mst.mission.3300184._detail,Complete 5 músicas de Love Live! Superstar!!.
mst.mission.3300185._title,Complete músicas de Love Live! Superstar!!
mst.mission.3300185._detail,Complete 10 músicas de Love Live! Superstars!!.
mst.mission.3300186._title,Complete 15 músicas de Love Live! Superstar!!
mst.mission.3300186._detail,Complete 15 músicas de Love Live! Superstar!!.
mst.mission.3300187._title,Complete 20 músicas de Love Live! Superstars!!
mst.mission.3300187._detail,Complete 20 músicas de Love Live! Superstar!!.
mst.mission.3300188._title,Complete músicas de Love Live! Superstar!!
mst.mission.3300188._detail,Complete músicas de Love Live! Superstar!!
mst.mission.3300189._title,Complete músicas de Love Live! Nijigasaki High School Idol Club 5 vezes.
mst.mission.3300189._detail,Complete 5 músicas de Love Live! Nijigasaki High School Idol Club.
mst.mission.3300190._title,Complete músicas do Love Live! Nijigasaki High School Idol Club 10 vezes.
mst.mission.3300190._detail,Complete 10 músicas de Love Live! Nijigasaki Girls High School Idol Club.
mst.mission.3300191._title,Complete 15 músicas do Love Live! Luminous Girls School Idol Club.
mst.mission.3300191._detail,Complete músicas do Love Live! Luminous Girls School Idol Club.
mst.mission.3300192._title,Complete músicas do Love Live! Luminous Girls School Idol Club 20 vezes.
mst.mission.3300192._detail,Complete músicas do Love Live! Luminous Girls School Idol Club.
mst.mission.3300193._title,Complete músicas do Love Live! Luminous Girls School Idol Club 30 vezes.
mst.mission.3300193._detail,Complete músicas de Love Live! Liyuen Girls' Academy School Idol Club.
mst.mission.3300194._title,Complete uma música de 幻日のヨハネ -SUNSHINE in the MIRROR-
mst.mission.3300194._detail,Complete músicas de <0> para ganhar recompensas!
mst.mission.3300195._title,Complete duas músicas de 幻日のヨハネ -SUNSHINE in the MIRROR-.
mst.mission.3300195._detail,Complete a música de <0> duas vezes.
mst.mission.3300196._title,Complete a música de <0> três vezes.
mst.mission.3300196._detail,Complete a música de 幻日のヨハネ -SUNSHINE in the MIRROR 3 vezes.
mst.mission.3300197._title,Complete a música de <0> 4 vezes.
mst.mission.3300197._detail,Complete a música de 幻日のヨハネ -SUNSHINE in the MIRROR 4 vezes.
mst.mission.3300198._title,Complete a música de <0> cinco vezes.
mst.mission.3300198._detail,Complete a música de 幻日のヨハネ -SUNSHINE in the MIRROR 5 vezes.
mst.mission.3300199._title,Complete a música de <0> seis vezes.
mst.mission.3300199._detail,Complete a música de 幻日のヨハネ -SUNSHINE in the MIRROR vezes.
mst.mission.3300200._title,Complete a música de 幻日のヨハネ -SUNSHINE in the MIRROR- sete vezes.
mst.mission.3300200._detail,Complete a música de 幻日のヨハネ -SUNSHINE in the MIRROR- sete vezes.
mst.mission.3300201._title,Complete a música de <0> 8 vezes.
mst.mission.3300201._detail,Complete a música de 幻日のヨハネ -SUNSHINE in the MIRROR 8 vezes.
mst.mission.3300202._title,Complete as músicas de 幻日のヨハネ -SUNSHINE in the MIRROR- 9 vezes.
mst.mission.3300202._detail,Complete músicas 9 vezes.
mst.mission.3300203._title,Complete 10 vezes.
mst.mission.3300203._detail,Complete 10 vezes.
mst.mission.2800204._title,Faça login.
mst.mission.2800204._detail,Faça login
mst.mission.2800205._title,Complete um Live
mst.mission.2800205._detail,Complete um Live.
mst.mission.2800206._title,Complete 3 Lives
mst.mission.2800206._detail,Complete 3 Lives.
mst.mission.2900207._title,Faça “Recrutamento Gratuito de até 240 vezes para o Aniversário de Fim de Ano!”
mst.mission.2900207._detail,Faça o “Recrutamento Gratuito de até 240 vezes para comemorar o Ano Novo!”
mst.mission.2900208._title,Complete 5 Lives
mst.mission.2900208._detail,Complete 5 Lives.
mst.mission.2900209._title,Complete 10 Lives
mst.mission.2900209._detail,Complete 10 Lives.
mst.mission.2900210._title,Complete 15 Lives
mst.mission.2900210._detail,Complete 15 Lives.
mst.mission.2900211._title,Complete 20 Lives
mst.mission.2900211._detail,Complete 20 Lives.
mst.mission.2900212._title,Complete 25 Lives
mst.mission.2900212._detail,Complete 25 Lives.
mst.mission.2900213._title,Complete 30 Lives
mst.mission.2900213._detail,Complete 30 Lives.
mst.mission.2900214._title,Jogue a música selecionada na seleção aleatória.
mst.mission.2900214._detail,Toque a música selecionada na lista aleatória.
mst.mission.2900215._title,Jogue a música selecionada duas vezes no modo aleatório.
mst.mission.2900215._detail,Jogue a música selecionada duas vezes no modo de seleção automática.
mst.mission.2900216._title,Jogue a música selecionada aleatoriamente 3 vezes.
mst.mission.2900216._detail,Jogue a música selecionada aleatoriamente 3 vezes.
mst.mission.2900217._title,"Alcance uma pontuação de 50.000 na dificuldade NORMAL ou superior da música ""New Year's March! (Versão de Janeiro a Junho)"""
mst.mission.2900217._detail,"Tente alcançar uma pontuação de 50.000 na música ""New Year's March! (Versão de Janeiro a Junho)"" no nível NORMAL ou superior."
mst.mission.2900218._title,"Alcance uma pontuação de 50.000 na música ""New Year's March! (versão de julho a dezembro)"" no nível NORMAL ou superior."
mst.mission.2900218._detail,"Tente alcançar uma pontuação de 50.000 na música ""New Year's March! (versão de julho a dezembro)"" no nível NORMAL ou superior."
mst.mission.2900219._title,"Alcance uma pontuação de 150.000 na dificuldade NORMAL ou superior da música ""New Year's March! (Versão de janeiro a junho)""."
mst.mission.2900219._detail,"Tente alcançar uma pontuação de 150.000 na música ""New Year's March! (Versão de janeiro a junho)"" no nível NORMAL ou superior."
mst.mission.2900220._title,"Alcance uma pontuação de 150.000 na dificuldade NORMAL ou superior da música ""New Year's March! (versão de julho a dezembro)""."
mst.mission.2900220._detail,"Tente obter uma pontuação de 150.000 ou mais na dificuldade NORMAL ou superior da música ""New Year's March! (versão de julho a dezembro)""."
mst.mission.3100221._title,Complete 5 Lives
mst.mission.3100221._detail,Complete 5 Lives.
mst.mission.3100222._title,Complete 10 Lives
mst.mission.3100222._detail,Complete 10 Lives.
mst.mission.3100223._title,Complete 15 Lives
mst.mission.3100223._detail,Complete 15 Lives.
mst.mission.3100224._title,Complete 20 Lives
mst.mission.3100224._detail,Complete 20 Lives.
mst.mission.3100225._title,Complete 25 Lives
mst.mission.3100225._detail,Complete 25 Lives.
mst.mission.3100226._title,Complete 30 Lives
mst.mission.3100226._detail,Complete 30 Lives.
mst.mission.3100227._title,Complete Lives
mst.mission.3100227._detail,Complete Lives.
mst.mission.3100228._title,Complete Lives
mst.mission.3100228._detail,Complete Lives.
mst.mission.3100229._title,Complete Lives
mst.mission.3100229._detail,Complete Lives.
mst.mission.3100230._title,Complete 50 Lives
mst.mission.3100230._detail,Complete 50 Lives.
mst.mission.3100231._title,Complete Lives
mst.mission.3100231._detail,Complete Lives.
mst.mission.3100232._title,Complete 60 Lives
mst.mission.3100232._detail,Complete Lives.
mst.mission.3100233._title,Complete Lives
mst.mission.3100233._detail,Complete Lives.
mst.mission.3100234._title,Complete 70 Lives
mst.mission.3100234._detail,Complete 70 Lives.
mst.mission.3100235._title,Complete Lives
mst.mission.3100235._detail,Complete 75 Lives.
mst.mission.3100236._title,Complete Lives
mst.mission.3100236._detail,Complete 80 Lives.
mst.mission.3100237._title,Complete Lives
mst.mission.3100237._detail,Complete Lives.
mst.mission.3100238._title,Complete 90 Lives
mst.mission.3100238._detail,Complete Lives.
mst.mission.3100239._title,Complete Lives
mst.mission.3100239._detail,Complete Lives.
mst.mission.3100240._title,Complete 100 Lives
mst.mission.3100240._detail,Complete 100 Lives.
mst.mission.3100241._title,Complete Lives
mst.mission.3100241._detail,Complete Lives.
mst.mission.3100242._title,Complete Lives
mst.mission.3100242._detail,Complete Lives.
mst.mission.3100243._title,Complete Lives
mst.mission.3100243._detail,Complete Lives.
mst.mission.3100244._title,Complete Lives
mst.mission.3100244._detail,Complete Lives.
mst.mission.3100245._title,Complete Lives
mst.mission.3100245._detail,Complete Lives.
mst.mission.3100246._title,Complete Lives
mst.mission.3100246._detail,Complete Lives.
mst.mission.3100247._title,Complete Lives
mst.mission.3100247._detail,Complete 170 Lives.
mst.mission.3100248._title,Complete Lives
mst.mission.3100248._detail,Complete 180 Lives.
mst.mission.3100249._title,Complete Lives
mst.mission.3100249._detail,Complete Lives.
mst.mission.3100250._title,Complete 200 Lives
mst.mission.3100250._detail,Complete 200 Lives.
mst.mission.3100251._title,Complete Lives
mst.mission.3100251._detail,Complete Lives.
mst.mission.3100252._title,Complete Lives
mst.mission.3100252._detail,Complete Lives.
mst.mission.3100253._title,Complete Lives
mst.mission.3100253._detail,Complete Lives.
mst.mission.3100254._title,Complete Lives
mst.mission.3100254._detail,Complete Lives.
mst.mission.3100255._title,Complete Lives
mst.mission.3100255._detail,Complete 250 Lives.
mst.mission.3100256._title,Complete Lives
mst.mission.3100256._detail,Complete 260 Lives.
mst.mission.3100257._title,Complete Lives
mst.mission.3100257._detail,Complete 270 Lives.
mst.mission.3100258._title,Complete Lives
mst.mission.3100258._detail,Complete 280 Lives.
mst.mission.3100259._title,Complete Lives
mst.mission.3100259._detail,Complete 290 Lives.
mst.mission.3100260._title,Complete 300 Lives
mst.mission.3100260._detail,Complete 300 Lives.
mst.mission.3100261._title,Complete 5 Lives com Full Combo em NORMAL ou superior
mst.mission.3100261._detail,Conquiste 5 Lives com Full Combo no nível NORMAL ou superior.
mst.mission.3100262._title,Faça 10 Full Combos em Lives no nível NORMAL ou superior
mst.mission.3100262._detail,Conquiste 10 Lives com Full Combo no nível NORMAL ou superior.
mst.mission.3100263._title,Complete 15 Lives com dificuldade NORMAL ou superior.
mst.mission.3100263._detail,Conquiste 15 Lives com Full Combo no nível NORMAL ou superior.
mst.mission.3100264._title,Complete 20 Lives com dificuldade NORMAL ou superior.
mst.mission.3100264._detail,Conquiste 20 Lives com Full Combo no nível NORMAL ou superior.
mst.mission.3100265._title,Complete 25 Lives com dificuldade NORMAL ou superior.
mst.mission.3100265._detail,Complete 25 Lives com Full Combo no nível NORMAL ou superior.
mst.mission.3100266._title,Complete 30 Lives com Full Combo no nível NORMAL ou superior.
mst.mission.3100266._detail,Complete 30 Lives com Full Combo no nível NORMAL ou superior.
mst.mission.3100267._title,Complete vezes
mst.mission.3100267._detail,Complete vezes.
mst.mission.3100268._title,Complete vezes.
mst.mission.3100268._detail,Complete 10 músicas de Love Live!
mst.mission.3100269._title,Complete 20 músicas de Love Live!
mst.mission.3100269._detail,Complete 20 músicas de Love Live!
mst.mission.3100270._title,Complete vezes.
mst.mission.3100270._detail,Complete músicas de Love Live!
mst.mission.3100271._title,Complete vezes.
mst.mission.3100271._detail,Complete músicas de Love Live!
mst.mission.3100272._title,Complete vezes.
mst.mission.3100272._detail,Complete músicas de Love Live!
mst.mission.3100273._title,Complete músicas de Love Live!
mst.mission.3100273._detail,Complete músicas de Love Live!
mst.mission.3100274._title,Complete 5 músicas de Love Live! Sunshine!!
mst.mission.3100274._detail,Complete 5 músicas de Love Live! Sunshine!!.
mst.mission.3100275._title,Complete músicas de Love Live! Sunshine!!
mst.mission.3100275._detail,Complete músicas de Love Live! Sunshine!!
mst.mission.3100276._title,Complete vezes.
mst.mission.3100276._detail,Complete 20 músicas de Love Live! Sunshine!!.
mst.mission.3100277._title,Complete vezes.
mst.mission.3100277._detail,Complete 30 músicas de Love Live! Sunshine!!.
mst.mission.3100278._title,Complete músicas de Love Live! Sunshine!! 40 vezes.
mst.mission.3100278._detail,Complete 40 músicas de Love Live! Sunshine!!.
mst.mission.3100279._title,Complete vezes.
mst.mission.3100279._detail,Complete músicas de Love Live! Sunshine!!
mst.mission.3100280._title,Complete vezes.
mst.mission.3100280._detail,Complete 60 músicas de Love Live! Sunshine!!.
mst.mission.3100281._title,Complete 5 músicas de Love Live! Nijigasaki School Idol Club.
mst.mission.3100281._detail,Complete 5 músicas de Love Live! Nijigasaki School Idol Club.
mst.mission.3100282._title,Complete músicas de Love Live! Nijigasaki School Idol Club 10 vezes.
mst.mission.3100282._detail,Complete 10 músicas de Love Live! Nijigasaki School Idol Club.
mst.mission.3100283._title,Complete 20 músicas de Love Live! Nijigasaki School Idol Club.
mst.mission.3100283._detail,Complete 20 músicas do Love Live! Nijigasaki School Idol Club.
mst.mission.3100284._title,Complete músicas de Love Live! Nijigasaki School Idol Club 30 vezes.
mst.mission.3100284._detail,Complete 30 músicas do Love Live! Nijigasaki School Idol Club.
mst.mission.3100285._title,Complete músicas de Love Live! Nijigasaki School Idol Club 40 vezes.
mst.mission.3100285._detail,Complete músicas de Love Live! Nijigasaki School Idol Club.
mst.mission.3100286._title,Complete músicas de Love Live! Nijigasaki School Idol Club 50 vezes.
mst.mission.3100286._detail,Complete músicas de Love Live! Nijigasaki School Idol Club.
mst.mission.3100287._title,Complete músicas de Love Live! Nijigasaki School Idol Club 60 vezes.
mst.mission.3100287._detail,Complete as músicas de Love Live! Nijigasaki School Idol Club 60 vezes.
mst.mission.3100288._title,Complete 5 músicas de Love Live! Superstar!!
mst.mission.3100288._detail,Complete 5 músicas de Love Live! Superstar!!.
mst.mission.3100289._title,Complete músicas de Love Live! Superstar!!
mst.mission.3100289._detail,Complete 10 músicas de Love Live! Superstars!!.
mst.mission.3100290._title,Complete 20 músicas de Love Live! Superstars!!
mst.mission.3100290._detail,Complete 20 músicas de Love Live! Superstar!!.
mst.mission.3100291._title,Complete músicas de Love Live! Superstar!!
mst.mission.3100291._detail,Complete músicas de Love Live! Superstar!!
mst.mission.3100292._title,Complete músicas de Love Live! Superstar!!
mst.mission.3100292._detail,Complete músicas de Love Live! Superstar!!
mst.mission.3100293._title,Complete 50 músicas de Love Live! Superstar!!
mst.mission.3100293._detail,Complete músicas de Love Live! Superstar!!
mst.mission.3100294._title,Complete 60 músicas de Love Live! Superstar!!
mst.mission.3100294._detail,Complete 60 músicas de Love Live! Superstar!!.
mst.mission.3100295._title,Complete músicas de Love Live! Nijigasaki High School Idol Club 5 vezes.
mst.mission.3100295._detail,Complete 5 músicas de Love Live! Nijigasaki High School Idol Club.
mst.mission.3100296._title,Complete músicas do Love Live! Nijigasaki High School Idol Club 10 vezes.
mst.mission.3100296._detail,Complete 10 músicas de Love Live! Nijigasaki Girls High School Idol Club.
mst.mission.3100297._title,Complete músicas do Love Live! Luminous Girls School Idol Club 20 vezes.
mst.mission.3100297._detail,Complete músicas do Love Live! Luminous Girls School Idol Club.
mst.mission.3100298._title,Complete músicas do Love Live! Luminous Girls School Idol Club 30 vezes.
mst.mission.3100298._detail,Complete músicas de Love Live! Liyuen Girls' Academy School Idol Club.
mst.mission.3100299._title,Complete músicas do Love Live! Luminous Girls School Idol Club 40 vezes.
mst.mission.3100299._detail,Complete músicas do Love Live! Luminous Girls School Idol Club.
mst.mission.3100300._title,Complete músicas de Love Live! Luminous Girls School Idol Club.
mst.mission.3100300._detail,Complete 50 músicas do Love Live! Luminous Girls School Idol Club.
mst.mission.3100301._title,Complete músicas de Love Live! Luminous Girls School Idol Club.
mst.mission.3100301._detail,Complete 60 músicas de Love Live! Nijigasaki High School Idol Club.
mst.mission.3100302._title,Complete a música de <0> cinco vezes.
mst.mission.3100302._detail,Complete a música de 幻日のヨハネ -SUNSHINE in the MIRROR 5 vezes.
mst.mission.3100303._title,Complete 10 vezes.
mst.mission.3100303._detail,Complete 10 vezes.
mst.mission.3100304._title,Complete a música de SUNSHINE in the MIRROR 15 vezes.
mst.mission.3100304._detail,"Complete músicas de ""Phantom of Yohane -Sunshine in the Mirror-"" 15 vezes."
mst.mission.3100305._title,Complete a música de SUNSHINE in the MIRROR 20 vezes.
mst.mission.3100305._detail,"Complete as músicas de ""Phantom of Yohane -Sunshine in the Mirror-"" 20 vezes."
mst.mission.3100306._title,Complete a música de 幻日のヨハネ -SUNSHINE in the MIRROR- 25 vezes.
mst.mission.3100306._detail,Complete a música de 幻日のヨハネ -SUNSHINE in the MIRROR- 25 vezes.
mst.mission.3300307._title,Alcance uma pontuação de 50.000 na dificuldade NORMAL ou superior da música “Mogyutto “Love” de Chikasoku!
mst.mission.3300307._detail,Alcance uma pontuação de 50.000 na música “Mogyutto “Love” de Chikasoku!” no nível NORMAL ou superior.
mst.mission.3300308._title,"Alcance uma pontuação de 50.000 na dificuldade NORMAL ou superior da música ""baby maybe 恋のボタン""."
mst.mission.3300308._detail,"Tente alcançar uma pontuação de 50.000 na música ""baby maybe 恋のボタン"" no nível NORMAL ou superior."
mst.mission.3300309._title,"Alcance uma pontuação de 50.000 na dificuldade NORMAL ou superior da música ""Arashi no Naka no Koi Dakara""."
mst.mission.3300309._detail,"Tente alcançar uma pontuação de 50.000 na dificuldade NORMAL ou superior da música ""Kaze no Naka no Koi Dakara""."
mst.mission.3300310._title,"Alcance uma pontuação de 50.000 na dificuldade NORMAL ou superior da música ""Ruteshi Kisuki Shiteru""."
mst.mission.3300310._detail,"Alcance uma pontuação de 50.000 na dificuldade NORMAL ou superior da música ""Ruteshi Kisuki Shiteru""."
mst.mission.3300311._title,"Alcance uma pontuação de 50.000 na dificuldade NORMAL ou superior da música ""Ai shiteru Banzaai!"""
mst.mission.3300311._detail,"Alcance uma pontuação de 50.000 na dificuldade NORMAL ou superior da música ""Ai Shiteru Banzaai!"""
mst.mission.3300312._title,"Alcance uma pontuação de 50.000 na dificuldade NORMAL ou superior da música ""Love marginal""."
mst.mission.3300312._detail,"Tente obter uma pontuação de 50.000 ou mais na música ""Love marginal"" no nível NORMAL ou superior."
mst.mission.3300313._title,"Alcance uma pontuação de 50.000 na dificuldade NORMAL ou superior da música ""ラブノベルス""."
mst.mission.3300313._detail,Alcance uma pontuação de 50.000 na dificuldade NORMAL ou superior da música 『ラブノベルス』.
mst.mission.3300314._title,"Alcance uma pontuação de 50.000 na dificuldade NORMAL ou superior da música ""Shiranai Love * Oshiete Love""."
mst.mission.3300314._detail,"Alcance uma pontuação de 50.000 na dificuldade NORMAL ou superior da música ""Shiranai Love* Oshiete Love""."
mst.mission.3300315._title,"Alcance uma pontuação de 50.000 na dificuldade NORMAL ou superior da música ""sweet&sweet holiday""."
mst.mission.3300315._detail,"Alcance uma pontuação de 50.000 na dificuldade NORMAL ou superior da música ""sweet&sweet holiday""."
mst.mission.3300316._title,"Alcance uma pontuação de 50.000 na dificuldade NORMAL ou superior da música ""Cutie Panther""."
mst.mission.3300316._detail,"Tente alcançar uma pontuação de 50.000 na dificuldade NORMAL ou superior da música ""Cutie Panther""."
mst.mission.3300317._title,"Alcance uma pontuação de 50.000 na dificuldade NORMAL ou superior da música ""Harujou Romantic"""
mst.mission.3300317._detail,"Alcance uma pontuação de 50.000 na dificuldade NORMAL ou superior da música ""Harujou Romantic""."
mst.mission.3300318._title,"Alcance uma pontuação de 50.000 na dificuldade NORMAL ou superior da música ""Pwa Pwa-O!"""
mst.mission.3300318._detail,"Tente alcançar uma pontuação de 50.000 na música ""Pwa Pwa-O!"" no nível NORMAL ou superior."
mst.mission.3300319._title,"Alcance uma pontuação de 50.000 na dificuldade NORMAL ou superior da música ""PSYCHIC FIRE""."
mst.mission.3300319._detail,"Tente alcançar uma pontuação de 50.000 na dificuldade NORMAL ou superior da música ""PSYCHIC FIRE""."
mst.mission.3300320._title,"Alcance uma pontuação de 50.000 na dificuldade NORMAL ou superior da música ""微熱からMystery""."
mst.mission.3300320._detail,"Tente alcançar uma pontuação de 50.000 na música ""微熱からMystery"" no nível NORMAL ou superior."
mst.mission.3300321._title,"Tente alcançar uma pontuação de 50.000 na música ""Koi ni Naritai AQUARIUM"" no nível NORMAL ou superior."
mst.mission.3300321._detail,"Alcance uma pontuação de 50.000 na dificuldade NORMAL ou superior da música ""Koi ni Naritai AQUARIUM""."
mst.mission.3300322._title,"Alcance uma pontuação de 50.000 na dificuldade NORMAL ou superior da música ""少女以上の恋がしたい""."
mst.mission.3300322._detail,"Alcance uma pontuação de 50.000 na dificuldade NORMAL ou superior da música ""Shoujo Ijou no Koi ga Shitai""."
mst.mission.3300323._title,"Alcance uma pontuação de 50.000 na dificuldade NORMAL ou superior da música ""JIMO-AI Dash!"""
mst.mission.3300323._detail,Tente alcançar uma pontuação de 50.000 na música “JIMO-AI Dash!” no nível NORMAL ou superior.
mst.mission.3300324._title,Alcance uma pontuação de 50.000 na dificuldade NORMAL ou superior da música “<0>”
mst.mission.3300324._detail,Alcance uma pontuação de 50.000 na dificuldade NORMAL ou superior da música “<0>”.
mst.mission.3300325._title,Alcance uma pontuação de 50.000 na dificuldade NORMAL ou superior da música “MY LIST” to you!
mst.mission.3300325._detail,Alcance uma pontuação de 50.000 na dificuldade NORMAL ou superior da música “MY LIST” to you!
mst.mission.3300326._title,"Alcance uma pontuação de 50.000 na dificuldade NORMAL ou superior da música ""Kinkai Happy End""."
mst.mission.3300326._detail,Tente alcançar uma pontuação de 50.000 na música “近未来ハッピーエンド” no nível NORMAL ou superior.
mst.mission.3300327._title,Alcance uma pontuação de 50.000 na dificuldade NORMAL ou superior da música “Tricolico Please!!”
mst.mission.3300327._detail,"Alcance uma pontuação de 50.000 na dificuldade NORMAL ou superior da música ""Tricolico Please!!"""
mst.mission.3300328._title,"Alcance uma pontuação de 50.000 na dificuldade NORMAL ou superior da música ""Guilty Night, Guilty Kiss!"""
mst.mission.3300328._detail,"Tente alcançar uma pontuação de 50.000 na música ""Guilty Night, Guilty Kiss!"" no nível NORMAL ou superior."
mst.mission.3300329._title,"Alcance uma pontuação de 50.000 na dificuldade NORMAL ou superior da música ""Kodoku Teleport""."
mst.mission.3300329._detail,"Tente alcançar uma pontuação de 50.000 na música ""Kodoku Teleport"" no nível NORMAL ou superior."
mst.mission.3300330._title,"Alcance uma pontuação de 50.000 na dificuldade NORMAL ou superior da música ""GALAXY HidE and SeeK""."
mst.mission.3300330._detail,"Tente alcançar uma pontuação de 50.000 na dificuldade NORMAL ou superior da música ""GALAXY HidE and SeeK""."
mst.mission.3300331._title,"Alcance uma pontuação de 50.000 na dificuldade NORMAL ou superior da música ""Nameless Love Song""."
mst.mission.3300331._detail,"Tente alcançar uma pontuação de 50.000 na dificuldade NORMAL ou superior da música ""Nameless Love Song""."
mst.mission.3300332._title,"Alcance uma pontuação de 50.000 na dificuldade NORMAL ou superior da música ""Aru Hi... Eien Mitai ni!"""
mst.mission.3300332._detail,"Tente alcançar uma pontuação de 50.000 na dificuldade NORMAL ou superior da música ""Aru Hi... Eien Mitai ni!""."
mst.mission.3300333._title,"Alcance uma pontuação de 50.000 na dificuldade NORMAL ou superior da música ""空中恋愛論""."
mst.mission.3300333._detail,"Tente alcançar uma pontuação de 50.000 na música ""空中恋愛論"" no nível NORMAL ou superior."
mst.mission.3300334._title,"Alcance uma pontuação de 50.000 na dificuldade NORMAL ou superior da música ""Deep Sea Cocoon""."
mst.mission.3300334._detail,"Tente alcançar uma pontuação de 50.000 na dificuldade NORMAL ou superior da música ""Deep Sea Cocoon""."
mst.mission.3300335._title,"Alcance uma pontuação de 50.000 na dificuldade NORMAL ou superior da música ""Walking Dream""."
mst.mission.3300335._detail,"Tente alcançar uma pontuação de 50.000 na música ""Walking Dream"" no nível NORMAL ou superior."
mst.mission.3300336._title,"Alcance uma pontuação de 50.000 na dificuldade NORMAL ou superior da música ""Se Tentar Alcançar"""
mst.mission.3300336._detail,"Tente alcançar uma pontuação de 50.000 na música ""Se Tentar Alcançar"", no nível NORMAL ou superior."
mst.mission.3300337._title,"Alcance uma pontuação de 50.000 na dificuldade NORMAL ou superior da música ""Koakuma LOVE♡""."
mst.mission.3300337._detail,"Tente alcançar uma pontuação de 50.000 na música ""Koakuma LOVE♡"" no nível NORMAL ou superior."
mst.mission.3300338._title,"Alcance uma pontuação de 50.000 na dificuldade NORMAL ou superior da música ""My Shadow""."
mst.mission.3300338._detail,"Tente alcançar uma pontuação de 50.000 na dificuldade NORMAL ou superior da música ""My Shadow""."
mst.mission.3300339._title,"Alcance uma pontuação de 50.000 na dificuldade NORMAL ou superior da música ""Request for U""."
mst.mission.3300339._detail,"Tente alcançar uma pontuação de 50.000 na dificuldade NORMAL ou superior da música ""Request for U""."
mst.mission.3300340._title,"Alcance uma pontuação de 50.000 na dificuldade NORMAL ou superior da música ""Cooking with Love""."
mst.mission.3300340._detail,"Tente alcançar uma pontuação de 50.000 na música ""Cooking with Love"" no nível NORMAL ou superior."
mst.mission.3300341._title,"Alcance uma pontuação de 50.000 na dificuldade NORMAL ou superior da música ""Cherry Bomb""."
mst.mission.3300341._detail,"Tente alcançar uma pontuação de 50.000 na dificuldade NORMAL ou superior da música ""Cherry Bomb""."
mst.mission.3300342._title,"Alcance uma pontuação de 50.000 na dificuldade NORMAL ou superior da música ""Koi Suru Sunflower""."
mst.mission.3300342._detail,"Tente alcançar uma pontuação de 50.000 na música ""Koi Suru Sunflower"" no nível NORMAL ou superior."
mst.mission.3300343._title,"Alcance uma pontuação de 50.000 na dificuldade NORMAL ou superior da música ""Eu Sou um Ímã""."
mst.mission.3300343._detail,"Tente alcançar uma pontuação de 50.000 na música ""Eu Sou um Ímã"" no nível NORMAL ou superior."
mst.mission.3300344._title,"Tente obter uma pontuação de 50.000 na dificuldade NORMAL ou superior da música ""Kofukuron""."
mst.mission.3300344._detail,"Tente alcançar uma pontuação de 50.000 na dificuldade NORMAL ou superior da música ""Kofukuron""."
mst.mission.3300345._title,"Alcance uma pontuação de 50.000 na dificuldade NORMAL ou superior da música ""Lemonade""."
mst.mission.3300345._detail,"Tente alcançar uma pontuação de 50.000 na música ""Lemonade"" no nível NORMAL ou superior."
mst.mission.3300346._title,"Alcance uma pontuação de 50.000 na dificuldade NORMAL ou superior da música ""5201314""."
mst.mission.3300346._detail,"Tente alcançar uma pontuação de 50.000 na música ""5201314"" no nível NORMAL ou superior."
mst.mission.3300347._title,"Alcance uma pontuação de 50.000 na dificuldade NORMAL ou superior da música ""Fly with You!!"""
mst.mission.3300347._detail,"Tente alcançar uma pontuação de 50.000 na dificuldade NORMAL ou superior da música ""Fly with You!!"""
mst.mission.3300348._title,"Alcance uma pontuação de 50.000 na dificuldade NORMAL ou superior da música ""Love U my friends (versão para 12 membros)""."
mst.mission.3300348._detail,"Tente alcançar uma pontuação de 50.000 na música ""Love U my friends (versão para 12 membros)"" no nível NORMAL ou superior."
mst.mission.3300349._title,"Alcance uma pontuação de 50.000 na dificuldade NORMAL ou superior da música ""Kono Machi de Ima Kimi to""."
mst.mission.3300349._detail,"Tente alcançar uma pontuação de 50.000 na dificuldade NORMAL ou superior da música ""Kono Machi de Ima Kimi to""."
mst.mission.3300350._title,"Alcance uma pontuação de 50.000 na dificuldade NORMAL ou superior da música ""GOING UP""."
mst.mission.3300350._detail,"Tente alcançar uma pontuação de 50.000 na música ""GOING UP"" no nível NORMAL ou superior."
mst.mission.3300351._title,"Alcance uma pontuação de 50.000 na dificuldade NORMAL ou superior da música ""常夏☆サンシャイン""."
mst.mission.3300351._detail,"Tente alcançar uma pontuação de 50.000 na música ""常夏☆サンシャイン"" no nível NORMAL ou superior."
mst.mission.3300352._title,"Alcance uma pontuação de 50.000 na dificuldade NORMAL ou superior da música ""Tu Tu Tu!"""
mst.mission.3300352._detail,Tente alcançar uma pontuação de 50.000 na música “Tu Tu Tu!” no nível NORMAL ou superior.
mst.mission.3300353._title,"Alcance uma pontuação de 50.000 na dificuldade NORMAL ou superior da música ""Primary""."
mst.mission.3300353._detail,"Obtenha uma pontuação de 50.000 ou mais na dificuldade NORMAL ou superior da música ""Primary""."
mst.mission.3300354._title,"Alcance uma pontuação de 50.000 na dificuldade NORMAL ou superior da música ""Shooting Voice!!"""
mst.mission.3300354._detail,"Tente alcançar uma pontuação de 50.000 na música ""Shooting Voice!!"" no nível NORMAL ou superior."
mst.mission.3300355._title,"Alcance uma pontuação de 50.000 na dificuldade NORMAL ou superior da música ""Mirai no Oto ga Kikoeru""."
mst.mission.3300355._detail,"Obtenha uma pontuação de 50.000 ou mais na dificuldade NORMAL ou superior da música ""未来の音が聴こえる""."
mst.mission.3300356._title,"Alcance uma pontuação de 50.000 na dificuldade NORMAL ou superior da música ""Nome Abisou Ni"""
mst.mission.3300356._detail,"Obtenha uma pontuação de 50.000 ou mais na dificuldade NORMAL ou superior da música ""Nome wo yobiau you ni""."
mst.mission.3300357._title,"Alcance uma pontuação de 50.000 na dificuldade NORMAL ou superior da música ""Including you""."
mst.mission.3300357._detail,"Tente alcançar uma pontuação de 50.000 na dificuldade NORMAL ou superior da música ""Including you""."
mst.mission.3300358._title,"Alcance uma pontuação de 50.000 na dificuldade NORMAL ou superior da música ""Killer Queen☆""."
mst.mission.3300358._detail,Tente alcançar uma pontuação de 50.000 na música “Killer Queen☆” no nível NORMAL ou superior.
mst.mission.3300359._title,"Alcance uma pontuação de 50.000 na dificuldade NORMAL ou superior da música ""Shekira ☆☆☆""."
mst.mission.3300359._detail,Tente alcançar uma pontuação de 50.000 na música “Shekira ☆☆☆” no nível NORMAL ou superior.
mst.mission.3300360._title,"Alcance uma pontuação de 50.000 na dificuldade NORMAL ou superior da música ""Alternate""."
mst.mission.3300360._detail,"Tente alcançar uma pontuação de 50.000 na dificuldade NORMAL ou superior da música ""オルタネイト""."
mst.mission.3300361._title,"Alcance uma pontuação de 50.000 na dificuldade NORMAL ou superior da música ""Velours""."
mst.mission.3300361._detail,"Tente alcançar uma pontuação de 50.000 na música ""Velours"" no nível NORMAL ou superior."
mst.mission.3300362._title,"Alcance uma pontuação de 50.000 na dificuldade NORMAL ou superior da música ""A Little Love""."
mst.mission.3300362._detail,"Tente alcançar uma pontuação de 50.000 na música ""A Little Love"" no nível NORMAL ou superior."
mst.mission.3300363._title,Faça 5 Lives com membros de Liella!
mst.mission.3300363._detail,Faça 5 Lives com membros de Liella!
mst.mission.3300364._title,Faça 10 Lives com Membros de Liella!
mst.mission.3300364._detail,Faça 10 Lives com Membros de Liella!
mst.mission.3300365._title,Faça 15 Lives com membros do Liella!
mst.mission.3300365._detail,Faça 15 Lives com membros do Liella!
mst.mission.3300366._title,Faça 20 Lives com membros do Liella!
mst.mission.3300366._detail,Faça 20 Lives com membros de Liella!
mst.mission.3300367._title,Faça Lives com membros de Liella!
mst.mission.3300367._detail,Faça 25 Lives com membros de Liella!
mst.mission.3300368._title,Faça 30 Lives com membros do Liella!
mst.mission.3300368._detail,Faça 30 Lives com membros de Liella!
mst.mission.3300369._title,Faça Lives com membros de Liella!
mst.mission.3300369._detail,Faça 35 Lives com membros de Liella!
mst.mission.3300370._title,Faça 40 Lives com Membros de Liella!
mst.mission.3300370._detail,Faça 40 Lives com membros do Liella!
mst.mission.3300371._title,Faça 45 Lives com membros do Liella!
mst.mission.3300371._detail,Faça 45 Lives com membros de Liella!
mst.mission.3300372._title,Faça 50 Lives com Membros de Liella!
mst.mission.3300372._detail,Faça 50 Lives com membros de Liella!
mst.mission.2900373._title,Complete 5 Lives
mst.mission.2900373._detail,Complete 5 Lives.
mst.mission.2900374._title,Complete 10 Lives
mst.mission.2900374._detail,Complete 10 Lives.
mst.mission.2900375._title,Complete 15 Lives
mst.mission.2900375._detail,Complete 15 Lives.
mst.mission.2900376._title,Complete 20 Lives
mst.mission.2900376._detail,Complete 20 Lives.
mst.mission.2900377._title,Complete 25 Lives
mst.mission.2900377._detail,Complete 25 Lives.
mst.mission.2900378._title,Complete 30 Lives
mst.mission.2900378._detail,Complete 30 Lives.
mst.mission.2900379._title,Complete Lives
mst.mission.2900379._detail,Complete Lives.
mst.mission.2900380._title,Complete Lives
mst.mission.2900380._detail,Complete Lives.
mst.mission.2900381._title,Complete Lives
mst.mission.2900381._detail,Complete Lives.
mst.mission.2900382._title,Complete 50 Lives
mst.mission.2900382._detail,Complete 50 Lives.
mst.mission.2900383._title,Complete Lives
mst.mission.2900383._detail,Complete Lives.
mst.mission.2900384._title,Complete 60 Lives
mst.mission.2900384._detail,Complete Lives.
mst.mission.2900385._title,Complete Lives
mst.mission.2900385._detail,Complete Lives.
mst.mission.2900386._title,Complete 70 Lives
mst.mission.2900386._detail,Complete 70 Lives.
mst.mission.2900387._title,Complete Lives
mst.mission.2900387._detail,Complete 75 Lives.
mst.mission.2900388._title,Complete Lives
mst.mission.2900388._detail,Complete 80 Lives.
mst.mission.2900389._title,Complete Lives
mst.mission.2900389._detail,Complete Lives.
mst.mission.2900390._title,Complete 90 Lives
mst.mission.2900390._detail,Complete Lives.
mst.mission.2900391._title,Complete Lives
mst.mission.2900391._detail,Complete Lives.
mst.mission.2900392._title,Complete 100 Lives
mst.mission.2900392._detail,Complete 100 Lives.
mst.mission.2900393._title,Complete Lives
mst.mission.2900393._detail,Complete Lives.
mst.mission.2900394._title,Complete Lives
mst.mission.2900394._detail,Complete Lives.
mst.mission.2900395._title,Complete Lives
mst.mission.2900395._detail,Complete Lives.
mst.mission.2900396._title,Complete Lives
mst.mission.2900396._detail,Complete Lives.
mst.mission.2900397._title,Complete Lives
mst.mission.2900397._detail,Complete Lives.
mst.mission.2900398._title,Complete Lives
mst.mission.2900398._detail,Complete Lives.
mst.mission.2900399._title,Complete Lives
mst.mission.2900399._detail,Complete 170 Lives.
mst.mission.2900400._title,Complete Lives
mst.mission.2900400._detail,Complete 180 Lives.
mst.mission.2900401._title,Complete Lives
mst.mission.2900401._detail,Complete Lives.
mst.mission.2900402._title,Complete 200 Lives
mst.mission.2900402._detail,Complete 200 Lives.
mst.mission.2900403._title,Complete Lives
mst.mission.2900403._detail,Complete Lives.
mst.mission.2900404._title,Complete Lives
mst.mission.2900404._detail,Complete Lives.
mst.mission.2900405._title,Complete Lives
mst.mission.2900405._detail,Complete Lives.
mst.mission.2900406._title,Complete Lives
mst.mission.2900406._detail,Complete Lives.
mst.mission.2900407._title,Complete Lives
mst.mission.2900407._detail,Complete 250 Lives.
mst.mission.2900408._title,Complete Lives
mst.mission.2900408._detail,Complete 260 Lives.
mst.mission.2900409._title,Complete Lives
mst.mission.2900409._detail,Complete 270 Lives.
mst.mission.2900410._title,Complete Lives
mst.mission.2900410._detail,Complete 280 Lives.
mst.mission.2900411._title,Complete Lives
mst.mission.2900411._detail,Complete 290 Lives.
mst.mission.2900412._title,Complete 300 Lives
mst.mission.2900412._detail,Complete 300 Lives.
mst.mission.2900413._title,Complete Lives
mst.mission.2900413._detail,Complete Lives.
mst.mission.2900414._title,Complete Lives
mst.mission.2900414._detail,Complete Lives.
mst.mission.2900415._title,Complete Lives
mst.mission.2900415._detail,Complete Lives.
mst.mission.2900416._title,Complete Lives
mst.mission.2900416._detail,Complete Lives.
mst.mission.2900417._title,Complete Lives
mst.mission.2900417._detail,Complete Lives.
mst.mission.2900418._title,Complete 360 Lives
mst.mission.2900418._detail,Complete 360 Lives.
mst.mission.2900419._title,Complete 5 Lives com Full Combo em NORMAL ou superior
mst.mission.2900419._detail,Conquiste 5 Lives com Full Combo no nível NORMAL ou superior.
mst.mission.2900420._title,Faça 10 Full Combos em Lives no nível NORMAL ou superior
mst.mission.2900420._detail,Conquiste 10 Lives com Full Combo no nível NORMAL ou superior.
mst.mission.2900421._title,Complete 15 Lives com dificuldade NORMAL ou superior.
mst.mission.2900421._detail,Conquiste 15 Lives com Full Combo no nível NORMAL ou superior.
mst.mission.2900422._title,Complete 20 Lives com dificuldade NORMAL ou superior.
mst.mission.2900422._detail,Conquiste 20 Lives com Full Combo no nível NORMAL ou superior.
mst.mission.2900423._title,Complete 25 Lives com dificuldade NORMAL ou superior.
mst.mission.2900423._detail,Complete 25 Lives com Full Combo no nível NORMAL ou superior.
mst.mission.2900424._title,Complete 30 Lives com Full Combo no nível NORMAL ou superior.
mst.mission.2900424._detail,Complete 30 Lives com Full Combo no nível NORMAL ou superior.
mst.mission.2900425._title,Complete vezes
mst.mission.2900425._detail,Complete vezes.
mst.mission.2900426._title,Complete vezes.
mst.mission.2900426._detail,Complete 10 músicas de Love Live!
mst.mission.2900427._title,Complete 20 músicas de Love Live!
mst.mission.2900427._detail,Complete 20 músicas de Love Live!
mst.mission.2900428._title,Complete vezes.
mst.mission.2900428._detail,Complete músicas de Love Live!
mst.mission.2900429._title,Complete vezes.
mst.mission.2900429._detail,Complete músicas de Love Live!
mst.mission.2900430._title,Complete vezes.
mst.mission.2900430._detail,Complete músicas de Love Live!
mst.mission.2900431._title,Complete músicas de Love Live!
mst.mission.2900431._detail,Complete músicas de Love Live!
mst.mission.2900432._title,Complete 5 músicas de Love Live! Sunshine!!
mst.mission.2900432._detail,Complete 5 músicas de Love Live! Sunshine!!.
mst.mission.2900433._title,Complete músicas de Love Live! Sunshine!!
mst.mission.2900433._detail,Complete músicas de Love Live! Sunshine!!
mst.mission.2900434._title,Complete vezes.
mst.mission.2900434._detail,Complete 20 músicas de Love Live! Sunshine!!.
mst.mission.2900435._title,Complete vezes.
mst.mission.2900435._detail,Complete 30 músicas de Love Live! Sunshine!!.
mst.mission.2900436._title,Complete músicas de Love Live! Sunshine!! 40 vezes.
mst.mission.2900436._detail,Complete 40 músicas de Love Live! Sunshine!!.
mst.mission.2900437._title,Complete vezes.
mst.mission.2900437._detail,Complete músicas de Love Live! Sunshine!!
mst.mission.2900438._title,Complete vezes.
mst.mission.2900438._detail,Complete 60 músicas de Love Live! Sunshine!!.
mst.mission.2900439._title,Complete 5 músicas de Love Live! Nijigasaki School Idol Club.
mst.mission.2900439._detail,Complete 5 músicas de Love Live! Nijigasaki School Idol Club.
mst.mission.2900440._title,Complete músicas de Love Live! Nijigasaki School Idol Club 10 vezes.
mst.mission.2900440._detail,Complete 10 músicas de Love Live! Nijigasaki School Idol Club.
mst.mission.2900441._title,Complete 20 músicas de Love Live! Nijigasaki School Idol Club.
mst.mission.2900441._detail,Complete 20 músicas do Love Live! Nijigasaki School Idol Club.
mst.mission.2900442._title,Complete músicas de Love Live! Nijigasaki School Idol Club 30 vezes.
mst.mission.2900442._detail,Complete 30 músicas do Love Live! Nijigasaki School Idol Club.
mst.mission.2900443._title,Complete músicas de Love Live! Nijigasaki School Idol Club 40 vezes.
mst.mission.2900443._detail,Complete músicas de Love Live! Nijigasaki School Idol Club.
mst.mission.2900444._title,Complete músicas de Love Live! Nijigasaki School Idol Club 50 vezes.
mst.mission.2900444._detail,Complete músicas de Love Live! Nijigasaki School Idol Club.
mst.mission.2900445._title,Complete músicas de Love Live! Nijigasaki School Idol Club 60 vezes.
mst.mission.2900445._detail,Complete as músicas de Love Live! Nijigasaki School Idol Club 60 vezes.
mst.mission.2900446._title,Complete 5 músicas de Love Live! Superstar!!
mst.mission.2900446._detail,Complete 5 músicas de Love Live! Superstar!!.
mst.mission.2900447._title,Complete músicas de Love Live! Superstar!!
mst.mission.2900447._detail,Complete 10 músicas de Love Live! Superstars!!.
mst.mission.2900448._title,Complete 20 músicas de Love Live! Superstars!!
mst.mission.2900448._detail,Complete 20 músicas de Love Live! Superstar!!.
mst.mission.2900449._title,Complete músicas de Love Live! Superstar!!
mst.mission.2900449._detail,Complete músicas de Love Live! Superstar!!
mst.mission.2900450._title,Complete músicas de Love Live! Superstar!!
mst.mission.2900450._detail,Complete músicas de Love Live! Superstar!!
mst.mission.2900451._title,Complete 50 músicas de Love Live! Superstar!!
mst.mission.2900451._detail,Complete músicas de Love Live! Superstar!!
mst.mission.2900452._title,Complete 60 músicas de Love Live! Superstar!!
mst.mission.2900452._detail,Complete 60 músicas de Love Live! Superstar!!.
mst.mission.2900453._title,Complete músicas de Love Live! Nijigasaki High School Idol Club 5 vezes.
mst.mission.2900453._detail,Complete 5 músicas de Love Live! Nijigasaki High School Idol Club.
mst.mission.2900454._title,Complete músicas do Love Live! Nijigasaki High School Idol Club 10 vezes.
mst.mission.2900454._detail,Complete 10 músicas de Love Live! Nijigasaki Girls High School Idol Club.
mst.mission.2900455._title,Complete músicas do Love Live! Luminous Girls School Idol Club 20 vezes.
mst.mission.2900455._detail,Complete músicas do Love Live! Luminous Girls School Idol Club.
mst.mission.2900456._title,Complete músicas do Love Live! Luminous Girls School Idol Club 30 vezes.
mst.mission.2900456._detail,Complete músicas de Love Live! Liyuen Girls' Academy School Idol Club.
mst.mission.2900457._title,Complete músicas do Love Live! Luminous Girls School Idol Club 40 vezes.
mst.mission.2900457._detail,Complete músicas do Love Live! Luminous Girls School Idol Club.
mst.mission.2900458._title,Complete músicas de Love Live! Luminous Girls School Idol Club.
mst.mission.2900458._detail,Complete 50 músicas do Love Live! Luminous Girls School Idol Club.
mst.mission.2900459._title,Complete músicas de Love Live! Luminous Girls School Idol Club.
mst.mission.2900459._detail,Complete 60 músicas de Love Live! Nijigasaki High School Idol Club.
mst.mission.2900460._title,Complete a música de <0> cinco vezes.
mst.mission.2900460._detail,Complete a música de 幻日のヨハネ -SUNSHINE in the MIRROR 5 vezes.
mst.mission.2900461._title,Complete 10 vezes.
mst.mission.2900461._detail,Complete 10 vezes.
mst.mission.2900462._title,Complete a música de SUNSHINE in the MIRROR 15 vezes.
mst.mission.2900462._detail,"Complete músicas de ""Phantom of Yohane -Sunshine in the Mirror-"" 15 vezes."
mst.mission.2900463._title,Complete a música de SUNSHINE in the MIRROR 20 vezes.
mst.mission.2900463._detail,"Complete as músicas de ""Phantom of Yohane -Sunshine in the Mirror-"" 20 vezes."
mst.mission.2900464._title,Complete a música de 幻日のヨハネ -SUNSHINE in the MIRROR- 25 vezes.
mst.mission.2900464._detail,Complete a música de 幻日のヨハネ -SUNSHINE in the MIRROR- 25 vezes.
mst.mission.3300465._title,"Alcance uma pontuação de 50.000 na dificuldade NORMAL ou superior da música ""僕らのLIVE 君とのLIFE""."
mst.mission.3300465._detail,"Alcance uma pontuação de 50.000 na dificuldade NORMAL ou superior da música ""僕らのLIVE 君とのLIFE""."
mst.mission.3300466._title,"Alcance uma pontuação de 50.000 na dificuldade NORMAL ou superior da música ""Snow halation""."
mst.mission.3300466._detail,"Tente alcançar uma pontuação de 50.000 na música ""Snow halation"" no nível NORMAL ou superior."
mst.mission.3300467._title,"Alcance uma pontuação de 50.000 na dificuldade NORMAL ou superior da música ""Bokura wa Ima no Naka de""."
mst.mission.3300467._detail,"Tente alcançar uma pontuação de 50.000 na música ""僕らは今のなかで"" no nível NORMAL ou superior."
mst.mission.3300468._title,"Alcance uma pontuação de 50.000 na dificuldade NORMAL ou superior da música ""Private Wars""."
mst.mission.3300468._detail,"Tente alcançar uma pontuação de 50.000 na música ""Private Wars"" no nível NORMAL ou superior."
mst.mission.3300469._title,"Alcance uma pontuação de 50.000 na dificuldade NORMAL ou superior da música ""Kitto Seishun ga Kikoeru""."
mst.mission.3300469._detail,Alcance uma pontuação de 50.000 na dificuldade NORMAL ou superior da música 『きっと青春が聞こえる』.
mst.mission.3300470._title,"Alcance uma pontuação de 50.000 na dificuldade NORMAL ou superior da música ""No brand girls""."
mst.mission.3300470._detail,"Tente alcançar uma pontuação de 50.000 na música ""No brand girls"" no nível NORMAL ou superior."
mst.mission.3300471._title,Alcance uma pontuação de 50.000 na dificuldade NORMAL ou superior da música “Sore wa Bokutachi no Kiseki”.
mst.mission.3300471._detail,"Alcance uma pontuação de 50.000 na dificuldade NORMAL ou superior da música ""Sore wa Bokutachi no Kiseki""."
mst.mission.3300472._title,"Alcance uma pontuação de 50.000 na dificuldade NORMAL ou superior da música ""KiRa-KiRa Sensation!"""
mst.mission.3300472._detail,"Tente alcançar uma pontuação de 50.000 na música ""KiRa-KiRa Sensation!"" no nível NORMAL ou superior."
mst.mission.3300473._title,"Alcance uma pontuação de 50.000 na dificuldade NORMAL ou superior da música ""Happy maker!"""
mst.mission.3300473._detail,"Tente alcançar uma pontuação de 50.000 na música ""Happy maker!"" no nível NORMAL ou superior."
mst.mission.3300474._title,"Alcance uma pontuação de 50.000 na dificuldade NORMAL ou superior da música ""SUNNY DAY SONG""."
mst.mission.3300474._detail,"Tente alcançar uma pontuação de 50.000 na música ""SUNNY DAY SONG"" no nível NORMAL ou superior."
mst.mission.3300475._title,"Alcance uma pontuação de 50.000 na dificuldade NORMAL ou superior da música ""僕たちはひとつの光""."
mst.mission.3300475._detail,"Tente alcançar uma pontuação de 50.000 na dificuldade NORMAL ou superior da música ""僕たちはひとつの光""."
mst.mission.3300476._title,"Alcance uma pontuação de 50.000 na dificuldade NORMAL ou superior da música ""MOMENT RING""."
mst.mission.3300476._detail,"Tente alcançar uma pontuação de 50.000 na música ""MOMENT RING"" no nível NORMAL ou superior."
mst.mission.3300477._title,"Alcance uma pontuação de 50.000 na dificuldade NORMAL ou superior da música ""A song for You! You? You!!"""
mst.mission.3300477._detail,Tente alcançar uma pontuação de 50.000 na música „A song for You! You? You!!” no nível NORMAL ou superior.
mst.mission.3300478._title,"Alcance uma pontuação de 50.000 na dificuldade NORMAL ou superior da música ""HEART to HEART!"""
mst.mission.3300478._detail,"Tente alcançar uma pontuação de 50.000 na dificuldade NORMAL ou superior da música ""HEART to HEART!""."
mst.mission.3300479._title,"Alcance uma pontuação de 50.000 na dificuldade NORMAL ou superior da música ""Arashi no Naka no Koi Dakara""."
mst.mission.3300479._detail,"Tente alcançar uma pontuação de 50.000 na dificuldade NORMAL ou superior da música ""Kaze no Naka no Koi Dakara""."
mst.mission.3300480._title,"Alcance uma pontuação de 50.000 na dificuldade NORMAL ou superior da música ""Takaramonoz""."
mst.mission.3300480._detail,"Tente alcançar uma pontuação de 50.000 na música ""Takaramonoz"", no nível NORMAL ou superior."
mst.mission.3300481._title,"Alcance uma pontuação de 50.000 na dificuldade NORMAL ou superior da música ""Kimino Kokoro wa Kagayaiteru Kai?""."
mst.mission.3300481._detail,"Tente alcançar uma pontuação de 50.000 na música ""Kimino Kokoro wa Kagayaiteru Kai?"" no nível NORMAL ou superior."
mst.mission.3300482._title,"Alcance uma pontuação de 50.000 na dificuldade NORMAL ou superior da música ""Aozora Jumping Heart""."
mst.mission.3300482._detail,"Tente alcançar uma pontuação de 50.000 na música ""Aozora Jumping Heart"" no nível NORMAL ou superior."
mst.mission.3300483._title,"Alcance uma pontuação de 50.000 na dificuldade NORMAL ou superior da música ""Yume o Kataru Yori Yume Utaou""."
mst.mission.3300483._detail,"Tente alcançar uma pontuação de 50.000 na música ""Yume o Kataru Yori Yume Utaou"" no nível NORMAL ou superior."
mst.mission.3300484._title,"Alcance uma pontuação de 50.000 na dificuldade NORMAL ou superior da música ""MIRAI TICKET""."
mst.mission.3300484._detail,"Tente alcançar uma pontuação de 50.000 na música ""MIRAI TICKET"" no nível NORMAL ou superior."
mst.mission.3300485._title,"Alcance uma pontuação de 50.000 na dificuldade NORMAL ou superior da música ""HAPPY PARTY TRAIN""."
mst.mission.3300485._detail,"Tente alcançar uma pontuação de 50.000 na música ""HAPPY PARTY TRAIN"" no nível NORMAL ou superior."
mst.mission.3300486._title,"Alcance uma pontuação de 50.000 na dificuldade NORMAL ou superior da música ""Mirai no Bokura wa Shitteru yo""."
mst.mission.3300486._detail,"Tente alcançar uma pontuação de 50.000 na dificuldade NORMAL ou superior da música ""未来の僕らは知ってるよ""."
mst.mission.3300487._title,"Alcance uma pontuação de 50.000 na dificuldade NORMAL ou superior da música ""WATER BLUE NEW WORLD""."
mst.mission.3300487._detail,"Tente alcançar uma pontuação de 50.000 na música ""WATER BLUE NEW WORLD"" no nível NORMAL ou superior."
mst.mission.3300488._title,"Alcance uma pontuação de 50.000 na dificuldade NORMAL ou superior da música ""Believe again""."
mst.mission.3300488._detail,"Tente alcançar uma pontuação de 50.000 na dificuldade NORMAL ou superior da música ""Believe again""."
mst.mission.3300489._title,"Alcance uma pontuação de 50.000 na dificuldade NORMAL ou superior da música ""Brightest Melody""."
mst.mission.3300489._detail,"Tente alcançar uma pontuação de 50.000 na dificuldade NORMAL ou superior da música ""Brightest Melody""."
mst.mission.3300490._title,"Alcance uma pontuação de 50.000 na dificuldade NORMAL ou superior da música ""Deep Resonance""."
mst.mission.3300490._detail,"Tente alcançar uma pontuação de 50.000 na dificuldade NORMAL ou superior da música ""Deep Resonance""."
mst.mission.3300491._title,"Alcance uma pontuação de 50.000 na dificuldade NORMAL ou superior da música ""Untested Horizon""."
mst.mission.3300491._detail,"Tente alcançar uma pontuação de 50.000 na música ""Untested Horizon"" no nível NORMAL ou superior."
mst.mission.3300492._title,"Alcance uma pontuação de 50.000 na dificuldade NORMAL ou superior da música ""KOKORO Magic “A to Z”"""
mst.mission.3300492._detail,"Tente alcançar uma pontuação de 50.000 na música ""KOKORO Magic “A to Z”"" no nível NORMAL ou superior."
mst.mission.3300493._title,"Alcance uma pontuação de 50.000 na dificuldade NORMAL ou superior da música ""DREAMY COLOR""."
mst.mission.3300493._detail,"Tente alcançar uma pontuação de 50.000 na dificuldade NORMAL ou superior da música ""DREAMY COLOR""."
mst.mission.3300494._title,"Alcance uma pontuação de 50.000 na dificuldade NORMAL ou superior da música ""幻日ミステリウム""."
mst.mission.3300494._detail,"Tente alcançar uma pontuação de 50.000 na música ""幻日ミステリウム"" no nível NORMAL ou superior."
mst.mission.3300495._title,"Alcance uma pontuação de 50.000 na dificuldade NORMAL ou superior da música ""Omoi yo Hitotsu ni Nare (Versão para 9 membros)""."
mst.mission.3300495._detail,"Tente alcançar uma pontuação de 50.000 na música ""Omoi yo Hitotsu ni Nare (Versão para 9 membros)"" no nível NORMAL ou superior."
mst.mission.3300496._title,"Alcance uma pontuação de 50.000 na dificuldade NORMAL ou superior da música ""Jingle Bell ga Tomaranai""."
mst.mission.3300496._detail,"Alcance uma pontuação de 50.000 na dificuldade NORMAL ou superior da música ""Jingle Bell ga Tomaranai""."
mst.mission.3300497._title,"Alcance uma pontuação de 50.000 na dificuldade NORMAL ou superior da música ""TOKIMEKI Runners (12 pessoas)""."
mst.mission.3300497._detail,"Obtenha uma pontuação de 50.000 na dificuldade NORMAL ou superior da música ""TOKIMEKI Runners (versão para 12 membros)""."
mst.mission.3300498._title,"Alcance uma pontuação de 50.000 na dificuldade NORMAL ou superior da música ""Dream with You""."
mst.mission.3300498._detail,"Tente alcançar uma pontuação de 50.000 na dificuldade NORMAL ou superior da música ""Dream with You""."
mst.mission.3300499._title,"Alcance uma pontuação de 50.000 na dificuldade NORMAL ou superior da música ""Muteki-kyuu * Believer""."
mst.mission.3300499._detail,"Tente alcançar uma pontuação de 50.000 na música ""Invencível * Believer"" no nível NORMAL ou superior."
mst.mission.3300500._title,"Obtenha uma pontuação de 50.000 na dificuldade NORMAL ou superior da música ""Oudorei""."
mst.mission.3300500._detail,"Tente alcançar uma pontuação de 50.000 na música ""Oudorei"" no nível NORMAL ou superior."
mst.mission.3300501._title,"Alcance uma pontuação de 50.000 na dificuldade NORMAL ou superior da música ""VIVID WORLD""."
mst.mission.3300501._detail,"Tente alcançar uma pontuação de 50.000 na dificuldade NORMAL ou superior da música ""VIVID WORLD""."
mst.mission.3300502._title,"Alcance uma pontuação de 50.000 na dificuldade NORMAL ou superior da música ""Meccha Going!!"""
mst.mission.3300502._detail,Tente alcançar uma pontuação de 50.000 na dificuldade NORMAL ou superior da música 『めっちゃGoing!!』.
mst.mission.3300503._title,"Alcance uma pontuação de 50.000 na dificuldade NORMAL ou superior da música ""Butterfly""."
mst.mission.3300503._detail,"Tente alcançar uma pontuação de 50.000 na dificuldade NORMAL ou superior da música ""Butterfly""."
mst.mission.3300504._title,"Alcance uma pontuação de 50.000 na dificuldade NORMAL ou superior da música ""CHASE!"""
mst.mission.3300504._detail,"Tente alcançar uma pontuação de 50.000 na música ""CHASE!"" no nível NORMAL ou superior."
mst.mission.3300505._title,"Alcance uma pontuação de 50.000 na dificuldade NORMAL ou superior da música ""Ai On no Uta""."
mst.mission.3300505._detail,"Tente obter uma pontuação de 50.000 ou mais na música ""Ai On no Uta"" com dificuldade NORMAL ou superior."
mst.mission.3300506._title,"Alcance uma pontuação de 50.000 na dificuldade NORMAL ou superior da música ""Tsunaガールコネクト""."
mst.mission.3300506._detail,"Tente alcançar uma pontuação de 50.000 na música ""Tsunaガールコネクト"" no nível NORMAL ou superior."
mst.mission.3300507._title,Alcance uma pontuação de 50.000 na dificuldade NORMAL ou superior da música 『翠いカナリア』.
mst.mission.3300507._detail,"Tente alcançar uma pontuação de 50.000 na música ""Midori I Kanaria"" no nível NORMAL ou superior."
mst.mission.3300508._title,"Alcance uma pontuação de 50.000 na dificuldade NORMAL ou superior da música ""I'm Still..."""
mst.mission.3300508._detail,Tente alcançar uma pontuação de 50.000 na dificuldade NORMAL ou superior da música 『I'm Still...』.
mst.mission.3300509._title,"Alcance uma pontuação de 50.000 na dificuldade NORMAL ou superior da música ""Eutopia""."
mst.mission.3300509._detail,Tente alcançar uma pontuação de 50.000 na dificuldade NORMAL ou superior da música 『Eutopia』.
mst.mission.3300510._title,Alcance uma pontuação de 50.000 na dificuldade NORMAL ou superior da música 『L！L！L！ (Love the Life We Live)』
mst.mission.3300510._detail,Tente alcançar uma pontuação de 50.000 na dificuldade NORMAL ou superior da música 『L！L！L！ (Love the Life We Live)』.
mst.mission.3300511._title,"Alcance uma pontuação de 50.000 na dificuldade NORMAL ou superior da música ""New Year's March! (Versão de Janeiro a Junho)"""
mst.mission.3300511._detail,"Tente alcançar uma pontuação de 50.000 na música ""New Year's March! (Versão de Janeiro a Junho)"" no nível NORMAL ou superior."
mst.mission.3300512._title,"Alcance uma pontuação de 50.000 na música ""New Year's March! (versão de julho a dezembro)"" no nível NORMAL ou superior."
mst.mission.3300512._detail,"Tente alcançar uma pontuação de 50.000 na música ""New Year's March! (versão de julho a dezembro)"" no nível NORMAL ou superior."
mst.mission.3300513._title,"Alcance uma pontuação de 50.000 na dificuldade NORMAL ou superior da música ""Hajimari wa Kimi no Sora""."
mst.mission.3300513._detail,"Alcance uma pontuação de 50.000 na dificuldade NORMAL ou superior da música ""Hajimari wa Kimi no Sora""."
mst.mission.3300514._title,"Alcance uma pontuação de 50.000 na dificuldade NORMAL ou superior da música ""START!! True dreams""."
mst.mission.3300514._detail,"Tente alcançar uma pontuação de 50.000 na música ""START!! True dreams"" no nível NORMAL ou superior."
mst.mission.3300515._title,"Alcance uma pontuação de 50.000 na dificuldade NORMAL ou superior da música ""Mirai Yohō Hallelujah!"""
mst.mission.3300515._detail,"Tente alcançar uma pontuação de 50.000 na música ""Mirai Yohō Hallelujah!"" no nível NORMAL ou superior."
mst.mission.3300516._title,"Alcance uma pontuação de 50.000 na dificuldade NORMAL ou superior da música ""HOT PASSION!!"""
mst.mission.3300516._detail,"Tente alcançar uma pontuação de 50.000 na música ""HOT PASSION!!"" no nível NORMAL ou superior."
mst.mission.3300517._title,"Alcance uma pontuação de 50.000 na dificuldade NORMAL ou superior da música ""Mirai wa Kaze no Yō ni""."
mst.mission.3300517._detail,"Tente alcançar uma pontuação de 50.000 na música ""Mirai wa Kaze no Yō ni"" com dificuldade NORMAL ou superior."
mst.mission.3300518._title,"Alcance uma pontuação de 50.000 na dificuldade NORMAL ou superior da música ""Starlight Prologue""."
mst.mission.3300518._detail,"Tente alcançar uma pontuação de 50.000 na dificuldade NORMAL ou superior da música ""Starlight Prologue""."
mst.mission.3300519._title,"Alcance uma pontuação de 50.000 na dificuldade NORMAL ou superior da música ""WE WILL‼""."
mst.mission.3300519._detail,"Tente alcançar uma pontuação de 50.000 na música ""WE WILL‼"" no nível NORMAL ou superior."
mst.mission.3300520._title,"Alcance uma pontuação de 50.000 na dificuldade NORMAL ou superior da música ""Oikakeru Yume no Saki de""."
mst.mission.3300520._detail,"Tente alcançar uma pontuação de 50.000 na música ""Kakeru Yume no Saki de"" com dificuldade NORMAL ou superior."
mst.mission.3300521._title,"Alcance uma pontuação de 50.000 na dificuldade NORMAL ou superior da música ""Butterfly Wing""."
mst.mission.3300521._detail,"Alcance uma pontuação de 50.000 na dificuldade NORMAL ou superior da música ""Butterfly Wing""."
mst.mission.3300522._title,"Alcance uma pontuação de 50.000 na dificuldade NORMAL ou superior da música ""Vitamin SUMMER!"""
mst.mission.3300522._detail,"Tente alcançar uma pontuação de 50.000 na música ""Vitamin Summer!"" no nível NORMAL ou superior."
mst.mission.3300523._title,"Alcance uma pontuação de 50.000 na dificuldade NORMAL ou superior da música ""Sing! Shine! Smile!"""
mst.mission.3300523._detail,"Tente alcançar uma pontuação de 50.000 na dificuldade NORMAL ou superior da música ""Sing! Shine! Smile!""."
mst.mission.3300524._title,"Alcance uma pontuação de 50.000 na dificuldade NORMAL ou superior da música ""Mirai no Oto ga Kikoeru""."
mst.mission.3300524._detail,"Obtenha uma pontuação de 50.000 ou mais na dificuldade NORMAL ou superior da música ""未来の音が聴こえる""."
mst.mission.3300525._title,"Alcance uma pontuação de 50.000 na dificuldade NORMAL ou superior da música ""UNIVERSE!!"""
mst.mission.3300525._detail,"Tente alcançar uma pontuação de 50.000 na música ""UNIVERSE!!"" no nível NORMAL ou superior."
mst.mission.3300526._title,"Alcance uma pontuação de 50.000 na dificuldade NORMAL ou superior da música ""Jump Into the New World""."
mst.mission.3300526._detail,"Tente alcançar uma pontuação de 50.000 na música ""Jump Into the New World"" no nível NORMAL ou superior."
mst.mission.3300527._title,"Alcance uma pontuação de 50.000 na dificuldade NORMAL ou superior da música ""Minha Sinfonia ~Versão 2023~"""
mst.mission.3300527._detail,"Tente alcançar uma pontuação de 50.000 na dificuldade NORMAL ou superior da música ""Minha Sinfonia ~Versão 2023~""."
mst.mission.3300528._title,"Alcance uma pontuação de 50.000 na dificuldade NORMAL ou superior da música ""MIRACLE NEW STORY""."
mst.mission.3300528._detail,"Alcance uma pontuação de 50.000 na dificuldade NORMAL ou superior da música ""MIRACLE NEW STORY""."
mst.mission.1073001._title,[Condição para desbloquear história] (Oculto)
mst.mission.1073001._detail,Complete uma música de Love Live!
mst.mission.1073002._title,[Condição para desbloquear história] (Oculto)
mst.mission.1073002._detail,Complete vezes.
mst.mission.1073003._title,[Condição para desbloquear história] (Oculto)
mst.mission.1073003._detail,Complete músicas de Love Live!
mst.mission.1073004._title,[Condição para desbloquear história] (Oculto)
mst.mission.1073004._detail,Complete músicas de Love Live!
mst.mission.1073005._title,[Condição para desbloquear história] (Oculto)
mst.mission.1073005._detail,Complete músicas de Love Live! 70 vezes.
mst.mission.1073006._title,[Condição para desbloquear história] (Oculto)
mst.mission.1073006._detail,Complete uma música de Love Live! Sunshine!!.
mst.mission.1073007._title,[Condição para desbloquear história] (Oculto)
mst.mission.1073007._detail,Complete músicas de Love Live! Sunshine!!
mst.mission.1073008._title,[Condição para desbloquear história] (Oculto)
mst.mission.1073008._detail,Complete músicas de Love Live! Sunshine!! 30 vezes.
mst.mission.1073009._title,[Condição para desbloquear história] (Oculto)
mst.mission.1073009._detail,Complete músicas 50 vezes.
mst.mission.1073010._title,[Condição para desbloquear história] (Oculto)
mst.mission.1073010._detail,Complete músicas 70 vezes.
mst.mission.1073011._title,[Condição para desbloquear história] (Oculto)
mst.mission.1073011._detail,Complete uma música de Love Live! Nijigasaki School Idol Club.
mst.mission.1073012._title,[Condição para desbloquear história] (Oculto)
mst.mission.1073012._detail,Complete músicas do Love Live! Nijigasaki School Idol Club duas vezes.
mst.mission.1073013._title,[Condição para desbloquear história] (Oculto)
mst.mission.1073013._detail,Complete músicas de Love Live! Nijigasaki School Idol Club três vezes.
mst.mission.1073014._title,[Condição para desbloquear história] (Oculto)
mst.mission.1073014._detail,Complete músicas de Love Live! Nijigasaki High School Idol Club.
mst.mission.1073015._title,[Condição para desbloquear história] (Oculto)
mst.mission.1073015._detail,Complete 5 músicas de Love Live! Nijigasaki Gakuen School Idol Club.
mst.mission.1073016._title,[Condição para desbloquear história] (Oculto)
mst.mission.1073016._detail,Complete uma música de Love Live! Superstars!!
mst.mission.1073017._title,[Condição para desbloquear história] (Oculto)
mst.mission.1073017._detail,Complete músicas de Love Live! Superstar!!
mst.mission.1073018._title,[Condição para desbloquear história] (Oculto)
mst.mission.1073018._detail,Complete músicas de Love Live! Superstar!!
mst.mission.1073019._title,[Condição para desbloquear história] (Oculto)
mst.mission.1073019._detail,Complete músicas de Love Live! Superstar!!
mst.mission.1073020._title,[Condição para desbloquear história] (Oculto)
mst.mission.1073020._detail,Complete 70 músicas de Love Live! Superstar!!.
mst.mission.1073021._title,[Condição para desbloquear história] (Oculto)
mst.mission.1073021._detail,Complete músicas 50 vezes.
mst.mission.1073022._title,[Condição para desbloquear história] (Oculto)
mst.mission.1073022._detail,Complete músicas 70 vezes.
mst.mission.1073023._title,[Condição para desbloquear história] (Oculto)
mst.mission.1073023._detail,Complete músicas de Love Live! Superstar!!
mst.mission.1073024._title,[Condição para desbloquear história] (Oculto)
mst.mission.1073024._detail,Complete 70 músicas de Love Live! Superstar!!.
mst.mission.1073025._title,[Condição para desbloquear história] (Oculto)
mst.mission.1073025._detail,Complete músicas de Love Live! Nijigasaki High School Idol Club.
mst.mission.1073026._title,[Condição para desbloquear história] (Oculto)
mst.mission.1073026._detail,Complete músicas de Love Live! Nijigasaki High School Idol Club.
mst.mission.1073027._title,[Condição para desbloquear história] (Oculto)
mst.mission.1073027._detail,Complete músicas de Love Live! Nijigasaki High School Idol Club.
mst.mission.1073028._title,[Condição para desbloquear história] (Oculto)
mst.mission.1073028._detail,Complete músicas de Love Live! Nijigasaki High School Idol Club.
mst.mission.1073029._title,[Condição para desbloquear história] (Oculto)
mst.mission.1073029._detail,Complete músicas de Love Live! Nijigasaki High School Idol Club.
mst.mission.1073030._title,[Condição para desbloquear história] (Oculto)
mst.mission.1073030._detail,Complete músicas de Love Live! Nijigasaki High School Idol Club.
mst.mission.1073031._title,[Condição para desbloquear história] (Oculto)
mst.mission.1073031._detail,Complete músicas de Love Live! Nijigasaki High School Idol Club.
mst.mission.1073032._title,[Condição para desbloquear história] (Oculto)
mst.mission.1073032._detail,Complete músicas de Love Live! Nijigasaki High School Idol Club.
mst.mission.1073033._title,[Condição para desbloquear história] (Oculto)
mst.mission.1073033._detail,Complete músicas de Love Live! Nijigasaki High School Idol Club.
mst.mission.1073034._title,[Condição para desbloquear história] (Oculto)
mst.mission.1073034._detail,Complete músicas de Love Live! Nijigasaki High School Idol Club.
mst.mission.1073035._title,[Condição para desbloquear história] (Oculto)
mst.mission.1073035._detail,Complete músicas de Love Live! Nijigasaki High School Idol Club.
mst.mission.1073036._title,[Condição para desbloquear história] (Oculto)
mst.mission.1073036._detail,Complete músicas de Love Live! Nijigasaki High School Idol Club.
mst.mission.1073037._title,[Condição para desbloquear história] (Oculto)
mst.mission.1073037._detail,Complete músicas de Love Live! Nijigasaki School Idol Club 15 vezes.
mst.mission.1073038._title,[Condição para desbloquear história] (Oculto)
mst.mission.1073038._detail,Complete músicas de Love Live! Nijigasaki School Idol Club 15 vezes.
mst.mission.1073039._title,[Condição para desbloquear história] (Oculto)
mst.mission.1073039._detail,Complete músicas de Love Live! Nijigasaki School Idol Club 15 vezes.
mst.mission.1073040._title,[Condição para desbloquear história] (Oculto)
mst.mission.1073040._detail,Complete músicas de Love Live! Nijigasaki School Idol Club 15 vezes.
mst.mission.1073041._title,[Condição para desbloquear história] (Oculto)
mst.mission.1073041._detail,Complete músicas de Love Live! Nijigasaki School Idol Club 15 vezes.
mst.mission.1073042._title,[Condição para desbloquear história] (Oculto)
mst.mission.1073042._detail,Complete músicas de Love Live! Nijigasaki School Idol Club 15 vezes.
mst.mission.1073043._title,[Condição para desbloquear história] (Oculto)
mst.mission.1073043._detail,Complete músicas de Love Live! Nijigasaki School Idol Club 15 vezes.
mst.mission.1073044._title,[Condição para desbloquear história] (Oculto)
mst.mission.1073044._detail,Complete músicas de Love Live! Nijigasaki School Idol Club 15 vezes.
mst.mission.1073045._title,[Condição para desbloquear história] (Oculto)
mst.mission.1073045._detail,Complete músicas de Love Live! Nijigasaki School Idol Club 15 vezes.
mst.mission.1073046._title,[Condição para desbloquear história] (Oculto)
mst.mission.1073046._detail,Complete músicas de Love Live! Nijigasaki School Idol Club 15 vezes.
mst.mission.1073047._title,[Condição para desbloquear história] (Oculto)
mst.mission.1073047._detail,Complete músicas de Love Live! Nijigasaki School Idol Club 15 vezes.
mst.mission.1073048._title,[Condição para desbloquear história] (Oculto)
mst.mission.1073048._detail,Complete músicas de Love Live! Nijigasaki School Idol Club 15 vezes.
mst.mission.1073049._title,[Condição para desbloquear história] (Oculto)
mst.mission.1073049._detail,Complete 20 músicas de Love Live! Nijigasaki School Idol Club.
mst.mission.1073050._title,[Condição para desbloquear história] (Oculto)
mst.mission.1073050._detail,Complete 20 músicas de Love Live! Nijigasaki School Idol Club.
mst.mission.1073051._title,[Condição para desbloquear história] (Oculto)
mst.mission.1073051._detail,Complete 20 músicas de Love Live! Nijigasaki School Idol Club.
mst.mission.1073052._title,[Condição para desbloquear história] (Oculto)
mst.mission.1073052._detail,Complete 20 músicas de Love Live! Nijigasaki School Idol Club.
mst.mission.1073053._title,[Condição para desbloquear história] (Oculto)
mst.mission.1073053._detail,Complete 20 músicas de Love Live! Nijigasaki School Idol Club.
mst.mission.1073054._title,[Condição para desbloquear história] (Oculto)
mst.mission.1073054._detail,Complete 20 músicas de Love Live! Nijigasaki School Idol Club.
mst.mission.1073055._title,[Condição para desbloquear história] (Oculto)
mst.mission.1073055._detail,Complete 20 músicas de Love Live! Nijigasaki School Idol Club.
mst.mission.1073056._title,[Condição para desbloquear história] (Oculto)
mst.mission.1073056._detail,Complete 20 músicas de Love Live! Nijigasaki School Idol Club.
mst.mission.1073057._title,[Condição para desbloquear história] (Oculto)
mst.mission.1073057._detail,Complete 20 músicas de Love Live! Nijigasaki School Idol Club.
mst.mission.1073058._title,[Condição para desbloquear história] (Oculto)
mst.mission.1073058._detail,Complete 20 músicas de Love Live! Nijigasaki School Idol Club.
mst.mission.1073059._title,[Condição para desbloquear história] (Oculto)
mst.mission.1073059._detail,Complete 20 músicas de Love Live! Nijigasaki School Idol Club.
mst.mission.1073060._title,[Condição para desbloquear história] (Oculto)
mst.mission.1073060._detail,Complete 20 músicas de Love Live! Nijigasaki School Idol Club.
mst.mission.1073061._title,[Condição para desbloquear história] (Oculto)
mst.mission.1073061._detail,Complete músicas de Love Live!
mst.mission.1073062._title,[Condição para desbloquear história] (Oculto)
mst.mission.1073062._detail,Complete músicas de Love Live!
mst.mission.1073063._title,[Condição para desbloquear história] (Oculto)
mst.mission.1073063._detail,Complete músicas de Love Live!
mst.mission.1073064._title,[Condição para desbloquear história] (Oculto)
mst.mission.1073064._detail,Complete músicas de Love Live! Superstar!!
mst.mission.1073065._title,[Condição para desbloquear história] (Oculto)
mst.mission.1073065._detail,Complete 15 músicas de Love Live! Superstar!!.
mst.mission.1073066._title,[Condição para desbloquear história] (Oculto)
mst.mission.1073066._detail,Complete músicas de Love Live! Superstar!! 20 vezes.
mst.mission.1805001._title,Complete um Live
mst.mission.1805001._detail,Complete um Live.
mst.mission.1805002._title,Complete 2 Lives
mst.mission.1805002._detail,Complete 2 Lives.
mst.mission.1805003._title,Complete 3 Lives
mst.mission.1805003._detail,Complete 3 Lives.
mst.mission.1805004._title,Complete 4 Lives
mst.mission.1805004._detail,Complete 4 Lives.
mst.mission.1805005._title,Complete 5 Lives
mst.mission.1805005._detail,Complete 5 Lives.
mst.mission.1805006._title,Complete Lives
mst.mission.1805006._detail,Complete 6 Lives.
mst.mission.1805007._title,Complete 7 Lives
mst.mission.1805007._detail,Complete 7 Lives.
mst.mission.1805008._title,Complete Lives
mst.mission.1805008._detail,Complete 8 Lives.
mst.mission.1805009._title,Complete 9 Lives
mst.mission.1805009._detail,Complete 9 Lives.
mst.mission.1805010._title,Complete 10 Lives
mst.mission.1805010._detail,Complete 10 Lives.
mst.mission.1805011._title,Complete Lives
mst.mission.1805011._detail,Complete Lives.
mst.mission.1805012._title,Complete Lives
mst.mission.1805012._detail,Complete Lives.
mst.mission.1805013._title,Complete Lives
mst.mission.1805013._detail,Complete Lives.
mst.mission.1805014._title,Complete Lives
mst.mission.1805014._detail,Complete Lives.
mst.mission.1805015._title,Complete 15 Lives
mst.mission.1805015._detail,Complete 15 Lives.
mst.mission.1805016._title,Complete Lives
mst.mission.1805016._detail,Complete Lives.
mst.mission.1805017._title,Complete Lives
mst.mission.1805017._detail,Complete Lives.
mst.mission.1805018._title,Complete Lives
mst.mission.1805018._detail,Complete 18 Lives.
mst.mission.1805019._title,Complete Lives
mst.mission.1805019._detail,Complete Lives.
mst.mission.1805020._title,Complete 20 Lives
mst.mission.1805020._detail,Complete 20 Lives.
mst.mission.1805021._title,Complete Lives
mst.mission.1805021._detail,Complete Lives.
mst.mission.1805022._title,Complete Lives
mst.mission.1805022._detail,Complete Lives.
mst.mission.1805023._title,Complete Lives
mst.mission.1805023._detail,Complete Lives.
mst.mission.1805024._title,Complete Lives
mst.mission.1805024._detail,Complete Lives.
mst.mission.1805025._title,Complete 25 Lives
mst.mission.1805025._detail,Complete 25 Lives.
mst.mission.1805026._title,Complete Lives
mst.mission.1805026._detail,Complete Lives.
mst.mission.1805027._title,Complete 30 Lives
mst.mission.1805027._detail,Complete 30 Lives.
mst.mission.1805028._title,Complete Lives
mst.mission.1805028._detail,Complete Lives.
mst.mission.1805029._title,Complete Lives
mst.mission.1805029._detail,Complete Lives.
mst.mission.1805030._title,Complete Lives
mst.mission.1805030._detail,Complete Lives.
mst.mission.1805031._title,Complete Lives
mst.mission.1805031._detail,Complete Lives.
mst.mission.1805032._title,Complete Lives
mst.mission.1805032._detail,Complete Lives.
mst.mission.1805033._title,Complete Lives
mst.mission.1805033._detail,Complete Lives.
mst.mission.1805034._title,Complete Lives
mst.mission.1805034._detail,Complete Lives.
mst.mission.1805035._title,Complete 50 Lives
mst.mission.1805035._detail,Complete 50 Lives.
