_key,_text
mst.mission.1153001._title,Connectez-vous pendant 4 jours
mst.mission.1153001._detail,Connectez-vous pendant 4 jours.
mst.mission.1153002._title,Connectez-vous pendant 5 jours
mst.mission.1153002._detail,Connectez-vous pendant 5 jours.
mst.mission.1153003._title,Connectez-vous pendant 10 jours
mst.mission.1153003._detail,Connectez-vous pendant 10 jours.
mst.mission.1153004._title,Connectez-vous pendant 15 jours
mst.mission.1153004._detail,Connectez-vous pendant 15 jours.
mst.mission.1153005._title,Connectez-vous pendant 20 jours
mst.mission.1153005._detail,Connectez-vous pendant 20 jours.
mst.mission.1153006._title,Connectez-vous pendant 30 jours
mst.mission.1153006._detail,Connectez-vous pendant 30 jours.
mst.mission.1153007._title,Connectez-vous pendant 40 jours
mst.mission.1153007._detail,Connectez-vous pendant 40 jours.
mst.mission.1153008._title,Connectez-vous pendant 50 jours
mst.mission.1153008._detail,Connectez-vous pendant 50 jours.
mst.mission.1153009._title,Connectez-vous pendant 60 jours
mst.mission.1153009._detail,Connectez-vous pendant 60 jours.
mst.mission.1153010._title,Connectez-vous pendant 70 jours
mst.mission.1153010._detail,Connectez-vous pendant 70 jours.
mst.mission.1153011._title,Connectez-vous pendant 80 jours
mst.mission.1153011._detail,Connectez-vous pendant 80 jours.
mst.mission.1153012._title,Connectez-vous pendant 90 jours
mst.mission.1153012._detail,Connectez-vous pendant 90 jours.
mst.mission.1153013._title,Connectez-vous pendant 100 jours
mst.mission.1153013._detail,Connectez-vous pendant 100 jours.
mst.mission.1153014._title,Connectez-vous pendant 150 jours
mst.mission.1153014._detail,Connectez-vous pendant 150 jours.
mst.mission.1153015._title,Connectez-vous pendant 200 jours.
mst.mission.1153015._detail,Connectez-vous pendant 200 jours.
mst.mission.1153016._title,Connectez-vous pendant 250 jours
mst.mission.1153016._detail,Connectez-vous pendant 250 jours.
mst.mission.1153017._title,Connectez-vous pendant 300 jours
mst.mission.1153017._detail,Connectez-vous pendant 300 jours.
mst.mission.1153018._title,Connectez-vous pendant 400 jours
mst.mission.1153018._detail,Connectez-vous pendant 400 jours.
mst.mission.1153019._title,Connectez-vous pendant 500 jours
mst.mission.1153019._detail,Connectez-vous pendant 500 jours.
mst.mission.1105001._title,Live : terminez-le 30 fois
mst.mission.1105001._detail,Terminez 30 Lives.
mst.mission.1105002._title,Termes convenus — Termes convenus
mst.mission.1105002._detail,Terminez 50 Lives.
mst.mission.1105003._title,Terminez 100 Lives
mst.mission.1105003._detail,Terminez 100 Lives.
mst.mission.1105004._title,Terminez 200 Lives
mst.mission.1105004._detail,Terminez 200 Lives.
mst.mission.1105005._title,Terminez 300 Lives
mst.mission.1105005._detail,Terminez 300 Lives.
mst.mission.1105006._title,Terminez 400 Lives
mst.mission.1105006._detail,Terminez 400 Lives.
mst.mission.1105007._title,Terminez 500 Lives
mst.mission.1105007._detail,Terminez 500 Lives.
mst.mission.1105008._title,Live : terminez-le 600 fois
mst.mission.1105008._detail,Terminez 600 Lives.
mst.mission.1105009._title,Terminez 700 Lives
mst.mission.1105009._detail,Terminez 700 Lives.
mst.mission.1105010._title,Terminez 800 Lives
mst.mission.1105010._detail,Terminez 800 Lives.
mst.mission.1105011._title,Terminez 900 Lives
mst.mission.1105011._detail,Terminez 900 Lives.
mst.mission.1105012._title,Terminez 1 000 Lives
mst.mission.1105012._detail,Terminez 1000 Lives.
mst.mission.1105013._title,Terminez 2 000 Lives
mst.mission.1105013._detail,Terminez 2000 Lives.
mst.mission.1105014._title,Terminez 3000 Lives
mst.mission.1105014._detail,Terminez 3000 Lives.
mst.mission.1105015._title,Terminez 4 000 Lives
mst.mission.1105015._detail,Terminez 4000 Lives.
mst.mission.1105016._title,Live : terminez-le 5 000 fois
mst.mission.1105016._detail,Terminez 5 000 Lives.
mst.mission.1105017._title,Live : terminez-le 10 000 fois
mst.mission.1105017._detail,Terminez 10 000 Lives.
mst.mission.1101001._title,Atteindre le niveau 10 en tant que joueur
mst.mission.1101001._detail,Atteignez le niveau 10 en tant que joueuse.
mst.mission.1101002._title,Atteindre le niveau 20
mst.mission.1101002._detail,Atteindre le niveau 20.
mst.mission.1101003._title,Atteindre le niveau 30
mst.mission.1101003._detail,Atteindre le niveau 30.
mst.mission.1101004._title,Atteindre le niveau 40
mst.mission.1101004._detail,Atteindre le niveau 40.
mst.mission.1101005._title,Atteindre le niveau 50
mst.mission.1101005._detail,Atteindre le niveau 50.
mst.mission.1101006._title,Atteindre le niveau 60
mst.mission.1101006._detail,Atteindre le niveau 60.
mst.mission.1101007._title,Atteindre le niveau 70
mst.mission.1101007._detail,Atteindre le niveau 70.
mst.mission.1101008._title,Atteindre le niveau 80
mst.mission.1101008._detail,Atteindre le niveau 80.
mst.mission.1101009._title,Atteindre le niveau 90
mst.mission.1101009._detail,Atteindre le niveau 90.
mst.mission.1101010._title,Atteindre le niveau 100
mst.mission.1101010._detail,Atteindre le niveau 100.
mst.mission.1101011._title,Atteindre le rang joueur 110
mst.mission.1101011._detail,Atteindre le rang de joueur 110.
mst.mission.1101012._title,Atteindre le rang joueur 120
mst.mission.1101012._detail,Atteignez le niveau 120.
mst.mission.1101013._title,Atteindre le niveau 130
mst.mission.1101013._detail,Atteindre le niveau 130.
mst.mission.1101014._title,Atteindre le niveau 140
mst.mission.1101014._detail,Atteindre le rang de joueur 140.
mst.mission.1101015._title,Atteindre le rang joueur 150
mst.mission.1101015._detail,Atteindre le niveau joueur 150.
mst.mission.1101016._title,Atteindre le rang joueur 160
mst.mission.1101016._detail,Atteindre le rang de joueur 160.
mst.mission.1101017._title,Atteindre le rang joueur 170
mst.mission.1101017._detail,Atteindre le rang de joueur 170.
mst.mission.1101018._title,Atteindre le rang joueur 180
mst.mission.1101018._detail,Atteindre le rang de joueur 180
mst.mission.1101019._title,Atteindre le rang de joueur 190
mst.mission.1101019._detail,Atteindre le niveau 190.
mst.mission.1101020._title,Atteindre le rang de joueur 200
mst.mission.1101020._detail,Atteindre le rang de joueur 200.
mst.mission.1101021._title,Atteindre le niveau 210
mst.mission.1101021._detail,Atteindre le rang de joueur 210.
mst.mission.1101022._title,Atteindre le rang de joueur 220
mst.mission.1101022._detail,Atteindre le rang de joueur 220
mst.mission.1101023._title,Atteindre le rang de joueur 230
mst.mission.1101023._detail,Atteindre le rang de joueur 230.
mst.mission.1101024._title,Atteindre le rang de joueur 240
mst.mission.1101024._detail,Atteindre le rang de joueur 240
mst.mission.1101025._title,Atteindre le rang de joueur 250
mst.mission.1101025._detail,Atteindre le rang de joueur 250
mst.mission.1101026._title,Atteindre le rang de joueur 260
mst.mission.1101026._detail,Atteindre le rang de joueur 260
mst.mission.1101027._title,Atteindre le rang de joueur 270
mst.mission.1101027._detail,Atteindre le rang de joueur 270.
mst.mission.1101028._title,Atteindre le rang de joueur 280
mst.mission.1101028._detail,Atteindre le rang de joueur 280.
mst.mission.1101029._title,Atteindre le rang de joueur 290
mst.mission.1101029._detail,Atteindre le rang de joueur 290.
mst.mission.1101030._title,Atteindre le rang joueur 300
mst.mission.1101030._detail,Atteindre le rang de joueur 300.
mst.mission.1114001._title,Élever les Idoles au niveau 20 ou plus
mst.mission.1114001._detail,Améliorez le niveau de vos Idoles à 20 ou plus.
mst.mission.1114002._title,Améliorez 2 Idoles au niveau 20 ou plus.
mst.mission.1114002._detail,Améliorez 2 Idoles au niveau 20 ou plus.
mst.mission.1114003._title,Améliorez 3 Idoles au niveau 20 ou plus
mst.mission.1114003._detail,Améliorez 3 Idoles au niveau 20 ou plus.
mst.mission.1114004._title,Améliorez 4 Idoles au niveau 20 ou plus.
mst.mission.1114004._detail,Améliorez 4 Idoles au niveau 20 ou plus.
mst.mission.1114005._title,Améliorez 5 Idoles au niveau 20 ou plus.
mst.mission.1114005._detail,Améliorez 5 Idoles au niveau 20 ou plus.
mst.mission.1114006._title,Améliorez 6 Idoles au niveau 20 ou plus.
mst.mission.1114006._detail,Améliorez 6 Idoles au niveau 20 ou plus.
mst.mission.1114007._title,Améliorez 7 Idoles au niveau 20 ou plus.
mst.mission.1114007._detail,Améliorez 7 Idoles au niveau 20 ou plus.
mst.mission.1114008._title,Améliorez 8 Idoles au niveau 20 ou plus.
mst.mission.1114008._detail,Améliorez 8 Idoles au niveau 20 ou plus.
mst.mission.1114009._title,Améliorez 9 Idoles au niveau 20 ou plus.
mst.mission.1114009._detail,Améliorez 9 Idoles au niveau 20 ou plus.
mst.mission.1114010._title,Améliorez 10 Idoles au niveau 20 ou plus.
mst.mission.1114010._detail,Améliorez 10 Idoles au niveau 20 ou plus.
mst.mission.1114011._title,Améliorez 11 Idoles au niveau 20 ou plus.
mst.mission.1114011._detail,Améliorez 11 Idoles au niveau 20 ou plus.
mst.mission.1114012._title,12 Idoles au niveau 20 ou plus
mst.mission.1114012._detail,Améliorez 12 Idoles au niveau 20 ou plus.
mst.mission.1114013._title,Améliorez 13 Idoles au niveau 20 ou plus.
mst.mission.1114013._detail,Améliorez 13 Idoles au niveau 20 ou plus.
mst.mission.1114014._title,Améliorez 14 Idoles au niveau 20 ou plus.
mst.mission.1114014._detail,Améliorez Idoles au niveau 20 ou plus.
mst.mission.1114015._title,Améliorez 15 Idoles au niveau 20 ou plus
mst.mission.1114015._detail,Améliorez 15 Idoles au niveau 20 ou plus.
mst.mission.1114016._title,Améliorez 16 Idoles au niveau 20 ou plus
mst.mission.1114016._detail,Améliorez 16 Idoles au niveau 20 ou plus.
mst.mission.1114017._title,Améliorez 17 Idoles au niveau 20 ou plus
mst.mission.1114017._detail,Améliorez Idoles au niveau 20 ou plus.
mst.mission.1114018._title,Améliorez 18 Idoles au niveau 20 ou plus.
mst.mission.1114018._detail,Améliorez 18 Idoles au niveau 20 ou plus.
mst.mission.1114019._title,Améliorez 19 Idoles au niveau 20 ou plus
mst.mission.1114019._detail,Améliorez 19 Idoles au niveau 20 ou plus.
mst.mission.1114020._title,Améliorez 20 Idoles au niveau 20 ou plus.
mst.mission.1114020._detail,Améliorez Idoles au niveau 20 ou plus.
mst.mission.1114021._title,Améliorez 21 Idoles au niveau 20 ou plus
mst.mission.1114021._detail,Améliorez Idoles au niveau 20 ou plus.
mst.mission.1114022._title,Améliorez Idoles au niveau 20 ou plus
mst.mission.1114022._detail,Améliorez Idoles au niveau 20 ou plus.
mst.mission.1114023._title,Améliorez 23 Idoles au niveau 20 ou plus
mst.mission.1114023._detail,Améliorez Idoles au niveau 20 ou plus.
mst.mission.1114024._title,Améliorez 24 Idoles au niveau 20 ou plus
mst.mission.1114024._detail,Améliorez Idoles au niveau 20 ou plus.
mst.mission.1114025._title,Améliorez 25 Idoles au niveau 20 ou plus
mst.mission.1114025._detail,Améliorez Idoles au niveau 20 ou plus.
mst.mission.1114026._title,Améliorez Idoles au niveau 20 ou plus
mst.mission.1114026._detail,Améliorez Idoles au niveau 20 ou plus.
mst.mission.1114027._title,Améliorez 27 Idoles au niveau 20 ou plus.
mst.mission.1114027._detail,Améliorez 27 Idoles au niveau 20 ou plus.
mst.mission.1114028._title,Améliorez les Idoles au niveau 40 ou plus
mst.mission.1114028._detail,Améliorez le niveau des Idoles à 40 ou plus.
mst.mission.1114029._title,Améliorez 2 Idoles au niveau 40 ou plus.
mst.mission.1114029._detail,Améliorez 2 Idoles au niveau 40 ou plus.
mst.mission.1114030._title,Améliorez 3 Idoles au niveau 40 ou plus.
mst.mission.1114030._detail,Améliorez 3 Idoles au niveau 40 ou plus.
mst.mission.1114031._title,Améliorez 4 Idoles au niveau 40 ou plus.
mst.mission.1114031._detail,Améliorez 4 Idoles au niveau 40 ou plus.
mst.mission.1114032._title,Améliorez 5 Idoles au niveau 40 ou plus.
mst.mission.1114032._detail,Améliorez 5 Idoles au niveau 40 ou plus.
mst.mission.1114033._title,Améliorez 6 Idoles au niveau 40 ou plus.
mst.mission.1114033._detail,Améliorez 6 Idoles au niveau 40 ou plus.
mst.mission.1114034._title,Améliorez 7 Idoles au niveau 40 ou plus
mst.mission.1114034._detail,Améliorez 7 Idoles au niveau 40 ou plus.
mst.mission.1114035._title,Améliorez 8 Idoles au niveau 40 ou plus.
mst.mission.1114035._detail,Améliorez 8 Idoles au niveau 40 ou plus.
mst.mission.1114036._title,Améliorez 9 Idoles au niveau 40 ou plus
mst.mission.1114036._detail,Améliorez 9 Idoles au niveau 40 ou plus.
mst.mission.1114037._title,Améliorez 10 Idoles au niveau 40 ou plus.
mst.mission.1114037._detail,Améliorez 10 Idoles au niveau 40 ou plus.
mst.mission.1114038._title,Améliorez 11 Idoles au niveau 40 ou plus
mst.mission.1114038._detail,Améliorez 11 Idoles au niveau 40 ou plus.
mst.mission.1114039._title,Améliorez 12 Idoles au niveau 40 ou plus.
mst.mission.1114039._detail,Améliorez 12 Idoles au niveau 40 ou plus.
mst.mission.1114040._title,Améliorez 13 Idoles au niveau 40 ou plus.
mst.mission.1114040._detail,Améliorez 13 Idoles au niveau 40 ou plus.
mst.mission.1114041._title,Faire passer 14 Idoles au niveau 40 ou plus
mst.mission.1114041._detail,Améliorez 14 Idoles au niveau 40 ou plus.
mst.mission.1114042._title,Améliorez 15 Idoles au niveau 40 ou plus
mst.mission.1114042._detail,Améliorez 15 Idoles au niveau 40 ou plus.
mst.mission.1114043._title,Améliorez 16 Idoles au niveau 40 ou plus
mst.mission.1114043._detail,Améliorez 16 Idoles au niveau 40 ou plus.
mst.mission.1114044._title,Améliorez 17 Idoles au niveau 40 ou plus.
mst.mission.1114044._detail,Améliorez 17 Idoles au niveau 40 ou plus.
mst.mission.1114045._title,Améliorez 18 Idoles au niveau 40 ou plus
mst.mission.1114045._detail,Améliorez 18 Idoles au niveau 40 ou plus.
mst.mission.1114046._title,Améliorez 19 Idoles au niveau 40 ou plus.
mst.mission.1114046._detail,Améliorez 19 Idoles au niveau 40 ou plus.
mst.mission.1114047._title,Améliorez 20 Idoles au niveau 40 ou plus.
mst.mission.1114047._detail,Améliorez 20 Idoles au niveau 40 ou plus.
mst.mission.1114048._title,Améliorez Idoles au niveau 40 ou plus.
mst.mission.1114048._detail,Améliorez 21 Idoles au niveau 40 ou plus.
mst.mission.1114049._title,Améliorez 22 Idoles au niveau 40 ou plus
mst.mission.1114049._detail,Améliorez Idoles au niveau 40 ou plus.
mst.mission.1114050._title,Améliorez Idoles au niveau 40 ou plus.
mst.mission.1114050._detail,Améliorez le niveau de 23 Idoles à 40 ou plus.
mst.mission.1114051._title,Améliorez Idoles au niveau 40 ou plus.
mst.mission.1114051._detail,Améliorez Idoles au niveau 40 ou plus.
mst.mission.1114052._title,Améliorez 25 Idoles au niveau 40 ou plus
mst.mission.1114052._detail,Améliorez Idoles au niveau 40 ou plus.
mst.mission.1114053._title,Améliorez Idoles au niveau 40 ou plus.
mst.mission.1114053._detail,Améliorez Idoles au niveau 40 ou plus.
mst.mission.1114054._title,Améliorez 27 Idoles au niveau 40 ou plus.
mst.mission.1114054._detail,Améliorez 27 Idoles au niveau 40 ou plus.
mst.mission.1114055._title,Améliorez les Idoles au niveau 60 ou plus.
mst.mission.1114055._detail,Améliorez le niveau des Idoles à 60 ou plus.
mst.mission.1114056._title,Améliorez 2 Idoles au niveau 60 ou plus
mst.mission.1114056._detail,Améliorez 2 Idoles au niveau 60 ou plus.
mst.mission.1114057._title,Améliorez 3 Idoles au niveau 60 ou plus
mst.mission.1114057._detail,Améliorez 3 Idoles au niveau 60 ou plus.
mst.mission.1114058._title,Améliorez 4 Idoles au niveau 60 ou plus.
mst.mission.1114058._detail,Améliorez 4 Idoles au niveau 60 ou plus.
mst.mission.1114059._title,Améliorez 5 Idoles au niveau 60 ou plus.
mst.mission.1114059._detail,Améliorez 5 Idoles au niveau 60 ou plus.
mst.mission.1114060._title,Améliorez 6 Idoles au niveau 60 ou plus.
mst.mission.1114060._detail,Améliorez 6 Idoles au niveau 60 ou plus.
mst.mission.1114061._title,Améliorez 7 Idoles au niveau 60 ou plus.
mst.mission.1114061._detail,Améliorez 7 Idoles au niveau 60 ou plus.
mst.mission.1114062._title,Améliorez 8 Idoles au niveau 60 ou plus.
mst.mission.1114062._detail,Améliorez 8 Idoles au niveau 60 ou plus.
mst.mission.1114063._title,Améliorez 9 Idoles au niveau 60 ou plus.
mst.mission.1114063._detail,Améliorez le niveau de 9 Idoles à 60 ou plus.
mst.mission.1114064._title,Améliorez 10 Idoles au niveau 60 ou plus.
mst.mission.1114064._detail,Améliorez 10 Idoles au niveau 60 ou plus.
mst.mission.1114065._title,Améliorez 11 Idoles au niveau 60 ou plus.
mst.mission.1114065._detail,Améliorez 11 Idoles au niveau 60 ou plus.
mst.mission.1114066._title,Améliorez 12 Idoles au niveau 60 ou plus.
mst.mission.1114066._detail,Améliorez 12 Idoles au niveau 60 ou plus.
mst.mission.1114067._title,Améliorez 13 Idoles au niveau 60 ou plus.
mst.mission.1114067._detail,Améliorez 13 Idoles au niveau 60 ou plus.
mst.mission.1114068._title,Améliorez 14 Idoles au niveau 60 ou plus.
mst.mission.1114068._detail,Améliorez 14 Idoles au niveau 60 ou plus.
mst.mission.1114069._title,Améliorez 15 Idoles au niveau 60 ou plus.
mst.mission.1114069._detail,Améliorez 15 Idoles au niveau 60 ou plus.
mst.mission.1114070._title,Améliorez 16 Idoles au niveau 60 ou plus.
mst.mission.1114070._detail,Améliorez 16 Idoles au niveau 60 ou plus.
mst.mission.1114071._title,Améliorez 17 Idoles au niveau 60 ou plus.
mst.mission.1114071._detail,Améliorez 17 Idoles au niveau 60 ou plus.
mst.mission.1114072._title,Améliorez 18 Idoles au niveau 60 ou plus.
mst.mission.1114072._detail,Améliorez 18 Idoles au niveau 60 ou plus.
mst.mission.1114073._title,Améliorez 19 Idoles au niveau 60 ou plus
mst.mission.1114073._detail,Améliorez 19 Idoles au niveau 60 ou plus.
mst.mission.1114074._title,Améliorez Idoles au niveau 60 ou plus.
mst.mission.1114074._detail,Améliorez 20 Idoles au niveau 60 ou plus.
mst.mission.1114075._title,Améliorez Idoles au niveau 60 ou plus
mst.mission.1114075._detail,Améliorez Idoles au niveau 60 ou plus.
mst.mission.1114076._title,Améliorez Idoles au niveau 60 ou plus.
mst.mission.1114076._detail,Améliorez 22 Idoles au niveau 60 ou plus.
mst.mission.1114077._title,Améliorez 23 Idoles au niveau 60 ou plus.
mst.mission.1114077._detail,Améliorez le niveau de 23 Idoles à 60 ou plus.
mst.mission.1114078._title,Améliorez 24 Idoles au niveau 60 ou plus.
mst.mission.1114078._detail,Améliorez Idoles au niveau 60 ou plus.
mst.mission.1114079._title,Améliorez 25 Idoles au niveau 60 ou plus.
mst.mission.1114079._detail,Améliorez 25 Idoles au niveau 60 ou plus.
mst.mission.1114080._title,Améliorez Idoles au niveau 60 ou plus.
mst.mission.1114080._detail,Améliorez Idoles au niveau 60 ou plus.
mst.mission.1114081._title,Améliorez 27 Idoles au niveau 60 ou plus.
mst.mission.1114081._detail,Améliorez 27 Idoles au niveau 60 ou plus.
mst.mission.1114082._title,Améliorez les Idoles au niveau 80 ou plus
mst.mission.1114082._detail,Améliorez le niveau des Idoles à 80 ou plus.
mst.mission.1114083._title,Améliorez 2 Idoles au niveau 80 ou plus
mst.mission.1114083._detail,Améliorez 2 Idoles au niveau 80 ou plus.
mst.mission.1114084._title,Améliorez 3 Idoles au niveau 80 ou plus
mst.mission.1114084._detail,Améliorez 3 Idoles au niveau 80 ou plus.
mst.mission.1114085._title,Améliorez 4 Idoles au niveau 80 ou plus
mst.mission.1114085._detail,Améliorez 4 Idoles au niveau 80 ou plus.
mst.mission.1114086._title,Améliorez 5 Idoles au niveau 80 ou plus.
mst.mission.1114086._detail,Améliorez 5 Idoles au niveau 80 ou plus.
mst.mission.1114087._title,Améliorez 6 Idoles au niveau 80 ou plus.
mst.mission.1114087._detail,Améliorez 6 Idoles au niveau 80 ou plus.
mst.mission.1114088._title,Améliorez 7 Idoles au niveau 80 ou plus
mst.mission.1114088._detail,Améliorez 7 Idoles au niveau 80 ou plus.
mst.mission.1114089._title,Améliorez 8 Idoles au niveau 80 ou plus
mst.mission.1114089._detail,Améliorez 8 Idoles au niveau 80 ou plus.
mst.mission.1114090._title,Améliorez 9 Idoles au niveau 80 ou plus.
mst.mission.1114090._detail,Améliorez le niveau de 9 Idoles à 80 ou plus.
mst.mission.1114091._title,Améliorez 10 Idoles au niveau 80 ou plus.
mst.mission.1114091._detail,Améliorez 10 Idoles au niveau 80 ou plus.
mst.mission.1114092._title,Améliorez 11 Idoles au niveau 80 ou plus.
mst.mission.1114092._detail,Améliorez 11 Idoles au niveau 80 ou plus.
mst.mission.1114093._title,Améliorez 12 Idoles au niveau 80 ou plus
mst.mission.1114093._detail,Améliorez 12 Idoles au niveau 80 ou plus.
mst.mission.1114094._title,Améliorez 13 Idoles au niveau 80 ou plus
mst.mission.1114094._detail,Améliorez 13 Idoles au niveau 80 ou plus.
mst.mission.1114095._title,Améliorez 14 Idoles au niveau 80 ou plus.
mst.mission.1114095._detail,Améliorez 14 Idoles au niveau 80 ou plus.
mst.mission.1114096._title,Améliorez 15 Idoles au niveau 80 ou plus.
mst.mission.1114096._detail,Améliorez 15 Idoles au niveau 80 ou plus.
mst.mission.1114097._title,Améliorez 16 Idoles au niveau 80 ou plus
mst.mission.1114097._detail,Améliorez 16 Idoles au niveau 80 ou plus.
mst.mission.1114098._title,Améliorez 17 Idoles au niveau 80 ou plus.
mst.mission.1114098._detail,Améliorez 17 Idoles au niveau 80 ou plus.
mst.mission.1114099._title,Améliorez 18 Idoles au niveau 80 ou plus.
mst.mission.1114099._detail,Améliorez 18 Idoles au niveau 80 ou plus.
mst.mission.1114100._title,Améliorez 19 Idoles au niveau 80 ou plus.
mst.mission.1114100._detail,Améliorez 19 Idoles au niveau 80 ou plus.
mst.mission.1114101._title,Améliorez 20 Idoles au niveau 80 ou plus
mst.mission.1114101._detail,Améliorez 20 Idoles au niveau 80 ou plus.
mst.mission.1114102._title,Améliorez 21 Idoles au niveau 80 ou plus
mst.mission.1114102._detail,Améliorez 21 Idoles au niveau 80 ou plus.
mst.mission.1114103._title,Améliorez 22 Idoles au niveau 80 ou plus
mst.mission.1114103._detail,Améliorez Idoles au niveau 80 ou plus.
mst.mission.1114104._title,Améliorez 23 Idoles au niveau 80 ou plus
mst.mission.1114104._detail,Améliorez 23 Idoles au niveau 80 ou plus.
mst.mission.1114105._title,Améliorez 24 Idoles au niveau 80 ou plus
mst.mission.1114105._detail,Améliorez Idoles au niveau 80 ou plus.
mst.mission.1114106._title,Améliorez 25 Idoles au niveau 80 ou plus
mst.mission.1114106._detail,Améliorez Idoles au niveau 80 ou plus.
mst.mission.1114107._title,Améliorez 26 Idoles au niveau 80 ou plus
mst.mission.1114107._detail,Améliorez 26 Idoles au niveau 80 ou plus.
mst.mission.1114108._title,Améliorez 27 Idoles au niveau 80 ou plus.
mst.mission.1114108._detail,Améliorez 27 Idoles au niveau 80 ou plus.
mst.mission.1114109._title,Améliorez les Idoles au niveau 100 ou plus
mst.mission.1114109._detail,Améliorez les Idoles au niveau 100 ou plus.
mst.mission.1114110._title,Améliorez 2 Idoles au niveau 100 ou plus.
mst.mission.1114110._detail,Améliorez le niveau de 2 Idoles à 100 ou plus.
mst.mission.1114111._title,Améliorez 3 Idoles au niveau 100 ou plus.
mst.mission.1114111._detail,Améliorez 3 Idoles au niveau 100 ou plus.
mst.mission.1114112._title,Améliorez 4 Idoles au niveau 100 ou plus
mst.mission.1114112._detail,Améliorez 4 Idoles au niveau 100 ou plus.
mst.mission.1114113._title,Améliorez 5 Idoles au niveau 100 ou plus.
mst.mission.1114113._detail,Améliorez 5 Idoles au niveau 100 ou plus.
mst.mission.1114114._title,Améliorez 6 Idoles au niveau 100 ou plus
mst.mission.1114114._detail,Améliorez 6 Idoles au niveau 100 ou plus.
mst.mission.1114115._title,Améliorez 7 Idoles au niveau 100 ou plus
mst.mission.1114115._detail,Améliorez 7 Idoles au niveau 100 ou plus.
mst.mission.1114116._title,Améliorez 8 Idoles au niveau 100 ou plus.
mst.mission.1114116._detail,Améliorez le niveau de 8 Idoles à 100 ou plus.
mst.mission.1114117._title,Améliorez 9 Idoles au niveau 100 ou plus
mst.mission.1114117._detail,Améliorez 9 Idoles au niveau 100 ou plus.
mst.mission.1114118._title,Améliorez 10 Idoles au niveau 100 ou plus
mst.mission.1114118._detail,Améliorez 10 Idoles au niveau 100 ou plus.
mst.mission.1114119._title,Améliorez 11 Idoles au niveau 100 ou plus.
mst.mission.1114119._detail,Améliorez 11 Idoles au niveau 100 ou plus.
mst.mission.1114120._title,Améliorez 12 Idoles au niveau 100 ou plus.
mst.mission.1114120._detail,Améliorez 12 Idoles au niveau 100 ou plus.
mst.mission.1114121._title,Améliorez 13 Idoles au niveau 100 ou plus
mst.mission.1114121._detail,Améliorez 13 Idoles au niveau 100 ou plus.
mst.mission.1114122._title,Faire passer 14 Idoles au niveau 100 ou plus
mst.mission.1114122._detail,Améliorez 14 Idoles au niveau 100 ou plus.
mst.mission.1114123._title,Améliorez 15 Idoles au niveau 100 ou plus
mst.mission.1114123._detail,Améliorez 15 Idoles au niveau 100 ou plus.
mst.mission.1114124._title,Améliorez 16 Idoles au niveau 100 ou plus
mst.mission.1114124._detail,Faites monter 16 Idoles au niveau 100 ou plus.
mst.mission.1114125._title,Améliorez 17 Idoles au niveau 100 ou plus.
mst.mission.1114125._detail,Améliorez 17 Idoles au niveau 100 ou plus.
mst.mission.1114126._title,Améliorez 18 Idoles au niveau 100 ou plus
mst.mission.1114126._detail,Améliorez 18 Idoles au niveau 100 ou plus.
mst.mission.1114127._title,Améliorez 19 Idoles au niveau 100 ou plus
mst.mission.1114127._detail,Améliorez 19 Idoles au niveau 100 ou plus.
mst.mission.1114128._title,Améliorez Idoles au niveau 100 ou plus.
mst.mission.1114128._detail,Améliorez 20 Idoles au niveau 100 ou plus.
mst.mission.1114129._title,Améliorez Idoles au niveau 100 ou plus
mst.mission.1114129._detail,Améliorez 21 Idoles au niveau 100 ou plus.
mst.mission.1114130._title,Améliorez Idoles au niveau 100 ou plus
mst.mission.1114130._detail,Améliorez 22 Idoles au niveau 100 ou plus.
mst.mission.1114131._title,23 Idoles au niveau 100 ou plus
mst.mission.1114131._detail,Améliorez 23 Idoles au niveau 100 ou plus.
mst.mission.1114132._title,Améliorez Idoles au niveau 100 ou plus
mst.mission.1114132._detail,Améliorez Idoles au niveau 100 ou plus.
mst.mission.1114133._title,Améliorez Idoles au niveau 100 ou plus
mst.mission.1114133._detail,Améliorez Idoles au niveau 100 ou plus.
mst.mission.1114134._title,Améliorez Idoles au niveau 100 ou plus
mst.mission.1114134._detail,Amenez 26 Idoles au niveau 100 ou plus.
mst.mission.1114135._title,Améliorez Idoles au niveau 100 ou plus.
mst.mission.1114135._detail,Améliorez 27 Idoles au niveau 100 ou plus.
mst.mission.1112001._title,Réunissez 30 Idoles
mst.mission.1112001._detail,Réunissez 30 Idoles.
mst.mission.1112002._title,Réunissez Idoles
mst.mission.1112002._detail,Réunissez 40 Idoles.
mst.mission.1112003._title,Réunir 50 Idoles
mst.mission.1112003._detail,Réunissez 50 Idoles.
mst.mission.1112004._title,Réunir 60 Idoles
mst.mission.1112004._detail,Réunissez 60 Idoles.
mst.mission.1112005._title,Réunir 70 Idoles
mst.mission.1112005._detail,Réunissez 70 Idoles.
mst.mission.1112006._title,Réunir 80 Idoles
mst.mission.1112006._detail,Réunissez 80 Idoles.
mst.mission.1112007._title,Réunir 90 Idoles
mst.mission.1112007._detail,Réunissez 90 Idoles.
mst.mission.1112008._title,Réunissez 100 Idoles
mst.mission.1112008._detail,Réunissez 100 Idoles.
mst.mission.1112009._title,Réunissez 110 Idoles
mst.mission.1112009._detail,Réunissez 110 Idoles.
mst.mission.1112010._title,Réunissez 120 Idoles
mst.mission.1112010._detail,Réunissez 120 Idoles.
mst.mission.1112011._title,Réunissez 130 Idoles
mst.mission.1112011._detail,Réunissez 130 Idoles.
mst.mission.1112012._title,Réunir 140 Idoles
mst.mission.1112012._detail,Réunissez 140 Idoles.
mst.mission.1112013._title,Réunissez 150 Idoles
mst.mission.1112013._detail,Réunissez 150 Idoles.
mst.mission.1112014._title,Réunissez 160 Idoles
mst.mission.1112014._detail,Réunissez 160 Idoles.
mst.mission.1112015._title,Réunissez 170 Idoles
mst.mission.1112015._detail,Réunissez 170 Idoles.
mst.mission.1112016._title,Réunir 180 Idoles
mst.mission.1112016._detail,Réunissez 180 Idoles.
mst.mission.1112017._title,Réunir 190 Idoles
mst.mission.1112017._detail,Réunissez 190 Idoles.
mst.mission.1112018._title,Réunissez 200 Idoles
mst.mission.1112018._detail,Réunissez 200 Idoles.
mst.mission.1112019._title,Réunissez 210 Idoles
mst.mission.1112019._detail,Réunissez 210 Idoles.
mst.mission.1112020._title,Réunissez 220 Idoles
mst.mission.1112020._detail,Réunissez 220 Idoles.
mst.mission.1112021._title,Réunissez 230 Idoles
mst.mission.1112021._detail,Réunissez 230 Idoles.
mst.mission.1112022._title,Réunir 240 Idoles
mst.mission.1112022._detail,Réunissez 240 Idoles.
mst.mission.1112023._title,Réunir 250 Idoles
mst.mission.1112023._detail,Réunissez 250 Idoles.
mst.mission.1112024._title,Réunissez 260 Idoles
mst.mission.1112024._detail,Réunissez 260 Idoles.
mst.mission.1112025._title,Réunir 270 Idoles
mst.mission.1112025._detail,Réunissez 270 Idoles.
mst.mission.1112026._title,Réunissez 280 Idoles
mst.mission.1112026._detail,Réunissez 280 Idoles.
mst.mission.1112027._title,Réunir 290 Idoles
mst.mission.1112027._detail,Réunissez 290 Idoles.
mst.mission.1112028._title,Réunissez 300 Idoles
mst.mission.1112028._detail,Réunissez 300 Idoles.
mst.mission.1112029._title,Réunissez 310 Idoles
mst.mission.1112029._detail,Réunissez 310 Idoles.
mst.mission.1112030._title,Réunissez 320 Idoles
mst.mission.1112030._detail,Réunissez 320 Idoles.
mst.mission.1112031._title,Réunissez 330 Idoles
mst.mission.1112031._detail,Réunissez 330 Idoles.
mst.mission.1112032._title,Réunir 340 Idoles
mst.mission.1112032._detail,Réunissez 340 Idoles.
mst.mission.1112033._title,Réunissez 350 Idoles
mst.mission.1112033._detail,Réunissez 350 Idoles.
mst.mission.1121001._title,Obtenez 500 000 G au total
mst.mission.1121001._detail,Obtenez un total de 500 000 G.
mst.mission.1121002._title,Obtenez 1 000 000 G au total
mst.mission.1121002._detail,Obtenez un total de 1 000 000 G.
mst.mission.1121003._title,Obtenez 2 000 000 G au total
mst.mission.1121003._detail,Obtenez un total de 2 000 000 G.
mst.mission.1121004._title,Obtenez 3 000 000 G au total
mst.mission.1121004._detail,Obtenez un total de 3 000 000 G.
mst.mission.1121005._title,Obtenez 4 000 000 G au total
mst.mission.1121005._detail,Obtenez un total de 4 000 000 G.
mst.mission.1121006._title,Obtenez 5 000 000 G au total
mst.mission.1121006._detail,Obtenez un total de 5 000 000 G.
mst.mission.1121007._title,Obtenez 6 000 000 G au total
mst.mission.1121007._detail,Obtenez un total de 6 000 000 G.
mst.mission.1121008._title,Obtenez un total de 7 000 000 G.
mst.mission.1121008._detail,Obtenez un total de 7 000 000 G.
mst.mission.1121009._title,Obtenez 8 000 000 G au total
mst.mission.1121009._detail,Obtenez un total de 8 000 000 G.
mst.mission.1121010._title,Obtenez un total de 9 000 000 G.
mst.mission.1121010._detail,Obtenez un total de 9 000 000 G.
mst.mission.1121011._title,Obtenez 10 000 000 G au total
mst.mission.1121011._detail,Obtenez un total de 10 000 000 G.
mst.mission.1121012._title,Obtenez 20 000 000 G au total
mst.mission.1121012._detail,Obtenez un total de 20 000 000 G.
mst.mission.1121013._title,Obtenez 30 000 000 G au total
mst.mission.1121013._detail,Obtenez un total de 30 000 000 G.
mst.mission.1121014._title,Obtenez 40 000 000 G au total
mst.mission.1121014._detail,Obtenez un total de 40 000 000 G.
mst.mission.1121015._title,Obtenez 50 000 000 G au total
mst.mission.1121015._detail,Obtenez un total de 50 000 000 G.
mst.mission.1121016._title,Obtenez 60 000 000 G au total
mst.mission.1121016._detail,Obtenez un total de 60 000 000 G.
mst.mission.1121017._title,Obtenez 70 000 000 G au total
mst.mission.1121017._detail,Obtenez un total de 70 000 000 G.
mst.mission.1121018._title,Obtenez un total de 85 000 000 G.
mst.mission.1121018._detail,Obtenez un total de 85 000 000 G.
mst.mission.1121019._title,Obtenez un total de 100 000 000 G.
mst.mission.1121019._detail,Obtenez un total de 100 000 000 G.
mst.mission.1158001._title,Atteindre une Affection de 1 500 avec Takasaka Honoka
mst.mission.1158001._detail,Atteignez un niveau d’Affection de 1 500 avec « N ».
mst.mission.1158002._title,Augmentez l’Affection avec Ayase Eri à plus de 1 500.
mst.mission.1158002._detail,Atteignez un niveau d’Affection de 1 500 avec « N ».
mst.mission.1158003._title,Atteindre une Affection de 1500 avec Minami Kotori
mst.mission.1158003._detail,Atteignez un niveau d’Affection de 1 500 avec « N ».
mst.mission.1158004._title,Atteindre une Affection de 1500 avec Sonoda Umi
mst.mission.1158004._detail,Atteignez un niveau d’Affection de 1 500 avec « N ».
mst.mission.1158005._title,Atteindre une Affection de 1500 avec Hoshizora Rin
mst.mission.1158005._detail,Atteignez un niveau d’Affection de 1 500 avec « N ».
mst.mission.1158006._title,Atteindre une Affection de 1500 avec Nishikino Maki
mst.mission.1158006._detail,Atteignez un niveau d’Affection de 1 500 avec « N ».
mst.mission.1158007._title,Atteindre une Affection de 1500 avec Tojo Nozomi
mst.mission.1158007._detail,Atteignez un niveau d’Affection de 1 500 avec « N ».
mst.mission.1158008._title,Atteindre une Affection de 1500 avec Koizumi Hanayo
mst.mission.1158008._detail,Atteignez un niveau d’Affection de 1 500 avec « N ».
mst.mission.1158009._title,Atteindre une Affection de 1500 avec
mst.mission.1158009._detail,Atteignez un niveau d’Affection de 1 500 avec « N ».
mst.mission.1158010._title,Atteindre une Affection de 1500 avec Takami Chika
mst.mission.1158010._detail,Atteignez un niveau d’Affection de 1 500 avec « N ».
mst.mission.1158011._title,Atteindre une Affection de 1500 avec Sakura Uchi Riko
mst.mission.1158011._detail,Atteignez un niveau d’Affection de 1 500 avec « N ».
mst.mission.1158012._title,Atteindre une Affection de 1500 avec Matsuura Kanon
mst.mission.1158012._detail,Atteignez un niveau d’Affection de 1 500 avec « N ».
mst.mission.1158013._title,Atteindre une Affection de 1500 avec Kurozawa Dia
mst.mission.1158013._detail,Atteignez un niveau d’Affection de 1 500 avec « N ».
mst.mission.1158014._title,Atteindre une Affection de 1500 avec Watanabe Yō
mst.mission.1158014._detail,Atteignez un niveau d’Affection de 1 500 avec « N ».
mst.mission.1158015._title,Atteindre une Affection de 1500 avec Tushima Zenko
mst.mission.1158015._detail,Atteignez un niveau d’Affection de 1 500 avec « N ».
mst.mission.1158016._title,Atteindre une Affection de 1500 avec Kunikida Hanaru
mst.mission.1158016._detail,Atteignez un niveau d’Affection de 1 500 avec « N ».
mst.mission.1158017._title,Atteindre une Affection de 1500 avec Koizumi Mari
mst.mission.1158017._detail,Atteignez un niveau d’Affection de 1 500 avec « N ».
mst.mission.1158018._title,Atteindre une Affection de 1500 avec Kurozawa Ruby
mst.mission.1158018._detail,Atteignez un niveau d’Affection de 1 500 avec « N ».
mst.mission.1158019._title,Atteindre une Affection de 1500 avec Uehara Ayumu
mst.mission.1158019._detail,Atteignez un niveau d’Affection de 1 500 avec « N ».
mst.mission.1158020._title,Atteindre une Affection de 1500 avec Nakasu Kasumi
mst.mission.1158020._detail,Atteignez un niveau d’Affection de 1 500 avec « N ».
mst.mission.1158021._title,Atteindre une Affection de 1500 avec Sakurazaka Shizuku
mst.mission.1158021._detail,Atteignez un niveau d’Affection de 1 500 avec « N ».
mst.mission.1158022._title,Atteindre une Affection de 1500 avec Asuka Karin
mst.mission.1158022._detail,Atteignez un niveau d’Affection de 1 500 avec « N ».
mst.mission.1158023._title,Atteindre une Affection de 1500 avec Miyashita Ai
mst.mission.1158023._detail,Atteignez un niveau d’Affection de 1 500 avec « N ».
mst.mission.1158024._title,Atteindre une Affection de 1500 avec Konoe Hisoka
mst.mission.1158024._detail,Atteignez un niveau d’Affection de 1 500 avec « N ».
mst.mission.1158025._title,Atteindre une Affection de 1500 avec Yuuki Setsuna
mst.mission.1158025._detail,Atteignez un niveau d’Affection de 1 500 avec « N ».
mst.mission.1158026._title,Atteindre une Affection de 1500 avec Emma Verde
mst.mission.1158026._detail,Atteignez un niveau d’Affection de 1 500 avec « N ».
mst.mission.1158027._title,Atteindre une Affection de 1500 avec Tennoji Rina
mst.mission.1158027._detail,Atteignez un niveau d’Affection de 1 500 avec « N ».
mst.mission.1158028._title,Atteindre une Affection de 1500 avec Mibu Shizuko
mst.mission.1158028._detail,Atteignez un niveau d’Affection de 1 500 avec « N ».
mst.mission.1158029._title,Atteindre une Affection de 1500 avec Mia Taylor
mst.mission.1158029._detail,Atteignez un niveau d’Affection de 1 500 avec « N ».
mst.mission.1158030._title,Augmentez l’Affection avec Zhong Lanzhu à plus de 1 500.
mst.mission.1158030._detail,Atteignez un niveau d’Affection de 1 500 avec « N ».
mst.mission.1158031._title,Atteindre une Affection de 1500 avec Shiraishi Kanon
mst.mission.1158031._detail,Atteignez un niveau d’Affection de 1 500 avec « N ».
mst.mission.1158032._title,Atteindre une Affection de 1500 avec Tang Kaka
mst.mission.1158032._detail,Atteignez un niveau d’Affection de 1 500 avec « N ».
mst.mission.1158033._title,Atteindre une Affection de 1500 avec Arashi Chisato
mst.mission.1158033._detail,Atteignez un niveau d’Affection de 1 500 avec « N ».
mst.mission.1158034._title,Atteindre une Affection de 1500 avec Heianama Sumire
mst.mission.1158034._detail,Atteignez un niveau d’Affection de 1 500 avec « N ».
mst.mission.1158035._title,Atteindre une Affection de 1500 avec Hazuki Koi
mst.mission.1158035._detail,Atteignez un niveau d’Affection de 1 500 avec « N ».
mst.mission.1158036._title,Atteindre une Affection de 1500 avec Sakura Kojiro Kinako
mst.mission.1158036._detail,Atteignez un niveau d’Affection de 1 500 avec « N ».
mst.mission.1158037._title,Atteindre une Affection de 1500 avec May Yonezu
mst.mission.1158037._detail,Atteignez un niveau d’Affection de 1 500 avec « N ».
mst.mission.1158038._title,Atteindre une Affection de 1 500 avec Wakana Shiki
mst.mission.1158038._detail,Atteignez un niveau d’Affection de 1 500 avec « N ».
mst.mission.1158039._title,Atteindre une Affection de 1500 avec Onizuka Natsumi
mst.mission.1158039._detail,Atteignez un niveau d’Affection de 1 500 avec « N ».
mst.mission.1158040._title,Atteindre une Affection de 15 000 avec Takasaka Honoka
mst.mission.1158040._detail,Atteignez un niveau d’Affection de 15 000 avec « N ».
mst.mission.1158041._title,Atteindre une Affection de 15 000 avec Ayanase ERI
mst.mission.1158041._detail,Atteignez un niveau d’Affection de 15 000 avec « N ».
mst.mission.1158042._title,Atteindre une Affection de 15 000 avec Minami Kotori
mst.mission.1158042._detail,Atteignez un niveau d’Affection de 15 000 avec « N ».
mst.mission.1158043._title,Atteindre une Affection de 15 000 avec Sonoda Umi
mst.mission.1158043._detail,Atteignez un niveau d’Affection de 15 000 avec « N ».
mst.mission.1158044._title,Atteindre une Affection de 15 000 avec Hoshizora Rin
mst.mission.1158044._detail,Atteignez un niveau d’Affection de 15 000 avec « N ».
mst.mission.1158045._title,Atteindre une Affection de 15 000 avec Nishikino Maki
mst.mission.1158045._detail,Atteignez un niveau d’Affection de 15 000 avec « N ».
mst.mission.1158046._title,Atteindre une Affection de 15 000 avec Tojo Nozomi
mst.mission.1158046._detail,Atteignez un niveau d’Affection de 15 000 avec « N ».
mst.mission.1158047._title,Atteindre une Affection de 15 000 avec
mst.mission.1158047._detail,Atteignez un niveau d’Affection de 15 000 avec « N ».
mst.mission.1158048._title,Atteindre une Affection de 15 000 avec Yazawa Nico.
mst.mission.1158048._detail,Atteignez un niveau d’Affection de 15 000 avec « N ».
mst.mission.1158049._title,Atteindre une Affection de 15 000 avec
mst.mission.1158049._detail,Atteignez un niveau d’Affection de 15 000 avec « N ».
mst.mission.1158050._title,Atteindre une Affection de 15 000 avec Sakurauchi Riko
mst.mission.1158050._detail,Atteignez un niveau d’Affection de 15 000 avec « N ».
mst.mission.1158051._title,Atteindre une Affection de 15 000 avec Matsuura Kanon
mst.mission.1158051._detail,Atteignez un niveau d’Affection de 15 000 avec « N ».
mst.mission.1158052._title,Atteindre une Affection de 15 000 avec Kurozawa Dia
mst.mission.1158052._detail,Atteignez un niveau d’Affection de 15 000 avec « N ».
mst.mission.1158053._title,Atteindre une Affection de 15 000 avec Watanabe Yō
mst.mission.1158053._detail,Atteignez un niveau d’Affection de 15 000 avec « N ».
mst.mission.1158054._title,Atteindre une Affection de 15 000 avec Tushima Yoshiko
mst.mission.1158054._detail,Atteignez un niveau d’Affection de 15 000 avec « N ».
mst.mission.1158055._title,Atteindre une Affection de 15 000 avec Kunikida Hanaru
mst.mission.1158055._detail,Atteignez un niveau d’Affection de 15 000 avec « N ».
mst.mission.1158056._title,Atteindre une Affection de 15 000 avec
mst.mission.1158056._detail,Atteignez un niveau d’Affection de 15 000 avec « N ».
mst.mission.1158057._title,Atteindre une Affection de 15 000 avec Kurosawa Ruby
mst.mission.1158057._detail,Atteignez un niveau d’Affection de 15 000 avec « N ».
mst.mission.1158058._title,Atteindre une Affection de 15 000 avec Uehara Ayumu
mst.mission.1158058._detail,Atteignez un niveau d’Affection de 15 000 avec « N ».
mst.mission.1158059._title,Atteindre une Affection de 15 000 avec Nakasu Kasumi
mst.mission.1158059._detail,Atteignez un niveau d’Affection de 15 000 avec « N ».
mst.mission.1158060._title,Atteindre une Affection de 15 000 avec Sakurazaka Shizuku
mst.mission.1158060._detail,Atteignez un niveau d’Affection de 15 000 avec « N ».
mst.mission.1158061._title,Atteindre une Affection de 15 000 avec Asuka Karin
mst.mission.1158061._detail,Atteignez un niveau d’Affection de 15 000 avec « N ».
mst.mission.1158062._title,Atteindre une Affection de 15 000 avec Miyashita Ai
mst.mission.1158062._detail,Atteignez un niveau d’Affection de 15 000 avec « N ».
mst.mission.1158063._title,Atteindre une Affection de 15 000 avec Konoe Hisaho
mst.mission.1158063._detail,Atteignez un niveau d’Affection de 15 000 avec « N ».
mst.mission.1158064._title,Atteindre une Affection de 15 000 avec Yuuki Setsuna
mst.mission.1158064._detail,Atteignez un niveau d’Affection de 15 000 avec « N ».
mst.mission.1158065._title,Atteindre une Affection de 15 000 avec Emma Verde
mst.mission.1158065._detail,Atteignez un niveau d’Affection de 15 000 avec « N ».
mst.mission.1158066._title,Atteindre une Affection de 15 000 avec Tennoji Rina
mst.mission.1158066._detail,Atteignez un niveau d’Affection de 15 000 avec « N ».
mst.mission.1158067._title,Atteindre une Affection de 15 000 avec Mibu Shizuko
mst.mission.1158067._detail,Atteignez un niveau d’Affection de 15 000 avec « N ».
mst.mission.1158068._title,Atteindre une Affection de 15 000 avec Mia Taylor
mst.mission.1158068._detail,Atteignez un niveau d’Affection de 15 000 avec « N ».
mst.mission.1158069._title,Atteindre une Affection de 15 000 avec Zhong Lanzhu
mst.mission.1158069._detail,Atteignez un niveau d’Affection de 15 000 avec « N ».
mst.mission.1158070._title,Atteindre une Affection de 15 000 avec Kanon Shiroya
mst.mission.1158070._detail,Atteignez un niveau d’Affection de 15 000 avec « N ».
mst.mission.1158071._title,Atteindre une Affection de 15 000 avec Tang Kaka
mst.mission.1158071._detail,Atteignez un niveau d’Affection de 15 000 avec « N ».
mst.mission.1158072._title,Atteindre une Affection de 15 000 avec Arashi Chisato
mst.mission.1158072._detail,Atteignez un niveau d’Affection de 15 000 avec « N ».
mst.mission.1158073._title,Atteindre une Affection de 15 000 avec Heianama Sumire
mst.mission.1158073._detail,Atteignez un niveau d’Affection de 15 000 avec « N ».
mst.mission.1158074._title,Atteindre une Affection de 15 000 avec Hazuki Koi
mst.mission.1158074._detail,Atteignez un niveau d’Affection de 15 000 avec « N ».
mst.mission.1158075._title,Atteindre une Affection de 15 000 avec Sakura Koji Kinako
mst.mission.1158075._detail,Atteignez un niveau d’Affection de 15 000 avec « N ».
mst.mission.1158076._title,Atteindre une Affection de 15 000 avec May Yonezu
mst.mission.1158076._detail,Atteignez un niveau d’Affection de 15 000 avec « N ».
mst.mission.1158077._title,Atteindre une Affection de 15 000 avec Wakana Shiki
mst.mission.1158077._detail,Atteignez un niveau d’Affection de 15 000 avec « N ».
mst.mission.1158078._title,Atteindre une Affection de 15 000 avec Onitsuka Natsumi
mst.mission.1158078._detail,Atteignez un niveau d’Affection de 15 000 avec « N ».
mst.mission.1158079._title,Atteindre une Affection de 1500 avec Vienne Margarete
mst.mission.1158079._detail,Atteignez un niveau d’Affection de 1 500 avec « N ».
mst.mission.1158080._title,Atteindre une Affection de 1500 avec Kizuka Fuyumari
mst.mission.1158080._detail,Atteignez un niveau d’Affection de 1 500 avec « N ».
mst.mission.1158081._title,Atteindre une Affection de 15 000 avec Vienne Margarete
mst.mission.1158081._detail,Atteignez un niveau d’Affection de 15 000 avec « N ».
mst.mission.1158082._title,Atteindre une Affection de 15 000 avec Kizuka Fuyumari
mst.mission.1158082._detail,Atteignez un niveau d’Affection de 15 000 avec « N ».
mst.mission.1176001._title,Obtenez un FULL COMBO
mst.mission.1176001._detail,"Obtenez un FULL COMBO en mode Live, difficulté NORMAL ou supérieure."
mst.mission.1177001._title,Obtenez un ALL PERFECT
mst.mission.1177002._title,Réalisez un ALL PERFECT en difficulté MASTER.
mst.mission.1169001._title,Lisez 50 types de chats.
mst.mission.1169001._detail,Réalisez 50 ALL PERFECT en difficulté 0 ou plus.
mst.mission.1176002._title,Réalisez 100 FULL COMBOS
mst.mission.1176002._detail,"Réalisez 100 Full Combos en Live, niveau NORMAL ou supérieur."
mst.mission.1176003._title,Réalisez 200 FULL COMBOS
mst.mission.1176003._detail,"Réalisez 200 Full Combos en Live, en difficulté NORMAL ou supérieure."
mst.mission.1176004._title,Réalisez 300 FULL COMBOS
mst.mission.1176004._detail,"Réalisez 300 Full Combos en Live, en difficulté NORMAL ou supérieure."
mst.mission.1176005._title,Réalisez 400 FULL COMBOS
mst.mission.1176005._detail,"Réalisez 400 Full Combos en Live, en difficulté NORMAL ou supérieure."
mst.mission.1176006._title,Réalisez 500 FULL COMBOS
mst.mission.1176006._detail,"Obtenez 500 Full Combos en Live, en difficulté NORMAL ou supérieure."
mst.mission.2151001._title,Obtenez l’Idole « Vous me regardez »
mst.mission.2151001._detail,Obtenez l’Idole « Vous regarde ».
mst.mission.2151002._title,Obtenez l’Idole « Rendez-vous chic ♡ »
mst.mission.2151002._detail,Obtenez l’Idole « Rendez-vous pour adultes ♡ »
mst.mission.2151003._title,Obtenez l’Idole « Pose séductrice »
mst.mission.2151003._detail,Obtenez l’Idole « Séduction assumée »
mst.mission.2151004._title,Obtenez l’Idole « À la recherche d’un amour spécial »
mst.mission.2151004._detail,Obtenez l’Idole « À la recherche d’un amour spécial »
mst.mission.2151005._title,Obtenez l’Idole « Profitez-en à deux ».
mst.mission.2151005._detail,Obtenez l’Idole « Profitez-en à deux ».
mst.mission.2151006._title,Obtenez l’Idole « Je penserai toujours à vous ».
mst.mission.2151006._detail,Obtenez l’Idole « Toujours pour vous ».
mst.mission.2151007._title,Obtenez l’Idole « L’amour à partager avec tous »
mst.mission.2151007._detail,Obtenez l’Idole « L’amour à partager avec tous ».
mst.mission.2151008._title,Obtenez l’Idole « Vous dans mes souvenirs ».
mst.mission.2151008._detail,Obtenez l’Idole « Vous dans mes souvenirs ».
mst.mission.2151009._title,Obtenez l’Idole « À celle que j’aime »
mst.mission.2151009._detail,Obtenez l’Idole « À celle que j’aime ».
mst.mission.2151010._title,Obtenez l’Idole « Mon signe ».
mst.mission.2151010._detail,Obtenez l’Idole « Mon signe ».
mst.mission.2151011._title,Obtenez l’Idole « Sentiments palpables »
mst.mission.2151011._detail,Obtenez l’Idole « Mes sentiments grandissants ».
mst.mission.2151012._title,Obtenez l’Idole « Faisons le plus beau des amours ! »
mst.mission.2151012._detail,Obtenez l’Idole « Faisons le plus beau des amours ! »
mst.mission.1958001._title,Augmentez l’Affection de « N ».
mst.mission.1958001._detail,Atteindre un niveau d’Affection de avec « N ».
mst.mission.1958002._title,Atteindre une Affection de avec « N »
mst.mission.1958002._detail,Atteindre une Affection de avec « N ».
mst.mission.1958003._title,Atteindre une Affection de avec « N »
mst.mission.1958003._detail,Atteindre une Affection de avec « N ».
mst.mission.1958004._title,Atteindre une Affection de avec « N »
mst.mission.1958004._detail,Atteindre une Affection de avec « N ».
mst.mission.1958005._title,Atteindre une Affection de avec « N »
mst.mission.1958005._detail,Augmentez l’Affection de « N » à plus de 5 000.
mst.mission.1958006._title,Atteindre une Affection de avec « N »
mst.mission.1958006._detail,Augmentez l’Affection de « N » à plus de 6 000.
mst.mission.1958007._title,Atteindre une Affection de avec « N »
mst.mission.1958007._detail,Atteindre une Affection de avec « N ».
mst.mission.1958008._title,Atteindre une Affection de avec « N »
mst.mission.1958008._detail,Atteindre une Affection de avec « N ».
mst.mission.1958009._title,Augmentez l’Affection de « N » à plus de 9 000.
mst.mission.1958009._detail,Atteindre une Affection de avec « N ».
mst.mission.1958010._title,Atteindre une Affection de avec « N »
mst.mission.1958010._detail,Atteindre une Affection de avec « N ».
mst.mission.1958011._title,Atteindre une Affection de avec « N »
mst.mission.1958011._detail,Atteindre un niveau d’Affection de avec « N ».
mst.mission.1958012._title,Atteindre une Affection de avec « N »
mst.mission.1958012._detail,Atteindre un niveau d’Affection de 12 500 avec « N ».
mst.mission.1958013._title,Atteindre une Affection de avec « N »
mst.mission.1958013._detail,Atteignez un niveau d’Affection de 13 000 avec « N ».
mst.mission.1958014._title,Atteindre une Affection de avec « N »
mst.mission.1958014._detail,Atteindre une Affection de avec « N ».
mst.mission.1958015._title,Atteindre une Affection de avec « N »
mst.mission.1958015._detail,Atteignez un niveau d’Affection de 15 000 avec « N ».
mst.mission.1958016._title,Augmentez l’Affection de « N ».
mst.mission.1958016._detail,Atteindre un niveau d’Affection de avec « N ».
mst.mission.1958017._title,Atteindre une Affection de avec « N »
mst.mission.1958017._detail,Atteindre une Affection de avec « N ».
mst.mission.1958018._title,Atteindre une Affection de avec « N »
mst.mission.1958018._detail,Atteindre une Affection de avec « N ».
mst.mission.1958019._title,Atteindre une Affection de avec « N »
mst.mission.1958019._detail,Atteindre une Affection de avec « N ».
mst.mission.1958020._title,Atteindre une Affection de avec « N »
mst.mission.1958020._detail,Augmentez l’Affection de « N » à plus de 5 000.
mst.mission.1958021._title,Atteindre une Affection de avec « N »
mst.mission.1958021._detail,Augmentez l’Affection de « N » à plus de 6 000.
mst.mission.1958022._title,Atteindre une Affection de avec « N »
mst.mission.1958022._detail,Atteindre une Affection de avec « N ».
mst.mission.1958023._title,Atteindre une Affection de avec « N »
mst.mission.1958023._detail,Atteindre une Affection de avec « N ».
mst.mission.1958024._title,Augmentez l’Affection de « N » à plus de 9 000.
mst.mission.1958024._detail,Atteindre une Affection de avec « N ».
mst.mission.1958025._title,Atteindre une Affection de avec « N »
mst.mission.1958025._detail,Atteindre une Affection de avec « N ».
mst.mission.1958026._title,Atteindre une Affection de avec « N »
mst.mission.1958026._detail,Atteindre un niveau d’Affection de avec « N ».
mst.mission.1958027._title,Atteindre une Affection de avec « N »
mst.mission.1958027._detail,Atteindre un niveau d’Affection de 12 500 avec « N ».
mst.mission.1958028._title,Atteindre une Affection de avec « N »
mst.mission.1958028._detail,Atteignez un niveau d’Affection de 13 000 avec « N ».
mst.mission.1958029._title,Atteindre une Affection de avec « N »
mst.mission.1958029._detail,Atteindre une Affection de avec « N ».
mst.mission.1958030._title,Atteindre une Affection de avec « N »
mst.mission.1958030._detail,Atteignez un niveau d’Affection de 15 000 avec « N ».
mst.mission.1958031._title,Augmentez l’Affection de « N ».
mst.mission.1958031._detail,Atteindre un niveau d’Affection de avec « N ».
mst.mission.1958032._title,Atteindre une Affection de avec « N »
mst.mission.1958032._detail,Atteindre une Affection de avec « N ».
mst.mission.1958033._title,Atteindre une Affection de avec « N »
mst.mission.1958033._detail,Atteindre une Affection de avec « N ».
mst.mission.1958034._title,Atteindre une Affection de avec « N »
mst.mission.1958034._detail,Atteindre une Affection de avec « N ».
mst.mission.1958035._title,Atteindre une Affection de avec « N »
mst.mission.1958035._detail,Augmentez l’Affection de « N » à plus de 5 000.
mst.mission.1958036._title,Atteindre une Affection de avec « N »
mst.mission.1958036._detail,Augmentez l’Affection de « N » à plus de 6 000.
mst.mission.1958037._title,Atteindre une Affection de avec « N »
mst.mission.1958037._detail,Atteindre une Affection de avec « N ».
mst.mission.1958038._title,Atteindre une Affection de avec « N »
mst.mission.1958038._detail,Atteindre une Affection de avec « N ».
mst.mission.1958039._title,Augmentez l’Affection de « N » à plus de 9 000.
mst.mission.1958039._detail,Atteindre une Affection de avec « N ».
mst.mission.1958040._title,Atteindre une Affection de avec « N »
mst.mission.1958040._detail,Atteindre une Affection de avec « N ».
mst.mission.1958041._title,Atteindre une Affection de avec « N »
mst.mission.1958041._detail,Atteindre un niveau d’Affection de avec « N ».
mst.mission.1958042._title,Atteindre une Affection de avec « N »
mst.mission.1958042._detail,Atteindre un niveau d’Affection de 12 500 avec « N ».
mst.mission.1958043._title,Atteindre une Affection de avec « N »
mst.mission.1958043._detail,Atteignez un niveau d’Affection de 13 000 avec « N ».
mst.mission.1958044._title,Atteindre une Affection de avec « N »
mst.mission.1958044._detail,Atteindre une Affection de avec « N ».
mst.mission.1958045._title,Atteindre une Affection de avec « N »
mst.mission.1958045._detail,Atteignez un niveau d’Affection de 15 000 avec « N ».
mst.mission.1958046._title,Augmentez l’Affection de « N ».
mst.mission.1958046._detail,Atteindre un niveau d’Affection de avec « N ».
mst.mission.1958047._title,Atteindre une Affection de avec « N »
mst.mission.1958047._detail,Atteindre une Affection de avec « N ».
mst.mission.1958048._title,Atteindre une Affection de avec « N »
mst.mission.1958048._detail,Atteindre une Affection de avec « N ».
mst.mission.1958049._title,Atteindre une Affection de avec « N »
mst.mission.1958049._detail,Atteindre une Affection de avec « N ».
mst.mission.1958050._title,Atteindre une Affection de avec « N »
mst.mission.1958050._detail,Augmentez l’Affection de « N » à plus de 5 000.
mst.mission.1958051._title,Atteindre une Affection de avec « N »
mst.mission.1958051._detail,Augmentez l’Affection de « N » à plus de 6 000.
mst.mission.1958052._title,Atteindre une Affection de avec « N »
mst.mission.1958052._detail,Atteindre une Affection de avec « N ».
mst.mission.1958053._title,Atteindre une Affection de avec « N »
mst.mission.1958053._detail,Atteindre une Affection de avec « N ».
mst.mission.1958054._title,Augmentez l’Affection de « N » à plus de 9 000.
mst.mission.1958054._detail,Atteindre une Affection de avec « N ».
mst.mission.1958055._title,Atteindre une Affection de avec « N »
mst.mission.1958055._detail,Atteindre une Affection de avec « N ».
mst.mission.1958056._title,Atteindre une Affection de avec « N »
mst.mission.1958056._detail,Atteindre un niveau d’Affection de avec « N ».
mst.mission.1958057._title,Atteindre une Affection de avec « N »
mst.mission.1958057._detail,Atteindre un niveau d’Affection de 12 500 avec « N ».
mst.mission.1958058._title,Atteindre une Affection de avec « N »
mst.mission.1958058._detail,Atteignez un niveau d’Affection de 13 000 avec « N ».
mst.mission.1958059._title,Atteindre une Affection de avec « N »
mst.mission.1958059._detail,Atteindre une Affection de avec « N ».
mst.mission.1958060._title,Atteindre une Affection de avec « N »
mst.mission.1958060._detail,Atteignez un niveau d’Affection de 15 000 avec « N ».
mst.mission.1958061._title,Augmentez l’Affection de « N ».
mst.mission.1958061._detail,Atteindre un niveau d’Affection de avec « N ».
mst.mission.1958062._title,Atteindre une Affection de avec « N »
mst.mission.1958062._detail,Atteindre une Affection de avec « N ».
mst.mission.1958063._title,Atteindre une Affection de avec « N »
mst.mission.1958063._detail,Atteindre une Affection de avec « N ».
mst.mission.1958064._title,Atteindre une Affection de avec « N »
mst.mission.1958064._detail,Atteindre une Affection de avec « N ».
mst.mission.1958065._title,Atteindre une Affection de avec « N »
mst.mission.1958065._detail,Augmentez l’Affection de « N » à plus de 5 000.
mst.mission.1958066._title,Atteindre une Affection de avec « N »
mst.mission.1958066._detail,Augmentez l’Affection de « N » à plus de 6 000.
mst.mission.1958067._title,Atteindre une Affection de avec « N »
mst.mission.1958067._detail,Atteindre une Affection de avec « N ».
mst.mission.1958068._title,Atteindre une Affection de avec « N »
mst.mission.1958068._detail,Atteindre une Affection de avec « N ».
mst.mission.1958069._title,Augmentez l’Affection de « N » à plus de 9 000.
mst.mission.1958069._detail,Atteindre une Affection de avec « N ».
mst.mission.1958070._title,Atteindre une Affection de avec « N »
mst.mission.1958070._detail,Atteindre une Affection de avec « N ».
mst.mission.1958071._title,Atteindre une Affection de avec « N »
mst.mission.1958071._detail,Atteindre un niveau d’Affection de avec « N ».
mst.mission.1958072._title,Atteindre une Affection de avec « N »
mst.mission.1958072._detail,Atteindre un niveau d’Affection de 12 500 avec « N ».
mst.mission.1958073._title,Atteindre une Affection de avec « N »
mst.mission.1958073._detail,Atteignez un niveau d’Affection de 13 000 avec « N ».
mst.mission.1958074._title,Atteindre une Affection de avec « N »
mst.mission.1958074._detail,Atteindre une Affection de avec « N ».
mst.mission.1958075._title,Atteindre une Affection de avec « N »
mst.mission.1958075._detail,Atteignez un niveau d’Affection de 15 000 avec « N ».
mst.mission.1958076._title,Augmentez l’Affection de « N ».
mst.mission.1958076._detail,Atteindre un niveau d’Affection de avec « N ».
mst.mission.1958077._title,Atteindre une Affection de avec « N »
mst.mission.1958077._detail,Atteindre une Affection de avec « N ».
mst.mission.1958078._title,Atteindre une Affection de avec « N »
mst.mission.1958078._detail,Atteindre une Affection de avec « N ».
mst.mission.1958079._title,Atteindre une Affection de avec « N »
mst.mission.1958079._detail,Atteindre une Affection de avec « N ».
mst.mission.1958080._title,Atteindre une Affection de avec « N »
mst.mission.1958080._detail,Augmentez l’Affection de « N » à plus de 5 000.
mst.mission.1958081._title,Atteindre une Affection de avec « N »
mst.mission.1958081._detail,Augmentez l’Affection de « N » à plus de 6 000.
mst.mission.1958082._title,Atteindre une Affection de avec « N »
mst.mission.1958082._detail,Atteindre une Affection de avec « N ».
mst.mission.1958083._title,Atteindre une Affection de avec « N »
mst.mission.1958083._detail,Atteindre une Affection de avec « N ».
mst.mission.1958084._title,Augmentez l’Affection de « N » à plus de 9 000.
mst.mission.1958084._detail,Atteindre une Affection de avec « N ».
mst.mission.1958085._title,Atteindre une Affection de avec « N »
mst.mission.1958085._detail,Atteindre une Affection de avec « N ».
mst.mission.1958086._title,Atteindre une Affection de avec « N »
mst.mission.1958086._detail,Atteindre un niveau d’Affection de avec « N ».
mst.mission.1958087._title,Atteindre une Affection de avec « N »
mst.mission.1958087._detail,Atteindre un niveau d’Affection de 12 500 avec « N ».
mst.mission.1958088._title,Atteindre une Affection de avec « N »
mst.mission.1958088._detail,Atteignez un niveau d’Affection de 13 000 avec « N ».
mst.mission.1958089._title,Atteindre une Affection de avec « N »
mst.mission.1958089._detail,Atteindre une Affection de avec « N ».
mst.mission.1958090._title,Atteindre une Affection de avec « N »
mst.mission.1958090._detail,Atteignez un niveau d’Affection de 15 000 avec « N ».
mst.mission.1958091._title,Augmentez l’Affection de « N ».
mst.mission.1958091._detail,Atteindre un niveau d’Affection de avec « N ».
mst.mission.1958092._title,Atteindre une Affection de avec « N »
mst.mission.1958092._detail,Atteindre une Affection de avec « N ».
mst.mission.1958093._title,Atteindre une Affection de avec « N »
mst.mission.1958093._detail,Atteindre une Affection de avec « N ».
mst.mission.1958094._title,Atteindre une Affection de avec « N »
mst.mission.1958094._detail,Atteindre une Affection de avec « N ».
mst.mission.1958095._title,Atteindre une Affection de avec « N »
mst.mission.1958095._detail,Augmentez l’Affection de « N » à plus de 5 000.
mst.mission.1958096._title,Atteindre une Affection de avec « N »
mst.mission.1958096._detail,Augmentez l’Affection de « N » à plus de 6 000.
mst.mission.1958097._title,Atteindre une Affection de avec « N »
mst.mission.1958097._detail,Atteindre une Affection de avec « N ».
mst.mission.1958098._title,Atteindre une Affection de avec « N »
mst.mission.1958098._detail,Atteindre une Affection de avec « N ».
mst.mission.1958099._title,Augmentez l’Affection de « N » à plus de 9 000.
mst.mission.1958099._detail,Atteindre une Affection de avec « N ».
mst.mission.1958100._title,Atteindre une Affection de avec « N »
mst.mission.1958100._detail,Atteindre une Affection de avec « N ».
mst.mission.1958101._title,Atteindre une Affection de avec « N »
mst.mission.1958101._detail,Atteindre un niveau d’Affection de avec « N ».
mst.mission.1958102._title,Atteindre une Affection de avec « N »
mst.mission.1958102._detail,Atteindre un niveau d’Affection de 12 500 avec « N ».
mst.mission.1958103._title,Atteindre une Affection de avec « N »
mst.mission.1958103._detail,Atteignez un niveau d’Affection de 13 000 avec « N ».
mst.mission.1958104._title,Atteindre une Affection de avec « N »
mst.mission.1958104._detail,Atteindre une Affection de avec « N ».
mst.mission.1958105._title,Atteindre une Affection de avec « N »
mst.mission.1958105._detail,Atteignez un niveau d’Affection de 15 000 avec « N ».
mst.mission.1958106._title,Augmentez l’Affection de « N ».
mst.mission.1958106._detail,Atteindre un niveau d’Affection de avec « N ».
mst.mission.1958107._title,Atteindre une Affection de avec « N »
mst.mission.1958107._detail,Atteindre une Affection de avec « N ».
mst.mission.1958108._title,Atteindre une Affection de avec « N »
mst.mission.1958108._detail,Atteindre une Affection de avec « N ».
mst.mission.1958109._title,Atteindre une Affection de avec « N »
mst.mission.1958109._detail,Atteindre une Affection de avec « N ».
mst.mission.1958110._title,Atteindre une Affection de avec « N »
mst.mission.1958110._detail,Augmentez l’Affection de « N » à plus de 5 000.
mst.mission.1958111._title,Atteindre une Affection de avec « N »
mst.mission.1958111._detail,Augmentez l’Affection de « N » à plus de 6 000.
mst.mission.1958112._title,Atteindre une Affection de avec « N »
mst.mission.1958112._detail,Atteindre une Affection de avec « N ».
mst.mission.1958113._title,Atteindre une Affection de avec « N »
mst.mission.1958113._detail,Atteindre une Affection de avec « N ».
mst.mission.1958114._title,Augmentez l’Affection de « N » à plus de 9 000.
mst.mission.1958114._detail,Atteindre une Affection de avec « N ».
mst.mission.1958115._title,Atteindre une Affection de avec « N »
mst.mission.1958115._detail,Atteindre une Affection de avec « N ».
mst.mission.1958116._title,Atteindre une Affection de avec « N »
mst.mission.1958116._detail,Atteindre un niveau d’Affection de avec « N ».
mst.mission.1958117._title,Atteindre une Affection de avec « N »
mst.mission.1958117._detail,Atteindre un niveau d’Affection de 12 500 avec « N ».
mst.mission.1958118._title,Atteindre une Affection de avec « N »
mst.mission.1958118._detail,Atteignez un niveau d’Affection de 13 000 avec « N ».
mst.mission.1958119._title,Atteindre une Affection de avec « N »
mst.mission.1958119._detail,Atteindre une Affection de avec « N ».
mst.mission.1958120._title,Atteindre une Affection de avec « N »
mst.mission.1958120._detail,Atteignez un niveau d’Affection de 15 000 avec « N ».
mst.mission.1958121._title,Augmentez l’Affection de « N ».
mst.mission.1958121._detail,Atteindre un niveau d’Affection de avec « N ».
mst.mission.1958122._title,Atteindre une Affection de avec « N »
mst.mission.1958122._detail,Atteindre une Affection de avec « N ».
mst.mission.1958123._title,Atteindre une Affection de avec « N »
mst.mission.1958123._detail,Atteindre une Affection de avec « N ».
mst.mission.1958124._title,Atteindre une Affection de avec « N »
mst.mission.1958124._detail,Atteindre une Affection de avec « N ».
mst.mission.1958125._title,Atteindre une Affection de avec « N »
mst.mission.1958125._detail,Augmentez l’Affection de « N » à plus de 5 000.
mst.mission.1958126._title,Atteindre une Affection de avec « N »
mst.mission.1958126._detail,Augmentez l’Affection de « N » à plus de 6 000.
mst.mission.1958127._title,Atteindre une Affection de avec « N »
mst.mission.1958127._detail,Atteindre une Affection de avec « N ».
mst.mission.1958128._title,Atteindre une Affection de avec « N »
mst.mission.1958128._detail,Atteindre une Affection de avec « N ».
mst.mission.1958129._title,Augmentez l’Affection de « N » à plus de 9 000.
mst.mission.1958129._detail,Atteindre une Affection de avec « N ».
mst.mission.1958130._title,Atteindre une Affection de avec « N »
mst.mission.1958130._detail,Atteindre une Affection de avec « N ».
mst.mission.1958131._title,Atteindre une Affection de avec « N »
mst.mission.1958131._detail,Atteindre un niveau d’Affection de avec « N ».
mst.mission.1958132._title,Atteindre une Affection de avec « N »
mst.mission.1958132._detail,Atteindre un niveau d’Affection de 12 500 avec « N ».
mst.mission.1958133._title,Atteindre une Affection de avec « N »
mst.mission.1958133._detail,Atteignez un niveau d’Affection de 13 000 avec « N ».
mst.mission.1958134._title,Atteindre une Affection de avec « N »
mst.mission.1958134._detail,Atteindre une Affection de avec « N ».
mst.mission.1958135._title,Atteindre une Affection de avec « N »
mst.mission.1958135._detail,Atteignez un niveau d’Affection de 15 000 avec « N ».
mst.mission.1958136._title,Augmentez l’Affection de « N ».
mst.mission.1958136._detail,Atteindre un niveau d’Affection de avec « N ».
mst.mission.1958137._title,Atteindre une Affection de avec « N »
mst.mission.1958137._detail,Atteindre une Affection de avec « N ».
mst.mission.1958138._title,Atteindre une Affection de avec « N »
mst.mission.1958138._detail,Atteindre une Affection de avec « N ».
mst.mission.1958139._title,Atteindre une Affection de avec « N »
mst.mission.1958139._detail,Atteindre une Affection de avec « N ».
mst.mission.1958140._title,Atteindre une Affection de avec « N »
mst.mission.1958140._detail,Augmentez l’Affection de « N » à plus de 5 000.
mst.mission.1958141._title,Atteindre une Affection de avec « N »
mst.mission.1958141._detail,Augmentez l’Affection de « N » à plus de 6 000.
mst.mission.1958142._title,Atteindre une Affection de avec « N »
mst.mission.1958142._detail,Atteindre une Affection de avec « N ».
mst.mission.1958143._title,Atteindre une Affection de avec « N »
mst.mission.1958143._detail,Atteindre une Affection de avec « N ».
mst.mission.1958144._title,Augmentez l’Affection de « N » à plus de 9 000.
mst.mission.1958144._detail,Atteindre une Affection de avec « N ».
mst.mission.1958145._title,Atteindre une Affection de avec « N »
mst.mission.1958145._detail,Atteindre une Affection de avec « N ».
mst.mission.1958146._title,Atteindre une Affection de avec « N »
mst.mission.1958146._detail,Atteindre un niveau d’Affection de avec « N ».
mst.mission.1958147._title,Atteindre une Affection de avec « N »
mst.mission.1958147._detail,Atteindre un niveau d’Affection de 12 500 avec « N ».
mst.mission.1958148._title,Atteindre une Affection de avec « N »
mst.mission.1958148._detail,Atteignez un niveau d’Affection de 13 000 avec « N ».
mst.mission.1958149._title,Atteindre une Affection de avec « N »
mst.mission.1958149._detail,Atteindre une Affection de avec « N ».
mst.mission.1958150._title,Atteindre une Affection de avec « N »
mst.mission.1958150._detail,Atteignez un niveau d’Affection de 15 000 avec « N ».
mst.mission.1958151._title,Augmentez l’Affection de « N ».
mst.mission.1958151._detail,Atteindre un niveau d’Affection de avec « N ».
mst.mission.1958152._title,Atteindre une Affection de avec « N »
mst.mission.1958152._detail,Atteindre une Affection de avec « N ».
mst.mission.1958153._title,Atteindre une Affection de avec « N »
mst.mission.1958153._detail,Atteindre une Affection de avec « N ».
mst.mission.1958154._title,Atteindre une Affection de avec « N »
mst.mission.1958154._detail,Atteindre une Affection de avec « N ».
mst.mission.1958155._title,Atteindre une Affection de avec « N »
mst.mission.1958155._detail,Augmentez l’Affection de « N » à plus de 5 000.
mst.mission.1958156._title,Atteindre une Affection de avec « N »
mst.mission.1958156._detail,Augmentez l’Affection de « N » à plus de 6 000.
mst.mission.1958157._title,Atteindre une Affection de avec « N »
mst.mission.1958157._detail,Atteindre une Affection de avec « N ».
mst.mission.1958158._title,Atteindre une Affection de avec « N »
mst.mission.1958158._detail,Atteindre une Affection de avec « N ».
mst.mission.1958159._title,Augmentez l’Affection de « N » à plus de 9 000.
mst.mission.1958159._detail,Atteindre une Affection de avec « N ».
mst.mission.1958160._title,Atteindre une Affection de avec « N »
mst.mission.1958160._detail,Atteindre une Affection de avec « N ».
mst.mission.1958161._title,Atteindre une Affection de avec « N »
mst.mission.1958161._detail,Atteindre un niveau d’Affection de avec « N ».
mst.mission.1958162._title,Atteindre une Affection de avec « N »
mst.mission.1958162._detail,Atteindre un niveau d’Affection de 12 500 avec « N ».
mst.mission.1958163._title,Atteindre une Affection de avec « N »
mst.mission.1958163._detail,Atteignez un niveau d’Affection de 13 000 avec « N ».
mst.mission.1958164._title,Atteindre une Affection de avec « N »
mst.mission.1958164._detail,Atteindre une Affection de avec « N ».
mst.mission.1958165._title,Atteindre une Affection de avec « N »
mst.mission.1958165._detail,Atteignez un niveau d’Affection de 15 000 avec « N ».
mst.mission.1958166._title,Augmentez l’Affection de « N ».
mst.mission.1958166._detail,Atteindre un niveau d’Affection de avec « N ».
mst.mission.1958167._title,Atteindre une Affection de avec « N »
mst.mission.1958167._detail,Atteindre une Affection de avec « N ».
mst.mission.1958168._title,Atteindre une Affection de avec « N »
mst.mission.1958168._detail,Atteindre une Affection de avec « N ».
mst.mission.1958169._title,Atteindre une Affection de avec « N »
mst.mission.1958169._detail,Atteindre une Affection de avec « N ».
mst.mission.1958170._title,Atteindre une Affection de avec « N »
mst.mission.1958170._detail,Augmentez l’Affection de « N » à plus de 5 000.
mst.mission.1958171._title,Atteindre une Affection de avec « N »
mst.mission.1958171._detail,Augmentez l’Affection de « N » à plus de 6 000.
mst.mission.1958172._title,Atteindre une Affection de avec « N »
mst.mission.1958172._detail,Atteindre une Affection de avec « N ».
mst.mission.1958173._title,Atteindre une Affection de avec « N »
mst.mission.1958173._detail,Atteindre une Affection de avec « N ».
mst.mission.1958174._title,Augmentez l’Affection de « N » à plus de 9 000.
mst.mission.1958174._detail,Atteindre une Affection de avec « N ».
mst.mission.1958175._title,Atteindre une Affection de avec « N »
mst.mission.1958175._detail,Atteindre une Affection de avec « N ».
mst.mission.1958176._title,Atteindre une Affection de avec « N »
mst.mission.1958176._detail,Atteindre un niveau d’Affection de avec « N ».
mst.mission.1958177._title,Atteindre une Affection de avec « N »
mst.mission.1958177._detail,Atteindre un niveau d’Affection de 12 500 avec « N ».
mst.mission.1958178._title,Atteindre une Affection de avec « N »
mst.mission.1958178._detail,Atteignez un niveau d’Affection de 13 000 avec « N ».
mst.mission.1958179._title,Atteindre une Affection de avec « N »
mst.mission.1958179._detail,Atteindre une Affection de avec « N ».
mst.mission.1958180._title,Atteindre une Affection de avec « N »
mst.mission.1958180._detail,Atteignez un niveau d’Affection de 15 000 avec « N ».
mst.mission.1958181._title,Augmentez l’Affection de « N ».
mst.mission.1958181._detail,Atteindre un niveau d’Affection de avec « N ».
mst.mission.1958182._title,Atteindre une Affection de avec « N »
mst.mission.1958182._detail,Atteindre une Affection de avec « N ».
mst.mission.1958183._title,Atteindre une Affection de avec « N »
mst.mission.1958183._detail,Atteindre une Affection de avec « N ».
mst.mission.1958184._title,Atteindre une Affection de avec « N »
mst.mission.1958184._detail,Atteindre une Affection de avec « N ».
mst.mission.1958185._title,Atteindre une Affection de avec « N »
mst.mission.1958185._detail,Augmentez l’Affection de « N » à plus de 5 000.
mst.mission.1958186._title,Atteindre une Affection de avec « N »
mst.mission.1958186._detail,Augmentez l’Affection de « N » à plus de 6 000.
mst.mission.1958187._title,Atteindre une Affection de avec « N »
mst.mission.1958187._detail,Atteindre une Affection de avec « N ».
mst.mission.1958188._title,Atteindre une Affection de avec « N »
mst.mission.1958188._detail,Atteindre une Affection de avec « N ».
mst.mission.1958189._title,Augmentez l’Affection de « N » à plus de 9 000.
mst.mission.1958189._detail,Atteindre une Affection de avec « N ».
mst.mission.1958190._title,Atteindre une Affection de avec « N »
mst.mission.1958190._detail,Atteindre une Affection de avec « N ».
mst.mission.1958191._title,Atteindre une Affection de avec « N »
mst.mission.1958191._detail,Atteindre un niveau d’Affection de avec « N ».
mst.mission.1958192._title,Atteindre une Affection de avec « N »
mst.mission.1958192._detail,Atteindre un niveau d’Affection de 12 500 avec « N ».
mst.mission.1958193._title,Atteindre une Affection de avec « N »
mst.mission.1958193._detail,Atteignez un niveau d’Affection de 13 000 avec « N ».
mst.mission.1958194._title,Atteindre une Affection de avec « N »
mst.mission.1958194._detail,Atteindre une Affection de avec « N ».
mst.mission.1958195._title,Atteindre une Affection de avec « N »
mst.mission.1958195._detail,Atteignez un niveau d’Affection de 15 000 avec « N ».
mst.mission.1958196._title,Augmentez l’Affection de « N ».
mst.mission.1958196._detail,Atteindre un niveau d’Affection de avec « N ».
mst.mission.1958197._title,Atteindre une Affection de avec « N »
mst.mission.1958197._detail,Atteindre une Affection de avec « N ».
mst.mission.1958198._title,Atteindre une Affection de avec « N »
mst.mission.1958198._detail,Atteindre une Affection de avec « N ».
mst.mission.1958199._title,Atteindre une Affection de avec « N »
mst.mission.1958199._detail,Atteindre une Affection de avec « N ».
mst.mission.1958200._title,Atteindre une Affection de avec « N »
mst.mission.1958200._detail,Augmentez l’Affection de « N » à plus de 5 000.
mst.mission.1958201._title,Atteindre une Affection de avec « N »
mst.mission.1958201._detail,Augmentez l’Affection de « N » à plus de 6 000.
mst.mission.1958202._title,Atteindre une Affection de avec « N »
mst.mission.1958202._detail,Atteindre une Affection de avec « N ».
mst.mission.1958203._title,Atteindre une Affection de avec « N »
mst.mission.1958203._detail,Atteindre une Affection de avec « N ».
mst.mission.1958204._title,Augmentez l’Affection de « N » à plus de 9 000.
mst.mission.1958204._detail,Atteindre une Affection de avec « N ».
mst.mission.1958205._title,Atteindre une Affection de avec « N »
mst.mission.1958205._detail,Atteindre une Affection de avec « N ».
mst.mission.1958206._title,Atteindre une Affection de avec « N »
mst.mission.1958206._detail,Atteindre un niveau d’Affection de avec « N ».
mst.mission.1958207._title,Atteindre une Affection de avec « N »
mst.mission.1958207._detail,Atteindre un niveau d’Affection de 12 500 avec « N ».
mst.mission.1958208._title,Atteindre une Affection de avec « N »
mst.mission.1958208._detail,Atteignez un niveau d’Affection de 13 000 avec « N ».
mst.mission.1958209._title,Atteindre une Affection de avec « N »
mst.mission.1958209._detail,Atteindre une Affection de avec « N ».
mst.mission.1958210._title,Atteindre une Affection de avec « N »
mst.mission.1958210._detail,Atteignez un niveau d’Affection de 15 000 avec « N ».
mst.mission.1958211._title,Augmentez l’Affection de « N ».
mst.mission.1958211._detail,Atteindre un niveau d’Affection de avec « N ».
mst.mission.1958212._title,Atteindre une Affection de avec « N »
mst.mission.1958212._detail,Atteindre une Affection de avec « N ».
mst.mission.1958213._title,Atteindre une Affection de avec « N »
mst.mission.1958213._detail,Atteindre une Affection de avec « N ».
mst.mission.1958214._title,Atteindre une Affection de avec « N »
mst.mission.1958214._detail,Atteindre une Affection de avec « N ».
mst.mission.1958215._title,Atteindre une Affection de avec « N »
mst.mission.1958215._detail,Augmentez l’Affection de « N » à plus de 5 000.
mst.mission.1958216._title,Atteindre une Affection de avec « N »
mst.mission.1958216._detail,Augmentez l’Affection de « N » à plus de 6 000.
mst.mission.1958217._title,Atteindre une Affection de avec « N »
mst.mission.1958217._detail,Atteindre une Affection de avec « N ».
mst.mission.1958218._title,Atteindre une Affection de avec « N »
mst.mission.1958218._detail,Atteindre une Affection de avec « N ».
mst.mission.1958219._title,Augmentez l’Affection de « N » à plus de 9 000.
mst.mission.1958219._detail,Atteindre une Affection de avec « N ».
mst.mission.1958220._title,Atteindre une Affection de avec « N »
mst.mission.1958220._detail,Atteindre une Affection de avec « N ».
mst.mission.1958221._title,Atteindre une Affection de avec « N »
mst.mission.1958221._detail,Atteindre un niveau d’Affection de avec « N ».
mst.mission.1958222._title,Atteindre une Affection de avec « N »
mst.mission.1958222._detail,Atteindre un niveau d’Affection de 12 500 avec « N ».
mst.mission.1958223._title,Atteindre une Affection de avec « N »
mst.mission.1958223._detail,Atteignez un niveau d’Affection de 13 000 avec « N ».
mst.mission.1958224._title,Atteindre une Affection de avec « N »
mst.mission.1958224._detail,Atteindre une Affection de avec « N ».
mst.mission.1958225._title,Atteindre une Affection de avec « N »
mst.mission.1958225._detail,Atteignez un niveau d’Affection de 15 000 avec « N ».
mst.mission.1958226._title,Augmentez l’Affection de « N ».
mst.mission.1958226._detail,Atteindre un niveau d’Affection de avec « N ».
mst.mission.1958227._title,Atteindre une Affection de avec « N »
mst.mission.1958227._detail,Atteindre une Affection de avec « N ».
mst.mission.1958228._title,Atteindre une Affection de avec « N »
mst.mission.1958228._detail,Atteindre une Affection de avec « N ».
mst.mission.1958229._title,Atteindre une Affection de avec « N »
mst.mission.1958229._detail,Atteindre une Affection de avec « N ».
mst.mission.1958230._title,Atteindre une Affection de avec « N »
mst.mission.1958230._detail,Augmentez l’Affection de « N » à plus de 5 000.
mst.mission.1958231._title,Atteindre une Affection de avec « N »
mst.mission.1958231._detail,Augmentez l’Affection de « N » à plus de 6 000.
mst.mission.1958232._title,Atteindre une Affection de avec « N »
mst.mission.1958232._detail,Atteindre une Affection de avec « N ».
mst.mission.1958233._title,Atteindre une Affection de avec « N »
mst.mission.1958233._detail,Atteindre une Affection de avec « N ».
mst.mission.1958234._title,Augmentez l’Affection de « N » à plus de 9 000.
mst.mission.1958234._detail,Atteindre une Affection de avec « N ».
mst.mission.1958235._title,Atteindre une Affection de avec « N »
mst.mission.1958235._detail,Atteindre une Affection de avec « N ».
mst.mission.1958236._title,Atteindre une Affection de avec « N »
mst.mission.1958236._detail,Atteindre un niveau d’Affection de avec « N ».
mst.mission.1958237._title,Atteindre une Affection de avec « N »
mst.mission.1958237._detail,Atteindre un niveau d’Affection de 12 500 avec « N ».
mst.mission.1958238._title,Atteindre une Affection de avec « N »
mst.mission.1958238._detail,Atteignez un niveau d’Affection de 13 000 avec « N ».
mst.mission.1958239._title,Atteindre une Affection de avec « N »
mst.mission.1958239._detail,Atteindre une Affection de avec « N ».
mst.mission.1958240._title,Atteindre une Affection de avec « N »
mst.mission.1958240._detail,Atteignez un niveau d’Affection de 15 000 avec « N ».
mst.mission.1958241._title,Augmentez l’Affection de « N ».
mst.mission.1958241._detail,Atteindre un niveau d’Affection de avec « N ».
mst.mission.1958242._title,Atteindre une Affection de avec « N »
mst.mission.1958242._detail,Atteindre une Affection de avec « N ».
mst.mission.1958243._title,Atteindre une Affection de avec « N »
mst.mission.1958243._detail,Atteindre une Affection de avec « N ».
mst.mission.1958244._title,Atteindre une Affection de avec « N »
mst.mission.1958244._detail,Atteindre une Affection de avec « N ».
mst.mission.1958245._title,Atteindre une Affection de avec « N »
mst.mission.1958245._detail,Augmentez l’Affection de « N » à plus de 5 000.
mst.mission.1958246._title,Atteindre une Affection de avec « N »
mst.mission.1958246._detail,Augmentez l’Affection de « N » à plus de 6 000.
mst.mission.1958247._title,Atteindre une Affection de avec « N »
mst.mission.1958247._detail,Atteindre une Affection de avec « N ».
mst.mission.1958248._title,Atteindre une Affection de avec « N »
mst.mission.1958248._detail,Atteindre une Affection de avec « N ».
mst.mission.1958249._title,Augmentez l’Affection de « N » à plus de 9 000.
mst.mission.1958249._detail,Atteindre une Affection de avec « N ».
mst.mission.1958250._title,Atteindre une Affection de avec « N »
mst.mission.1958250._detail,Atteindre une Affection de avec « N ».
mst.mission.1958251._title,Atteindre une Affection de avec « N »
mst.mission.1958251._detail,Atteindre un niveau d’Affection de avec « N ».
mst.mission.1958252._title,Atteindre une Affection de avec « N »
mst.mission.1958252._detail,Atteindre un niveau d’Affection de 12 500 avec « N ».
mst.mission.1958253._title,Atteindre une Affection de avec « N »
mst.mission.1958253._detail,Atteignez un niveau d’Affection de 13 000 avec « N ».
mst.mission.1958254._title,Atteindre une Affection de avec « N »
mst.mission.1958254._detail,Atteindre une Affection de avec « N ».
mst.mission.1958255._title,Atteindre une Affection de avec « N »
mst.mission.1958255._detail,Atteignez un niveau d’Affection de 15 000 avec « N ».
mst.mission.1958256._title,Augmentez l’Affection de « N ».
mst.mission.1958256._detail,Atteindre un niveau d’Affection de avec « N ».
mst.mission.1958257._title,Atteindre une Affection de avec « N »
mst.mission.1958257._detail,Atteindre une Affection de avec « N ».
mst.mission.1958258._title,Atteindre une Affection de avec « N »
mst.mission.1958258._detail,Atteindre une Affection de avec « N ».
mst.mission.1958259._title,Atteindre une Affection de avec « N »
mst.mission.1958259._detail,Atteindre une Affection de avec « N ».
mst.mission.1958260._title,Atteindre une Affection de avec « N »
mst.mission.1958260._detail,Augmentez l’Affection de « N » à plus de 5 000.
mst.mission.1958261._title,Atteindre une Affection de avec « N »
mst.mission.1958261._detail,Augmentez l’Affection de « N » à plus de 6 000.
mst.mission.1958262._title,Atteindre une Affection de avec « N »
mst.mission.1958262._detail,Atteindre une Affection de avec « N ».
mst.mission.1958263._title,Atteindre une Affection de avec « N »
mst.mission.1958263._detail,Atteindre une Affection de avec « N ».
mst.mission.1958264._title,Augmentez l’Affection de « N » à plus de 9 000.
mst.mission.1958264._detail,Atteindre une Affection de avec « N ».
mst.mission.1958265._title,Atteindre une Affection de avec « N »
mst.mission.1958265._detail,Atteindre une Affection de avec « N ».
mst.mission.1958266._title,Atteindre une Affection de avec « N »
mst.mission.1958266._detail,Atteindre un niveau d’Affection de avec « N ».
mst.mission.1958267._title,Atteindre une Affection de avec « N »
mst.mission.1958267._detail,Atteindre un niveau d’Affection de 12 500 avec « N ».
mst.mission.1958268._title,Atteindre une Affection de avec « N »
mst.mission.1958268._detail,Atteignez un niveau d’Affection de 13 000 avec « N ».
mst.mission.1958269._title,Atteindre une Affection de avec « N »
mst.mission.1958269._detail,Atteindre une Affection de avec « N ».
mst.mission.1958270._title,Atteindre une Affection de avec « N »
mst.mission.1958270._detail,Atteignez un niveau d’Affection de 15 000 avec « N ».
mst.mission.1958271._title,Augmentez l’Affection de « N ».
mst.mission.1958271._detail,Atteindre un niveau d’Affection de avec « N ».
mst.mission.1958272._title,Atteindre une Affection de avec « N »
mst.mission.1958272._detail,Atteindre une Affection de avec « N ».
mst.mission.1958273._title,Atteindre une Affection de avec « N »
mst.mission.1958273._detail,Atteindre une Affection de avec « N ».
mst.mission.1958274._title,Atteindre une Affection de avec « N »
mst.mission.1958274._detail,Atteindre une Affection de avec « N ».
mst.mission.1958275._title,Atteindre une Affection de avec « N »
mst.mission.1958275._detail,Augmentez l’Affection de « N » à plus de 5 000.
mst.mission.1958276._title,Atteindre une Affection de avec « N »
mst.mission.1958276._detail,Augmentez l’Affection de « N » à plus de 6 000.
mst.mission.1958277._title,Atteindre une Affection de avec « N »
mst.mission.1958277._detail,Atteindre une Affection de avec « N ».
mst.mission.1958278._title,Atteindre une Affection de avec « N »
mst.mission.1958278._detail,Atteindre une Affection de avec « N ».
mst.mission.1958279._title,Augmentez l’Affection de « N » à plus de 9 000.
mst.mission.1958279._detail,Atteindre une Affection de avec « N ».
mst.mission.1958280._title,Atteindre une Affection de avec « N »
mst.mission.1958280._detail,Atteindre une Affection de avec « N ».
mst.mission.1958281._title,Atteindre une Affection de avec « N »
mst.mission.1958281._detail,Atteindre un niveau d’Affection de avec « N ».
mst.mission.1958282._title,Atteindre une Affection de avec « N »
mst.mission.1958282._detail,Atteindre un niveau d’Affection de 12 500 avec « N ».
mst.mission.1958283._title,Atteindre une Affection de avec « N »
mst.mission.1958283._detail,Atteignez un niveau d’Affection de 13 000 avec « N ».
mst.mission.1958284._title,Atteindre une Affection de avec « N »
mst.mission.1958284._detail,Atteindre une Affection de avec « N ».
mst.mission.1958285._title,Atteindre une Affection de avec « N »
mst.mission.1958285._detail,Atteignez un niveau d’Affection de 15 000 avec « N ».
mst.mission.1958286._title,Augmentez l’Affection de « N ».
mst.mission.1958286._detail,Atteindre un niveau d’Affection de avec « N ».
mst.mission.1958287._title,Atteindre une Affection de avec « N »
mst.mission.1958287._detail,Atteindre une Affection de avec « N ».
mst.mission.1958288._title,Atteindre une Affection de avec « N »
mst.mission.1958288._detail,Atteindre une Affection de avec « N ».
mst.mission.1958289._title,Atteindre une Affection de avec « N »
mst.mission.1958289._detail,Atteindre une Affection de avec « N ».
mst.mission.1958290._title,Atteindre une Affection de avec « N »
mst.mission.1958290._detail,Augmentez l’Affection de « N » à plus de 5 000.
mst.mission.1958291._title,Atteindre une Affection de avec « N »
mst.mission.1958291._detail,Augmentez l’Affection de « N » à plus de 6 000.
mst.mission.1958292._title,Atteindre une Affection de avec « N »
mst.mission.1958292._detail,Atteindre une Affection de avec « N ».
mst.mission.1958293._title,Atteindre une Affection de avec « N »
mst.mission.1958293._detail,Atteindre une Affection de avec « N ».
mst.mission.1958294._title,Augmentez l’Affection de « N » à plus de 9 000.
mst.mission.1958294._detail,Atteindre une Affection de avec « N ».
mst.mission.1958295._title,Atteindre une Affection de avec « N »
mst.mission.1958295._detail,Atteindre une Affection de avec « N ».
mst.mission.1958296._title,Atteindre une Affection de avec « N »
mst.mission.1958296._detail,Atteindre un niveau d’Affection de avec « N ».
mst.mission.1958297._title,Atteindre une Affection de avec « N »
mst.mission.1958297._detail,Atteindre un niveau d’Affection de 12 500 avec « N ».
mst.mission.1958298._title,Atteindre une Affection de avec « N »
mst.mission.1958298._detail,Atteignez un niveau d’Affection de 13 000 avec « N ».
mst.mission.1958299._title,Atteindre une Affection de avec « N »
mst.mission.1958299._detail,Atteindre une Affection de avec « N ».
mst.mission.1958300._title,Atteindre une Affection de avec « N »
mst.mission.1958300._detail,Atteignez un niveau d’Affection de 15 000 avec « N ».
mst.mission.1958301._title,Augmentez l’Affection de « N ».
mst.mission.1958301._detail,Atteindre un niveau d’Affection de avec « N ».
mst.mission.1958302._title,Atteindre une Affection de avec « N »
mst.mission.1958302._detail,Atteindre une Affection de avec « N ».
mst.mission.1958303._title,Atteindre une Affection de avec « N »
mst.mission.1958303._detail,Atteindre une Affection de avec « N ».
mst.mission.1958304._title,Atteindre une Affection de avec « N »
mst.mission.1958304._detail,Atteindre une Affection de avec « N ».
mst.mission.1958305._title,Atteindre une Affection de avec « N »
mst.mission.1958305._detail,Augmentez l’Affection de « N » à plus de 5 000.
mst.mission.1958306._title,Atteindre une Affection de avec « N »
mst.mission.1958306._detail,Augmentez l’Affection de « N » à plus de 6 000.
mst.mission.1958307._title,Atteindre une Affection de avec « N »
mst.mission.1958307._detail,Atteindre une Affection de avec « N ».
mst.mission.1958308._title,Atteindre une Affection de avec « N »
mst.mission.1958308._detail,Atteindre une Affection de avec « N ».
mst.mission.1958309._title,Augmentez l’Affection de « N » à plus de 9 000.
mst.mission.1958309._detail,Atteindre une Affection de avec « N ».
mst.mission.1958310._title,Atteindre une Affection de avec « N »
mst.mission.1958310._detail,Atteindre une Affection de avec « N ».
mst.mission.1958311._title,Atteindre une Affection de avec « N »
mst.mission.1958311._detail,Atteindre un niveau d’Affection de avec « N ».
mst.mission.1958312._title,Atteindre une Affection de avec « N »
mst.mission.1958312._detail,Atteindre un niveau d’Affection de 12 500 avec « N ».
mst.mission.1958313._title,Atteindre une Affection de avec « N »
mst.mission.1958313._detail,Atteignez un niveau d’Affection de 13 000 avec « N ».
mst.mission.1958314._title,Atteindre une Affection de avec « N »
mst.mission.1958314._detail,Atteindre une Affection de avec « N ».
mst.mission.1958315._title,Atteindre une Affection de avec « N »
mst.mission.1958315._detail,Atteignez un niveau d’Affection de 15 000 avec « N ».
mst.mission.1958316._title,Augmentez l’Affection de « N ».
mst.mission.1958316._detail,Atteindre un niveau d’Affection de avec « N ».
mst.mission.1958317._title,Atteindre une Affection de avec « N »
mst.mission.1958317._detail,Atteindre une Affection de avec « N ».
mst.mission.1958318._title,Atteindre une Affection de avec « N »
mst.mission.1958318._detail,Atteindre une Affection de avec « N ».
mst.mission.1958319._title,Atteindre une Affection de avec « N »
mst.mission.1958319._detail,Atteindre une Affection de avec « N ».
mst.mission.1958320._title,Atteindre une Affection de avec « N »
mst.mission.1958320._detail,Augmentez l’Affection de « N » à plus de 5 000.
mst.mission.1958321._title,Atteindre une Affection de avec « N »
mst.mission.1958321._detail,Augmentez l’Affection de « N » à plus de 6 000.
mst.mission.1958322._title,Atteindre une Affection de avec « N »
mst.mission.1958322._detail,Atteindre une Affection de avec « N ».
mst.mission.1958323._title,Atteindre une Affection de avec « N »
mst.mission.1958323._detail,Atteindre une Affection de avec « N ».
mst.mission.1958324._title,Augmentez l’Affection de « N » à plus de 9 000.
mst.mission.1958324._detail,Atteindre une Affection de avec « N ».
mst.mission.1958325._title,Atteindre une Affection de avec « N »
mst.mission.1958325._detail,Atteindre une Affection de avec « N ».
mst.mission.1958326._title,Atteindre une Affection de avec « N »
mst.mission.1958326._detail,Atteindre un niveau d’Affection de avec « N ».
mst.mission.1958327._title,Atteindre une Affection de avec « N »
mst.mission.1958327._detail,Atteindre un niveau d’Affection de 12 500 avec « N ».
mst.mission.1958328._title,Atteindre une Affection de avec « N »
mst.mission.1958328._detail,Atteignez un niveau d’Affection de 13 000 avec « N ».
mst.mission.1958329._title,Atteindre une Affection de avec « N »
mst.mission.1958329._detail,Atteindre une Affection de avec « N ».
mst.mission.1958330._title,Atteindre une Affection de avec « N »
mst.mission.1958330._detail,Atteignez un niveau d’Affection de 15 000 avec « N ».
mst.mission.1958331._title,Augmentez l’Affection de « N ».
mst.mission.1958331._detail,Atteindre un niveau d’Affection de avec « N ».
mst.mission.1958332._title,Atteindre une Affection de avec « N »
mst.mission.1958332._detail,Atteindre une Affection de avec « N ».
mst.mission.1958333._title,Atteindre une Affection de avec « N »
mst.mission.1958333._detail,Atteindre une Affection de avec « N ».
mst.mission.1958334._title,Atteindre une Affection de avec « N »
mst.mission.1958334._detail,Atteindre une Affection de avec « N ».
mst.mission.1958335._title,Atteindre une Affection de avec « N »
mst.mission.1958335._detail,Augmentez l’Affection de « N » à plus de 5 000.
mst.mission.1958336._title,Atteindre une Affection de avec « N »
mst.mission.1958336._detail,Augmentez l’Affection de « N » à plus de 6 000.
mst.mission.1958337._title,Atteindre une Affection de avec « N »
mst.mission.1958337._detail,Atteindre une Affection de avec « N ».
mst.mission.1958338._title,Atteindre une Affection de avec « N »
mst.mission.1958338._detail,Atteindre une Affection de avec « N ».
mst.mission.1958339._title,Augmentez l’Affection de « N » à plus de 9 000.
mst.mission.1958339._detail,Atteindre une Affection de avec « N ».
mst.mission.1958340._title,Atteindre une Affection de avec « N »
mst.mission.1958340._detail,Atteindre une Affection de avec « N ».
mst.mission.1958341._title,Atteindre une Affection de avec « N »
mst.mission.1958341._detail,Atteindre un niveau d’Affection de avec « N ».
mst.mission.1958342._title,Atteindre une Affection de avec « N »
mst.mission.1958342._detail,Atteindre un niveau d’Affection de 12 500 avec « N ».
mst.mission.1958343._title,Atteindre une Affection de avec « N »
mst.mission.1958343._detail,Atteignez un niveau d’Affection de 13 000 avec « N ».
mst.mission.1958344._title,Atteindre une Affection de avec « N »
mst.mission.1958344._detail,Atteindre une Affection de avec « N ».
mst.mission.1958345._title,Atteindre une Affection de avec « N »
mst.mission.1958345._detail,Atteignez un niveau d’Affection de 15 000 avec « N ».
mst.mission.1958346._title,Augmentez l’Affection de « N ».
mst.mission.1958346._detail,Atteindre un niveau d’Affection de avec « N ».
mst.mission.1958347._title,Atteindre une Affection de avec « N »
mst.mission.1958347._detail,Atteindre une Affection de avec « N ».
mst.mission.1958348._title,Atteindre une Affection de avec « N »
mst.mission.1958348._detail,Atteindre une Affection de avec « N ».
mst.mission.1958349._title,Atteindre une Affection de avec « N »
mst.mission.1958349._detail,Atteindre une Affection de avec « N ».
mst.mission.1958350._title,Atteindre une Affection de avec « N »
mst.mission.1958350._detail,Augmentez l’Affection de « N » à plus de 5 000.
mst.mission.1958351._title,Atteindre une Affection de avec « N »
mst.mission.1958351._detail,Augmentez l’Affection de « N » à plus de 6 000.
mst.mission.1958352._title,Atteindre une Affection de avec « N »
mst.mission.1958352._detail,Atteindre une Affection de avec « N ».
mst.mission.1958353._title,Atteindre une Affection de avec « N »
mst.mission.1958353._detail,Atteindre une Affection de avec « N ».
mst.mission.1958354._title,Augmentez l’Affection de « N » à plus de 9 000.
mst.mission.1958354._detail,Atteindre une Affection de avec « N ».
mst.mission.1958355._title,Atteindre une Affection de avec « N »
mst.mission.1958355._detail,Atteindre une Affection de avec « N ».
mst.mission.1958356._title,Atteindre une Affection de avec « N »
mst.mission.1958356._detail,Atteindre un niveau d’Affection de avec « N ».
mst.mission.1958357._title,Atteindre une Affection de avec « N »
mst.mission.1958357._detail,Atteindre un niveau d’Affection de 12 500 avec « N ».
mst.mission.1958358._title,Atteindre une Affection de avec « N »
mst.mission.1958358._detail,Atteignez un niveau d’Affection de 13 000 avec « N ».
mst.mission.1958359._title,Atteindre une Affection de avec « N »
mst.mission.1958359._detail,Atteindre une Affection de avec « N ».
mst.mission.1958360._title,Atteindre une Affection de avec « N »
mst.mission.1958360._detail,Atteignez un niveau d’Affection de 15 000 avec « N ».
mst.mission.1958361._title,Augmentez l’Affection de « N ».
mst.mission.1958361._detail,Atteindre un niveau d’Affection de avec « N ».
mst.mission.1958362._title,Atteindre une Affection de avec « N »
mst.mission.1958362._detail,Atteindre une Affection de avec « N ».
mst.mission.1958363._title,Atteindre une Affection de avec « N »
mst.mission.1958363._detail,Atteindre une Affection de avec « N ».
mst.mission.1958364._title,Atteindre une Affection de avec « N »
mst.mission.1958364._detail,Atteindre une Affection de avec « N ».
mst.mission.1958365._title,Atteindre une Affection de avec « N »
mst.mission.1958365._detail,Augmentez l’Affection de « N » à plus de 5 000.
mst.mission.1958366._title,Atteindre une Affection de avec « N »
mst.mission.1958366._detail,Augmentez l’Affection de « N » à plus de 6 000.
mst.mission.1958367._title,Atteindre une Affection de avec « N »
mst.mission.1958367._detail,Atteindre une Affection de avec « N ».
mst.mission.1958368._title,Atteindre une Affection de avec « N »
mst.mission.1958368._detail,Atteindre une Affection de avec « N ».
mst.mission.1958369._title,Augmentez l’Affection de « N » à plus de 9 000.
mst.mission.1958369._detail,Atteindre une Affection de avec « N ».
mst.mission.1958370._title,Atteindre une Affection de avec « N »
mst.mission.1958370._detail,Atteindre une Affection de avec « N ».
mst.mission.1958371._title,Atteindre une Affection de avec « N »
mst.mission.1958371._detail,Atteindre un niveau d’Affection de avec « N ».
mst.mission.1958372._title,Atteindre une Affection de avec « N »
mst.mission.1958372._detail,Atteindre un niveau d’Affection de 12 500 avec « N ».
mst.mission.1958373._title,Atteindre une Affection de avec « N »
mst.mission.1958373._detail,Atteignez un niveau d’Affection de 13 000 avec « N ».
mst.mission.1958374._title,Atteindre une Affection de avec « N »
mst.mission.1958374._detail,Atteindre une Affection de avec « N ».
mst.mission.1958375._title,Atteindre une Affection de avec « N »
mst.mission.1958375._detail,Atteignez un niveau d’Affection de 15 000 avec « N ».
mst.mission.1958376._title,Augmentez l’Affection de « N ».
mst.mission.1958376._detail,Atteindre un niveau d’Affection de avec « N ».
mst.mission.1958377._title,Atteindre une Affection de avec « N »
mst.mission.1958377._detail,Atteindre une Affection de avec « N ».
mst.mission.1958378._title,Atteindre une Affection de avec « N »
mst.mission.1958378._detail,Atteindre une Affection de avec « N ».
mst.mission.1958379._title,Atteindre une Affection de avec « N »
mst.mission.1958379._detail,Atteindre une Affection de avec « N ».
mst.mission.1958380._title,Atteindre une Affection de avec « N »
mst.mission.1958380._detail,Augmentez l’Affection de « N » à plus de 5 000.
mst.mission.1958381._title,Atteindre une Affection de avec « N »
mst.mission.1958381._detail,Augmentez l’Affection de « N » à plus de 6 000.
mst.mission.1958382._title,Atteindre une Affection de avec « N »
mst.mission.1958382._detail,Atteindre une Affection de avec « N ».
mst.mission.1958383._title,Atteindre une Affection de avec « N »
mst.mission.1958383._detail,Atteindre une Affection de avec « N ».
mst.mission.1958384._title,Augmentez l’Affection de « N » à plus de 9 000.
mst.mission.1958384._detail,Atteindre une Affection de avec « N ».
mst.mission.1958385._title,Atteindre une Affection de avec « N »
mst.mission.1958385._detail,Atteindre une Affection de avec « N ».
mst.mission.1958386._title,Atteindre une Affection de avec « N »
mst.mission.1958386._detail,Atteindre un niveau d’Affection de avec « N ».
mst.mission.1958387._title,Atteindre une Affection de avec « N »
mst.mission.1958387._detail,Atteindre un niveau d’Affection de 12 500 avec « N ».
mst.mission.1958388._title,Atteindre une Affection de avec « N »
mst.mission.1958388._detail,Atteignez un niveau d’Affection de 13 000 avec « N ».
mst.mission.1958389._title,Atteindre une Affection de avec « N »
mst.mission.1958389._detail,Atteindre une Affection de avec « N ».
mst.mission.1958390._title,Atteindre une Affection de avec « N »
mst.mission.1958390._detail,Atteignez un niveau d’Affection de 15 000 avec « N ».
mst.mission.1958391._title,Augmentez l’Affection de « N ».
mst.mission.1958391._detail,Atteindre un niveau d’Affection de avec « N ».
mst.mission.1958392._title,Atteindre une Affection de avec « N »
mst.mission.1958392._detail,Atteindre une Affection de avec « N ».
mst.mission.1958393._title,Atteindre une Affection de avec « N »
mst.mission.1958393._detail,Atteindre une Affection de avec « N ».
mst.mission.1958394._title,Atteindre une Affection de avec « N »
mst.mission.1958394._detail,Atteindre une Affection de avec « N ».
mst.mission.1958395._title,Atteindre une Affection de avec « N »
mst.mission.1958395._detail,Augmentez l’Affection de « N » à plus de 5 000.
mst.mission.1958396._title,Atteindre une Affection de avec « N »
mst.mission.1958396._detail,Augmentez l’Affection de « N » à plus de 6 000.
mst.mission.1958397._title,Atteindre une Affection de avec « N »
mst.mission.1958397._detail,Atteindre une Affection de avec « N ».
mst.mission.1958398._title,Atteindre une Affection de avec « N »
mst.mission.1958398._detail,Atteindre une Affection de avec « N ».
mst.mission.1958399._title,Augmentez l’Affection de « N » à plus de 9 000.
mst.mission.1958399._detail,Atteindre une Affection de avec « N ».
mst.mission.1958400._title,Atteindre une Affection de avec « N »
mst.mission.1958400._detail,Atteindre une Affection de avec « N ».
mst.mission.1958401._title,Atteindre une Affection de avec « N »
mst.mission.1958401._detail,Atteindre un niveau d’Affection de avec « N ».
mst.mission.1958402._title,Atteindre une Affection de avec « N »
mst.mission.1958402._detail,Atteindre un niveau d’Affection de 12 500 avec « N ».
mst.mission.1958403._title,Atteindre une Affection de avec « N »
mst.mission.1958403._detail,Atteignez un niveau d’Affection de 13 000 avec « N ».
mst.mission.1958404._title,Atteindre une Affection de avec « N »
mst.mission.1958404._detail,Atteindre une Affection de avec « N ».
mst.mission.1958405._title,Atteindre une Affection de avec « N »
mst.mission.1958405._detail,Atteignez un niveau d’Affection de 15 000 avec « N ».
mst.mission.1958406._title,Augmentez l’Affection de « N ».
mst.mission.1958406._detail,Atteindre un niveau d’Affection de avec « N ».
mst.mission.1958407._title,Atteindre une Affection de avec « N »
mst.mission.1958407._detail,Atteindre une Affection de avec « N ».
mst.mission.1958408._title,Atteindre une Affection de avec « N »
mst.mission.1958408._detail,Atteindre une Affection de avec « N ».
mst.mission.1958409._title,Atteindre une Affection de avec « N »
mst.mission.1958409._detail,Atteindre une Affection de avec « N ».
mst.mission.1958410._title,Atteindre une Affection de avec « N »
mst.mission.1958410._detail,Augmentez l’Affection de « N » à plus de 5 000.
mst.mission.1958411._title,Atteindre une Affection de avec « N »
mst.mission.1958411._detail,Augmentez l’Affection de « N » à plus de 6 000.
mst.mission.1958412._title,Atteindre une Affection de avec « N »
mst.mission.1958412._detail,Atteindre une Affection de avec « N ».
mst.mission.1958413._title,Atteindre une Affection de avec « N »
mst.mission.1958413._detail,Atteindre une Affection de avec « N ».
mst.mission.1958414._title,Augmentez l’Affection de « N » à plus de 9 000.
mst.mission.1958414._detail,Atteindre une Affection de avec « N ».
mst.mission.1958415._title,Atteindre une Affection de avec « N »
mst.mission.1958415._detail,Atteindre une Affection de avec « N ».
mst.mission.1958416._title,Atteindre une Affection de avec « N »
mst.mission.1958416._detail,Atteindre un niveau d’Affection de avec « N ».
mst.mission.1958417._title,Atteindre une Affection de avec « N »
mst.mission.1958417._detail,Atteindre un niveau d’Affection de 12 500 avec « N ».
mst.mission.1958418._title,Atteindre une Affection de avec « N »
mst.mission.1958418._detail,Atteignez un niveau d’Affection de 13 000 avec « N ».
mst.mission.1958419._title,Atteindre une Affection de avec « N »
mst.mission.1958419._detail,Atteindre une Affection de avec « N ».
mst.mission.1958420._title,Atteindre une Affection de avec « N »
mst.mission.1958420._detail,Atteignez un niveau d’Affection de 15 000 avec « N ».
mst.mission.1958421._title,Augmentez l’Affection de « N ».
mst.mission.1958421._detail,Atteindre un niveau d’Affection de avec « N ».
mst.mission.1958422._title,Atteindre une Affection de avec « N »
mst.mission.1958422._detail,Atteindre une Affection de avec « N ».
mst.mission.1958423._title,Atteindre une Affection de avec « N »
mst.mission.1958423._detail,Atteindre une Affection de avec « N ».
mst.mission.1958424._title,Atteindre une Affection de avec « N »
mst.mission.1958424._detail,Atteindre une Affection de avec « N ».
mst.mission.1958425._title,Atteindre une Affection de avec « N »
mst.mission.1958425._detail,Augmentez l’Affection de « N » à plus de 5 000.
mst.mission.1958426._title,Atteindre une Affection de avec « N »
mst.mission.1958426._detail,Augmentez l’Affection de « N » à plus de 6 000.
mst.mission.1958427._title,Atteindre une Affection de avec « N »
mst.mission.1958427._detail,Atteindre une Affection de avec « N ».
mst.mission.1958428._title,Atteindre une Affection de avec « N »
mst.mission.1958428._detail,Atteindre une Affection de avec « N ».
mst.mission.1958429._title,Augmentez l’Affection de « N » à plus de 9 000.
mst.mission.1958429._detail,Atteindre une Affection de avec « N ».
mst.mission.1958430._title,Atteindre une Affection de avec « N »
mst.mission.1958430._detail,Atteindre une Affection de avec « N ».
mst.mission.1958431._title,Atteindre une Affection de avec « N »
mst.mission.1958431._detail,Atteindre un niveau d’Affection de avec « N ».
mst.mission.1958432._title,Atteindre une Affection de avec « N »
mst.mission.1958432._detail,Atteindre un niveau d’Affection de 12 500 avec « N ».
mst.mission.1958433._title,Atteindre une Affection de avec « N »
mst.mission.1958433._detail,Atteignez un niveau d’Affection de 13 000 avec « N ».
mst.mission.1958434._title,Atteindre une Affection de avec « N »
mst.mission.1958434._detail,Atteindre une Affection de avec « N ».
mst.mission.1958435._title,Atteindre une Affection de avec « N »
mst.mission.1958435._detail,Atteignez un niveau d’Affection de 15 000 avec « N ».
mst.mission.1958436._title,Augmentez l’Affection de « N ».
mst.mission.1958436._detail,Atteindre un niveau d’Affection de avec « N ».
mst.mission.1958437._title,Atteindre une Affection de avec « N »
mst.mission.1958437._detail,Atteindre une Affection de avec « N ».
mst.mission.1958438._title,Atteindre une Affection de avec « N »
mst.mission.1958438._detail,Atteindre une Affection de avec « N ».
mst.mission.1958439._title,Atteindre une Affection de avec « N »
mst.mission.1958439._detail,Atteindre une Affection de avec « N ».
mst.mission.1958440._title,Atteindre une Affection de avec « N »
mst.mission.1958440._detail,Augmentez l’Affection de « N » à plus de 5 000.
mst.mission.1958441._title,Atteindre une Affection de avec « N »
mst.mission.1958441._detail,Augmentez l’Affection de « N » à plus de 6 000.
mst.mission.1958442._title,Atteindre une Affection de avec « N »
mst.mission.1958442._detail,Atteindre une Affection de avec « N ».
mst.mission.1958443._title,Atteindre une Affection de avec « N »
mst.mission.1958443._detail,Atteindre une Affection de avec « N ».
mst.mission.1958444._title,Augmentez l’Affection de « N » à plus de 9 000.
mst.mission.1958444._detail,Atteindre une Affection de avec « N ».
mst.mission.1958445._title,Atteindre une Affection de avec « N »
mst.mission.1958445._detail,Atteindre une Affection de avec « N ».
mst.mission.1958446._title,Atteindre une Affection de avec « N »
mst.mission.1958446._detail,Atteindre un niveau d’Affection de avec « N ».
mst.mission.1958447._title,Atteindre une Affection de avec « N »
mst.mission.1958447._detail,Atteindre un niveau d’Affection de 12 500 avec « N ».
mst.mission.1958448._title,Atteindre une Affection de avec « N »
mst.mission.1958448._detail,Atteignez un niveau d’Affection de 13 000 avec « N ».
mst.mission.1958449._title,Atteindre une Affection de avec « N »
mst.mission.1958449._detail,Atteindre une Affection de avec « N ».
mst.mission.1958450._title,Atteindre une Affection de avec « N »
mst.mission.1958450._detail,Atteignez un niveau d’Affection de 15 000 avec « N ».
mst.mission.1958451._title,Augmentez l’Affection de « N ».
mst.mission.1958451._detail,Atteindre un niveau d’Affection de avec « N ».
mst.mission.1958452._title,Atteindre une Affection de avec « N »
mst.mission.1958452._detail,Atteindre une Affection de avec « N ».
mst.mission.1958453._title,Atteindre une Affection de avec « N »
mst.mission.1958453._detail,Atteindre une Affection de avec « N ».
mst.mission.1958454._title,Atteindre une Affection de avec « N »
mst.mission.1958454._detail,Atteindre une Affection de avec « N ».
mst.mission.1958455._title,Atteindre une Affection de avec « N »
mst.mission.1958455._detail,Augmentez l’Affection de « N » à plus de 5 000.
mst.mission.1958456._title,Atteindre une Affection de avec « N »
mst.mission.1958456._detail,Augmentez l’Affection de « N » à plus de 6 000.
mst.mission.1958457._title,Atteindre une Affection de avec « N »
mst.mission.1958457._detail,Atteindre une Affection de avec « N ».
mst.mission.1958458._title,Atteindre une Affection de avec « N »
mst.mission.1958458._detail,Atteindre une Affection de avec « N ».
mst.mission.1958459._title,Augmentez l’Affection de « N » à plus de 9 000.
mst.mission.1958459._detail,Atteindre une Affection de avec « N ».
mst.mission.1958460._title,Atteindre une Affection de avec « N »
mst.mission.1958460._detail,Atteindre une Affection de avec « N ».
mst.mission.1958461._title,Atteindre une Affection de avec « N »
mst.mission.1958461._detail,Atteindre un niveau d’Affection de avec « N ».
mst.mission.1958462._title,Atteindre une Affection de avec « N »
mst.mission.1958462._detail,Atteindre un niveau d’Affection de 12 500 avec « N ».
mst.mission.1958463._title,Atteindre une Affection de avec « N »
mst.mission.1958463._detail,Atteignez un niveau d’Affection de 13 000 avec « N ».
mst.mission.1958464._title,Atteindre une Affection de avec « N »
mst.mission.1958464._detail,Atteindre une Affection de avec « N ».
mst.mission.1958465._title,Atteindre une Affection de avec « N »
mst.mission.1958465._detail,Atteignez un niveau d’Affection de 15 000 avec « N ».
mst.mission.1958466._title,Augmentez l’Affection de « N ».
mst.mission.1958466._detail,Atteindre un niveau d’Affection de avec « N ».
mst.mission.1958467._title,Atteindre une Affection de avec « N »
mst.mission.1958467._detail,Atteindre une Affection de avec « N ».
mst.mission.1958468._title,Atteindre une Affection de avec « N »
mst.mission.1958468._detail,Atteindre une Affection de avec « N ».
mst.mission.1958469._title,Atteindre une Affection de avec « N »
mst.mission.1958469._detail,Atteindre une Affection de avec « N ».
mst.mission.1958470._title,Atteindre une Affection de avec « N »
mst.mission.1958470._detail,Augmentez l’Affection de « N » à plus de 5 000.
mst.mission.1958471._title,Atteindre une Affection de avec « N »
mst.mission.1958471._detail,Augmentez l’Affection de « N » à plus de 6 000.
mst.mission.1958472._title,Atteindre une Affection de avec « N »
mst.mission.1958472._detail,Atteindre une Affection de avec « N ».
mst.mission.1958473._title,Atteindre une Affection de avec « N »
mst.mission.1958473._detail,Atteindre une Affection de avec « N ».
mst.mission.1958474._title,Augmentez l’Affection de « N » à plus de 9 000.
mst.mission.1958474._detail,Atteindre une Affection de avec « N ».
mst.mission.1958475._title,Atteindre une Affection de avec « N »
mst.mission.1958475._detail,Atteindre une Affection de avec « N ».
mst.mission.1958476._title,Atteindre une Affection de avec « N »
mst.mission.1958476._detail,Atteindre un niveau d’Affection de avec « N ».
mst.mission.1958477._title,Atteindre une Affection de avec « N »
mst.mission.1958477._detail,Atteindre un niveau d’Affection de 12 500 avec « N ».
mst.mission.1958478._title,Atteindre une Affection de avec « N »
mst.mission.1958478._detail,Atteignez un niveau d’Affection de 13 000 avec « N ».
mst.mission.1958479._title,Atteindre une Affection de avec « N »
mst.mission.1958479._detail,Atteindre une Affection de avec « N ».
mst.mission.1958480._title,Atteindre une Affection de avec « N »
mst.mission.1958480._detail,Atteignez un niveau d’Affection de 15 000 avec « N ».
mst.mission.1958481._title,Augmentez l’Affection de « N ».
mst.mission.1958481._detail,Atteindre un niveau d’Affection de avec « N ».
mst.mission.1958482._title,Atteindre une Affection de avec « N »
mst.mission.1958482._detail,Atteindre une Affection de avec « N ».
mst.mission.1958483._title,Atteindre une Affection de avec « N »
mst.mission.1958483._detail,Atteindre une Affection de avec « N ».
mst.mission.1958484._title,Atteindre une Affection de avec « N »
mst.mission.1958484._detail,Atteindre une Affection de avec « N ».
mst.mission.1958485._title,Atteindre une Affection de avec « N »
mst.mission.1958485._detail,Augmentez l’Affection de « N » à plus de 5 000.
mst.mission.1958486._title,Atteindre une Affection de avec « N »
mst.mission.1958486._detail,Augmentez l’Affection de « N » à plus de 6 000.
mst.mission.1958487._title,Atteindre une Affection de avec « N »
mst.mission.1958487._detail,Atteindre une Affection de avec « N ».
mst.mission.1958488._title,Atteindre une Affection de avec « N »
mst.mission.1958488._detail,Atteindre une Affection de avec « N ».
mst.mission.1958489._title,Augmentez l’Affection de « N » à plus de 9 000.
mst.mission.1958489._detail,Atteindre une Affection de avec « N ».
mst.mission.1958490._title,Atteindre une Affection de avec « N »
mst.mission.1958490._detail,Atteindre une Affection de avec « N ».
mst.mission.1958491._title,Atteindre une Affection de avec « N »
mst.mission.1958491._detail,Atteindre un niveau d’Affection de avec « N ».
mst.mission.1958492._title,Atteindre une Affection de avec « N »
mst.mission.1958492._detail,Atteindre un niveau d’Affection de 12 500 avec « N ».
mst.mission.1958493._title,Atteindre une Affection de avec « N »
mst.mission.1958493._detail,Atteignez un niveau d’Affection de 13 000 avec « N ».
mst.mission.1958494._title,Atteindre une Affection de avec « N »
mst.mission.1958494._detail,Atteindre une Affection de avec « N ».
mst.mission.1958495._title,Atteindre une Affection de avec « N »
mst.mission.1958495._detail,Atteignez un niveau d’Affection de 15 000 avec « N ».
mst.mission.1958496._title,Augmentez l’Affection de « N ».
mst.mission.1958496._detail,Atteindre un niveau d’Affection de avec « N ».
mst.mission.1958497._title,Atteindre une Affection de avec « N »
mst.mission.1958497._detail,Atteindre une Affection de avec « N ».
mst.mission.1958498._title,Atteindre une Affection de avec « N »
mst.mission.1958498._detail,Atteindre une Affection de avec « N ».
mst.mission.1958499._title,Atteindre une Affection de avec « N »
mst.mission.1958499._detail,Atteindre une Affection de avec « N ».
mst.mission.1958500._title,Atteindre une Affection de avec « N »
mst.mission.1958500._detail,Augmentez l’Affection de « N » à plus de 5 000.
mst.mission.1958501._title,Atteindre une Affection de avec « N »
mst.mission.1958501._detail,Augmentez l’Affection de « N » à plus de 6 000.
mst.mission.1958502._title,Atteindre une Affection de avec « N »
mst.mission.1958502._detail,Atteindre une Affection de avec « N ».
mst.mission.1958503._title,Atteindre une Affection de avec « N »
mst.mission.1958503._detail,Atteindre une Affection de avec « N ».
mst.mission.1958504._title,Augmentez l’Affection de « N » à plus de 9 000.
mst.mission.1958504._detail,Atteindre une Affection de avec « N ».
mst.mission.1958505._title,Atteindre une Affection de avec « N »
mst.mission.1958505._detail,Atteindre une Affection de avec « N ».
mst.mission.1958506._title,Atteindre une Affection de avec « N »
mst.mission.1958506._detail,Atteindre un niveau d’Affection de avec « N ».
mst.mission.1958507._title,Atteindre une Affection de avec « N »
mst.mission.1958507._detail,Atteindre un niveau d’Affection de 12 500 avec « N ».
mst.mission.1958508._title,Atteindre une Affection de avec « N »
mst.mission.1958508._detail,Atteignez un niveau d’Affection de 13 000 avec « N ».
mst.mission.1958509._title,Atteindre une Affection de avec « N »
mst.mission.1958509._detail,Atteindre une Affection de avec « N ».
mst.mission.1958510._title,Atteindre une Affection de avec « N »
mst.mission.1958510._detail,Atteignez un niveau d’Affection de 15 000 avec « N ».
mst.mission.1958511._title,Augmentez l’Affection de « N ».
mst.mission.1958511._detail,Atteindre un niveau d’Affection de avec « N ».
mst.mission.1958512._title,Atteindre une Affection de avec « N »
mst.mission.1958512._detail,Atteindre une Affection de avec « N ».
mst.mission.1958513._title,Atteindre une Affection de avec « N »
mst.mission.1958513._detail,Atteindre une Affection de avec « N ».
mst.mission.1958514._title,Atteindre une Affection de avec « N »
mst.mission.1958514._detail,Atteindre une Affection de avec « N ».
mst.mission.1958515._title,Atteindre une Affection de avec « N »
mst.mission.1958515._detail,Augmentez l’Affection de « N » à plus de 5 000.
mst.mission.1958516._title,Atteindre une Affection de avec « N »
mst.mission.1958516._detail,Augmentez l’Affection de « N » à plus de 6 000.
mst.mission.1958517._title,Atteindre une Affection de avec « N »
mst.mission.1958517._detail,Atteindre une Affection de avec « N ».
mst.mission.1958518._title,Atteindre une Affection de avec « N »
mst.mission.1958518._detail,Atteindre une Affection de avec « N ».
mst.mission.1958519._title,Augmentez l’Affection de « N » à plus de 9 000.
mst.mission.1958519._detail,Atteindre une Affection de avec « N ».
mst.mission.1958520._title,Atteindre une Affection de avec « N »
mst.mission.1958520._detail,Atteindre une Affection de avec « N ».
mst.mission.1958521._title,Atteindre une Affection de avec « N »
mst.mission.1958521._detail,Atteindre un niveau d’Affection de avec « N ».
mst.mission.1958522._title,Atteindre une Affection de avec « N »
mst.mission.1958522._detail,Atteindre un niveau d’Affection de 12 500 avec « N ».
mst.mission.1958523._title,Atteindre une Affection de avec « N »
mst.mission.1958523._detail,Atteignez un niveau d’Affection de 13 000 avec « N ».
mst.mission.1958524._title,Atteindre une Affection de avec « N »
mst.mission.1958524._detail,Atteindre une Affection de avec « N ».
mst.mission.1958525._title,Atteindre une Affection de avec « N »
mst.mission.1958525._detail,Atteignez un niveau d’Affection de 15 000 avec « N ».
mst.mission.1958526._title,Augmentez l’Affection de « N ».
mst.mission.1958526._detail,Atteindre un niveau d’Affection de avec « N ».
mst.mission.1958527._title,Atteindre une Affection de avec « N »
mst.mission.1958527._detail,Atteindre une Affection de avec « N ».
mst.mission.1958528._title,Atteindre une Affection de avec « N »
mst.mission.1958528._detail,Atteindre une Affection de avec « N ».
mst.mission.1958529._title,Atteindre une Affection de avec « N »
mst.mission.1958529._detail,Atteindre une Affection de avec « N ».
mst.mission.1958530._title,Atteindre une Affection de avec « N »
mst.mission.1958530._detail,Augmentez l’Affection de « N » à plus de 5 000.
mst.mission.1958531._title,Atteindre une Affection de avec « N »
mst.mission.1958531._detail,Augmentez l’Affection de « N » à plus de 6 000.
mst.mission.1958532._title,Atteindre une Affection de avec « N »
mst.mission.1958532._detail,Atteindre une Affection de avec « N ».
mst.mission.1958533._title,Atteindre une Affection de avec « N »
mst.mission.1958533._detail,Atteindre une Affection de avec « N ».
mst.mission.1958534._title,Augmentez l’Affection de « N » à plus de 9 000.
mst.mission.1958534._detail,Atteindre une Affection de avec « N ».
mst.mission.1958535._title,Atteindre une Affection de avec « N »
mst.mission.1958535._detail,Atteindre une Affection de avec « N ».
mst.mission.1958536._title,Atteindre une Affection de avec « N »
mst.mission.1958536._detail,Atteindre un niveau d’Affection de avec « N ».
mst.mission.1958537._title,Atteindre une Affection de avec « N »
mst.mission.1958537._detail,Atteindre un niveau d’Affection de 12 500 avec « N ».
mst.mission.1958538._title,Atteindre une Affection de avec « N »
mst.mission.1958538._detail,Atteignez un niveau d’Affection de 13 000 avec « N ».
mst.mission.1958539._title,Atteindre une Affection de avec « N »
mst.mission.1958539._detail,Atteindre une Affection de avec « N ».
mst.mission.1958540._title,Atteindre une Affection de avec « N »
mst.mission.1958540._detail,Atteignez un niveau d’Affection de 15 000 avec « N ».
mst.mission.1958541._title,Augmentez l’Affection de « N ».
mst.mission.1958541._detail,Atteindre un niveau d’Affection de avec « N ».
mst.mission.1958542._title,Atteindre une Affection de avec « N »
mst.mission.1958542._detail,Atteindre une Affection de avec « N ».
mst.mission.1958543._title,Atteindre une Affection de avec « N »
mst.mission.1958543._detail,Atteindre une Affection de avec « N ».
mst.mission.1958544._title,Atteindre une Affection de avec « N »
mst.mission.1958544._detail,Atteindre une Affection de avec « N ».
mst.mission.1958545._title,Atteindre une Affection de avec « N »
mst.mission.1958545._detail,Augmentez l’Affection de « N » à plus de 5 000.
mst.mission.1958546._title,Atteindre une Affection de avec « N »
mst.mission.1958546._detail,Augmentez l’Affection de « N » à plus de 6 000.
mst.mission.1958547._title,Atteindre une Affection de avec « N »
mst.mission.1958547._detail,Atteindre une Affection de avec « N ».
mst.mission.1958548._title,Atteindre une Affection de avec « N »
mst.mission.1958548._detail,Atteindre une Affection de avec « N ».
mst.mission.1958549._title,Augmentez l’Affection de « N » à plus de 9 000.
mst.mission.1958549._detail,Atteindre une Affection de avec « N ».
mst.mission.1958550._title,Atteindre une Affection de avec « N »
mst.mission.1958550._detail,Atteindre une Affection de avec « N ».
mst.mission.1958551._title,Atteindre une Affection de avec « N »
mst.mission.1958551._detail,Atteindre un niveau d’Affection de avec « N ».
mst.mission.1958552._title,Atteindre une Affection de avec « N »
mst.mission.1958552._detail,Atteindre un niveau d’Affection de 12 500 avec « N ».
mst.mission.1958553._title,Atteindre une Affection de avec « N »
mst.mission.1958553._detail,Atteignez un niveau d’Affection de 13 000 avec « N ».
mst.mission.1958554._title,Atteindre une Affection de avec « N »
mst.mission.1958554._detail,Atteindre une Affection de avec « N ».
mst.mission.1958555._title,Atteindre une Affection de avec « N »
mst.mission.1958555._detail,Atteignez un niveau d’Affection de 15 000 avec « N ».
mst.mission.1958556._title,Augmentez l’Affection de « N ».
mst.mission.1958556._detail,Atteindre un niveau d’Affection de avec « N ».
mst.mission.1958557._title,Atteindre une Affection de avec « N »
mst.mission.1958557._detail,Atteindre une Affection de avec « N ».
mst.mission.1958558._title,Atteindre une Affection de avec « N »
mst.mission.1958558._detail,Atteindre une Affection de avec « N ».
mst.mission.1958559._title,Atteindre une Affection de avec « N »
mst.mission.1958559._detail,Atteindre une Affection de avec « N ».
mst.mission.1958560._title,Atteindre une Affection de avec « N »
mst.mission.1958560._detail,Augmentez l’Affection de « N » à plus de 5 000.
mst.mission.1958561._title,Atteindre une Affection de avec « N »
mst.mission.1958561._detail,Augmentez l’Affection de « N » à plus de 6 000.
mst.mission.1958562._title,Atteindre une Affection de avec « N »
mst.mission.1958562._detail,Atteindre une Affection de avec « N ».
mst.mission.1958563._title,Atteindre une Affection de avec « N »
mst.mission.1958563._detail,Atteindre une Affection de avec « N ».
mst.mission.1958564._title,Augmentez l’Affection de « N » à plus de 9 000.
mst.mission.1958564._detail,Atteindre une Affection de avec « N ».
mst.mission.1958565._title,Atteindre une Affection de avec « N »
mst.mission.1958565._detail,Atteindre une Affection de avec « N ».
mst.mission.1958566._title,Atteindre une Affection de avec « N »
mst.mission.1958566._detail,Atteindre un niveau d’Affection de avec « N ».
mst.mission.1958567._title,Atteindre une Affection de avec « N »
mst.mission.1958567._detail,Atteindre un niveau d’Affection de 12 500 avec « N ».
mst.mission.1958568._title,Atteindre une Affection de avec « N »
mst.mission.1958568._detail,Atteignez un niveau d’Affection de 13 000 avec « N ».
mst.mission.1958569._title,Atteindre une Affection de avec « N »
mst.mission.1958569._detail,Atteindre une Affection de avec « N ».
mst.mission.1958570._title,Atteindre une Affection de avec « N »
mst.mission.1958570._detail,Atteignez un niveau d’Affection de 15 000 avec « N ».
mst.mission.1958571._title,Augmentez l’Affection de « N ».
mst.mission.1958571._detail,Atteindre un niveau d’Affection de avec « N ».
mst.mission.1958572._title,Atteindre une Affection de avec « N »
mst.mission.1958572._detail,Atteindre une Affection de avec « N ».
mst.mission.1958573._title,Atteindre une Affection de avec « N »
mst.mission.1958573._detail,Atteindre une Affection de avec « N ».
mst.mission.1958574._title,Atteindre une Affection de avec « N »
mst.mission.1958574._detail,Atteindre une Affection de avec « N ».
mst.mission.1958575._title,Atteindre une Affection de avec « N »
mst.mission.1958575._detail,Augmentez l’Affection de « N » à plus de 5 000.
mst.mission.1958576._title,Atteindre une Affection de avec « N »
mst.mission.1958576._detail,Augmentez l’Affection de « N » à plus de 6 000.
mst.mission.1958577._title,Atteindre une Affection de avec « N »
mst.mission.1958577._detail,Atteindre une Affection de avec « N ».
mst.mission.1958578._title,Atteindre une Affection de avec « N »
mst.mission.1958578._detail,Atteindre une Affection de avec « N ».
mst.mission.1958579._title,Augmentez l’Affection de « N » à plus de 9 000.
mst.mission.1958579._detail,Atteindre une Affection de avec « N ».
mst.mission.1958580._title,Atteindre une Affection de avec « N »
mst.mission.1958580._detail,Atteindre une Affection de avec « N ».
mst.mission.1958581._title,Atteindre une Affection de avec « N »
mst.mission.1958581._detail,Atteindre un niveau d’Affection de avec « N ».
mst.mission.1958582._title,Atteindre une Affection de avec « N »
mst.mission.1958582._detail,Atteindre un niveau d’Affection de 12 500 avec « N ».
mst.mission.1958583._title,Atteindre une Affection de avec « N »
mst.mission.1958583._detail,Atteignez un niveau d’Affection de 13 000 avec « N ».
mst.mission.1958584._title,Atteindre une Affection de avec « N »
mst.mission.1958584._detail,Atteindre une Affection de avec « N ».
mst.mission.1958585._title,Atteindre une Affection de avec « N »
mst.mission.1958585._detail,Atteignez un niveau d’Affection de 15 000 avec « N ».
mst.mission.1953032._title,Connectez-vous.
mst.mission.1953032._detail,Connectez-vous.
mst.mission.1953033._title,Connectez-vous.
mst.mission.1953033._detail,Connectez-vous.
mst.mission.1953034._title,Connectez-vous.
mst.mission.1953034._detail,Connectez-vous.
mst.mission.1953036._title,Connectez-vous.
mst.mission.1953036._detail,Connectez-vous.
mst.mission.1953038._title,Connectez-vous.
mst.mission.1953038._detail,Connectez-vous.
mst.mission.1953039._title,Connectez-vous.
mst.mission.1953039._detail,Connectez-vous.
mst.mission.1953040._title,Connectez-vous.
mst.mission.1953040._detail,Connectez-vous.
mst.mission.1953041._title,Connectez-vous.
mst.mission.1953041._detail,Connectez-vous.
mst.mission.1953042._title,Connectez-vous.
mst.mission.1953042._detail,Connectez-vous.
mst.mission.1953043._title,Connectez-vous.
mst.mission.1953043._detail,Connectez-vous.
mst.mission.1953044._title,Connectez-vous.
mst.mission.1953044._detail,Connectez-vous.
mst.mission.1953046._title,Connectez-vous.
mst.mission.1953046._detail,Connectez-vous.
mst.mission.1953048._title,Connectez-vous.
mst.mission.1953048._detail,Connectez-vous.
mst.mission.1953049._title,Connectez-vous.
mst.mission.1953049._detail,Connectez-vous.
mst.mission.1953051._title,Connectez-vous.
mst.mission.1953051._detail,Connectez-vous.
mst.mission.1953053._title,Connectez-vous.
mst.mission.1953053._detail,Connectez-vous.
mst.mission.1953054._title,Connectez-vous.
mst.mission.1953054._detail,Connectez-vous.
mst.mission.1953055._title,Connectez-vous.
mst.mission.1953055._detail,Connectez-vous.
mst.mission.1953056._title,Connectez-vous.
mst.mission.1953056._detail,Connectez-vous.
mst.mission.1953057._title,Connectez-vous.
mst.mission.1953057._detail,Connectez-vous.
mst.mission.1953058._title,Connectez-vous.
mst.mission.1953058._detail,Connectez-vous.
mst.mission.1953059._title,Connectez-vous.
mst.mission.1953059._detail,Connectez-vous.
mst.mission.1953060._title,Connectez-vous.
mst.mission.1953060._detail,Connectez-vous.
mst.mission.1953061._title,Connectez-vous.
mst.mission.1953061._detail,Connectez-vous.
mst.mission.1953062._title,Connectez-vous.
mst.mission.1953062._detail,Connectez-vous.
mst.mission.1953063._title,Connectez-vous.
mst.mission.1953063._detail,Connectez-vous.
mst.mission.1953064._title,Connectez-vous.
mst.mission.1953064._detail,Connectez-vous.
mst.mission.1953065._title,Connectez-vous.
mst.mission.1953065._detail,Connectez-vous.
mst.mission.1953066._title,Connectez-vous.
mst.mission.1953066._detail,Connectez-vous.
mst.mission.1953068._title,Connectez-vous.
mst.mission.1953068._detail,Connectez-vous.
mst.mission.1953069._title,Connectez-vous.
mst.mission.1953069._detail,Connectez-vous.
mst.mission.1953070._title,Connectez-vous.
mst.mission.1953070._detail,Connectez-vous.
mst.mission.1953071._title,Connectez-vous.
mst.mission.1953071._detail,Connectez-vous.
mst.mission.1953072._title,Connectez-vous.
mst.mission.1953072._detail,Connectez-vous.
mst.mission.1953074._title,Connectez-vous.
mst.mission.1953074._detail,Connectez-vous.
mst.mission.1953075._title,Connectez-vous.
mst.mission.1953075._detail,Connectez-vous.
mst.mission.1953076._title,Connectez-vous.
mst.mission.1953076._detail,Connectez-vous.
mst.mission.1953077._title,Connectez-vous.
mst.mission.1953077._detail,Connectez-vous.
mst.mission.1953078._title,Connectez-vous.
mst.mission.1953078._detail,Connectez-vous.
mst.mission.1953079._title,Connectez-vous.
mst.mission.1953079._detail,Connectez-vous.
mst.mission.1953080._title,Connectez-vous.
mst.mission.1953080._detail,Connectez-vous.
mst.mission.1953081._title,Connectez-vous.
mst.mission.1953081._detail,Connectez-vous.
mst.mission.1953082._title,Connectez-vous.
mst.mission.1953082._detail,Connectez-vous.
mst.mission.1953083._title,Connectez-vous.
mst.mission.1953083._detail,Connectez-vous.
mst.mission.1953084._title,Connectez-vous.
mst.mission.1953084._detail,Connectez-vous.
mst.mission.1953086._title,Connectez-vous.
mst.mission.1953086._detail,Connectez-vous.
mst.mission.1953087._title,Connectez-vous.
mst.mission.1953087._detail,Connectez-vous.
mst.mission.1953088._title,Connectez-vous.
mst.mission.1953088._detail,Connectez-vous.
mst.mission.1953089._title,Connectez-vous.
mst.mission.1953089._detail,Connectez-vous.
mst.mission.1953090._title,Connectez-vous.
mst.mission.1953090._detail,Connectez-vous.
mst.mission.1953091._title,Connectez-vous.
mst.mission.1953091._detail,Connectez-vous.
mst.mission.1953092._title,Connectez-vous.
mst.mission.1953092._detail,Connectez-vous.
mst.mission.1953093._title,Connectez-vous.
mst.mission.1953093._detail,Connectez-vous.
mst.mission.1953094._title,Connectez-vous.
mst.mission.1953094._detail,Connectez-vous.
mst.mission.1953095._title,Connectez-vous.
mst.mission.1953095._detail,Connectez-vous.
mst.mission.1953096._title,Connectez-vous.
mst.mission.1953096._detail,Connectez-vous.
mst.mission.1953098._title,Connectez-vous.
mst.mission.1953098._detail,Connectez-vous.
mst.mission.1953099._title,Connectez-vous.
mst.mission.1953099._detail,Connectez-vous.
mst.mission.1953100._title,Connectez-vous.
mst.mission.1953100._detail,Connectez-vous.
mst.mission.1953101._title,Connectez-vous.
mst.mission.1953101._detail,Connectez-vous.
mst.mission.1953102._title,Connectez-vous.
mst.mission.1953102._detail,Connectez-vous.
mst.mission.1953103._title,Connectez-vous.
mst.mission.1953103._detail,Connectez-vous.
mst.mission.1953104._title,Connectez-vous.
mst.mission.1953104._detail,Connectez-vous.
mst.mission.1953105._title,Connectez-vous.
mst.mission.1953105._detail,Connectez-vous.
mst.mission.1953106._title,Connectez-vous.
mst.mission.1953106._detail,Connectez-vous.
mst.mission.1953107._title,Connectez-vous.
mst.mission.1953107._detail,Connectez-vous.
mst.mission.1953108._title,Connectez-vous.
mst.mission.1953108._detail,Connectez-vous.
mst.mission.1953110._title,Connectez-vous.
mst.mission.1953110._detail,Connectez-vous.
mst.mission.1953111._title,Connectez-vous.
mst.mission.1953111._detail,Connectez-vous.
mst.mission.1953112._title,Connectez-vous.
mst.mission.1953112._detail,Connectez-vous.
mst.mission.1953113._title,Connectez-vous.
mst.mission.1953113._detail,Connectez-vous.
mst.mission.1953114._title,Connectez-vous.
mst.mission.1953114._detail,Connectez-vous.
mst.mission.1953115._title,Connectez-vous.
mst.mission.1953115._detail,Connectez-vous.
mst.mission.1953116._title,Connectez-vous.
mst.mission.1953116._detail,Connectez-vous.
mst.mission.1953117._title,Connectez-vous.
mst.mission.1953117._detail,Connectez-vous.
mst.mission.1953118._title,Connectez-vous.
mst.mission.1953118._detail,Connectez-vous.
mst.mission.1953119._title,Connectez-vous.
mst.mission.1953119._detail,Connectez-vous.
mst.mission.1953120._title,Connectez-vous.
mst.mission.1953120._detail,Connectez-vous.
mst.mission.1953122._title,Connectez-vous.
mst.mission.1953122._detail,Connectez-vous.
mst.mission.1953123._title,Connectez-vous.
mst.mission.1953123._detail,Connectez-vous.
mst.mission.1953124._title,Connectez-vous.
mst.mission.1953124._detail,Connectez-vous.
mst.mission.1953125._title,Connectez-vous.
mst.mission.1953125._detail,Connectez-vous.
mst.mission.1953126._title,Connectez-vous.
mst.mission.1953126._detail,Connectez-vous.
mst.mission.1953127._title,Connectez-vous.
mst.mission.1953127._detail,Connectez-vous.
mst.mission.1953128._title,Connectez-vous.
mst.mission.1953128._detail,Connectez-vous.
mst.mission.1953129._title,Connectez-vous.
mst.mission.1953129._detail,Connectez-vous.
mst.mission.1953130._title,Connectez-vous.
mst.mission.1953130._detail,Connectez-vous.
mst.mission.1953131._title,Connectez-vous.
mst.mission.1953131._detail,Connectez-vous.
mst.mission.1953132._title,Connectez-vous.
mst.mission.1953132._detail,Connectez-vous.
mst.mission.1953134._title,Connectez-vous.
mst.mission.1953134._detail,Connectez-vous.
mst.mission.1953135._title,Connectez-vous.
mst.mission.1953135._detail,Connectez-vous.
mst.mission.1953136._title,Connectez-vous.
mst.mission.1953136._detail,Connectez-vous.
mst.mission.1953137._title,Connectez-vous.
mst.mission.1953137._detail,Connectez-vous.
mst.mission.1953138._title,Connectez-vous.
mst.mission.1953138._detail,Connectez-vous.
mst.mission.1953139._title,Connectez-vous.
mst.mission.1953139._detail,Connectez-vous.
mst.mission.1953140._title,Connectez-vous.
mst.mission.1953140._detail,Connectez-vous.
mst.mission.1953141._title,Connectez-vous.
mst.mission.1953141._detail,Connectez-vous.
mst.mission.1953142._title,Connectez-vous.
mst.mission.1953142._detail,Connectez-vous.
mst.mission.1953143._title,Connectez-vous.
mst.mission.1953143._detail,Connectez-vous.
mst.mission.1953144._title,Connectez-vous.
mst.mission.1953144._detail,Connectez-vous.
mst.mission.1953146._title,Connectez-vous.
mst.mission.1953146._detail,Connectez-vous.
mst.mission.1953147._title,Connectez-vous.
mst.mission.1953147._detail,Connectez-vous.
mst.mission.1953148._title,Connectez-vous.
mst.mission.1953148._detail,Connectez-vous.
mst.mission.1953149._title,Connectez-vous.
mst.mission.1953149._detail,Connectez-vous.
mst.mission.1953150._title,Connectez-vous.
mst.mission.1953150._detail,Connectez-vous.
mst.mission.1953151._title,Connectez-vous.
mst.mission.1953151._detail,Connectez-vous.
mst.mission.1953152._title,Connectez-vous.
mst.mission.1953152._detail,Connectez-vous.
mst.mission.1953153._title,Connectez-vous.
mst.mission.1953153._detail,Connectez-vous.
mst.mission.1953154._title,Connectez-vous.
mst.mission.1953154._detail,Connectez-vous.
mst.mission.1953155._title,Connectez-vous.
mst.mission.1953155._detail,Connectez-vous.
mst.mission.1953156._title,Connectez-vous.
mst.mission.1953156._detail,Connectez-vous.
mst.mission.1953158._title,Connectez-vous.
mst.mission.1953158._detail,Connectez-vous.
mst.mission.1953159._title,Connectez-vous.
mst.mission.1953159._detail,Connectez-vous.
mst.mission.1953160._title,Connectez-vous.
mst.mission.1953160._detail,Connectez-vous.
mst.mission.1953161._title,Connectez-vous.
mst.mission.1953161._detail,Connectez-vous.
mst.mission.1953162._title,Connectez-vous.
mst.mission.1953162._detail,Connectez-vous.
mst.mission.1953163._title,Connectez-vous.
mst.mission.1953163._detail,Connectez-vous.
mst.mission.1953164._title,Connectez-vous.
mst.mission.1953164._detail,Connectez-vous.
mst.mission.1953165._title,Connectez-vous.
mst.mission.1953165._detail,Connectez-vous.
mst.mission.1953166._title,Connectez-vous.
mst.mission.1953166._detail,Connectez-vous.
mst.mission.1953167._title,Connectez-vous.
mst.mission.1953167._detail,Connectez-vous.
mst.mission.1953168._title,Connectez-vous.
mst.mission.1953168._detail,Connectez-vous.
mst.mission.1953170._title,Connectez-vous.
mst.mission.1953170._detail,Connectez-vous.
mst.mission.1953171._title,Connectez-vous.
mst.mission.1953171._detail,Connectez-vous.
mst.mission.1953172._title,Connectez-vous.
mst.mission.1953172._detail,Connectez-vous.
mst.mission.1953173._title,Connectez-vous.
mst.mission.1953173._detail,Connectez-vous.
mst.mission.1953174._title,Connectez-vous.
mst.mission.1953174._detail,Connectez-vous.
mst.mission.1953175._title,Connectez-vous.
mst.mission.1953175._detail,Connectez-vous.
mst.mission.1953176._title,Connectez-vous.
mst.mission.1953176._detail,Connectez-vous.
mst.mission.1953177._title,Connectez-vous.
mst.mission.1953177._detail,Connectez-vous.
mst.mission.1953178._title,Connectez-vous.
mst.mission.1953178._detail,Connectez-vous.
mst.mission.1967001._title,Atteindre un certain niveau d’Affection avec 101
mst.mission.1967001._detail,Atteindre un certain niveau d’Affection avec 101.
mst.mission.1967002._title,Atteindre une Affection totale de 10 000 avec le groupe 101
mst.mission.1967002._detail,Atteignez un total d’Affection de 10 000 avec 101.
mst.mission.1967003._title,Atteindre une Affection totale de 20 000 avec 101
mst.mission.1967003._detail,Atteignez un total de 20 000 d’Affection pour 101.
mst.mission.1967004._title,Atteindre une Affection totale de 30 000 avec 101
mst.mission.1967004._detail,Atteignez un total de 30 000 d’Affection pour 101.
mst.mission.1967005._title,Atteindre une Affection totale de 45 000 avec le groupe 101
mst.mission.1967005._detail,Atteignez un total de Affection pour 101.
mst.mission.1967006._title,Atteindre une Affection totale de 60 000 avec le groupe 101
mst.mission.1967006._detail,Atteignez un total d’Affection de 60 000 avec 101.
mst.mission.1967007._title,Atteindre une Affection totale de 80 000 avec le groupe 101
mst.mission.1967007._detail,Atteignez un total d’Affection de 80 000 pour 101.
mst.mission.1967008._title,Atteindre une Affection totale de 100 000 avec 101
mst.mission.1967008._detail,Atteignez un total d’Affection de 100 000 pour 101.
mst.mission.1967009._title,Atteindre un total d’Affection de 115 000 pour 101.
mst.mission.1967009._detail,Atteignez un total d’Affection de 115 000 pour 101.
mst.mission.1967010._title,Atteindre une Affection totale de 130 000 pour 101.
mst.mission.1967010._detail,Atteignez un total d’Affection de 130 000 pour 101.
mst.mission.1967011._title,Atteindre un total d’Affection de 145 000 pour 101.
mst.mission.1967011._detail,Atteignez un total d’Affection de 145 000 pour 101.
mst.mission.1967012._title,Atteindre une Affection totale de 160 000 avec 101
mst.mission.1967012._detail,Atteignez un total d’Affection de 160 000 pour 101.
mst.mission.1967013._title,Atteindre un total d’Affection de 175 000 pour 101.
mst.mission.1967013._detail,Atteignez un total d’Affection de 175 000 pour 101.
mst.mission.1967014._title,Atteindre une Affection totale de 190 000 avec 101
mst.mission.1967014._detail,Atteignez un total d’Affection de 190 000 pour 101.
mst.mission.1967015._title,Atteindre une Affection totale de 205 000 avec 101
mst.mission.1967015._detail,Visez un total de 205 000 d’Affection pour 101.
mst.mission.1953179._title,Connectez-vous.
mst.mission.1953179._detail,Connectez-vous.
mst.mission.1953182._title,Connectez-vous.
mst.mission.1953182._detail,Connectez-vous.
mst.mission.1953185._title,Connectez-vous.
mst.mission.1953185._detail,Connectez-vous.
mst.mission.1953188._title,Connectez-vous.
mst.mission.1953188._detail,Connectez-vous.
mst.mission.1953191._title,Connectez-vous.
mst.mission.1953191._detail,Connectez-vous.
mst.mission.1953192._title,Connectez-vous.
mst.mission.1953192._detail,Connectez-vous.
mst.mission.1953194._title,Connectez-vous.
mst.mission.1953194._detail,Connectez-vous.
mst.mission.1953195._title,Connectez-vous.
mst.mission.1953195._detail,Connectez-vous.
mst.mission.1953196._title,Connectez-vous.
mst.mission.1953196._detail,Connectez-vous.
mst.mission.1953197._title,Connectez-vous.
mst.mission.1953197._detail,Connectez-vous.
mst.mission.1953198._title,Connectez-vous.
mst.mission.1953198._detail,Connectez-vous.
mst.mission.1953199._title,Connectez-vous.
mst.mission.1953199._detail,Connectez-vous.
mst.mission.1953200._title,Connectez-vous.
mst.mission.1953200._detail,Connectez-vous.
mst.mission.1953201._title,Connectez-vous.
mst.mission.1953201._detail,Connectez-vous.
mst.mission.1953202._title,Connectez-vous.
mst.mission.1953202._detail,Connectez-vous.
mst.mission.1953203._title,Connectez-vous.
mst.mission.1953203._detail,Connectez-vous.
mst.mission.1953204._title,Connectez-vous.
mst.mission.1953204._detail,Connectez-vous.
mst.mission.1953206._title,Connectez-vous.
mst.mission.1953206._detail,Connectez-vous.
mst.mission.1953207._title,Connectez-vous.
mst.mission.1953207._detail,Connectez-vous.
mst.mission.1953208._title,Connectez-vous.
mst.mission.1953208._detail,Connectez-vous.
mst.mission.1953209._title,Connectez-vous.
mst.mission.1953209._detail,Connectez-vous.
mst.mission.1953210._title,Connectez-vous.
mst.mission.1953210._detail,Connectez-vous.
mst.mission.1953211._title,Connectez-vous.
mst.mission.1953211._detail,Connectez-vous.
mst.mission.1953212._title,Connectez-vous.
mst.mission.1953212._detail,Connectez-vous.
mst.mission.1953213._title,Connectez-vous.
mst.mission.1953213._detail,Connectez-vous.
mst.mission.1953214._title,Connectez-vous.
mst.mission.1953214._detail,Connectez-vous.
mst.mission.1953215._title,Connectez-vous.
mst.mission.1953215._detail,Connectez-vous.
mst.mission.1953216._title,Connectez-vous.
mst.mission.1953216._detail,Connectez-vous.
mst.mission.1953218._title,Connectez-vous.
mst.mission.1953218._detail,Connectez-vous.
mst.mission.1953219._title,Connectez-vous.
mst.mission.1953219._detail,Connectez-vous.
mst.mission.1953220._title,Connectez-vous.
mst.mission.1953220._detail,Connectez-vous.
mst.mission.1953221._title,Connectez-vous.
mst.mission.1953221._detail,Connectez-vous.
mst.mission.1953222._title,Connectez-vous.
mst.mission.1953222._detail,Connectez-vous.
mst.mission.1953223._title,Connectez-vous.
mst.mission.1953223._detail,Connectez-vous.
mst.mission.1953224._title,Connectez-vous.
mst.mission.1953224._detail,Connectez-vous.
mst.mission.1953225._title,Connectez-vous.
mst.mission.1953225._detail,Connectez-vous.
mst.mission.1953226._title,Connectez-vous.
mst.mission.1953226._detail,Connectez-vous.
mst.mission.1953227._title,Connectez-vous.
mst.mission.1953227._detail,Connectez-vous.
mst.mission.1953228._title,Connectez-vous.
mst.mission.1953228._detail,Connectez-vous.
mst.mission.1953230._title,Connectez-vous.
mst.mission.1953230._detail,Connectez-vous.
mst.mission.1953231._title,Connectez-vous.
mst.mission.1953231._detail,Connectez-vous.
mst.mission.1953232._title,Connectez-vous.
mst.mission.1953232._detail,Connectez-vous.
mst.mission.1953233._title,Connectez-vous.
mst.mission.1953233._detail,Connectez-vous.
mst.mission.1953234._title,Connectez-vous.
mst.mission.1953234._detail,Connectez-vous.
mst.mission.1953235._title,Connectez-vous.
mst.mission.1953235._detail,Connectez-vous.
mst.mission.1953236._title,Connectez-vous.
mst.mission.1953236._detail,Connectez-vous.
mst.mission.1953237._title,Connectez-vous.
mst.mission.1953237._detail,Connectez-vous.
mst.mission.1953238._title,Connectez-vous.
mst.mission.1953238._detail,Connectez-vous.
mst.mission.1953239._title,Connectez-vous.
mst.mission.1953239._detail,Connectez-vous.
mst.mission.1953240._title,Connectez-vous.
mst.mission.1953240._detail,Connectez-vous.
mst.mission.1953242._title,Connectez-vous.
mst.mission.1953242._detail,Connectez-vous.
mst.mission.1953243._title,Connectez-vous.
mst.mission.1953243._detail,Connectez-vous.
mst.mission.1953244._title,Connectez-vous.
mst.mission.1953244._detail,Connectez-vous.
mst.mission.1953245._title,Connectez-vous.
mst.mission.1953245._detail,Connectez-vous.
mst.mission.1953246._title,Connectez-vous.
mst.mission.1953246._detail,Connectez-vous.
mst.mission.1953247._title,Connectez-vous.
mst.mission.1953247._detail,Connectez-vous.
mst.mission.1953248._title,Connectez-vous.
mst.mission.1953248._detail,Connectez-vous.
mst.mission.1953249._title,Connectez-vous.
mst.mission.1953249._detail,Connectez-vous.
mst.mission.1953250._title,Connectez-vous.
mst.mission.1953250._detail,Connectez-vous.
mst.mission.1953251._title,Connectez-vous.
mst.mission.1953251._detail,Connectez-vous.
mst.mission.1953252._title,Connectez-vous.
mst.mission.1953252._detail,Connectez-vous.
mst.mission.1953254._title,Connectez-vous.
mst.mission.1953254._detail,Connectez-vous.
mst.mission.1953255._title,Connectez-vous.
mst.mission.1953255._detail,Connectez-vous.
mst.mission.1953256._title,Connectez-vous.
mst.mission.1953256._detail,Connectez-vous.
mst.mission.1953257._title,Connectez-vous.
mst.mission.1953257._detail,Connectez-vous.
mst.mission.1953258._title,Connectez-vous.
mst.mission.1953258._detail,Connectez-vous.
mst.mission.1953259._title,Connectez-vous.
mst.mission.1953259._detail,Connectez-vous.
mst.mission.1953260._title,Connectez-vous.
mst.mission.1953260._detail,Connectez-vous.
mst.mission.1953261._title,Connectez-vous.
mst.mission.1953261._detail,Connectez-vous.
mst.mission.1953262._title,Connectez-vous.
mst.mission.1953262._detail,Connectez-vous.
mst.mission.1953263._title,Connectez-vous.
mst.mission.1953263._detail,Connectez-vous.
mst.mission.1953264._title,Connectez-vous.
mst.mission.1953264._detail,Connectez-vous.
mst.mission.1953266._title,Connectez-vous.
mst.mission.1953266._detail,Connectez-vous.
mst.mission.1953267._title,Connectez-vous.
mst.mission.1953267._detail,Connectez-vous.
mst.mission.1953268._title,Connectez-vous.
mst.mission.1953268._detail,Connectez-vous.
mst.mission.1953269._title,Connectez-vous.
mst.mission.1953269._detail,Connectez-vous.
mst.mission.1953270._title,Connectez-vous.
mst.mission.1953270._detail,Connectez-vous.
mst.mission.1953271._title,Connectez-vous.
mst.mission.1953271._detail,Connectez-vous.
mst.mission.1953272._title,Connectez-vous.
mst.mission.1953272._detail,Connectez-vous.
mst.mission.1953273._title,Connectez-vous.
mst.mission.1953273._detail,Connectez-vous.
mst.mission.1953274._title,Connectez-vous.
mst.mission.1953274._detail,Connectez-vous.
mst.mission.1953275._title,Connectez-vous.
mst.mission.1953275._detail,Connectez-vous.
mst.mission.1953276._title,Connectez-vous.
mst.mission.1953276._detail,Connectez-vous.
mst.mission.1953278._title,Connectez-vous.
mst.mission.1953278._detail,Connectez-vous.
mst.mission.1953279._title,Connectez-vous.
mst.mission.1953279._detail,Connectez-vous.
mst.mission.1953280._title,Connectez-vous.
mst.mission.1953280._detail,Connectez-vous.
mst.mission.1953281._title,Connectez-vous.
mst.mission.1953281._detail,Connectez-vous.
mst.mission.1953282._title,Connectez-vous.
mst.mission.1953282._detail,Connectez-vous.
mst.mission.1953283._title,Connectez-vous.
mst.mission.1953283._detail,Connectez-vous.
mst.mission.1953284._title,Connectez-vous.
mst.mission.1953284._detail,Connectez-vous.
mst.mission.1953285._title,Connectez-vous.
mst.mission.1953285._detail,Connectez-vous.
mst.mission.1953286._title,Connectez-vous.
mst.mission.1953286._detail,Connectez-vous.
mst.mission.1953287._title,Connectez-vous.
mst.mission.1953287._detail,Connectez-vous.
mst.mission.1953288._title,Connectez-vous.
mst.mission.1953288._detail,Connectez-vous.
mst.mission.1953290._title,Connectez-vous.
mst.mission.1953290._detail,Connectez-vous.
mst.mission.1953291._title,Connectez-vous.
mst.mission.1953291._detail,Connectez-vous.
mst.mission.1953292._title,Connectez-vous.
mst.mission.1953292._detail,Connectez-vous.
mst.mission.1953293._title,Connectez-vous.
mst.mission.1953293._detail,Connectez-vous.
mst.mission.1953294._title,Connectez-vous.
mst.mission.1953294._detail,Connectez-vous.
mst.mission.1953295._title,Connectez-vous.
mst.mission.1953295._detail,Connectez-vous.
mst.mission.1953296._title,Connectez-vous.
mst.mission.1953296._detail,Connectez-vous.
mst.mission.1953297._title,Connectez-vous.
mst.mission.1953297._detail,Connectez-vous.
mst.mission.1953298._title,Connectez-vous.
mst.mission.1953298._detail,Connectez-vous.
mst.mission.1967016._title,Atteindre l’Affection cible du groupe 201
mst.mission.1967016._detail,Atteindre l’Affection cible pour 201.
mst.mission.1967017._title,Visez un total d’Affection de 10 000 pour le groupe 201.
mst.mission.1967017._detail,Atteindre un total d’Affection de 10 000 pour le groupe 201.
mst.mission.1967018._title,Atteindre une Affection totale de 20 000 avec le groupe 201
mst.mission.1967018._detail,Atteignez un total d’Affection de 20 000 pour le groupe 201.
mst.mission.1967019._title,Atteindre une Affection totale de pour le groupe 201
mst.mission.1967019._detail,Atteignez un total d’Affection de pour le groupe 201.
mst.mission.1967020._title,Atteindre une Affection totale de pour le groupe 201
mst.mission.1967020._detail,Atteignez un total d’Affection de 45 000 pour le groupe 201.
mst.mission.1967021._title,Atteindre une Affection totale de 60 000 pour 201
mst.mission.1967021._detail,Atteignez un total d’Affection de 60 000 pour le groupe 201.
mst.mission.1967022._title,Atteindre une Affection totale de 80 000 avec le groupe 201.
mst.mission.1967022._detail,Atteignez un total d’Affection de 80 000 pour le groupe 201.
mst.mission.1967023._title,Atteindre une Affection totale de 100 000 pour le groupe 201
mst.mission.1967023._detail,Atteignez un total d’Affection de 100 000 pour le groupe 201.
mst.mission.1967024._title,Atteindre une Affection totale de 115 000 pour le groupe 201.
mst.mission.1967024._detail,Atteignez un total d’Affection de 115 000 pour le groupe 201.
mst.mission.1967025._title,Atteindre une Affection totale de 130 000 pour le groupe 201.
mst.mission.1967025._detail,Atteignez un total d’Affection de 130 000 pour le groupe 201.
mst.mission.1967026._title,Atteindre une Affection totale de 145 000 pour le groupe 201.
mst.mission.1967026._detail,Atteignez un total d’Affection de 145 000 pour le groupe 201.
mst.mission.1967027._title,Atteindre une Affection totale de 160 000 pour le groupe 201.
mst.mission.1967027._detail,Atteignez un total d’Affection de 160 000 pour le groupe 201.
mst.mission.1967028._title,Atteindre une Affection totale de 175 000 pour le groupe 201.
mst.mission.1967028._detail,Atteignez un total d’Affection de 175 000 pour le groupe 201.
mst.mission.1967029._title,Atteindre une Affection totale de 190 000 pour le groupe 201.
mst.mission.1967029._detail,Atteignez un total d’Affection de 190 000 pour le groupe 201.
mst.mission.1967030._title,Atteindre une Affection totale de 205 000 pour 201
mst.mission.1967030._detail,Visez un total d’Affection de 205 000 pour le groupe 201.
mst.mission.1953301._title,Connectez-vous.
mst.mission.1953301._detail,Connectez-vous.
mst.mission.1953306._title,Connectez-vous.
mst.mission.1953306._detail,Connectez-vous.
mst.mission.1953307._title,Connectez-vous.
mst.mission.1953307._detail,Connectez-vous.
mst.mission.1953311._title,Connectez-vous.
mst.mission.1953311._detail,Connectez-vous.
mst.mission.1953312._title,Connectez-vous.
mst.mission.1953312._detail,Connectez-vous.
mst.mission.1953314._title,Connectez-vous.
mst.mission.1953314._detail,Connectez-vous.
mst.mission.1953315._title,Connectez-vous.
mst.mission.1953315._detail,Connectez-vous.
mst.mission.1953316._title,Connectez-vous.
mst.mission.1953316._detail,Connectez-vous.
mst.mission.1953317._title,Connectez-vous.
mst.mission.1953317._detail,Connectez-vous.
mst.mission.1953318._title,Connectez-vous.
mst.mission.1953318._detail,Connectez-vous.
mst.mission.1953319._title,Connectez-vous.
mst.mission.1953319._detail,Connectez-vous.
mst.mission.1953320._title,Connectez-vous.
mst.mission.1953320._detail,Connectez-vous.
mst.mission.1953321._title,Connectez-vous.
mst.mission.1953321._detail,Connectez-vous.
mst.mission.1953322._title,Connectez-vous.
mst.mission.1953322._detail,Connectez-vous.
mst.mission.1953323._title,Connectez-vous.
mst.mission.1953323._detail,Connectez-vous.
mst.mission.1953324._title,Connectez-vous.
mst.mission.1953324._detail,Connectez-vous.
mst.mission.1953326._title,Connectez-vous.
mst.mission.1953326._detail,Connectez-vous.
mst.mission.1953327._title,Connectez-vous.
mst.mission.1953327._detail,Connectez-vous.
mst.mission.1953328._title,Connectez-vous.
mst.mission.1953328._detail,Connectez-vous.
mst.mission.1953329._title,Connectez-vous.
mst.mission.1953329._detail,Connectez-vous.
mst.mission.1953330._title,Connectez-vous.
mst.mission.1953330._detail,Connectez-vous.
mst.mission.1953331._title,Connectez-vous.
mst.mission.1953331._detail,Connectez-vous.
mst.mission.1953332._title,Connectez-vous.
mst.mission.1953332._detail,Connectez-vous.
mst.mission.1953333._title,Connectez-vous.
mst.mission.1953333._detail,Connectez-vous.
mst.mission.1953334._title,Connectez-vous.
mst.mission.1953334._detail,Connectez-vous.
mst.mission.1953335._title,Connectez-vous.
mst.mission.1953335._detail,Connectez-vous.
mst.mission.1953336._title,Connectez-vous.
mst.mission.1953336._detail,Connectez-vous.
mst.mission.1953338._title,Connectez-vous.
mst.mission.1953338._detail,Connectez-vous.
mst.mission.1953339._title,Connectez-vous.
mst.mission.1953339._detail,Connectez-vous.
mst.mission.1953340._title,Connectez-vous.
mst.mission.1953340._detail,Connectez-vous.
mst.mission.1953341._title,Connectez-vous.
mst.mission.1953341._detail,Connectez-vous.
mst.mission.1953342._title,Connectez-vous.
mst.mission.1953342._detail,Connectez-vous.
mst.mission.1953343._title,Connectez-vous.
mst.mission.1953343._detail,Connectez-vous.
mst.mission.1953344._title,Connectez-vous.
mst.mission.1953344._detail,Connectez-vous.
mst.mission.1953345._title,Connectez-vous.
mst.mission.1953345._detail,Connectez-vous.
mst.mission.1953346._title,Connectez-vous.
mst.mission.1953346._detail,Connectez-vous.
mst.mission.1953347._title,Connectez-vous.
mst.mission.1953347._detail,Connectez-vous.
mst.mission.1953348._title,Connectez-vous.
mst.mission.1953348._detail,Connectez-vous.
mst.mission.1953350._title,Connectez-vous.
mst.mission.1953350._detail,Connectez-vous.
mst.mission.1953351._title,Connectez-vous.
mst.mission.1953351._detail,Connectez-vous.
mst.mission.1953352._title,Connectez-vous.
mst.mission.1953352._detail,Connectez-vous.
mst.mission.1953353._title,Connectez-vous.
mst.mission.1953353._detail,Connectez-vous.
mst.mission.1953354._title,Connectez-vous.
mst.mission.1953354._detail,Connectez-vous.
mst.mission.1953355._title,Connectez-vous.
mst.mission.1953355._detail,Connectez-vous.
mst.mission.1953356._title,Connectez-vous.
mst.mission.1953356._detail,Connectez-vous.
mst.mission.1953357._title,Connectez-vous.
mst.mission.1953357._detail,Connectez-vous.
mst.mission.1953358._title,Connectez-vous.
mst.mission.1953358._detail,Connectez-vous.
mst.mission.1953359._title,Connectez-vous.
mst.mission.1953359._detail,Connectez-vous.
mst.mission.1953360._title,Connectez-vous.
mst.mission.1953360._detail,Connectez-vous.
mst.mission.1953362._title,Connectez-vous.
mst.mission.1953362._detail,Connectez-vous.
mst.mission.1953363._title,Connectez-vous.
mst.mission.1953363._detail,Connectez-vous.
mst.mission.1953364._title,Connectez-vous.
mst.mission.1953364._detail,Connectez-vous.
mst.mission.1953365._title,Connectez-vous.
mst.mission.1953365._detail,Connectez-vous.
mst.mission.1953366._title,Connectez-vous.
mst.mission.1953366._detail,Connectez-vous.
mst.mission.1953367._title,Connectez-vous.
mst.mission.1953367._detail,Connectez-vous.
mst.mission.1953368._title,Connectez-vous.
mst.mission.1953368._detail,Connectez-vous.
mst.mission.1953369._title,Connectez-vous.
mst.mission.1953369._detail,Connectez-vous.
mst.mission.1953370._title,Connectez-vous.
mst.mission.1953370._detail,Connectez-vous.
mst.mission.1953371._title,Connectez-vous.
mst.mission.1953371._detail,Connectez-vous.
mst.mission.1953372._title,Connectez-vous.
mst.mission.1953372._detail,Connectez-vous.
mst.mission.1953374._title,Connectez-vous.
mst.mission.1953374._detail,Connectez-vous.
mst.mission.1953375._title,Connectez-vous.
mst.mission.1953375._detail,Connectez-vous.
mst.mission.1953376._title,Connectez-vous.
mst.mission.1953376._detail,Connectez-vous.
mst.mission.1953377._title,Connectez-vous.
mst.mission.1953377._detail,Connectez-vous.
mst.mission.1953378._title,Connectez-vous.
mst.mission.1953378._detail,Connectez-vous.
mst.mission.1953379._title,Connectez-vous.
mst.mission.1953379._detail,Connectez-vous.
mst.mission.1953380._title,Connectez-vous.
mst.mission.1953380._detail,Connectez-vous.
mst.mission.1953381._title,Connectez-vous.
mst.mission.1953381._detail,Connectez-vous.
mst.mission.1953382._title,Connectez-vous.
mst.mission.1953382._detail,Connectez-vous.
mst.mission.1953383._title,Connectez-vous.
mst.mission.1953383._detail,Connectez-vous.
mst.mission.1953384._title,Connectez-vous.
mst.mission.1953384._detail,Connectez-vous.
mst.mission.1953386._title,Connectez-vous.
mst.mission.1953386._detail,Connectez-vous.
mst.mission.1953387._title,Connectez-vous.
mst.mission.1953387._detail,Connectez-vous.
mst.mission.1953388._title,Connectez-vous.
mst.mission.1953388._detail,Connectez-vous.
mst.mission.1953389._title,Connectez-vous.
mst.mission.1953389._detail,Connectez-vous.
mst.mission.1953390._title,Connectez-vous.
mst.mission.1953390._detail,Connectez-vous.
mst.mission.1953391._title,Connectez-vous.
mst.mission.1953391._detail,Connectez-vous.
mst.mission.1953392._title,Connectez-vous.
mst.mission.1953392._detail,Connectez-vous.
mst.mission.1953393._title,Connectez-vous.
mst.mission.1953393._detail,Connectez-vous.
mst.mission.1953394._title,Connectez-vous.
mst.mission.1953394._detail,Connectez-vous.
mst.mission.1953395._title,Connectez-vous.
mst.mission.1953395._detail,Connectez-vous.
mst.mission.1953396._title,Connectez-vous.
mst.mission.1953396._detail,Connectez-vous.
mst.mission.1953398._title,Connectez-vous.
mst.mission.1953398._detail,Connectez-vous.
mst.mission.1953399._title,Connectez-vous.
mst.mission.1953399._detail,Connectez-vous.
mst.mission.1953400._title,Connectez-vous.
mst.mission.1953400._detail,Connectez-vous.
mst.mission.1953401._title,Connectez-vous.
mst.mission.1953401._detail,Connectez-vous.
mst.mission.1953402._title,Connectez-vous.
mst.mission.1953402._detail,Connectez-vous.
mst.mission.1953403._title,Connectez-vous.
mst.mission.1953403._detail,Connectez-vous.
mst.mission.1953404._title,Connectez-vous.
mst.mission.1953404._detail,Connectez-vous.
mst.mission.1953405._title,Connectez-vous.
mst.mission.1953405._detail,Connectez-vous.
mst.mission.1953406._title,Connectez-vous.
mst.mission.1953406._detail,Connectez-vous.
mst.mission.1953407._title,Connectez-vous.
mst.mission.1953407._detail,Connectez-vous.
mst.mission.1953408._title,Connectez-vous.
mst.mission.1953408._detail,Connectez-vous.
mst.mission.1953410._title,Connectez-vous.
mst.mission.1953410._detail,Connectez-vous.
mst.mission.1953411._title,Connectez-vous.
mst.mission.1953411._detail,Connectez-vous.
mst.mission.1953412._title,Connectez-vous.
mst.mission.1953412._detail,Connectez-vous.
mst.mission.1953413._title,Connectez-vous.
mst.mission.1953413._detail,Connectez-vous.
mst.mission.1953414._title,Connectez-vous.
mst.mission.1953414._detail,Connectez-vous.
mst.mission.1953415._title,Connectez-vous.
mst.mission.1953415._detail,Connectez-vous.
mst.mission.1953416._title,Connectez-vous.
mst.mission.1953416._detail,Connectez-vous.
mst.mission.1953417._title,Connectez-vous.
mst.mission.1953417._detail,Connectez-vous.
mst.mission.1953418._title,Connectez-vous.
mst.mission.1953418._detail,Connectez-vous.
mst.mission.1953419._title,Connectez-vous.
mst.mission.1953419._detail,Connectez-vous.
mst.mission.1953420._title,Connectez-vous.
mst.mission.1953420._detail,Connectez-vous.
mst.mission.1953422._title,Connectez-vous.
mst.mission.1953422._detail,Connectez-vous.
mst.mission.1953423._title,Connectez-vous.
mst.mission.1953423._detail,Connectez-vous.
mst.mission.1953424._title,Connectez-vous.
mst.mission.1953424._detail,Connectez-vous.
mst.mission.1953425._title,Connectez-vous.
mst.mission.1953425._detail,Connectez-vous.
mst.mission.1953426._title,Connectez-vous.
mst.mission.1953426._detail,Connectez-vous.
mst.mission.1953427._title,Connectez-vous.
mst.mission.1953427._detail,Connectez-vous.
mst.mission.1953428._title,Connectez-vous.
mst.mission.1953428._detail,Connectez-vous.
mst.mission.1953429._title,Connectez-vous.
mst.mission.1953429._detail,Connectez-vous.
mst.mission.1953430._title,Connectez-vous.
mst.mission.1953430._detail,Connectez-vous.
mst.mission.1953431._title,Connectez-vous.
mst.mission.1953431._detail,Connectez-vous.
mst.mission.1953432._title,Connectez-vous.
mst.mission.1953432._detail,Connectez-vous.
mst.mission.1953434._title,Connectez-vous.
mst.mission.1953434._detail,Connectez-vous.
mst.mission.1953435._title,Connectez-vous.
mst.mission.1953435._detail,Connectez-vous.
mst.mission.1953436._title,Connectez-vous.
mst.mission.1953436._detail,Connectez-vous.
mst.mission.1953437._title,Connectez-vous.
mst.mission.1953437._detail,Connectez-vous.
mst.mission.1953438._title,Connectez-vous.
mst.mission.1953438._detail,Connectez-vous.
mst.mission.1953439._title,Connectez-vous.
mst.mission.1953439._detail,Connectez-vous.
mst.mission.1953440._title,Connectez-vous.
mst.mission.1953440._detail,Connectez-vous.
mst.mission.1953441._title,Connectez-vous.
mst.mission.1953441._detail,Connectez-vous.
mst.mission.1953442._title,Connectez-vous.
mst.mission.1953442._detail,Connectez-vous.
mst.mission.1953443._title,Connectez-vous.
mst.mission.1953443._detail,Connectez-vous.
mst.mission.1953444._title,Connectez-vous.
mst.mission.1953444._detail,Connectez-vous.
mst.mission.1953446._title,Connectez-vous.
mst.mission.1953446._detail,Connectez-vous.
mst.mission.1953447._title,Connectez-vous.
mst.mission.1953447._detail,Connectez-vous.
mst.mission.1953448._title,Connectez-vous.
mst.mission.1953448._detail,Connectez-vous.
mst.mission.1953449._title,Connectez-vous.
mst.mission.1953449._detail,Connectez-vous.
mst.mission.1953450._title,Connectez-vous.
mst.mission.1953450._detail,Connectez-vous.
mst.mission.1953451._title,Connectez-vous.
mst.mission.1953451._detail,Connectez-vous.
mst.mission.1953452._title,Connectez-vous.
mst.mission.1953452._detail,Connectez-vous.
mst.mission.1953453._title,Connectez-vous.
mst.mission.1953453._detail,Connectez-vous.
mst.mission.1953454._title,Connectez-vous.
mst.mission.1953454._detail,Connectez-vous.
mst.mission.1967031._title,Atteindre un certain niveau d’Affection pour 301
mst.mission.1967031._detail,Atteindre l’Affection pour 301
mst.mission.1967032._title,Atteindre un total d’Affection de 10 000 pour le groupe 301
mst.mission.1967032._detail,Atteindre un total d’Affection de 10 000 pour le groupe 301.
mst.mission.1967033._title,Atteindre une Affection totale de 20 000 pour le groupe 301
mst.mission.1967033._detail,Atteignez un total d’Affection de 20 000 pour le groupe 301.
mst.mission.1967034._title,Atteindre une Affection totale de 30 000 pour le groupe 301
mst.mission.1967034._detail,Atteignez un total d’Affection de 30 000 pour le groupe 301.
mst.mission.1967035._title,Atteindre une Affection totale de 45 000 pour le groupe 301.
mst.mission.1967035._detail,Atteignez un total d’Affection de 45 000 pour le groupe 301.
mst.mission.1967036._title,Atteindre une Affection totale de 60 000 avec le groupe 301
mst.mission.1967036._detail,Atteignez un total d’Affection de 60 000 pour le groupe 301.
mst.mission.1967037._title,Atteindre une Affection totale de 80 000 pour le groupe 301.
mst.mission.1967037._detail,Atteignez un total d’Affection de 80 000 pour le groupe 301.
mst.mission.1967038._title,Atteindre une Affection totale de 100 000 pour le groupe 301
mst.mission.1967038._detail,Atteignez un total d’Affection de 100 000 pour le groupe 301.
mst.mission.1967039._title,Atteindre un total d’Affection de 115 000 pour le groupe 301.
mst.mission.1967039._detail,Atteignez un total d’Affection de 115 000 pour le groupe 301.
mst.mission.1967040._title,Atteindre une Affection totale de 130 000 pour le groupe 301.
mst.mission.1967040._detail,Atteignez un total d’Affection de 130 000 pour le groupe 301.
mst.mission.1967041._title,Atteindre une Affection totale de 145 000 pour le groupe 301.
mst.mission.1967041._detail,Atteignez un total d’Affection de 145 000 pour le groupe 301.
mst.mission.1967042._title,Atteindre une Affection totale de 160 000 pour le groupe 301.
mst.mission.1967042._detail,Atteignez un total d’Affection de 160 000 pour le groupe 301.
mst.mission.1967043._title,Atteindre une Affection totale de 175 000 pour le groupe 301.
mst.mission.1967043._detail,Atteignez un total d’Affection de 175 000 pour le groupe 301.
mst.mission.1967044._title,Atteindre une Affection totale de 190 000 pour le groupe 301.
mst.mission.1967044._detail,Atteignez un total d’Affection de 190 000 pour le groupe 301.
mst.mission.1967045._title,Atteindre une Affection totale de 205 000 avec le groupe 301
mst.mission.1967045._detail,Visez un total d’Affection de 205 000 pour le groupe 301.
mst.mission.1953455._title,Connectez-vous.
mst.mission.1953455._detail,Connectez-vous.
mst.mission.1953458._title,Connectez-vous.
mst.mission.1953458._detail,Connectez-vous.
mst.mission.1953461._title,Connectez-vous.
mst.mission.1953461._detail,Connectez-vous.
mst.mission.1953464._title,Connectez-vous.
mst.mission.1953464._detail,Connectez-vous.
mst.mission.1953465._title,Connectez-vous.
mst.mission.1953465._detail,Connectez-vous.
mst.mission.1953467._title,Connectez-vous.
mst.mission.1953467._detail,Connectez-vous.
mst.mission.1953468._title,Connectez-vous.
mst.mission.1953468._detail,Connectez-vous.
mst.mission.1953470._title,Connectez-vous.
mst.mission.1953470._detail,Connectez-vous.
mst.mission.1953471._title,Connectez-vous.
mst.mission.1953471._detail,Connectez-vous.
mst.mission.1953472._title,Connectez-vous.
mst.mission.1953472._detail,Connectez-vous.
mst.mission.1953473._title,Connectez-vous.
mst.mission.1953473._detail,Connectez-vous.
mst.mission.1953474._title,Connectez-vous.
mst.mission.1953474._detail,Connectez-vous.
mst.mission.1953475._title,Connectez-vous.
mst.mission.1953475._detail,Connectez-vous.
mst.mission.1953476._title,Connectez-vous.
mst.mission.1953476._detail,Connectez-vous.
mst.mission.1953477._title,Connectez-vous.
mst.mission.1953477._detail,Connectez-vous.
mst.mission.1953478._title,Connectez-vous.
mst.mission.1953478._detail,Connectez-vous.
mst.mission.1953479._title,Connectez-vous.
mst.mission.1953479._detail,Connectez-vous.
mst.mission.1953480._title,Connectez-vous.
mst.mission.1953480._detail,Connectez-vous.
mst.mission.1953482._title,Connectez-vous.
mst.mission.1953482._detail,Connectez-vous.
mst.mission.1953483._title,Connectez-vous.
mst.mission.1953483._detail,Connectez-vous.
mst.mission.1953484._title,Connectez-vous.
mst.mission.1953484._detail,Connectez-vous.
mst.mission.1953485._title,Connectez-vous.
mst.mission.1953485._detail,Connectez-vous.
mst.mission.1953486._title,Connectez-vous.
mst.mission.1953486._detail,Connectez-vous.
mst.mission.1953487._title,Connectez-vous.
mst.mission.1953487._detail,Connectez-vous.
mst.mission.1953488._title,Connectez-vous.
mst.mission.1953488._detail,Connectez-vous.
mst.mission.1953489._title,Connectez-vous.
mst.mission.1953489._detail,Connectez-vous.
mst.mission.1953490._title,Connectez-vous.
mst.mission.1953490._detail,Connectez-vous.
mst.mission.1953491._title,Connectez-vous.
mst.mission.1953491._detail,Connectez-vous.
mst.mission.1953492._title,Connectez-vous.
mst.mission.1953492._detail,Connectez-vous.
mst.mission.1953494._title,Connectez-vous.
mst.mission.1953494._detail,Connectez-vous.
mst.mission.1953495._title,Connectez-vous.
mst.mission.1953495._detail,Connectez-vous.
mst.mission.1953496._title,Connectez-vous.
mst.mission.1953496._detail,Connectez-vous.
mst.mission.1953497._title,Connectez-vous.
mst.mission.1953497._detail,Connectez-vous.
mst.mission.1953498._title,Connectez-vous.
mst.mission.1953498._detail,Connectez-vous.
mst.mission.1953499._title,Connectez-vous.
mst.mission.1953499._detail,Connectez-vous.
mst.mission.1953500._title,Connectez-vous.
mst.mission.1953500._detail,Connectez-vous.
mst.mission.1953501._title,Connectez-vous.
mst.mission.1953501._detail,Connectez-vous.
mst.mission.1953502._title,Connectez-vous.
mst.mission.1953502._detail,Connectez-vous.
mst.mission.1953503._title,Connectez-vous.
mst.mission.1953503._detail,Connectez-vous.
mst.mission.1953504._title,Connectez-vous.
mst.mission.1953504._detail,Connectez-vous.
mst.mission.1953506._title,Connectez-vous.
mst.mission.1953506._detail,Connectez-vous.
mst.mission.1953507._title,Connectez-vous.
mst.mission.1953507._detail,Connectez-vous.
mst.mission.1953508._title,Connectez-vous.
mst.mission.1953508._detail,Connectez-vous.
mst.mission.1953509._title,Connectez-vous.
mst.mission.1953509._detail,Connectez-vous.
mst.mission.1953510._title,Connectez-vous.
mst.mission.1953510._detail,Connectez-vous.
mst.mission.1953511._title,Connectez-vous.
mst.mission.1953511._detail,Connectez-vous.
mst.mission.1953512._title,Connectez-vous.
mst.mission.1953512._detail,Connectez-vous.
mst.mission.1953513._title,Connectez-vous.
mst.mission.1953513._detail,Connectez-vous.
mst.mission.1953514._title,Connectez-vous.
mst.mission.1953514._detail,Connectez-vous.
mst.mission.1953515._title,Connectez-vous.
mst.mission.1953515._detail,Connectez-vous.
mst.mission.1953516._title,Connectez-vous.
mst.mission.1953516._detail,Connectez-vous.
mst.mission.1953518._title,Connectez-vous.
mst.mission.1953518._detail,Connectez-vous.
mst.mission.1953519._title,Connectez-vous.
mst.mission.1953519._detail,Connectez-vous.
mst.mission.1953520._title,Connectez-vous.
mst.mission.1953520._detail,Connectez-vous.
mst.mission.1953521._title,Connectez-vous.
mst.mission.1953521._detail,Connectez-vous.
mst.mission.1953522._title,Connectez-vous.
mst.mission.1953522._detail,Connectez-vous.
mst.mission.1953523._title,Connectez-vous.
mst.mission.1953523._detail,Connectez-vous.
mst.mission.1953524._title,Connectez-vous.
mst.mission.1953524._detail,Connectez-vous.
mst.mission.1953525._title,Connectez-vous.
mst.mission.1953525._detail,Connectez-vous.
mst.mission.1953526._title,Connectez-vous.
mst.mission.1953526._detail,Connectez-vous.
mst.mission.1953527._title,Connectez-vous.
mst.mission.1953527._detail,Connectez-vous.
mst.mission.1953528._title,Connectez-vous.
mst.mission.1953528._detail,Connectez-vous.
mst.mission.1953530._title,Connectez-vous.
mst.mission.1953530._detail,Connectez-vous.
mst.mission.1953531._title,Connectez-vous.
mst.mission.1953531._detail,Connectez-vous.
mst.mission.1953532._title,Connectez-vous.
mst.mission.1953532._detail,Connectez-vous.
mst.mission.1953533._title,Connectez-vous.
mst.mission.1953533._detail,Connectez-vous.
mst.mission.1953534._title,Connectez-vous.
mst.mission.1953534._detail,Connectez-vous.
mst.mission.1953535._title,Connectez-vous.
mst.mission.1953535._detail,Connectez-vous.
mst.mission.1953536._title,Connectez-vous.
mst.mission.1953536._detail,Connectez-vous.
mst.mission.1953537._title,Connectez-vous.
mst.mission.1953537._detail,Connectez-vous.
mst.mission.1953538._title,Connectez-vous.
mst.mission.1953538._detail,Connectez-vous.
mst.mission.1953539._title,Connectez-vous.
mst.mission.1953539._detail,Connectez-vous.
mst.mission.1953540._title,Connectez-vous.
mst.mission.1953540._detail,Connectez-vous.
mst.mission.1953542._title,Connectez-vous.
mst.mission.1953542._detail,Connectez-vous.
mst.mission.1953543._title,Connectez-vous.
mst.mission.1953543._detail,Connectez-vous.
mst.mission.1953544._title,Connectez-vous.
mst.mission.1953544._detail,Connectez-vous.
mst.mission.1953545._title,Connectez-vous.
mst.mission.1953545._detail,Connectez-vous.
mst.mission.1953546._title,Connectez-vous.
mst.mission.1953546._detail,Connectez-vous.
mst.mission.1953547._title,Connectez-vous.
mst.mission.1953547._detail,Connectez-vous.
mst.mission.1953548._title,Connectez-vous.
mst.mission.1953548._detail,Connectez-vous.
mst.mission.1953549._title,Connectez-vous.
mst.mission.1953549._detail,Connectez-vous.
mst.mission.1953550._title,Connectez-vous.
mst.mission.1953550._detail,Connectez-vous.
mst.mission.1953551._title,Connectez-vous.
mst.mission.1953551._detail,Connectez-vous.
mst.mission.1953552._title,Connectez-vous.
mst.mission.1953552._detail,Connectez-vous.
mst.mission.1953554._title,Connectez-vous.
mst.mission.1953554._detail,Connectez-vous.
mst.mission.1953555._title,Connectez-vous.
mst.mission.1953555._detail,Connectez-vous.
mst.mission.1953556._title,Connectez-vous.
mst.mission.1953556._detail,Connectez-vous.
mst.mission.1953557._title,Connectez-vous.
mst.mission.1953557._detail,Connectez-vous.
mst.mission.1953558._title,Connectez-vous.
mst.mission.1953558._detail,Connectez-vous.
mst.mission.1953559._title,Connectez-vous.
mst.mission.1953559._detail,Connectez-vous.
mst.mission.1953560._title,Connectez-vous.
mst.mission.1953560._detail,Connectez-vous.
mst.mission.1953561._title,Connectez-vous.
mst.mission.1953561._detail,Connectez-vous.
mst.mission.1953562._title,Connectez-vous.
mst.mission.1953562._detail,Connectez-vous.
mst.mission.1953563._title,Connectez-vous.
mst.mission.1953563._detail,Connectez-vous.
mst.mission.1953564._title,Connectez-vous.
mst.mission.1953564._detail,Connectez-vous.
mst.mission.1953566._title,Connectez-vous.
mst.mission.1953566._detail,Connectez-vous.
mst.mission.1953567._title,Connectez-vous.
mst.mission.1953567._detail,Connectez-vous.
mst.mission.1953568._title,Connectez-vous.
mst.mission.1953568._detail,Connectez-vous.
mst.mission.1953569._title,Connectez-vous.
mst.mission.1953569._detail,Connectez-vous.
mst.mission.1953570._title,Connectez-vous.
mst.mission.1953570._detail,Connectez-vous.
mst.mission.1953571._title,Connectez-vous.
mst.mission.1953571._detail,Connectez-vous.
mst.mission.1953572._title,Connectez-vous.
mst.mission.1953572._detail,Connectez-vous.
mst.mission.1953573._title,Connectez-vous.
mst.mission.1953573._detail,Connectez-vous.
mst.mission.1953574._title,Connectez-vous.
mst.mission.1953574._detail,Connectez-vous.
mst.mission.1967046._title,Atteindre d’Affection totale
mst.mission.1967046._detail,Atteindre 400 d’Affection totale
mst.mission.1967047._title,Atteindre 10 000 d’Affection totale
mst.mission.1967047._detail,Atteignez un total de 10 000 d’Affection.
mst.mission.1967048._title,Atteindre un total de 20 000 d’affection.
mst.mission.1967048._detail,Atteignez un total de 20 000 d’Affection pour les 400 membres.
mst.mission.1967049._title,Atteindre un total de 30 000 d’Affection pour les 400 membres
mst.mission.1967049._detail,Atteignez un total de 30 000 d’Affection pour les 400 membres.
mst.mission.1967050._title,Atteindre un total de 45 000 d’Affection pour 400.
mst.mission.1967050._detail,Atteignez un total de 45 000 d’Affection pour les 400 membres.
mst.mission.1967051._title,Atteindre un total de 60 000 d’Affection pour les 400 membres
mst.mission.1967051._detail,Atteignez un total de 60 000 d’Affection pour les 400 membres.
mst.mission.1967052._title,Atteindre un total de 80 000 d’Affection pour les 400 membres.
mst.mission.1967052._detail,Atteignez un total de 80 000 d’Affection pour les 400 membres.
mst.mission.1967053._title,Atteindre un total de 100 000 d’Affection pour les 400 membres.
mst.mission.1967053._detail,Atteignez un total de 100 000 d’Affection pour les 400 membres.
mst.mission.1967054._title,Atteindre un total de 115 000 d’Affection pour 400.
mst.mission.1967054._detail,Atteignez un total de 115 000 d’Affection pour les 400 membres.
mst.mission.1967055._title,Atteindre un total de 130 000 d’Affection pour les 400 membres
mst.mission.1967055._detail,Atteignez un total de 130 000 d’Affection pour les 400 membres.
mst.mission.1967056._title,Atteindre un total de 145 000 d’Affection pour 400.
mst.mission.1967056._detail,Atteignez un total de 145 000 d’Affection pour les 400 membres.
mst.mission.1967057._title,Atteindre 160 000 d’Affection totale pour 400.
mst.mission.1967057._detail,Atteignez un total de 160 000 d’Affection pour les 400 membres.
mst.mission.1967058._title,Atteindre un total de 175 000 d’Affection pour les 400 membres
mst.mission.1967058._detail,Atteignez un total de 175 000 d’Affection pour les 400 membres.
mst.mission.1967059._title,Atteindre un total de 190 000 d’Affection pour les 400 membres
mst.mission.1967059._detail,Atteignez un total de 190 000 d’Affection pour les 400 membres.
mst.mission.1967060._title,Atteindre 205 000 d’Affection totale.
mst.mission.1967060._detail,Atteignez un total de 205 000 d’Affection pour les 400 membres.
mst.mission.1951001._title,Obtenez l’Idole « Tarte aux pommes du bonheur ».
mst.mission.1951001._detail,Obtenez l’Idole « Tarte aux pommes du bonheur ».
mst.mission.1950001._title,Réveillez l’Idole « Tarte aux pommes du bonheur »
mst.mission.1950001._detail,Réalisez l’Éveil de l’Idole « Pomme d’amour du bonheur ».
mst.mission.1953577._title,Connectez-vous.
mst.mission.1953577._detail,Connectez-vous.
mst.mission.1953578._title,Connectez-vous.
mst.mission.1953578._detail,Connectez-vous.
mst.mission.1953579._title,Connectez-vous.
mst.mission.1953579._detail,Connectez-vous.
mst.mission.1953583._title,Connectez-vous.
mst.mission.1953583._detail,Connectez-vous.
mst.mission.1951002._title,Obtenez l’Idole « Surprise BBQ »
mst.mission.1951002._detail,Obtenez l’Idole « Surprise BBQ »
mst.mission.1950002._title,Éveil de l’Idole « Surprise BBQ »
mst.mission.1950002._detail,Faites l’Éveil de l’Idole « Surprise BBQ »
mst.mission.1951003._title,Obtenez l’Idole « Shizuku Shiru Ajisai ».
mst.mission.1951003._detail,Obtenez l’Idole « Shizuku Shiru Ajisai ».
mst.mission.1950003._title,Réveillez l’Idole « Shizuku Shiru Ajisai ».
mst.mission.1950003._detail,Faites l’Éveil de l’Idole « Shizuku Shiru Ajisai ».
mst.mission.1951004._title,Obtenez l’Idole « Rainy Birthday »
mst.mission.1951004._detail,Obtenez l’Idole « Rainy Birthday ».
mst.mission.1950004._title,Réveillez l’Idole « Rainy Birthday »
mst.mission.1950004._detail,Réveillez l’Idole « Rainy Birthday ».
mst.mission.1951005._title,Obtenez l’Idole « Kuwagata Cake ».
mst.mission.1951005._detail,Obtenez l’Idole « Kwagata Cake ».
mst.mission.1950005._title,Éveil de l’Idole « Kwagata Cake »
mst.mission.1950005._detail,Faites l’Éveil de l’Idole « Kwagata Cake »
mst.mission.1951006._title,Obtenez l’Idole « Surprise dès le matin ! »
mst.mission.1951006._detail,Obtenez l’Idole « Surprise dès le matin ! »
mst.mission.1950006._title,Réveillez l’Idole « Surprise dès le matin ! »
mst.mission.1950006._detail,Faites l’Éveil de l’Idole « Surprise dès le matin ! »
mst.mission.1951007._title,Obtenez l’Idole « Avec gratitude »
mst.mission.1951007._detail,Obtenez l’Idole « Avec gratitude ».
mst.mission.1950007._title,Réveillez l’Idole « Avec gratitude ».
mst.mission.1950007._detail,Faites l’Éveil de l’Idole « Avec gratitude ».
mst.mission.1951008._title,Obtenez l’Idole « Sonate résonnant devant la gare ».
mst.mission.1951008._detail,Obtenez l’Idole « Sonate résonnant devant la gare ».
mst.mission.1950008._title,Réveillez l’Idole « Sonate résonnant devant la gare ».
mst.mission.1950008._detail,Faites l’Éveil de l’Idole « Enka au son du piano dans la gare ».
mst.mission.1951009._title,Obtenez l’Idole « Surprise de Sanipa »
mst.mission.1951009._detail,Obtenez l’Idole « Surprise de Sanipa ».
mst.mission.1950009._title,Réveillez l’Idole « Surprise de Sanipa »
mst.mission.1950009._detail,Faites l’Éveil de l’Idole « SaniPa Surprise ».
mst.mission.1951010._title,Obtenez l’Idole « Dans le bus ».
mst.mission.1951010._detail,Obtenez l’Idole « Dans le bus ».
mst.mission.1950010._title,Éveil de l’Idole « Dans le bus »
mst.mission.1950010._detail,Faites l’Éveil de l’Idole « Dans le bus ».
mst.mission.1951011._title,Obtenez l’Idole « Lettre d’une amie d’enfance »
mst.mission.1951011._detail,Obtenez l’Idole « Lettre d’une amie d’enfance ».
mst.mission.1950011._title,Éveil de l’Idole « Lettre d’une amie d’enfance »
mst.mission.1950011._detail,Faites l’Éveil de l’Idole « Lettre d’une amie d’enfance ».
mst.mission.1951012._title,Obtenez l’Idole « Ani-Kara Party »
mst.mission.1951012._detail,Obtenez l’Idole « Anikara Party ».
mst.mission.1950012._title,Réveillez l’Idole « Fête d’anniversaire colorée »
mst.mission.1950012._detail,Faites l’Éveil de l’Idole « Anikara Party ».
mst.mission.1951013._title,Obtenez l’Idole « Accrochez-vous à ma longue trompe »
mst.mission.1951013._detail,Obtenez l’Idole « Attrape-toi au long nez ».
mst.mission.1950013._title,Éveil de l’Idole « Long nez accroché »
mst.mission.1950013._detail,"Réalisez l’Éveil de l’Idole « Long nez, accrochez-vous »"
mst.mission.1953585._title,Connectez-vous.
mst.mission.1953585._detail,Connectez-vous.
mst.mission.1951014._title,Obtenez l’Idole « Cosplay à deux ♡ »
mst.mission.1951014._detail,Obtenez l’Idole « Cosplay à deux ♡ »
mst.mission.1950014._title,Réveillez l’Idole « Cosplay à deux ♡ »
mst.mission.1950014._detail,Faites l’Éveil de l’Idole « Cosplay à deux » !
mst.mission.1951015._title,Obtenez l’Idole « Mouettes en vol »
mst.mission.1951015._detail,Obtenez l’Idole « Mouettes en vol ».
mst.mission.1950015._title,Réveillez l’Idole « Mouettes en vol »
mst.mission.1950015._detail,Réalisez l’Éveil de l’Idole « Kamo ga Tobikau ».
mst.mission.1951016._title,Obtenez l’Idole « Nouveaux desserts d’automne »
mst.mission.1951016._detail,Obtenez l’Idole « Nouveaux desserts d’automne ».
mst.mission.1950016._title,Réveillez l’Idole « Nouveautés sucrées d’automne »
mst.mission.1950016._detail,Faites l’Éveil de l’Idole « Nouveaux desserts d’automne »
mst.mission.1951017._title,Obtenez l’Idole « Melon ni Meromero ♡ »
mst.mission.1951017._detail,Obtenez l’Idole « Melon ni Meromero ♡ ».
mst.mission.1950017._title,Réveillez l’Idole « Complètement gaga pour le melon ♡ »
mst.mission.1950017._detail,Faites l’Éveil de l’Idole « Melon ni Meromero ♡ ».
mst.mission.1951018._title,Obtenez l’Idole « Temps avec ma sœur »
mst.mission.1951018._detail,Obtenez l’Idole « Temps avec ma sœur ».
mst.mission.1950018._title,Éveil de l’Idole « Temps avec ma sœur »
mst.mission.1950018._detail,Réalisez l’Éveil de l’Idole « Temps avec ma sœur »
mst.mission.1953586._title,Connectez-vous.
mst.mission.1953586._detail,Connectez-vous.
mst.mission.1953587._title,Connectez-vous.
mst.mission.1953587._detail,Connectez-vous.
mst.mission.1953588._title,Connectez-vous.
mst.mission.1953588._detail,Connectez-vous.
mst.mission.1953589._title,Connectez-vous.
mst.mission.1953589._detail,Connectez-vous.
mst.mission.1953590._title,Connectez-vous.
mst.mission.1953590._detail,Connectez-vous.
mst.mission.1953591._title,Connectez-vous.
mst.mission.1953591._detail,Connectez-vous.
mst.mission.1951019._title,Obtenez l’Idole « Coiffure ».
mst.mission.1951019._detail,Obtenez l’Idole « Coiffure »
mst.mission.1950019._title,Faites l’Éveil de l’Idole « Coiffure »
mst.mission.1950019._detail,Faisons l’Éveil de l’Idole « Coiffure » !
mst.mission.1951020._title,Obtenez l’Idole « Journée au café à chats »
mst.mission.1951020._detail,Obtenez l’Idole « Journée au café à chats »
mst.mission.1950020._title,Éveil de l’Idole « Journée au café à chats »
mst.mission.1950020._detail,Faites l’Éveil de l’Idole « Journée au café à chats ».
mst.mission.1951021._title,Obtenez l’Idole « Jolis cadeaux »
mst.mission.1951021._detail,Obtenez l’Idole « Jolis cadeaux ».
mst.mission.1950021._title,Éveil de l’Idole « Jolis cadeaux »
mst.mission.1950021._detail,Faites l’Éveil de l’Idole « Kawaii Okurimono-tachi »
mst.mission.1951022._title,Obtenez l’Idole « FULL COMBO !! »
mst.mission.1951022._detail,Obtenez l’Idole « FULL COMBO !! ».
mst.mission.1950022._title,Éveil de l’Idole « FULL COMBO !! »
mst.mission.1950022._detail,Réalisez l’Éveil de l’Idole « FULL COMBO !! ».
mst.mission.1953592._title,Connectez-vous.
mst.mission.1953592._detail,Connectez-vous.
mst.mission.1951023._title,Obtenez l’Idole « Buffet de desserts aux fraises »
mst.mission.1951023._detail,Obtenez l’Idole « Buffet de desserts aux fraises »
mst.mission.1950023._title,Réveillez l’Idole « Buffet de desserts aux fraises »
mst.mission.1950023._detail,Faites l’Éveil de l’Idole « Buffet de desserts aux fraises »
mst.mission.1951024._title,Obtenez l’Idole « L’athlète de mes rêves arrive au Japon ! »
mst.mission.1951024._detail,Obtenez l’Idole « L’athlète de mes rêves est au Japon ! »
mst.mission.1950024._title,Réveillez l’Idole « L’athlète de mes rêves arrive au Japon ! »
mst.mission.1950024._detail,Faites l’Éveil de l’Idole « L’athlète que j’admire est venue au Japon ! »
mst.mission.1951025._title,Obtenez l’Idole « L’irrésistible attrait du kotatsu »
mst.mission.1951025._detail,Obtenez l’Idole « L’irrésistible attrait du kotatsu ».
mst.mission.1950025._title,Éveil de l’Idole « L’irrésistible attrait du kotatsu »
mst.mission.1950025._detail,Réalisez l’Éveil de l’Idole « L’irrésistible charme du kotatsu ».
mst.mission.1953593._title,Connectez-vous.
mst.mission.1953593._detail,Connectez-vous.
mst.mission.1953594._title,Connectez-vous.
mst.mission.1953594._detail,Connectez-vous.
mst.mission.1953595._title,Connectez-vous.
mst.mission.1953595._detail,Connectez-vous.
mst.mission.1958586._title,Augmentez l’Affection de « N ».
mst.mission.1958586._detail,Atteindre un niveau d’Affection de avec « N ».
mst.mission.1958587._title,Atteindre une Affection de avec « N »
mst.mission.1958587._detail,Atteindre une Affection de avec « N ».
mst.mission.1958588._title,Atteindre une Affection de avec « N »
mst.mission.1958588._detail,Atteindre une Affection de avec « N ».
mst.mission.1958589._title,Atteindre une Affection de avec « N »
mst.mission.1958589._detail,Atteindre une Affection de avec « N ».
mst.mission.1958590._title,Atteindre une Affection de avec « N »
mst.mission.1958590._detail,Augmentez l’Affection de « N » à plus de 5 000.
mst.mission.1958591._title,Atteindre une Affection de avec « N »
mst.mission.1958591._detail,Augmentez l’Affection de « N » à plus de 6 000.
mst.mission.1958592._title,Atteindre une Affection de avec « N »
mst.mission.1958592._detail,Atteindre une Affection de avec « N ».
mst.mission.1958593._title,Atteindre une Affection de avec « N »
mst.mission.1958593._detail,Atteindre une Affection de avec « N ».
mst.mission.1958594._title,Augmentez l’Affection de « N » à plus de 9 000.
mst.mission.1958594._detail,Atteindre une Affection de avec « N ».
mst.mission.1958595._title,Atteindre une Affection de avec « N »
mst.mission.1958595._detail,Atteindre une Affection de avec « N ».
mst.mission.1958596._title,Atteindre une Affection de avec « N »
mst.mission.1958596._detail,Atteindre un niveau d’Affection de avec « N ».
mst.mission.1958597._title,Atteindre une Affection de avec « N »
mst.mission.1958597._detail,Atteindre un niveau d’Affection de 12 500 avec « N ».
mst.mission.1958598._title,Atteindre une Affection de avec « N »
mst.mission.1958598._detail,Atteignez un niveau d’Affection de 13 000 avec « N ».
mst.mission.1958599._title,Atteindre une Affection de avec « N »
mst.mission.1958599._detail,Atteindre une Affection de avec « N ».
mst.mission.1958600._title,Atteindre une Affection de avec « N »
mst.mission.1958600._detail,Atteignez un niveau d’Affection de 15 000 avec « N ».
mst.mission.1958601._title,Augmentez l’Affection de « N ».
mst.mission.1958601._detail,Atteindre un niveau d’Affection de avec « N ».
mst.mission.1958602._title,Atteindre une Affection de avec « N »
mst.mission.1958602._detail,Atteindre une Affection de avec « N ».
mst.mission.1958603._title,Atteindre une Affection de avec « N »
mst.mission.1958603._detail,Atteindre une Affection de avec « N ».
mst.mission.1958604._title,Atteindre une Affection de avec « N »
mst.mission.1958604._detail,Atteindre une Affection de avec « N ».
mst.mission.1958605._title,Atteindre une Affection de avec « N »
mst.mission.1958605._detail,Augmentez l’Affection de « N » à plus de 5 000.
mst.mission.1958606._title,Atteindre une Affection de avec « N »
mst.mission.1958606._detail,Augmentez l’Affection de « N » à plus de 6 000.
mst.mission.1958607._title,Atteindre une Affection de avec « N »
mst.mission.1958607._detail,Atteindre une Affection de avec « N ».
mst.mission.1958608._title,Atteindre une Affection de avec « N »
mst.mission.1958608._detail,Atteindre une Affection de avec « N ».
mst.mission.1958609._title,Augmentez l’Affection de « N » à plus de 9 000.
mst.mission.1958609._detail,Atteindre une Affection de avec « N ».
mst.mission.1958610._title,Atteindre une Affection de avec « N »
mst.mission.1958610._detail,Atteindre une Affection de avec « N ».
mst.mission.1958611._title,Atteindre une Affection de avec « N »
mst.mission.1958611._detail,Atteindre un niveau d’Affection de avec « N ».
mst.mission.1958612._title,Atteindre une Affection de avec « N »
mst.mission.1958612._detail,Atteindre un niveau d’Affection de 12 500 avec « N ».
mst.mission.1958613._title,Atteindre une Affection de avec « N »
mst.mission.1958613._detail,Atteignez un niveau d’Affection de 13 000 avec « N ».
mst.mission.1958614._title,Atteindre une Affection de avec « N »
mst.mission.1958614._detail,Atteindre une Affection de avec « N ».
mst.mission.1958615._title,Atteindre une Affection de avec « N »
mst.mission.1958615._detail,Atteignez un niveau d’Affection de 15 000 avec « N ».
mst.mission.1953596._title,Connectez-vous.
mst.mission.1953596._detail,Connectez-vous.
mst.mission.1953597._title,Connectez-vous.
mst.mission.1953597._detail,Connectez-vous.
mst.mission.1951026._title,Obtenez l’Idole « Jellyfish ».
mst.mission.1951026._detail,Obtenez l’Idole « Jellyfish »
mst.mission.1950026._title,Réveillez l’Idole « Jellyfish »
mst.mission.1950026._detail,Réveillez l’Idole « Jellyfish ».
mst.mission.1951027._title,Obtenez l’Idole « Ema ni Kisu Negai wa »
mst.mission.1951027._detail,Obtenez l’Idole « Ema ni Kisu Negai wa ».
mst.mission.1950027._title,Faites l’éveil de l’Idole « Ema ni Kisu Negai wa »
mst.mission.1950027._detail,Faites l’Éveil de l’Idole « Souhaits inscrits sur le *ema* ».
mst.mission.1951028._title,Obtenez l’Idole « La raison de cette montée en puissance ».
mst.mission.1951028._detail,Obtenez l’Idole « La raison de cette montée en puissance ».
mst.mission.1950028._title,Éveil de l’Idole « La raison qui nous anime »
mst.mission.1950028._detail,Effectuer l'Éveil de l'Idole 『高まる理由はひとつ』
mst.mission.1951029._title,Obtenez l’Idole « Duo ».
mst.mission.1951029._detail,Obtenez l’Idole « Duet ».
mst.mission.1950029._title,Réveillez l’Idole « Duet ».
mst.mission.1950029._detail,Faites l’Éveil de l’Idole « Duet ».
mst.mission.1951030._title,Obtenez l’Idole « Maquillage Kasumin ».
mst.mission.1951030._detail,Obtenez l’Idole « Maquillage Kasumin ».
mst.mission.1950030._title,Éveil de l’Idole « Maquillage Kasumin »
mst.mission.1950030._detail,Faites l’Éveil de l’Idole « Makeup Kasumin ».
mst.mission.1951031._title,Obtenez l’Idole « Je peux manger autant de pain que je veux ! »
mst.mission.1951031._detail,Obtenez l’Idole « Pan nara ikura demo ♡ ».
mst.mission.1950031._title,Éveil de l’Idole « Pan nara ikura demo ♡ »
mst.mission.1950031._detail,Réalisez l’Éveil de l’Idole « Je peux manger autant de pain que je veux ♡ »
mst.mission.1953598._title,Connectez-vous.
mst.mission.1953598._detail,Connectez-vous.
mst.mission.1953599._title,Connectez-vous.
mst.mission.1953599._detail,Connectez-vous.
mst.mission.1951032._title,Obtenez l’Idole « Moment de thé spécial »
mst.mission.1951032._detail,Obtenez l’Idole « Moment de thé spécial ».
mst.mission.1950032._title,Réveillez l’Idole « Moment de thé spécial ».
mst.mission.1950032._detail,Faites l’Éveil de l’Idole « Moment de thé spécial ».
mst.mission.1951033._title,Obtenez l’Idole « Une journée à la découverte de Maru »
mst.mission.1951033._detail,Obtenez l’Idole « Une journée à la recherche de cercles ».
mst.mission.1950033._title,Réveillez l’Idole « Une journée autour de Maru »
mst.mission.1950033._detail,Faites l’Éveil de l’Idole « Une journée autour du cercle ».
mst.mission.1951034._title,Obtenez l’Idole « Sur le trapèze »
mst.mission.1951034._detail,Obtenez l’Idole « Sur le trapèze ».
mst.mission.1950034._title,Éveil de l’Idole « Sur le trapèze »
mst.mission.1950034._detail,Réalisez l’Éveil de l’Idole « En montant sur un trapèze ».
mst.mission.1953600._title,Connectez-vous.
mst.mission.1953600._detail,Connectez-vous.
mst.mission.1953601._title,Connectez-vous.
mst.mission.1953601._detail,Connectez-vous.
mst.mission.1953602._title,Connectez-vous.
mst.mission.1953602._detail,Connectez-vous.
mst.mission.1953603._title,Connectez-vous.
mst.mission.1953603._detail,Connectez-vous.
mst.mission.1953604._title,Connectez-vous.
mst.mission.1953604._detail,Connectez-vous.
mst.mission.1953605._title,Connectez-vous.
mst.mission.1953605._detail,Connectez-vous.
mst.mission.1953606._title,Connectez-vous.
mst.mission.1953606._detail,Connectez-vous.
mst.mission.1953607._title,Connectez-vous.
mst.mission.1953607._detail,Connectez-vous.
mst.mission.1953608._title,Connectez-vous.
mst.mission.1953608._detail,Connectez-vous.
mst.mission.1953609._title,Connectez-vous.
mst.mission.1953609._detail,Connectez-vous.
mst.mission.1953610._title,Connectez-vous.
mst.mission.1953610._detail,Connectez-vous.
mst.mission.1953611._title,Connectez-vous.
mst.mission.1953611._detail,Connectez-vous.
mst.mission.1953612._title,Connectez-vous.
mst.mission.1953612._detail,Connectez-vous.
mst.mission.1953613._title,Connectez-vous.
mst.mission.1953613._detail,Connectez-vous.
mst.mission.1953614._title,Connectez-vous.
mst.mission.1953614._detail,Connectez-vous.
mst.mission.1953615._title,Connectez-vous.
mst.mission.1953615._detail,Connectez-vous.
mst.mission.1953616._title,Connectez-vous.
mst.mission.1953616._detail,Connectez-vous.
mst.mission.1953617._title,Connectez-vous.
mst.mission.1953617._detail,Connectez-vous.
mst.mission.1953618._title,Connectez-vous.
mst.mission.1953618._detail,Connectez-vous.
mst.mission.1953619._title,Connectez-vous.
mst.mission.1953619._detail,Connectez-vous.
mst.mission.1953620._title,Connectez-vous.
mst.mission.1953620._detail,Connectez-vous.
mst.mission.1953621._title,Connectez-vous.
mst.mission.1953621._detail,Connectez-vous.
mst.mission.1953622._title,Connectez-vous.
mst.mission.1953622._detail,Connectez-vous.
mst.mission.1953623._title,Connectez-vous.
mst.mission.1953623._detail,Connectez-vous.
mst.mission.1953624._title,Connectez-vous.
mst.mission.1953624._detail,Connectez-vous.
mst.mission.1953625._title,Connectez-vous.
mst.mission.1953625._detail,Connectez-vous.
mst.mission.1953626._title,Connectez-vous.
mst.mission.1953626._detail,Connectez-vous.
mst.mission.1953627._title,Connectez-vous.
mst.mission.1953627._detail,Connectez-vous.
mst.mission.1953628._title,Connectez-vous.
mst.mission.1953628._detail,Connectez-vous.
mst.mission.1953629._title,Connectez-vous.
mst.mission.1953629._detail,Connectez-vous.
mst.mission.1953630._title,Connectez-vous.
mst.mission.1953630._detail,Connectez-vous.
mst.mission.1953631._title,Connectez-vous.
mst.mission.1953631._detail,Connectez-vous.
mst.mission.1953632._title,Connectez-vous.
mst.mission.1953632._detail,Connectez-vous.
mst.mission.1953633._title,Connectez-vous.
mst.mission.1953633._detail,Connectez-vous.
mst.mission.1953634._title,Connectez-vous.
mst.mission.1953634._detail,Connectez-vous.
mst.mission.1953635._title,Connectez-vous.
mst.mission.1953635._detail,Connectez-vous.
mst.mission.1953636._title,Connectez-vous.
mst.mission.1953636._detail,Connectez-vous.
mst.mission.1953637._title,Connectez-vous.
mst.mission.1953637._detail,Connectez-vous.
mst.mission.1953638._title,Connectez-vous.
mst.mission.1953638._detail,Connectez-vous.
mst.mission.1953639._title,Connectez-vous.
mst.mission.1953639._detail,Connectez-vous.
mst.mission.1953640._title,Connectez-vous.
mst.mission.1953640._detail,Connectez-vous.
mst.mission.1953641._title,Connectez-vous.
mst.mission.1953641._detail,Connectez-vous.
mst.mission.1953642._title,Connectez-vous.
mst.mission.1953642._detail,Connectez-vous.
mst.mission.1951035._title,Obtenez l’Idole « Défi d’ikebana ! »
mst.mission.1951035._detail,Obtenez l’Idole « Défi d’ikebana ! »
mst.mission.1950035._title,Réveillez l’Idole « Défi au Ikebana ! »
mst.mission.1950035._detail,Faites l’Éveil de l’Idole « Défi au Ikebana ! »
mst.mission.1953643._title,Connectez-vous.
mst.mission.1953643._detail,Connectez-vous.
mst.mission.1951036._title,Obtenez l’Idole « Expérience VR émouvante »
mst.mission.1951036._detail,Obtenez l’Idole « Expérience VR émouvante »
mst.mission.1950036._title,Réveillez l’Idole « Expérience VR Émotionnante »
mst.mission.1950036._detail,Faites l’Éveil de l’Idole « Expérience VR émouvante »
mst.mission.1953644._title,Connectez-vous.
mst.mission.1953644._detail,Connectez-vous.
mst.mission.1951037._title,Obtenez l’Idole « Sourire qui se répand sur la véranda ».
mst.mission.1951037._detail,Obtenez l’Idole « Sourire sur la véranda ».
mst.mission.1950037._title,Réveillez l’Idole « Sourire sur la véranda ».
mst.mission.1950037._detail,Faites l’Éveil de l’Idole « 縁側にこぼれる微笑 ».
mst.mission.1951038._title,Obtenez l’Idole « Observation printanière des étoiles »
mst.mission.1951038._detail,Obtenez l’Idole « Observation astronomique printanière ».
mst.mission.1950038._title,Réveillez l’Idole « Observation astronomique printanière »
mst.mission.1950038._detail,Réveillez l’Idole « Observation printanière des étoiles »
mst.mission.1951039._title,Obtenez l’Idole « Rephotographier dans un lieu de souvenirs ».
mst.mission.1951039._detail,Obtenez l’Idole « Rephotographier dans un lieu de souvenirs ».
mst.mission.1950039._title,Réveillez l’Idole « Rephotographiez-vous dans un lieu rempli de souvenirs ».
mst.mission.1950039._detail,Faites l’Éveil de l’Idole « Rephotographier dans un lieu rempli de souvenirs ».
mst.mission.1951040._title,Obtenez l’Idole « Futar wa Hīrō☆ »
mst.mission.1951040._detail,Obtenez l’Idole « Futari wa Hīrō☆ ».
mst.mission.1950040._title,Réveillez l’Idole « Futari wa Hero ☆ »
mst.mission.1950040._detail,Réveillez l’Idole « Futari wa Hero ☆ ».
mst.mission.1951041._title,Obtenez l’Idole « Tokyo Fried Potato »
mst.mission.1951041._detail,Obtenez l’Idole « Tokyo Fried Potato ».
mst.mission.1950041._title,Éveil de l’Idole « Tokyo Fried Potato »
mst.mission.1950041._detail,Réalisez l’Éveil de l’Idole « Tokyo Fried Potato ».
mst.mission.1953645._title,Connectez-vous.
mst.mission.1953645._detail,Connectez-vous.
mst.mission.1953646._title,Connectez-vous.
mst.mission.1953646._detail,Connectez-vous.
mst.mission.1224001._title,Terminez toutes les missions quotidiennes
mst.mission.1224001._detail,Terminez toutes les missions quotidiennes.
mst.mission.1253001._title,Connectez-vous.
mst.mission.1253001._detail,Connectez-vous.
mst.mission.1273001._title,Terminez une chanson de Love Live !
mst.mission.1273001._detail,Terminez une chanson de Love Live ! une fois.
mst.mission.1273002._title,Termes acceptés
mst.mission.1273002._detail,Terminez une chanson de Love Live! Sunshine!!
mst.mission.1273003._title,Terminez une chanson de Love Live! Nijigasaki School Idol Club.
mst.mission.1273003._detail,Terminez une chanson de Love Live! Nijigasaki School Idol Club.
mst.mission.1273004._title,ラブライブ！スーパースター！の楽曲を1回クリアしよう
mst.mission.1273004._detail,Terminez une chanson de Love Live! Superstar!
mst.mission.1224002._title,Terminez toutes les missions quotidiennes
mst.mission.1224002._detail,Terminez toutes les missions quotidiennes.
mst.mission.1253002._title,Connectez-vous.
mst.mission.1253002._detail,Connectez-vous.
mst.mission.1273005._title,Terminez une chanson de Love Live !
mst.mission.1273005._detail,Terminez une chanson de Love Live ! une fois.
mst.mission.1273006._title,Termes acceptés
mst.mission.1273006._detail,Terminez une chanson de Love Live! Sunshine!!
mst.mission.1273007._title,Terminez une chanson de Love Live! Nijigasaki School Idol Club.
mst.mission.1273007._detail,Terminez une chanson de Love Live! Nijigasaki School Idol Club.
mst.mission.1273008._title,ラブライブ！スーパースター！の楽曲を1回クリアしよう
mst.mission.1273008._detail,Terminez une chanson de Love Live! Superstar!
mst.mission.1224003._title,Terminez toutes les missions quotidiennes
mst.mission.1224003._detail,Terminez toutes les missions quotidiennes.
mst.mission.1253003._title,Connectez-vous.
mst.mission.1253003._detail,Connectez-vous.
mst.mission.1273009._title,Terminez une chanson de Love Live !
mst.mission.1273009._detail,Terminez une chanson de Love Live ! une fois.
mst.mission.1273010._title,Termes acceptés
mst.mission.1273010._detail,Terminez une chanson de Love Live! Sunshine!!
mst.mission.1273011._title,Terminez une chanson de Love Live! Nijigasaki School Idol Club.
mst.mission.1273011._detail,Terminez une chanson de Love Live! Nijigasaki School Idol Club.
mst.mission.1273012._title,ラブライブ！スーパースター！の楽曲を1回クリアしよう
mst.mission.1273012._detail,Terminez une chanson de Love Live! Superstar!
mst.mission.2310101._title,Obtenez 100 points d’événement.
mst.mission.2310101._detail,Accumulez points d’événement.
mst.mission.2310102._title,Obtenez 1 000 points d’événement.
mst.mission.2310102._detail,Collectez 1000 points d’événement.
mst.mission.2310103._title,Collectez 5000 points d’événement.
mst.mission.2310103._detail,Obtenez 5000 points d’événement.
mst.mission.2310104._title,Collectez 10 000 points d’événement.
mst.mission.2310104._detail,Obtenez 10 000 points d’événement.
mst.mission.2310105._title,Terminez une chanson de l’événement.
mst.mission.2310105._detail,Terminez une chanson de l’événement.
mst.mission.2310106._title,Terminez la chanson de l’événement 3 fois.
mst.mission.2310106._detail,Terminez la chanson de l’événement 3 fois.
mst.mission.2310107._title,Terminez la chanson de l’événement 5 fois.
mst.mission.2310107._detail,Terminez la chanson de l’événement 5 fois.
mst.mission.2210108._title,Live : terminez-le 10 fois
mst.mission.2210108._detail,Terminez 10 Live.
mst.mission.2210109._title,Live : terminez-le 20 fois
mst.mission.2210109._detail,Terminez 20 Lives.
mst.mission.2210110._title,Live : terminez-le 30 fois
mst.mission.2210110._detail,Terminez 30 Lives.
mst.mission.2210111._title,Live : terminez-le 40 fois
mst.mission.2210111._detail,Terminez 40 Lives.
mst.mission.2210112._title,Termes convenus — Termes convenus
mst.mission.2210112._detail,Terminez 50 Lives.
mst.mission.2210113._title,Live : terminez-le 60 fois
mst.mission.2210113._detail,Live : terminez-le 60 fois.
mst.mission.2210114._title,Live : terminez-le 70 fois
mst.mission.2210114._detail,Live : réussissez-le 70 fois.
mst.mission.2210115._title,Terminez 80 Lives
mst.mission.2210115._detail,Terminez 80 Lives.
mst.mission.2210116._title,Live : terminez-le 90 fois
mst.mission.2210116._detail,Terminez 90 Lives.
mst.mission.2210117._title,Terminez 100 Lives
mst.mission.2210117._detail,Terminez 100 Lives.
mst.mission.2210118._title,Terminez 125 Lives
mst.mission.2210118._detail,Terminez 125 Lives.
mst.mission.2210119._title,Terminez 150 Lives
mst.mission.2210119._detail,Terminez 150 Lives.
mst.mission.2210120._title,Terminez 200 Lives
mst.mission.2210120._detail,Terminez 200 Lives.
mst.mission.2210121._title,Live : terminez-le fois
mst.mission.2210121._detail,Terminez 250 Lives.
mst.mission.2210122._title,Terminez 300 Lives
mst.mission.2210122._detail,Terminez 300 Lives.
mst.mission.2210123._title,Terminez 350 Lives
mst.mission.2210123._detail,Terminez 350 Lives.
mst.mission.2210124._title,Terminez 400 Lives
mst.mission.2210124._detail,Terminez 400 Lives.
mst.mission.2210125._title,Terminez 450 Lives
mst.mission.2210125._detail,Terminez 450 Lives.
mst.mission.2210126._title,Terminez 500 Lives
mst.mission.2210126._detail,Terminez 500 Lives.
mst.mission.2210127._title,Faites un full combo sur une chanson d'événement.
mst.mission.2210127._detail,Réussissez un combo parfait sur une chanson d'événement.
mst.mission.2210128._title,Atteindre un score de 50 000 avec la chanson « MIRACLE NEW STORY » en difficulté normale ou supérieure.
mst.mission.2210128._detail,Obtenez un score de 50 000 avec la chanson « MIRACLE NEW STORY » en difficulté normale ou supérieure.
mst.mission.2210129._title,Obtenez un score de 200 000 en difficulté HARD ou supérieure dans la chanson « MIRACLE NEW STORY ».
mst.mission.2210129._detail,Obtenez un score de 200 000 à la chanson « MIRACLE NEW STORY » en difficulté HARD ou supérieure.
mst.mission.2210130._title,Obtenez un score de 300 000 en mode EXPERT ou supérieur pour la chanson « MIRACLE NEW STORY ».
mst.mission.2210130._detail,Obtenez un score de 300 000 en mode EXPERT ou supérieur pour la chanson « MIRACLE NEW STORY ».
mst.mission.2210131._title,Connectez-vous à l’événement ※Non affiché
mst.mission.2210131._detail,Connectez-vous à l’événement ! ※Non affiché
mst.mission.2210132._title,Récupérez 5 000 points d’événement ! ※Non affiché
mst.mission.2210132._detail,Récupérez 5 000 points d’événement.
mst.mission.2210133._title,Récupérez 12 000 points d’événement ! (non affiché)
mst.mission.2210133._detail,Récupérez 12 000 points d’événement. ※Non affiché
mst.mission.2210134._title,Récupérez 20 000 points d’événement ! ※Non affiché
mst.mission.2210134._detail,Récupérez 20 000 points d’événement. ※Non affiché
mst.mission.2210135._title,Collectez 30 000 points d’événement ! ※Non affiché
mst.mission.2210135._detail,Collectez 30 000 points d’événement.
mst.mission.2310201._title,Obtenez 100 points d’événement.
mst.mission.2310201._detail,Accumulez points d’événement.
mst.mission.2310202._title,Obtenez 1 000 points d’événement.
mst.mission.2310202._detail,Collectez 1000 points d’événement.
mst.mission.2310203._title,Collectez 5000 points d’événement.
mst.mission.2310203._detail,Obtenez 5000 points d’événement.
mst.mission.2310204._title,Collectez 10 000 points d’événement.
mst.mission.2310204._detail,Obtenez 10 000 points d’événement.
mst.mission.2310205._title,Terminez une chanson de l’événement.
mst.mission.2310205._detail,Terminez une chanson de l’événement.
mst.mission.2310206._title,Terminez la chanson de l’événement 3 fois.
mst.mission.2310206._detail,Terminez la chanson de l’événement 3 fois.
mst.mission.2310207._title,Terminez la chanson de l’événement 5 fois.
mst.mission.2310207._detail,Terminez la chanson de l’événement 5 fois.
mst.mission.2210208._title,Live : terminez-le 10 fois
mst.mission.2210208._detail,Terminez 10 Live.
mst.mission.2210209._title,Live : terminez-le 20 fois
mst.mission.2210209._detail,Terminez 20 Lives.
mst.mission.2210210._title,Live : terminez-le 30 fois
mst.mission.2210210._detail,Terminez 30 Lives.
mst.mission.2210211._title,Live : terminez-le 40 fois
mst.mission.2210211._detail,Terminez 40 Lives.
mst.mission.2210212._title,Termes convenus — Termes convenus
mst.mission.2210212._detail,Terminez 50 Lives.
mst.mission.2210213._title,Live : terminez-le 60 fois
mst.mission.2210213._detail,Live : terminez-le 60 fois.
mst.mission.2210214._title,Live : terminez-le 70 fois
mst.mission.2210214._detail,Live : réussissez-le 70 fois.
mst.mission.2210215._title,Terminez 80 Lives
mst.mission.2210215._detail,Terminez 80 Lives.
mst.mission.2210216._title,Live : terminez-le 90 fois
mst.mission.2210216._detail,Terminez 90 Lives.
mst.mission.2210217._title,Terminez 100 Lives
mst.mission.2210217._detail,Terminez 100 Lives.
mst.mission.2210218._title,Terminez 125 Lives
mst.mission.2210218._detail,Terminez 125 Lives.
mst.mission.2210219._title,Terminez 150 Lives
mst.mission.2210219._detail,Terminez 150 Lives.
mst.mission.2210220._title,Terminez 200 Lives
mst.mission.2210220._detail,Terminez 200 Lives.
mst.mission.2210221._title,Live : terminez-le fois
mst.mission.2210221._detail,Terminez 250 Lives.
mst.mission.2210222._title,Terminez 300 Lives
mst.mission.2210222._detail,Terminez 300 Lives.
mst.mission.2210223._title,Terminez 350 Lives
mst.mission.2210223._detail,Terminez 350 Lives.
mst.mission.2210224._title,Terminez 400 Lives
mst.mission.2210224._detail,Terminez 400 Lives.
mst.mission.2210225._title,Terminez 450 Lives
mst.mission.2210225._detail,Terminez 450 Lives.
mst.mission.2210226._title,Terminez 500 Lives
mst.mission.2210226._detail,Terminez 500 Lives.
mst.mission.2210227._title,Faites un full combo sur une chanson d'événement.
mst.mission.2210227._detail,Réussissez un combo parfait sur une chanson d'événement.
mst.mission.2210228._title,Atteignez un score de 50 000 avec la chanson « No brand girls » en difficulté normale ou supérieure.
mst.mission.2210228._detail,Obtenez un score de 50 000 avec la chanson « No brand girls » en difficulté normale ou supérieure.
mst.mission.2210229._title,Atteignez un score de 200 000 avec la chanson « No brand girls » en difficulté HARD ou supérieure.
mst.mission.2210229._detail,Obtenez un score de 200 000 en mode HARD ou supérieur pour la chanson « No brand girls ».
mst.mission.2210230._title,Atteignez un score de 300 000 en mode EXPERT ou supérieur dans la chanson « No brand girls ».
mst.mission.2210230._detail,Obtenez un score de 300 000 en mode EXPERT ou supérieur pour la chanson « No brand girls ».
mst.mission.2210231._title,Connectez-vous à l’événement ※Non affiché
mst.mission.2210231._detail,Connectez-vous à l’événement ! ※Non affiché
mst.mission.2210232._title,Récupérez 5 000 points d’événement ! ※Non affiché
mst.mission.2210232._detail,Récupérez 5 000 points d’événement.
mst.mission.2210233._title,Récupérez 12 000 points d’événement ! (non affiché)
mst.mission.2210233._detail,Récupérez 12 000 points d’événement. ※Non affiché
mst.mission.2210234._title,Récupérez 20 000 points d’événement ! ※Non affiché
mst.mission.2210234._detail,Récupérez 20 000 points d’événement. ※Non affiché
mst.mission.2210235._title,Collectez 30 000 points d’événement ! ※Non affiché
mst.mission.2210235._detail,Collectez 30 000 points d’événement.
mst.mission.2710301._title,Obtenez 100 points d’événement.
mst.mission.2710301._detail,Accumulez points d’événement.
mst.mission.2710302._title,Collectez 4000 points d’événement.
mst.mission.2710302._detail,Obtenez 4000 points d’événement.
mst.mission.2710303._title,Collectez 8 000 points d’événement.
mst.mission.2710303._detail,Obtenez 8 000 points d’événement.
mst.mission.2610304._title,"Réalisez un Full Combo en mode Live, difficulté NORMAL ou supérieure."
mst.mission.2610304._detail,"Obtenez un FULL COMBO en mode Live, difficulté NORMAL ou supérieure."
mst.mission.2610305._title,"Faites 3 Full Combos en mode Live, difficulté NORMAL ou supérieure."
mst.mission.2610305._detail,"Réalisez 3 fois le combo parfait en Live, en difficulté normale ou supérieure."
mst.mission.2610306._title,"Faites 5 Full Combos en Live, niveau NORMAL ou supérieur."
mst.mission.2610306._detail,"Réalisez 5 Full Combos en Live, en difficulté normale ou supérieure."
mst.mission.2610307._title,Obtenez un score de ou plus en Live.
mst.mission.2610307._detail,Obtenez un score de ou plus en Live.
mst.mission.2610308._title,Obtenez un score de ou plus en Live.
mst.mission.2610308._detail,Obtenez un score de plus de 100 000 en Live.
mst.mission.2610309._title,Obtenez plus de 150 000 points en Live.
mst.mission.2610309._detail,Obtenez un score de plus de 150 000 en Live.
mst.mission.2610310._title,Jouez la chanson sélectionnée par la fonction de lecture aléatoire 3 fois.
mst.mission.2610310._detail,Jouez la chanson sélectionnée par la fonction de sélection aléatoire 3 fois.
mst.mission.2610311._title,Jouez la chanson choisie par la sélection aléatoire 5 fois.
mst.mission.2610311._detail,Jouez à la chanson sélectionnée par la fonction de sélection aléatoire 5 fois.
mst.mission.2610312._title,Jouez à la musique sélectionnée par la fonction de lecture aléatoire 10 fois.
mst.mission.2610312._detail,Jouez à la musique sélectionnée par la fonction de sélection aléatoire 10 fois.
mst.mission.2310401._title,Obtenez 100 points d’événement.
mst.mission.2310401._detail,Accumulez points d’événement.
mst.mission.2310402._title,Obtenez 1 000 points d’événement.
mst.mission.2310402._detail,Collectez 1000 points d’événement.
mst.mission.2310403._title,Collectez 5000 points d’événement.
mst.mission.2310403._detail,Obtenez 5000 points d’événement.
mst.mission.2310404._title,Collectez 10 000 points d’événement.
mst.mission.2310404._detail,Obtenez 10 000 points d’événement.
mst.mission.2310405._title,Terminez une chanson de Love Live! Sunshine!!.
mst.mission.2310405._detail,Terminez des morceaux de Love Live! Sunshine!!.
mst.mission.2310406._title,ラブライブ！サンシャイン!!の楽曲を3回クリアしよう
mst.mission.2310406._detail,Terminez la mission 3 fois : Love Live! Sunshine!!.
mst.mission.2310407._title,ラブライブ！サンシャイン!!の楽曲を5回クリアしよう
mst.mission.2310407._detail,Terminez 5 chansons de Love Live! Sunshine!!.
mst.mission.2210408._title,Live : terminez-le 10 fois
mst.mission.2210408._detail,Terminez 10 Live.
mst.mission.2210409._title,Live : terminez-le 20 fois
mst.mission.2210409._detail,Terminez 20 Lives.
mst.mission.2210410._title,Live : terminez-le 30 fois
mst.mission.2210410._detail,Terminez 30 Lives.
mst.mission.2210411._title,Live : terminez-le 40 fois
mst.mission.2210411._detail,Terminez 40 Lives.
mst.mission.2210412._title,Termes convenus — Termes convenus
mst.mission.2210412._detail,Terminez 50 Lives.
mst.mission.2210413._title,Live : terminez-le 60 fois
mst.mission.2210413._detail,Live : terminez-le 60 fois.
mst.mission.2210414._title,Live : terminez-le 70 fois
mst.mission.2210414._detail,Live : réussissez-le 70 fois.
mst.mission.2210415._title,Terminez 80 Lives
mst.mission.2210415._detail,Terminez 80 Lives.
mst.mission.2210416._title,Live : terminez-le 90 fois
mst.mission.2210416._detail,Terminez 90 Lives.
mst.mission.2210417._title,Terminez 100 Lives
mst.mission.2210417._detail,Terminez 100 Lives.
mst.mission.2210418._title,Terminez 125 Lives
mst.mission.2210418._detail,Terminez 125 Lives.
mst.mission.2210419._title,Terminez 150 Lives
mst.mission.2210419._detail,Terminez 150 Lives.
mst.mission.2210420._title,Terminez 200 Lives
mst.mission.2210420._detail,Terminez 200 Lives.
mst.mission.2210421._title,Live : terminez-le fois
mst.mission.2210421._detail,Terminez 250 Lives.
mst.mission.2210422._title,Terminez 300 Lives
mst.mission.2210422._detail,Terminez 300 Lives.
mst.mission.2210423._title,Terminez 350 Lives
mst.mission.2210423._detail,Terminez 350 Lives.
mst.mission.2210424._title,Terminez 400 Lives
mst.mission.2210424._detail,Terminez 400 Lives.
mst.mission.2210425._title,Terminez 450 Lives
mst.mission.2210425._detail,Terminez 450 Lives.
mst.mission.2210426._title,Terminez 500 Lives
mst.mission.2210426._detail,Terminez 500 Lives.
mst.mission.2210427._title,Faites un full combo sur une chanson d'événement.
mst.mission.2210427._detail,Réussissez un combo parfait sur une chanson d'événement.
mst.mission.2210428._title,Atteins un score de 50 000 avec la chanson « Kimino Kokoro wa Kagayaiteru Kai ?» en difficulté normale ou supérieure.
mst.mission.2210428._detail,Obtiens un score de 50 000 avec la chanson « Kimino Kokoro wa Kagayaiteru Kai ?» en difficulté normale ou supérieure.
mst.mission.2210429._title,Atteignez un score de 200 000 avec la chanson « Kimino Kokoro wa Kagayaite Iru Kai ?» en difficulté HARD ou supérieure.
mst.mission.2210429._detail,Obtenez un score de 200 000 dans la chanson « Kimino Kokoro wa Kagayaiteru Kai ? » en difficulté HARD ou supérieure.
mst.mission.2210430._title,Atteignez un score de 300 000 en mode EXPERT ou supérieur pour la chanson « Kimino Kokoro wa Kagayaiteru Kai ? ».
mst.mission.2210430._detail,Obtenez un score de 300 000 en mode EXPERT ou supérieur pour la chanson « Kimino Kokoro wa Kagayaiteru Kai ? ».
mst.mission.2210431._title,Connectez-vous à l’événement ※Non affiché
mst.mission.2210431._detail,Connectez-vous à l’événement ! ※Non affiché
mst.mission.2210432._title,Récupérez 5 000 points d’événement ! ※Non affiché
mst.mission.2210432._detail,Récupérez 5 000 points d’événement.
mst.mission.2210433._title,Récupérez 12 000 points d’événement ! (non affiché)
mst.mission.2210433._detail,Récupérez 12 000 points d’événement. ※Non affiché
mst.mission.2210434._title,Récupérez 20 000 points d’événement ! ※Non affiché
mst.mission.2210434._detail,Récupérez 20 000 points d’événement. ※Non affiché
mst.mission.2210435._title,Collectez 30 000 points d’événement ! ※Non affiché
mst.mission.2210435._detail,Collectez 30 000 points d’événement.
mst.mission.2710501._title,Obtenez 100 points d’événement.
mst.mission.2710501._detail,Accumulez points d’événement.
mst.mission.2710502._title,Collectez 4000 points d’événement.
mst.mission.2710502._detail,Obtenez 4000 points d’événement.
mst.mission.2710503._title,Collectez 8 000 points d’événement.
mst.mission.2710503._detail,Obtenez 8 000 points d’événement.
mst.mission.2610504._title,"Réalisez un Full Combo en mode Live, difficulté NORMAL ou supérieure."
mst.mission.2610504._detail,"Obtenez un FULL COMBO en mode Live, difficulté NORMAL ou supérieure."
mst.mission.2610505._title,"Faites 3 Full Combos en mode Live, difficulté NORMAL ou supérieure."
mst.mission.2610505._detail,"Réalisez 3 fois le combo parfait en Live, en difficulté normale ou supérieure."
mst.mission.2610506._title,"Faites 5 Full Combos en Live, niveau NORMAL ou supérieur."
mst.mission.2610506._detail,"Réalisez 5 Full Combos en Live, en difficulté normale ou supérieure."
mst.mission.2610507._title,Obtenez un score de ou plus en Live.
mst.mission.2610507._detail,Obtenez un score de ou plus en Live.
mst.mission.2610508._title,Obtenez un score de ou plus en Live.
mst.mission.2610508._detail,Obtenez un score de plus de 100 000 en Live.
mst.mission.2610509._title,Obtenez plus de 150 000 points en Live.
mst.mission.2610509._detail,Obtenez un score de plus de 150 000 en Live.
mst.mission.2610510._title,Jouez la chanson sélectionnée par la fonction de lecture aléatoire 3 fois.
mst.mission.2610510._detail,Jouez la chanson sélectionnée par la fonction de sélection aléatoire 3 fois.
mst.mission.2610511._title,Jouez la chanson choisie par la sélection aléatoire 5 fois.
mst.mission.2610511._detail,Jouez à la chanson sélectionnée par la fonction de sélection aléatoire 5 fois.
mst.mission.2610512._title,Jouez à la musique sélectionnée par la fonction de lecture aléatoire 10 fois.
mst.mission.2610512._detail,Jouez à la musique sélectionnée par la fonction de sélection aléatoire 10 fois.
mst.mission.2310601._title,Obtenez 100 points d’événement.
mst.mission.2310601._detail,Accumulez points d’événement.
mst.mission.2310602._title,Obtenez 1 000 points d’événement.
mst.mission.2310602._detail,Collectez 1000 points d’événement.
mst.mission.2310603._title,Collectez 5000 points d’événement.
mst.mission.2310603._detail,Obtenez 5000 points d’événement.
mst.mission.2310604._title,Collectez 10 000 points d’événement.
mst.mission.2310604._detail,Obtenez 10 000 points d’événement.
mst.mission.2310605._title,Terminez une chanson de Love Live! Nijigasaki Gakuen School Idol Club.
mst.mission.2310605._detail,Terminez les morceaux de Love Live! Nijigasaki Gakuen School Idol Club.
mst.mission.2310606._title,Terminez la chanson de Love Live! Nijigasaki School Idol Club 3 fois.
mst.mission.2310606._detail,Terminez la chanson de Love Live! Nijigasaki Gakuen School Idol Club 3 fois.
mst.mission.2310607._title,Terminez la chanson de Love Live! Nijigasaki Gakuen School Idol Club 5 fois.
mst.mission.2310607._detail,Termes acceptés : utilisez toujours « Cool » pour traduire « クール ».
mst.mission.2210608._title,Live : terminez-le 10 fois
mst.mission.2210608._detail,Terminez 10 Live.
mst.mission.2210609._title,Live : terminez-le 20 fois
mst.mission.2210609._detail,Terminez 20 Lives.
mst.mission.2210610._title,Live : terminez-le 30 fois
mst.mission.2210610._detail,Terminez 30 Lives.
mst.mission.2210611._title,Live : terminez-le 40 fois
mst.mission.2210611._detail,Terminez 40 Lives.
mst.mission.2210612._title,Termes convenus — Termes convenus
mst.mission.2210612._detail,Terminez 50 Lives.
mst.mission.2210613._title,Live : terminez-le 60 fois
mst.mission.2210613._detail,Live : terminez-le 60 fois.
mst.mission.2210614._title,Live : terminez-le 70 fois
mst.mission.2210614._detail,Live : réussissez-le 70 fois.
mst.mission.2210615._title,Terminez 80 Lives
mst.mission.2210615._detail,Terminez 80 Lives.
mst.mission.2210616._title,Live : terminez-le 90 fois
mst.mission.2210616._detail,Terminez 90 Lives.
mst.mission.2210617._title,Terminez 100 Lives
mst.mission.2210617._detail,Terminez 100 Lives.
mst.mission.2210618._title,Terminez 125 Lives
mst.mission.2210618._detail,Terminez 125 Lives.
mst.mission.2210619._title,Terminez 150 Lives
mst.mission.2210619._detail,Terminez 150 Lives.
mst.mission.2210620._title,Terminez 200 Lives
mst.mission.2210620._detail,Terminez 200 Lives.
mst.mission.2210621._title,Live : terminez-le fois
mst.mission.2210621._detail,Terminez 250 Lives.
mst.mission.2210622._title,Terminez 300 Lives
mst.mission.2210622._detail,Terminez 300 Lives.
mst.mission.2210623._title,Terminez 350 Lives
mst.mission.2210623._detail,Terminez 350 Lives.
mst.mission.2210624._title,Terminez 400 Lives
mst.mission.2210624._detail,Terminez 400 Lives.
mst.mission.2210625._title,Terminez 450 Lives
mst.mission.2210625._detail,Terminez 450 Lives.
mst.mission.2210626._title,Terminez 500 Lives
mst.mission.2210626._detail,Terminez 500 Lives.
mst.mission.2210627._title,Faites un full combo sur une chanson d'événement.
mst.mission.2210627._detail,Réussissez un combo parfait sur une chanson d'événement.
mst.mission.2210628._title,Atteignez un score de 50 000 avec la chanson « Just Believe!!! (version à 12 membres) » en difficulté normale ou supérieure.
mst.mission.2210628._detail,Obtenez un score de 50 000 avec la chanson « Just Believe!!! (version à 12 membres) » en difficulté normale ou supérieure.
mst.mission.2210629._title,Obtenez un score de 200 000 en difficulté HARD ou supérieure dans la chanson « Just Believe!!! (version à 12 membres) ».
mst.mission.2210629._detail,Obtenez un score de 200 000 à la chanson « Just Believe!!! (version à 12 personnes) » en difficulté HARD ou supérieure.
mst.mission.2210630._title,Atteignez un score de 300 000 en mode EXPERT ou supérieur pour la chanson « Just Believe!!! (version à 12 membres) ».
mst.mission.2210630._detail,Obtenez un score de 300 000 en mode EXPERT ou supérieur pour la chanson « Just Believe!!! (12 personnes) ».
mst.mission.2210631._title,Connectez-vous à l’événement ※Non affiché
mst.mission.2210631._detail,Connectez-vous à l’événement ! ※Non affiché
mst.mission.2210632._title,Récupérez 5 000 points d’événement ! ※Non affiché
mst.mission.2210632._detail,Récupérez 5 000 points d’événement.
mst.mission.2210633._title,Récupérez 12 000 points d’événement ! (non affiché)
mst.mission.2210633._detail,Récupérez 12 000 points d’événement. ※Non affiché
mst.mission.2210634._title,Récupérez 20 000 points d’événement ! ※Non affiché
mst.mission.2210634._detail,Récupérez 20 000 points d’événement. ※Non affiché
mst.mission.2210635._title,Collectez 30 000 points d’événement ! ※Non affiché
mst.mission.2210635._detail,Collectez 30 000 points d’événement.
mst.mission.2710701._title,Obtenez 100 points d’événement.
mst.mission.2710701._detail,Accumulez points d’événement.
mst.mission.2710702._title,Collectez 4000 points d’événement.
mst.mission.2710702._detail,Obtenez 4000 points d’événement.
mst.mission.2710703._title,Collectez 8 000 points d’événement.
mst.mission.2710703._detail,Obtenez 8 000 points d’événement.
mst.mission.2610704._title,"Réalisez un Full Combo en mode Live, difficulté NORMAL ou supérieure."
mst.mission.2610704._detail,"Obtenez un FULL COMBO en mode Live, difficulté NORMAL ou supérieure."
mst.mission.2610705._title,"Faites 3 Full Combos en mode Live, difficulté NORMAL ou supérieure."
mst.mission.2610705._detail,"Réalisez 3 fois le combo parfait en Live, en difficulté normale ou supérieure."
mst.mission.2610706._title,"Faites 5 Full Combos en Live, niveau NORMAL ou supérieur."
mst.mission.2610706._detail,"Réalisez 5 Full Combos en Live, en difficulté normale ou supérieure."
mst.mission.2610707._title,Obtenez un score de ou plus en Live.
mst.mission.2610707._detail,Obtenez un score de ou plus en Live.
mst.mission.2610708._title,Obtenez un score de ou plus en Live.
mst.mission.2610708._detail,Obtenez un score de plus de 100 000 en Live.
mst.mission.2610709._title,Obtenez plus de 150 000 points en Live.
mst.mission.2610709._detail,Obtenez un score de plus de 150 000 en Live.
mst.mission.2610710._title,Jouez la chanson sélectionnée par la fonction de lecture aléatoire 3 fois.
mst.mission.2610710._detail,Jouez la chanson sélectionnée par la fonction de sélection aléatoire 3 fois.
mst.mission.2610711._title,Jouez la chanson choisie par la sélection aléatoire 5 fois.
mst.mission.2610711._detail,Jouez à la chanson sélectionnée par la fonction de sélection aléatoire 5 fois.
mst.mission.2610712._title,Jouez à la musique sélectionnée par la fonction de lecture aléatoire 10 fois.
mst.mission.2610712._detail,Jouez à la musique sélectionnée par la fonction de sélection aléatoire 10 fois.
mst.mission.2610713._title,Live : terminez-le 10 fois
mst.mission.2610713._detail,Terminez 10 Live.
mst.mission.2610714._title,Termes acceptés — Effectuez 15 Lives.
mst.mission.2610714._detail,Terminez 15 Live.
mst.mission.2610715._title,Live : terminez-le 20 fois
mst.mission.2610715._detail,Terminez 20 Lives.
mst.mission.2610716._title,Terminez 25 Lives
mst.mission.2610716._detail,Terminez 25 Lives.
mst.mission.2610717._title,Live : terminez-le 30 fois
mst.mission.2610717._detail,Terminez 30 Lives.
mst.mission.2610718._title,Terminez 35 Lives
mst.mission.2610718._detail,Terminez 35 Lives.
mst.mission.2610719._title,Live : terminez-le 40 fois
mst.mission.2610719._detail,Terminez 40 Lives.
mst.mission.2610720._title,Terminez 45 Lives
mst.mission.2610720._detail,Terminez 45 Lives.
mst.mission.2610721._title,Termes convenus — Termes convenus
mst.mission.2610721._detail,Terminez 50 Lives.
mst.mission.2310901._title,Obtenez 100 points d’événement.
mst.mission.2310901._detail,Accumulez points d’événement.
mst.mission.2310902._title,Obtenez 1 000 points d’événement.
mst.mission.2310902._detail,Collectez 1000 points d’événement.
mst.mission.2310903._title,Collectez 5000 points d’événement.
mst.mission.2310903._detail,Obtenez 5000 points d’événement.
mst.mission.2310904._title,Collectez 10 000 points d’événement.
mst.mission.2310904._detail,Obtenez 10 000 points d’événement.
mst.mission.2310905._title,Terminez une chanson de Love Live! Superstar!!.
mst.mission.2310905._detail,Terminez des morceaux de Love Live! Superstar!!.
mst.mission.2310906._title,Termes acceptés
mst.mission.2310906._detail,Termes de la mission : Terminez 3 chansons de Love Live! Superstar!!.
mst.mission.2310907._title,ラブライブ！スーパースター!!の楽曲を5回クリアしよう
mst.mission.2310907._detail,Terminez 5 chansons de Love Live! Superstar!!.
mst.mission.2210908._title,Live : terminez-le 10 fois
mst.mission.2210908._detail,Terminez 10 Live.
mst.mission.2210909._title,Live : terminez-le 20 fois
mst.mission.2210909._detail,Terminez 20 Lives.
mst.mission.2210910._title,Live : terminez-le 30 fois
mst.mission.2210910._detail,Terminez 30 Lives.
mst.mission.2210911._title,Live : terminez-le 40 fois
mst.mission.2210911._detail,Terminez 40 Lives.
mst.mission.2210912._title,Termes convenus — Termes convenus
mst.mission.2210912._detail,Terminez 50 Lives.
mst.mission.2210913._title,Live : terminez-le 60 fois
mst.mission.2210913._detail,Live : terminez-le 60 fois.
mst.mission.2210914._title,Live : terminez-le 70 fois
mst.mission.2210914._detail,Live : réussissez-le 70 fois.
mst.mission.2210915._title,Terminez 80 Lives
mst.mission.2210915._detail,Terminez 80 Lives.
mst.mission.2210916._title,Live : terminez-le 90 fois
mst.mission.2210916._detail,Terminez 90 Lives.
mst.mission.2210917._title,Terminez 100 Lives
mst.mission.2210917._detail,Terminez 100 Lives.
mst.mission.2210918._title,Terminez 125 Lives
mst.mission.2210918._detail,Terminez 125 Lives.
mst.mission.2210919._title,Terminez 150 Lives
mst.mission.2210919._detail,Terminez 150 Lives.
mst.mission.2210920._title,Terminez 200 Lives
mst.mission.2210920._detail,Terminez 200 Lives.
mst.mission.2210921._title,Live : terminez-le fois
mst.mission.2210921._detail,Terminez 250 Lives.
mst.mission.2210922._title,Terminez 300 Lives
mst.mission.2210922._detail,Terminez 300 Lives.
mst.mission.2210923._title,Terminez 350 Lives
mst.mission.2210923._detail,Terminez 350 Lives.
mst.mission.2210924._title,Terminez 400 Lives
mst.mission.2210924._detail,Terminez 400 Lives.
mst.mission.2210925._title,Terminez 450 Lives
mst.mission.2210925._detail,Terminez 450 Lives.
mst.mission.2210926._title,Terminez 500 Lives
mst.mission.2210926._detail,Terminez 500 Lives.
mst.mission.2210927._title,Faites un full combo sur une chanson d'événement.
mst.mission.2210927._detail,Réussissez un combo parfait sur une chanson d'événement.
mst.mission.2210928._title,Atteindre un score de 50 000 avec la chanson « WE WILL‼ » en difficulté normale ou supérieure.
mst.mission.2210928._detail,Obtenez un score de 50 000 avec la chanson « WE WILL‼ » en difficulté normale ou supérieure.
mst.mission.2210929._title,Obtenez un score de 200 000 en mode DIFFICILE ou supérieur dans la chanson « WE WILL‼ ».
mst.mission.2210929._detail,Obtenez un score de 200 000 en mode DIFFICILE ou supérieur dans la chanson « WE WILL‼ ».
mst.mission.2210930._title,Obtenez un score de 300 000 en mode EXPERT ou supérieur pour la chanson « WE WILL‼ ».
mst.mission.2210930._detail,Obtenez un score de 300 000 points avec la chanson « WE WILL‼ » en difficulté EXPERT ou supérieure.
mst.mission.2210931._title,Connectez-vous à l’événement ※Non affiché
mst.mission.2210931._detail,Connectez-vous à l’événement ! ※Non affiché
mst.mission.2210932._title,Récupérez 5 000 points d’événement ! ※Non affiché
mst.mission.2210932._detail,Récupérez 5 000 points d’événement.
mst.mission.2210933._title,Récupérez 12 000 points d’événement ! (non affiché)
mst.mission.2210933._detail,Récupérez 12 000 points d’événement. ※Non affiché
mst.mission.2210934._title,Récupérez 20 000 points d’événement ! ※Non affiché
mst.mission.2210934._detail,Récupérez 20 000 points d’événement. ※Non affiché
mst.mission.2210935._title,Collectez 30 000 points d’événement ! ※Non affiché
mst.mission.2210935._detail,Collectez 30 000 points d’événement.
mst.mission.2711001._title,Obtenez 100 points d’événement.
mst.mission.2711001._detail,Accumulez points d’événement.
mst.mission.2711002._title,Collectez 4000 points d’événement.
mst.mission.2711002._detail,Obtenez 4000 points d’événement.
mst.mission.2711003._title,Collectez 8 000 points d’événement.
mst.mission.2711003._detail,Obtenez 8 000 points d’événement.
mst.mission.2611004._title,"Réalisez un Full Combo en mode Live, difficulté NORMAL ou supérieure."
mst.mission.2611004._detail,"Obtenez un FULL COMBO en mode Live, difficulté NORMAL ou supérieure."
mst.mission.2611005._title,"Faites 3 Full Combos en mode Live, difficulté NORMAL ou supérieure."
mst.mission.2611005._detail,"Réalisez 3 fois le combo parfait en Live, en difficulté normale ou supérieure."
mst.mission.2611006._title,"Faites 5 Full Combos en Live, niveau NORMAL ou supérieur."
mst.mission.2611006._detail,"Réalisez 5 Full Combos en Live, en difficulté normale ou supérieure."
mst.mission.2611007._title,Obtenez un score de ou plus en Live.
mst.mission.2611007._detail,Obtenez un score de ou plus en Live.
mst.mission.2611008._title,Obtenez un score de ou plus en Live.
mst.mission.2611008._detail,Obtenez un score de plus de 100 000 en Live.
mst.mission.2611009._title,Obtenez plus de 150 000 points en Live.
mst.mission.2611009._detail,Obtenez un score de plus de 150 000 en Live.
mst.mission.2611010._title,Jouez la chanson sélectionnée par la fonction de lecture aléatoire 3 fois.
mst.mission.2611010._detail,Jouez la chanson sélectionnée par la fonction de sélection aléatoire 3 fois.
mst.mission.2611011._title,Jouez la chanson choisie par la sélection aléatoire 5 fois.
mst.mission.2611011._detail,Jouez à la chanson sélectionnée par la fonction de sélection aléatoire 5 fois.
mst.mission.2611012._title,Jouez à la musique sélectionnée par la fonction de lecture aléatoire 10 fois.
mst.mission.2611012._detail,Jouez à la musique sélectionnée par la fonction de sélection aléatoire 10 fois.
mst.mission.2511101._title,Collectez 150 points d’événement.
mst.mission.2511101._detail,Accumulez 150 points d’événement.
mst.mission.2511102._title,Collectez 1 500 points d’événement.
mst.mission.2511102._detail,Obtenez 1500 points d’événement.
mst.mission.2511103._title,Collectez 7500 points d’événement.
mst.mission.2511103._detail,Obtenez 7500 points d’événement.
mst.mission.2511104._title,Collectez 15 000 points d’événement.
mst.mission.2511104._detail,Obtenez 15 000 points d’événement.
mst.mission.2511105._title,Terminez un Live en coopération en tant que Membre d'aide.
mst.mission.2511105._detail,Terminez un Live coopératif en tant que Membre d'assistance.
mst.mission.2511106._title,Terminez 3 fois un Live coopératif en tant que Membre d'aide.
mst.mission.2511106._detail,Terminez 3 fois un Live en coopération en tant que Membre d'assistance.
mst.mission.2511107._title,Terminez 5 Lives en coopération en tant que membre d’aide.
mst.mission.2511107._detail,Terminez 5 Lives en coopération en tant que Membre d'assistance.
mst.mission.2411108._title,Terminez 7 Lives en coopération en tant que Membre d'aide.
mst.mission.2411108._detail,Terminez 7 Lives en coopération en tant que Membre d’aide.
mst.mission.2411109._title,Terminez 10 Lives en coopération en tant que Membre d'aide.
mst.mission.2411109._detail,Terminez 10 Lives en coopération en tant que Membre d'assistance.
mst.mission.2411110._title,Terminez 20 Lives en coopération en tant que Membre d'aide.
mst.mission.2411110._detail,Terminez 20 Lives en coopération en tant que Membre d'assistance.
mst.mission.2411111._title,Terminez 30 Lives en coopération en tant que Membre d'aide.
mst.mission.2411111._detail,Terminez 30 Lives en coopération en tant que Membre d'assistance.
mst.mission.2411112._title,Live : terminez-le 10 fois
mst.mission.2411112._detail,Terminez 10 Live.
mst.mission.2411113._title,Live : terminez-le 20 fois
mst.mission.2411113._detail,Terminez 20 Lives.
mst.mission.2411114._title,Live : terminez-le 30 fois
mst.mission.2411114._detail,Terminez 30 Lives.
mst.mission.2411115._title,Live : terminez-le 40 fois
mst.mission.2411115._detail,Terminez 40 Lives.
mst.mission.2411116._title,Termes convenus — Termes convenus
mst.mission.2411116._detail,Terminez 50 Lives.
mst.mission.2411117._title,Live : terminez-le 60 fois
mst.mission.2411117._detail,Live : terminez-le 60 fois.
mst.mission.2411118._title,Live : terminez-le 70 fois
mst.mission.2411118._detail,Live : réussissez-le 70 fois.
mst.mission.2411119._title,Terminez 80 Lives
mst.mission.2411119._detail,Terminez 80 Lives.
mst.mission.2411120._title,Live : terminez-le 90 fois
mst.mission.2411120._detail,Terminez 90 Lives.
mst.mission.2411121._title,Terminez 100 Lives
mst.mission.2411121._detail,Terminez 100 Lives.
mst.mission.2411122._title,Obtenez 5 fois une place dans les 3 premiers en mode Live coopératif
mst.mission.2411122._detail,Obtenez 5 fois une place dans les 3 premiers en mode Live coopératif.
mst.mission.2411123._title,Obtenez 2e place ou plus 3 fois en Live coopératif
mst.mission.2411123._detail,Obtenez au moins la 2e place en Live coopératif 3 fois.
mst.mission.2411124._title,Visez la première place en Live coopératif
mst.mission.2411124._detail,Obtenez la première place au moins une fois en Live coopératif.
mst.mission.2411125._title,Termes acceptés : terminez un Live coopératif avec au moins 4 joueurs.
mst.mission.2411125._detail,Termes : Terminez un Live coopératif avec au moins 4 joueurs.
mst.mission.2411126._title,Termes acceptés — Effectuez le Live coopératif 3 fois avec au moins 4 joueurs.
mst.mission.2411126._detail,"Termes : termez un Live coopératif avec au moins 4 joueurs, et réussissez-le 3 fois."
mst.mission.2411127._title,Termes de l’accord : terminez le Live coopératif fois avec au moins 4 joueurs.
mst.mission.2411127._detail,Terminez cinq Lives coopératifs avec au moins quatre joueurs.
mst.mission.2411128._title,Termes acceptés : terminez le Live coopératif 10 fois avec au moins 4 joueurs.
mst.mission.2411128._detail,Termes : termez un Live coopératif avec au moins 4 personnes et réussissez-le 10 fois.
mst.mission.2411129._title,Termes acceptés : terminez le Live coopératif fois avec au moins 4 joueurs.
mst.mission.2411129._detail,Termes : termez un Live coopératif avec au moins 4 personnes et réussissez-le 20 fois.
mst.mission.2411130._title,Termes acceptés : terminez 30 fois un Live coopératif avec au moins 4 joueurs.
mst.mission.2411130._detail,Termes : termez 30 fois un Live coopératif avec au moins 4 personnes.
mst.mission.2711201._title,Obtenez 100 points d’événement.
mst.mission.2711201._detail,Accumulez points d’événement.
mst.mission.2711202._title,Collectez 4000 points d’événement.
mst.mission.2711202._detail,Obtenez 4000 points d’événement.
mst.mission.2711203._title,Collectez 8 000 points d’événement.
mst.mission.2711203._detail,Obtenez 8 000 points d’événement.
mst.mission.2611204._title,"Réalisez un Full Combo en mode Live, difficulté NORMAL ou supérieure."
mst.mission.2611204._detail,"Obtenez un FULL COMBO en mode Live, difficulté NORMAL ou supérieure."
mst.mission.2611205._title,"Faites 3 Full Combos en mode Live, difficulté NORMAL ou supérieure."
mst.mission.2611205._detail,"Réalisez 3 fois le combo parfait en Live, en difficulté normale ou supérieure."
mst.mission.2611206._title,"Faites 5 Full Combos en Live, niveau NORMAL ou supérieur."
mst.mission.2611206._detail,"Réalisez 5 Full Combos en Live, en difficulté normale ou supérieure."
mst.mission.2611207._title,Obtenez un score de ou plus en Live.
mst.mission.2611207._detail,Obtenez un score de ou plus en Live.
mst.mission.2611208._title,Obtenez un score de ou plus en Live.
mst.mission.2611208._detail,Obtenez un score de plus de 100 000 en Live.
mst.mission.2611209._title,Obtenez plus de 150 000 points en Live.
mst.mission.2611209._detail,Obtenez un score de plus de 150 000 en Live.
mst.mission.2611210._title,Jouez la chanson sélectionnée par la fonction de lecture aléatoire 3 fois.
mst.mission.2611210._detail,Jouez la chanson sélectionnée par la fonction de sélection aléatoire 3 fois.
mst.mission.2611211._title,Jouez la chanson choisie par la sélection aléatoire 5 fois.
mst.mission.2611211._detail,Jouez à la chanson sélectionnée par la fonction de sélection aléatoire 5 fois.
mst.mission.2611212._title,Jouez à la musique sélectionnée par la fonction de lecture aléatoire 10 fois.
mst.mission.2611212._detail,Jouez à la musique sélectionnée par la fonction de sélection aléatoire 10 fois.
mst.mission.2510801._title,Collectez 150 points d’événement.
mst.mission.2510801._detail,Accumulez 150 points d’événement.
mst.mission.2510802._title,Collectez 1 500 points d’événement.
mst.mission.2510802._detail,Obtenez 1500 points d’événement.
mst.mission.2510803._title,Collectez 7500 points d’événement.
mst.mission.2510803._detail,Obtenez 7500 points d’événement.
mst.mission.2510804._title,Collectez 15 000 points d’événement.
mst.mission.2510804._detail,Obtenez 15 000 points d’événement.
mst.mission.2510805._title,Terminez un Live en coopération en tant que Membre d'aide.
mst.mission.2510805._detail,Terminez un Live coopératif en tant que Membre d'assistance.
mst.mission.2510806._title,Terminez 3 fois un Live coopératif en tant que Membre d'aide.
mst.mission.2510806._detail,Terminez 3 fois un Live en coopération en tant que Membre d'assistance.
mst.mission.2510807._title,Terminez 5 Lives en coopération en tant que membre d’aide.
mst.mission.2510807._detail,Terminez 5 Lives en coopération en tant que Membre d'assistance.
mst.mission.2410808._title,Terminez 7 Lives en coopération en tant que Membre d'aide.
mst.mission.2410808._detail,Terminez 7 Lives en coopération en tant que Membre d’aide.
mst.mission.2410809._title,Terminez 10 Lives en coopération en tant que Membre d'aide.
mst.mission.2410809._detail,Terminez 10 Lives en coopération en tant que Membre d'assistance.
mst.mission.2410810._title,Terminez 20 Lives en coopération en tant que Membre d'aide.
mst.mission.2410810._detail,Terminez 20 Lives en coopération en tant que Membre d'assistance.
mst.mission.2410811._title,Terminez 30 Lives en coopération en tant que Membre d'aide.
mst.mission.2410811._detail,Terminez 30 Lives en coopération en tant que Membre d'assistance.
mst.mission.2410812._title,Live : terminez-le 10 fois
mst.mission.2410812._detail,Terminez 10 Live.
mst.mission.2410813._title,Live : terminez-le 20 fois
mst.mission.2410813._detail,Terminez 20 Lives.
mst.mission.2410814._title,Live : terminez-le 30 fois
mst.mission.2410814._detail,Terminez 30 Lives.
mst.mission.2410815._title,Live : terminez-le 40 fois
mst.mission.2410815._detail,Terminez 40 Lives.
mst.mission.2410816._title,Termes convenus — Termes convenus
mst.mission.2410816._detail,Terminez 50 Lives.
mst.mission.2410817._title,Live : terminez-le 60 fois
mst.mission.2410817._detail,Live : terminez-le 60 fois.
mst.mission.2410818._title,Live : terminez-le 70 fois
mst.mission.2410818._detail,Live : réussissez-le 70 fois.
mst.mission.2410819._title,Terminez 80 Lives
mst.mission.2410819._detail,Terminez 80 Lives.
mst.mission.2410820._title,Live : terminez-le 90 fois
mst.mission.2410820._detail,Terminez 90 Lives.
mst.mission.2410821._title,Terminez 100 Lives
mst.mission.2410821._detail,Terminez 100 Lives.
mst.mission.2410822._title,Obtenez 5 fois une place dans les 3 premiers en mode Live coopératif
mst.mission.2410822._detail,Obtenez 5 fois une place dans les 3 premiers en mode Live coopératif.
mst.mission.2410823._title,Obtenez 2e place ou plus 3 fois en Live coopératif
mst.mission.2410823._detail,Obtenez au moins la 2e place en Live coopératif 3 fois.
mst.mission.2410824._title,Visez la première place en Live coopératif
mst.mission.2410824._detail,Obtenez la première place au moins une fois en Live coopératif.
mst.mission.2410825._title,Termes acceptés : terminez un Live coopératif avec au moins 4 joueurs.
mst.mission.2410825._detail,Termes : Terminez un Live coopératif avec au moins 4 joueurs.
mst.mission.2410826._title,Termes acceptés — Effectuez le Live coopératif 3 fois avec au moins 4 joueurs.
mst.mission.2410826._detail,"Termes : termez un Live coopératif avec au moins 4 joueurs, et réussissez-le 3 fois."
mst.mission.2410827._title,Termes de l’accord : terminez le Live coopératif fois avec au moins 4 joueurs.
mst.mission.2410827._detail,Terminez cinq Lives coopératifs avec au moins quatre joueurs.
mst.mission.2410828._title,Termes acceptés : terminez le Live coopératif 10 fois avec au moins 4 joueurs.
mst.mission.2410828._detail,Termes : termez un Live coopératif avec au moins 4 personnes et réussissez-le 10 fois.
mst.mission.2410829._title,Termes acceptés : terminez le Live coopératif fois avec au moins 4 joueurs.
mst.mission.2410829._detail,Termes : termez un Live coopératif avec au moins 4 personnes et réussissez-le 20 fois.
mst.mission.2410830._title,Termes acceptés : terminez 30 fois un Live coopératif avec au moins 4 joueurs.
mst.mission.2410830._detail,Termes : termez 30 fois un Live coopératif avec au moins 4 personnes.
mst.mission.2311301._title,Obtenez 100 points d’événement.
mst.mission.2311301._detail,Accumulez points d’événement.
mst.mission.2311302._title,Obtenez 1 000 points d’événement.
mst.mission.2311302._detail,Collectez 1000 points d’événement.
mst.mission.2311303._title,Collectez 5000 points d’événement.
mst.mission.2311303._detail,Obtenez 5000 points d’événement.
mst.mission.2311304._title,Collectez 10 000 points d’événement.
mst.mission.2311304._detail,Obtenez 10 000 points d’événement.
mst.mission.2311305._title,Terminez des morceaux de Love Live !
mst.mission.2311305._detail,Terminez des morceaux de Love Live !
mst.mission.2311306._title,Termes acceptés
mst.mission.2311306._detail,Terminez la mission 3 fois : des chansons de Love Live !
mst.mission.2311307._title,Termes acceptés — Termes convenus
mst.mission.2311307._detail,Terminez 5 morceaux de Love Live !
mst.mission.2211308._title,Live : terminez-le 10 fois
mst.mission.2211308._detail,Terminez 10 Live.
mst.mission.2211309._title,Live : terminez-le 20 fois
mst.mission.2211309._detail,Terminez 20 Lives.
mst.mission.2211310._title,Live : terminez-le 30 fois
mst.mission.2211310._detail,Terminez 30 Lives.
mst.mission.2211311._title,Live : terminez-le 40 fois
mst.mission.2211311._detail,Terminez 40 Lives.
mst.mission.2211312._title,Termes convenus — Termes convenus
mst.mission.2211312._detail,Terminez 50 Lives.
mst.mission.2211313._title,Live : terminez-le 60 fois
mst.mission.2211313._detail,Live : terminez-le 60 fois.
mst.mission.2211314._title,Live : terminez-le 70 fois
mst.mission.2211314._detail,Live : réussissez-le 70 fois.
mst.mission.2211315._title,Terminez 80 Lives
mst.mission.2211315._detail,Terminez 80 Lives.
mst.mission.2211316._title,Live : terminez-le 90 fois
mst.mission.2211316._detail,Terminez 90 Lives.
mst.mission.2211317._title,Terminez 100 Lives
mst.mission.2211317._detail,Terminez 100 Lives.
mst.mission.2211318._title,Terminez 125 Lives
mst.mission.2211318._detail,Terminez 125 Lives.
mst.mission.2211319._title,Terminez 150 Lives
mst.mission.2211319._detail,Terminez 150 Lives.
mst.mission.2211320._title,Terminez 200 Lives
mst.mission.2211320._detail,Terminez 200 Lives.
mst.mission.2211321._title,Live : terminez-le fois
mst.mission.2211321._detail,Terminez 250 Lives.
mst.mission.2211322._title,Terminez 300 Lives
mst.mission.2211322._detail,Terminez 300 Lives.
mst.mission.2211323._title,Terminez 350 Lives
mst.mission.2211323._detail,Terminez 350 Lives.
mst.mission.2211324._title,Terminez 400 Lives
mst.mission.2211324._detail,Terminez 400 Lives.
mst.mission.2211325._title,Terminez 450 Lives
mst.mission.2211325._detail,Terminez 450 Lives.
mst.mission.2211326._title,Terminez 500 Lives
mst.mission.2211326._detail,Terminez 500 Lives.
mst.mission.2211327._title,Faites un full combo sur une chanson d'événement.
mst.mission.2211327._detail,Réussissez un combo parfait sur une chanson d'événement.
mst.mission.2211328._title,"Atteignez un score de 50 000 avec la chanson « Natsuiro Egao de 1, 2, Jump ! » en difficulté normale ou supérieure."
mst.mission.2211328._detail,"Obtenez un score de 50 000 avec la chanson « Natsuiro Egao de 1, 2, Jump ! » en difficulté normale ou supérieure."
mst.mission.2211329._title,"Obtenez un score de 200 000 en difficulté HARD ou supérieure dans la chanson « Natsuiro Egao de 1, 2, Jump! »."
mst.mission.2211329._detail,"Obtenez un score de 200 000 avec la chanson « Natsuiro Egao de 1, 2, Jump! » en difficulté HARD ou supérieure."
mst.mission.2211330._title,"Atteignez un score de 300 000 avec la chanson « Natsu Iro Egao de 1, 2, Jump! » en mode EXPERT ou supérieur."
mst.mission.2211330._detail,"Obtenez un score de 300 000 en mode EXPERT ou supérieur pour la chanson « Natsuiro Egao de 1, 2, Jump! »."
mst.mission.2211331._title,Connectez-vous à l’événement ※Non affiché
mst.mission.2211331._detail,Connectez-vous à l’événement ! ※Non affiché
mst.mission.2211332._title,Récupérez 5 000 points d’événement ! ※Non affiché
mst.mission.2211332._detail,Récupérez 5 000 points d’événement.
mst.mission.2211333._title,Récupérez 12 000 points d’événement ! (non affiché)
mst.mission.2211333._detail,Récupérez 12 000 points d’événement. ※Non affiché
mst.mission.2211334._title,Récupérez 20 000 points d’événement ! ※Non affiché
mst.mission.2211334._detail,Récupérez 20 000 points d’événement. ※Non affiché
mst.mission.2211335._title,Collectez 30 000 points d’événement ! ※Non affiché
mst.mission.2211335._detail,Collectez 30 000 points d’événement.
mst.mission.2711401._title,Obtenez 100 points d’événement.
mst.mission.2711401._detail,Accumulez points d’événement.
mst.mission.2711402._title,Collectez 4000 points d’événement.
mst.mission.2711402._detail,Obtenez 4000 points d’événement.
mst.mission.2711403._title,Collectez 8 000 points d’événement.
mst.mission.2711403._detail,Obtenez 8 000 points d’événement.
mst.mission.2611404._title,"Réalisez un Full Combo en mode Live, difficulté NORMAL ou supérieure."
mst.mission.2611404._detail,"Obtenez un FULL COMBO en mode Live, difficulté NORMAL ou supérieure."
mst.mission.2611405._title,"Faites 3 Full Combos en mode Live, difficulté NORMAL ou supérieure."
mst.mission.2611405._detail,"Réalisez 3 fois le combo parfait en Live, en difficulté normale ou supérieure."
mst.mission.2611406._title,"Faites 5 Full Combos en Live, niveau NORMAL ou supérieur."
mst.mission.2611406._detail,"Réalisez 5 Full Combos en Live, en difficulté normale ou supérieure."
mst.mission.2611407._title,Obtenez un score de ou plus en Live.
mst.mission.2611407._detail,Obtenez un score de ou plus en Live.
mst.mission.2611408._title,Obtenez un score de ou plus en Live.
mst.mission.2611408._detail,Obtenez un score de plus de 100 000 en Live.
mst.mission.2611409._title,Obtenez plus de 150 000 points en Live.
mst.mission.2611409._detail,Obtenez un score de plus de 150 000 en Live.
mst.mission.2611410._title,Jouez la chanson sélectionnée par la fonction de lecture aléatoire 3 fois.
mst.mission.2611410._detail,Jouez la chanson sélectionnée par la fonction de sélection aléatoire 3 fois.
mst.mission.2611411._title,Jouez la chanson choisie par la sélection aléatoire 5 fois.
mst.mission.2611411._detail,Jouez à la chanson sélectionnée par la fonction de sélection aléatoire 5 fois.
mst.mission.2611412._title,Jouez à la musique sélectionnée par la fonction de lecture aléatoire 10 fois.
mst.mission.2611412._detail,Jouez à la musique sélectionnée par la fonction de sélection aléatoire 10 fois.
mst.mission.2511501._title,Collectez 150 points d’événement.
mst.mission.2511501._detail,Accumulez 150 points d’événement.
mst.mission.2511502._title,Collectez 1 500 points d’événement.
mst.mission.2511502._detail,Obtenez 1500 points d’événement.
mst.mission.2511503._title,Collectez 7500 points d’événement.
mst.mission.2511503._detail,Obtenez 7500 points d’événement.
mst.mission.2511504._title,Collectez 15 000 points d’événement.
mst.mission.2511504._detail,Obtenez 15 000 points d’événement.
mst.mission.2511505._title,Terminez un Live en coopération en tant que Membre d'aide.
mst.mission.2511505._detail,Terminez un Live coopératif en tant que Membre d'assistance.
mst.mission.2511506._title,Terminez 3 fois un Live coopératif en tant que Membre d'aide.
mst.mission.2511506._detail,Terminez 3 fois un Live en coopération en tant que Membre d'assistance.
mst.mission.2511507._title,Terminez 5 Lives en coopération en tant que membre d’aide.
mst.mission.2511507._detail,Terminez 5 Lives en coopération en tant que Membre d'assistance.
mst.mission.2411508._title,Terminez 7 Lives en coopération en tant que Membre d'aide.
mst.mission.2411508._detail,Terminez 7 Lives en coopération en tant que Membre d’aide.
mst.mission.2411509._title,Terminez 10 Lives en coopération en tant que Membre d'aide.
mst.mission.2411509._detail,Terminez 10 Lives en coopération en tant que Membre d'assistance.
mst.mission.2411510._title,Terminez 20 Lives en coopération en tant que Membre d'aide.
mst.mission.2411510._detail,Terminez 20 Lives en coopération en tant que Membre d'assistance.
mst.mission.2411511._title,Terminez 30 Lives en coopération en tant que Membre d'aide.
mst.mission.2411511._detail,Terminez 30 Lives en coopération en tant que Membre d'assistance.
mst.mission.2411512._title,Live : terminez-le 10 fois
mst.mission.2411512._detail,Terminez 10 Live.
mst.mission.2411513._title,Live : terminez-le 20 fois
mst.mission.2411513._detail,Terminez 20 Lives.
mst.mission.2411514._title,Live : terminez-le 30 fois
mst.mission.2411514._detail,Terminez 30 Lives.
mst.mission.2411515._title,Live : terminez-le 40 fois
mst.mission.2411515._detail,Terminez 40 Lives.
mst.mission.2411516._title,Termes convenus — Termes convenus
mst.mission.2411516._detail,Terminez 50 Lives.
mst.mission.2411517._title,Live : terminez-le 60 fois
mst.mission.2411517._detail,Live : terminez-le 60 fois.
mst.mission.2411518._title,Live : terminez-le 70 fois
mst.mission.2411518._detail,Live : réussissez-le 70 fois.
mst.mission.2411519._title,Terminez 80 Lives
mst.mission.2411519._detail,Terminez 80 Lives.
mst.mission.2411520._title,Live : terminez-le 90 fois
mst.mission.2411520._detail,Terminez 90 Lives.
mst.mission.2411521._title,Terminez 100 Lives
mst.mission.2411521._detail,Terminez 100 Lives.
mst.mission.2411522._title,Obtenez 5 fois une place dans les 3 premiers en mode Live coopératif
mst.mission.2411522._detail,Obtenez 5 fois une place dans les 3 premiers en mode Live coopératif.
mst.mission.2411523._title,Obtenez 2e place ou plus 3 fois en Live coopératif
mst.mission.2411523._detail,Obtenez au moins la 2e place en Live coopératif 3 fois.
mst.mission.2411524._title,Visez la première place en Live coopératif
mst.mission.2411524._detail,Obtenez la première place au moins une fois en Live coopératif.
mst.mission.2411525._title,Termes acceptés : terminez un Live coopératif avec au moins 4 joueurs.
mst.mission.2411525._detail,Termes : Terminez un Live coopératif avec au moins 4 joueurs.
mst.mission.2411526._title,Termes acceptés — Effectuez le Live coopératif 3 fois avec au moins 4 joueurs.
mst.mission.2411526._detail,"Termes : termez un Live coopératif avec au moins 4 joueurs, et réussissez-le 3 fois."
mst.mission.2411527._title,Termes de l’accord : terminez le Live coopératif fois avec au moins 4 joueurs.
mst.mission.2411527._detail,Terminez cinq Lives coopératifs avec au moins quatre joueurs.
mst.mission.2411528._title,Termes acceptés : terminez le Live coopératif 10 fois avec au moins 4 joueurs.
mst.mission.2411528._detail,Termes : termez un Live coopératif avec au moins 4 personnes et réussissez-le 10 fois.
mst.mission.2411529._title,Termes acceptés : terminez le Live coopératif fois avec au moins 4 joueurs.
mst.mission.2411529._detail,Termes : termez un Live coopératif avec au moins 4 personnes et réussissez-le 20 fois.
mst.mission.2411530._title,Termes acceptés : terminez 30 fois un Live coopératif avec au moins 4 joueurs.
mst.mission.2411530._detail,Termes : termez 30 fois un Live coopératif avec au moins 4 personnes.
mst.mission.2711601._title,Obtenez 100 points d’événement.
mst.mission.2711601._detail,Accumulez points d’événement.
mst.mission.2711602._title,Collectez 4000 points d’événement.
mst.mission.2711602._detail,Obtenez 4000 points d’événement.
mst.mission.2711603._title,Collectez 8 000 points d’événement.
mst.mission.2711603._detail,Obtenez 8 000 points d’événement.
mst.mission.2611604._title,"Réalisez un Full Combo en mode Live, difficulté NORMAL ou supérieure."
mst.mission.2611604._detail,"Obtenez un FULL COMBO en mode Live, difficulté NORMAL ou supérieure."
mst.mission.2611605._title,"Faites 3 Full Combos en mode Live, difficulté NORMAL ou supérieure."
mst.mission.2611605._detail,"Réalisez 3 fois le combo parfait en Live, en difficulté normale ou supérieure."
mst.mission.2611606._title,"Faites 5 Full Combos en Live, niveau NORMAL ou supérieur."
mst.mission.2611606._detail,"Réalisez 5 Full Combos en Live, en difficulté normale ou supérieure."
mst.mission.2611607._title,Obtenez un score de ou plus en Live.
mst.mission.2611607._detail,Obtenez un score de ou plus en Live.
mst.mission.2611608._title,Obtenez un score de ou plus en Live.
mst.mission.2611608._detail,Obtenez un score de plus de 100 000 en Live.
mst.mission.2611609._title,Obtenez plus de 150 000 points en Live.
mst.mission.2611609._detail,Obtenez un score de plus de 150 000 en Live.
mst.mission.2611610._title,Jouez la chanson sélectionnée par la fonction de lecture aléatoire 3 fois.
mst.mission.2611610._detail,Jouez la chanson sélectionnée par la fonction de sélection aléatoire 3 fois.
mst.mission.2611611._title,Jouez la chanson choisie par la sélection aléatoire 5 fois.
mst.mission.2611611._detail,Jouez à la chanson sélectionnée par la fonction de sélection aléatoire 5 fois.
mst.mission.2611612._title,Jouez à la musique sélectionnée par la fonction de lecture aléatoire 10 fois.
mst.mission.2611612._detail,Jouez à la musique sélectionnée par la fonction de sélection aléatoire 10 fois.
mst.mission.2311701._title,Obtenez 100 points d’événement.
mst.mission.2311701._detail,Accumulez points d’événement.
mst.mission.2311702._title,Collectez 200 points d’événement.
mst.mission.2311702._detail,Obtenez 200 points d’événement.
mst.mission.2311703._title,Obtenez 1 000 points d’événement.
mst.mission.2311703._detail,Collectez 1000 points d’événement.
mst.mission.2311704._title,Collectez 5000 points d’événement.
mst.mission.2311704._detail,Obtenez 5000 points d’événement.
mst.mission.2311705._title,Collectez 10 000 points d’événement.
mst.mission.2311705._detail,Obtenez 10 000 points d’événement.
mst.mission.2311706._title,Terminez une chanson de Love Live! Sunshine!!.
mst.mission.2311706._detail,Terminez des morceaux de Love Live! Sunshine!!.
mst.mission.2311707._title,ラブライブ！サンシャイン!!の楽曲を3回クリアしよう
mst.mission.2311707._detail,Terminez la mission 3 fois : Love Live! Sunshine!!.
mst.mission.2311708._title,ラブライブ！サンシャイン!!の楽曲を5回クリアしよう
mst.mission.2311708._detail,Terminez 5 chansons de Love Live! Sunshine!!.
mst.mission.2211709._title,Live : terminez-le 10 fois
mst.mission.2211709._detail,Terminez 10 Live.
mst.mission.2211710._title,Live : terminez-le 20 fois
mst.mission.2211710._detail,Terminez 20 Lives.
mst.mission.2211711._title,Live : terminez-le 30 fois
mst.mission.2211711._detail,Terminez 30 Lives.
mst.mission.2211712._title,Live : terminez-le 40 fois
mst.mission.2211712._detail,Terminez 40 Lives.
mst.mission.2211713._title,Termes convenus — Termes convenus
mst.mission.2211713._detail,Terminez 50 Lives.
mst.mission.2211714._title,Live : terminez-le 60 fois
mst.mission.2211714._detail,Live : terminez-le 60 fois.
mst.mission.2211715._title,Live : terminez-le 70 fois
mst.mission.2211715._detail,Live : réussissez-le 70 fois.
mst.mission.2211716._title,Terminez 80 Lives
mst.mission.2211716._detail,Terminez 80 Lives.
mst.mission.2211717._title,Live : terminez-le 90 fois
mst.mission.2211717._detail,Terminez 90 Lives.
mst.mission.2211718._title,Terminez 100 Lives
mst.mission.2211718._detail,Terminez 100 Lives.
mst.mission.2211719._title,Terminez 125 Lives
mst.mission.2211719._detail,Terminez 125 Lives.
mst.mission.2211720._title,Terminez 150 Lives
mst.mission.2211720._detail,Terminez 150 Lives.
mst.mission.2211721._title,Terminez 200 Lives
mst.mission.2211721._detail,Terminez 200 Lives.
mst.mission.2211722._title,Live : terminez-le fois
mst.mission.2211722._detail,Terminez 250 Lives.
mst.mission.2211723._title,Terminez 300 Lives
mst.mission.2211723._detail,Terminez 300 Lives.
mst.mission.2211724._title,Terminez 350 Lives
mst.mission.2211724._detail,Terminez 350 Lives.
mst.mission.2211725._title,Terminez 400 Lives
mst.mission.2211725._detail,Terminez 400 Lives.
mst.mission.2211726._title,Terminez 450 Lives
mst.mission.2211726._detail,Terminez 450 Lives.
mst.mission.2211727._title,Terminez 500 Lives
mst.mission.2211727._detail,Terminez 500 Lives.
mst.mission.2211728._title,Faites un full combo sur une chanson d'événement.
mst.mission.2211728._detail,Réussissez un combo parfait sur une chanson d'événement.
mst.mission.2211729._title,Atteindre un score de 50 000 avec la chanson « MY舞☆TONIGHT » en difficulté normale ou supérieure.
mst.mission.2211729._detail,Obtenez un score de 50 000 avec la chanson « MY舞☆TONIGHT » en difficulté normale ou supérieure.
mst.mission.2211730._title,Obtenez un score de 200 000 en difficulté HARD ou supérieure dans la chanson « MY舞☆TONIGHT ».
mst.mission.2211730._detail,Obtenez un score de 200 000 en mode DIFFICILE ou supérieur dans la chanson « MY舞☆TONIGHT ».
mst.mission.2211731._title,Obtenez un score de 300 000 en mode EXPERT ou supérieur pour la chanson « MY舞☆TONIGHT ».
mst.mission.2211731._detail,Obtenez un score de 300 000 en mode EXPERT ou supérieur pour la chanson « MY舞☆TONIGHT ».
mst.mission.2211732._title,Connectez-vous à l’application ! ※Non affiché
mst.mission.2211732._detail,Connectez-vous à l’application ! ※Non affiché
mst.mission.2211733._title,Récupérez 5 000 points d’événement ! ※Non affiché
mst.mission.2211733._detail,Récupérez 5 000 points d’événement.
mst.mission.2211734._title,Récupérez 12 000 points d’événement ! (non affiché)
mst.mission.2211734._detail,Récupérez 12 000 points d’événement. ※Non affiché
mst.mission.2211735._title,Récupérez 20 000 points d’événement ! ※Non affiché
mst.mission.2211735._detail,Récupérez 20 000 points d’événement. ※Non affiché
mst.mission.2211736._title,Collectez 30 000 points d’événement ! ※Non affiché
mst.mission.2211736._detail,Collectez 30 000 points d’événement.
mst.mission.2711801._title,Obtenez 100 points d’événement.
mst.mission.2711801._detail,Accumulez points d’événement.
mst.mission.2711802._title,Collectez 4000 points d’événement.
mst.mission.2711802._detail,Obtenez 4000 points d’événement.
mst.mission.2711803._title,Collectez 8 000 points d’événement.
mst.mission.2711803._detail,Obtenez 8 000 points d’événement.
mst.mission.2611804._title,"Réalisez un Full Combo en mode Live, difficulté NORMAL ou supérieure."
mst.mission.2611804._detail,"Obtenez un FULL COMBO en mode Live, difficulté NORMAL ou supérieure."
mst.mission.2611805._title,"Faites 3 Full Combos en mode Live, difficulté NORMAL ou supérieure."
mst.mission.2611805._detail,"Réalisez 3 fois le combo parfait en Live, en difficulté normale ou supérieure."
mst.mission.2611806._title,"Faites 5 Full Combos en Live, niveau NORMAL ou supérieur."
mst.mission.2611806._detail,"Réalisez 5 Full Combos en Live, en difficulté normale ou supérieure."
mst.mission.2611807._title,Obtenez un score de ou plus en Live.
mst.mission.2611807._detail,Obtenez un score de ou plus en Live.
mst.mission.2611808._title,Obtenez un score de ou plus en Live.
mst.mission.2611808._detail,Obtenez un score de plus de 100 000 en Live.
mst.mission.2611809._title,Obtenez plus de 150 000 points en Live.
mst.mission.2611809._detail,Obtenez un score de plus de 150 000 en Live.
mst.mission.2611810._title,Jouez la chanson sélectionnée par la fonction de lecture aléatoire 3 fois.
mst.mission.2611810._detail,Jouez la chanson sélectionnée par la fonction de sélection aléatoire 3 fois.
mst.mission.2611811._title,Jouez la chanson choisie par la sélection aléatoire 5 fois.
mst.mission.2611811._detail,Jouez à la chanson sélectionnée par la fonction de sélection aléatoire 5 fois.
mst.mission.2611812._title,Jouez à la musique sélectionnée par la fonction de lecture aléatoire 10 fois.
mst.mission.2611812._detail,Jouez à la musique sélectionnée par la fonction de sélection aléatoire 10 fois.
mst.mission.2511901._title,Collectez 150 points d’événement.
mst.mission.2511901._detail,Accumulez 150 points d’événement.
mst.mission.2511902._title,Collectez 1 500 points d’événement.
mst.mission.2511902._detail,Obtenez 1500 points d’événement.
mst.mission.2511903._title,Collectez 7500 points d’événement.
mst.mission.2511903._detail,Obtenez 7500 points d’événement.
mst.mission.2511904._title,Collectez 15 000 points d’événement.
mst.mission.2511904._detail,Obtenez 15 000 points d’événement.
mst.mission.2511905._title,Terminez un Live en coopération en tant que Membre d'aide.
mst.mission.2511905._detail,Terminez un Live coopératif en tant que Membre d'assistance.
mst.mission.2511906._title,Terminez 3 fois un Live coopératif en tant que Membre d'aide.
mst.mission.2511906._detail,Terminez 3 fois un Live en coopération en tant que Membre d'assistance.
mst.mission.2511907._title,Terminez 5 Lives en coopération en tant que membre d’aide.
mst.mission.2511907._detail,Terminez 5 Lives en coopération en tant que Membre d'assistance.
mst.mission.2411908._title,Terminez 7 Lives en coopération en tant que Membre d'aide.
mst.mission.2411908._detail,Terminez 7 Lives en coopération en tant que Membre d’aide.
mst.mission.2411909._title,Terminez 10 Lives en coopération en tant que Membre d'aide.
mst.mission.2411909._detail,Terminez 10 Lives en coopération en tant que Membre d'assistance.
mst.mission.2411910._title,Terminez 20 Lives en coopération en tant que Membre d'aide.
mst.mission.2411910._detail,Terminez 20 Lives en coopération en tant que Membre d'assistance.
mst.mission.2411911._title,Terminez 30 Lives en coopération en tant que Membre d'aide.
mst.mission.2411911._detail,Terminez 30 Lives en coopération en tant que Membre d'assistance.
mst.mission.2411912._title,Live : terminez-le 10 fois
mst.mission.2411912._detail,Terminez 10 Live.
mst.mission.2411913._title,Live : terminez-le 20 fois
mst.mission.2411913._detail,Terminez 20 Lives.
mst.mission.2411914._title,Live : terminez-le 30 fois
mst.mission.2411914._detail,Terminez 30 Lives.
mst.mission.2411915._title,Live : terminez-le 40 fois
mst.mission.2411915._detail,Terminez 40 Lives.
mst.mission.2411916._title,Termes convenus — Termes convenus
mst.mission.2411916._detail,Terminez 50 Lives.
mst.mission.2411917._title,Live : terminez-le 60 fois
mst.mission.2411917._detail,Live : terminez-le 60 fois.
mst.mission.2411918._title,Live : terminez-le 70 fois
mst.mission.2411918._detail,Live : réussissez-le 70 fois.
mst.mission.2411919._title,Terminez 80 Lives
mst.mission.2411919._detail,Terminez 80 Lives.
mst.mission.2411920._title,Live : terminez-le 90 fois
mst.mission.2411920._detail,Terminez 90 Lives.
mst.mission.2411921._title,Terminez 100 Lives
mst.mission.2411921._detail,Terminez 100 Lives.
mst.mission.2411922._title,Obtenez 5 fois une place dans les 3 premiers en mode Live coopératif
mst.mission.2411922._detail,Obtenez 5 fois une place dans les 3 premiers en mode Live coopératif.
mst.mission.2411923._title,Obtenez 2e place ou plus 3 fois en Live coopératif
mst.mission.2411923._detail,Obtenez au moins la 2e place en Live coopératif 3 fois.
mst.mission.2411924._title,Visez la première place en Live coopératif
mst.mission.2411924._detail,Obtenez la première place au moins une fois en Live coopératif.
mst.mission.2411925._title,Termes acceptés : terminez un Live coopératif avec au moins 4 joueurs.
mst.mission.2411925._detail,Termes : Terminez un Live coopératif avec au moins 4 joueurs.
mst.mission.2411926._title,Termes acceptés — Effectuez le Live coopératif 3 fois avec au moins 4 joueurs.
mst.mission.2411926._detail,"Termes : termez un Live coopératif avec au moins 4 joueurs, et réussissez-le 3 fois."
mst.mission.2411927._title,Termes de l’accord : terminez le Live coopératif fois avec au moins 4 joueurs.
mst.mission.2411927._detail,Terminez cinq Lives coopératifs avec au moins quatre joueurs.
mst.mission.2411928._title,Termes acceptés : terminez le Live coopératif 10 fois avec au moins 4 joueurs.
mst.mission.2411928._detail,Termes : termez un Live coopératif avec au moins 4 personnes et réussissez-le 10 fois.
mst.mission.2411929._title,Termes acceptés : terminez le Live coopératif fois avec au moins 4 joueurs.
mst.mission.2411929._detail,Termes : termez un Live coopératif avec au moins 4 personnes et réussissez-le 20 fois.
mst.mission.2411930._title,Termes acceptés : terminez 30 fois un Live coopératif avec au moins 4 joueurs.
mst.mission.2411930._detail,Termes : termez 30 fois un Live coopératif avec au moins 4 personnes.
mst.mission.2712001._title,Obtenez 100 points d’événement.
mst.mission.2712001._detail,Accumulez points d’événement.
mst.mission.2712002._title,Collectez 4000 points d’événement.
mst.mission.2712002._detail,Obtenez 4000 points d’événement.
mst.mission.2712003._title,Collectez 8 000 points d’événement.
mst.mission.2712003._detail,Obtenez 8 000 points d’événement.
mst.mission.2612004._title,"Réalisez un Full Combo en mode Live, difficulté NORMAL ou supérieure."
mst.mission.2612004._detail,"Obtenez un FULL COMBO en mode Live, difficulté NORMAL ou supérieure."
mst.mission.2612005._title,"Faites 3 Full Combos en mode Live, difficulté NORMAL ou supérieure."
mst.mission.2612005._detail,"Réalisez 3 fois le combo parfait en Live, en difficulté normale ou supérieure."
mst.mission.2612006._title,"Faites 5 Full Combos en Live, niveau NORMAL ou supérieur."
mst.mission.2612006._detail,"Réalisez 5 Full Combos en Live, en difficulté normale ou supérieure."
mst.mission.2612007._title,Obtenez un score de ou plus en Live.
mst.mission.2612007._detail,Obtenez un score de ou plus en Live.
mst.mission.2612008._title,Obtenez un score de ou plus en Live.
mst.mission.2612008._detail,Obtenez un score de plus de 100 000 en Live.
mst.mission.2612009._title,Obtenez plus de 150 000 points en Live.
mst.mission.2612009._detail,Obtenez un score de plus de 150 000 en Live.
mst.mission.2612010._title,Jouez la chanson sélectionnée par la fonction de lecture aléatoire 3 fois.
mst.mission.2612010._detail,Jouez la chanson sélectionnée par la fonction de sélection aléatoire 3 fois.
mst.mission.2612011._title,Jouez la chanson choisie par la sélection aléatoire 5 fois.
mst.mission.2612011._detail,Jouez à la chanson sélectionnée par la fonction de sélection aléatoire 5 fois.
mst.mission.2612012._title,Jouez à la musique sélectionnée par la fonction de lecture aléatoire 10 fois.
mst.mission.2612012._detail,Jouez à la musique sélectionnée par la fonction de sélection aléatoire 10 fois.
mst.mission.2312101._title,Obtenez 100 points d’événement.
mst.mission.2312101._detail,Accumulez points d’événement.
mst.mission.2312102._title,Collectez 200 points d’événement.
mst.mission.2312102._detail,Obtenez 200 points d’événement.
mst.mission.2312103._title,Obtenez 1 000 points d’événement.
mst.mission.2312103._detail,Collectez 1000 points d’événement.
mst.mission.2312104._title,Collectez 5000 points d’événement.
mst.mission.2312104._detail,Obtenez 5000 points d’événement.
mst.mission.2312105._title,Collectez 10 000 points d’événement.
mst.mission.2312105._detail,Obtenez 10 000 points d’événement.
mst.mission.2312106._title,Terminez une chanson de Love Live! Nijigasaki Gakuen School Idol Club.
mst.mission.2312106._detail,Terminez les morceaux de Love Live! Nijigasaki Gakuen School Idol Club.
mst.mission.2312107._title,Terminez la chanson de Love Live! Nijigasaki School Idol Club 3 fois.
mst.mission.2312107._detail,Terminez la chanson de Love Live! Nijigasaki Gakuen School Idol Club 3 fois.
mst.mission.2312108._title,Terminez la chanson de Love Live! Nijigasaki Gakuen School Idol Club 5 fois.
mst.mission.2312108._detail,Termes acceptés : utilisez toujours « Cool » pour traduire « クール ».
mst.mission.2212109._title,Live : terminez-le 10 fois
mst.mission.2212109._detail,Terminez 10 Live.
mst.mission.2212110._title,Live : terminez-le 20 fois
mst.mission.2212110._detail,Terminez 20 Lives.
mst.mission.2212111._title,Live : terminez-le 30 fois
mst.mission.2212111._detail,Terminez 30 Lives.
mst.mission.2212112._title,Live : terminez-le 40 fois
mst.mission.2212112._detail,Terminez 40 Lives.
mst.mission.2212113._title,Termes convenus — Termes convenus
mst.mission.2212113._detail,Terminez 50 Lives.
mst.mission.2212114._title,Live : terminez-le 60 fois
mst.mission.2212114._detail,Live : terminez-le 60 fois.
mst.mission.2212115._title,Live : terminez-le 70 fois
mst.mission.2212115._detail,Live : réussissez-le 70 fois.
mst.mission.2212116._title,Terminez 80 Lives
mst.mission.2212116._detail,Terminez 80 Lives.
mst.mission.2212117._title,Live : terminez-le 90 fois
mst.mission.2212117._detail,Terminez 90 Lives.
mst.mission.2212118._title,Terminez 100 Lives
mst.mission.2212118._detail,Terminez 100 Lives.
mst.mission.2212119._title,Terminez 125 Lives
mst.mission.2212119._detail,Terminez 125 Lives.
mst.mission.2212120._title,Terminez 150 Lives
mst.mission.2212120._detail,Terminez 150 Lives.
mst.mission.2212121._title,Terminez 200 Lives
mst.mission.2212121._detail,Terminez 200 Lives.
mst.mission.2212122._title,Live : terminez-le fois
mst.mission.2212122._detail,Terminez 250 Lives.
mst.mission.2212123._title,Terminez 300 Lives
mst.mission.2212123._detail,Terminez 300 Lives.
mst.mission.2212124._title,Terminez 350 Lives
mst.mission.2212124._detail,Terminez 350 Lives.
mst.mission.2212125._title,Terminez 400 Lives
mst.mission.2212125._detail,Terminez 400 Lives.
mst.mission.2212126._title,Terminez 450 Lives
mst.mission.2212126._detail,Terminez 450 Lives.
mst.mission.2212127._title,Terminez 500 Lives
mst.mission.2212127._detail,Terminez 500 Lives.
mst.mission.2212128._title,Faites un full combo sur une chanson d'événement.
mst.mission.2212128._detail,Réussissez un combo parfait sur une chanson d'événement.
mst.mission.2212129._title,Atteignez un score de 50 000 avec la chanson « Love U my friends (version à 12 membres) » en difficulté normale ou supérieure.
mst.mission.2212129._detail,Obtenez un score de 50 000 avec la chanson « Love U my friends (version à 12 membres) » en difficulté normale ou supérieure.
mst.mission.2212130._title,Atteignez un score de 200 000 avec la chanson « Love U my friends (version à 12 membres) » en difficulté HARD ou supérieure.
mst.mission.2212130._detail,Obtenez un score de 200 000 en jouant la chanson « Love U my friends (version à 12 interprètes) » en mode DIFFICILE ou supérieur.
mst.mission.2212131._title,Obtenez un score de 300 000 en mode EXPERT ou supérieur pour la chanson « Love U my friends (version à 12 membres) ».
mst.mission.2212131._detail,Obtenez un score de 300 000 en mode EXPERT ou supérieur pour la chanson « Love U my friends (12 personnes) ».
mst.mission.2212132._title,Connectez-vous à l’application ! ※Non affiché
mst.mission.2212132._detail,Connectez-vous à l’application ! ※Non affiché
mst.mission.2212133._title,Récupérez 5 000 points d’événement ! ※Non affiché
mst.mission.2212133._detail,Récupérez 5 000 points d’événement.
mst.mission.2212134._title,Récupérez 12 000 points d’événement ! (non affiché)
mst.mission.2212134._detail,Récupérez 12 000 points d’événement. ※Non affiché
mst.mission.2212135._title,Récupérez 20 000 points d’événement ! ※Non affiché
mst.mission.2212135._detail,Récupérez 20 000 points d’événement. ※Non affiché
mst.mission.2212136._title,Collectez 30 000 points d’événement ! ※Non affiché
mst.mission.2212136._detail,Collectez 30 000 points d’événement.
mst.mission.2712201._title,Obtenez 100 points d’événement.
mst.mission.2712201._detail,Accumulez points d’événement.
mst.mission.2712202._title,Collectez 4000 points d’événement.
mst.mission.2712202._detail,Obtenez 4000 points d’événement.
mst.mission.2712203._title,Collectez 8 000 points d’événement.
mst.mission.2712203._detail,Obtenez 8 000 points d’événement.
mst.mission.2612204._title,"Réalisez un Full Combo en mode Live, difficulté NORMAL ou supérieure."
mst.mission.2612204._detail,"Obtenez un FULL COMBO en mode Live, difficulté NORMAL ou supérieure."
mst.mission.2612205._title,"Faites 3 Full Combos en mode Live, difficulté NORMAL ou supérieure."
mst.mission.2612205._detail,"Réalisez 3 fois le combo parfait en Live, en difficulté normale ou supérieure."
mst.mission.2612206._title,"Faites 5 Full Combos en Live, niveau NORMAL ou supérieur."
mst.mission.2612206._detail,"Réalisez 5 Full Combos en Live, en difficulté normale ou supérieure."
mst.mission.2612207._title,Obtenez un score de ou plus en Live.
mst.mission.2612207._detail,Obtenez un score de ou plus en Live.
mst.mission.2612208._title,Obtenez un score de ou plus en Live.
mst.mission.2612208._detail,Obtenez un score de plus de 100 000 en Live.
mst.mission.2612209._title,Obtenez plus de 150 000 points en Live.
mst.mission.2612209._detail,Obtenez un score de plus de 150 000 en Live.
mst.mission.2612210._title,Jouez la chanson sélectionnée par la fonction de lecture aléatoire 3 fois.
mst.mission.2612210._detail,Jouez la chanson sélectionnée par la fonction de sélection aléatoire 3 fois.
mst.mission.2612211._title,Jouez la chanson choisie par la sélection aléatoire 5 fois.
mst.mission.2612211._detail,Jouez à la chanson sélectionnée par la fonction de sélection aléatoire 5 fois.
mst.mission.2612212._title,Jouez à la musique sélectionnée par la fonction de lecture aléatoire 10 fois.
mst.mission.2612212._detail,Jouez à la musique sélectionnée par la fonction de sélection aléatoire 10 fois.
mst.mission.2312301._title,Obtenez 100 points d’événement.
mst.mission.2312301._detail,Accumulez points d’événement.
mst.mission.2312302._title,Collectez 200 points d’événement.
mst.mission.2312302._detail,Obtenez 200 points d’événement.
mst.mission.2312303._title,Obtenez 1 000 points d’événement.
mst.mission.2312303._detail,Collectez 1000 points d’événement.
mst.mission.2312304._title,Collectez 5000 points d’événement.
mst.mission.2312304._detail,Obtenez 5000 points d’événement.
mst.mission.2312305._title,Collectez 10 000 points d’événement.
mst.mission.2312305._detail,Obtenez 10 000 points d’événement.
mst.mission.2312306._title,Terminez une chanson de Love Live! Sunshine!!.
mst.mission.2312306._detail,Terminez des morceaux de Love Live! Sunshine!!.
mst.mission.2312307._title,ラブライブ！サンシャイン!!の楽曲を3回クリアしよう
mst.mission.2312307._detail,Terminez la mission 3 fois : Love Live! Sunshine!!.
mst.mission.2312308._title,ラブライブ！サンシャイン!!の楽曲を5回クリアしよう
mst.mission.2312308._detail,Terminez 5 chansons de Love Live! Sunshine!!.
mst.mission.2212309._title,Live : terminez-le 10 fois
mst.mission.2212309._detail,Terminez 10 Live.
mst.mission.2212310._title,Live : terminez-le 20 fois
mst.mission.2212310._detail,Terminez 20 Lives.
mst.mission.2212311._title,Live : terminez-le 30 fois
mst.mission.2212311._detail,Terminez 30 Lives.
mst.mission.2212312._title,Live : terminez-le 40 fois
mst.mission.2212312._detail,Terminez 40 Lives.
mst.mission.2212313._title,Termes convenus — Termes convenus
mst.mission.2212313._detail,Terminez 50 Lives.
mst.mission.2212314._title,Live : terminez-le 60 fois
mst.mission.2212314._detail,Live : terminez-le 60 fois.
mst.mission.2212315._title,Live : terminez-le 70 fois
mst.mission.2212315._detail,Live : réussissez-le 70 fois.
mst.mission.2212316._title,Terminez 80 Lives
mst.mission.2212316._detail,Terminez 80 Lives.
mst.mission.2212317._title,Live : terminez-le 90 fois
mst.mission.2212317._detail,Terminez 90 Lives.
mst.mission.2212318._title,Terminez 100 Lives
mst.mission.2212318._detail,Terminez 100 Lives.
mst.mission.2212319._title,Terminez 125 Lives
mst.mission.2212319._detail,Terminez 125 Lives.
mst.mission.2212320._title,Terminez 150 Lives
mst.mission.2212320._detail,Terminez 150 Lives.
mst.mission.2212321._title,Terminez 200 Lives
mst.mission.2212321._detail,Terminez 200 Lives.
mst.mission.2212322._title,Live : terminez-le fois
mst.mission.2212322._detail,Terminez 250 Lives.
mst.mission.2212323._title,Terminez 300 Lives
mst.mission.2212323._detail,Terminez 300 Lives.
mst.mission.2212324._title,Terminez 350 Lives
mst.mission.2212324._detail,Terminez 350 Lives.
mst.mission.2212325._title,Terminez 400 Lives
mst.mission.2212325._detail,Terminez 400 Lives.
mst.mission.2212326._title,Terminez 450 Lives
mst.mission.2212326._detail,Terminez 450 Lives.
mst.mission.2212327._title,Terminez 500 Lives
mst.mission.2212327._detail,Terminez 500 Lives.
mst.mission.2212328._title,Faites un full combo sur une chanson d'événement.
mst.mission.2212328._detail,Réussissez un combo parfait sur une chanson d'événement.
mst.mission.2212329._title,Atteindre un score de 50 000 avec la chanson « WATER BLUE NEW WORLD » en difficulté normale ou supérieure.
mst.mission.2212329._detail,Obtenez un score de 50 000 avec la chanson « WATER BLUE NEW WORLD » en difficulté normale ou supérieure.
mst.mission.2212330._title,Obtenez un score de 200 000 en difficulté HARD ou supérieure dans la chanson « WATER BLUE NEW WORLD ».
mst.mission.2212330._detail,Obtenez un score de 200 000 en mode DIFFICILE ou supérieur dans la chanson « WATER BLUE NEW WORLD ».
mst.mission.2212331._title,Obtenez un score de 300 000 en mode EXPERT ou supérieur dans la chanson « WATER BLUE NEW WORLD ».
mst.mission.2212331._detail,Obtenez un score de 300 000 en mode EXPERT ou supérieur dans la chanson « WATER BLUE NEW WORLD ».
mst.mission.2712401._title,Obtenez 100 points d’événement.
mst.mission.2712401._detail,Accumulez points d’événement.
mst.mission.2712402._title,Collectez 4000 points d’événement.
mst.mission.2712402._detail,Obtenez 4000 points d’événement.
mst.mission.2712403._title,Collectez 8 000 points d’événement.
mst.mission.2712403._detail,Obtenez 8 000 points d’événement.
mst.mission.2612404._title,"Réalisez un Full Combo en mode Live, difficulté NORMAL ou supérieure."
mst.mission.2612404._detail,"Obtenez un FULL COMBO en mode Live, difficulté NORMAL ou supérieure."
mst.mission.2612405._title,"Faites 3 Full Combos en mode Live, difficulté NORMAL ou supérieure."
mst.mission.2612405._detail,"Réalisez 3 fois le combo parfait en Live, en difficulté normale ou supérieure."
mst.mission.2612406._title,"Faites 5 Full Combos en Live, niveau NORMAL ou supérieur."
mst.mission.2612406._detail,"Réalisez 5 Full Combos en Live, en difficulté normale ou supérieure."
mst.mission.2612407._title,Obtenez un score de ou plus en Live.
mst.mission.2612407._detail,Obtenez un score de ou plus en Live.
mst.mission.2612408._title,Obtenez un score de ou plus en Live.
mst.mission.2612408._detail,Obtenez un score de plus de 100 000 en Live.
mst.mission.2612409._title,Obtenez plus de 150 000 points en Live.
mst.mission.2612409._detail,Obtenez un score de plus de 150 000 en Live.
mst.mission.2612410._title,Jouez la chanson sélectionnée par la fonction de lecture aléatoire 3 fois.
mst.mission.2612410._detail,Jouez la chanson sélectionnée par la fonction de sélection aléatoire 3 fois.
mst.mission.2612411._title,Jouez la chanson choisie par la sélection aléatoire 5 fois.
mst.mission.2612411._detail,Jouez à la chanson sélectionnée par la fonction de sélection aléatoire 5 fois.
mst.mission.2612412._title,Jouez à la musique sélectionnée par la fonction de lecture aléatoire 10 fois.
mst.mission.2612412._detail,Jouez à la musique sélectionnée par la fonction de sélection aléatoire 10 fois.
mst.mission.2312501._title,Obtenez 100 points d’événement.
mst.mission.2312501._detail,Accumulez points d’événement.
mst.mission.2312502._title,Collectez 200 points d’événement.
mst.mission.2312502._detail,Obtenez 200 points d’événement.
mst.mission.2312503._title,Obtenez 1 000 points d’événement.
mst.mission.2312503._detail,Collectez 1000 points d’événement.
mst.mission.2312504._title,Collectez 5000 points d’événement.
mst.mission.2312504._detail,Obtenez 5000 points d’événement.
mst.mission.2312505._title,Collectez 10 000 points d’événement.
mst.mission.2312505._detail,Obtenez 10 000 points d’événement.
mst.mission.2312506._title,Terminez une chanson de Love Live! Superstar!!.
mst.mission.2312506._detail,Terminez des morceaux de Love Live! Superstar!!.
mst.mission.2312507._title,Termes acceptés
mst.mission.2312507._detail,Termes de la mission : Terminez 3 chansons de Love Live! Superstar!!.
mst.mission.2312508._title,ラブライブ！スーパースター!!の楽曲を5回クリアしよう
mst.mission.2312508._detail,Terminez 5 chansons de Love Live! Superstar!!.
mst.mission.2212509._title,Live : terminez-le 10 fois
mst.mission.2212509._detail,Terminez 10 Live.
mst.mission.2212510._title,Live : terminez-le 20 fois
mst.mission.2212510._detail,Terminez 20 Lives.
mst.mission.2212511._title,Live : terminez-le 30 fois
mst.mission.2212511._detail,Terminez 30 Lives.
mst.mission.2212512._title,Live : terminez-le 40 fois
mst.mission.2212512._detail,Terminez 40 Lives.
mst.mission.2212513._title,Termes convenus — Termes convenus
mst.mission.2212513._detail,Terminez 50 Lives.
mst.mission.2212514._title,Live : terminez-le 60 fois
mst.mission.2212514._detail,Live : terminez-le 60 fois.
mst.mission.2212515._title,Live : terminez-le 70 fois
mst.mission.2212515._detail,Live : réussissez-le 70 fois.
mst.mission.2212516._title,Terminez 80 Lives
mst.mission.2212516._detail,Terminez 80 Lives.
mst.mission.2212517._title,Live : terminez-le 90 fois
mst.mission.2212517._detail,Terminez 90 Lives.
mst.mission.2212518._title,Terminez 100 Lives
mst.mission.2212518._detail,Terminez 100 Lives.
mst.mission.2212519._title,Terminez 125 Lives
mst.mission.2212519._detail,Terminez 125 Lives.
mst.mission.2212520._title,Terminez 150 Lives
mst.mission.2212520._detail,Terminez 150 Lives.
mst.mission.2212521._title,Terminez 200 Lives
mst.mission.2212521._detail,Terminez 200 Lives.
mst.mission.2212522._title,Live : terminez-le fois
mst.mission.2212522._detail,Terminez 250 Lives.
mst.mission.2212523._title,Terminez 300 Lives
mst.mission.2212523._detail,Terminez 300 Lives.
mst.mission.2212524._title,Terminez 350 Lives
mst.mission.2212524._detail,Terminez 350 Lives.
mst.mission.2212525._title,Terminez 400 Lives
mst.mission.2212525._detail,Terminez 400 Lives.
mst.mission.2212526._title,Terminez 450 Lives
mst.mission.2212526._detail,Terminez 450 Lives.
mst.mission.2212527._title,Terminez 500 Lives
mst.mission.2212527._detail,Terminez 500 Lives.
mst.mission.2212528._title,Faites un full combo sur une chanson d'événement.
mst.mission.2212528._detail,Réussissez un combo parfait sur une chanson d'événement.
mst.mission.2212529._title,Atteindre un score de 50 000 avec la chanson « Hajimari wa Kimi no Sora » en difficulté normale ou supérieure.
mst.mission.2212529._detail,Obtenez un score de 50 000 avec la chanson « Hajimari wa Kimi no Sora » en difficulté normale ou supérieure.
mst.mission.2212530._title,Obtenez un score de 200 000 en difficulté HARD ou supérieure dans la chanson « Hajimari wa Kimi no Sora ».
mst.mission.2212530._detail,Obtiens un score de 200 000 dans la chanson « Kimi no Sora ni Hajimari wa » en difficulté HARD ou supérieure.
mst.mission.2212531._title,Obtiens un score de 300 000 en mode EXPERT ou supérieur pour la chanson « Kimi no Sora ni Hajimari wa ».
mst.mission.2212531._detail,Obtiens un score de 300 000 en mode EXPERT ou supérieur pour la chanson « Kimi no Sora ni Hajimari wa ».
mst.mission.2212532._title,Connectez-vous à l’application ! ※Non affiché
mst.mission.2212532._detail,Connectez-vous à l’application ! ※Non affiché
mst.mission.2212533._title,Récupérez 5 000 points d’événement ! ※Non affiché
mst.mission.2212533._detail,Récupérez 5 000 points d’événement.
mst.mission.2212534._title,Récupérez 12 000 points d’événement ! (non affiché)
mst.mission.2212534._detail,Récupérez 12 000 points d’événement. ※Non affiché
mst.mission.2212535._title,Récupérez 20 000 points d’événement ! ※Non affiché
mst.mission.2212535._detail,Récupérez 20 000 points d’événement. ※Non affiché
mst.mission.2212536._title,Collectez 30 000 points d’événement ! ※Non affiché
mst.mission.2212536._detail,Collectez 30 000 points d’événement.
mst.mission.2712601._title,Obtenez 100 points d’événement.
mst.mission.2712601._detail,Accumulez points d’événement.
mst.mission.2712602._title,Collectez 4000 points d’événement.
mst.mission.2712602._detail,Obtenez 4000 points d’événement.
mst.mission.2712603._title,Collectez 8 000 points d’événement.
mst.mission.2712603._detail,Obtenez 8 000 points d’événement.
mst.mission.2612604._title,"Réalisez un Full Combo en mode Live, difficulté NORMAL ou supérieure."
mst.mission.2612604._detail,"Obtenez un FULL COMBO en mode Live, difficulté NORMAL ou supérieure."
mst.mission.2612605._title,"Faites 3 Full Combos en mode Live, difficulté NORMAL ou supérieure."
mst.mission.2612605._detail,"Réalisez 3 fois le combo parfait en Live, en difficulté normale ou supérieure."
mst.mission.2612606._title,"Faites 5 Full Combos en Live, niveau NORMAL ou supérieur."
mst.mission.2612606._detail,"Réalisez 5 Full Combos en Live, en difficulté normale ou supérieure."
mst.mission.2612607._title,Obtenez un score de ou plus en Live.
mst.mission.2612607._detail,Obtenez un score de ou plus en Live.
mst.mission.2612608._title,Obtenez un score de ou plus en Live.
mst.mission.2612608._detail,Obtenez un score de plus de 100 000 en Live.
mst.mission.2612609._title,Obtenez plus de 150 000 points en Live.
mst.mission.2612609._detail,Obtenez un score de plus de 150 000 en Live.
mst.mission.2612610._title,Jouez la chanson sélectionnée par la fonction de lecture aléatoire 3 fois.
mst.mission.2612610._detail,Jouez la chanson sélectionnée par la fonction de sélection aléatoire 3 fois.
mst.mission.2612611._title,Jouez la chanson choisie par la sélection aléatoire 5 fois.
mst.mission.2612611._detail,Jouez à la chanson sélectionnée par la fonction de sélection aléatoire 5 fois.
mst.mission.2612612._title,Jouez à la musique sélectionnée par la fonction de lecture aléatoire 10 fois.
mst.mission.2612612._detail,Jouez à la musique sélectionnée par la fonction de sélection aléatoire 10 fois.
mst.mission.3712701._title,Collectez 10 points d’événement.
mst.mission.3712701._detail,Obtenez 10 points d’événement.
mst.mission.3712702._title,Obtenez 20 points d'événement.
mst.mission.3712702._detail,Obtenez 20 points d’événement.
mst.mission.3712703._title,Obtenez 100 points d’événement.
mst.mission.3712703._detail,Accumulez points d’événement.
mst.mission.3712704._title,Collectez 500 points d'événement.
mst.mission.3712704._detail,Obtenez 500 points d’événement.
mst.mission.3712705._title,Obtenez 1 000 points d’événement.
mst.mission.3712705._detail,Collectez 1000 points d’événement.
mst.mission.3712706._title,Partage depuis le menu principal de l’événement Star Challenge.
mst.mission.3712706._detail,Partagez depuis la page principale de l’événement Star Challenge.
mst.mission.3612707._title,Live : terminez-le 10 fois
mst.mission.3612707._detail,Terminez 10 Live.
mst.mission.3612708._title,Live : terminez-le 20 fois
mst.mission.3612708._detail,Terminez 20 Lives.
mst.mission.3612709._title,Live : terminez-le 30 fois
mst.mission.3612709._detail,Terminez 30 Lives.
mst.mission.3612710._title,Live : terminez-le 40 fois
mst.mission.3612710._detail,Terminez 40 Lives.
mst.mission.3612711._title,Termes convenus — Termes convenus
mst.mission.3612711._detail,Terminez 50 Lives.
mst.mission.3612712._title,Live : terminez-le 60 fois
mst.mission.3612712._detail,Live : terminez-le 60 fois.
mst.mission.3612713._title,Live : terminez-le 70 fois
mst.mission.3612713._detail,Live : réussissez-le 70 fois.
mst.mission.3612714._title,Terminez 80 Lives
mst.mission.3612714._detail,Terminez 80 Lives.
mst.mission.3612715._title,Live : terminez-le 90 fois
mst.mission.3612715._detail,Terminez 90 Lives.
mst.mission.3612716._title,Terminez 100 Lives
mst.mission.3612716._detail,Terminez 100 Lives.
mst.mission.2712801._title,Obtenez 100 points d’événement.
mst.mission.2712801._detail,Accumulez points d’événement.
mst.mission.2712802._title,Collectez 4000 points d’événement.
mst.mission.2712802._detail,Obtenez 4000 points d’événement.
mst.mission.2712803._title,Collectez 8 000 points d’événement.
mst.mission.2712803._detail,Obtenez 8 000 points d’événement.
mst.mission.2612804._title,"Réalisez un Full Combo en mode Live, difficulté NORMAL ou supérieure."
mst.mission.2612804._detail,"Obtenez un FULL COMBO en mode Live, difficulté NORMAL ou supérieure."
mst.mission.2612805._title,"Faites 3 Full Combos en mode Live, difficulté NORMAL ou supérieure."
mst.mission.2612805._detail,"Réalisez 3 fois le combo parfait en Live, en difficulté normale ou supérieure."
mst.mission.2612806._title,"Faites 5 Full Combos en Live, niveau NORMAL ou supérieur."
mst.mission.2612806._detail,"Réalisez 5 Full Combos en Live, en difficulté normale ou supérieure."
mst.mission.2612807._title,Obtenez un score de ou plus en Live.
mst.mission.2612807._detail,Obtenez un score de ou plus en Live.
mst.mission.2612808._title,Obtenez un score de ou plus en Live.
mst.mission.2612808._detail,Obtenez un score de plus de 100 000 en Live.
mst.mission.2612809._title,Obtenez plus de 150 000 points en Live.
mst.mission.2612809._detail,Obtenez un score de plus de 150 000 en Live.
mst.mission.2612810._title,Jouez la chanson sélectionnée par la fonction de lecture aléatoire 3 fois.
mst.mission.2612810._detail,Jouez la chanson sélectionnée par la fonction de sélection aléatoire 3 fois.
mst.mission.2612811._title,Jouez la chanson choisie par la sélection aléatoire 5 fois.
mst.mission.2612811._detail,Jouez à la chanson sélectionnée par la fonction de sélection aléatoire 5 fois.
mst.mission.2612812._title,Jouez à la musique sélectionnée par la fonction de lecture aléatoire 10 fois.
mst.mission.2612812._detail,Jouez à la musique sélectionnée par la fonction de sélection aléatoire 10 fois.
mst.mission.2312901._title,Obtenez 100 points d’événement.
mst.mission.2312901._detail,Accumulez points d’événement.
mst.mission.2312902._title,Collectez 200 points d’événement.
mst.mission.2312902._detail,Obtenez 200 points d’événement.
mst.mission.2312903._title,Obtenez 1 000 points d’événement.
mst.mission.2312903._detail,Collectez 1000 points d’événement.
mst.mission.2312904._title,Collectez 5000 points d’événement.
mst.mission.2312904._detail,Obtenez 5000 points d’événement.
mst.mission.2312905._title,Collectez 10 000 points d’événement.
mst.mission.2312905._detail,Obtenez 10 000 points d’événement.
mst.mission.2312906._title,Terminez des morceaux de Love Live !
mst.mission.2312906._detail,Terminez des morceaux de Love Live !
mst.mission.2312907._title,Termes acceptés
mst.mission.2312907._detail,Terminez la mission 3 fois : des chansons de Love Live !
mst.mission.2312908._title,Termes acceptés — Termes convenus
mst.mission.2312908._detail,Terminez 5 morceaux de Love Live !
mst.mission.2212909._title,Live : terminez-le 10 fois
mst.mission.2212909._detail,Terminez 10 Live.
mst.mission.2212910._title,Live : terminez-le 20 fois
mst.mission.2212910._detail,Terminez 20 Lives.
mst.mission.2212911._title,Live : terminez-le 30 fois
mst.mission.2212911._detail,Terminez 30 Lives.
mst.mission.2212912._title,Live : terminez-le 40 fois
mst.mission.2212912._detail,Terminez 40 Lives.
mst.mission.2212913._title,Termes convenus — Termes convenus
mst.mission.2212913._detail,Terminez 50 Lives.
mst.mission.2212914._title,Live : terminez-le 60 fois
mst.mission.2212914._detail,Live : terminez-le 60 fois.
mst.mission.2212915._title,Live : terminez-le 70 fois
mst.mission.2212915._detail,Live : réussissez-le 70 fois.
mst.mission.2212916._title,Terminez 80 Lives
mst.mission.2212916._detail,Terminez 80 Lives.
mst.mission.2212917._title,Live : terminez-le 90 fois
mst.mission.2212917._detail,Terminez 90 Lives.
mst.mission.2212918._title,Terminez 100 Lives
mst.mission.2212918._detail,Terminez 100 Lives.
mst.mission.2212919._title,Terminez 125 Lives
mst.mission.2212919._detail,Terminez 125 Lives.
mst.mission.2212920._title,Terminez 150 Lives
mst.mission.2212920._detail,Terminez 150 Lives.
mst.mission.2212921._title,Terminez 200 Lives
mst.mission.2212921._detail,Terminez 200 Lives.
mst.mission.2212922._title,Live : terminez-le fois
mst.mission.2212922._detail,Terminez 250 Lives.
mst.mission.2212923._title,Terminez 300 Lives
mst.mission.2212923._detail,Terminez 300 Lives.
mst.mission.2212924._title,Terminez 350 Lives
mst.mission.2212924._detail,Terminez 350 Lives.
mst.mission.2212925._title,Terminez 400 Lives
mst.mission.2212925._detail,Terminez 400 Lives.
mst.mission.2212926._title,Terminez 450 Lives
mst.mission.2212926._detail,Terminez 450 Lives.
mst.mission.2212927._title,Terminez 500 Lives
mst.mission.2212927._detail,Terminez 500 Lives.
mst.mission.2212928._title,Faites un full combo sur une chanson d'événement.
mst.mission.2212928._detail,Réussissez un combo parfait sur une chanson d'événement.
mst.mission.2212929._title,Atteignez un score de 50 000 avec la chanson « baby maybe 恋のボタン » en difficulté normale ou supérieure.
mst.mission.2212929._detail,Obtenez un score de 50 000 avec la chanson « baby maybe 恋のボタン » en difficulté normale ou supérieure.
mst.mission.2212930._title,"Obtenez un score de 200 000 en mode DIFFICILE ou supérieur dans la chanson « Baby Maybe, bouton d’amour »."
mst.mission.2212930._detail,Obtenez un score de 200 000 à la chanson « baby maybe 恋のボタン » en difficulté HARD ou supérieure.
mst.mission.2212931._title,Obtenez un score de 300 000 en mode EXPERT ou supérieur pour la chanson « baby maybe 恋のボタン ».
mst.mission.2212931._detail,Obtenez un score de 300 000 en mode EXPERT ou supérieur pour la chanson « baby maybe 恋のボタン ».
mst.mission.2212932._title,Connectez-vous à l’application ! ※Non affiché
mst.mission.2212932._detail,Connectez-vous à l’application ! ※Non affiché
mst.mission.2212933._title,Récupérez 5 000 points d’événement ! ※Non affiché
mst.mission.2212933._detail,Récupérez 5 000 points d’événement.
mst.mission.2212934._title,Récupérez 12 000 points d’événement ! (non affiché)
mst.mission.2212934._detail,Récupérez 12 000 points d’événement. ※Non affiché
mst.mission.2212935._title,Récupérez 20 000 points d’événement ! ※Non affiché
mst.mission.2212935._detail,Récupérez 20 000 points d’événement. ※Non affiché
mst.mission.2212936._title,Collectez 30 000 points d’événement ! ※Non affiché
mst.mission.2212936._detail,Collectez 30 000 points d’événement.
mst.mission.2713001._title,Obtenez 100 points d’événement.
mst.mission.2713001._detail,Accumulez points d’événement.
mst.mission.2713002._title,Collectez 4000 points d’événement.
mst.mission.2713002._detail,Obtenez 4000 points d’événement.
mst.mission.2713003._title,Collectez 8 000 points d’événement.
mst.mission.2713003._detail,Obtenez 8 000 points d’événement.
mst.mission.2613004._title,"Réalisez un Full Combo en mode Live, difficulté NORMAL ou supérieure."
mst.mission.2613004._detail,"Obtenez un FULL COMBO en mode Live, difficulté NORMAL ou supérieure."
mst.mission.2613005._title,"Faites 3 Full Combos en mode Live, difficulté NORMAL ou supérieure."
mst.mission.2613005._detail,"Réalisez 3 fois le combo parfait en Live, en difficulté normale ou supérieure."
mst.mission.2613006._title,"Faites 5 Full Combos en Live, niveau NORMAL ou supérieur."
mst.mission.2613006._detail,"Réalisez 5 Full Combos en Live, en difficulté normale ou supérieure."
mst.mission.2613007._title,Obtenez un score de ou plus en Live.
mst.mission.2613007._detail,Obtenez un score de ou plus en Live.
mst.mission.2613008._title,Obtenez un score de ou plus en Live.
mst.mission.2613008._detail,Obtenez un score de plus de 100 000 en Live.
mst.mission.2613009._title,Obtenez plus de 150 000 points en Live.
mst.mission.2613009._detail,Obtenez un score de plus de 150 000 en Live.
mst.mission.2613010._title,Jouez la chanson sélectionnée par la fonction de lecture aléatoire 3 fois.
mst.mission.2613010._detail,Jouez la chanson sélectionnée par la fonction de sélection aléatoire 3 fois.
mst.mission.2613011._title,Jouez la chanson choisie par la sélection aléatoire 5 fois.
mst.mission.2613011._detail,Jouez à la chanson sélectionnée par la fonction de sélection aléatoire 5 fois.
mst.mission.2613012._title,Jouez à la musique sélectionnée par la fonction de lecture aléatoire 10 fois.
mst.mission.2613012._detail,Jouez à la musique sélectionnée par la fonction de sélection aléatoire 10 fois.
mst.mission.2513101._title,Collectez 800 points d’événement.
mst.mission.2513101._detail,Accumulez 800 points d’événement.
mst.mission.2513102._title,Collectez 1 500 points d’événement.
mst.mission.2513102._detail,Obtenez 1500 points d’événement.
mst.mission.2513103._title,Collectez 7500 points d’événement.
mst.mission.2513103._detail,Obtenez 7500 points d’événement.
mst.mission.2513104._title,Collectez 15 000 points d’événement.
mst.mission.2513104._detail,Obtenez 15 000 points d’événement.
mst.mission.2513105._title,Obtenez 100 points d’événement.
mst.mission.2513105._detail,Accumulez points d’événement.
mst.mission.2513106._title,Collectez 150 points d’événement.
mst.mission.2513106._detail,Accumulez 150 points d’événement.
mst.mission.2513107._title,Collectez 2 500 points d’événement.
mst.mission.2513107._detail,Obtenez 2500 points d’événement.
mst.mission.2413108._title,Terminez 7 Lives en coopération en tant que Membre d'aide.
mst.mission.2413108._detail,Terminez 7 Lives en coopération en tant que Membre d’aide.
mst.mission.2413109._title,Terminez 10 Lives en coopération en tant que Membre d'aide.
mst.mission.2413109._detail,Terminez 10 Lives en coopération en tant que Membre d'assistance.
mst.mission.2413110._title,Terminez 20 Lives en coopération en tant que Membre d'aide.
mst.mission.2413110._detail,Terminez 20 Lives en coopération en tant que Membre d'assistance.
mst.mission.2413111._title,Terminez 30 Lives en coopération en tant que Membre d'aide.
mst.mission.2413111._detail,Terminez 30 Lives en coopération en tant que Membre d'assistance.
mst.mission.2413112._title,Live : terminez-le 10 fois
mst.mission.2413112._detail,Terminez 10 Live.
mst.mission.2413113._title,Live : terminez-le 20 fois
mst.mission.2413113._detail,Terminez 20 Lives.
mst.mission.2413114._title,Live : terminez-le 30 fois
mst.mission.2413114._detail,Terminez 30 Lives.
mst.mission.2413115._title,Live : terminez-le 40 fois
mst.mission.2413115._detail,Terminez 40 Lives.
mst.mission.2413116._title,Termes convenus — Termes convenus
mst.mission.2413116._detail,Terminez 50 Lives.
mst.mission.2413117._title,Live : terminez-le 60 fois
mst.mission.2413117._detail,Live : terminez-le 60 fois.
mst.mission.2413118._title,Live : terminez-le 70 fois
mst.mission.2413118._detail,Live : réussissez-le 70 fois.
mst.mission.2413119._title,Terminez 80 Lives
mst.mission.2413119._detail,Terminez 80 Lives.
mst.mission.2413120._title,Live : terminez-le 90 fois
mst.mission.2413120._detail,Terminez 90 Lives.
mst.mission.2413121._title,Terminez 100 Lives
mst.mission.2413121._detail,Terminez 100 Lives.
mst.mission.2413122._title,Obtenez 5 fois une place dans les 3 premiers en mode Live coopératif
mst.mission.2413122._detail,Obtenez 5 fois une place dans les 3 premiers en mode Live coopératif.
mst.mission.2413123._title,Obtenez 2e place ou plus 3 fois en Live coopératif
mst.mission.2413123._detail,Obtenez au moins la 2e place en Live coopératif 3 fois.
mst.mission.2413124._title,Visez la première place en Live coopératif
mst.mission.2413124._detail,Obtenez la première place au moins une fois en Live coopératif.
mst.mission.2413125._title,Termes acceptés : terminez un Live coopératif avec au moins 4 joueurs.
mst.mission.2413125._detail,Termes : Terminez un Live coopératif avec au moins 4 joueurs.
mst.mission.2413126._title,Termes acceptés — Effectuez le Live coopératif 3 fois avec au moins 4 joueurs.
mst.mission.2413126._detail,"Termes : termez un Live coopératif avec au moins 4 joueurs, et réussissez-le 3 fois."
mst.mission.2413127._title,Termes de l’accord : terminez le Live coopératif fois avec au moins 4 joueurs.
mst.mission.2413127._detail,Terminez cinq Lives coopératifs avec au moins quatre joueurs.
mst.mission.2413128._title,Termes acceptés : terminez le Live coopératif 10 fois avec au moins 4 joueurs.
mst.mission.2413128._detail,Termes : termez un Live coopératif avec au moins 4 personnes et réussissez-le 10 fois.
mst.mission.2413129._title,Termes acceptés : terminez le Live coopératif fois avec au moins 4 joueurs.
mst.mission.2413129._detail,Termes : termez un Live coopératif avec au moins 4 personnes et réussissez-le 20 fois.
mst.mission.2413130._title,Termes acceptés : terminez 30 fois un Live coopératif avec au moins 4 joueurs.
mst.mission.2413130._detail,Termes : termez 30 fois un Live coopératif avec au moins 4 personnes.
mst.mission.2713201._title,Obtenez 100 points d’événement.
mst.mission.2713201._detail,Accumulez points d’événement.
mst.mission.2713202._title,Collectez 4000 points d’événement.
mst.mission.2713202._detail,Obtenez 4000 points d’événement.
mst.mission.2713203._title,Collectez 8 000 points d’événement.
mst.mission.2713203._detail,Obtenez 8 000 points d’événement.
mst.mission.2613204._title,"Réalisez un Full Combo en mode Live, difficulté NORMAL ou supérieure."
mst.mission.2613204._detail,"Obtenez un FULL COMBO en mode Live, difficulté NORMAL ou supérieure."
mst.mission.2613205._title,"Faites 3 Full Combos en mode Live, difficulté NORMAL ou supérieure."
mst.mission.2613205._detail,"Réalisez 3 fois le combo parfait en Live, en difficulté normale ou supérieure."
mst.mission.2613206._title,"Faites 5 Full Combos en Live, niveau NORMAL ou supérieur."
mst.mission.2613206._detail,"Réalisez 5 Full Combos en Live, en difficulté normale ou supérieure."
mst.mission.2613207._title,Obtenez un score de ou plus en Live.
mst.mission.2613207._detail,Obtenez un score de ou plus en Live.
mst.mission.2613208._title,Obtenez un score de ou plus en Live.
mst.mission.2613208._detail,Obtenez un score de plus de 100 000 en Live.
mst.mission.2613209._title,Obtenez plus de 150 000 points en Live.
mst.mission.2613209._detail,Obtenez un score de plus de 150 000 en Live.
mst.mission.2613210._title,Jouez la chanson sélectionnée par la fonction de lecture aléatoire 3 fois.
mst.mission.2613210._detail,Jouez la chanson sélectionnée par la fonction de sélection aléatoire 3 fois.
mst.mission.2613211._title,Jouez la chanson choisie par la sélection aléatoire 5 fois.
mst.mission.2613211._detail,Jouez à la chanson sélectionnée par la fonction de sélection aléatoire 5 fois.
mst.mission.2613212._title,Jouez à la musique sélectionnée par la fonction de lecture aléatoire 10 fois.
mst.mission.2613212._detail,Jouez à la musique sélectionnée par la fonction de sélection aléatoire 10 fois.
mst.mission.2313301._title,Obtenez 100 points d’événement.
mst.mission.2313301._detail,Accumulez points d’événement.
mst.mission.2313302._title,Collectez 200 points d’événement.
mst.mission.2313302._detail,Obtenez 200 points d’événement.
mst.mission.2313303._title,Obtenez 1 000 points d’événement.
mst.mission.2313303._detail,Collectez 1000 points d’événement.
mst.mission.2313304._title,Collectez 5000 points d’événement.
mst.mission.2313304._detail,Obtenez 5000 points d’événement.
mst.mission.2313305._title,Collectez 10 000 points d’événement.
mst.mission.2313305._detail,Obtenez 10 000 points d’événement.
mst.mission.2313306._title,Terminez une chanson de Love Live! Sunshine!!.
mst.mission.2313306._detail,Terminez des morceaux de Love Live! Sunshine!!.
mst.mission.2313307._title,ラブライブ！サンシャイン!!の楽曲を3回クリアしよう
mst.mission.2313307._detail,Terminez la mission 3 fois : Love Live! Sunshine!!.
mst.mission.2313308._title,ラブライブ！サンシャイン!!の楽曲を5回クリアしよう
mst.mission.2313308._detail,Terminez 5 chansons de Love Live! Sunshine!!.
mst.mission.2213309._title,Live : terminez-le 10 fois
mst.mission.2213309._detail,Terminez 10 Live.
mst.mission.2213310._title,Live : terminez-le 20 fois
mst.mission.2213310._detail,Terminez 20 Lives.
mst.mission.2213311._title,Live : terminez-le 30 fois
mst.mission.2213311._detail,Terminez 30 Lives.
mst.mission.2213312._title,Live : terminez-le 40 fois
mst.mission.2213312._detail,Terminez 40 Lives.
mst.mission.2213313._title,Termes convenus — Termes convenus
mst.mission.2213313._detail,Terminez 50 Lives.
mst.mission.2213314._title,Live : terminez-le 60 fois
mst.mission.2213314._detail,Live : terminez-le 60 fois.
mst.mission.2213315._title,Live : terminez-le 70 fois
mst.mission.2213315._detail,Live : réussissez-le 70 fois.
mst.mission.2213316._title,Terminez 80 Lives
mst.mission.2213316._detail,Terminez 80 Lives.
mst.mission.2213317._title,Live : terminez-le 90 fois
mst.mission.2213317._detail,Terminez 90 Lives.
mst.mission.2213318._title,Terminez 100 Lives
mst.mission.2213318._detail,Terminez 100 Lives.
mst.mission.2213319._title,Terminez 125 Lives
mst.mission.2213319._detail,Terminez 125 Lives.
mst.mission.2213320._title,Terminez 150 Lives
mst.mission.2213320._detail,Terminez 150 Lives.
mst.mission.2213321._title,Terminez 200 Lives
mst.mission.2213321._detail,Terminez 200 Lives.
mst.mission.2213322._title,Live : terminez-le fois
mst.mission.2213322._detail,Terminez 250 Lives.
mst.mission.2213323._title,Terminez 300 Lives
mst.mission.2213323._detail,Terminez 300 Lives.
mst.mission.2213324._title,Terminez 350 Lives
mst.mission.2213324._detail,Terminez 350 Lives.
mst.mission.2213325._title,Terminez 400 Lives
mst.mission.2213325._detail,Terminez 400 Lives.
mst.mission.2213326._title,Terminez 450 Lives
mst.mission.2213326._detail,Terminez 450 Lives.
mst.mission.2213327._title,Terminez 500 Lives
mst.mission.2213327._detail,Terminez 500 Lives.
mst.mission.2213328._title,Faites un full combo sur une chanson d'événement.
mst.mission.2213328._detail,Réussissez un combo parfait sur une chanson d'événement.
mst.mission.2213329._title,Atteindre un score de 50 000 avec la chanson « Ao Sora Jumping Heart » en difficulté normale ou supérieure.
mst.mission.2213329._detail,Obtenez un score de 50 000 avec la chanson « Ao Sora Jumping Heart » en difficulté normale ou supérieure.
mst.mission.2213330._title,Obtenez un score de 200 000 en mode DIFFICILE ou supérieur dans la chanson « Ao Sora Jumping Heart ».
mst.mission.2213330._detail,Obtenez un score de 200 000 dans la chanson « Ao Sora Jumping Heart » en difficulté HARD ou supérieure.
mst.mission.2213331._title,Obtenez un score de 300 000 en mode EXPERT ou supérieur pour la chanson « Ao Sora Jumping Heart ».
mst.mission.2213331._detail,Obtenez un score de 300 000 en mode EXPERT ou supérieur pour la chanson « Ao Sora Jumping Heart ».
mst.mission.2213332._title,Connectez-vous à l’application ! ※Non affiché
mst.mission.2213332._detail,Connectez-vous à l’application ! ※Non affiché
mst.mission.2213333._title,Récupérez 5 000 points d’événement ! ※Non affiché
mst.mission.2213333._detail,Récupérez 5 000 points d’événement.
mst.mission.2213334._title,Récupérez 12 000 points d’événement ! (non affiché)
mst.mission.2213334._detail,Récupérez 12 000 points d’événement. ※Non affiché
mst.mission.2213335._title,Récupérez 20 000 points d’événement ! ※Non affiché
mst.mission.2213335._detail,Récupérez 20 000 points d’événement. ※Non affiché
mst.mission.2213336._title,Collectez 30 000 points d’événement ! ※Non affiché
mst.mission.2213336._detail,Collectez 30 000 points d’événement.
mst.mission.2713401._title,Obtenez 100 points d’événement.
mst.mission.2713401._detail,Accumulez points d’événement.
mst.mission.2713402._title,Collectez 4000 points d’événement.
mst.mission.2713402._detail,Obtenez 4000 points d’événement.
mst.mission.2713403._title,Collectez 8 000 points d’événement.
mst.mission.2713403._detail,Obtenez 8 000 points d’événement.
mst.mission.2613404._title,"Réalisez un Full Combo en mode Live, difficulté NORMAL ou supérieure."
mst.mission.2613404._detail,"Obtenez un FULL COMBO en mode Live, difficulté NORMAL ou supérieure."
mst.mission.2613405._title,"Faites 3 Full Combos en mode Live, difficulté NORMAL ou supérieure."
mst.mission.2613405._detail,"Réalisez 3 fois le combo parfait en Live, en difficulté normale ou supérieure."
mst.mission.2613406._title,"Faites 5 Full Combos en Live, niveau NORMAL ou supérieur."
mst.mission.2613406._detail,"Réalisez 5 Full Combos en Live, en difficulté normale ou supérieure."
mst.mission.2613407._title,Obtenez un score de ou plus en Live.
mst.mission.2613407._detail,Obtenez un score de ou plus en Live.
mst.mission.2613408._title,Obtenez un score de ou plus en Live.
mst.mission.2613408._detail,Obtenez un score de plus de 100 000 en Live.
mst.mission.2613409._title,Obtenez plus de 150 000 points en Live.
mst.mission.2613409._detail,Obtenez un score de plus de 150 000 en Live.
mst.mission.2613410._title,Jouez la chanson sélectionnée par la fonction de lecture aléatoire 3 fois.
mst.mission.2613410._detail,Jouez la chanson sélectionnée par la fonction de sélection aléatoire 3 fois.
mst.mission.2613411._title,Jouez la chanson choisie par la sélection aléatoire 5 fois.
mst.mission.2613411._detail,Jouez à la chanson sélectionnée par la fonction de sélection aléatoire 5 fois.
mst.mission.2613412._title,Jouez à la musique sélectionnée par la fonction de lecture aléatoire 10 fois.
mst.mission.2613412._detail,Jouez à la musique sélectionnée par la fonction de sélection aléatoire 10 fois.
mst.mission.3713501._title,Collectez 10 points d’événement.
mst.mission.3713501._detail,Obtenez 10 points d’événement.
mst.mission.3713502._title,Obtenez 20 points d'événement.
mst.mission.3713502._detail,Obtenez 20 points d’événement.
mst.mission.3713503._title,Obtenez 100 points d’événement.
mst.mission.3713503._detail,Accumulez points d’événement.
mst.mission.3713504._title,Collectez 500 points d'événement.
mst.mission.3713504._detail,Obtenez 500 points d’événement.
mst.mission.3713505._title,Obtenez 1 000 points d’événement.
mst.mission.3713505._detail,Collectez 1000 points d’événement.
mst.mission.3713506._title,Terminez un Live.
mst.mission.3713506._detail,Terminez un Live.
mst.mission.3713507._title,Terminez 3 Lives
mst.mission.3713507._detail,Terminez 3 Lives.
mst.mission.3713508._title,Terminez 5 Lives
mst.mission.3713508._detail,Terminez 5 Lives.
mst.mission.3713509._title,Live : terminez-le 10 fois
mst.mission.3713509._detail,Terminez 10 Live.
mst.mission.3713510._title,Partage depuis le menu principal de l’événement Star Challenge.
mst.mission.3713510._detail,Partagez depuis la page principale de l’événement Star Challenge.
mst.mission.3613511._title,Live : terminez-le 10 fois
mst.mission.3613511._detail,Terminez 10 Live.
mst.mission.3613512._title,Live : terminez-le 20 fois
mst.mission.3613512._detail,Terminez 20 Lives.
mst.mission.3613513._title,Live : terminez-le 30 fois
mst.mission.3613513._detail,Terminez 30 Lives.
mst.mission.3613514._title,Live : terminez-le 40 fois
mst.mission.3613514._detail,Terminez 40 Lives.
mst.mission.3613515._title,Termes convenus — Termes convenus
mst.mission.3613515._detail,Terminez 50 Lives.
mst.mission.3613516._title,Live : terminez-le 60 fois
mst.mission.3613516._detail,Live : terminez-le 60 fois.
mst.mission.3613517._title,Live : terminez-le 70 fois
mst.mission.3613517._detail,Live : réussissez-le 70 fois.
mst.mission.3613518._title,Terminez 80 Lives
mst.mission.3613518._detail,Terminez 80 Lives.
mst.mission.3613519._title,Live : terminez-le 90 fois
mst.mission.3613519._detail,Terminez 90 Lives.
mst.mission.3613520._title,Terminez 100 Lives
mst.mission.3613520._detail,Terminez 100 Lives.
mst.mission.2713601._title,Obtenez 100 points d’événement.
mst.mission.2713601._detail,Accumulez points d’événement.
mst.mission.2713602._title,Collectez 4000 points d’événement.
mst.mission.2713602._detail,Obtenez 4000 points d’événement.
mst.mission.2713603._title,Collectez 8 000 points d’événement.
mst.mission.2713603._detail,Obtenez 8 000 points d’événement.
mst.mission.2613604._title,"Réalisez un Full Combo en mode Live, difficulté NORMAL ou supérieure."
mst.mission.2613604._detail,"Obtenez un FULL COMBO en mode Live, difficulté NORMAL ou supérieure."
mst.mission.2613605._title,"Faites 3 Full Combos en mode Live, difficulté NORMAL ou supérieure."
mst.mission.2613605._detail,"Réalisez 3 fois le combo parfait en Live, en difficulté normale ou supérieure."
mst.mission.2613606._title,"Faites 5 Full Combos en Live, niveau NORMAL ou supérieur."
mst.mission.2613606._detail,"Réalisez 5 Full Combos en Live, en difficulté normale ou supérieure."
mst.mission.2613607._title,Obtenez un score de ou plus en Live.
mst.mission.2613607._detail,Obtenez un score de ou plus en Live.
mst.mission.2613608._title,Obtenez un score de ou plus en Live.
mst.mission.2613608._detail,Obtenez un score de plus de 100 000 en Live.
mst.mission.2613609._title,Obtenez plus de 150 000 points en Live.
mst.mission.2613609._detail,Obtenez un score de plus de 150 000 en Live.
mst.mission.2613610._title,Jouez la chanson sélectionnée par la fonction de lecture aléatoire 3 fois.
mst.mission.2613610._detail,Jouez la chanson sélectionnée par la fonction de sélection aléatoire 3 fois.
mst.mission.2613611._title,Jouez la chanson choisie par la sélection aléatoire 5 fois.
mst.mission.2613611._detail,Jouez à la chanson sélectionnée par la fonction de sélection aléatoire 5 fois.
mst.mission.2613612._title,Jouez à la musique sélectionnée par la fonction de lecture aléatoire 10 fois.
mst.mission.2613612._detail,Jouez à la musique sélectionnée par la fonction de sélection aléatoire 10 fois.
mst.mission.2313701._title,Obtenez 100 points d’événement.
mst.mission.2313701._detail,Accumulez points d’événement.
mst.mission.2313702._title,Collectez 200 points d’événement.
mst.mission.2313702._detail,Obtenez 200 points d’événement.
mst.mission.2313703._title,Obtenez 1 000 points d’événement.
mst.mission.2313703._detail,Collectez 1000 points d’événement.
mst.mission.2313704._title,Collectez 5000 points d’événement.
mst.mission.2313704._detail,Obtenez 5000 points d’événement.
mst.mission.2313705._title,Collectez 10 000 points d’événement.
mst.mission.2313705._detail,Obtenez 10 000 points d’événement.
mst.mission.2313706._title,Terminez une chanson de Love Live! Nijigasaki Gakuen School Idol Club.
mst.mission.2313706._detail,Terminez les morceaux de Love Live! Nijigasaki Gakuen School Idol Club.
mst.mission.2313707._title,Terminez la chanson de Love Live! Nijigasaki School Idol Club 3 fois.
mst.mission.2313707._detail,Terminez la chanson de Love Live! Nijigasaki Gakuen School Idol Club 3 fois.
mst.mission.2313708._title,Terminez la chanson de Love Live! Nijigasaki Gakuen School Idol Club 5 fois.
mst.mission.2313708._detail,Termes acceptés : utilisez toujours « Cool » pour traduire « クール ».
mst.mission.2213709._title,Live : terminez-le 10 fois
mst.mission.2213709._detail,Terminez 10 Live.
mst.mission.2213710._title,Live : terminez-le 20 fois
mst.mission.2213710._detail,Terminez 20 Lives.
mst.mission.2213711._title,Live : terminez-le 30 fois
mst.mission.2213711._detail,Terminez 30 Lives.
mst.mission.2213712._title,Live : terminez-le 40 fois
mst.mission.2213712._detail,Terminez 40 Lives.
mst.mission.2213713._title,Termes convenus — Termes convenus
mst.mission.2213713._detail,Terminez 50 Lives.
mst.mission.2213714._title,Live : terminez-le 60 fois
mst.mission.2213714._detail,Live : terminez-le 60 fois.
mst.mission.2213715._title,Live : terminez-le 70 fois
mst.mission.2213715._detail,Live : réussissez-le 70 fois.
mst.mission.2213716._title,Terminez 80 Lives
mst.mission.2213716._detail,Terminez 80 Lives.
mst.mission.2213717._title,Live : terminez-le 90 fois
mst.mission.2213717._detail,Terminez 90 Lives.
mst.mission.2213718._title,Terminez 100 Lives
mst.mission.2213718._detail,Terminez 100 Lives.
mst.mission.2213719._title,Terminez 125 Lives
mst.mission.2213719._detail,Terminez 125 Lives.
mst.mission.2213720._title,Terminez 150 Lives
mst.mission.2213720._detail,Terminez 150 Lives.
mst.mission.2213721._title,Terminez 200 Lives
mst.mission.2213721._detail,Terminez 200 Lives.
mst.mission.2213722._title,Live : terminez-le fois
mst.mission.2213722._detail,Terminez 250 Lives.
mst.mission.2213723._title,Terminez 300 Lives
mst.mission.2213723._detail,Terminez 300 Lives.
mst.mission.2213724._title,Terminez 350 Lives
mst.mission.2213724._detail,Terminez 350 Lives.
mst.mission.2213725._title,Terminez 400 Lives
mst.mission.2213725._detail,Terminez 400 Lives.
mst.mission.2213726._title,Terminez 450 Lives
mst.mission.2213726._detail,Terminez 450 Lives.
mst.mission.2213727._title,Terminez 500 Lives
mst.mission.2213727._detail,Terminez 500 Lives.
mst.mission.2213728._title,Faites un full combo sur une chanson d'événement.
mst.mission.2213728._detail,Réussissez un combo parfait sur une chanson d'événement.
mst.mission.2213729._title,Atteindre un score de 50 000 avec la chanson « TOKIMEKI Runners » en difficulté normale ou supérieure.
mst.mission.2213729._detail,Atteignez un score de 50 000 avec la chanson « TOKIMEKI Runners » en difficulté normale ou supérieure.
mst.mission.2213730._title,Obtenez un score de 200 000 en mode DIFFICILE ou supérieur dans la chanson « TOKIMEKI Runners ».
mst.mission.2213730._detail,Obtenez un score de 200 000 à la chanson « TOKIMEKI Runners » en difficulté HARD ou supérieure.
mst.mission.2213731._title,Atteignez un score de 300 000 en mode EXPERT ou supérieur dans la chanson « TOKIMEKI Runners ».
mst.mission.2213731._detail,Obtenez un score de 300 000 en mode EXPERT ou supérieur pour la chanson « TOKIMEKI Runners ».
mst.mission.2213732._title,Connectez-vous à l’application ! ※Non affiché
mst.mission.2213732._detail,Connectez-vous à l’application ! ※Non affiché
mst.mission.2213733._title,Récupérez 5 000 points d’événement ! ※Non affiché
mst.mission.2213733._detail,Récupérez 5 000 points d’événement.
mst.mission.2213734._title,Récupérez 12 000 points d’événement ! (non affiché)
mst.mission.2213734._detail,Récupérez 12 000 points d’événement. ※Non affiché
mst.mission.2213735._title,Récupérez 20 000 points d’événement ! ※Non affiché
mst.mission.2213735._detail,Récupérez 20 000 points d’événement. ※Non affiché
mst.mission.2213736._title,Collectez 30 000 points d’événement ! ※Non affiché
mst.mission.2213736._detail,Collectez 30 000 points d’événement.
mst.mission.2713801._title,Obtenez 100 points d’événement.
mst.mission.2713801._detail,Accumulez points d’événement.
mst.mission.2713802._title,Collectez 4000 points d’événement.
mst.mission.2713802._detail,Obtenez 4000 points d’événement.
mst.mission.2713803._title,Collectez 8 000 points d’événement.
mst.mission.2713803._detail,Obtenez 8 000 points d’événement.
mst.mission.2613804._title,"Réalisez un Full Combo en mode Live, difficulté NORMAL ou supérieure."
mst.mission.2613804._detail,"Obtenez un FULL COMBO en mode Live, difficulté NORMAL ou supérieure."
mst.mission.2613805._title,"Faites 3 Full Combos en mode Live, difficulté NORMAL ou supérieure."
mst.mission.2613805._detail,"Réalisez 3 fois le combo parfait en Live, en difficulté normale ou supérieure."
mst.mission.2613806._title,"Faites 5 Full Combos en Live, niveau NORMAL ou supérieur."
mst.mission.2613806._detail,"Réalisez 5 Full Combos en Live, en difficulté normale ou supérieure."
mst.mission.2613807._title,Obtenez un score de ou plus en Live.
mst.mission.2613807._detail,Obtenez un score de ou plus en Live.
mst.mission.2613808._title,Obtenez un score de ou plus en Live.
mst.mission.2613808._detail,Obtenez un score de plus de 100 000 en Live.
mst.mission.2613809._title,Obtenez plus de 150 000 points en Live.
mst.mission.2613809._detail,Obtenez un score de plus de 150 000 en Live.
mst.mission.2613810._title,Jouez la chanson sélectionnée par la fonction de lecture aléatoire 3 fois.
mst.mission.2613810._detail,Jouez la chanson sélectionnée par la fonction de sélection aléatoire 3 fois.
mst.mission.2613811._title,Jouez la chanson choisie par la sélection aléatoire 5 fois.
mst.mission.2613811._detail,Jouez à la chanson sélectionnée par la fonction de sélection aléatoire 5 fois.
mst.mission.2613812._title,Jouez à la musique sélectionnée par la fonction de lecture aléatoire 10 fois.
mst.mission.2613812._detail,Jouez à la musique sélectionnée par la fonction de sélection aléatoire 10 fois.
mst.mission.3713901._title,Collectez 10 points d’événement.
mst.mission.3713901._detail,Obtenez 10 points d’événement.
mst.mission.3713902._title,Obtenez 20 points d'événement.
mst.mission.3713902._detail,Obtenez 20 points d’événement.
mst.mission.3713903._title,Obtenez 100 points d’événement.
mst.mission.3713903._detail,Accumulez points d’événement.
mst.mission.3713904._title,Collectez 500 points d'événement.
mst.mission.3713904._detail,Obtenez 500 points d’événement.
mst.mission.3713905._title,Obtenez 1 000 points d’événement.
mst.mission.3713905._detail,Collectez 1000 points d’événement.
mst.mission.3713906._title,Terminez un Live.
mst.mission.3713906._detail,Terminez un Live.
mst.mission.3713907._title,Terminez 3 Lives
mst.mission.3713907._detail,Terminez 3 Lives.
mst.mission.3713908._title,Terminez 5 Lives
mst.mission.3713908._detail,Terminez 5 Lives.
mst.mission.3713909._title,Live : terminez-le 10 fois
mst.mission.3713909._detail,Terminez 10 Live.
mst.mission.3713910._title,Partage depuis le menu principal de l’événement Star Challenge.
mst.mission.3713910._detail,Partagez depuis la page principale de l’événement Star Challenge.
mst.mission.3613911._title,Live : terminez-le 10 fois
mst.mission.3613911._detail,Terminez 10 Live.
mst.mission.3613912._title,Live : terminez-le 20 fois
mst.mission.3613912._detail,Terminez 20 Lives.
mst.mission.3613913._title,Live : terminez-le 30 fois
mst.mission.3613913._detail,Terminez 30 Lives.
mst.mission.3613914._title,Live : terminez-le 40 fois
mst.mission.3613914._detail,Terminez 40 Lives.
mst.mission.3613915._title,Termes convenus — Termes convenus
mst.mission.3613915._detail,Terminez 50 Lives.
mst.mission.3613916._title,Live : terminez-le 60 fois
mst.mission.3613916._detail,Live : terminez-le 60 fois.
mst.mission.3613917._title,Live : terminez-le 70 fois
mst.mission.3613917._detail,Live : réussissez-le 70 fois.
mst.mission.3613918._title,Terminez 80 Lives
mst.mission.3613918._detail,Terminez 80 Lives.
mst.mission.3613919._title,Live : terminez-le 90 fois
mst.mission.3613919._detail,Terminez 90 Lives.
mst.mission.3613920._title,Terminez 100 Lives
mst.mission.3613920._detail,Terminez 100 Lives.
mst.mission.2714001._title,Obtenez 100 points d’événement.
mst.mission.2714001._detail,Accumulez points d’événement.
mst.mission.2714002._title,Collectez 4000 points d’événement.
mst.mission.2714002._detail,Obtenez 4000 points d’événement.
mst.mission.2714003._title,Collectez 8 000 points d’événement.
mst.mission.2714003._detail,Obtenez 8 000 points d’événement.
mst.mission.2614004._title,"Réalisez un Full Combo en mode Live, difficulté NORMAL ou supérieure."
mst.mission.2614004._detail,"Obtenez un FULL COMBO en mode Live, difficulté NORMAL ou supérieure."
mst.mission.2614005._title,"Faites 3 Full Combos en mode Live, difficulté NORMAL ou supérieure."
mst.mission.2614005._detail,"Réalisez 3 fois le combo parfait en Live, en difficulté normale ou supérieure."
mst.mission.2614006._title,"Faites 5 Full Combos en Live, niveau NORMAL ou supérieur."
mst.mission.2614006._detail,"Réalisez 5 Full Combos en Live, en difficulté normale ou supérieure."
mst.mission.2614007._title,Obtenez un score de ou plus en Live.
mst.mission.2614007._detail,Obtenez un score de ou plus en Live.
mst.mission.2614008._title,Obtenez un score de ou plus en Live.
mst.mission.2614008._detail,Obtenez un score de plus de 100 000 en Live.
mst.mission.2614009._title,Obtenez plus de 150 000 points en Live.
mst.mission.2614009._detail,Obtenez un score de plus de 150 000 en Live.
mst.mission.2614010._title,Jouez la chanson sélectionnée par la fonction de lecture aléatoire 3 fois.
mst.mission.2614010._detail,Jouez la chanson sélectionnée par la fonction de sélection aléatoire 3 fois.
mst.mission.2614011._title,Jouez la chanson choisie par la sélection aléatoire 5 fois.
mst.mission.2614011._detail,Jouez à la chanson sélectionnée par la fonction de sélection aléatoire 5 fois.
mst.mission.2614012._title,Jouez à la musique sélectionnée par la fonction de lecture aléatoire 10 fois.
mst.mission.2614012._detail,Jouez à la musique sélectionnée par la fonction de sélection aléatoire 10 fois.
mst.mission.2314101._title,Obtenez 100 points d’événement.
mst.mission.2314101._detail,Accumulez points d’événement.
mst.mission.2314102._title,Collectez 200 points d’événement.
mst.mission.2314102._detail,Obtenez 200 points d’événement.
mst.mission.2314103._title,Obtenez 1 000 points d’événement.
mst.mission.2314103._detail,Collectez 1000 points d’événement.
mst.mission.2314104._title,Collectez 5000 points d’événement.
mst.mission.2314104._detail,Obtenez 5000 points d’événement.
mst.mission.2314105._title,Collectez 10 000 points d’événement.
mst.mission.2314105._detail,Obtenez 10 000 points d’événement.
mst.mission.2314106._title,Terminez une chanson de Love Live! Superstar!!.
mst.mission.2314106._detail,Terminez des morceaux de Love Live! Superstar!!.
mst.mission.2314107._title,Termes acceptés
mst.mission.2314107._detail,Termes de la mission : Terminez 3 chansons de Love Live! Superstar!!.
mst.mission.2314108._title,ラブライブ！スーパースター!!の楽曲を5回クリアしよう
mst.mission.2314108._detail,Terminez 5 chansons de Love Live! Superstar!!.
mst.mission.2214109._title,Live : terminez-le 10 fois
mst.mission.2214109._detail,Terminez 10 Live.
mst.mission.2214110._title,Live : terminez-le 20 fois
mst.mission.2214110._detail,Terminez 20 Lives.
mst.mission.2214111._title,Live : terminez-le 30 fois
mst.mission.2214111._detail,Terminez 30 Lives.
mst.mission.2214112._title,Live : terminez-le 40 fois
mst.mission.2214112._detail,Terminez 40 Lives.
mst.mission.2214113._title,Termes convenus — Termes convenus
mst.mission.2214113._detail,Terminez 50 Lives.
mst.mission.2214114._title,Live : terminez-le 60 fois
mst.mission.2214114._detail,Live : terminez-le 60 fois.
mst.mission.2214115._title,Live : terminez-le 70 fois
mst.mission.2214115._detail,Live : réussissez-le 70 fois.
mst.mission.2214116._title,Terminez 80 Lives
mst.mission.2214116._detail,Terminez 80 Lives.
mst.mission.2214117._title,Live : terminez-le 90 fois
mst.mission.2214117._detail,Terminez 90 Lives.
mst.mission.2214118._title,Terminez 100 Lives
mst.mission.2214118._detail,Terminez 100 Lives.
mst.mission.2214119._title,Terminez 125 Lives
mst.mission.2214119._detail,Terminez 125 Lives.
mst.mission.2214120._title,Terminez 150 Lives
mst.mission.2214120._detail,Terminez 150 Lives.
mst.mission.2214121._title,Terminez 200 Lives
mst.mission.2214121._detail,Terminez 200 Lives.
mst.mission.2214122._title,Live : terminez-le fois
mst.mission.2214122._detail,Terminez 250 Lives.
mst.mission.2214123._title,Terminez 300 Lives
mst.mission.2214123._detail,Terminez 300 Lives.
mst.mission.2214124._title,Terminez 350 Lives
mst.mission.2214124._detail,Terminez 350 Lives.
mst.mission.2214125._title,Terminez 400 Lives
mst.mission.2214125._detail,Terminez 400 Lives.
mst.mission.2214126._title,Terminez 450 Lives
mst.mission.2214126._detail,Terminez 450 Lives.
mst.mission.2214127._title,Terminez 500 Lives
mst.mission.2214127._detail,Terminez 500 Lives.
mst.mission.2214128._title,Faites un full combo sur une chanson d'événement.
mst.mission.2214128._detail,Réussissez un combo parfait sur une chanson d'événement.
mst.mission.2214129._title,Atteindre un score de 50 000 avec la chanson « Nonfiction!! » en difficulté normale ou supérieure.
mst.mission.2214129._detail,Obtenez un score de 50 000 avec la chanson « Nonfiction!! » en difficulté normale ou supérieure.
mst.mission.2214130._title,Atteignez un score de 200 000 en difficulté HARD ou supérieure dans la chanson « Nonfiction!! ».
mst.mission.2214130._detail,Obtenez un score de 200 000 à la chanson « Nonfiction ! » en difficulté HARD ou supérieure.
mst.mission.2214131._title,Atteignez un score de 300 000 en mode EXPERT ou supérieur pour la chanson « Nonfiction!! ».
mst.mission.2214131._detail,Obtenez un score de 300 000 en mode EXPERT ou supérieur pour la chanson « Nonfiction!! ».
mst.mission.2214132._title,Connectez-vous à l’application ! ※Non affiché
mst.mission.2214132._detail,Connectez-vous à l’application ! ※Non affiché
mst.mission.2214133._title,Récupérez 5 000 points d’événement ! ※Non affiché
mst.mission.2214133._detail,Récupérez 5 000 points d’événement.
mst.mission.2214134._title,Récupérez 12 000 points d’événement ! (non affiché)
mst.mission.2214134._detail,Récupérez 12 000 points d’événement. ※Non affiché
mst.mission.2214135._title,Récupérez 20 000 points d’événement ! ※Non affiché
mst.mission.2214135._detail,Récupérez 20 000 points d’événement. ※Non affiché
mst.mission.2214136._title,Collectez 30 000 points d’événement ! ※Non affiché
mst.mission.2214136._detail,Collectez 30 000 points d’événement.
mst.mission.1653001._title,Connectez-vous.
mst.mission.1653001._detail,Connectez-vous.
mst.mission.1605001._title,Terminez un Live.
mst.mission.1605001._detail,Terminez un Live.
mst.mission.1662001._title,Jouez la chanson choisie par la sélection aléatoire.
mst.mission.1662001._detail,Jouez la chanson choisie par la sélection aléatoire.
mst.mission.1663001._title,Effectuez un recrutement d’objets.
mst.mission.1663001._detail,Effectuez un recrutement.
mst.mission.1660001._title,"Dans la Formation, visez un total de 27 500 ou plus pour n’importe quel Attribut."
mst.mission.1660001._detail,Atteignez un total de 27 500 points d’attribut « N » en Formation.
mst.mission.1614001._title,Augmentez le niveau de l’Idole.
mst.mission.1614001._detail,Améliorez le niveau de l’Idole à 2 ou plus.
mst.mission.1666001._title,Configurez les options Live.
mst.mission.1666001._detail,Configurez les options Live.
mst.mission.1658001._title,Améliorez l’Affection d’une Idole à 10.
mst.mission.1658001._detail,Atteindre un niveau d’Affection de 10 ou plus.
mst.mission.1661001._title,Modifiez la personnalisation de l’écran d’accueil.
mst.mission.1661001._detail,Modifiez la personnalisation de l’écran d’accueil.
mst.mission.1653002._title,Connectez-vous pendant 2 jours.
mst.mission.1653002._detail,Connectez-vous pendant 2 jours.
mst.mission.1605002._title,Live : terminez-le 10 fois
mst.mission.1605002._detail,Terminez 10 Live.
mst.mission.1665001._title,Définir une liste de recommandations
mst.mission.1665001._detail,Définissez une liste de recommandations.
mst.mission.1664001._title,Améliorez le niveau de compétence des Idoles
mst.mission.1664001._detail,Améliorez le niveau de compétence d’une Idole jusqu’à .
mst.mission.1658002._title,Améliorez l’Affection d’une Idole à 20.
mst.mission.1658002._detail,Atteindre une Affection de 20 ou plus.
mst.mission.1630001._title,Formez une équipe avec 5 membres du même Attribut.
mst.mission.1630001._detail,Créez un deck avec au moins 5 membres de type « - ».
mst.mission.1606001._title,Définir la dépense de LP à x2
mst.mission.1606001._detail,Définir la dépense de LP à x2
mst.mission.1614002._title,Améliorez 3 Idoles au niveau 20 ou plus
mst.mission.1614002._detail,Améliorez 3 Idoles au niveau 20 ou plus.
mst.mission.1663002._title,Effectuez 2 recrutements d’objets.
mst.mission.1663002._detail,Effectuez 20 recrutements.
mst.mission.1653003._title,Connectez-vous pendant 3 jours.
mst.mission.1653003._detail,Connectez-vous pendant 3 jours.
mst.mission.1605003._title,Live : terminez-le 20 fois
mst.mission.1605003._detail,Terminez 20 Lives.
mst.mission.1660002._title,Atteindre un total de 29 000 en Attribut dans la Formation
mst.mission.1660002._detail,"Dans la Formation, atteignez un total de 29 000 points pour les membres de l’Attribut « N »."
mst.mission.1617001._title,Éveil d'une Idole
mst.mission.1617001._detail,Faites l’Éveil d’une Idole de n’importe quelle rareté.
mst.mission.1658003._title,Améliorez l’Affection d’une Idole à 30.
mst.mission.1658003._detail,Atteindre un niveau d’Affection de 30 ou plus.
mst.mission.1625001._title,Préparez la sauvegarde de votre compte.
mst.mission.1625001._detail,Préparez le transfert de compte.
mst.mission.1614003._title,Améliorez 5 Idoles au niveau 30 ou plus.
mst.mission.1614003._detail,Améliorez 5 Idoles au niveau 30 ou plus.
mst.mission.1664002._title,Améliorez 3 cartes au niveau de compétence 2 ou plus.
mst.mission.1664002._detail,Améliorez les compétences de 3 Idoles jusqu’au niveau ou plus.
mst.mission.1626001._title,Suivez le compte Twitter officiel.
mst.mission.1626001._detail,Suivez le compte Twitter officiel.
mst.mission.2900001._title,Terminez 5 Lives
mst.mission.2900001._detail,Terminez 5 Lives.
mst.mission.2900002._title,Live : terminez-le 10 fois
mst.mission.2900002._detail,Terminez 10 Live.
mst.mission.2900003._title,Termes acceptés — Effectuez 15 Lives.
mst.mission.2900003._detail,Terminez 15 Live.
mst.mission.2900004._title,Live : terminez-le 20 fois
mst.mission.2900004._detail,Terminez 20 Lives.
mst.mission.2900005._title,Terminez 25 Lives
mst.mission.2900005._detail,Terminez 25 Lives.
mst.mission.2900006._title,Live : terminez-le 30 fois
mst.mission.2900006._detail,Terminez 30 Lives.
mst.mission.2900007._title,Terminez 35 Lives
mst.mission.2900007._detail,Terminez 35 Lives.
mst.mission.2900008._title,Live : terminez-le 40 fois
mst.mission.2900008._detail,Terminez 40 Lives.
mst.mission.2900009._title,Terminez 45 Lives
mst.mission.2900009._detail,Terminez 45 Lives.
mst.mission.2900010._title,Termes convenus — Termes convenus
mst.mission.2900010._detail,Terminez 50 Lives.
mst.mission.2900011._title,Terminez 55 Lives
mst.mission.2900011._detail,Terminez 55 Lives.
mst.mission.2900012._title,Live : terminez-le 60 fois
mst.mission.2900012._detail,Live : terminez-le 60 fois.
mst.mission.2900013._title,Live : terminez-le fois
mst.mission.2900013._detail,Terminez 65 Lives.
mst.mission.2900014._title,Live : terminez-le 70 fois
mst.mission.2900014._detail,Live : réussissez-le 70 fois.
mst.mission.2900015._title,Live : terminez-le fois
mst.mission.2900015._detail,Terminez 75 Lives.
mst.mission.2900016._title,Terminez 80 Lives
mst.mission.2900016._detail,Terminez 80 Lives.
mst.mission.2900017._title,Terminez 85 Lives
mst.mission.2900017._detail,Terminez 85 Lives.
mst.mission.2900018._title,Live : terminez-le 90 fois
mst.mission.2900018._detail,Terminez 90 Lives.
mst.mission.2900019._title,Terminez 95 Lives
mst.mission.2900019._detail,Terminez 95 Lives.
mst.mission.2900020._title,Terminez 100 Lives
mst.mission.2900020._detail,Terminez 100 Lives.
mst.mission.2900021._title,Terminez 110 Lives
mst.mission.2900021._detail,Terminez 110 Lives.
mst.mission.2900022._title,Live : terminez-le 120 fois
mst.mission.2900022._detail,Terminez 120 Lives.
mst.mission.2900023._title,Terminez 130 Lives
mst.mission.2900023._detail,Terminez 130 Lives.
mst.mission.2900024._title,Terminez 140 Lives
mst.mission.2900024._detail,Terminez 140 Lives.
mst.mission.2900025._title,Terminez 150 Lives
mst.mission.2900025._detail,Terminez 150 Lives.
mst.mission.2900026._title,Terminez 160 Lives
mst.mission.2900026._detail,Terminez 160 Lives.
mst.mission.2900027._title,Terminez 170 Lives
mst.mission.2900027._detail,Terminez 170 Lives.
mst.mission.2900028._title,Terminez 180 Lives
mst.mission.2900028._detail,Terminez 180 Lives.
mst.mission.2900029._title,Terminez Live.
mst.mission.2900029._detail,Terminez 190 Lives.
mst.mission.2900030._title,Terminez 200 Lives
mst.mission.2900030._detail,Terminez 200 Lives.
mst.mission.2900031._title,Live : terminez-le fois
mst.mission.2900031._detail,Terminez 210 Lives.
mst.mission.2900032._title,Live : terminez-le 220 fois
mst.mission.2900032._detail,Terminez 220 Lives.
mst.mission.2900033._title,Live : terminez-le fois
mst.mission.2900033._detail,Terminez 230 Lives.
mst.mission.2900034._title,Live : terminez-le fois
mst.mission.2900034._detail,Terminez 240 Lives.
mst.mission.2900035._title,Live : terminez-le fois
mst.mission.2900035._detail,Terminez 250 Lives.
mst.mission.2900036._title,Live : terminez-le 260 fois
mst.mission.2900036._detail,Terminez 260 Lives.
mst.mission.2900037._title,Live : terminez-le fois
mst.mission.2900037._detail,Terminez 270 Lives.
mst.mission.2900038._title,Terminez 280 Lives
mst.mission.2900038._detail,Terminez 280 Lives.
mst.mission.2900039._title,Live : terminez-le fois
mst.mission.2900039._detail,Terminez 290 Lives.
mst.mission.2900040._title,Terminez 300 Lives
mst.mission.2900040._detail,Terminez 300 Lives.
mst.mission.2900041._title,"Faites 5 Full Combos en Live, niveau NORMAL ou supérieur."
mst.mission.2900041._detail,"Réalisez 5 Full Combos en Live, en difficulté normale ou supérieure."
mst.mission.2900042._title,"Réalisez 10 Full Combos en mode Live, difficulté NORMAL ou supérieure."
mst.mission.2900042._detail,"Réalisez 10 combos parfaits en Live, en difficulté normale ou supérieure."
mst.mission.2900043._title,"Réalisez 15 combos parfaits en mode Live, niveau NORMAL ou supérieur."
mst.mission.2900043._detail,"Réalisez 15 fois le combo parfait en mode Live, niveau NORMAL ou supérieur."
mst.mission.2900044._title,"Réalisez 20 combos parfaits en mode Live, niveau NORMAL ou supérieur."
mst.mission.2900044._detail,"Réalisez 20 Full Combos en Live, en difficulté NORMAL ou supérieure."
mst.mission.2900045._title,"Réalisez 25 combos parfaits en Live, en difficulté normale ou supérieure."
mst.mission.2900045._detail,"Réalisez 25 combos parfaits en Live, en difficulté normale ou supérieure."
mst.mission.2900046._title,"Faites 30 Full Combos en Live, niveau NORMAL ou supérieur."
mst.mission.2900046._detail,"Réalisez 30 combos parfaits en Live, en difficulté normale ou supérieure."
mst.mission.2900047._title,Terminez 10 chansons de Love Live !
mst.mission.2900047._detail,Terminez 10 chansons de Love Live !
mst.mission.2900048._title,Termes acceptés — Effectuez 20 fois le Live.
mst.mission.2900048._detail,Terminez 20 chansons de Love Live !
mst.mission.2900049._title,ラブライブ！の楽曲を30回クリアしよう
mst.mission.2900049._detail,Terminez 30 chansons de Love Live !
mst.mission.2900050._title,ラブライブ！の楽曲を40回クリアしよう
mst.mission.2900050._detail,Terminez 40 chansons de Love Live !
mst.mission.2900051._title,ラブライブ！の楽曲を50回クリアしよう
mst.mission.2900051._detail,Terminez 50 chansons de Love Live !
mst.mission.2900052._title,ラブライブ！サンシャイン!!の楽曲を10回クリアしよう
mst.mission.2900052._detail,Terminez la mission : terminez 10 fois des morceaux de Love Live! Sunshine!!.
mst.mission.2900053._title,ラブライブ！サンシャイン!!の楽曲を20回クリアしよう
mst.mission.2900053._detail,Terminez 20 chansons de Love Live! Sunshine!!.
mst.mission.2900054._title,Termes acceptés — Essayez de terminer les chansons de Love Live! Sunshine!! 30 fois.
mst.mission.2900054._detail,Terminez 30 chansons de Love Live! Sunshine!!.
mst.mission.2900055._title,Termes acceptés — Essayez de terminer les morceaux de Love Live! Sunshine!! 40 fois.
mst.mission.2900055._detail,Terminez 40 chansons de Love Live! Sunshine!!.
mst.mission.2900056._title,Termes acceptés : terminez 50 chansons de Love Live! Sunshine!!
mst.mission.2900056._detail,Terminez 50 chansons de Love Live! Sunshine!!.
mst.mission.2900057._title,Terminez 10 chansons de Love Live! Nijigasaki Gakuen School Idol Club.
mst.mission.2900057._detail,Terminez les chansons de Love Live! Nijigasaki Gakuen School Idol Club 10 fois.
mst.mission.2900058._title,Terminez 20 chansons de Love Live! Nijigasaki School Idol Club.
mst.mission.2900058._detail,Terminez les chansons de Love Live! Nijigasaki High School Idol Club 20 fois.
mst.mission.2900059._title,Termes acceptés : Termes acceptés
mst.mission.2900059._detail,Terminez 30 chansons de Love Live! Nijigasaki School Idol Club.
mst.mission.2900060._title,ラブライブ！虹ヶ咲学園スクールアイドル同好会の楽曲を40回クリアしよう
mst.mission.2900060._detail,Terminez les chansons de Love Live! Nijigasaki Gakuen School Idol Club 40 fois.
mst.mission.2900061._title,Terminez la chanson de Love Live! Nijigasaki School Idol Club 50 fois.
mst.mission.2900061._detail,Terminez les chansons de Love Live! Nijigasaki Gakuen School Idol Club 50 fois.
mst.mission.2900062._title,Termes acceptés — Essayez de terminer les chansons de Love Live! Superstar!! 10 fois.
mst.mission.2900062._detail,Terminez la mission : terminez les morceaux de Love Live! Superstar!! 10 fois.
mst.mission.2900063._title,Termes acceptés — Termes acceptés
mst.mission.2900063._detail,Terminez 20 chansons de Love Live! Superstar!!.
mst.mission.2900064._title,Termes acceptés — Essayez de terminer 30 chansons de Love Live! Superstar!!.
mst.mission.2900064._detail,Terminez 30 chansons de Love Live! Superstar!!.
mst.mission.2900065._title,Termes acceptés — Essayez de terminer 40 chansons de Love Live! Superstar!!.
mst.mission.2900065._detail,Termes de l’accord : terminez 40 chansons de Love Live! Superstar!!.
mst.mission.2900066._title,Terminez 50 chansons de Love Live! Superstar!!.
mst.mission.2900066._detail,Terminez 50 chansons de Love Live! Superstar!!.
mst.mission.2900067._title,Termes acceptés : efforcez-vous toujours de traduire « クール » par « Cool ».
mst.mission.2900067._detail,Terminez 10 chansons de Love Live! Nijigasaki High School Idol Club.
mst.mission.3000068._title,Connectez-vous.
mst.mission.3000068._detail,Connectez-vous.
mst.mission.3000069._title,Terminez 5 Lives
mst.mission.3000069._detail,Terminez 5 Lives.
mst.mission.3000070._title,Connectez-vous.
mst.mission.3000070._detail,Connectez-vous.
mst.mission.3000071._title,Terminez un Live.
mst.mission.3000071._detail,Terminez un Live.
mst.mission.3000072._title,Terminez 2 Lives
mst.mission.3000072._detail,Terminez le Live deux fois.
mst.mission.3000073._title,Terminez 3 Lives
mst.mission.3000073._detail,Terminez 3 Lives.
mst.mission.3200074._title,Connectez-vous.
mst.mission.3200074._detail,Connectez-vous.
mst.mission.3200075._title,Obtenez un score de 50 000 dans la chanson « Dancing stars on me » en difficulté normale ou supérieure.
mst.mission.3200075._detail,Obtenez un score de 50 000 dans la chanson « Dancing Stars on Me » en difficulté normale ou supérieure.
mst.mission.3200076._title,Atteignez un score de 50 000 dans la chanson « Aqours Pirates Desire » en difficulté normale ou supérieure.
mst.mission.3200076._detail,Obtenez un score de 50 000 avec la chanson « Aqours Pirates Desire » en difficulté normale ou supérieure.
mst.mission.3200077._title,Obtenez un score de 50 000 en mode NORMAL ou supérieur pour la chanson « Maze Town ».
mst.mission.3200077._detail,Obtenez un score de 50 000 dans la chanson « Maze Town » en difficulté normale ou supérieure.
mst.mission.3200078._title,Obtenez un score de 50 000 en mode NORMAL ou supérieur pour la chanson « Utopia Magic ».
mst.mission.3200078._detail,Obtenez un score de 50 000 dans la chanson « Utopia Magic » en difficulté normale ou supérieure.
mst.mission.3300079._title,Terminez 5 Lives
mst.mission.3300079._detail,Terminez 5 Lives.
mst.mission.3300080._title,Live : terminez-le 10 fois
mst.mission.3300080._detail,Terminez 10 Live.
mst.mission.3300081._title,Termes acceptés — Effectuez 15 Lives.
mst.mission.3300081._detail,Terminez 15 Live.
mst.mission.3300082._title,Live : terminez-le 20 fois
mst.mission.3300082._detail,Terminez 20 Lives.
mst.mission.3300083._title,Terminez 25 Lives
mst.mission.3300083._detail,Terminez 25 Lives.
mst.mission.3300084._title,Live : terminez-le 30 fois
mst.mission.3300084._detail,Terminez 30 Lives.
mst.mission.3300085._title,Jouez la chanson choisie par la sélection aléatoire.
mst.mission.3300085._detail,Jouez la chanson choisie par la sélection aléatoire.
mst.mission.3300086._title,Jouez la chanson choisie par la sélection aléatoire deux fois.
mst.mission.3300086._detail,Jouez à la chanson choisie par la sélection aléatoire deux fois.
mst.mission.3300087._title,Jouez la chanson sélectionnée par la fonction de lecture aléatoire 3 fois.
mst.mission.3300087._detail,Jouez la chanson sélectionnée par la fonction de sélection aléatoire 3 fois.
mst.mission.2800088._title,Connectez-vous.
mst.mission.2800088._detail,Connectez-vous.
mst.mission.2800089._title,Terminez 3 Lives
mst.mission.2800089._detail,Terminez 3 Lives.
mst.mission.2900090._title,Live : terminez-le 10 fois
mst.mission.2900090._detail,Terminez 10 Live.
mst.mission.3000091._title,Connectez-vous.
mst.mission.3000091._detail,Connectez-vous.
mst.mission.3000092._title,Terminez un Live.
mst.mission.3000092._detail,Terminez un Live.
mst.mission.3000093._title,Terminez 3 Lives
mst.mission.3000093._detail,Terminez 3 Lives.
mst.mission.3100094._title,Terminez 10 chansons de Love Live !
mst.mission.3100094._detail,Terminez 10 chansons de Love Live !
mst.mission.3100095._title,ラブライブ！サンシャイン!!の楽曲を10回クリアしよう
mst.mission.3100095._detail,Terminez la mission : terminez 10 fois des morceaux de Love Live! Sunshine!!.
mst.mission.3100096._title,Terminez 10 chansons de Love Live! Nijigasaki Gakuen School Idol Club.
mst.mission.3100096._detail,Terminez les chansons de Love Live! Nijigasaki Gakuen School Idol Club 10 fois.
mst.mission.3100097._title,Termes acceptés — Essayez de terminer les chansons de Love Live! Superstar!! 10 fois.
mst.mission.3100097._detail,Terminez la mission : terminez les morceaux de Love Live! Superstar!! 10 fois.
mst.mission.3100098._title,Termes acceptés — Effectuez 20 fois le Live.
mst.mission.3100098._detail,Terminez 20 chansons de Love Live !
mst.mission.3100099._title,ラブライブ！サンシャイン!!の楽曲を20回クリアしよう
mst.mission.3100099._detail,Terminez 20 chansons de Love Live! Sunshine!!.
mst.mission.3100100._title,Terminez 20 chansons de Love Live! Nijigasaki School Idol Club.
mst.mission.3100100._detail,Terminez les chansons de Love Live! Nijigasaki High School Idol Club 20 fois.
mst.mission.3100101._title,Termes acceptés — Termes acceptés
mst.mission.3100101._detail,Terminez 20 chansons de Love Live! Superstar!!.
mst.mission.3100102._title,ラブライブ！の楽曲を30回クリアしよう
mst.mission.3100102._detail,Terminez 30 chansons de Love Live !
mst.mission.3100103._title,Termes acceptés — Essayez de terminer les chansons de Love Live! Sunshine!! 30 fois.
mst.mission.3100103._detail,Terminez 30 chansons de Love Live! Sunshine!!.
mst.mission.3100104._title,Termes acceptés : Termes acceptés
mst.mission.3100104._detail,Terminez 30 chansons de Love Live! Nijigasaki School Idol Club.
mst.mission.3100105._title,Termes acceptés — Essayez de terminer 30 chansons de Love Live! Superstar!!.
mst.mission.3100105._detail,Terminez 30 chansons de Love Live! Superstar!!.
mst.mission.3200106._title,Connectez-vous.
mst.mission.3200106._detail,Connectez-vous.
mst.mission.3200107._title,Obtenez un score de 50 000 dans la chanson « Akino Anata no Sora Tooku » en difficulté normale ou supérieure.
mst.mission.3200107._detail,Obtenez un score de 50 000 dans la chanson « Akino Anata no Sora Tooku » en difficulté normale ou supérieure.
mst.mission.3200108._title,Atteignez un score de 50 000 dans la chanson « Aqours Pirates Desire » en difficulté normale ou supérieure.
mst.mission.3200108._detail,Obtenez un score de 50 000 avec la chanson « Aqours Pirates Desire » en difficulté normale ou supérieure.
mst.mission.3200109._title,Obtenez un score de 50 000 avec la chanson « Beautiful Moonlight » en difficulté normale ou supérieure.
mst.mission.3200109._detail,Obtenez un score de 50 000 en mode NORMAL ou supérieur pour la chanson « Beautiful Moonlight ».
mst.mission.3200110._title,"Obtenez un score de 50 000 en mode NORMAL ou supérieur pour la chanson « Chance Day, Chance Way ! »."
mst.mission.3200110._detail,"Obtiens un score de 50 000 dans la chanson « Chance Day, Chance Way ! » en difficulté normale ou supérieure."
mst.mission.3300111._title,Terminez 5 Lives
mst.mission.3300111._detail,Terminez 5 Lives.
mst.mission.3300112._title,Live : terminez-le 10 fois
mst.mission.3300112._detail,Terminez 10 Live.
mst.mission.3300113._title,Termes acceptés — Effectuez 15 Lives.
mst.mission.3300113._detail,Terminez 15 Live.
mst.mission.3300114._title,Live : terminez-le 20 fois
mst.mission.3300114._detail,Terminez 20 Lives.
mst.mission.3300115._title,Terminez 25 Lives
mst.mission.3300115._detail,Terminez 25 Lives.
mst.mission.3300116._title,Live : terminez-le 30 fois
mst.mission.3300116._detail,Terminez 30 Lives.
mst.mission.2800117._title,Connectez-vous.
mst.mission.2800117._detail,Connectez-vous.
mst.mission.2800118._title,Terminez 3 Lives
mst.mission.2800118._detail,Terminez 3 Lives.
mst.mission.2900119._title,Live : terminez-le 10 fois
mst.mission.2900119._detail,Terminez 10 Live.
mst.mission.3000120._title,Connectez-vous.
mst.mission.3000120._detail,Connectez-vous.
mst.mission.3000121._title,Terminez 3 Lives
mst.mission.3000121._detail,Terminez 3 Lives.
mst.mission.3100122._title,Live : terminez-le 10 fois
mst.mission.3100122._detail,Terminez 10 Live.
mst.mission.3300123._title,Terminez un Live.
mst.mission.3300123._detail,Terminez un Live.
mst.mission.3300124._title,Terminez 2 Lives
mst.mission.3300124._detail,Terminez le Live deux fois.
mst.mission.3300125._title,Terminez 3 Lives
mst.mission.3300125._detail,Terminez 3 Lives.
mst.mission.3300126._title,Terminez 4 Lives
mst.mission.3300126._detail,Terminez 4 fois le Live.
mst.mission.3300127._title,Terminez 5 Lives
mst.mission.3300127._detail,Terminez 5 Lives.
mst.mission.3300128._title,Live : réussissez-le 6 fois
mst.mission.3300128._detail,Terminez 6 Lives.
mst.mission.3300129._title,Terminez 8 Lives
mst.mission.3300129._detail,Terminez 8 Lives.
mst.mission.3300130._title,Live : terminez-le 10 fois
mst.mission.3300130._detail,Terminez 10 Live.
mst.mission.3300131._title,Terminez 12 Lives
mst.mission.3300131._detail,Terminez 12 Lives.
mst.mission.3300132._title,Termes acceptés — Effectuez 15 Lives.
mst.mission.3300132._detail,Terminez 15 Live.
mst.mission.3300133._title,Terminez 18 Lives
mst.mission.3300133._detail,Terminez 18 Lives.
mst.mission.3300134._title,Terminez 21 Lives
mst.mission.3300134._detail,Terminez 21 Lives.
mst.mission.3300135._title,Live : terminez-le 24 fois
mst.mission.3300135._detail,Terminez 24 Lives.
mst.mission.3300136._title,Live : terminez-le 27 fois
mst.mission.3300136._detail,Terminez 27 Lives.
mst.mission.3300137._title,Live : terminez-le 30 fois
mst.mission.3300137._detail,Terminez 30 Lives.
mst.mission.3300138._title,Live : terminez-le fois
mst.mission.3300138._detail,Terminez 33 Lives.
mst.mission.3300139._title,Terminez 36 Lives
mst.mission.3300139._detail,Terminez 36 Lives.
mst.mission.3300140._title,Live : terminez-le 40 fois
mst.mission.3300140._detail,Terminez 40 Lives.
mst.mission.3300141._title,Terminez 45 Lives
mst.mission.3300141._detail,Terminez 45 Lives.
mst.mission.3300142._title,Termes convenus — Termes convenus
mst.mission.3300142._detail,Terminez 50 Lives.
mst.mission.3300143._title,Terminez 55 Lives
mst.mission.3300143._detail,Terminez 55 Lives.
mst.mission.3300144._title,Live : terminez-le 60 fois
mst.mission.3300144._detail,Live : terminez-le 60 fois.
mst.mission.3300145._title,Live : terminez-le fois
mst.mission.3300145._detail,Terminez 65 Lives.
mst.mission.3300146._title,Live : terminez-le 70 fois
mst.mission.3300146._detail,Live : réussissez-le 70 fois.
mst.mission.3300147._title,Live : terminez-le fois
mst.mission.3300147._detail,Terminez 75 Lives.
mst.mission.3300148._title,Terminez 80 Lives
mst.mission.3300148._detail,Terminez 80 Lives.
mst.mission.3300149._title,Terminez 85 Lives
mst.mission.3300149._detail,Terminez 85 Lives.
mst.mission.3300150._title,Live : terminez-le 90 fois
mst.mission.3300150._detail,Terminez 90 Lives.
mst.mission.3300151._title,Terminez 95 Lives
mst.mission.3300151._detail,Terminez 95 Lives.
mst.mission.3300152._title,Terminez 100 Lives
mst.mission.3300152._detail,Terminez 100 Lives.
mst.mission.3300153._title,Terminez 105 Lives
mst.mission.3300153._detail,Terminez 105 Lives.
mst.mission.3300154._title,Terminez 110 Lives
mst.mission.3300154._detail,Terminez 110 Lives.
mst.mission.3300155._title,Terminez 115 Lives
mst.mission.3300155._detail,Terminez 115 Lives.
mst.mission.3300156._title,Live : terminez-le 120 fois
mst.mission.3300156._detail,Terminez 120 Lives.
mst.mission.3300157._title,Terminez 125 Lives
mst.mission.3300157._detail,Terminez 125 Lives.
mst.mission.3300158._title,Terminez 130 Lives
mst.mission.3300158._detail,Terminez 130 Lives.
mst.mission.3300159._title,Terminez Lives.
mst.mission.3300159._detail,Terminez 135 Lives.
mst.mission.3300160._title,Terminez 140 Lives
mst.mission.3300160._detail,Terminez 140 Lives.
mst.mission.3300161._title,Live : terminez-le fois
mst.mission.3300161._detail,Terminez 145 Lives.
mst.mission.3300162._title,Terminez 150 Lives
mst.mission.3300162._detail,Terminez 150 Lives.
mst.mission.3300163._title,"Réalisez un Full Combo en mode Live, difficulté NORMAL ou supérieure."
mst.mission.3300163._detail,"Obtenez un FULL COMBO en mode Live, difficulté NORMAL ou supérieure."
mst.mission.3300164._title,"Faites 3 Full Combos en mode Live, difficulté NORMAL ou supérieure."
mst.mission.3300164._detail,"Réalisez 3 fois le combo parfait en Live, en difficulté normale ou supérieure."
mst.mission.3300165._title,"Faites 6 Full Combos en Live, niveau NORMAL ou supérieur."
mst.mission.3300165._detail,"Réalisez 6 combos parfaits en Live, en difficulté normale ou supérieure."
mst.mission.3300166._title,"Réalisez 9 Full Combos en Live, niveau NORMAL ou supérieur."
mst.mission.3300166._detail,"Réalisez 9 combos parfaits en Live, en difficulté normale ou supérieure."
mst.mission.3300167._title,"Réalisez 12 combos parfaits en mode Live, niveau NORMAL ou supérieur."
mst.mission.3300167._detail,"Réalisez 12 combos parfaits en Live, en difficulté normale ou supérieure."
mst.mission.3300168._title,"Réalisez 15 combos parfaits en mode Live, niveau NORMAL ou supérieur."
mst.mission.3300168._detail,"Réalisez 15 fois le combo parfait en mode Live, niveau NORMAL ou supérieur."
mst.mission.3300169._title,Termes acceptés — Termes convenus
mst.mission.3300169._detail,Terminez 5 morceaux de Love Live !
mst.mission.3300170._title,Terminez 10 chansons de Love Live !
mst.mission.3300170._detail,Terminez 10 chansons de Love Live !
mst.mission.3300171._title,ラブライブ！の楽曲を15回クリアしよう
mst.mission.3300171._detail,Terminez 15 chansons de Love Live !
mst.mission.3300172._title,Termes acceptés — Effectuez 20 fois le Live.
mst.mission.3300172._detail,Terminez 20 chansons de Love Live !
mst.mission.3300173._title,ラブライブ！の楽曲を30回クリアしよう
mst.mission.3300173._detail,Terminez 30 chansons de Love Live !
mst.mission.3300174._title,ラブライブ！サンシャイン!!の楽曲を5回クリアしよう
mst.mission.3300174._detail,Terminez 5 chansons de Love Live! Sunshine!!.
mst.mission.3300175._title,ラブライブ！サンシャイン!!の楽曲を10回クリアしよう
mst.mission.3300175._detail,Terminez la mission : terminez 10 fois des morceaux de Love Live! Sunshine!!.
mst.mission.3300176._title,Termes acceptés — Essayez de terminer 15 chansons de Love Live! Sunshine!!.
mst.mission.3300176._detail,Terminez 15 chansons de Love Live! Sunshine!!.
mst.mission.3300177._title,ラブライブ！サンシャイン!!の楽曲を20回クリアしよう
mst.mission.3300177._detail,Terminez 20 chansons de Love Live! Sunshine!!.
mst.mission.3300178._title,Termes acceptés — Essayez de terminer les chansons de Love Live! Sunshine!! 30 fois.
mst.mission.3300178._detail,Terminez 30 chansons de Love Live! Sunshine!!.
mst.mission.3300179._title,Terminez la chanson de Love Live! Nijigasaki Gakuen School Idol Club 5 fois.
mst.mission.3300179._detail,Termes acceptés : utilisez toujours « Cool » pour traduire « クール ».
mst.mission.3300180._title,Terminez 10 chansons de Love Live! Nijigasaki Gakuen School Idol Club.
mst.mission.3300180._detail,Terminez les chansons de Love Live! Nijigasaki Gakuen School Idol Club 10 fois.
mst.mission.3300181._title,ラブライブ！虹ヶ咲学園スクールアイドル同好会の楽曲を15回クリアしよう
mst.mission.3300181._detail,Terminez la chanson de Love Live! Nijigasaki Gakuen School Idol Club 15 fois.
mst.mission.3300182._title,Terminez 20 chansons de Love Live! Nijigasaki School Idol Club.
mst.mission.3300182._detail,Terminez les chansons de Love Live! Nijigasaki High School Idol Club 20 fois.
mst.mission.3300183._title,Termes acceptés : Termes acceptés
mst.mission.3300183._detail,Terminez 30 chansons de Love Live! Nijigasaki School Idol Club.
mst.mission.3300184._title,ラブライブ！スーパースター!!の楽曲を5回クリアしよう
mst.mission.3300184._detail,Terminez 5 chansons de Love Live! Superstar!!.
mst.mission.3300185._title,Termes acceptés — Essayez de terminer les chansons de Love Live! Superstar!! 10 fois.
mst.mission.3300185._detail,Terminez la mission : terminez les morceaux de Love Live! Superstar!! 10 fois.
mst.mission.3300186._title,Termes acceptés — Essayez de terminer 15 chansons de Love Live! Superstar!!.
mst.mission.3300186._detail,Terminez 15 chansons de Love Live! Superstar!!.
mst.mission.3300187._title,Termes acceptés — Termes acceptés
mst.mission.3300187._detail,Terminez 20 chansons de Love Live! Superstar!!.
mst.mission.3300188._title,Termes acceptés — Essayez de terminer 30 chansons de Love Live! Superstar!!.
mst.mission.3300188._detail,Terminez 30 chansons de Love Live! Superstar!!.
mst.mission.3300189._title,ラブライブ！蓮ノ空女学院スクールアイドルクラブの楽曲を5回クリアしよう
mst.mission.3300189._detail,Terminez la mission fois.
mst.mission.3300190._title,Termes acceptés : efforcez-vous toujours de traduire « クール » par « Cool ».
mst.mission.3300190._detail,Terminez 10 chansons de Love Live! Nijigasaki High School Idol Club.
mst.mission.3300191._title,ラブライブ！蓮ノ空女学院スクールアイドルクラブの楽曲を15回クリアしよう
mst.mission.3300191._detail,Terminez 15 chansons de Love Live! Luminous Girls School Idol Club.
mst.mission.3300192._title,ラブライブ！蓮ノ空女学院スクールアイドルクラブの楽曲を20回クリアしよう
mst.mission.3300192._detail,Terminez les morceaux de Love Live! Luminous no Kage Girls' School Idol Club 20 fois.
mst.mission.3300193._title,ラブライブ！蓮ノ空女学院スクールアイドルクラブの楽曲を30回クリアしよう
mst.mission.3300193._detail,Terminez 30 chansons de Love Live! Luminous Girls School Idol Club.
mst.mission.3300194._title,Terminez une chanson de 幻日のヨハネ -SUNSHINE in the MIRROR-
mst.mission.3300194._detail,Terminez des morceaux de 幻日のヨハネ -SUNSHINE in the MIRROR-.
mst.mission.3300195._title,Terminez la chanson de <0> deux fois.
mst.mission.3300195._detail,Terminez la chanson de 幻日のヨハネ -SUNSHINE in the MIRROR deux fois.
mst.mission.3300196._title,Terminez la chanson de 幻日のヨハネ -SUNSHINE in the MIRROR 3 fois.
mst.mission.3300196._detail,Terminez la chanson de 幻日のヨハネ -SUNSHINE in the MIRROR 3 fois.
mst.mission.3300197._title,Terminez quatre fois une chanson de 幻日のヨハネ -SUNSHINE in the MIRROR-.
mst.mission.3300197._detail,Terminez la chanson de 幻日のヨハネ -SUNSHINE in the MIRROR quatre fois.
mst.mission.3300198._title,Terminez 5 fois les morceaux de 幻日のヨハネ -SUNSHINE in the MIRROR-.
mst.mission.3300198._detail,Terminez la chanson de 幻日のヨハネ -SUNSHINE in the MIRROR fois.
mst.mission.3300199._title,Terminez la chanson de 幻日のヨハネ -SUNSHINE in the MIRROR fois.
mst.mission.3300199._detail,Terminez la chanson de 幻日のヨハネ -SUNSHINE in the MIRROR 6 fois.
mst.mission.3300200._title,Terminez la chanson de 幻日のヨハネ -SUNSHINE in the MIRROR- sept fois.
mst.mission.3300200._detail,Terminez la chanson de 幻日のヨハネ -SUNSHINE in the MIRROR fois.
mst.mission.3300201._title,Terminez la chanson de 幻日のヨハネ -SUNSHINE in the MIRROR- 8 fois.
mst.mission.3300201._detail,Terminez la chanson de 幻日のヨハネ -SUNSHINE in the MIRROR 8 fois.
mst.mission.3300202._title,Terminez la chanson de 幻日のヨハネ -SUNSHINE in the MIRROR fois.
mst.mission.3300202._detail,Terminez la chanson de 幻日のヨハネ -SUNSHINE in the MIRROR- neuf fois.
mst.mission.3300203._title,Terminez la chanson de 幻日のヨハネ -SUNSHINE in the MIRROR- 10 fois.
mst.mission.3300203._detail,Terminez 10 chansons de 幻日のヨハネ -SUNSHINE in the MIRROR-.
mst.mission.2800204._title,Connectez-vous.
mst.mission.2800204._detail,Connectez-vous.
mst.mission.2800205._title,Terminez un Live.
mst.mission.2800205._detail,Terminez un Live.
mst.mission.2800206._title,Terminez 3 Lives
mst.mission.2800206._detail,Terminez 3 Lives.
mst.mission.2900207._title,Faire l'événement « Nouvel An : jusqu'à 240 recrutements gratuits »
mst.mission.2900207._detail,Participez à « Célébration Nouvel An ! Jusqu'à 240 recrutements gratuits »
mst.mission.2900208._title,Terminez 5 Lives
mst.mission.2900208._detail,Terminez 5 Lives.
mst.mission.2900209._title,Live : terminez-le 10 fois
mst.mission.2900209._detail,Terminez 10 Live.
mst.mission.2900210._title,Termes acceptés — Effectuez 15 Lives.
mst.mission.2900210._detail,Terminez 15 Live.
mst.mission.2900211._title,Live : terminez-le 20 fois
mst.mission.2900211._detail,Terminez 20 Lives.
mst.mission.2900212._title,Terminez 25 Lives
mst.mission.2900212._detail,Terminez 25 Lives.
mst.mission.2900213._title,Live : terminez-le 30 fois
mst.mission.2900213._detail,Terminez 30 Lives.
mst.mission.2900214._title,Jouez la chanson choisie par la sélection aléatoire.
mst.mission.2900214._detail,Jouez la chanson choisie par la sélection aléatoire.
mst.mission.2900215._title,Jouez la chanson choisie par la sélection aléatoire deux fois.
mst.mission.2900215._detail,Jouez à la chanson choisie par la sélection aléatoire deux fois.
mst.mission.2900216._title,Jouez la chanson sélectionnée par la fonction de lecture aléatoire 3 fois.
mst.mission.2900216._detail,Jouez la chanson sélectionnée par la fonction de sélection aléatoire 3 fois.
mst.mission.2900217._title,Obtenez un score de 50 000 avec la chanson « New Year’s March ! (version janvier-juin) » en difficulté normale ou supérieure.
mst.mission.2900217._detail,Obtenez un score de 50 000 avec la chanson « New Year’s March ! (version janvier à juin) » en difficulté normale ou supérieure.
mst.mission.2900218._title,Obtenez un score de 50 000 en jouant la chanson « New Year’s March ! (version juillet-décembre) » en difficulté normale ou supérieure.
mst.mission.2900218._detail,Obtenez un score de 50 000 avec la chanson « New Year’s March ! (version juillet-décembre) » en difficulté normale ou supérieure.
mst.mission.2900219._title,Obtenez un score de 150 000 à la difficulté normale ou supérieure du morceau « New Year's March ! (version janvier-juin) ».
mst.mission.2900219._detail,Obtenez un score de 150 000 à la difficulté NORMAL ou supérieure pour la chanson « New Year's March！(1~6月Ver.) ».
mst.mission.2900220._title,Obtenez un score de 150 000 dans « New Year’s March ! (version juillet-décembre) » en difficulté normale ou supérieure.
mst.mission.2900220._detail,Obtenez un score de 150 000 en mode NORMAL ou supérieur pour la chanson « New Year's March！(7~12月Ver.) ».
mst.mission.3100221._title,Terminez 5 Lives
mst.mission.3100221._detail,Terminez 5 Lives.
mst.mission.3100222._title,Live : terminez-le 10 fois
mst.mission.3100222._detail,Terminez 10 Live.
mst.mission.3100223._title,Termes acceptés — Effectuez 15 Lives.
mst.mission.3100223._detail,Terminez 15 Live.
mst.mission.3100224._title,Live : terminez-le 20 fois
mst.mission.3100224._detail,Terminez 20 Lives.
mst.mission.3100225._title,Terminez 25 Lives
mst.mission.3100225._detail,Terminez 25 Lives.
mst.mission.3100226._title,Live : terminez-le 30 fois
mst.mission.3100226._detail,Terminez 30 Lives.
mst.mission.3100227._title,Terminez 35 Lives
mst.mission.3100227._detail,Terminez 35 Lives.
mst.mission.3100228._title,Live : terminez-le 40 fois
mst.mission.3100228._detail,Terminez 40 Lives.
mst.mission.3100229._title,Terminez 45 Lives
mst.mission.3100229._detail,Terminez 45 Lives.
mst.mission.3100230._title,Termes convenus — Termes convenus
mst.mission.3100230._detail,Terminez 50 Lives.
mst.mission.3100231._title,Terminez 55 Lives
mst.mission.3100231._detail,Terminez 55 Lives.
mst.mission.3100232._title,Live : terminez-le 60 fois
mst.mission.3100232._detail,Live : terminez-le 60 fois.
mst.mission.3100233._title,Live : terminez-le fois
mst.mission.3100233._detail,Terminez 65 Lives.
mst.mission.3100234._title,Live : terminez-le 70 fois
mst.mission.3100234._detail,Live : réussissez-le 70 fois.
mst.mission.3100235._title,Live : terminez-le fois
mst.mission.3100235._detail,Terminez 75 Lives.
mst.mission.3100236._title,Terminez 80 Lives
mst.mission.3100236._detail,Terminez 80 Lives.
mst.mission.3100237._title,Terminez 85 Lives
mst.mission.3100237._detail,Terminez 85 Lives.
mst.mission.3100238._title,Live : terminez-le 90 fois
mst.mission.3100238._detail,Terminez 90 Lives.
mst.mission.3100239._title,Terminez 95 Lives
mst.mission.3100239._detail,Terminez 95 Lives.
mst.mission.3100240._title,Terminez 100 Lives
mst.mission.3100240._detail,Terminez 100 Lives.
mst.mission.3100241._title,Terminez 110 Lives
mst.mission.3100241._detail,Terminez 110 Lives.
mst.mission.3100242._title,Live : terminez-le 120 fois
mst.mission.3100242._detail,Terminez 120 Lives.
mst.mission.3100243._title,Terminez 130 Lives
mst.mission.3100243._detail,Terminez 130 Lives.
mst.mission.3100244._title,Terminez 140 Lives
mst.mission.3100244._detail,Terminez 140 Lives.
mst.mission.3100245._title,Terminez 150 Lives
mst.mission.3100245._detail,Terminez 150 Lives.
mst.mission.3100246._title,Terminez 160 Lives
mst.mission.3100246._detail,Terminez 160 Lives.
mst.mission.3100247._title,Terminez 170 Lives
mst.mission.3100247._detail,Terminez 170 Lives.
mst.mission.3100248._title,Terminez 180 Lives
mst.mission.3100248._detail,Terminez 180 Lives.
mst.mission.3100249._title,Terminez Live.
mst.mission.3100249._detail,Terminez 190 Lives.
mst.mission.3100250._title,Terminez 200 Lives
mst.mission.3100250._detail,Terminez 200 Lives.
mst.mission.3100251._title,Live : terminez-le fois
mst.mission.3100251._detail,Terminez 210 Lives.
mst.mission.3100252._title,Live : terminez-le 220 fois
mst.mission.3100252._detail,Terminez 220 Lives.
mst.mission.3100253._title,Live : terminez-le fois
mst.mission.3100253._detail,Terminez 230 Lives.
mst.mission.3100254._title,Live : terminez-le fois
mst.mission.3100254._detail,Terminez 240 Lives.
mst.mission.3100255._title,Live : terminez-le fois
mst.mission.3100255._detail,Terminez 250 Lives.
mst.mission.3100256._title,Live : terminez-le 260 fois
mst.mission.3100256._detail,Terminez 260 Lives.
mst.mission.3100257._title,Live : terminez-le fois
mst.mission.3100257._detail,Terminez 270 Lives.
mst.mission.3100258._title,Terminez 280 Lives
mst.mission.3100258._detail,Terminez 280 Lives.
mst.mission.3100259._title,Live : terminez-le fois
mst.mission.3100259._detail,Terminez 290 Lives.
mst.mission.3100260._title,Terminez 300 Lives
mst.mission.3100260._detail,Terminez 300 Lives.
mst.mission.3100261._title,"Faites 5 Full Combos en Live, niveau NORMAL ou supérieur."
mst.mission.3100261._detail,"Réalisez 5 Full Combos en Live, en difficulté normale ou supérieure."
mst.mission.3100262._title,"Réalisez 10 Full Combos en mode Live, difficulté NORMAL ou supérieure."
mst.mission.3100262._detail,"Réalisez 10 combos parfaits en Live, en difficulté normale ou supérieure."
mst.mission.3100263._title,"Réalisez 15 combos parfaits en mode Live, niveau NORMAL ou supérieur."
mst.mission.3100263._detail,"Réalisez 15 fois le combo parfait en mode Live, niveau NORMAL ou supérieur."
mst.mission.3100264._title,"Réalisez 20 combos parfaits en mode Live, niveau NORMAL ou supérieur."
mst.mission.3100264._detail,"Réalisez 20 Full Combos en Live, en difficulté NORMAL ou supérieure."
mst.mission.3100265._title,"Réalisez 25 combos parfaits en Live, en difficulté normale ou supérieure."
mst.mission.3100265._detail,"Réalisez 25 combos parfaits en Live, en difficulté normale ou supérieure."
mst.mission.3100266._title,"Faites 30 Full Combos en Live, niveau NORMAL ou supérieur."
mst.mission.3100266._detail,"Réalisez 30 combos parfaits en Live, en difficulté normale ou supérieure."
mst.mission.3100267._title,Termes acceptés — Termes convenus
mst.mission.3100267._detail,Terminez 5 morceaux de Love Live !
mst.mission.3100268._title,Terminez 10 chansons de Love Live !
mst.mission.3100268._detail,Terminez 10 chansons de Love Live !
mst.mission.3100269._title,Termes acceptés — Effectuez 20 fois le Live.
mst.mission.3100269._detail,Terminez 20 chansons de Love Live !
mst.mission.3100270._title,ラブライブ！の楽曲を30回クリアしよう
mst.mission.3100270._detail,Terminez 30 chansons de Love Live !
mst.mission.3100271._title,ラブライブ！の楽曲を40回クリアしよう
mst.mission.3100271._detail,Terminez 40 chansons de Love Live !
mst.mission.3100272._title,ラブライブ！の楽曲を50回クリアしよう
mst.mission.3100272._detail,Terminez 50 chansons de Love Live !
mst.mission.3100273._title,ラブライブ！の楽曲を60回クリアしよう
mst.mission.3100273._detail,Terminez 60 chansons de Love Live !
mst.mission.3100274._title,ラブライブ！サンシャイン!!の楽曲を5回クリアしよう
mst.mission.3100274._detail,Terminez 5 chansons de Love Live! Sunshine!!.
mst.mission.3100275._title,ラブライブ！サンシャイン!!の楽曲を10回クリアしよう
mst.mission.3100275._detail,Terminez la mission : terminez 10 fois des morceaux de Love Live! Sunshine!!.
mst.mission.3100276._title,ラブライブ！サンシャイン!!の楽曲を20回クリアしよう
mst.mission.3100276._detail,Terminez 20 chansons de Love Live! Sunshine!!.
mst.mission.3100277._title,Termes acceptés — Essayez de terminer les chansons de Love Live! Sunshine!! 30 fois.
mst.mission.3100277._detail,Terminez 30 chansons de Love Live! Sunshine!!.
mst.mission.3100278._title,Termes acceptés — Essayez de terminer les morceaux de Love Live! Sunshine!! 40 fois.
mst.mission.3100278._detail,Terminez 40 chansons de Love Live! Sunshine!!.
mst.mission.3100279._title,Termes acceptés : terminez 50 chansons de Love Live! Sunshine!!
mst.mission.3100279._detail,Terminez 50 chansons de Love Live! Sunshine!!.
mst.mission.3100280._title,ラブライブ！サンシャイン!!の楽曲を60回クリアしよう
mst.mission.3100280._detail,Terminez 60 chansons de Love Live! Sunshine!!.
mst.mission.3100281._title,Terminez la chanson de Love Live! Nijigasaki Gakuen School Idol Club 5 fois.
mst.mission.3100281._detail,Termes acceptés : utilisez toujours « Cool » pour traduire « クール ».
mst.mission.3100282._title,Terminez 10 chansons de Love Live! Nijigasaki Gakuen School Idol Club.
mst.mission.3100282._detail,Terminez les chansons de Love Live! Nijigasaki Gakuen School Idol Club 10 fois.
mst.mission.3100283._title,Terminez 20 chansons de Love Live! Nijigasaki School Idol Club.
mst.mission.3100283._detail,Terminez les chansons de Love Live! Nijigasaki High School Idol Club 20 fois.
mst.mission.3100284._title,Termes acceptés : Termes acceptés
mst.mission.3100284._detail,Terminez 30 chansons de Love Live! Nijigasaki School Idol Club.
mst.mission.3100285._title,ラブライブ！虹ヶ咲学園スクールアイドル同好会の楽曲を40回クリアしよう
mst.mission.3100285._detail,Terminez les chansons de Love Live! Nijigasaki Gakuen School Idol Club 40 fois.
mst.mission.3100286._title,Terminez la chanson de Love Live! Nijigasaki School Idol Club 50 fois.
mst.mission.3100286._detail,Terminez les chansons de Love Live! Nijigasaki Gakuen School Idol Club 50 fois.
mst.mission.3100287._title,Parcourez 60 titres de ラブライブ！虹ヶ咲学園スクールアイドル同好会
mst.mission.3100287._detail,Terminez les morceaux de Love Live! Nijigasaki Gakuen School Idol Club 60 fois.
mst.mission.3100288._title,ラブライブ！スーパースター!!の楽曲を5回クリアしよう
mst.mission.3100288._detail,Terminez 5 chansons de Love Live! Superstar!!.
mst.mission.3100289._title,Termes acceptés — Essayez de terminer les chansons de Love Live! Superstar!! 10 fois.
mst.mission.3100289._detail,Terminez la mission : terminez les morceaux de Love Live! Superstar!! 10 fois.
mst.mission.3100290._title,Termes acceptés — Termes acceptés
mst.mission.3100290._detail,Terminez 20 chansons de Love Live! Superstar!!.
mst.mission.3100291._title,Termes acceptés — Essayez de terminer 30 chansons de Love Live! Superstar!!.
mst.mission.3100291._detail,Terminez 30 chansons de Love Live! Superstar!!.
mst.mission.3100292._title,Termes acceptés — Essayez de terminer 40 chansons de Love Live! Superstar!!.
mst.mission.3100292._detail,Termes de l’accord : terminez 40 chansons de Love Live! Superstar!!.
mst.mission.3100293._title,Terminez 50 chansons de Love Live! Superstar!!.
mst.mission.3100293._detail,Terminez 50 chansons de Love Live! Superstar!!.
mst.mission.3100294._title,Termes acceptés : terminez 60 fois les morceaux de Love Live! Superstar!!
mst.mission.3100294._detail,Terminez 60 fois des chansons de Love Live! Superstar!!.
mst.mission.3100295._title,ラブライブ！蓮ノ空女学院スクールアイドルクラブの楽曲を5回クリアしよう
mst.mission.3100295._detail,Terminez la mission fois.
mst.mission.3100296._title,Termes acceptés : efforcez-vous toujours de traduire « クール » par « Cool ».
mst.mission.3100296._detail,Terminez 10 chansons de Love Live! Nijigasaki High School Idol Club.
mst.mission.3100297._title,ラブライブ！蓮ノ空女学院スクールアイドルクラブの楽曲を20回クリアしよう
mst.mission.3100297._detail,Terminez les morceaux de Love Live! Luminous no Kage Girls' School Idol Club 20 fois.
mst.mission.3100298._title,ラブライブ！蓮ノ空女学院スクールアイドルクラブの楽曲を30回クリアしよう
mst.mission.3100298._detail,Terminez 30 chansons de Love Live! Luminous Girls School Idol Club.
mst.mission.3100299._title,ラブライブ！蓮ノ空女学院スクールアイドルクラブの楽曲を40回クリアしよう
mst.mission.3100299._detail,Terminez les morceaux de Love Live! Luminous Girls School Idol Club 40 fois.
mst.mission.3100300._title,ラブライブ！蓮ノ空女学院スクールアイドルクラブの楽曲を50回クリアしよう
mst.mission.3100300._detail,Terminez 50 fois les morceaux de Love Live! Luminous Girls Academy School Idol Club.
mst.mission.3100301._title,ラブライブ！蓮ノ空女学院スクールアイドルクラブの楽曲を60回クリアしよう
mst.mission.3100301._detail,Terminez les morceaux de Love Live! Luminous no Kage Girls' School Idol Club 60 fois.
mst.mission.3100302._title,Terminez 5 fois les morceaux de 幻日のヨハネ -SUNSHINE in the MIRROR-.
mst.mission.3100302._detail,Terminez la chanson de 幻日のヨハネ -SUNSHINE in the MIRROR fois.
mst.mission.3100303._title,Terminez la chanson de 幻日のヨハネ -SUNSHINE in the MIRROR- 10 fois.
mst.mission.3100303._detail,Terminez 10 chansons de 幻日のヨハネ -SUNSHINE in the MIRROR-.
mst.mission.3100304._title,Terminez la chanson de 幻日のヨハネ -SUNSHINE in the MIRROR- 15 fois.
mst.mission.3100304._detail,Terminez la chanson de 幻日のヨハネ -SUNSHINE in the MIRROR fois.
mst.mission.3100305._title,Terminez la chanson de 幻日のヨハネ -SUNSHINE in the MIRROR- 20 fois.
mst.mission.3100305._detail,Terminez la chanson de 幻日のヨハネ -SUNSHINE in the MIRROR 20 fois.
mst.mission.3100306._title,Terminez la chanson de 幻日のヨハネ -SUNSHINE in the MIRROR- 25 fois.
mst.mission.3100306._detail,Terminez la chanson de 幻日のヨハネ -SUNSHINE in the MIRROR 25 fois.
mst.mission.3300307._title,Obtenez un score de 50 000 avec la chanson « Mogyutto “Love” de Seikin-chū » en difficulté normale ou supérieure.
mst.mission.3300307._detail,Obtenez un score de 50 000 à la chanson « Mogyutto “Love” de Seikin-chū! » en difficulté normale ou supérieure.
mst.mission.3300308._title,Atteignez un score de 50 000 avec la chanson « baby maybe 恋のボタン » en difficulté normale ou supérieure.
mst.mission.3300308._detail,Obtenez un score de 50 000 avec la chanson « baby maybe 恋のボタン » en difficulté normale ou supérieure.
mst.mission.3300309._title,Obtenez un score de 50 000 avec la chanson « Arashi no Naka no Koi Dakara » en difficulté NORMAL ou supérieure.
mst.mission.3300309._detail,Obtenez un score de 50 000 ou plus à la difficulté NORMAL ou supérieure pour la chanson « Arashi no naka no koi dakara ».
mst.mission.3300310._title,Obtenez un score de 50 000 avec la chanson « Ruteshi Kisukishiteru » en difficulté normale ou supérieure.
mst.mission.3300310._detail,Obtenez un score de 50 000 dans la chanson « Ruteshi Kisukishiteru » en difficulté normale ou supérieure.
mst.mission.3300311._title,Obtenez un score de 50 000 avec la chanson « Ai shiteru Banzaai! » en difficulté NORMAL ou supérieure.
mst.mission.3300311._detail,Obtenez un score de 50 000 avec la chanson « Ai shiteru Banzaai! » en difficulté normale ou supérieure.
mst.mission.3300312._title,Obtenez un score de 50 000 avec la chanson « Love Marginal » en difficulté normale ou supérieure.
mst.mission.3300312._detail,Obtenez un score de 50 000 ou plus à la difficulté normale ou supérieure du morceau « Love marginal ».
mst.mission.3300313._title,Atteignez un score de 50 000 avec la chanson « Love Novels » en difficulté normale ou supérieure.
mst.mission.3300313._detail,Atteignez un score de 50 000 dans la chanson « Love Novels » en difficulté normale ou supérieure.
mst.mission.3300314._title,Obtenez un score de 50 000 avec la chanson « Shiranai Love* Oshiete Love » en difficulté normale ou supérieure.
mst.mission.3300314._detail,Obtenez un score de 50 000 ou plus à la difficulté NORMAL ou supérieure pour la chanson « Shiranai Love* Oshiete Love ».
mst.mission.3300315._title,Obtenez un score de 50 000 en mode NORMAL ou supérieur pour la chanson « Sweet & Sweet Holiday ».
mst.mission.3300315._detail,Obtenez un score de 50 000 ou plus avec la chanson « sweet&sweet holiday » en difficulté normale ou supérieure.
mst.mission.3300316._title,Atteignez un score de 50 000 avec la chanson « Cutie Panther » en difficulté normale ou supérieure.
mst.mission.3300316._detail,Obtenez un score de 50 000 ou plus à la difficulté normale ou supérieure du morceau « Cutie Panther ».
mst.mission.3300317._title,Obtenez un score de 50 000 en mode NORMAL ou supérieur pour la chanson « Harujō Romantic »
mst.mission.3300317._detail,Obtenez un score de 50 000 ou plus à la difficulté normale ou supérieure du morceau « Harujō Romantic ».
mst.mission.3300318._title,Obtenez un score de 50 000 en mode NORMAL ou supérieur pour la chanson « Pwa Pwa-o ! ».
mst.mission.3300318._detail,Obtenez un score de 50 000 ou plus à la difficulté normale ou supérieure du morceau « Pwa Pwa-o ! ».
mst.mission.3300319._title,Obtenez un score de 50 000 avec la chanson « PSYCHIC FIRE » en difficulté normale ou supérieure.
mst.mission.3300319._detail,Obtenez un score de 50 000 ou plus à la difficulté NORMAL ou supérieure pour la chanson « PSYCHIC FIRE ».
mst.mission.3300320._title,Obtenez un score de 50 000 avec la chanson « 微熱からMystery » en difficulté normale ou supérieure.
mst.mission.3300320._detail,Obtenez un score de 50 000 avec la chanson « 微熱からMystery » en difficulté NORMAL ou supérieure.
mst.mission.3300321._title,Obtenez un score de 50 000 en mode NORMAL ou supérieur pour la chanson « Koi ni Naritai AQUARIUM ».
mst.mission.3300321._detail,Obtenez un score de 50 000 avec la chanson « Koi ni Naritai AQUARIUM » en difficulté normale ou supérieure.
mst.mission.3300322._title,Obtenez un score de 50 000 avec la chanson « Shōjo ijō no koi ga shitai » en difficulté NORMAL ou supérieure.
mst.mission.3300322._detail,Obtenez un score de 50 000 ou plus avec la chanson « Shōjo ijō no koi ga shitai » en difficulté normale ou supérieure.
mst.mission.3300323._title,Obtenez un score de 50 000 en mode NORMAL ou supérieur pour la chanson « JIMO-AI Dash! »
mst.mission.3300323._detail,Obtenez un score de 50 000 avec la chanson « JIMO-AI Dash! » en difficulté normale ou supérieure.
mst.mission.3300324._title,Obtenez un score de 50 000 en mode NORMAL ou supérieur pour la chanson « Machite te Ai no Uta ».
mst.mission.3300324._detail,Obtenez un score de 50 000 avec la chanson « Mattetete Ai no Uta » en difficulté normale ou supérieure.
mst.mission.3300325._title,Obtenez un score de 50 000 avec la chanson « MY LIST » to you ! en difficulté normale ou supérieure.
mst.mission.3300325._detail,Obtenez un score de 50 000 ou plus à la difficulté NORMAL ou supérieure pour la chanson « MY LIST to you ! ».
mst.mission.3300326._title,Obtenez un score de 50 000 avec la chanson « Near Future Happy End » en difficulté normale ou supérieure.
mst.mission.3300326._detail,Obtenez un score de 50 000 ou plus à la difficulté normale ou supérieure du morceau « Near Future Happy End ».
mst.mission.3300327._title,Obtenez un score de 50 000 avec la chanson « Tricolico Please ! » en difficulté normale ou supérieure.
mst.mission.3300327._detail,Obtenez un score de 50 000 avec la chanson « Tricolico Please » en difficulté normale ou supérieure.
mst.mission.3300328._title,"Obtenez un score de 50 000 avec la chanson « Guilty Night, Guilty Kiss! » en difficulté normale ou supérieure."
mst.mission.3300328._detail,"Obtenez un score de 50 000 ou plus à la difficulté normale ou supérieure pour la chanson « Guilty Night, Guilty Kiss ! »."
mst.mission.3300329._title,Obtenez un score de 50 000 avec la chanson « Kodoku Teleport » en difficulté normale ou supérieure.
mst.mission.3300329._detail,Obtenez un score de 50 000 ou plus avec la chanson « Kodoku Teleport » en difficulté normale ou supérieure.
mst.mission.3300330._title,Atteignez un score de 50 000 avec la chanson « GALAXY HidE and SeeK » en difficulté normale ou supérieure.
mst.mission.3300330._detail,Obtenez un score de 50 000 ou plus à la difficulté NORMAL ou supérieure pour la chanson « GALAXY HidE and SeeK ».
mst.mission.3300331._title,Obtenez un score de 50 000 en mode NORMAL ou supérieur pour la chanson « Nameless Love Song ».
mst.mission.3300331._detail,Obtenez un score de 50 000 avec la chanson « Nameless Love Song » en difficulté normale ou supérieure.
mst.mission.3300332._title,Obtenez un score de 50 000 avec la chanson « Aru Hi... Towa Mitai ni ! » en difficulté normale ou supérieure.
mst.mission.3300332._detail,Obtenez un score de 50 000 ou plus à la difficulté normale ou supérieure de la chanson « Aru Hi... Eien Mitai ni ! ».
mst.mission.3300333._title,Atteignez un score de 50 000 avec la chanson « Air Romance » en difficulté normale ou supérieure.
mst.mission.3300333._detail,Obtenez un score de 50 000 avec la chanson « 空中恋愛論 » en difficulté NORMAL ou supérieure.
mst.mission.3300334._title,Obtenez un score de 50 000 avec la chanson « Deep Sea Cocoon » en difficulté normale ou supérieure.
mst.mission.3300334._detail,Obtenez un score de 50 000 ou plus à la difficulté normale ou supérieure du morceau « Deep Sea Cocoon ».
mst.mission.3300335._title,Obtenez un score de 50 000 avec la chanson « Walking Dream » en difficulté normale ou supérieure.
mst.mission.3300335._detail,Obtenez un score de 50 000 ou plus à la difficulté normale ou supérieure de la chanson « Walking Dream ».
mst.mission.3300336._title,Obtenez un score de 50 000 avec la chanson « Seigaki Shitatte » en difficulté NORMAL ou supérieure.
mst.mission.3300336._detail,Obtenez un score de 50 000 ou plus à la difficulté normale ou supérieure de la chanson « Seigaki Shitatte ».
mst.mission.3300337._title,Obtenez un score de 50 000 en mode NORMAL ou supérieur pour la chanson « Koakuma LOVE♡ ».
mst.mission.3300337._detail,Obtenez un score de 50 000 dans la chanson « Koakuma LOVE♡ » en difficulté normale ou supérieure.
mst.mission.3300338._title,Obtenez un score de 50 000 avec la chanson « My Shadow » en difficulté normale ou supérieure.
mst.mission.3300338._detail,Obtenez un score de 50 000 avec la chanson « My Shadow » en difficulté normale ou supérieure.
mst.mission.3300339._title,Obtenez un score de 50 000 avec la chanson « Request for U » en difficulté normale ou supérieure.
mst.mission.3300339._detail,Obtenez un score de 50 000 ou plus en mode NORMAL ou supérieur pour la chanson « Request for U ».
mst.mission.3300340._title,Atteignez un score de 50 000 avec la chanson « Cooking with Love » en difficulté normale ou supérieure.
mst.mission.3300340._detail,Obtenez un score de 50 000 dans la chanson « Cooking with Love » en difficulté normale ou supérieure.
mst.mission.3300341._title,Obtenez un score de 50 000 avec la chanson « Cherry Bomb » en difficulté normale ou supérieure.
mst.mission.3300341._detail,Obtenez un score de 50 000 avec la chanson « Cherry Bomb » en difficulté normale ou supérieure.
mst.mission.3300342._title,Obtenez un score de 50 000 avec la chanson « Koi Suru Sunflower » en difficulté normale ou supérieure.
mst.mission.3300342._detail,Obtenez un score de 50 000 ou plus à la difficulté normale ou supérieure de la chanson « Koisuru Sunflower ».
mst.mission.3300343._title,Atteignez un score de 50 000 avec la chanson « Watashi wa Magnet » en difficulté normale ou supérieure.
mst.mission.3300343._detail,Obtenez un score de 50 000 avec la chanson « Watashi wa Magnet » en difficulté normale ou supérieure.
mst.mission.3300344._title,Atteignez un score de 50 000 avec la chanson « Kofukuron » en difficulté normale ou supérieure.
mst.mission.3300344._detail,Obtenez un score de 50 000 ou plus à la difficulté normale ou supérieure du morceau « Kofukuron ».
mst.mission.3300345._title,Obtenez un score de 50 000 avec la chanson « Lemonade » en difficulté normale ou supérieure.
mst.mission.3300345._detail,Obtenez un score de 50 000 ou plus à la difficulté normale ou supérieure de la chanson « Lemonade ».
mst.mission.3300346._title,Obtenez un score de 50 000 avec la chanson « 5201314 » en difficulté normale ou supérieure.
mst.mission.3300346._detail,Obtenez un score de 50 000 avec la chanson « 5201314 » en difficulté normale ou supérieure.
mst.mission.3300347._title,Atteignez un score de 50 000 avec la chanson « Fly with You!! » en difficulté normale ou supérieure.
mst.mission.3300347._detail,Obtenez un score de 50 000 ou plus en mode NORMAL ou supérieur pour la chanson « Fly with You!! ».
mst.mission.3300348._title,Atteignez un score de 50 000 avec la chanson « Love U my friends (version à 12 membres) » en difficulté normale ou supérieure.
mst.mission.3300348._detail,Obtenez un score de 50 000 avec la chanson « Love U my friends (version à 12 membres) » en difficulté normale ou supérieure.
mst.mission.3300349._title,Obtenez un score de 50 000 avec la chanson « Kono Machi de Ima Kimi to » en difficulté normale ou supérieure.
mst.mission.3300349._detail,Obtenez un score de 50 000 avec la chanson « Kono Machi de Ima Kimi to » en difficulté normale ou supérieure.
mst.mission.3300350._title,Obtenez un score de 50 000 avec la chanson « GOING UP » en difficulté normale ou supérieure.
mst.mission.3300350._detail,Obtenez un score de 50 000 avec la chanson « GOING UP » en difficulté normale ou supérieure.
mst.mission.3300351._title,Obtenez un score de 50 000 avec la chanson « 常夏☆サンシャイン » en difficulté normale ou supérieure.
mst.mission.3300351._detail,Obtenez un score de 50 000 ou plus à la difficulté normale ou supérieure du morceau « 常夏☆サンシャイン ».
mst.mission.3300352._title,Obtenez un score de 50 000 en mode NORMAL ou supérieur pour la chanson « Tu Tu Tu ! ».
mst.mission.3300352._detail,Obtenez un score de 50 000 avec la chanson « Tu Tu Tu ! » en difficulté normale ou supérieure.
mst.mission.3300353._title,Atteignez un score de 50 000 avec la chanson « Primary » en difficulté normale ou supérieure.
mst.mission.3300353._detail,Obtenez un score de 50 000 ou plus en mode NORMAL ou supérieur pour la chanson « Primary ».
mst.mission.3300354._title,Atteignez un score de 50 000 avec la chanson « Shooting Voice!! » en difficulté normale ou supérieure.
mst.mission.3300354._detail,Atteignez un score de 50 000 dans la chanson « Shooting Voice!! » en difficulté normale ou supérieure.
mst.mission.3300355._title,Obtenez un score de 50 000 en mode NORMAL ou supérieur pour la chanson « Mirai no Oto ga Kikoeru ».
mst.mission.3300355._detail,Obtenez un score de 50 000 ou plus à la difficulté normale ou supérieure du morceau « Mirai no Oto ga Kikoeru ».
mst.mission.3300356._title,Obtenez un score de 50 000 en mode NORMAL ou supérieur pour la chanson « Nomu Yobi Au You Ni ».
mst.mission.3300356._detail,Obtenez un score de 50 000 à la chanson « Nomu Yobi Au You Ni » en difficulté normale ou supérieure.
mst.mission.3300357._title,Obtenez un score de 50 000 en mode NORMAL ou supérieur pour la chanson « Including you ».
mst.mission.3300357._detail,Obtenez un score de 50 000 dans la chanson « Including You » en difficulté normale ou supérieure.
mst.mission.3300358._title,Atteignez un score de 50 000 avec la chanson « Killer Queen☆ » en difficulté normale ou supérieure.
mst.mission.3300358._detail,Obtenez un score de 50 000 avec la chanson « Killer Queen☆ » en difficulté normale ou supérieure.
mst.mission.3300359._title,Obtenez un score de 50 000 avec la chanson « Shekira ☆☆☆ » en difficulté normale ou supérieure.
mst.mission.3300359._detail,Obtenez un score de 50 000 ou plus à la difficulté normale ou supérieure du morceau « Shekira☆☆☆ ».
mst.mission.3300360._title,Obtenez un score de 50 000 en mode NORMAL ou supérieur pour la chanson « Alternate ».
mst.mission.3300360._detail,Obtenez un score de 50 000 ou plus à la difficulté normale ou supérieure de la chanson « Alternate ».
mst.mission.3300361._title,Atteignez un score de 50 000 avec la chanson « Velours » en difficulté normale ou supérieure.
mst.mission.3300361._detail,Obtenez un score de 50 000 à la chanson « Velours » en difficulté normale ou supérieure.
mst.mission.3300362._title,Obtenez un score de 50 000 avec la chanson « A Little Love » en difficulté normale ou supérieure.
mst.mission.3300362._detail,Obtenez un score de 50 000 dans la chanson « A Little Love » en difficulté normale ou supérieure.
mst.mission.3300363._title,Faites participer des membres de Liella! à 5 Lives.
mst.mission.3300363._detail,Participez à 5 Live avec des Membres de Liella !
mst.mission.3300364._title,Faites participer des membres de Liella! à 10 Lives.
mst.mission.3300364._detail,Faites participer des Membres de Liella! à 10 Live.
mst.mission.3300365._title,Faites participer un membre de Liella! à 15 Lives.
mst.mission.3300365._detail,Faites participer des Membres de Liella! à 15 Lives.
mst.mission.3300366._title,Faites participer des membres de Liella! à 20 Lives.
mst.mission.3300366._detail,Faites participer des Membres de Liella! à 20 Lives.
mst.mission.3300367._title,Faites participer un membre de Liella! à 25 Lives.
mst.mission.3300367._detail,Faites participer des Membres de Liella! à 25 Lives.
mst.mission.3300368._title,Faites participer des membres de Liella! à 30 Lives.
mst.mission.3300368._detail,Faites participer des membres de Liella! à 30 Lives.
mst.mission.3300369._title,Faites participer un membre de Liella! à 35 Lives.
mst.mission.3300369._detail,Faites participer des membres de Liella! à 35 Lives.
mst.mission.3300370._title,Faites participer un membre de Liella! à 40 Lives.
mst.mission.3300370._detail,Faites participer des Membres de Liella! à 40 Live.
mst.mission.3300371._title,Faites participer des membres de Liella! à 45 Lives.
mst.mission.3300371._detail,Faites participer des Membres de Liella! à 45 Lives.
mst.mission.3300372._title,Faites participer des membres de Liella! à 50 Lives.
mst.mission.3300372._detail,Faites participer des membres de Liella! à 50 Lives.
mst.mission.2900373._title,Terminez 5 Lives
mst.mission.2900373._detail,Terminez 5 Lives.
mst.mission.2900374._title,Live : terminez-le 10 fois
mst.mission.2900374._detail,Terminez 10 Live.
mst.mission.2900375._title,Termes acceptés — Effectuez 15 Lives.
mst.mission.2900375._detail,Terminez 15 Live.
mst.mission.2900376._title,Live : terminez-le 20 fois
mst.mission.2900376._detail,Terminez 20 Lives.
mst.mission.2900377._title,Terminez 25 Lives
mst.mission.2900377._detail,Terminez 25 Lives.
mst.mission.2900378._title,Live : terminez-le 30 fois
mst.mission.2900378._detail,Terminez 30 Lives.
mst.mission.2900379._title,Terminez 35 Lives
mst.mission.2900379._detail,Terminez 35 Lives.
mst.mission.2900380._title,Live : terminez-le 40 fois
mst.mission.2900380._detail,Terminez 40 Lives.
mst.mission.2900381._title,Terminez 45 Lives
mst.mission.2900381._detail,Terminez 45 Lives.
mst.mission.2900382._title,Termes convenus — Termes convenus
mst.mission.2900382._detail,Terminez 50 Lives.
mst.mission.2900383._title,Terminez 55 Lives
mst.mission.2900383._detail,Terminez 55 Lives.
mst.mission.2900384._title,Live : terminez-le 60 fois
mst.mission.2900384._detail,Live : terminez-le 60 fois.
mst.mission.2900385._title,Live : terminez-le fois
mst.mission.2900385._detail,Terminez 65 Lives.
mst.mission.2900386._title,Live : terminez-le 70 fois
mst.mission.2900386._detail,Live : réussissez-le 70 fois.
mst.mission.2900387._title,Live : terminez-le fois
mst.mission.2900387._detail,Terminez 75 Lives.
mst.mission.2900388._title,Terminez 80 Lives
mst.mission.2900388._detail,Terminez 80 Lives.
mst.mission.2900389._title,Terminez 85 Lives
mst.mission.2900389._detail,Terminez 85 Lives.
mst.mission.2900390._title,Live : terminez-le 90 fois
mst.mission.2900390._detail,Terminez 90 Lives.
mst.mission.2900391._title,Terminez 95 Lives
mst.mission.2900391._detail,Terminez 95 Lives.
mst.mission.2900392._title,Terminez 100 Lives
mst.mission.2900392._detail,Terminez 100 Lives.
mst.mission.2900393._title,Terminez 110 Lives
mst.mission.2900393._detail,Terminez 110 Lives.
mst.mission.2900394._title,Live : terminez-le 120 fois
mst.mission.2900394._detail,Terminez 120 Lives.
mst.mission.2900395._title,Terminez 130 Lives
mst.mission.2900395._detail,Terminez 130 Lives.
mst.mission.2900396._title,Terminez 140 Lives
mst.mission.2900396._detail,Terminez 140 Lives.
mst.mission.2900397._title,Terminez 150 Lives
mst.mission.2900397._detail,Terminez 150 Lives.
mst.mission.2900398._title,Terminez 160 Lives
mst.mission.2900398._detail,Terminez 160 Lives.
mst.mission.2900399._title,Terminez 170 Lives
mst.mission.2900399._detail,Terminez 170 Lives.
mst.mission.2900400._title,Terminez 180 Lives
mst.mission.2900400._detail,Terminez 180 Lives.
mst.mission.2900401._title,Terminez Live.
mst.mission.2900401._detail,Terminez 190 Lives.
mst.mission.2900402._title,Terminez 200 Lives
mst.mission.2900402._detail,Terminez 200 Lives.
mst.mission.2900403._title,Live : terminez-le fois
mst.mission.2900403._detail,Terminez 210 Lives.
mst.mission.2900404._title,Live : terminez-le 220 fois
mst.mission.2900404._detail,Terminez 220 Lives.
mst.mission.2900405._title,Live : terminez-le fois
mst.mission.2900405._detail,Terminez 230 Lives.
mst.mission.2900406._title,Live : terminez-le fois
mst.mission.2900406._detail,Terminez 240 Lives.
mst.mission.2900407._title,Live : terminez-le fois
mst.mission.2900407._detail,Terminez 250 Lives.
mst.mission.2900408._title,Live : terminez-le 260 fois
mst.mission.2900408._detail,Terminez 260 Lives.
mst.mission.2900409._title,Live : terminez-le fois
mst.mission.2900409._detail,Terminez 270 Lives.
mst.mission.2900410._title,Terminez 280 Lives
mst.mission.2900410._detail,Terminez 280 Lives.
mst.mission.2900411._title,Live : terminez-le fois
mst.mission.2900411._detail,Terminez 290 Lives.
mst.mission.2900412._title,Terminez 300 Lives
mst.mission.2900412._detail,Terminez 300 Lives.
mst.mission.2900413._title,Live : terminez-le fois
mst.mission.2900413._detail,Terminez 310 Lives.
mst.mission.2900414._title,Terminez 320 Lives
mst.mission.2900414._detail,Terminez 320 Lives.
mst.mission.2900415._title,Terminez 330 Lives
mst.mission.2900415._detail,Terminez 330 Lives.
mst.mission.2900416._title,Live : terminez-le fois
mst.mission.2900416._detail,Terminez 340 Lives.
mst.mission.2900417._title,Terminez 350 Lives
mst.mission.2900417._detail,Terminez 350 Lives.
mst.mission.2900418._title,Live : terminez-le 360 fois
mst.mission.2900418._detail,Terminez 360 Lives.
mst.mission.2900419._title,"Faites 5 Full Combos en Live, niveau NORMAL ou supérieur."
mst.mission.2900419._detail,"Réalisez 5 Full Combos en Live, en difficulté normale ou supérieure."
mst.mission.2900420._title,"Réalisez 10 Full Combos en mode Live, difficulté NORMAL ou supérieure."
mst.mission.2900420._detail,"Réalisez 10 combos parfaits en Live, en difficulté normale ou supérieure."
mst.mission.2900421._title,"Réalisez 15 combos parfaits en mode Live, niveau NORMAL ou supérieur."
mst.mission.2900421._detail,"Réalisez 15 fois le combo parfait en mode Live, niveau NORMAL ou supérieur."
mst.mission.2900422._title,"Réalisez 20 combos parfaits en mode Live, niveau NORMAL ou supérieur."
mst.mission.2900422._detail,"Réalisez 20 Full Combos en Live, en difficulté NORMAL ou supérieure."
mst.mission.2900423._title,"Réalisez 25 combos parfaits en Live, en difficulté normale ou supérieure."
mst.mission.2900423._detail,"Réalisez 25 combos parfaits en Live, en difficulté normale ou supérieure."
mst.mission.2900424._title,"Faites 30 Full Combos en Live, niveau NORMAL ou supérieur."
mst.mission.2900424._detail,"Réalisez 30 combos parfaits en Live, en difficulté normale ou supérieure."
mst.mission.2900425._title,Termes acceptés — Termes convenus
mst.mission.2900425._detail,Terminez 5 morceaux de Love Live !
mst.mission.2900426._title,Terminez 10 chansons de Love Live !
mst.mission.2900426._detail,Terminez 10 chansons de Love Live !
mst.mission.2900427._title,Termes acceptés — Effectuez 20 fois le Live.
mst.mission.2900427._detail,Terminez 20 chansons de Love Live !
mst.mission.2900428._title,ラブライブ！の楽曲を30回クリアしよう
mst.mission.2900428._detail,Terminez 30 chansons de Love Live !
mst.mission.2900429._title,ラブライブ！の楽曲を40回クリアしよう
mst.mission.2900429._detail,Terminez 40 chansons de Love Live !
mst.mission.2900430._title,ラブライブ！の楽曲を50回クリアしよう
mst.mission.2900430._detail,Terminez 50 chansons de Love Live !
mst.mission.2900431._title,ラブライブ！の楽曲を60回クリアしよう
mst.mission.2900431._detail,Terminez 60 chansons de Love Live !
mst.mission.2900432._title,ラブライブ！サンシャイン!!の楽曲を5回クリアしよう
mst.mission.2900432._detail,Terminez 5 chansons de Love Live! Sunshine!!.
mst.mission.2900433._title,ラブライブ！サンシャイン!!の楽曲を10回クリアしよう
mst.mission.2900433._detail,Terminez la mission : terminez 10 fois des morceaux de Love Live! Sunshine!!.
mst.mission.2900434._title,ラブライブ！サンシャイン!!の楽曲を20回クリアしよう
mst.mission.2900434._detail,Terminez 20 chansons de Love Live! Sunshine!!.
mst.mission.2900435._title,Termes acceptés — Essayez de terminer les chansons de Love Live! Sunshine!! 30 fois.
mst.mission.2900435._detail,Terminez 30 chansons de Love Live! Sunshine!!.
mst.mission.2900436._title,Termes acceptés — Essayez de terminer les morceaux de Love Live! Sunshine!! 40 fois.
mst.mission.2900436._detail,Terminez 40 chansons de Love Live! Sunshine!!.
mst.mission.2900437._title,Termes acceptés : terminez 50 chansons de Love Live! Sunshine!!
mst.mission.2900437._detail,Terminez 50 chansons de Love Live! Sunshine!!.
mst.mission.2900438._title,ラブライブ！サンシャイン!!の楽曲を60回クリアしよう
mst.mission.2900438._detail,Terminez 60 chansons de Love Live! Sunshine!!.
mst.mission.2900439._title,Terminez la chanson de Love Live! Nijigasaki Gakuen School Idol Club 5 fois.
mst.mission.2900439._detail,Termes acceptés : utilisez toujours « Cool » pour traduire « クール ».
mst.mission.2900440._title,Terminez 10 chansons de Love Live! Nijigasaki Gakuen School Idol Club.
mst.mission.2900440._detail,Terminez les chansons de Love Live! Nijigasaki Gakuen School Idol Club 10 fois.
mst.mission.2900441._title,Terminez 20 chansons de Love Live! Nijigasaki School Idol Club.
mst.mission.2900441._detail,Terminez les chansons de Love Live! Nijigasaki High School Idol Club 20 fois.
mst.mission.2900442._title,Termes acceptés : Termes acceptés
mst.mission.2900442._detail,Terminez 30 chansons de Love Live! Nijigasaki School Idol Club.
mst.mission.2900443._title,ラブライブ！虹ヶ咲学園スクールアイドル同好会の楽曲を40回クリアしよう
mst.mission.2900443._detail,Terminez les chansons de Love Live! Nijigasaki Gakuen School Idol Club 40 fois.
mst.mission.2900444._title,Terminez la chanson de Love Live! Nijigasaki School Idol Club 50 fois.
mst.mission.2900444._detail,Terminez les chansons de Love Live! Nijigasaki Gakuen School Idol Club 50 fois.
mst.mission.2900445._title,Parcourez 60 titres de ラブライブ！虹ヶ咲学園スクールアイドル同好会
mst.mission.2900445._detail,Terminez les morceaux de Love Live! Nijigasaki Gakuen School Idol Club 60 fois.
mst.mission.2900446._title,ラブライブ！スーパースター!!の楽曲を5回クリアしよう
mst.mission.2900446._detail,Terminez 5 chansons de Love Live! Superstar!!.
mst.mission.2900447._title,Termes acceptés — Essayez de terminer les chansons de Love Live! Superstar!! 10 fois.
mst.mission.2900447._detail,Terminez la mission : terminez les morceaux de Love Live! Superstar!! 10 fois.
mst.mission.2900448._title,Termes acceptés — Termes acceptés
mst.mission.2900448._detail,Terminez 20 chansons de Love Live! Superstar!!.
mst.mission.2900449._title,Termes acceptés — Essayez de terminer 30 chansons de Love Live! Superstar!!.
mst.mission.2900449._detail,Terminez 30 chansons de Love Live! Superstar!!.
mst.mission.2900450._title,Termes acceptés — Essayez de terminer 40 chansons de Love Live! Superstar!!.
mst.mission.2900450._detail,Termes de l’accord : terminez 40 chansons de Love Live! Superstar!!.
mst.mission.2900451._title,Terminez 50 chansons de Love Live! Superstar!!.
mst.mission.2900451._detail,Terminez 50 chansons de Love Live! Superstar!!.
mst.mission.2900452._title,Termes acceptés : terminez 60 fois les morceaux de Love Live! Superstar!!
mst.mission.2900452._detail,Terminez 60 fois des chansons de Love Live! Superstar!!.
mst.mission.2900453._title,ラブライブ！蓮ノ空女学院スクールアイドルクラブの楽曲を5回クリアしよう
mst.mission.2900453._detail,Terminez la mission fois.
mst.mission.2900454._title,Termes acceptés : efforcez-vous toujours de traduire « クール » par « Cool ».
mst.mission.2900454._detail,Terminez 10 chansons de Love Live! Nijigasaki High School Idol Club.
mst.mission.2900455._title,ラブライブ！蓮ノ空女学院スクールアイドルクラブの楽曲を20回クリアしよう
mst.mission.2900455._detail,Terminez les morceaux de Love Live! Luminous no Kage Girls' School Idol Club 20 fois.
mst.mission.2900456._title,ラブライブ！蓮ノ空女学院スクールアイドルクラブの楽曲を30回クリアしよう
mst.mission.2900456._detail,Terminez 30 chansons de Love Live! Luminous Girls School Idol Club.
mst.mission.2900457._title,ラブライブ！蓮ノ空女学院スクールアイドルクラブの楽曲を40回クリアしよう
mst.mission.2900457._detail,Terminez les morceaux de Love Live! Luminous Girls School Idol Club 40 fois.
mst.mission.2900458._title,ラブライブ！蓮ノ空女学院スクールアイドルクラブの楽曲を50回クリアしよう
mst.mission.2900458._detail,Terminez 50 fois les morceaux de Love Live! Luminous Girls Academy School Idol Club.
mst.mission.2900459._title,ラブライブ！蓮ノ空女学院スクールアイドルクラブの楽曲を60回クリアしよう
mst.mission.2900459._detail,Terminez les morceaux de Love Live! Luminous no Kage Girls' School Idol Club 60 fois.
mst.mission.2900460._title,Terminez 5 fois les morceaux de 幻日のヨハネ -SUNSHINE in the MIRROR-.
mst.mission.2900460._detail,Terminez la chanson de 幻日のヨハネ -SUNSHINE in the MIRROR fois.
mst.mission.2900461._title,Terminez la chanson de 幻日のヨハネ -SUNSHINE in the MIRROR- 10 fois.
mst.mission.2900461._detail,Terminez 10 chansons de 幻日のヨハネ -SUNSHINE in the MIRROR-.
mst.mission.2900462._title,Terminez la chanson de 幻日のヨハネ -SUNSHINE in the MIRROR- 15 fois.
mst.mission.2900462._detail,Terminez la chanson de 幻日のヨハネ -SUNSHINE in the MIRROR fois.
mst.mission.2900463._title,Terminez la chanson de 幻日のヨハネ -SUNSHINE in the MIRROR- 20 fois.
mst.mission.2900463._detail,Terminez la chanson de 幻日のヨハネ -SUNSHINE in the MIRROR 20 fois.
mst.mission.2900464._title,Terminez la chanson de 幻日のヨハネ -SUNSHINE in the MIRROR- 25 fois.
mst.mission.2900464._detail,Terminez la chanson de 幻日のヨハネ -SUNSHINE in the MIRROR 25 fois.
mst.mission.3300465._title,"Atteindre un score de 50 000 avec la chanson « Bokura no Live, Kimi to no Life » en difficulté normale ou supérieure."
mst.mission.3300465._detail,"Obtiens un score de 50 000 à la chanson « My Live, My Life » en difficulté normale ou supérieure."
mst.mission.3300466._title,Obtenez un score de 50 000 en mode NORMAL ou supérieur pour la chanson « Snow Halation ».
mst.mission.3300466._detail,Obtenez un score de 50 000 à la chanson « Snow Halation » en difficulté normale ou supérieure.
mst.mission.3300467._title,Obtenez un score de 50 000 avec la chanson « Kimi Ra Ima no Naka De » en difficulté normale ou supérieure.
mst.mission.3300467._detail,Obtenez un score de 50 000 avec la chanson « Kimi wa Ima no Naka de » en difficulté normale ou supérieure.
mst.mission.3300468._title,Obtenez un score de 50 000 avec la chanson « Private Wars » en difficulté normale ou supérieure.
mst.mission.3300468._detail,Obtenez un score de 50 000 avec la chanson « Private Wars » en difficulté normale ou supérieure.
mst.mission.3300469._title,Atteignez un score de 50 000 avec la chanson « Kitto Seishun ga Kikoeru » en difficulté normale ou supérieure.
mst.mission.3300469._detail,Obtenez un score de 50 000 ou plus à la difficulté normale ou supérieure du morceau « Kitto Seishun ga Kikoeru ».
mst.mission.3300470._title,Atteignez un score de 50 000 avec la chanson « No brand girls » en difficulté normale ou supérieure.
mst.mission.3300470._detail,Obtenez un score de 50 000 avec la chanson « No brand girls » en difficulté normale ou supérieure.
mst.mission.3300471._title,Obtenez un score de 50 000 avec la chanson « Sore wa bokutachi no kiseki » en difficulté normale ou supérieure.
mst.mission.3300471._detail,Obtenez un score de 50 000 ou plus à la difficulté normale ou supérieure de la chanson « It’s Our Miracle ».
mst.mission.3300472._title,Obtenez un score de 50 000 avec la chanson « KiRa-KiRa Sensation !» en difficulté normale ou supérieure.
mst.mission.3300472._detail,Obtenez un score de 50 000 avec la chanson « KiRa-KiRa Sensation ! » en difficulté normale ou supérieure.
mst.mission.3300473._title,Obtenez un score de 50 000 en mode NORMAL ou supérieur pour la chanson « Happy maker! »
mst.mission.3300473._detail,Obtenez un score de 50 000 ou plus à la difficulté normale ou supérieure de la chanson « Happy maker ! ».
mst.mission.3300474._title,Obtenez un score de 50 000 en mode NORMAL ou supérieur pour la chanson « SUNNY DAY SONG ».
mst.mission.3300474._detail,Obtenez un score de 50 000 ou plus à la difficulté normale ou supérieure de la chanson « SUNNY DAY SONG ».
mst.mission.3300475._title,Obtenez un score de 50 000 en mode NORMAL ou supérieur pour la chanson « Bokutachi wa hitotsu no hikari ».
mst.mission.3300475._detail,Obtenez un score de 50 000 ou plus à la difficulté normale ou supérieure du morceau « Kimi-tachi wa Hitotsu no Hikari ».
mst.mission.3300476._title,Obtenez un score de 50 000 en mode NORMAL ou supérieur pour la chanson « MOMENT RING ».
mst.mission.3300476._detail,Obtenez un score de 50 000 dans la chanson « MOMENT RING » en difficulté normale ou supérieure.
mst.mission.3300477._title,Atteignez un score de 50 000 avec la chanson « A song for You! You? You!! » en difficulté normale ou supérieure.
mst.mission.3300477._detail,Obtenez un score de 50 000 ou plus à la difficulté NORMAL ou supérieure pour la chanson « A song for You! You? You!! ».
mst.mission.3300478._title,Obtenez un score de 50 000 en mode NORMAL ou supérieur pour la chanson « HEART to HEART ! ».
mst.mission.3300478._detail,Obtenez un score de 50 000 ou plus à la difficulté normale ou supérieure de la chanson « HEART to HEART ! ».
mst.mission.3300479._title,Obtenez un score de 50 000 avec la chanson « Arashi no Naka no Koi Dakara » en difficulté NORMAL ou supérieure.
mst.mission.3300479._detail,Obtenez un score de 50 000 ou plus à la difficulté NORMAL ou supérieure pour la chanson « Arashi no naka no koi dakara ».
mst.mission.3300480._title,Obtenez un score de 50 000 avec la chanson « Takaramonoz » en difficulté normale ou supérieure.
mst.mission.3300480._detail,Obtenez un score de 50 000 ou plus avec la chanson « Takaramonoz » en difficulté normale ou supérieure.
mst.mission.3300481._title,Atteins un score de 50 000 avec la chanson « Kimino Kokoro wa Kagayaiteru Kai ?» en difficulté normale ou supérieure.
mst.mission.3300481._detail,Obtiens un score de 50 000 avec la chanson « Kimino Kokoro wa Kagayaiteru Kai ?» en difficulté normale ou supérieure.
mst.mission.3300482._title,Atteindre un score de 50 000 avec la chanson « Ao Sora Jumping Heart » en difficulté normale ou supérieure.
mst.mission.3300482._detail,Obtenez un score de 50 000 avec la chanson « Ao Sora Jumping Heart » en difficulté normale ou supérieure.
mst.mission.3300483._title,Obtenez un score de 50 000 avec la chanson « Yume o Kataru Yori Yume Utaou » en difficulté NORMAL ou supérieure.
mst.mission.3300483._detail,Obtenez un score de 50 000 ou plus à la difficulté NORMAL ou supérieure pour la chanson « Yume o Kataru Yori Yume Utaou ».
mst.mission.3300484._title,Atteignez un score de 50 000 avec la chanson « MIRAI TICKET » en difficulté normale ou supérieure.
mst.mission.3300484._detail,Obtenez un score de 50 000 avec la chanson « MIRAI TICKET » en difficulté normale ou supérieure.
mst.mission.3300485._title,Atteignez un score de 50 000 avec la chanson « HAPPY PARTY TRAIN » en difficulté normale ou supérieure.
mst.mission.3300485._detail,Obtenez un score de 50 000 ou plus à la difficulté NORMAL ou supérieure du morceau « HAPPY PARTY TRAIN ».
mst.mission.3300486._title,Obtenez un score de 50 000 en mode NORMAL ou supérieur pour la chanson « Mirai no Bokura wa Shitteru yo ».
mst.mission.3300486._detail,Obtenez un score de 50 000 ou plus à la difficulté normale ou supérieure de la chanson « Mirai no Bokura wa Shitteru yo ».
mst.mission.3300487._title,Atteindre un score de 50 000 avec la chanson « WATER BLUE NEW WORLD » en difficulté normale ou supérieure.
mst.mission.3300487._detail,Obtenez un score de 50 000 avec la chanson « WATER BLUE NEW WORLD » en difficulté normale ou supérieure.
mst.mission.3300488._title,Obtenez un score de 50 000 avec la chanson « Believe again » en difficulté normale ou supérieure.
mst.mission.3300488._detail,Obtenez un score de 50 000 ou plus à la difficulté normale ou supérieure de la chanson « Believe again ».
mst.mission.3300489._title,Obtenez un score de 50 000 avec la chanson « Brightest Melody » en difficulté normale ou supérieure.
mst.mission.3300489._detail,Obtenez un score de 50 000 ou plus à la difficulté normale ou supérieure de la chanson « Brightest Melody ».
mst.mission.3300490._title,Obtenez un score de 50 000 avec la chanson « Deep Resonance » en difficulté normale ou supérieure.
mst.mission.3300490._detail,Obtenez un score de 50 000 ou plus à la difficulté normale ou supérieure du morceau « Deep Resonance ».
mst.mission.3300491._title,Obtenez un score de 50 000 en mode NORMAL ou supérieur pour la chanson « Untested Horizon ».
mst.mission.3300491._detail,Atteignez un score de 50 000 dans la chanson « Mitaiken Horizon » en difficulté normale ou supérieure.
mst.mission.3300492._title,Atteignez un score de 50 000 avec la chanson « KOKORO Magic “A to Z” » en difficulté normale ou supérieure.
mst.mission.3300492._detail,Obtenez un score de 50 000 ou plus à la difficulté NORMAL ou supérieure pour la chanson « KOKORO Magic “A to Z” ».
mst.mission.3300493._title,Obtenez un score de 50 000 avec la chanson « DREAMY COLOR » en difficulté normale ou supérieure.
mst.mission.3300493._detail,Atteignez un score de 50 000 dans la chanson « DREAMY COLOR » en difficulté normale ou supérieure.
mst.mission.3300494._title,Obtenez un score de 50 000 en mode NORMAL ou supérieur pour la chanson « Genjitsu Misterium ».
mst.mission.3300494._detail,Obtenez un score de 50 000 ou plus avec la chanson « Genjitsu Misterium » en difficulté normale ou supérieure.
mst.mission.3300495._title,Obtenez un score de 50 000 avec la chanson « Omoi yo Hitotsu ni Nare (version à 9 membres) » en difficulté normale ou supérieure.
mst.mission.3300495._detail,Obtenez un score de 50 000 ou plus avec la chanson « Omoi yo Hitotsu ni Nare (version à 9 membres) » en difficulté normale ou supérieure.
mst.mission.3300496._title,Obtenez un score de 50 000 avec la chanson « Jingle Bell qui ne s’arrête pas » en difficulté normale ou supérieure.
mst.mission.3300496._detail,Obtenez un score de 50 000 ou plus à la difficulté normale ou supérieure pour la chanson « Jingle Bell ga Tomaranai ».
mst.mission.3300497._title,Atteignez un score de 50 000 avec la chanson « TOKIMEKI Runners (version à 12 membres) » en difficulté normale ou supérieure.
mst.mission.3300497._detail,Obtenez un score de 50 000 avec la chanson « TOKIMEKI Runners (version à 12 membres) » en difficulté normale ou supérieure.
mst.mission.3300498._title,Obtenez un score de 50 000 en mode NORMAL ou supérieur pour la chanson « Dream with You ».
mst.mission.3300498._detail,Obtenez un score de 50 000 ou plus à la difficulté normale ou supérieure de la chanson « Dream with You ».
mst.mission.3300499._title,Obtenez un score de 50 000 en mode NORMAL ou supérieur pour la chanson « Invincible Star Believer ».
mst.mission.3300499._detail,Obtenez un score de 50 000 avec la chanson « Invincible Class*Believer » en difficulté normale ou supérieure.
mst.mission.3300500._title,Obtenez un score de 50 000 avec la chanson « Audrey » en difficulté normale ou supérieure.
mst.mission.3300500._detail,Obtenez un score de 50 000 avec la chanson « Audrey » en difficulté normale ou supérieure.
mst.mission.3300501._title,Obtenez un score de 50 000 avec la chanson « VIVID WORLD » en difficulté normale ou supérieure.
mst.mission.3300501._detail,Obtenez un score de 50 000 ou plus à la difficulté NORMAL ou supérieure pour la chanson « VIVID WORLD ».
mst.mission.3300502._title,Obtenez un score de 50 000 avec la chanson « Mecha Going!! » en difficulté normale ou supérieure.
mst.mission.3300502._detail,Obtenez un score de 50 000 avec la chanson « Mecha Going!! » en difficulté normale ou supérieure.
mst.mission.3300503._title,Atteins un score de 50 000 avec la chanson « Butterfly » en difficulté normale ou supérieure.
mst.mission.3300503._detail,Obtenez un score de 50 000 ou plus avec la chanson « Butterfly » en difficulté normale ou supérieure.
mst.mission.3300504._title,Atteignez un score de 50 000 avec la chanson « CHASE! » en difficulté normale ou supérieure.
mst.mission.3300504._detail,Obtenez un score de 50 000 ou plus à la difficulté normale ou supérieure de la chanson « CHASE! ».
mst.mission.3300505._title,Obtenez un score de 50 000 en mode NORMAL ou supérieur pour la chanson « Ai On no Uta ».
mst.mission.3300505._detail,Obtenez un score de 50 000 ou plus à la difficulté normale ou supérieure de la chanson « Ai On no Uta ».
mst.mission.3300506._title,Obtenez un score de 50 000 en mode NORMAL ou supérieur pour la chanson « Tsunaガールコネクト ».
mst.mission.3300506._detail,Obtenez un score de 50 000 dans la chanson « Tsunaガールコネクト » en difficulté normale ou supérieure.
mst.mission.3300507._title,Obtenez un score de 50 000 avec la chanson « Midori I Kanaria » en difficulté normale ou supérieure.
mst.mission.3300507._detail,Obtenez un score de 50 000 avec la chanson « Midori I Kanaria » en difficulté normale ou supérieure.
mst.mission.3300508._title,Obtenez un score de 50 000 avec la chanson « I’m Still… » en difficulté normale ou supérieure.
mst.mission.3300508._detail,Obtenez un score de 50 000 ou plus à la difficulté normale ou supérieure de la chanson « I’m Still… ».
mst.mission.3300509._title,Obtenez un score de 50 000 en mode NORMAL ou supérieur pour la chanson « Eutopia ».
mst.mission.3300509._detail,Obtenez un score de 50 000 ou plus à la difficulté NORMAL ou supérieure pour la chanson « Eutopia ».
mst.mission.3300510._title,Obtenez un score de 50 000 avec la chanson « L！L！L！ (Love the Life We Live) » en difficulté normale ou supérieure.
mst.mission.3300510._detail,Obtenez un score de 50 000 ou plus à la difficulté NORMAL ou supérieure pour la chanson « L！L！L！ (Love the Life We Live) ».
mst.mission.3300511._title,Obtenez un score de 50 000 avec la chanson « New Year’s March ! (version janvier-juin) » en difficulté normale ou supérieure.
mst.mission.3300511._detail,Obtenez un score de 50 000 avec la chanson « New Year’s March ! (version janvier à juin) » en difficulté normale ou supérieure.
mst.mission.3300512._title,Obtenez un score de 50 000 en jouant la chanson « New Year’s March ! (version juillet-décembre) » en difficulté normale ou supérieure.
mst.mission.3300512._detail,Obtenez un score de 50 000 avec la chanson « New Year’s March ! (version juillet-décembre) » en difficulté normale ou supérieure.
mst.mission.3300513._title,Atteindre un score de 50 000 avec la chanson « Hajimari wa Kimi no Sora » en difficulté normale ou supérieure.
mst.mission.3300513._detail,Obtenez un score de 50 000 avec la chanson « Hajimari wa Kimi no Sora » en difficulté normale ou supérieure.
mst.mission.3300514._title,Obtenez un score de 50 000 avec la chanson « START!! True dreams » en difficulté normale ou supérieure.
mst.mission.3300514._detail,Obtenez un score de 50 000 avec la chanson « START!! True dreams » en difficulté normale ou supérieure.
mst.mission.3300515._title,Obtiens un score de 50 000 avec la chanson « Mirai Yohō Hallelujah » en difficulté NORMAL ou supérieure.
mst.mission.3300515._detail,Obtenez un score de 50 000 ou plus à la difficulté NORMAL ou supérieure pour la chanson « Mirai Yohō Hallelujah ! ».
mst.mission.3300516._title,Obtenez un score de 50 000 avec la chanson « HOT PASSION !! » en difficulté normale ou supérieure.
mst.mission.3300516._detail,Obtenez un score de 50 000 ou plus à la difficulté NORMAL ou supérieure pour la chanson « HOT PASSION !! ».
mst.mission.3300517._title,Obtenez un score de 50 000 avec la chanson « Kaze no Yō ni » en difficulté NORMAL ou supérieure.
mst.mission.3300517._detail,Obtenez un score de 50 000 avec la chanson « Mirai wa Kaze no Yō ni » en difficulté normale ou supérieure.
mst.mission.3300518._title,Obtenez un score de 50 000 avec la chanson « Starlight Prologue » en difficulté normale ou supérieure.
mst.mission.3300518._detail,Obtenez un score de 50 000 dans la chanson « Starlight Prologue » en difficulté normale ou supérieure.
mst.mission.3300519._title,Atteindre un score de 50 000 avec la chanson « WE WILL‼ » en difficulté normale ou supérieure.
mst.mission.3300519._detail,Obtenez un score de 50 000 avec la chanson « WE WILL‼ » en difficulté normale ou supérieure.
mst.mission.3300520._title,Atteignez un score de 50 000 avec la chanson « Kakeru Yume no Saki de » en difficulté normale ou supérieure.
mst.mission.3300520._detail,Obtenez un score de 50 000 ou plus à la difficulté NORMAL ou supérieure pour la chanson « Kakeru Yume no Saki de ».
mst.mission.3300521._title,Obtenez un score de 50 000 avec la chanson « Butterfly Wing » en difficulté normale ou supérieure.
mst.mission.3300521._detail,Obtenez un score de 50 000 avec la chanson « Butterfly Wing » en difficulté normale ou supérieure.
mst.mission.3300522._title,Obtenez un score de 50 000 en mode NORMAL ou supérieur pour la chanson « Vitamin SUMMER ! ».
mst.mission.3300522._detail,Obtenez un score de 50 000 ou plus en mode NORMAL ou supérieur pour la chanson « Vitamin Summer ! ».
mst.mission.3300523._title,Atteignez un score de 50 000 avec la chanson « Sing! Shine! Smile! » en difficulté normale ou supérieure.
mst.mission.3300523._detail,Obtenez un score de 50 000 ou plus à la difficulté NORMAL ou supérieure pour la chanson « Sing! Shine! Smile! ».
mst.mission.3300524._title,Obtenez un score de 50 000 en mode NORMAL ou supérieur pour la chanson « Mirai no Oto ga Kikoeru ».
mst.mission.3300524._detail,Obtenez un score de 50 000 ou plus à la difficulté normale ou supérieure du morceau « Mirai no Oto ga Kikoeru ».
mst.mission.3300525._title,Obtenez un score de 50 000 avec la chanson « UNIVERSE!! » en difficulté normale ou supérieure.
mst.mission.3300525._detail,Obtenez un score de 50 000 ou plus à la difficulté NORMAL ou supérieure pour la chanson « UNIVERSE!! ».
mst.mission.3300526._title,Atteignez un score de 50 000 avec la chanson « Jump Into the New World » en difficulté normale ou supérieure.
mst.mission.3300526._detail,Obtenez un score de 50 000 ou plus à la difficulté NORMAL ou supérieure pour la chanson « Jump Into the New World ».
mst.mission.3300527._title,Obtenez un score de 50 000 en mode NORMAL ou supérieur pour la chanson « Watashi no Symphony ～2023 Ver.～ ».
mst.mission.3300527._detail,Obtenez un score de 50 000 avec la chanson « My Symphony ~2023 Ver.~ » en difficulté normale ou supérieure.
mst.mission.3300528._title,Atteindre un score de 50 000 avec la chanson « MIRACLE NEW STORY » en difficulté normale ou supérieure.
mst.mission.3300528._detail,Obtenez un score de 50 000 avec la chanson « MIRACLE NEW STORY » en difficulté normale ou supérieure.
mst.mission.1073001._title,[Condition de déblocage d’histoire] (invisible)
mst.mission.1073001._detail,Terminez une chanson de Love Live ! une fois.
mst.mission.1073002._title,[Condition de déblocage d’histoire] (invisible)
mst.mission.1073002._detail,Terminez Love Live ! 10 fois.
mst.mission.1073003._title,[Condition de déblocage d’histoire] (invisible)
mst.mission.1073003._detail,Parcourir 30 titres de Love Live !
mst.mission.1073004._title,[Condition de déblocage d’histoire] (invisible)
mst.mission.1073004._detail,Terminez 50 chansons de Love Live !
mst.mission.1073005._title,[Condition de déblocage d’histoire] (invisible)
mst.mission.1073005._detail,Terminez 70 chansons de Love Live !
mst.mission.1073006._title,[Condition de déblocage d’histoire] (invisible)
mst.mission.1073006._detail,Terminez la mission une fois : Love Live! Sunshine!!.
mst.mission.1073007._title,[Condition de déblocage d’histoire] (invisible)
mst.mission.1073007._detail,Terminez Love Live! Sunshine!! 10 fois.
mst.mission.1073008._title,[Condition de déblocage d’histoire] (invisible)
mst.mission.1073008._detail,Terminez 30 chansons de Love Live! Sunshine!!.
mst.mission.1073009._title,[Condition de déblocage d’histoire] (invisible)
mst.mission.1073009._detail,Terminez 50 chansons de Love Live! Sunshine!!.
mst.mission.1073010._title,[Condition de déblocage d’histoire] (invisible)
mst.mission.1073010._detail,Terminez 70 fois des morceaux de Love Live! Sunshine!!.
mst.mission.1073011._title,[Condition de déblocage d’histoire] (invisible)
mst.mission.1073011._detail,Réussir une chanson de Love Live! Nijigasaki Gakuen School Idol Club une fois.
mst.mission.1073012._title,[Condition de déblocage d’histoire] (invisible)
mst.mission.1073012._detail,Terminez la chanson de Love Live! Nijigasaki Gakuen School Idol Club deux fois.
mst.mission.1073013._title,[Condition de déblocage d’histoire] (invisible)
mst.mission.1073013._detail,Terminez la chanson du groupe Love Live! Nijigasaki Gakuen School Idol Club 3 fois.
mst.mission.1073014._title,[Condition de déblocage d’histoire] (invisible)
mst.mission.1073014._detail,Terminez quatre chansons de Love Live! Nijigasaki Gakuen School Idol Club.
mst.mission.1073015._title,[Condition de déblocage d’histoire] (invisible)
mst.mission.1073015._detail,Terminez 5 chansons de Love Live! Nijigasaki Gakuen School Idol Club.
mst.mission.1073016._title,[Condition de déblocage d’histoire] (invisible)
mst.mission.1073016._detail,Terminez la chanson de Love Live! Superstars !! une fois.
mst.mission.1073017._title,[Condition de déblocage d’histoire] (invisible)
mst.mission.1073017._detail,Termes requis : Terminer la chanson de Love Live! Superstar!! 10 fois.
mst.mission.1073018._title,[Condition de déblocage d’histoire] (invisible)
mst.mission.1073018._detail,Terminez 30 chansons de Love Live! Superstar!!.
mst.mission.1073019._title,[Condition de déblocage d’histoire] (invisible)
mst.mission.1073019._detail,Terminez 50 chansons de Love Live! Superstar!!.
mst.mission.1073020._title,[Condition de déblocage d’histoire] (invisible)
mst.mission.1073020._detail,Termes : Terminez 70 chansons de Love Live! Superstar!!.
mst.mission.1073021._title,[Condition de déblocage d’histoire] (invisible)
mst.mission.1073021._detail,Terminez 50 chansons de Love Live! Sunshine!!.
mst.mission.1073022._title,[Condition de déblocage d’histoire] (invisible)
mst.mission.1073022._detail,Terminez 70 fois des morceaux de Love Live! Sunshine!!.
mst.mission.1073023._title,[Condition de déblocage d’histoire] (invisible)
mst.mission.1073023._detail,Terminez 50 chansons de Love Live! Superstar!!.
mst.mission.1073024._title,[Condition de déblocage d’histoire] (invisible)
mst.mission.1073024._detail,Termes : Terminez 70 chansons de Love Live! Superstar!!.
mst.mission.1073025._title,[Condition de déblocage d’histoire] (invisible)
mst.mission.1073025._detail,Termes acceptés : utilisez toujours « Cool » pour « クール ».
mst.mission.1073026._title,[Condition de déblocage d’histoire] (invisible)
mst.mission.1073026._detail,Termes acceptés : utilisez toujours « Cool » pour « クール ».
mst.mission.1073027._title,[Condition de déblocage d’histoire] (invisible)
mst.mission.1073027._detail,Termes acceptés : utilisez toujours « Cool » pour « クール ».
mst.mission.1073028._title,[Condition de déblocage d’histoire] (invisible)
mst.mission.1073028._detail,Termes acceptés : utilisez toujours « Cool » pour « クール ».
mst.mission.1073029._title,[Condition de déblocage d’histoire] (invisible)
mst.mission.1073029._detail,Termes acceptés : utilisez toujours « Cool » pour « クール ».
mst.mission.1073030._title,[Condition de déblocage d’histoire] (invisible)
mst.mission.1073030._detail,Termes acceptés : utilisez toujours « Cool » pour « クール ».
mst.mission.1073031._title,[Condition de déblocage d’histoire] (invisible)
mst.mission.1073031._detail,Termes acceptés : utilisez toujours « Cool » pour « クール ».
mst.mission.1073032._title,[Condition de déblocage d’histoire] (invisible)
mst.mission.1073032._detail,Termes acceptés : utilisez toujours « Cool » pour « クール ».
mst.mission.1073033._title,[Condition de déblocage d’histoire] (invisible)
mst.mission.1073033._detail,Termes acceptés : utilisez toujours « Cool » pour « クール ».
mst.mission.1073034._title,[Condition de déblocage d’histoire] (invisible)
mst.mission.1073034._detail,Termes acceptés : utilisez toujours « Cool » pour « クール ».
mst.mission.1073035._title,[Condition de déblocage d’histoire] (invisible)
mst.mission.1073035._detail,Termes acceptés : utilisez toujours « Cool » pour « クール ».
mst.mission.1073036._title,[Condition de déblocage d’histoire] (invisible)
mst.mission.1073036._detail,Termes acceptés : utilisez toujours « Cool » pour « クール ».
mst.mission.1073037._title,[Condition de déblocage d’histoire] (invisible)
mst.mission.1073037._detail,Terminez le morceau de Love Live! Nijigasaki Gakuen School Idol Club 15 fois.
mst.mission.1073038._title,[Condition de déblocage d’histoire] (invisible)
mst.mission.1073038._detail,Terminez le morceau de Love Live! Nijigasaki Gakuen School Idol Club 15 fois.
mst.mission.1073039._title,[Condition de déblocage d’histoire] (invisible)
mst.mission.1073039._detail,Terminez le morceau de Love Live! Nijigasaki Gakuen School Idol Club 15 fois.
mst.mission.1073040._title,[Condition de déblocage d’histoire] (invisible)
mst.mission.1073040._detail,Terminez le morceau de Love Live! Nijigasaki Gakuen School Idol Club 15 fois.
mst.mission.1073041._title,[Condition de déblocage d’histoire] (invisible)
mst.mission.1073041._detail,Terminez le morceau de Love Live! Nijigasaki Gakuen School Idol Club 15 fois.
mst.mission.1073042._title,[Condition de déblocage d’histoire] (invisible)
mst.mission.1073042._detail,Terminez le morceau de Love Live! Nijigasaki Gakuen School Idol Club 15 fois.
mst.mission.1073043._title,[Condition de déblocage d’histoire] (invisible)
mst.mission.1073043._detail,Terminez le morceau de Love Live! Nijigasaki Gakuen School Idol Club 15 fois.
mst.mission.1073044._title,[Condition de déblocage d’histoire] (invisible)
mst.mission.1073044._detail,Terminez le morceau de Love Live! Nijigasaki Gakuen School Idol Club 15 fois.
mst.mission.1073045._title,[Condition de déblocage d’histoire] (invisible)
mst.mission.1073045._detail,Terminez le morceau de Love Live! Nijigasaki Gakuen School Idol Club 15 fois.
mst.mission.1073046._title,[Condition de déblocage d’histoire] (invisible)
mst.mission.1073046._detail,Terminez le morceau de Love Live! Nijigasaki Gakuen School Idol Club 15 fois.
mst.mission.1073047._title,[Condition de déblocage d’histoire] (invisible)
mst.mission.1073047._detail,Terminez le morceau de Love Live! Nijigasaki Gakuen School Idol Club 15 fois.
mst.mission.1073048._title,[Condition de déblocage d’histoire] (invisible)
mst.mission.1073048._detail,Terminez le morceau de Love Live! Nijigasaki Gakuen School Idol Club 15 fois.
mst.mission.1073049._title,[Condition de déblocage d’histoire] (invisible)
mst.mission.1073049._detail,Terminez le morceau de Love Live! Nijigasaki Gakuen School Idol Club 20 fois.
mst.mission.1073050._title,[Condition de déblocage d’histoire] (invisible)
mst.mission.1073050._detail,Terminez le morceau de Love Live! Nijigasaki Gakuen School Idol Club 20 fois.
mst.mission.1073051._title,[Condition de déblocage d’histoire] (invisible)
mst.mission.1073051._detail,Terminez le morceau de Love Live! Nijigasaki Gakuen School Idol Club 20 fois.
mst.mission.1073052._title,[Condition de déblocage d’histoire] (invisible)
mst.mission.1073052._detail,Terminez le morceau de Love Live! Nijigasaki Gakuen School Idol Club 20 fois.
mst.mission.1073053._title,[Condition de déblocage d’histoire] (invisible)
mst.mission.1073053._detail,Terminez le morceau de Love Live! Nijigasaki Gakuen School Idol Club 20 fois.
mst.mission.1073054._title,[Condition de déblocage d’histoire] (invisible)
mst.mission.1073054._detail,Terminez le morceau de Love Live! Nijigasaki Gakuen School Idol Club 20 fois.
mst.mission.1073055._title,[Condition de déblocage d’histoire] (invisible)
mst.mission.1073055._detail,Terminez le morceau de Love Live! Nijigasaki Gakuen School Idol Club 20 fois.
mst.mission.1073056._title,[Condition de déblocage d’histoire] (invisible)
mst.mission.1073056._detail,Terminez le morceau de Love Live! Nijigasaki Gakuen School Idol Club 20 fois.
mst.mission.1073057._title,[Condition de déblocage d’histoire] (invisible)
mst.mission.1073057._detail,Terminez le morceau de Love Live! Nijigasaki Gakuen School Idol Club 20 fois.
mst.mission.1073058._title,[Condition de déblocage d’histoire] (invisible)
mst.mission.1073058._detail,Terminez le morceau de Love Live! Nijigasaki Gakuen School Idol Club 20 fois.
mst.mission.1073059._title,[Condition de déblocage d’histoire] (invisible)
mst.mission.1073059._detail,Terminez le morceau de Love Live! Nijigasaki Gakuen School Idol Club 20 fois.
mst.mission.1073060._title,[Condition de déblocage d’histoire] (invisible)
mst.mission.1073060._detail,Terminez le morceau de Love Live! Nijigasaki Gakuen School Idol Club 20 fois.
mst.mission.1073061._title,[Condition de déblocage d’histoire] (invisible)
mst.mission.1073061._detail,Terminez 90 chansons de Love Live !
mst.mission.1073062._title,[Condition de déblocage d’histoire] (invisible)
mst.mission.1073062._detail,Terminez Love Live ! 110 fois.
mst.mission.1073063._title,[Condition de déblocage d’histoire] (invisible)
mst.mission.1073063._detail,Terminez 130 chansons de Love Live !
mst.mission.1073064._title,[Condition de déblocage d’histoire] (invisible)
mst.mission.1073064._detail,Termes requis : Terminer la chanson de Love Live! Superstar!! 10 fois.
mst.mission.1073065._title,[Condition de déblocage d’histoire] (invisible)
mst.mission.1073065._detail,Terminez 15 chansons de Love Live! Superstar!!.
mst.mission.1073066._title,[Condition de déblocage d’histoire] (invisible)
mst.mission.1073066._detail,Terminez 20 fois les morceaux de Love Live! Superstar!!.
mst.mission.1805001._title,Terminez un Live.
mst.mission.1805001._detail,Terminez un Live.
mst.mission.1805002._title,Terminez 2 Lives
mst.mission.1805002._detail,Terminez le Live deux fois.
mst.mission.1805003._title,Terminez 3 Lives
mst.mission.1805003._detail,Terminez 3 Lives.
mst.mission.1805004._title,Terminez 4 Lives
mst.mission.1805004._detail,Terminez 4 fois le Live.
mst.mission.1805005._title,Terminez 5 Lives
mst.mission.1805005._detail,Terminez 5 Lives.
mst.mission.1805006._title,Live : réussissez-le 6 fois
mst.mission.1805006._detail,Terminez 6 Lives.
mst.mission.1805007._title,Terminez 7 Lives
mst.mission.1805007._detail,Terminez 7 Lives.
mst.mission.1805008._title,Terminez 8 Lives
mst.mission.1805008._detail,Terminez 8 Lives.
mst.mission.1805009._title,Live : réussissez-le 9 fois
mst.mission.1805009._detail,Terminez 9 Lives.
mst.mission.1805010._title,Live : terminez-le 10 fois
mst.mission.1805010._detail,Terminez 10 Live.
mst.mission.1805011._title,Terminez 11 fois le Live
mst.mission.1805011._detail,Terminez 11 Lives.
mst.mission.1805012._title,Terminez 12 Lives
mst.mission.1805012._detail,Terminez 12 Lives.
mst.mission.1805013._title,Live : terminez-le 13 fois
mst.mission.1805013._detail,Terminez 13 Lives.
mst.mission.1805014._title,Live : terminez-le fois
mst.mission.1805014._detail,Terminez 14 Lives.
mst.mission.1805015._title,Termes acceptés — Effectuez 15 Lives.
mst.mission.1805015._detail,Terminez 15 Live.
mst.mission.1805016._title,Live : terminez-le 16 fois
mst.mission.1805016._detail,Terminez 16 Lives.
mst.mission.1805017._title,Live : terminez-le 17 fois
mst.mission.1805017._detail,Terminez 17 Lives.
mst.mission.1805018._title,Terminez 18 Lives
mst.mission.1805018._detail,Terminez 18 Lives.
mst.mission.1805019._title,Live : terminez-le 19 fois
mst.mission.1805019._detail,Terminez 19 Lives.
mst.mission.1805020._title,Live : terminez-le 20 fois
mst.mission.1805020._detail,Terminez 20 Lives.
mst.mission.1805021._title,Terminez 21 Lives
mst.mission.1805021._detail,Terminez 21 Lives.
mst.mission.1805022._title,Terminez 22 Lives
mst.mission.1805022._detail,Terminez 22 Lives.
mst.mission.1805023._title,Live : terminez-le 23 fois
mst.mission.1805023._detail,Terminez 23 Lives.
mst.mission.1805024._title,Live : terminez-le 24 fois
mst.mission.1805024._detail,Terminez 24 Lives.
mst.mission.1805025._title,Terminez 25 Lives
mst.mission.1805025._detail,Terminez 25 Lives.
mst.mission.1805026._title,Live : terminez-le 28 fois
mst.mission.1805026._detail,Terminez 28 Lives.
mst.mission.1805027._title,Live : terminez-le 30 fois
mst.mission.1805027._detail,Terminez 30 Lives.
mst.mission.1805028._title,Live : terminez-le fois
mst.mission.1805028._detail,Terminez 33 Lives.
mst.mission.1805029._title,Terminez 35 Lives
mst.mission.1805029._detail,Terminez 35 Lives.
mst.mission.1805030._title,Terminez 38 Lives
mst.mission.1805030._detail,Terminez 38 Lives.
mst.mission.1805031._title,Live : terminez-le 40 fois
mst.mission.1805031._detail,Terminez 40 Lives.
mst.mission.1805032._title,Live : terminez-le fois
mst.mission.1805032._detail,Terminez 43 Lives.
mst.mission.1805033._title,Terminez 45 Lives
mst.mission.1805033._detail,Terminez 45 Lives.
mst.mission.1805034._title,Live : terminez-le fois
mst.mission.1805034._detail,Terminez 48 Lives.
mst.mission.1805035._title,Termes convenus — Termes convenus
mst.mission.1805035._detail,Terminez 50 Lives.
