_key,_text
Common_Amount,{0} × {1}
Common_IconAmount,x{0}
Common_IconAmountOverLimit,×{0}+
Common_ItemHasAmount,Possédé : {0}
Common_PossessionNumber,Possédé :
Common_Possession,Possédé
Common_Lack,Insuffisant
Common_Gem,Loveca
Common_KizunaPoint,Affection
Common_ChargeGem,Loveca (payant)
Common_Point_Coin,Or
Common_Point_Seal,Points de recrutement
Common_Point_LiveStamp,(Dummy) Live Stamp
Common_OwnedAndCostAmount,{0} / {1}
Common_Rank,Rang
Common_PlayerRank,Rang du joueur
Common_GroupRank,Rang du groupe
Common_GroupRankWithGroupName,Rang de {0}
Common_ExpToNextRankLabel,Niveau suivant
Common_ExpMax,MAX
Common_Exp,EXP
Common_Level,Niveau
Common_MusicLevel,Niveau de la chanson
Common_OrderBy,Ascendant
Common_OrderByDescending,Décroissant
Common_Day,{0} jours
Common_Month,{0} mois
Common_Year,{0} année
Common_Hour,{0} heure(s)
Common_Minute,{0} min
Common_Second,{0} secondes
Common_Until,jusqu’à
Common_ExpireDateFew,Bientôt !
Common_ExpireDateRemaining,Il reste
Common_ExpireDateInfinity,Illimité
Common_ExpireDateExpired,Expiré
Common_Period,De {0} à {1}
Common_Remaining,Il reste
Common_Exchange,Échanger
Common_Filter,Filtrer
Common_Sort,Trier
Common_AllSelect,Tout sélectionner
Common_AllRelease,Tout désélectionner
Common_Sunday,Dimanche
Common_Monday,lundi
Common_Tuesday,Mardi
Common_Wednesday,Mercredi
Common_Thursday,Jeudi
Common_Friday,Vendredi
Common_Saturday,Samedi
Common_Daily,Quotidien
Common_Weekly,Hebdomadaire
Common_MusicArtistLabel,Chanson
Common_MusicLyricistLabel,Parolier
Common_MusicComposerLabel,Composition
Common_MusicArrangerLabel,編曲
Common_MusicArtistFormat,Chanté par : {0}
Common_MusicLyricistFormat,Paroles : {0}
Common_MusicComposerFormat,Composition : {0}
Common_MusicArrangerFormat,Arrangement : {0}
Common_MusicDetail,"Paroles : {0}, Musique : {1}, Arrangement : <br>"
Common_CardFullName,[{0}]{1}
Common_CardFullName2Line,[{0}]<br>{1}
Common_Rare2,SR
Common_Rare3,UR
Common_Rare4,UR
Common_Present,Présent
Common_Reward,Récompense
Common_Receive,Vous avez reçu {0}.
Common_Nothing,Rien
Common_RoleVocal,Chant
Common_RoleGuitar,Chant
Common_RoleBass,Basse
Common_RoleDrum,ドラム
Common_RoleKeyboard,Clavier
Common_RoleSupport,Support
Common_TypeHeart,Smile
Common_TypeDiamond,Pure
Common_TypeSpade,Cool
Common_MainStory,Histoire principale
Common_SubStory,Sous-histoire
Common_EventStory,Histoire de l’événement
Common_EventPoint,{0} pts
Common_EventCurrency_ChallengeLive,{0}
Common_EventCurrency_LiveTry,{0}
Common_EventCurrency_VsLive,{0} pers.
Common_EventCurrency_MultiLive,{0} pers.
Common_RankingRank,{0}e place
Common_RankingRankOut,Hors classement
Common_CountBadgeOverLimit,{0}+
Common_SkipUntilNextDay_Zero,Ne plus afficher cette fenêtre jusqu’à demain 0h
Common_SkipUntilNextDay_Login,Ne pas afficher cette fenêtre avant demain 4h.
Common_DoNotDisplayAfter,Ne plus afficher cette fenêtre
Common_Percent,{0}%
Common_Piece,{0}
Common_All,TOUT
Common_Other,Liella !
Common_XJAPAN,μ’s
Common_LUNASEA,Aqours
Common_GLAY,虹ヶ咲
Common_GroupOther,Autres
Common_Grade,{0}e année
Common_DifficultyNormal,NORMAL
Common_DifficultyHard,DIFFICILE
Common_DifficultyExpert,EXPERT
Common_DifficultyMaster,MAÎTRE
Common_StatusOfAchievement,État de progression
Common_Achieved,Réalisé
Common_NotAchieved,Non atteint
Common_ExpirationDate,Date d’expiration
Button_Close,Fermer
Button_Ok,OK
Button_Next,Suivant
Button_Cancel,Annuler
Button_Decide,Décider
Button_Update,Mettre à jour
Button_Retry,Réessayer
Button_Return,Retour
Button_VoiceOn,Voix activée
Button_VoiceOff,Pas de voix
Button_Resume,Reprendre le Live
Button_Suspend,Terminer le Live
Button_Skip,Ignorer
Button_Restart,Live を再開
Button_Shop,Boutique
Button_Home,Accueil
Button_BuyGem,Acheter Loveca
Button_PresentBox,Présents
Button_Chat,Chat
Button_Release,Libérer
Button_Apply,Appliquer
Button_Edit,Modifier
DueDate_DialogTitle_PresentBox,Date limite de récupération
DueDate_DialogCaution_PresentBox,Les objets disparaîtront si vous ne les récupérez pas.
DueDate_Dialog_ItemNum,Nombre : {0}
DueDate_DialogTitle_Item,Articles proches de leur date d’expiration
GachaTop_PeriodTime,"Jusqu’au {1}, {0}"
GachaTop_PriceTitle,Recruter {0} fois
GachaTop_PriceTitleChargeGem,Effectuer {0} recrutements (payant)
GachaTop_PriceTitleFree,Recruter gratuitement {0} fois
GachaTop_Price_Free,Gratuit
GachaTop_BuyButton_Balloon_Daily,"<color=#f93981>1 jour {0}, </color> renouvellement quotidien à minuit <br>"
GachaTop_BuyButton_Balloon_ReritySR,<color=#f93981>Au moins un SR </color> garanti ! <br>
GachaTop_BuyButton_Balloon_RerityUR,<color=#f93981>UR garanti ! </color>
GachaTop_BuyButton_Balloon_BonusItem,Objet<br>avec bonus !
GachaTop_BuyButton_Balloon_Free,{0} tirages gratuits !
GachaTop_BuyButton_Balloon_Limit,"Pendant la période, seulement {0} fois !"
GachaTop_LimitDailyOnce,"1 jour, 1 fois seulement"
GachaTop_LimitDailyAny,"<color=#FD8E18>Une fois par jour, {0}</color> renouvelé chaque jour à minuit <br>"
GachaTop_LimitCountOnce,1 fois seulement
GachaTop_LimitCountAny,Il reste {0} tentatives.
GachaTop_LimitDailyOnceCountAny,Encore {0} fois <br> <color=#FD8E18> (une seule fois par jour) </color>
GachaTop_LimitDailyAnyCountAny,Il reste {0} tirages <br> <color=#FD8E18> (il vous reste {1} tirages aujourd'hui) </color>
GachaTop_EnsureRareOnly,{0} et {1} garantis !
GachaTop_EnsureRareOverContains,"{0} ou plus, {1} garantis !"
GachaTop_LimitOver,Nombre maximal atteint.
GachaTop_LimitOverDailyRepeat,Se réinitialise à minuit<br>
GachaTop_LimitEnd,Tirages terminés
GachaTop_LimitStepup,Nombre maximal de tirages atteint.
GachaTop_MemberDetailCaution,※Chaque statistique affiche la valeur maximale après l’Éveil et au niveau maximum.<br>※Les compétences spéciales affichent leurs effets au niveau maximum.
GachaTop_MemberDetailPhotoButtonEvolveBefore,Modifier avant l’Éveil
GachaTop_MemberDetailPhotoButtonEvolveAfter,Modifier après l’Éveil
GachaTop_BannerRemainTimeFormat,Il reste <size=85%> encore <size=100%> {0}.
GachaTop_RateFormat,{0}%
GachaTop_MemberRateFormat,f4
GachaTop_RarityRateFormat,f2
GachaTop_Step,ÉTAPE {0}
GachaTop_StepCount,<size=59> <color=#f93981> / {0} </color> <size=32> {1}
GachaTop_HasAmount,Possédé ({0})
GachaTop_LimitDailyOnceChargeGem,Loveca payant ! Mise à jour quotidienne à minuit.
GachaTop_BonusReward,{0} avec bonus !
GachaTop_RunButtonText,Effectuer <size=50> un recrutement de {0} <size=32> fois.
GachaTop_RunButtonDialog_Title,Ticket d’invitation
GachaTop_RunButtonDialog_TopButton,Ticket
GachaTop_RunButtonDialog_Caution,"※Les tickets expirés ne peuvent pas être utilisés pour le Recrutement <br> ※Vous pouvez effectuer le Recrutement sélectionné actuellement <br> ※Le contenu du Recrutement sera identique à celui obtenu avec Loveca (pour un ticket de Recrutement 10 fois, le même contenu que le Recrutement 10 fois sera appliqué)."
GachaPlay_DialogOk,OK
GachaPlay_DialogInfomation,Les objets obtenus au-delà de la limite seront envoyés en cadeau.
GachaConfirm_DialogTitle,Confirmer
GachaConfirm_Period,Période :
GachaConfirm_Count,{0} fois
GachaConfirm_TicketText,« {0} » {1} seront dépensés pour effectuer {3} recrutements avec <br> {2} ?
GachaConfirm_GemText,Utiliser {0}Loveca pour effectuer {2} recrutements à partir de {1} ? avec <br>
GachaConfirm_InfoText,{1} {0} au prix de <br> pour un Recrutement de {2} fois ?
GachaConfirm_ConsumeLackText,Il manque des {0}.
GachaConfirm_Buy,Acheter ?
GachaConfirm_Gem,Loveca
GachaConfirm_ChargeGem,Loveca payant
GachaConfirm_BuyButton,Acheter
GachaConfirm_GachaButton,Recruter
GachaResult_RemainingAny,Après fois
GachaResult_RemainingDailyAny,"Aujourd’hui, il reste fois."
GachaResult_TutorialSelectPhoto,Touchez l’Idole que vous préférez.
GachaResult_GetPoint,"Obtenir <font=""FOT-TsukuGoPr5-M SDF""> de {0}pt </font>"
GachaResult_ResultPoint,{0} → {1}
GachaResult_Exchange,Échange
GachaResult_GetOverMemberMessage,"Si l’Idole est déjà dans votre groupe, vous obtiendrez un bâton lumineux à la place.<br>"
GachaResult_LimitBreakNoteText,Une nouvelle Idole vient de rejoindre le groupe !
GachaDetail_TabTitle,Détails du recrutement
GachaDetail_DialogTitle,Détails du recrutement
GachaDetail_Help,Remarques
GachaDetail_GachaInfo,Recrutement
GachaDetail_Terms,Période de l’événement
GachaDetail_NewMember,Nouvelle Idole
GachaDetail_Step,ÉTAPE {0}
GachaRateDetail_TabTitle,Taux d’apparition
GachaRateDetail_DialogTitle,Détails du recrutement
GachaRateDetail_Help,Remarques
GachaRateDetail_RarityRate,Pourcentage d’apparition par rareté
GachaRateDetail_RarityRateUnensure,Apparition : {0}
GachaRateDetail_RarityRateEnsure,Apparition garantie : {0}
GachaRateDetail_Main,Poste Live
GachaRateDetail_Support,Poste de soutien
GachaRateDetail_RarityRateMember,Liste des Idoles apparaissant
GachaRateDetail_RarityRateUnensureMember,Idoles garanties : {0}
GachaRateDetail_RarityRateEnsureMember,Idoles garanties : {0}
GachaFixedRateDetail_TabTitle,Probabilité au 10e tirage
GachaFixedRateDetail_TabTitleStepup,Probabilité au 10e tirage
GachaPickUpMemberDetail_TabTitle,Détails de l’Idole
GachaPickUpMemberDetail_DialogTitle,Détails de l’Idole en vedette
Consume_HasConsumeName,Possédé :
Consume_UseConsumeName,Nombre requis
Consume_PriceTitleChargeGem,Tirer {0} fois (uniquement avec des gemmes payantes) <br>
Consume_InfoOnConsumeMedal ,Les Loveca gratuits seront utilisés en priorité.
WaitingMemberList_SealNumWordText,Points de recrutement possédés
WaitingMemberList_SealReplacementShopButton,Échange
WaitingMemberList_AllSelectButton,Tout sélectionner
WaitingMemberList_SelectCharaNumWord,Sélectionné
WaitingMemberList_SealChangeButton,転部
WaitingMemberList_EmptyChara,Aucune Idole ne peut changer de groupe.
WaitingMemberList_ItemGetNum,Nombre à obtenir
WaitingMemberList_CanGetItem,Objets à obtenir
WaitingMemberList_ChangeResultShortMessage,Vous avez obtenu {0} bâtons lumineux.
WaitingMemberList_ChangeDialogTitle,Confirmer
WaitingMemberList_ChangeDialogConfirm,Transférez {0} Idole de la salle d'attente et obtenez {1} objets.
WaitingMemberList_ChangeDialogCharaNumWord,pièces
WaitingMemberList_ChangeDialogSealNumWord,personnes
WaitingMemberList_ChangeDialogTotalSealWord,♪Autocollant
CardIcon_LvWord,Niv.
CardIcon_SkillLvWord,Niv. compétence
CardIcon_HpWord,PV :
CardIcon_EventBonusWord,Bonus :
CardIcon_EventBonusParam,+{0}%
CardIcon_BonusParam,<size=20>+</size>{0}%
CardIcon_UnlockNotJoin,Non acquis
Practice_EmptyItem,Vous ne possédez pas de notes de cours.<br>
Practice_ExpWord,Niveau suivant
Practice_ResetButton,Réinitialiser
Practice_RecommendButton,Aléatoire
Practice_Max,MAX
Practice_ItemSelect,Sélection d’objet
Practice_NeedItem,Nécessaire
Practice_ItemShortageAlert,Les articles requis sont insuffisants.
Practice_LevelMaxAlert,Le niveau est au maximum.
SkillPractice_EmptyChara,Échangez {0} Idole(s) de la salle d'attente contre <br> fanlight(s) {1} ? <br>
SkillPractice_EmptyItem,Vous ne possédez pas de livre de compétences.<br>
SkillPractice_SamePhotoBonus,Bonus Idoles du même groupe
SkillPractice_SameItemBonus,Bonus de concordance
SkillPractice_PhotoTab,Répertoire
SkillPractice_ItemTab,Ticket
SkillPractice_HavingTextLavel,Possédé : {0}
Training_ConfirmDialogTitle,Confirmer
Training_ItemConfirmDialogMessage,Utiliser le bâton lumineux sélectionné pour l’Éveil.<br>Est-ce que c’est bien ça ?
Training_CardConfirmDialogMessage,Utiliser le bâton lumineux sélectionné pour l’Éveil.<br>Est-ce que c’est bien ça ?
Training_LackCoinConfirmDialogMessage,Il manque <br> <color=#D73C55> pièces d’or pour l’Éveil de {1} {0} </color>.
Training_ItemSettingDialogTitle,Réglage des objets à dépenser
Training_ItemSettingDialogMessage,Définissez le nombre d’éléments à dépenser.
Training_NeedCount,Nombre requis
Training_NeedItem,Nombre d’items requis
Training_NoSetting,Non défini
Training_MaxLevelAndStatus,Niveau max et stats
Training_EmptyChara,Aucune Idole n’est disponible pour l’Éveil.
Training_ItemConfirmDialogLimitNumNote,Vous pouvez effectuer l’Éveil {0} fois maximum.
Training_ItemAmountOverLimit,{0}+
Training_SelectThisWay,Sélectionner cette méthode
Training_GoldLack,Or insuffisant.
Training_LevelLack,Le niveau maximum n’est pas atteint.
Training_AwakeningBefore,Avant l’Éveil
Training_AwakeningAfter,Éveil après
Training_MaxLv,Niveau max.
Training_AwakenedMaxShortMessage,Déjà au niveau d’éveil maximum.
Training_CardEvolveItem,Bâton lumineux
Training_CardEvolveItemSub1,Éveil
Training_CardEvolveItemSub2,Éveil
Training_CardEvolveItemSub3,Éveil
TrainingResult_TrainingTitle,Éveil terminé
TrainingResult_TrainingMessage,L’Éveil est terminé.
TrainingResult_EpisodeTitle,Bonus pour l’accomplissement de l’histoire
TrainingResult_EpisodeMessage,Vous avez débloqué l’épisode <br> de {1} ! {0}
StatusUpResult_EpisodeTitle,Bonus pour l’accomplissement de l’histoire
StatusUpResult_Message,Les stats de {0} ont été augmentées de <br>.
CardDetail_EpisodeUnlockConfirm,Souhaitez-vous dépenser les objets suivants pour débloquer l’histoire « {0} » ?
CardDetail_EpisodeUnlockLevel,Condition de déblocage : Idole niveau {0} ou plus.
CardDetail_EpisodeUnlockNeedNum,Nombre requis : {0}
CardDetail_EpisodeUnlockHaveNum,Possédé : {0}
CardDetail_EpisodeUnlockLackMaterial,<color=#D73C55>Matériaux requis insuffisants</color>
CardDetail_EpisodeUnlockLackLevel,Niveau de l’Idole insuffisant : niveau actuel {0} / niveau requis {1} <color=#D73C55> <br> </color>
CardDetail_EpisodeUnlockLackGold,Il manque <color=#D73C55> de l'or pour cela </color>.
CardDetail_UnlockEpisodePlayConfirmDialogTitle,Histoire débloquée.
CardDetail_UnlockEpisodePlayConfirmDialogMessage,L’histoire « {0} » a été débloquée <br>. Souhaitez-vous continuer et la lire <br> ?
CardDetail_EpisodePlayConfirmDialogTitle,Histoire
CardDetail_EpisodePlayConfirmDialogMessage,Lire l’histoire « {0} ». Voulez-vous la lire maintenant ? <br>
CardDetail_ChangeIllustButton,Changer l’illustration
CardDetail_ExpansionButton,Zoomer
CardDetail_LevelWord,Niveau
CardDetail_ExpWord,Niveau suivant
CardDetail_Max,MAX
CardDetail_MemberDetailButton,Détails de l’Idole
CardDetail_PracticeButton,Leçon
CardDetail_TrainingButton,Éveil
CardDetail_SkillPracticeButton,Leçon de compétences
CardDetail_CardNormal,Normal
CardDetail_Favorite,Favori
CardDetail_Animation,Animation
CardDetail_Effect,Effet
CardDetail_Status,Stats
CardDetail_Profile,Profilo
CardDetail_LevelStatus,Niveau et stats
CardDetail_CenterSkill,Compétence centrale
CardDetail_Skill,Compétence
CardDetail_SkillLv,Niv. compétence
CardDetail_GachaButton,Recrutement
CardDetail_SchoolYear,Année scolaire
CardDetail_Birthday,Anniversaire
CardDetail_BloodType,Groupe sanguin
CardDetail_Height,Taille
CardDetail_CharaVoice,CV
CardDetail_SchoolYearInput,{0}e année
CardDetail_EpisodeUnlockConfirmDialogTitle,Confirmer le déblocage de l’histoire
CardDetail_EpisodeRewardDialogTitle,Récompense de l’histoire
CardDetail_SpecialEpisodeRewardDialogTitle,Récompense de l’histoire spéciale
CardDetail_EpisodeRewardDialogMessage,Vous avez obtenu une récompense ! <br> <color=#D73C55> Vous pouvez récupérer votre récompense dans les cadeaux. </color>
CardDetail_EpisodePlayDialogUseVoiceButton,Voix activée
CardDetail_EpisodePlayDialogNoVoiceButton,Pas de voix
CardDetail_CharacterEpisodeLevel,Niveau de l’histoire {0}
CardDetail_CardGetCategoryGacha,Recrutement
CardDetail_CardGetCategoryEvent,Événement
CardDetail_CardGetCategoryExchange,Échange
CardDetail_CardGetCategoryStory,Histoire
CardDetail_CardGetCategoryMission,ミッション
CardDetail_CardGetDetailGacha,Recrutement 『{0}』 disponible !
CardDetail_CardGetDetailEvent,Événement « {0} » : disponible !
CardDetail_CardGetDetailExchange,Disponible à l’échange « {0} » !
CardDetail_CardGetDetailStory,Histoire « {0} » disponible !
CardDetail_CardGetDetailMission,Mission『』で入手可能！
CardDetail_NoticeLevelMaxDisplay,Les stats affichées correspondent à l’Éveil et au niveau maximum.
Album_NotCanGet,Non disponible pour le moment.
Album_GachaCanGet,<color=#DF4444>Recrutement</color> : cette Idole est disponible.
Album_EventCanGet,Idole que vous pouvez obtenir lors de l’événement <color=#DF4444></color>.
Album_ExchangeCanGet,Idole disponible à l’échange <color=#DF4444> dans la boutique </color>.
Album_LoginbonusCanGet,Les Idoles disponibles via le <color=#DF4444>bonus de connexion</color> sont celles-ci.
Album_StoryCanGet,Les Idoles disponibles en <color=#DF4444>Histoire</color>.
Album_MissionCanGet,Les Idoles disponibles via les <color=#DF4444>missions</color> sont celles-ci.
Album_BeginnerMissionCanGet,Idole que vous pouvez obtenir via la <color=#DF4444>mission pour débutants</color>.
Album_GachaCanNotGet,Nouvelle Idole de « {0} »<br>Non disponible lors du Recrutement en cours
Album_EventCanNotGet,Nouvelle Idole de l’événement « {0} ». Elle n’est pas disponible actuellement dans les événements en cours ou à l’échange. <br>
Album_CampaignCanNotGet,"Idole de campagne « {0} » : actuellement, vous ne pouvez pas la recruter. <br>"
Album_GachaOkButton,Recrutement
Album_EventOkButton,Retour aux événements
Album_ExchangeOkButton,Échange
Album_StoryOkButton,À l’histoire
Album_TrainingOkButton,Détails de l’Idole
Album_MissionOkButton,Missions
Album_DefaultOkButton,OK
Album_Empty,Aucun album disponible.
Album_DialogTitle,Trier l’album
Album_DialogGetTypeWord,État d’acquisition
Album_DialogTrainingTypeWord,État d’Éveil
Album_DialogGetTypeAll,Tout sélectionner
Album_DialogGetTypeTitle,Possédé
Album_DialogGetTypeUnlock,Possédé
Album_DialogGetTypeLock,Non possédé
Album_DialogMovieTypeTitle,Vidéo
Album_DialogMovieTypeHas,Vidéo disponible
Album_DialogMovieTypeNot,Pas de vidéo
Album_DialogEpisodeTypeTitle,Histoire
Album_DialogEpisodeTypeHas,ストーリー付き
Album_DialogEpisodeTypeNot,Pas de story
Album_DialogSpPhotoTypeTitle,SPフォト
Album_DialogSpPhotoTypeHas,SPフォトあり
Album_DialogSpPhotoTypeNot,Pas de SP photo
Album_DialogEvolveTypeAll,Tout sélectionner
Album_DialogEvolveTypeNotEvolved,Avant l’Éveil
Album_DialogEvolveTypeEvolved,Éveil après
Album_DialogSortTypeId,Par défaut
Album_DialogSortTypeUnlock,Par ordre d’acquisition
Album_DialogSortTypeRarity,Rareté
Album_SIF1_CardSeries,Série
Album_SIF1_CardOther,Autres
Album_SIF1_CardTypeNormal,Normal
Album_SIF1_CardTypeAwakening,Éveil
Album_SIF1_HeightExt,{0} cm
Album_SIF2_AcquiredStatus,Statut d’acquisition
Album_SIF2_AcquiredPercent,{0}% ( {1} / {2} )
Album_SIF2_MemberSummary,Liste des Idoles
Album_SIF2_Profile,Profilo
Album_SIF2_NonJoining,Non acquis
Album_SIF2_NonJoiningToCard,Aucune Idole n’est actuellement sélectionnée.
Album_SIF2_NothingToCard,Aucune Idole sélectionnée.
AreaTalkList_AreaOnly,Lieu d’occurrence
AreaTalkList_AreaAndItem,Conditions de déclenchement
AreaTalkList_Empty,Aucune mini-histoire disponible.
AreaTalkList_HaveAlbum,Relire les mini-histoires déjà vues !
AreaTalkList_PlayButton,Voir
CostumeSelect_DeckTitle,Costume de la formation photo ★
CostumeSelect_DeckInfo,"En définissant cela, l’apparence par défaut sera <br> « {0} »."
CostumeSelect_SetButton,Définir
CostumeSelect_SelectedButton,En cours...
CostumeSelect_UnLockInfoButton,Conditions de déblocage
CostumeSelect_UnLockInfoByFot,Obtenir {1} via {0}
CostumeSelect_UnLockInfoByCampaign,Recevoir {0}
CostumeSelect_NotSelected,Non défini
OrnamentShop_EmptyData,Aucun article disponible à l’achat.
OrnamentShop_ScrollItemBuyText,Acheter
OrnamentShop_ScrollItemLevelUpText,Améliorer
OrnamentShop_ScrollItemUnlockText,Conditions de déblocage
OrnamentShop_BuyConfirmDialog_ConditionLabel,Conditions requises
OrnamentShop_BuyResultDialogTitle_Buy,Achat d’objet
OrnamentShop_BuyResultDialogTitle_LevelUp,Amélioration d’objet
OrnamentShop_BuyResultDialogMessage_DoesNotPlace,L’objet acheté a été envoyé à votre inventaire.
Chat_NoticeReceive,Message reçu
Chat_TabChatSummary,Résumé
Chat_TabChatSolo,Chat
Chat_TabChatGroup,Chat de groupe
Chat_TabCollectionStamp,Stamps
Chat_TabCollectionAttachment,Photo
Chat_AvailableStamp,Chat où vous pouvez utiliser les autocollants sélectionnés.
Chat_AcquiredStamp,Vous pouvez l’obtenir aléatoirement en terminant une chanson.
Chat_TalkTagVoice,Voix
Chat_TalkInputWait,{0} en cours d’envoi…
Chat_TalkItemReceive,Recevoir
Chat_TalkItemReceived,Déjà reçu
Chat_TalkItemGet,Vous avez obtenu {0}.
Chat_TalkLookback,Revoir cette conversation
Chat_OrderOfArrival,Ordre d’arrivée
Chat_OrderOfPrecedence,Tri par
Chat_NotYetOpen,Vous n’êtes pas dans le chat.<br>Échangez vos coordonnées pour rejoindre le chat.
Chat_NotYetAvailable,Aucun chat n’utilise encore cet autocollant.
MusicShop_EmptyData,Aucune chanson disponible à l’achat.
MusicShop_AlreadyBought,Déjà acheté.
MusicShop_DetailDialogTitle,Détails du morceau
MusicShop_BuyConfirmDialogTitle,Confirmer l’achat
MusicShop_BuyConfirmDialogMessage,Cette chanson sera-t-elle achetée ?
MusicShop_BuyConfirmDialogCostItem,★Objet requis★
MusicShop_BuyResultDialogTitle,Achat effectué
Warehouse_BatchReplaceDialogDecideButton,Décider
Warehouse_BatchReplaceDialogTitle,Formation conseillée
Warehouse_BatchReplaceDialogCardTypePriority,Prioriser l’attribut
Warehouse_BatchReplaceDialogDeckRolePriority,Priorité des instruments
Help_DialogTitle,Aide
Help_Faq,FAQ
Help_GameProgress,Progression générale
Help_BuyGem,Acheter Loveca
Help_TakeOver,Effectuer la sauvegarde
Help_Opinions,Vos avis et suggestions
Help_ButtonFaq,FAQ
Help_ButtonBuyGem,Erreur d’achat Loveca
Help_ButtonRegardProblems,Problèmes :<br>contactez-nous
Help_ButtonDataRecovery,Restauration des données<br>Contactez-nous
Help_ButtonOther,Autres questions
Help_Notes,Remarques
Help_JumpButton,Ouvrir le site
Help_ContactFormCaution,"Nous ne répondons généralement pas aux commentaires et demandes. <br> Certaines questions peuvent nécessiter des recherches, des réponses ou une assistance plus longue. <br> Veuillez consulter l’aide, les annonces de l’équipe et la FAQ avant de nous contacter. <br> Pour toute question concernant la récupération de données, veuillez utiliser le formulaire de contact. <br> Nous ne sommes pas impliqués dans les litiges entre utilisateurs. <br> Notre assistance est disponible uniquement en japonais. <br> Nous ne pouvons pas fournir d’informations sur les stratégies du jeu. <br> Si vous ne recevez pas de confirmation par e-mail après 24 heures, veuillez vérifier vos paramètres de réception d’e-mails. <br> Veuillez modifier vos paramètres pour que les e-mails provenant de [@bushimo.jp] soient reçus."
TermsOfService_DialogTitle,Conditions d'utilisation
TermsOfService_Terms,Conditions d'utilisation
TermsOfService_Rights,Droits d’auteur
TermsOfService_PrivacyPolicy,Politique de<br>confidentialité
TermsOfServiceAgree_Agree,Accepter
TermsOfServiceAgree_NoAgree,Ne pas accepter
TermsOfServiceAgree_Terms,Conditions d’utilisation / Politique de confidentialité / Mentions légales
TermsOfServiceAgree_PrivacyPolicy,Politique de confidentialité
TermsOfServiceAgree_Title,Accord aux conditions
TermsOfServiceAgree_Message,"Pour jouer à ce jeu, vous devez accepter les Conditions d'utilisation et la Politique de confidentialité : <br> veuillez lire attentivement, puis appuyez sur « Accepter » : <br> <br> <br>"
TermsOfServiceAgree_DataCaution,"La restauration des données peut être difficile en cas de suppression ou de perte de données de l’application sur votre appareil, que ce soit intentionnellement ou par inadvertance.<br>"
CacheClear_ConfirmTitle,Confirmation de suppression du cache
CacheClear_ClearingTitle,Suppression du cache en cours
CacheClear_ResultTitle,Cache effacé.
CacheClear_ConfirmMassage,Effacer le cache<br>Êtes-vous sûr ?
CacheClear_ClearingMassage,Cache en cours de suppression<br>Veuillez patienter.
CacheClear_ResultMassage,Le nettoyage du cache est terminé.
Tw_SelectLanguage_Button,Sélectionner la langue
Mission_Title,Mission
Mission_MainTitle,Liste des missions
Mission_SubTitle,Mission
Mission_Progress,{0} / <size=-10> / {1} / </size>
Mission_TabMain,Total
Mission_TabDaily,Quotidien
Mission_TabLimited,Temporaire
Mission_MissionNotFound,Aucune mission disponible pour le moment.
Mission_MissionNotFoundDaily,Aucune mission quotidienne disponible pour le moment.<br>
Mission_MissionNotFoundLimited,Il n’y a actuellement aucune mission <br>limitée disponible.
Mission_ChallengeButton_AcceptReward,Recevoir
Mission_ChallengeButton_Challenge,Défier
Mission_ChallengeButton_Ornament,Vers l’entrepôt
Mission_ChallengeButton_CardDetail,Détails de l’Idole
Mission_ChallengeButton_CardDetail_NotHave,Idole non possédée
Mission_ChallengeButton_CardReinforce,Leçon
Mission_ChallengeButton_CardReinforceSkill,Leçon de compétences
Mission_ChallengeButton_CardEvolve,Éveil
Mission_ChallengeButton_Costume,Changer de costume
Mission_ChallengeButton_DeckEdit,Formation >
Mission_ChallengeButton_DeckTop,Groupe TOP
Mission_ChallengeButton_EventTop,Retour aux événements
Mission_ChallengeButton_Friend,Liste des amis
Mission_ChallengeButton_GachaTop,Recrutement
Mission_ChallengeButton_MainStory,Histoire principale
Mission_ChallengeButton_Migration,Transfert de données
Mission_ChallengeButton_MusicSelect,Sélection de musique
Mission_ChallengeButton_Line,Ajouter des amis
Mission_ChallengeButton_LiveSelect,Live sélection
Mission_ChallengeButton_Photo,Idoles
Mission_ChallengeButton_Profile,Profil
Mission_ChallengeButton_Shop,Boutique
Mission_ChallengeButton_SubStory,Sous-histoire
Mission_ChallengeButton_TargetMission,Vers la mission cible
Mission_ChallengeButton_Twitter,Suivre
Mission_DetailDialog_NoTimeLimit,Temps infini
Mission_CompleteMisssionGuide,Vérifiez les détails.
Friend_MyFriendTab,Liste des amis
Friend_RequestTab,En attente
Friend_PendingTab,En attente
Friend_FriendSearchTab,Rechercher des amis
Friend_LastLogin,Dernière connexion
Friend_RefineFavoriteFriendButton,Afficher uniquement les amis favoris
Friend_DeleteButton,Supprimer l’ami
Friend_RequestCancelButton,Annuler la demande
Friend_PendingButton,Approuver
Friend_RejectButton,Refuser
Friend_MyFriendEmpty,Aucun ami trouvé.
Friend_RequestEmpty,Aucun joueur n’a envoyé de demande.
Friend_PendingEmpty,Aucun joueur en attente d’approbation.
Friend_FriendSearchEmpty,Aucun joueur trouvé.
Friend_SearchButton,Recherche par ID
Friend_SortLastLoginButton,Dernière connexion
Friend_SortRankButton,Rang
Friend_IconLeaderTypeButton,Leader
Friend_IconRecommendTypeButton,Favori
Friend_SearchDialogTitle,Recherche par ID
Friend_SearchDialogMassage,Entrez l’ID.
Friend_SearchDialogSearchButton,Rechercher
Friend_Secret,Privé
Friend_LastLoginMinutes,il y a {0} minutes
Friend_LastLoginHour,Il y a {0} heure(s)
Friend_LastLoginDay,Il y a {0} jours
Friend_LastLoginOverMonth,Il y a plus de 30 jours
Friend_DialogTitle,Recherche par ID
Friend_DialogMessage,Entrez l’ID du joueur.
Friend_DialogLimitNum,12 caractères max.
Title_AppliVersion,Version {0}
Title_JasracApple,JASRAC autorisation<br>n° 9014302035Y45112
Title_JasracGoogle,JASRAC<br>n° 9014302036Y45112
Title_NexTone,NexTone
Title_Company,©2013 プロジェクトラブライブ！ <br> ©2017 プロジェクトラブライブ！サンシャイン!! <br> ©2022 プロジェクトラブライブ！虹ヶ咲学園スクールアイドル同好会 <br> ©2022 プロジェクトラブライブ！スーパースター!! ©bushiroad
Title_UserId,ID : {0}
Title_MenuTitle,Menu
Title_MenuExternalSite,Site externe
Title_MenuCacheClear,Vider le cache
Title_MenuGameDataDelete,Supprimer les données du jeu
NameInput_Name,Nom
NameInput_Ok,OK
NameInput_Title,Demande d’autorisation de reportage
NameInput_Permit1,"Comité exécutif de Miracle Live, à l’attention de :"
NameInput_Petmit2,"Je jure de respecter les conditions indiquées dans le document sur les directives relatives à la couverture médiatique du Miracle Live, et je soumets par la présente ma demande d’autorisation de couverture <br>."
NameInput_Note1,Le nom du joueur ne peut pas dépasser 10 caractères.
NameInput_Note2,Ce nom sera visible par les autres joueurs du jeu.
NameInput_Note3,Votre nom de joueur pourra être modifié ultérieurement.
NameInput_ProfileNameInputTitle,Nom du joueur :
NameInput_ProfileNameInputMessage,Entrez votre nom de joueur.
NameInput_ProfileNameInputNote,Le nom du joueur ne peut pas dépasser 10 caractères <br>. Il s'agit du nom qui sera affiché aux autres joueurs dans le jeu <br>. Vous pourrez modifier votre nom plus tard.
Profile_Secret,Privé
Profile_SecretLong,Le profil sera privé.
Profile_DefaultComment,À bientôt !
Profile_RankTitle,Rang <size=24>R</size>
Profile_ExpTitle,Exp <size=24>E</size>xp
Profile_CommentTitle,Commentaire
Profile_RecommenderSelectButton,Favoris
Profile_TitleSelectButton,Sélectionner un titre
Profile_PublicSelectButton,Paramètres de confidentialité
Profile_CopyButton,Copier
Profile_CopyMessage,L’ID a été copié.
Profile_PhotoButton,Afficher l’Idole
Profile_FriendRequestButton,Envoyer une demande d’ami
Profile_FriendCanNotRequestButton,Impossible d’ajouter.
Profile_FriendTitleListButton,Liste des titres
Profile_LastLoginTime,Dernière connexion :
Profile_OpenDialogTitle,Paramètres de profil public
Profile_OpenDialogMainDeckParam,Force globale de l’unité
Profile_OpenDialogGroupRank,Rang du groupe
Profile_OpenDialogClearLiveNumber,Nombre de chansons terminées
Profile_OpenDialogFullComboLiveNumber,Nombre de chansons avec combo parfait
Profile_OpenDialogAllPerfectLiveNumber,Nombre de chansons parfaites
Profile_OpenDialogHighScoreRate,Taux de meilleurs scores
Profile_OpenDialogLastLoginDate,Dernière connexion
Profile_OpenDialogUserId,ID joueur
Profile_OpenDialogGuestMember,Idole invitée
Profile_OpenDialogCaution,Désactiver pour rendre privé.
Profile_OpenDialogOpenButton,Public
Profile_OpenDialogSecretButton,Privé
Profile_OpenDialogPendingButton,En attente
Profile_OpenDialogRejectButton,Refuser
Profile_RankDialogTitle,Détails du rang
Profile_RankMax,Le rang maximum a été atteint.
Profile_CommentSettingDialogTitle,Paramètres des commentaires
Profile_CommentSettingDialogMassage,Entrez un commentaire.
Profile_CommentSettingDialogLimitNum,{0} caractères max.
Profile_HighScoreRateDialogTitle,Détail du taux de score élevé
Profile_HighScoreRateDialogTotalHighScore,Taux de score total
Profile_HighScoreRateDialogValue,Taux de meilleurs scores
Profile_HighScoreRateDialogEmpty,Aucune donnée de jeu disponible pour ce morceau.
Profile_RankListScrollItemGem,Récompense : Loveca {0}
Profile_RankListScrollItemNone,Récompense : non disponible {0}
Profile_ScoreTitle,Nombre de titres réussis
Profile_ClearMusicTitle,RÉALISATIONS
Profile_FullComboTitle,FULL COMBO
Profile_ClimaxPerfectTitle,CLIMAX<br>PARFAIT
Profile_AllPerfectTitle,TOUS PARFAITS
Profile_TeacherPointTitle,Taux de meilleurs scores
Profile_ScoreConfirm,Chansons terminées
Profile_GuestMember,Idole invitée
Profile_GuestDetail,Détails invité
Profile_SettingMember,Définir Idole
Profile_Share,Partager
Profile_ShareMessage,Rejoignez-nous et devenez une idol scolaire !
Profile_CardEmpty,Aucune Idole présente.
Profile_Birthday,Anniversaire
Profile_NoBirthday,Non défini
Profile_BirthdaySettingDialogTitle,Définir l’anniversaire
Profile_BirthdaySettingDialogMessage,Veuillez entrer votre date de naissance.
Profile_BirthdaySettingDialogNote,Votre date de naissance ne pourra plus être modifiée <br>. Vous recevrez un message spécial le jour de votre anniversaire <br>. Elle peut différer de la date indiquée lors de l’achat.
TitleList_TitleChangeDialogTitle,Confirmer
TitleList_TitleChangeDialogText,Définir ce titre.
TitleList_TitleNoDetailText,Pas de description pour ce titre.
TitleList_TitleListTabNormal,Normal
TitleList_TitleListTabEvent,Événement
TitleList_TitleListTabMember,Membre
TitleList_TitleListTabMigration,データ連携
TitleList_NoMigrationMessage,Vous ne possédez aucun titre lié à la synchronisation des données.
TitleList_TitleListEmpty,Vous n’avez pas de titre.
Exchange_Tab_Main,Principal
Exchange_Tab_Tea,Thé
Exchange_ExpireDateLabel,Date d’échange
Exchange_ExchangeSelectMessageText,Choisissez l’échangeur !
Exchange_SealExchangeHeaderMainTitle,Recrutement (points)
Exchange_PickExchangeHeaderMainTitle,Échange
Exchange_TicketExchangeHeaderMainTitle,Échange de tickets
Exchange_SoldOutMessage,La limite d’échange est atteinte.
Exchange_ExchangeLimitMessage,"Vous avez atteint la limite de possession, l’échange est impossible."
Exchange_GetSeal,Obtenir des points de Recrutement
Exchange_ShopResetMessage_Daily,Chaque jour à minuit.
Exchange_ShopResetMessage_Weekly,Mis à jour chaque {0}.
Exchange_ShopResetMessage_Monthly,"Tous les mois, le ."
Exchange_ResetDayDaily,Aujourd'hui
Exchange_ResetDayWeekly,Cette semaine
Exchange_ResetDayMonthly,Ce mois-ci
Exchange_RemainCount,Il reste {0} tentatives.
Exchange_ResultMesseage,Vous avez échangé {1} objet(s) ! {0}
Exchange_ResultCardMesseage,Vous avez recruté {2} personnes avec {1} et {0} !
Exchange_FilterDialogTitle,Filtre de l’échange
Exchange_FilterDialogCategoryLabel,Catégorie :
Exchange_FilterDialogSoldOutLabel,Déjà obtenu
Exchange_FilterDialogCategoryAll,Tout sélectionner
Exchange_FilterDialogCategoryStamp,Stamps
Exchange_FilterDialogCategoryPrimaryItem,Objet principal
Exchange_FilterDialogCategoryPhotoSeal,Idole
Exchange_FilterDialogCategoryTicket,Ticket
_FilterDialogDefaultButtonText,Revenir aux<br>paramètres par défaut
Exchange_Name_Exchange,Échanger
Exchange_Name_Purchase,Acheter
Exchange_Name_LevelUp,Améliorer
Exchange_EmptyData,Aucun article disponible pour {0}
Exchange_AmountLabel,Quantité de {0}
Exchange_AmountDialogTitle,Combien de {0} ?
Exchange_AmountDialogMessage,Les Idoles déjà présentes seront converties en bracelets lumineux.
Exchange_ConfirmDialogTitle_Countable,Confirmer le nombre de {0}
Exchange_ConfirmDialogTitle_Uncountable,Échanger {0} ?
Exchange_ResultDialogTitle,{0} terminé.
DeckEdit_RecommendDialogTitle,Formation conseillée
DeckEdit_RecommendPriorityType,Attribut
DeckEdit_RecommendPriorityGroup,Groupe
DeckEdit_RecommendPrioritySkill,Compétence
DeckEdit_RecommendTypeAll,Aucun
DeckEdit_RecommendGroupAll,Aucun
DeckEdit_RecommendGroupOther,Autres
DeckEdit_RecommendTypeBonus,Bonus d’Attribut
DeckEdit_RecommendCharacterBonus,Bonus Membre
DeckEdit_RecommendEventBonus,Bonus événement
DeckEdit_RecommendSkillAll,Aucun
DeckEdit_RecommendSkillScore,Augmentation de score
DeckEdit_RecommendSkillScoreCondition,Score augmenté (condition)
DeckEdit_RecommendSkillRecovery,Restauration de PV
DeckEdit_RecommendSkillEnhanced,Précision +
DeckEdit_RecommendSkillOther,Autres
DeckEdit_RecommendCheckCenterFixed,Fixer position centrale
DeckEdit_RecommendCheckBonusApply,Prioriser les membres sélectionnés
DeckEdit_RecommendGroupSelectDialogTitle,Sélection de groupe
DeckEdit_DefaultBandName,Unité {0}
DeckEdit_TabName,Unité {0}
DeckEdit_StatusPower,LP
DeckEdit_StatusTotal,Force globale de l’unité
DeckEdit_StatusSoul,Smile
DeckEdit_StatusTechnic,Pure
DeckEdit_StatusAppeal,Cool
DeckEdit_StatusOrnamentBouns,Objets
DeckEdit_StatusEventBouns,Événement
DeckEdit_StatusTypetBouns,Bonus d’Attribut
DeckEdit_MainUnitSetButton,Définir l’unité principale
DeckEdit_RecommendEditButton,Formation conseillée
DeckEdit_ResetButton,Réinitialiser
DeckEdit_OrnamentButton,Objets
DeckEdit_TotalParamDetailButton,Détails des stats totales
DeckEdit_EventNothing,La période de l’événement est terminée.<br>Aucun bonus n’est disponible.
DeckEdit_UnitNameDialogTitle,Nom de l’unité
DeckEdit_UnitNameDialogMessage,Entrez le nom de l’unité.
DeckEdit_UnitNameDialogLimitNum,8 caractères max.
DeckEdit_ClassmateButton,(Dummy)
DeckEdit_ClassmateTotalParam,(Dummy)
DeckEdit_PassiveSkillTotalParam,(Dummy)
DeckEdit_EventBonusMessage,Le bonus de points d’événement s’applique à la somme des valeurs de tous les membres sélectionnés dans votre Formation.
DeckEdit_EventBonusEventPointUp_ChallengeLive,Augmente les points d’événement de {0}% avec Miracle Collection.
DeckEdit_EventBonusTotalPointUp_ChallengeLive,"Avec Miracle Collection, augmentez la puissance totale des Idoles sélectionnées.<br>"
DeckEdit_EventBonusEventPointUp_LiveTry,Augmente les points d’événement de {0}% avec Miracle Collection.
DeckEdit_EventBonusTotalPointUp_LiveTry,"Avec Miracle Collection, augmentez la puissance totale des Idoles sélectionnées.<br>"
DeckEdit_EventBonusTotalPointUp,Bonus Membre (Force totale des Idoles)
DeckEdit_EventBonusEventPointUp,Points événement
DeckEdit_EventBonusNoRate,---
DeckEdit_EventBonusRate,{0}%x {1}personnes
DeckEdit_EventBonusRateUp,AMÉL.!
DeckEdit_EventBonusInvalidMessage1,Bonus événement
DeckEdit_EventBonusInvalidMessage2,Aucun membre éligible.
DeckEdit_Passive,Compétences passives
DeckEdit_LiveRole,(Dummy)
DeckEdit_SupportRole,(Dummy)
DeckEdit_SelectEventDialogTitle,Sélectionner l’événement cible
DeckEdit_SelectEventDialogText,Affiche les informations de bonus d’événement pour l’événement sélectionné.<br>
DeckEdit_SelectEventDialogCaution,Les événements sans bonus ne sont pas affichés.
DeckEdit_ClassmateDisp,Afficher toutes les Idoles
DeckEdit_TotalParamDetailDialogTitle,Détails de l’unité
DeckEdit_CenterSkillRiseValue,Valeur d’amélioration du bonus central
DeckEdit_EventBonusRiseValue,Bonus d'événement
DeckEdit_UpperArrowValue,+ {0}
DeckEdit_SkillLvValue,Niv. {0}
DeckEdit_EventPt,Points événement
DeckEdit_IconBonus,Étoile Miraculeuse
DeckEdit_StatusTotalAttention,La valeur totale de l’unité inclut le bonus d’amélioration des compétences du membre central.
DeckEdit_PositionEditMessage,Faites glisser les Idoles pour modifier leur position.
DeckEditCharaSelect_PhotoTotalParam,Force totale des Idoles
LiveMission_DialogTitle,Récompenses pour {0}.
LiveMission_DialogScoreRank,Rang du score
LiveMission_DialogComboCount,Nombre de combos
LiveMission_DialogFullCombo,Combo parfait
LiveMission_DialogClearCount,Nombre de victoires
ShopCommon_FreeGem,Loveca gratuit
ShopCommon_ChargeGem,Loveca payant
ShopCommon_Price,Prix
GemShop_FundSettlement,Loi sur les règlements des fonds<br>informations requises
GemShop_ServiceGuidelines,Guide d’utilisation de la monnaie du jeu
GemShop_MedalGuidelines,Conditions d’utilisation de Loveca
GemShop_SpecifiedCommercialTransactions,Affichage<br>Loi commerce spécifique
GemShop_SpecifiedCommercialTransactions_DialogTitle,Affichage Loi Commerce Spécifique
GemShop_FundSettlement_DialogTitle,Affichage de la loi sur les paiements
GemShop_SpecifiedCommercialTransactions_FundSettlement,AffichageLoi sur le commerceet paiements
GemShop_BuyComplete,Achat effectué
GemShop_BuyCompleteMessage,Vous avez acheté {1} en échange de {0}.
GemShop_Confirm,Confirmer
GemShop_BuyStaminaMessage,Dépenser {0} Loveca pour récupérer {1} LP ? <br> Êtes-vous sûr(e) ?
GemShop_BuyStaminaCompleteTitle,Fenêtre de récupération LP
GemShop_BuyStaminaCompleteMessage,LP a été restauré de {0} !
GemShop_AgeConfirm,Confirmation d’âge
GemShop_AgeMessage,Veuillez entrer votre date de naissance pour confirmer votre âge.
GemShop_AgeNote,Votre date de naissance ne pourra pas être modifiée ultérieurement.
GemShop_AgeMaxMessage,※16 ans et moins : jusqu’à <br> par mois (taxes comprises). ※16 à 17 ans : jusqu’à <br> par mois (taxes comprises). ※18 ans et plus : pas de limite.
GemShop_AgeNote1617,16–17 ans :
GemShop_AgeNote16,Moins de 16 ans :
GemShop_LimitOverMessage,"Limite atteinte, achat impossible ce mois-ci."
GemShop_LimitAlertOver,Vous avez déjà dépassé la limite mensuelle de <br> {0} yen pour les achats Loveca.
GemShop_LimitAlert,"Cet achat entraînera un dépassement du montant mensuel de Loveca, atteignant {0} ¥ pour <br>."
GemShop_PurchaseConfirm,Acheter {0} ?
GemShop_AgeSelectedTitle,Confirmation de l’âge enregistré
GemShop_AgeSelectedContents,Votre date de naissance est-elle correcte ?
GemShop_AgeSelectedConfirm,Votre date de naissance ne pourra pas être modifiée ultérieurement.
GemShop_AgeDecisionContents,Âge confirmé.
GemShop_AgeDecisionContentsFormat,Âge confirmé.
GemShop_AgeDecisionLimitLabel,"Mensuel : jusqu’à {0} ¥, soit {1}."
GemShop_AgeDecision,Configuration terminée.
GemShop_Monthly,Mensuel
GemShop_AlertMessage,Votre utilisation mensuelle de {0} ¥ a été dépassée. Souhaitez-vous continuer vos achats ?
GemShopItem_LimitBuyAmount,Il en reste {0}
GemShopItem_LimitDate,Il en reste {0}
GemShopItem_Amount,{0}
GemShopItem_LimitAmount,Il en reste {0}
GemShopItem_GemAmount,Loveca {0}個
GemShopItem_Omake,<br> <size=22> <color=#F93981> + Loveca gratuits {0}
GemShopItem_Charge,Loveca payant ×{0}
GemShopItem_Free,Loveca gratuit ×{0}
GemShopItem_Money,{0} ¥
GemShopItem_Increase,Bonus de {0}
GemShopItem_Period,Période de vente
GemShopItem_Season,{0} à {1}
GemShopItem_TicketInfo,Vous ne recevrez pas de Loveca si vous ne vous connectez pas <br> Les autres objets seront envoyés à votre inventaire <br> Ils seront directement ajoutés à votre nombre d'objets lorsque vous vous connecterez <br> Vous pourrez les récupérer à partir de 0h le jour suivant l'achat.
GemShopItem_TicketBuyInfo,Acheté <color=#D73C55> </color><br>Validité : {0}
GemShopItem_TicketRemainPresent,"Présent quotidien <br>, il reste {0} fois avant le prochain <color=#D73C55> </color>."
GemShopItem_ChargeGemComfirm,Dépenser {0} Loveca pour acheter {1} <br> Cet article ne peut être acheté qu'avec des Loveca payants.
GemShopItem_FreeGemComfirm,Dépenser {0} Loveca pour acheter {1}. <br> Les Loveca gratuits seront utilisés en premier.
GemShopItem_SubscriptionButton_MembersCard,Voir la carte de membre
GemShopItem_SubscriptionButton_Buy,Acheter
GemShopItem_SubscriptionButton_Info,Détails
GemShopItem_Membership_CardNo,N° de membre
GemShopItem_Membership_CardStart,Date d’adhésion
GemShopItem_Membership_CardChangeButton,Design<br>Modifier
GemShopItem_Membership_WallpaperTitle,Changer le design de la carte
GemShopItem_Membership_WallpaperAlert,Appuyez sur Décider pour appliquer.
GemShopItem_Membership_WallpaperSelected,Sélectionné
GemShopItem_Membership_WallpaperUsing,En cours d’utilisation
GemShopItem_Membership_WallpaperDecide,Décider
GemShopItem_Membership_WallpaperNotice,Le design de la carte de membre a été modifié.
GemShopItem_Membership_InfoTitle,Détails
GemShopItem_Membership_InfoTabSummary,Résumé
GemShopItem_Membership_InfoTabLoginBonus,Bonus de connexion
GemShopItem_Membership_InfoTabMission,Mission
GemShopItem_Membership_InfoSummaryTitle,Abonnement MIRACLE : aperçu
GemShopItem_Membership_InfoSummaryUnsubscribe,Annuler l’abonnement
GemShopItem_Membership_InfoLoginBonusTitle,Bonus de connexion spécial pour les membres MIRACLE Pass !
GemShopItem_Membership_InfoLoginBonusDescription,Obtenez-le en rejoignant MIRACLE Pass ! Connectez-vous pendant 20 jours et obtenez jusqu’à 1 000 Loveca gratuits !<br>※Vous pouvez commencer à les recevoir le jour suivant votre adhésion.
GemShopItem_Membership_InfoLoginBonusDayCount,Journée
GemShopItem_Membership_InfoLoginBonusDayCountFormat,Jour {0}
GemShopItem_Membership_InfoLoginBonusGotItem,Objet obtenu
GemShopItem_Membership_InfoLoginBonusStatus,Statut d’obtention
GemShopItem_Membership_InfoLoginBonusClear,Obtenu
GemShopItem_Membership_InfoLoginBonusNotClear,Non atteint
GemShopItem_Membership_InfoMissionTitle,Défis spéciaux pour les membres MIRACLE Pass !
GemShopItem_Membership_InfoMissionDescription,Terminez toutes les missions pour gagner jusqu'à 1 500 Loveca gratuits ! <br>Veuillez terminer les missions dans les 48 heures précédant la fin de la période.
GemShopItem_Membership_InfoMissionClearCount,Nombre de chansons terminées
GemShopItem_Membership_InfoMissionClearCountFormat,{0} fois terminées
GemShopItem_Membership_InfoMissionGotItem,Objet obtenu
GemShopItem_Membership_InfoMissionStatusProgress,En cours
GemShopItem_Membership_InfoMissionStatusClear,Terminé
GemShopItem_Membership_InfoMissionStatusReceived,Récompense reçue
GemShopItem_Membership_InfoMissionButton,Aller aux défis
ConfirmMedal_Gem,Possédé Loveca — Confirmer
ConfirmMedal_Log,Détails Loveca
ConfirmMedal_ChargeGemReason,Vous avez acheté [{0}].
DeckConfirm_LiveStartWarning,"Pour commencer le Live, vous devez affecter 9 Idoles à l’unité.<br>Veuillez configurer la Formation des Idoles."
DeckConfirm_StaminaUse,Dépenser {0}
DeckConfirm_AutoBurstDialogTitle,Consommation d’auto-tickets
DeckConfirm_LiveBurstDialogTitle,Dépenser LP
DeckConfirm_UseBurstDialogTitle,Réglages Burst
DeckConfirm_UseBurstDialogBurstSetting,Paramètres d'utilisation des compétences
DeckConfirm_UseBurstDialogThisTimeBurst,Bourse utilisée cette fois-ci
DeckConfirm_UseBurstDialogAutoDescription,L’utilisation d’un ticket de saut lance le mode saut.
DeckConfirm_UseBurstDialogBurstWarning,*Les tickets de saut sont utilisés en commençant par ceux dont la date d’expiration est la plus proche.<br>*Les tickets de saut ne peuvent être utilisés que pour les morceaux et niveaux déjà terminés.
DeckConfirm_UseBurstDialogAutoWarning,*Les tickets de saut sont utilisés en commençant par ceux dont la date d’expiration est la plus proche.<br>*Les tickets de saut ne peuvent être utilisés que pour les morceaux et niveaux déjà terminés.
DeckConfirm_NoBurst,Non possédé
DeckConfirm_CanNotUsedNoBurst,"Non possédé, donc inutilisable."
DeckConfirm_CanNotUsedNoClear,Non utilisable tant que la chanson n’est pas terminée.
DeckConfirm_CanNotUsedNoClearShort,Non disponible si non complété
DeckConfirm_LiveParam,Valeurs pour Live
DeckConfirm_AutoParam,Valeurs auto
DeckConfirm_EventPointGet,Points événement
DeckConfirm_EventGachaPointGet,Recrutement (coffre) : Obtenir des points.
DeckConfirm_ItemAndExpGet,Récompenses · EXP
DeckConfirm_Magni,x
DeckConfirm_StaminaBoostNotSelect,Définir
DeckConfirm_StaminaBoostSelect,En cours...
DeckConfirm_StaminaBoostWarning,"Si le nombre de consommations est inférieur au nombre défini, tout le stock sera dépensé."
DeckConfirm_StaminaBoostAutoWarning,"※En mode automatique, le score le plus élevé et la récompense ne seront pas enregistrés."
DeckConfirm_Note,"Les points LP sont à 0, il est donc impossible de passer cette partie ; <br> si vous souhaitez restaurer vos points LP, veuillez sélectionner une méthode de restauration dans <br>. <br>"
DeckConfirm_OptionButton,Options
DeckConfirm_HealthyBoostButton,LP
DeckConfirm_StartButton,Démarrer le Live
DeckConfirm_AutoOn,Auto : ON
DeckConfirm_AutoOff,Auto : désactivé
DeckConfirm_Passive,Compétences passives
DeckConfirm_LiveRole,Poste Live
DeckConfirm_SupportRole,Poste de soutien
DeckConfirm_EventBonusTotalPointUp,Bonus Membre (Force totale des Idoles)
DeckConfirm_EventBonusEventPointUp,Points événement
DeckConfirm_EventBonusNoRate,---
DeckConfirm_EventBonusRate,{0}%
DeckConfirm_EventBonusRateUp,AMÉL.!
DeckConfirm_EventBonusInvalidMessage1,Bonus événement
DeckConfirm_EventBonusInvalidMessage2,Aucun membre éligible.
DeckConfirm_LiveBonusTypePointUp,Attribut (Puissance totale des Idoles)
DeckConfirm_LiveBonusRate,{0} % x {1} pièces
DeckConfirm_LiveBonusRateUp,AMÉL.!
DeckConfirm_EventCandyAmount,{0} / {1}
DeckConfirm_LiveConditionButton,Conditions de Live
DeckConfirm_LiveConditionDialogTitle,Conditions du Live
DeckConfirm_LiveConditionDialogCondition,Conditions de participation au Live
DeckConfirm_LiveConditionDialogRule,Règles du Live
DeckConfirm_LiveConditionDialogErrorMessage,"Vous ne remplissez pas les <color=#ff0000>conditions de participation au Live </color>, vous ne pouvez donc pas y participer <br>."
Story_MainStoryFirstSeason,Première saison
Story_MainStorySecondSeason,Deuxième saison
Story_SeasonChapterNumberFormat,#{0} - {1}
Story_ChapterNumberFormat,Chapitre {0}
Story_TitleWithChapterNumberFormat,"{0}, épisode « {2} » ({1})"
Story_ReleaseTitleWithChapterNumberFormat,"{0} <br>, chapitre {1} : « {2} »"
Story_StoryTopHeaderMainTitle,DÉBUT DE L’HISTOIRE
Story_StoryTopHeaderSubTitle,Histoire
Story_MainStoryListHeaderMainTitle,Sélection d'histoire
Story_MainStoryListHeaderSubTitle,Histoire principale
Story_SubStoryTopHeaderMainTitle,Sélection de groupe
Story_SubStoryTopHeaderSubTitle,Sous-histoire
Story_SubStoryListHeaderMainTitle,Sélection d'histoire
Story_SubStoryListHeaderSubTitle,Sous-histoire
Story_EventStoryTopHeaderMainTitle,Événement : choisir
Story_EventStoryTopHeaderSubTitle,Histoire de l’événement
Story_EventStoryListHeaderMainTitle,Sélection d'histoire
Story_EventStoryListHeaderSubTitle,Histoire de l’événement
Story_CardStoryTopHeaderMainTitle,Sélection de Membre
Story_CardStoryTopHeaderSubTitle,Histoire
Story_CardStoryListHeaderMainTitle,Sélection d'histoire
Story_CardStoryListHeaderSubTitle,Histoire
StoryPart_NumberFormat,Épisode {0}
StoryPart_TitleWithNumberFormat,Épisode {0} : « {1} »
StoryPart_TitleWithNumberTranslucentFormat,<color=#804B413C> Épisode {0} : « {1} » </color>
StoryPart_TitleListWithNumberFormat,Épisode {0} à {1}
StoryPart_SeasonChapterNumberFormat,#{0} - {1} - {2}
StoryPart_ChapterNumberFormat,#{0} - {1}
StoryPart_TitleWithChapterNumberFormat,Épisode {0} : « {1} »
StoryPart_RankReleaseDetailFormat,Atteindre le rang {0}
StoryPart_GroupRankReleaseDetailFormat,Débloquer le rang de groupe en atteignant {0}.
StoryPart_LiveReleaseDetailFormat,"Obtenir {0}, atteindre un score de {1} ou plus pour terminer <br>."
StoryPart_MissionReleaseDetailFormat,Mission « {0} » terminée
StoryPart_ReleaseInfo,Jouez et augmentez votre rang !
StoryPart_NotRelease,Lisez le scénario précédent ou débloquez-le.
SubStory_GroupRankRewardDialogTitle,Liste des récompenses de rang de groupe
SubStory_GroupRankRewardDialogUntilRankUp,Jusqu’au prochain rang
SubStory_GroupRankRewardDialogTotalExp,EXP total
SubStory_GroupRankRewardDialogRank,Rang
SubStory_GroupRankRewardDialogMax,MAX
ConfirmMedal_DialogTitle,Possédé Loveca — Confirmer
ConfirmMedal_ChargeMedal,Payant
ConfirmMedal_FreeMedal,Gratuit
ConfirmMedal_TotalMedal,Total Loveca
ConfirmMedal_Warning,Les Loveca gratuits seront utilisés en premier.
ConfirmMedal_UpdateHistory,Mise à jour
ConfirmMedal_HistoryTitle,Détails Loveca
ConfirmMedal_UsedHistoryTitle,Historique d’utilisation
ConfirmMedal_AcquiredHistoryTitle,Obtenir l’historique
ConfirmMedal_HistoryDate,Date d’utilisation
ConfirmMedal_HistoryReason,Utilisation
ConfirmMedal_HistoryNote,L’historique des Loveca obtenus et dépensés est limité aux 3 derniers mois.
ConfirmMedal_HistoryFreeMedal,Gratuit
ConfirmMedal_HistoryChargeMedal,Payant
Ornament_EffectValueFormat,<color=#D73C55> {0:0.##} % </color>
Ornament_UnlockDetail_GroupLevelReward,Libéré au {0}rang de groupe {1}.
Ornament_UnlockDetail_StoryPartReward,Débloqué en regardant l’histoire <br> {0} <br>.
Ornament_UnlockDetail_MissionReward,Libéré en accomplissant la mission <br> {0} <br>.
Ornament_PlaceButton,Installer
Ornament_CannnotPlace,Impossible de placer.
Ornament_TalkUnlockLevel,"Débloqué au niveau <color=#D73C55>, {0}, </color>."
Ornament_TeaSetLevelUpConditionLabel,▼Conditions d’amélioration
Ornament_ReplaceDialog_OrnamentType,★{0}★
Ornament_EventEffectDetail,"Lors de la lecture de « {3} » dans « {2} », {0}<br> (sauf pour les événements Live autres que celui-ci {1})."
StaminaCharge_NoChargeItem,Vous ne possédez pas de bonbons LP.
StaminaCharge_RecoveryConfirmDialogTitle,Confirmer la récupération de LP
StaminaCharge_RecoveryConfirmDialogMessage,Voulez-vous utiliser l’objet sélectionné pour restaurer votre LP de {0} ?
StaminaCharge_RecoveryConfirmDialogWarningNoItem,Vous ne possédez aucun objet de récupération de LP.
StaminaCharge_RecoveryConfirmDialogWarningOverLimit1,"※Si votre LP actuelle dépasse le maximum, la récupération de LP n’est pas possible."
StaminaCharge_RecoveryConfirmDialogWarningOverLimit2,※Le LP affichera « 999+ » une fois qu’il aura dépassé 999.
StaminaCharge_Special_Commercial_Code,AffichageLoi sur le commerceet paiements
StaminaCharge_RecoveryFrequency,Restauration de {0}
StaminaCharge_StaminaLabel,LP
StampTab_DefaultStamp,Défaut
StampTab_RareStamp,Timbres spéciaux
StampTab_HistoryStamp,Historique
StampTab_FavoriteStamp,Favori
NotExistsStamp_DefaultStamp,Aucun tampon standard n’est disponible !
NotExistsStamp_RareStamp,Vous ne possédez pas de tampon rare.
NotExistsStamp_HistoryStamp,Aucun historique de tampon disponible.
NotExistsStamp_FavoriteStamp,Vous n’avez pas de tampon favori.
NotExistsStamp_RareStampSub,"Vous pouvez obtenir des tampons limités lors d’événements, etc."
NotExistsStamp_HistoryStampSub,L’utilisation d’un tampon enregistre l’historique.
NotExistsStamp_FavoriteStampSub,Vous pouvez définir vos tampons préférés dans l’écran de sélection du Live.
MemberIllustrateList_SelectCharaMessage,Sélectionnez un membre !
MemberCharaTop_CostumeChange,Changer de costume
MemberCharaTop_Profile,Profilo
MemberCharaTop_AriaTalk,Mini-histoire
MemberCharaTop_Album,Album
LiveSelect_UseStaminaBoost,Live avec {0}
LiveSelect_NoneStaminaBoost,pour le Live
LiveSelect_Note,"Si vous souhaitez restaurer vos LP, <br>veuillez sélectionner une méthode."
LiveSelect_Title,Confirmer LP
LiveSelect_SettingStaminaNum,Dépenser LP
LiveSelect_HasStaminaNum,Possédé :
LiveSelect_NoItem,Possédé : 0
LiveSelect_PenaltyTitle,Restriction de fonctionnalités
LiveSelect_PenaltyMessage,"Dans le mode Live coopératif, nous avons détecté un comportement perturbateur envers les autres joueurs <br>. Certaines fonctionnalités sont temporairement restreintes <br>. Veuillez patienter jusqu’à la levée de cette restriction."
LiveSelect_PenaltyUnlockTime,Jusqu’à la fin
LiveSelect_Belonging,Objets
LiveSelect_Medal,Loveca
LiveSelect_ConsumEventStamina,Miracle Star : Dépenser {0}
LiveSelect_EventTerm,Période :
LiveSelect_EventRankingAll,Global
LiveSelect_EventRankingGroup,Groupes
LiveSelect_EventRank,Rang :
LiveSelect_HasEventCandy,Possédé Miracle Star
LiveSelect_HasEventPick,Possédé
LiveSelect_HasEventTicket,Possédé
LiveSelect_EventCurrencyCandy,personnes
LiveSelect_EventCurrencyPick,personnes
LiveSelect_EventCurrencyTicket,pièces
LiveSelect_EventAcquisitionCandy,（Démo）Disponible !
LiveSelect_EventAcquisitionPick,（Démo）Disponible !
LiveSelect_EventAcquisitionTicket,（Démo）Disponible !
LiveSelect_EventCandyInfo,Collectez et jouez au Live événement !
LiveSelect_EventPickInfo,Collectez <0> et allez à l’échange !
LiveSelect_EventTopPickInfo,Vérifiez votre carte de bingo !
LiveSelect_EventTicketInfo,Collectez <0> et faites tourner la roue !
LiveSelect_EventTopTicketInfo,Consultez la mission coopérative !
LiveSelect_TeacherLive,Live (événement)
LiveSelect_EventTermTitle,Période :
LiveSelect_EventResultTermTitle,Période d’annonce des résultats :
LiveSelect_EventOpenLabel,Événement en cours
LiveSelect_EventCloseLabel,Événement terminé
LiveSelect_EventRemainDay,Événement se termine dans {0} jours
LiveSelect_EventRemainTime,Il reste {0} avant la fin de l’événement : {1:D2}
LiveSelect_EventRankingAggregate,Classement en cours de calcul...
LiveSelect_Aggregate,En cours de traitement
LiveSelect_NowRankingAgreegating,Classement en cours de compilation
LiveSelect_EventRewardGetTime,Période de réception des récompenses ; {0}
LiveSelect_EventClose,L’événement est terminé.
LiveModeSelect_SoloLiveButton,Live libre
LiveModeSelect_MultiLiveButton,Live coopératif
LiveModeSelect_MultiUnitSettings,Formation<br>coopérative
Migration_TakeOver,Transfert de données
Migration_IssueInfo,"En préparant le transfert de données, vous pourrez transférer vos données lors d’un changement d’appareil.<br>Cela peut également servir à prévenir la perte de données en cas de suppression de l’application."
Migration_IssueInfoNote,*Veuillez consulter les instructions avant de procéder à la migration.*
Migration_Details,Détails de la migration
Migration_IssueNote,"Si vous effectuez une migration entre différents systèmes d’exploitation, les Loveca payants seront convertis en Loveca gratuits. <br> Si la migration se fait entre des appareils utilisant le même système d’exploitation, ils seront transférés tels quels. <br> Lorsque vous effectuez une migration vers un autre système d’exploitation ou un autre compte de boutique, veuillez annuler votre abonnement MIRACLE PASS à l’avance. <br> Si vous avez plusieurs abonnements MIRACLE PASS actifs, vous ne pourrez pas recevoir les avantages en double."
Migration_IssueNote2,"En effectuant la migration des données, les données du jeu sur cet appareil seront supprimées et remplacées par les données d’origine. <br> Si vous migrez entre différents systèmes d’exploitation, vos Loveca payants seront convertis en Loveca gratuits. <br> Si vous migrez entre appareils utilisant le même système d’exploitation, ils seront conservés tels quels. <br> Lorsque vous migrez vers un autre système d’exploitation ou un autre compte de boutique, veuillez annuler votre abonnement MIRACLE Pass à l’avance. <br> Si vous avez plusieurs abonnements MIRACLE Pass actifs, vous ne pourrez pas recevoir les avantages en double."
Migration_Process,Détails de la migration
Migration_Setting,Paramètres de migration
Migration_SettingsInfo,Définissez un mot de passe pour la migration des données.
Migration_ID,ID de migration
Migration_Password,Mot de passe
Migration_PasswordNote,"* Au moins 8 caractères, maximum 32 caractères alphanumériques."
Migration_DispPassword,Afficher le mot de passe en cours de saisie
Migration_SettingsButton,Configurer
Migration_Complete,Configuration de la migration terminée
Migration_CompleteInfo,"La préparation de la migration des données est terminée. <br> Après avoir téléchargé l’application sur l’appareil cible, veuillez saisir l’identifiant et le mot de passe de la migration dans le menu situé en haut à droite de l’écran titre, sous « Migration des données » <br>."
Migration_IDCopy,Copié.
Migration_CompleteNote,Informations importantes : ne les communiquez à personne <br> Veuillez conserver une note ou une capture d’écran <br> Vous pourrez modifier votre mot de passe ultérieurement.
Migration_Migration,Exécuter la migration
Migration_MigrationInfo,Choisissez la méthode de transfert que vous avez définie.
Migration_MigrationInfo2,Entrez votre ID et mot de passe de transfert.
Migration_MigrationInfo3,"En effectuant les paramètres de transfert suivants, vous pourrez transférer vos données lors d’un changement d’appareil.<br>Vous pouvez également l’utiliser comme mesure de précaution contre la perte de données due à la suppression de l’application."
Migration_MigrationNote,"<color=#C12424>En cas de migration entre OS différents, les Loveca payantes seront converties en Loveca gratuites.<br>Sur le même OS, elles sont conservées telles quelles.<br>Pour une migration vers un autre OS ou un autre compte magasin, veuillez résilier votre MIRACLE Pass au préalable.<br>En cas d'abonnement multiple ou dupliqué au MIRACLE Pass, les avantages ne peuvent pas être cumulés.</color>"
Migration_MigrationNote2,"La validation du transfert supprimera les données de jeu de cet appareil et écrasera celles de la source. <br><color=#C12424> En cas de transfert entre systèmes d'exploitation différents, les Loveca payantes seront converties en Loveca gratuites. <br> Pour un transfert au sein du même système d'exploitation, elles seront conservées telles quelles. <br> Lors d'un transfert vers un autre système d'exploitation ou un autre compte de magasin, veuillez résilier vous-même votre MIRACLEパス au préalable. <br> En cas d'adhésion multiple ou en double à un MIRACLEパス, les avantages ne pourront pas être cumulés. </color>"
Migration_MigrationNoteConfirm,"La validation du transfert supprimera les données de jeu de cet appareil et écrasera celles de la source. <br><color=#C12424> En cas de transfert entre systèmes d'exploitation différents, les Loveca payantes seront converties en Loveca gratuites. <br> Pour un transfert au sein du même système d'exploitation, elles seront conservées telles quelles. <br> Lors d'un transfert vers un autre système d'exploitation ou un autre compte de magasin, veuillez résilier vous-même votre MIRACLEパス au préalable. <br> En cas d'adhésion multiple ou en double à un MIRACLEパス, les avantages ne pourront pas être cumulés. </color>"
Migration_MigrationConfirm,Confirmer la migration
Migration_MigrationData,Données à transférer
Migration_MigrationDeleteData,Données de cet appareil
Migration_UserID,ID utilisateur
Migration_UserName,Nom d’utilisateur
Migration_Rank,Rang du joueur
Migration_ChargeMedal,Loveca payant
Migration_FreeMedal,Loveca gratuit
Migration_MigrationButton,Transférer les données
Migration_MigrationFinalConfirm,Confirmation finale
Migration_MigrationFinalConfirmInfo,"En effectuant la migration, les données du jeu sur cet appareil seront supprimées et remplacées par les données migrées depuis l’appareil d’origine <br> <size=29> <br> <br> <color=#C12424> Si vous migrez entre différents systèmes d’exploitation, vos Loveca payants seront convertis en Loveca gratuits <br> Dans le cas d’une migration entre appareils utilisant le même système d’exploitation, ils seront conservés tels quels <br> Lors de la migration vers un autre système d’exploitation ou un autre compte de boutique, veuillez résilier votre abonnement MIRACLE PASS au préalable <br> Si vous avez plusieurs abonnements MIRACLE PASS actifs, vous ne pourrez pas recevoir les bonus en double </size> </color>"
Migration_MigrationFinalConfirmNote,<color=#C12424>Confirmer le transfert ?</color>
MemberList_DialogTitle,Changer de membre préféré ?
MemberList_DialogConfirm,Voulez-vous changer de Membre préféré ?
MemberList_ChangeButton,Oui
MemberList_PhotoBoxButton,Répertoire
MemberList_TypeBonus,Bonus d’Attribut
MemberList_MemberBonus,Bonus Membre
MemberList_TypeAndMemberBonus,Attribut et bonus Membre
MemberList_FilteringButton,Filtrer
MemberList_SortButton,Trier
MemberList_ThumbnailSize,Taille vignette
MemberList_Change,Modifier
MemberList_Small,Petit
MemberList_Big,Grand
MemberList_SizeChangeDialogTitle,Modifier la taille des vignettes
MemberList_SizeChangeDialogMessage,Choisissez la taille d’affichage des miniatures qui vous convient.
Option_ResetToDefaultButton,Valeurs par défaut
Option_LiveScreenPreview,Prévisualisation Live
Option_Live_Title,Paramètres Live
Option_Live_ConfirmBeforeLive,Afficher les options avant le Live
Option_Live_RhythmIconSpeed_Title,Vitesse des icônes de rythme
Option_Live_RhythmIconSize_Title,Taille des icônes de rythme
Option_Live_LaneLength,Position des icônes de rythme
Option_Live_ComboPosition,Position des combos
Option_Live_InputResultPosition,Position des résultats
Option_Live_SkillEffectTextView,Afficher les effets de compétence
Option_Live_CenterIcon,Réduire l’icône centrale
Option_Live_PositonCenter,Centre
Option_Live_PosiionUpper,Haut
Option_Live_BluetoothConnectionState_Title,Bluetooth™
Option_Live_BluetoothConnectionState_On,Connecté
Option_Live_BluetoothConnectionState_Off,Non connecté
Option_Live_TapTiming_Title,Ajustement de la zone de frappe
Option_Live_TapTiming_Left_Title,Côté gauche de l’écran
Option_Live_TapTiming_Right_Title,Côté droit de l’écran
Option_Live_TapTiming_Center_Title,Icône centrale
Option_Live_TapTiming_Left_Button,Aligner à gauche
Option_Live_TapTiming_Right_Button,Aligner à droite
Option_Live_TapTiming_Normal_Title,Normalement
Option_Live_TapTiming_Bluetooth_Title,Lors de la connexion Bluetooth™
Option_Live_TapTiming_Button,Ajuster le timing des taps
Option_Live_TapTiming_TestLive,Test Live
Option_Live_LongPressLineDepth_Title,Épaisseur des lignes de maintien.
Option_Live_SameTimePressLine_Title,Afficher la ligne de synchronisation
Option_Live_SliderSameTimePressLine_Title,Afficher la ligne de synchronisation des notes oscillantes.
Option_Live_Skill_Effect_Title,Effet de compétence
Option_Live_TapTiming_Effect_Title,Affichage du timing
Option_Live_RhythmIconMovePos_Title,Ralentissement des icônes de rythme
Option_Live_RhythmIconMovePos_Type1,Ralentir à la fin
Option_Live_RhythmIconMovePos_Type2,Ralentissement initial
Option_Live_ComboUITransparent_Type3,Vitesse constante
Option_Live_ComboTransparent,Opacité de l’affichage des combos
Option_Live_ComboSize,Taille de l’affichage des combos
Option_Live_InputResultTransparent,Opacité des résultats
Option_Live_InputResultSize,Taille des indications de note
Option_Live_RhythmIconPos,Hauteur des icônes de rythme
Option_Live_RhythmIconStartPos,Hauteur des icônes centrales
Option_Live_FpsSetting,FPS pendant le Live
Option_Live_Mirror_Title,Inverser les notes
Option_Live_LaneEffect_Title,Effets de piste
Option_Live_FillsUpLivePosition_Title,Ajouter un membre supplémentaire
Option_Live_Bluetooth_Caution,La connexion des appareils Bluetooth dépend des paramètres de chaque appareil.<br>
Option_Live_Movie_Disp,Vidéo Live
Option_Live_Movie_Brightness,Luminosité vidéo Live
Option_Live_Movie_Caution,"Par défaut, c'est [ACTIVÉ]."
Option_LiveSkin_Title,Paramètres des icônes Live
Option_LiveSkin_Lane_Title,Ligne de rythme et effet tactile
Option_LiveSkin_LaneBrightness_Title,Luminosité des pistes
Option_LiveSkin_TapEffect_Title,Effet de tap
Option_LiveSkin_RhythmIcon_Title,Design des notes
Option_LiveSkin_SE_Title,Son de tap
Option_LiveSkin_SE_TapButton,Test du son de tap
Option_LiveSkin_SE_FlickButton,Test son flick
Option_LiveProduction_Title,Réglages du volume
Option_LiveProduction_Production_Title,Effets Live
Option_LiveProduction_ActionMode_Title,Mode d’exécution
Option_LiveProduction_ActionMode_Regular,Normal
Option_LiveProduction_LiveEffect,Effets Live
Option_LiveProduction_ActionMode_Light,Léger
Option_LiveProduction_ActionMode_Full,Haute qualité
Option_LiveProduction_LiveMonitor,Moniteur Live
Option_LiveProduction_TapEffectSize,Taille effet tactile
Option_LiveProduction_MemberCutIn_Title,(Dummy)
Option_LiveProduction_ShowSkillEffect_Title,Afficher les effets de compétence
Option_LiveProduction_PlayClimaxMovie_Title,(Dummy) Effets spéciaux
Option_LiveProduction_Volume_Title,Volume Live
Option_LiveProduction_Volume_Music,Musique
Option_LiveProduction_Volume_SE,Effets sonores
Option_LiveProduction_Volume_Tap,Effets sonores
Option_LiveProduction_Volume_Voice,声
Option_Volume_Title,Réglages du volume
Option_Volume_LiveSettings,Réglages du volume pendant le Live
Option_Volume_MusicVolume,Volume des morceaux
Option_Volume_SEVolume,Effets sonores
Option_Volume_OtherSettings,Autres réglages de volume
Option_Volume_BGMVolume,Volume BGM
Option_System_Title,Paramètres système
Option_System_Volume_Title,Volume système
Option_System_Volume_BGM,Volume des morceaux
Option_System_Volume_SE,Effets sonores
Option_System_Volume_Voice,声
Option_System_Download_Title,Téléchargement
Option_System_Download_Button,Pré-téléchargement<br>
Option_System_Download_LiveMember,Animation des membres pendant le Live
Option_System_Notification_Title,Paramètres de notification
Option_System_Notification_Stamina_Full,Entièrement restauré
Option_System_Notification_Midnight,Notification de nuit
Option_System_Notification_Detail,"Si les notifications sont désactivées dans les paramètres de l’appareil, vous ne recevrez aucune notification de l’application.<br>La période nocturne est de (0:00 à 5:59)."
Option_System_Alert_Title,Paramètres d’alerte
Option_System_Alert_UseTooMuch,Alerte de dépenses
Option_System_Alert_Detail,Une fenêtre de confirmation s’affiche lorsque le montant total dépensé sur un mois dépasse les 100 000 .
Option_System_Others_Title,Autres réglages
Option_System_FixScreenDirection,Fixer l’orientation de l’écran
Option_System_StaminaConfirm,Confirmer le manque de LP
Option_System_AutoBurstConfirm,Confirmer le manque de tickets d’avance rapide
Option_System_BatteryConfirm,Alerte batterie
Option_System_BluetoothConfirm,Confirmer la connexion Bluetooth ?
Option_System_HomeSceneMoviePlay,Vidéo d’accueil
Option_System_IgnoreGachaUrEffect,Ne pas ignorer l’animation UR.
Option_System_Live2D_Character_Title,Membre affiché
Option_System_Live2D_Character_UseRecommend,Membre préféré
Option_System_Live2D_Character_UseDeck,Membres du groupe
Option_System_Live2D_Character_Detail,Les Membres affichés sont mis à jour lors du changement d’écran.
Option_System_FpsToggle,FPS
PresentBox_Scroll_AcquiredDateTimeLabel,Obtenir le
PresentBox_Scroll_ReceivedDateTimeLabel,Date de réception
PresentBox_Scroll_ExpireDateTimeLabel,Date d’expiration
PresentBox_Tab_Receivable,Non réclamé
PresentBox_Tab_Received,Historique des cadeaux reçus
PresentBox_Title,Présent
PresentBox_MainTitle,Liste des cadeaux
PresentBox_SubTitle,Présent
PresentBox_Receive,Recevoir
PresentBox_AllReceive,Récupérer tout
PresentBox_EmptyReceivable,Aucun cadeau à afficher.
PresentBox_EmptyReceived,Aucun cadeau à afficher.
PrivateEnter_Title,Recherche Live
PrivateEnter_ConfirmTitle,Confirmer la participation au Live
PrivateEnter_Message,Veuillez saisir un Live ID à 6 chiffres.
PrivateEnter_RoomID,ID Live
PrivateEnter_EnterButton,Entrer
PrivateEnter_SearchButton,Rechercher
PrivateEnter_ConfirmRoom,Live coopératif {0}
PrivateEnter_ConfirmEventRoom,Événement (simulation) Live
PrivateEnter_ConfirmRoomID,Salle {0}
PrivateEnter_ConfirmJoinMessage,Une session Live avec l’ID correspondant a été trouvée.<br>Voulez-vous participer à la session Live ?
PrivateEnter_ConfirmJoinNotConditionMessage,Vous ne remplissez pas les conditions de participation à ce Live <br> <br> Conditions de participation au Live <br> {0}
PrivateEnter_ConfirmJoinNotTotalPowerMessage,Vous ne remplissez pas les conditions de puissance requises pour participer.
PrivateEnter_ConfirmUserName,Nom d’utilisateur
PrivateCreate_Title,Création de Live
PrivateCreate_RoomCompleteTitle,Création de Live terminée
PrivateCreate_Message,Entrez jusqu’à {0} caractères !
PrivateCreate_RoomTypeTitle,Récompense Live
PrivateCreate_RoomTypeNormal,Normal
PrivateCreate_RoomTypeSpecial,Jour
PrivateCreate_RoomConditionTitle,Nom du Live
PrivateCreate_RoomConditionFree,PASS LIBRE
PrivateCreate_RoomConditionBasic,PASS BASIC
PrivateCreate_RoomConditionElite,ELITE PASS
PrivateCreate_RoomConditionMaster,PASS MASTER
PrivateCreate_RoomIDTitle,ID Live
PrivateCreate_CommentTitle,Commentaire :
PrivateCreate_CommentInput,Entrez votre message (max. 10 caractères)
PrivateCreate_IDCopyButton,Copier l’ID
PrivateCreate_CreateButton,Créer
PrivateCreate_EnterButton,Entrer
PrivateCreate_RoomIdCopy,L’ID du Live a été copié.
PrivateCreate_ConfirmMessage,Live créé.<br>Participer au Live ?
FriendInviteReceive_Title,Invitation d’ami
FriendInviteReceive_Check,Vérification de l’invitation d’ami…
FriendInviteReceive_NotMessage,Aucune invitation d’ami pour un Live coopératif n’est disponible.<br>Vous pouvez inviter des amis en créant un Live privé.
FriendInviteSend_Title,Invitation d’ami
FriendInviteReceive_SubTitle,Vous avez reçu une invitation à un Live collaboratif d’un ami.<br>Sélectionnez le Live auquel vous souhaitez participer.
FriendInviteSend_Message,Envoyer une invitation à tous vos amis ?
FriendInviteSend_CheckMessage,Envoyer uniquement aux amis sélectionnés
DeckTop_DeckEditTag,Formation<br>de l’équipe
DeckTop_CostumeTag,Changer de costume
DeckTop_PracticeTag,Leçon
DeckTop_SkillPracticeTag,スキル<br>練習
DeckTop_TrainingTag,Éveil
DeckTop_MemberListTag,Idoles<br>Liste
DeckTop_ExchangeTag,Échange
DeckTop_CharacterIllustrateTag,図鑑メンバー
DeckCharaSelect_LeaderChangeButton,Définir leader
DeckCharaSelect_ParamNothing,---
DeckCharaSelect_SubDeckNoSkill,Les Idoles du sous-groupe ne déclenchent pas leurs compétences.
SortDialog_Title,Trier les Idoles
SortDialog_FilteringTitle,Filtrer
SortDialog_SortTitle,Trier
SortDialog_DefaultButton,Tout désélectionner
SortDialog_AllSelectButton,Tout sélectionner
SortDialog_AllReleaseButton,Tout désélectionner
SortDialog_LiveSkillWord,Compétence
SortDialog_LiveSkillScoreUp,Augmentation de score
SortDialog_LiveSkillConditionalScoreUp,Conditionnel<br>Bonus de score
SortDialog_LiveSkillScoreUpAndLifeHeal,Augmente le score <br> et soigne
SortDialog_LiveSkillScoreUpAndResultUp,Augmentation du score<br>Amélioration de la précision
SortDialog_LiveSkillPowerHeal,Restauration de PV
SortDialog_LiveSkillEnhance,Précision +
SortDialog_LiveSkillOther,Autres
SortDialog_LiveSkillConditionalOnlyScoreUp,Condition spécifique<br>Bonus de score
SortDialog_LiveSkillEnergyConditionalLifeHealScoreUp,PV conditionnelle<br>Bonus de score ou soin
SortDialog_FilterGroup,Groupe
SortDialog_FilterType,Attribut
SortDialog_FilterAwakening,Éveil
SortDialog_AwakeningAll,Tout
SortDialog_Awakened,Éveillé
SortDialog_Unawakened,Non réveillé
SortDialog_PassiveSkillWord,Compétences passives
SortDialog_PassiveSkillEffectWord,Cible de l’effet
SortDialog_PassiveSkillEffectPart,InstrumentPoste
SortDialog_PassiveSkillEffectPartRole,Poste
SortDialog_PassiveSkillEffectPartAndPartRole,Les deux
SortDialog_PassiveSkillPartWord,◆Effet sur l’instrument/le rôle◆
SortDialog_PassiveSkillSuitWord,◆Attribut des Idoles affectées◆
SortDialog_PassiveSkillMatchBothWord,◆Conditions combinées◆
SortDialog_PassiveSkillSubPartWord,◆Autres◆
SortDialog_PassiveSkillSubPartWordPowerUp,PV initial
SortDialog_EpisodeReadAll,Tout
SortDialog_EpisodeReadNotEpisode,Histoire non lue
SortDialog_EpisodeReadNotSpecialEpisode,Spécial<br>Histoire non lue
SortDialog_SortAllStatus,Force globale
SortDialog_SortSoul,Smile
SortDialog_SortTechnic,Pure
SortDialog_SortAppeal,Cool
SortDialog_SortUnlock,Par ordre d’acquisition
SortDialog_SortRarity,Rareté
SortDialog_SortLevel,Niveau
SortDialog_SortSkillLevel,Niveau des compétences
SortDialog_SortSkill,Par compétence
SortDialog_SortMember,Membre
SortDialog_SortFavorite,Favori
SortDialog_SortHp,PV
SortDialog_Kizuna,Affection
SortDialog_EventPtBonus,Bonus d'événement
SortDialog_TypeAll,Tous les critères
SortDialog_PassiveSkillMatchBothAnd,Les deux (instrument et attribut) doivent correspondre pour que l’effet se déclenche.
SortDialog_PassiveSkillMatchBothOr,Part ou attribut correspondant
CostumeSelectPortrait_Top,Touchez cet écran pour désactiver le mode plein écran.<br>
CostumeSelectPortrait_Selected,Sélectionné
LocalNotification_Title,スクフェス2
LocalNotification_Ticker,Vos LP ont été entièrement restaurés.
LocalNotification_Message,Vos LP ont été entièrement restaurés.
LocalNotification_Description,Notification
LiveDownload_State_Downloading,Chargement en cours…
LiveDownload_State_Complete,Prêt !
LiveScene_Dialog_ContinueTitle,Reprendre le Live
LiveScene_Dialog_ContinueMessage,Dépenser <color=#C12424>{0} Loveca </color> pour restaurer entièrement les PV et reprendre le Live ?
LiveScene_Dialog_ContinueGemShortageTitle,Loveca insuffisant
LiveScene_Dialog_ContinueGemShortageMessage,Il n’y a pas assez de Loveca pour reprendre le <br>Live.
LiveScene_Dialog_FailureTitle,Échec du Live
LiveScene_Dialog_FailureMessage,"HP est à zéro <br><br> En dépensant <color=#C12424>{0} Loveca </color>, vous pouvez restaurer complètement votre HP et reprendre <br>."
LiveScene_Dialog_FailureMessage_EventSpirit,"HP est à zéro <br><br> En dépensant <color=#C12424>{0} Loveca </color>, vous pouvez restaurer complètement votre HP et reprendre <br>."
LiveScene_Dialog_PauseTitle,Pause
LiveScene_Dialog_PauseMessage,Voulez-vous arrêter le Live et revenir à la sélection des morceaux ? <br> <br> <color=#C12424> Notez que les LP ne seront pas dépensés si vous arrêtez. </color>
LiveScene_Dialog_PauseMessage_EventChallenge,Voulez-vous arrêter le Live et revenir à la sélection des morceaux ? <br> <br> <color=#C12424> Notez que les Miracle Stars ne seront pas dépensés si vous arrêtez. </color>
LiveScene_Dialog_RetireConfirmTitle,Terminer le Live
LiveScene_Dialog_RetireConfirmMessage,"Quitter le Live vous empêchera d’obtenir des Récompenses. <br> Voulez-vous revenir au Live et continuer à jouer ? <br> <br> <color=#C12424> ※ Si vous quittez, aucun LP ne sera Dépensé. </color>"
LiveScene_Dialog_RetireConfirmMessage_EventChallenge,"En terminant le Live, vous ne pourrez pas obtenir de Récompense. <br> Souhaitez-vous revenir au Live et continuer à jouer ? <br> <br> <color=#C12424> Notez que si vous terminez, aucun Miracle Star ne sera dépensé. </color>"
LiveScene_Dialog_SuspendButton,Terminer le Live
LiveScene_Dialog_CancelButton,Mettre en pause
LiveScene_Dialog_ReheasalRetryConfirmMessage,Voulez-vous terminer le Live et recommencer depuis le début ?
LiveScene_Dialog_ReheasalRetireConfirmMessage,Voulez-vous terminer le Live et revenir à la sélection des morceaux ?
LiveScene_MultiWaitOtherPlayerLoading,Membre en préparation…
LiveScene_MultiWaitOtherPlayerPlaying,Membre en Live…
LiveScene_MultiUserIntroduction_Vs,Live avec ce joueur
LiveScene_MultiUserIntroduction_EventHomework,Live avec ce joueur
LiveScene_SkillBoard_Trigger,Activer compétence
LiveScene_VoltageGaugeLv1,(DUMMY) LV 1
LiveScene_VoltageGaugeLv2,(DUMMY) LV 2
LiveScene_VoltageGaugeLv3,(ダミー) LV 3
LiveScene_VoltageGaugeLv4,(ダミー) LV 4
LiveScene_VoltageGaugeLvMax_ClimaxReady,CLIMAX : Préparation en cours
LiveScene_VoltageGaugeLvMax_ClimaxPlaying,CLIMAX en cours !!
LiveScene_VoltageGaugeLvMax_ClimaxEnd,FIN DU CLIMAX
LiveScene_VoltageGaugeLvMax_ClimaxPerfect,CLIMAX PARFAIT！！
LiveScene_AutoPlayComment,Le mode automatique applique le score le plus élevé.
LiveScene_Dialog_RestartConfirmTitle,Recommencer depuis le début
LiveScene_Dialog_RestartConfirmMessage,"Voulez-vous terminer le Live et recommencer depuis le début ? <br> <br> <color=#C12424> Dans ce cas, les LP ne seront pas dépensés. </color>"
LiveScene_Dialog_RestartConfirmMessage_EventSpirit,"Voulez-vous terminer le Live et recommencer depuis le début ? <br> <br> <color=#C12424> Si vous terminez, aucun Miracle Star ne sera dépensé. </color> <br> <br>"
LiveScene_Dialog_ContinueSpiritShortageTitle,Miracle Stars insuffisants
LiveScene_Dialog_ContinueSpiritShortageMessage,Les Miracles Stars sont insuffisants <br>. Vous pouvez en obtenir <br> en jouant des chansons normales <br> <br> <br>.
CooperationLive_RoomRestriction,Restrictions Live
CooperationLive_NormalRoom,Normal
CooperationLive_SpecialRoom,Jour
CooperationLive_EventRoom,Événement
Notice_DialogTitle,Nouveau morceau !
Notice_DialogSchool,(Dummy)
Notice_DialogWordsDefault,Paroles :
Notice_DialogCompositionDefault,Composition :
Notice_DialogArrangerDefault,Arrangement :
MusicDetail_DialogTitle,Détails du morceau
MusicDetail_RecievedLabel,Obtenu
MusicDetail_RemainLabel,Il reste {0} tentatives.
MusicDetail_FirstLabel,Récompense initiale
MusicDetail_ClearReward,Récompense de complétion
MusicDetail_RandomReward,Récompense aléatoire
MusicDetail_DetailTab,Infos sur la chanson
MusicDetail_RewardTab,Récompense d’accomplissement
MusicDetail_Reference,Source : {0}
MusicSelect_HighScore,Meilleur score
MusicSelect_MyRankingHighScore,Votre<br>(exemple)
MusicSelect_ClearRamp,Statut de complétion
MusicSelect_TeacherPoint,Taux de meilleurs scores
MusicSelect_TeacherPointSum,Taux de score total
MusicSelect_CategoryButton,Genre
MusicSelect_SortButton,Filtrer
MusicSelect_ClearBonusButton,Récompense d’accomplissement
MusicSelect_RandomButton,Aléatoire
MusicSelect_SortApplyDataBar,En cours d’application
MusicSelect_ObtainTypeShopMessage,Acheter en boutique
MusicSelect_ObtainTypeShopButton,Vers le magasin de chansons
MusicSelect_ObtainTypeMissionMessage,Atteindre la mission <br> « {0} » <br>.
MusicSelect_ObtainTypeMissionButton,Missions
MusicSelect_ObtainTypeStoryMessage,Récompense pour avoir regardé le chapitre principal <br> « {0} » <br>.
MusicSelect_ObtainTypeStoryButton,À l’histoire
MusicSelect_ObtainTypePlayerRankMessage,Atteindre le rang {0}
MusicSelect_ObtainTypeNoneMessage,Condition de déblocage non définie
MusicSelect_ObtainTypeNoneButton,Non défini
MusicSelect_UnlockTitle,Conditions de déblocage
MusicSelect_SortDialogTitle,Trier
MusicSelect_RefineDialogTitle,Filtrer
MusicSelect_FilterCategoryTitle,Genre
MusicSelect_FilterOtherTitle,Autres
MusicSelect_SortTitle,Trier par
MusicSelect_FilterCategoryAll,Tout sélectionner
MusicSelect_FilterCategoryCharacterSong,(Dummy)
MusicSelect_FilterCategoryCoupling,(Dummy)
MusicSelect_FilterCategorySongWithinPlay,(Dummy)
MusicSelect_FilterCategoryOther,Autres
MusicSelect_FilteRefineNone,Aucun
MusicSelect_FilterRefineFavorite,Favori
MusicSelect_FilterRefineNotClear,Non terminé
MusicSelect_FilterRefineNotScoreSS,Pas de rang SS
MusicSelect_FilterRefineNotFullCombo,Non-full combo
MusicSelect_FilterRefineNotAllPerfect,Pas parfait partout
MusicSelect_SortDefault,Par défaut
MusicSelect_SortMusicName,Nom de la chanson
MusicSelect_SortReleaseTime,Date de sortie
MusicSelect_SortMusicLevel,Niveau
MusicSelect_SortHighScore,Meilleur score
MusicSelect_Ranking,Classement
MusicSelect_AllTab,Tout
MusicSelect_NoClearRate,--:-- %
MusicRanking_Score,SCORE
MusicRanking_Rank,CLASSEMENT
MusicRecommend_RecommendList,Liste de recommandations
MusicRecommend_RecommendListCancel,Annuler la liste
MusicRecommend_UseThisList,Utiliser cette liste
MusicFilterAutoSort_DialogTitle,Sélection automatique
MusicFilterAutoSort_Random,Aléatoire
MusicFilterAutoSort_NonPlay,Chansons jamais jouées
MusicFilterAutoSort_RecentPlay,Récemment jouées
MusicFilterAutoSort_RecentRelease,Dernières sorties
MusicGoal_DialogTitle,Objectifs musicaux
MusicGoal_ScoreLabel,SCORE |
MusicGoal_HighScore,MEILLEUR SCORE
MusicGoal_ComboLabel,COMBO |
MusicGoal_Combo,COMBO
MusicGoal_MaxCombo,MAX COMBO
MusicGoal_FullComboLabel,COMBO COMPLET |
MusicGoal_ClearLabel,RÉUSSITE |
MusicGoal_ClearCount,Nombre de victoires
MusicGoal_Count,fois
MusicGoal_Achievement,Atteint
MusicGoal_AchievementRate,Entre tous les joueurs<br>taux de complétion
MusicGoal_HighOrder,Meilleur score
MusicGoal_UnPlayed,Non joué
CooperationLive_TotalPower,Puissance totale de l’unité principale :
CooperationLive_NormaType,Normal
CooperationLive_SpecialType,Jour
CooperationLive_StampSettingButton,Paramètres des tampons
CooperationLive_PrivateButton,Privé
CooperationLive_FriendsInviteButton,Invitation d’ami
CooperationLive_DeckEditButton,Formation d’unité
CooperationLive_MatchingDialogTitle,Recherche de partie
CooperationLive_MatchingDialogMessage,Recherche de Live en cours.
CooperationLive_CreateRoomDialogTitle,Création du Live
CooperationLive_CreateRoomDialogMessage,Création du Live en cours
CooperationLive_MatchingDialogAnnotation,"En période d’affluence, l’opération peut prendre plus de temps."
CooperationLive_PrivateSelectDialogTitle,Live privé
CooperationLive_PrivateSelectDialogEnterMessage,Entrez l’ID du Live pour <br>rejoindre la session.
CooperationLive_PrivateSelectDialogEnterButton,Entrer
CooperationLive_PrivateSelectDialogCreateMessage,Définissez les conditions et créez un <br>Live.
CooperationLive_PrivateSelectDialogCreateButton,Créer
CooperationLive_RoomTypeRewardInfo,{0} boost !
CooperationLive_RoomTypeRewardWeekMonday,Lundi uniquement
CooperationLive_RoomTypeRewardWeekTuesday,Mardi uniquement
CooperationLive_RoomTypeRewardWeekWednesday,Mercredi uniquement
CooperationLive_RoomTypeRewardWeekThursday,Jeudi uniquement
CooperationLive_RoomTypeRewardWeekFriday,Vendredi uniquement
CooperationLive_RoomTypeRewardWeekSaturday,Samedi uniquement
CooperationLive_RoomTypeRewardWeekSunday,Dimanche uniquement
FriendInviteItem_RoomCreater,Nom d’utilisateur
FriendInviteItem_RoomType,Attribut Live
FriendInviteItem_RoomCondition,Restrictions Live
FriendInviteItem_RoomComment,Commentaire :
FriendInviteItem_RoomName,Nom du Live
FriendInviteItem_RoomReward,Récompense Live
FriendInviteItem_RoomSessionID,ID Live
FriendInviteItem_JoinButton,Entrer
LiveMatching_PrivateRoomTitle,ID :
LiveMatching_RoomConditionTitle,Nom du Live :
LiveMatching_RoomTypeInfoTitle,Récompense Live :
LiveMatching_PlayerTitle,{0} points
LiveMatching_Support,Support
LiveMatching_WaitMessage,Recherche de joueurs... Veuillez patienter jusqu'à ce que les membres soient réunis.
LiveMatching_WaitMessageInfo,Le Live nécessite au moins 2 joueurs.
LiveMatching_RoomTypeNormal,Normal
LiveMatching_RoomTypeEvent,Jour
LiveMatching_MatchedMessage,Membres choisis ! Passage à la sélection de chanson.
LiveMatching_RoomOpenButton,Ouvrir Live
LiveMatching_InviteFriendButton,Invitation d’ami
LiveMatching_DecideButton,Confirmer membre
MatchingPlayer_Wait,Recherche en cours…
LoginBonus_HoldingPeriod,Période :
LoginBouns_Season,{0} à {1} 〜 {2} {3}
LoginBouns_Days,Jour {0}
LoginBouns_EventBonusValue,+{0}
MultiConfirm_LevelLabel,Niveau de la chanson
MultiConfirm_OptionButton,Divers paramètres
MultiConfirm_HealthyBoostButton,Réglages LP
MultiConfirm_StartButton,Prêt
MultiConfirm_Waiting,En attente
CooperationLiveInfo_Title,Récompense Live
CooperationLiveInfo_Message1,"Dans les « Lives » du jour, vous obtiendrez plus facilement la <br>récompense fixée pour chaque jour de la semaine <br>. ※ Dans les « Lives » normaux, vous recevrez les récompenses habituelles."
CooperationLiveInfo_Message2,"Lundi {0}, mardi {1}, mercredi {2}, jeudi {3}, vendredi {4}, samedi {5}, dimanche {6}. <br> <br> <br> <br> <br> <br>"
CooperationLiveInfo_Message3,Les récompenses sont ajustées pour tous les objets autres que ceux qui bénéficient d’un bonus.<br>
CooperationLiveInfo_dailyEffect,Augmente le taux de {0} !
Stamp_FavoriteTitle,Favori
Stamp_RemoveButton,Retirer
Stamp_ResetButton,Réinitialiser
Profile_RankFriend,Nombre max. d'amis : {0} → {1}
Profile_RankReward,{0} {1} unité(s)
GachaTop_PickUpPhotoDetailTitle,Détails de l’Idole
GachaTop_PhotoDetailTitle,Détails de l’Idole
Ornament_OrnamentListTitle,Liste des objets
OrnamentShop_OrnamentReplaceTitle,Remplacer l’objet actuel ?
GachaTop_PickUpPhotoDetailButton,Détails de l’Idole
GachaTop_InfoDetailButton,Détails du recrutement
GachaTop_ExchangeButton,Échange
Notice_GroupExpNoticeWindowTitle,Rang du groupe
Button_Download,Téléchargement
Mission_AcceptAllButtonText,Récupérer tout
MusicDecision_MusicLevelArea,{0} ~ {1}
MusicDecision_RandomMusicTitle,Aléatoire
MusicDecision_RandomMusicLevel,？？
MusicDecision_LiveLevelReselectButton,Réinitialiser
MusicDecision_ShuffleMessage,Tirage de la chanson.
MusicDecision_DifficultySelectMessage,Choisissez la difficulté de jeu.
EventTop_ScoreRanking,Classement général des scores
EventTop_GroupScoreRanking,Classement par groupe
EventTop_Season,Il en reste {0}
EventTop_UntilRewardPoint,jusqu’à {0} pt
EventTop_NextEventPoint,Après pts
EventTop_NextEventHomeworkPoint,Niveau suivant
EventTop_TotalEventPoint,Total des points d’événement
EventTop_HasHomeworkPoint,Nombre de missions coopératives réussies :
EventTop_HasStamina,Possédé Miracle Star
EventTop_HasBadge,Possédé :
EventTop_HasMedal,Possédé Loveca :
EventTop_HasTicket,Possédé :
EventTop_NextStory,★Prochain récit
EventTop_NextReward,★Prochaine récompense
EventTop_NowHomework,★Mission actuelle
EventTop_AllGetReward,Tout a été obtenu.
EventTop_AllGetStory,Tout a été débloqué.
EventTop_ExchangeButton,Échange
EventTop_BingoButton,BINGO
EventTop_BoxGachaButton,Recrutement (coffre)
EventTop_ChangeHomeworkButton,Changer la tâche
EventTop_HomeworkMusicLevel,Difficulté de la chanson
EventTop_HomeworkMusicLevelValue,Fin
EventTop_CloseExchangeShopTerm,La boutique est ouverte jusqu’au {0}.
EventTop_CloseBoxGachaTerm,(Dummy) jusqu'au {0}
EventTop_StoryButtonNextPoint,Après P
EventTop_StoryButtonNextPointHomework,Niveau suivant
EventTop_TermTitle,Période :
EventTop_ResultTermTitle,Période d’annonce des résultats :
EventTop_EmotionalMemberSelectTermTitle,【Sélection des Membres】
EventTop_EmotionalBandSelectTermTitle,[Période de sélection du groupe]
EventTop_Multi_HelpterBonus,Récompense d’aide
EventTop_Multi_TodayHelpterCount,Nombre d’entraides aujourd’hui
EventTop_Multi_AlreadyPlayedHelper,Nombre de participations aujourd'hui déjà atteint.
EventTop_Multi_UnitSettings,Événement<br>Formation
EventTop_Multi_Live,Live entre tous !
EventTop_Multi_LiveEx,Live entre amis !
EventTop_Multi_FreeMatching,Matchmaking libre
EventTop_Multi_FreeMatching_Info,Jouez en toute décontraction avec d’autres joueurs !
EventTop_Multi_PrivateMatching,Match privé
EventTop_Multi_PrivateMatching_Info,Invitez vos amis et jouez ensemble !
EventTop_Multi_Join,Entrer
EventTop_Multi_HelperJoin,Aider les autres
EventTop_Multi_HelperCondition,"Atteignez la difficulté {0} ou plus, et obtenez {1} points avec {2} points pour pouvoir participer en tant qu’invité."
EventTop_Multi_Room,à la salle
EventTop_Multi_Room2,Dans le salon
EventTop_Multi_RoomCreate,Créer
EventTop_Multi_RoomJoin,Entrer
EventTop_Multi_HelperToday,Aujourd'hui
EventTop_Multi_HelperCount,{0} / {1}
EventTop_Multi_MatchingTitle,Sélection de difficulté
EventTop_Multi_MatchingTitleHelper,Ajouter un membre d’aide
EventTop_Multi_RoomCreateDialog_Info,Choisissez une difficulté.
EventTop_Multi_RoomCreateDialog_Info2,"Vous pouvez sélectionner plusieurs niveaux de difficulté.<br>Si vous sélectionnez plusieurs niveaux, la correspondance se fera aléatoirement parmi les niveaux sélectionnés."
EventTop_Multi_RoomCreateDialog_Info3,Sélectionnez une difficulté.
EventTop_Multi_RoomCreateDialog_Info4,Vous pouvez jouer au Live avec la difficulté sélectionnée.
EventTop_Multi_RoomCreateDialog_Error,Aucune difficulté sélectionnée.
EventTop_Multi_RoomCreateDialog_Start,Démarrer la recherche
EventTop_Multi_RoomSearchDialog_Info,Entrez l’ID de la salle.
EventTop_Multi_RoomSearch_NotFindRoom,L'ID de la salle est incorrect ou la salle est pleine.
EventTop_Multi_PenaltyInfo,La connexion a été interrompue ou un comportement suspect détecté à plusieurs reprises.<br>L’accès aux Lives de cet événement sera temporairement restreint.
EventTop_Multi_RemainPenalty,Déblocage :
EventTop_Multi_Confirmation,Confirmer
EventTop_Multi_NotEnoughPower,Les stats ne sont pas assez élevées pour vous aider.
EventLive__Multi_PointPenalty,Points d’événement réduits
EventLive__Multi_NotSelectedLevel,Aucune difficulté sélectionnée.
EventLive__Multi_Matching,Recherche de partie ( {0} / {1} )
EventLive__Multi_JoiningRoom,Participation à la salle...
EventLive__Multi_FailedToJoinRoom,Échec de la participation à la salle.
EventLive__Multi_NotFoundRoom,L'ID de la salle est incorrect ou la salle est pleine.
EventLive__Multi_CreatingRoom,Création de la salle...
EventLive__Multi_FailedToCreateRoom,La création de la salle a échoué. Veuillez réessayer plus tard.
EventLive__Multi_NotFoundHelperRoom,Aucune salle disponible pour participer en mode assistance.
EventLive__Multi_ConnectingToMatchingServer,Connexion au serveur de matchmaking en cours.
EventResult_Multi_Helper,Aide
EventResult_Multi_Disconnected,La connexion a été interrompue.
EventResult_Multi_ConfirmingResult,Résultat du Live en cours
EventResult_Multi_LeaveRoom,Quitter...
EventResult_Multi_Retry,Rejouer
EventMusicSelect_HighScore,Événement<br>Meilleur score
EventMusicSelect_ScoreRanking,Classement des scores
EventMusicSelect_StaminaUseDialogTitle,Confirmer l’utilisation de Miracle Star
EventMusicSelect_StaminaUseDialogMessage,Utiliser {0} Miracle Stars pour commencer le Live ? <br> ※Aucune LP ne sera dépensée.
EventMusicSelect_StaminaUseDialogHasStamina,Miracle Star {0}
EventMusicSelect_StaminaConfirmCheck,Ne plus demander la confirmation de l’utilisation des Miracle Stars pour cet événement.
EventStory_NextEventPoint,Points événement
EventStory_NextEventHomework,Nombre total de défis réussis
EventStory_ReleaseInfoEventPoint,Accumulez des points d’événement en Live !
EventStory_ReleaseInfoEventHomework,Jouez à l’événement et terminez les défis !
EventStory_EndReleaseStory,L'événement est terminé <br> ce scénario sera disponible le {0}.
EventRanking_TabScoreRanking,Classement des scores de chansons
EventRanking_TabGroupScoreRanking,Classement par groupe
EventRanking_TabPointRanking,Rang des points de l'événement
EventRanking_TabEmotionalRanking,Top 100 du classement
EventRanking_TotalScore,Total des scores
EventRanking_ScoreRanking,Classement du score total
EventRanking_ChangeButton,Changer
EventRanking_InfoMessage,Les résultats de vos parties jusqu’à {0} seront pris en compte.
EventRanking_TopRanking,Meilleurs joueurs
EventRanking_YourRanking,Vous
EventRanking_ScoreRankingTitle,Score des chansons
EventRanking_PointRankingTitle,Total des points d’événement
EventRanking_EmotionalRankingBandSelectTitle,Sélection de groupe
EventRanking_EmotionalRankingMemberSelectTitle,Sélection de Membre
EventRanking_LookEmotionalRankingOtherBands,Voir les autres groupes
EventRanking_LookEmotionalRankingOtherMembers,Voir les autres membres
EventReward_TotalEventPointReward,Récompense totale de points d’événement
EventReward_ScoreRankingReward,Classement général des scores
EventReward_GroupScoreRankingReward,Classement par groupe
EventReward_MusicScoreRankingReward,Classement des scores des morceaux de l’événement <br>
EventReward_EventPointRankingReward,Événement pt<br>Classement
EventReward_EmotionalRankingReward,Meilleur groupe<br>classement
EventReward_TotalEventPoint,Total des points d’événement
EventReward_YourRank,Votre rang
EventReward_RankingButton,Voir le classement
EventReward_EmotionalRankingJoinText,{0} participants
EventReward_RankingFromTo,De la {0} à la {1} place
EventReward_RankingFromToEnd,{0}e place à
EventReward_RankingInfoMessage,Les récompenses de classement seront attribuées une fois l’événement terminé.
EventReward_BingoReward,BINGO
EventReward_BingoSheetLineReward,Récompense pour avoir complété {1} ligne du [feuille {0}]
EventReward_BingoSheetCompleteReward,Récompense pour avoir terminé le [feuille {0}]
EventReward_BingoAllSheetCompleteReward,Récompense complète des feuilles
EventReward_RankingRewardDialogTitle,Récompenses
EventReward_EventPointInfo,*Le nombre total d’événements pt est limité.<br>*La limite peut être augmentée en même temps que la récompense.
EventResult_BaseEventPoint,Points événement de base
EventResult_ScoreBonus,Bonus de score
EventResult_EventBonus,Bonus événement
EventResult_ClearBonus,Bonus de victoire
EventResult_GetEventPoint,Obtenir des points d’événement
EventResult_GetStamina,Obtenir l’objet de l’événement
EventResult_GetBadge,Obtenir (Dummy)
EventResult_GetMedal,Obtenir Loveca
EventResult_TotalEventPoint,Total des points d’événement
EventResult_TotalStamina,Objets d’événement cumulés
EventResult_TotalBadge,Cumul (démo)
EventResult_TotalMedal,累計Loveca
EventResult_NextStory,Suivant l’histoire
EventResult_NextReward,Prochaine récompense
EventResult_CompleteReward,Vous avez obtenu toutes les récompenses.
EventResult_EventStaminaBoostValue,x{0}
EventResult_MemberBonus,Idoles concernées par l’événement
EventResult_MemberBonusInfoMessage,Bonus pour les membres participants
EventResult_StaminaInfoMessage,Avis : bonus Candy
EventResult_NextPoint,Niveau suivant
EventResult_RewardDialogTitleClearCell,Récompense pour avoir terminé le bingo
EventResult_RewardDialogTitleBingo,Récompense BINGO
EventResult_RewardDialogSheetClear,Récompense pour avoir terminé la grille
EventResult_RewardDialogAllSheetComplete,Récompense de complétion
EventResult_RewardDialogInfoClearCell,Récompense pour avoir terminé une case BINGO.
EventResult_RewardDialogInfoBingo,Récompense BINGO
EventResult_RewardDialogInfoSheetClear,Récompense pour avoir terminé la grille.
EventResult_RewardDialogInfoAllSheetComplete,Récompense pour avoir tout complété.
EventResult_BaseTicket,Nombre de tickets de Recrutement
EventResult_GetTicket,Obtenir des tickets de Recrutement
EventResult_TotalTicket,Tickets de recrutement totaux
EventResult_ClearHomweork,Nombre de défis réussis cette fois-ci
EventResult_TotalHomework,Nombre total de défis réussis
EventResult_NextHomeworkPoint,Objectifs atteints
EventResult_ReStartConfirmTitle,Rejouer
EventResult_ReStartConfirmSpiritMessage,Dépenser le Miracle Star {0} et <br> pour rejouer au Live ?
EventResult_ReStartConfirmSpiritAutoMessage,Dépenser les étoiles Miracle {0} et les tickets Auto {1} pour rejouer au Live <br> ?
EventResult_ReStartConfirmAutoMessage,Dépenser un ticket automatique {0} et relancer le Live <br> ?
EventBingoSheet_Title,Feuille de bingo ({0}/{1})
EventBingoSheet_TotalOpend,Nombre de réalisations
EventBingoSheet_TotalOpendValue,<color=#d73c55> {0} / {1} </color>
EventBingoSheet_TotalSheet,Grille
EventBingoSheet_TotalSheetValue,<color=#d73c55> {0} / {1} </color>
EventBingoSheet_TotalSheetValueCurrent,<color=#d73c55> {0} / {1} </color>
EventBingoSheet_BingoClearScore,"Score <color=#d73c55> de {0} à </color>, clair {1} fois."
EventBingoSheet_BingoClearLife,Atteignez <color=#d73c55> {0} </color> pour réussir {1} fois.
EventBingoSheet_BingoClearJudge,"Obtenez {1} succès en terminant avec moins de {0} erreurs et un score de <color=#d73c55> ou plus, dans les </color> essais."
EventBingoSheet_BingoClearCombo,"MAX combo <color=#d73c55>, {0} </color> ou plus, et réussissez {1} fois."
EventBingoSheet_BingoClearFullCombo,MAX combo {0} fois
EventBingoSheet_BingoClearMultiScoreRank,"Effectuez {1} fois le Live avec un rang de {0} ou plus, en incluant <color=#d73c55> et </color>."
EventBingoSheet_BingoClearDeckType,Équipez au moins {1} membres de l'attribut <color=#d73c55>{0}</color> et réussissez {2} fois
EventBingoSheet_BingoClearMusicName,Nom de la chanson : {0}
EventBingoSheet_BingoClearEventMusicName,Nom de la chanson : Live du classement {0}
EventBingoSheet_BingoClearMusicLevel,Niveau : {0}
EventBingoSheet_BingoClearMusicLevelValue,{0} ou plus
EventBingoSheet_BingoRewardButton,Récompense
EventBingoSheet_BingoRewardDialogTitle,Récompenses
EventBingoSheet_BingoSheetCompleteRewardNumber,{0}e carte
EventMemberBonus_TipsTitle,À propos du bonus d’événement
BirthdayScene_PlayButtonNameText,Regarder les félicitations
BirthdayScene_AreaButtonNameText,Scène d’anniversaire
EventHomework_HomeworkConfirmButton,Confirmer la tâche
EventHomework_MissionNormalText,Mission normale
EventHomework_MissionRareText,Mission rare
EventHomework_MissionSuperRareText,Super mission rare
EventHomework_LotteryDialogTitle,Tirage des missions coopératives
EventHomework_LotteryDialogRareMissionText,Exemple de mission rare
EventHomework_LotteryDialogRareMissionInfoText,"Les missions coopératives se divisent en trois niveaux de rareté : normal, rare et super rare.<br>Plus la rareté est élevée, plus les récompenses sont intéressantes."
EventHomework_LotteryDialogLotteryButtonText,Effectuer le tirage
EventHomework_MissionChangeDialogTitle,Changer la mission coopérative
EventHomework_MissionChangeDialogChangeMessage,"Voulez-vous changer la mission actuelle ? <br>※Une fois modifiée, vous ne pourrez plus modifier la mission actuelle tant que vous n’aurez pas joué une fois."
EventHomework_MissionChangeDialogUnChangeMessage,Essayons le défi du Live actuel ! <br> ※Vous pourrez changer de Live après avoir joué une fois.
EventHomework_GetMissionDialogTitle,Obtenir la mission coopérative
EventHomework_GetMissionDialogMessage,Défini comme mission coopérative actuelle.
EventHomework_MissionDetailDialogTitle,Mission coopérative
EventHomeworkBoxGacha_Title,(Dummy)
EventHomeworkBoxGacha_NowBox,(Dummy) Boîte n°{0}
EventHomeworkBoxGacha_Remaining,Il en reste {0} sur {1}
EventHomeworkBoxGacha_NextBoxButton,Kuji suivant
EventHomeworkBoxGacha_PlayBoxGacha,Lancer {0} fois
EventHomeworkBoxGacha_UsedTicket,x{0}
EventHomeworkBoxGacha_HasTicket,Tickets possédés
EventHomeworkBoxGacha_BoxInfoButton,Contenu (coffre )
EventHomeworkBoxGachaInfo_Title,Contenu de la boîte (boîte n°{0})
EventHomeworkBoxGachaInfo_Page,{0} / {1}
EventHomeworkBoxGachaResult_Title,Obtenir l’objet !
EventHomeworkBoxGachaResult_Message,Vous pouvez le recevoir en cadeau.
EventHomeworkRoomSelect_RoomTitleEvent,{0} Live
EventHomeworkRoomSelect_RoomTitleEveryone,Événement (test)
EventHomeworkRoomSelect_RankingTarget,Classement des meilleurs scores
EventHomeworkRoomSelect_RankingExcluded,Non inclus dans le classement des meilleurs scores
EventHomeworkRoomSelect_RankingExcludedInfo,Non inclus dans le classement
EventHomeworkRoomSelect_EventHighScore,Score élevé de l'événement
EventHomeworkRoomSelect_EventGroupRanking,Classement des meilleurs scores par groupe
EventHomeworkMatching_HomeworkMusicLevel,Difficulté de la chanson
EventHomeworkMatching_MusicLevel,{0} ou plus
EventHomeworkMatching_HomeworkInfo,Contenu de la tâche
EventHomeworkMatching_Reward,Récompense
EventHomeworkLiveResult_HomeworkResult,Résultat du devoir
EventHomeworkLiveResult_HomeworkResultReward,Récompense obtenue
EventHomeworkLiveResult_RewardBonus,Récompense x{0} !
EventHomeworkLiveResult_RewardBonusValue,x{0}
EventHomeworkLiveResult_MyClear,Vous l'avez réussi !
EventHomeworkLiveResult_OtherClear,Autre joueur a réussi
EventHomeworkLiveResult_NoClear,Non atteint
EventHomeworkLiveResultNewHomework_Title,Nouvelle mission disponible !
EventHomeworkLiveResult_MusicLevel,Niveau de la chanson : {0}
EventHomeworkLiveResult_Homework,Devoir : {0}
EventHomeworkLiveResult_Reward,Récompense :
EventBonus_PointUpBonus,Bonus d’augmentation de points
EventBonus_TotalPowerBonus,Bonus d’amélioration du pouvoir total
EventBonus_PickUpMemberBonus,Bonus pour les Idoles sélectionnées
EventBonus_PointUpTotal,Points bonus total
EventBonus_PowerUpTotal,Total du bonus de puissance
EventBonus_PowerUpAddValue,(Puissance totale +{0})
EventBonus_BonusPercentUp,+{0}%
EventBonus_PowerUpTotalValue,+ {0}%
EventBonus_BonusCaution,"Pendant les Live, le bonus d’augmentation de la puissance globale ne sera pas activé. <br> Plusieurs Idoles peuvent bénéficier de bonus, mais seul celui avec l’effet le plus élevé sera appliqué. <br> Si plusieurs Idoles dans une unité possèdent un bonus « Idole + », seule celle qui offre l’augmentation la plus importante en termes de puissance globale et de points d’événement pourra activer son bonus. <br> <color=#C12424> ※ </color> Pour le bonus « Idole + » sur la puissance globale, seul le bonus de l’Idole dont la multiplication entre sa puissance globale et l’effet du bonus « Idole + » donne la valeur la plus élevée sera appliqué. <br> <color=#C12424> ※ </color> Pour le bonus « Idole + » sur les points d’événement, seul le bonus de l’Idole qui offre l’augmentation la plus importante des points d’événement sera appliqué. <br> <color=#C12424> ※ </color> Les bonus de puissance globale et de points d’événement « Bonus Idole + » peuvent être activés par des Idoles différentes. <br> <color=#C12424> ※ </color> Une Idole qui possède un bonus « Idole + » mais qui n’a pas pu l’activer peut activer un autre bonus. <br> Les bonus « Bonus Idole » et « Bonus Idole + » peuvent être activés simultanément."
EventIncentive_CheckTicketTitle,Confirmer le tirage au sort
EventIncentive_CheckTicketMessage,"Voulez-vous vérifier vos <br> tickets d’événement ? <br> <br> {0}, vous avez {1} tickets."
EventIncentive_CheckTicketWarning,<color=#C12424>※Les tickets de tirage ne peuvent pas être utilisés en plusieurs fois. <br>※Veuillez noter que les tickets de tirage non utilisés pendant la période seront supprimés. </color>
EventIncentive_LostTitle,Résultat du tirage
EventIncentive_LostMessage,L’objet du prix de consolation a été ajouté à vos cadeaux.<br>Nous espérons vous revoir lors d’un prochain événement.
EventIncentive_LostGoToPresentBoxScene,Présents
EventIncentive_ApplicationTitle,Informations requises pour participer
EventIncentive_ApplicationId,ID :
EventIncentive_ApplicationPassword,Mot de passe :
EventIncentive_ApplicationUrlTitle,URL de candidature :
EventIncentive_ApplicationNote,Note : les détails suivront.
EventIncentive_IdCopy,Copié.
EventIncentive_PasswordCopy,Copié.
EventIncentive_TermTitle,Conditions d'utilisation de l’événement
EventEmotionalSetting_SelectBand,Sélectionnez le groupe pour participer au classement.
EventEmotionalSetting_ChangeBand,Choisissez le groupe à modifier.
EventEmotionalSetting_SelectMember,Sélectionnez le membre participant au classement.
EventEmotionalSetting_ChangeMember,Sélectionnez le membre à changer.
LimitedLive_Name_1101001,限定ライブ名1
LimitedLive_Name_1101002,限定ライブ名2
LimitedLive_Name_1301001,限定ライブ名3
LimitedLive_Name_1401001,限定ライブ名4
LimitedLive_Name_1501001,Nom du Live limité 5
LimitedLive_Name_1502001,限定ライブ名6
LimitedLive_Name_1601001,限定ライブ名7
LimitedLive_Name_1801001,限定ライブ名8
LimitedLive_Name_1802001,限定ライブ名9
LimitedLive_Name_1803001,限定ライブ名10
LimitedLive_Name_1804001,限定ライブ名11
LimitedLive_Name_1805001,限定ライブ名12
LimitedLive_Name_1806001,限定ライブ名13
LimitedLive_Name_1807001,限定ライブ名14
LimitedLive_Name_1808001,限定ライブ名15
LimitedLive_Name_1892001,限定ライブ名16
LimitedLive_Name_1893001,限定ライブ名17
LimitedLive_Name_1894001,限定ライブ名18
LimitedLive_Name_1895001,限定ライブ名19
LimitedLive_Name_1896001,限定ライブ名20
LimitedLive_Name_1701001,限定ライブ名21
LimitedLive_BonusEffect_1101001,Récompense de fin améliorée !
LimitedLive_Period,Période : {0} à {1}
LimitedLive_FreePlayLabel,Essai gratuit
LimitedLive_TicketLabel,Tickets possédés
LimitedLive_FreePlayCountLabel,Niveau suivant
LimitedLive_FreePlayCountValue,{0} fois
LimitedLive_TicketAmountValue,{0} tickets
LimitedLive_LiveIsChosen,Chanson choisie
LimitedLive_DetailDialog_RuleSection,◆Règles
LimitedLive_DetailDialog_RuleSection_ResetDaily,Jour : {0} fois
LimitedLive_DetailDialog_RuleSection_ResetWeekly,Semaine {0} fois
LimitedLive_DetailDialog_RuleSection_Rule_1,"C'est un Live où vous pouvez obtenir {0} avec une certaine probabilité <br> Vous pouvez jouer {1} fois <br> Vous pouvez aussi jouer en dépensant des tickets repas <br> Si c'est une chanson spéciale, les récompenses augmentent."
LimitedLive_DetailDialog_RewardSection,◆Récompense
LimitedLive_DetailDialog_BonusLiveSection,◆Morceau gagnant <br> {0}
LimitedLive_DetailDialog_PeriodSection,◆Période : <br> {0} ~ {1}
LimitedLive_UnlockDialog_NotEnouchTicketDaily,<color=#D73C55>Il manque des tickets repas </color><br>Vous pourrez jouer gratuitement à partir de 16h le lendemain.
LimitedLive_UnlockDialog_NotEnouchTicketWeekly,"<color=#D73C55>Vous n’avez pas assez de tickets </color> <br>Le jeu libre sera possible à partir de lundi, 4h du matin."
LiveCondition_Label,Conditions de participation au Live
LiveCondition_CompareType_EQ,égal à
LiveCondition_CompareType_GE,Fin
LiveCondition_CompareType_LE,Inférieur à
LiveCondition_Detail_Character,"(temporaire) {0}, {1} personnes, {2} en formation"
LiveCondition_Detail_Group,"(temporaire) {0}, {1} personnes, {2} en formation"
LiveCondition_Detail_CardType,"(temporaire) {0}, {1} personnes, {2} en formation"
LiveCondition_Detail_DeckRole,"(temporaire) {0}, {1} personnes, {2} en formation"
LiveCondition_Detail_Card,(仮)Former {0}
LiveCondition_Detail_UserRank,Rang utilisateur {0} : {1}
LiveCondition_Detail_Title,"Définir le titre ""{0}"""
LiveCondition_Detail_Item,Utiliser l’objet « {0} ».
LiveCondition_CannotCreateMultiPlayRoomSinceNotSatisfy,Impossible de créer la salle car les conditions ne sont pas remplies.
LiveRule_Label,Règles du Live
LiveRule_Notes_Judgement_EQ,(仮) autre que {0} : MISS
LiveRule_Notes_Judgement_GE,(temporaire) moins de {0} erreurs
BeginnerMission_BingoTitle,Mission Débutant ({0} / {1})
BeginnerMission_BingoSheetClear,Récompense BINGO {0}
BeginnerMission_BingoLineClear,Récompense pour avoir terminé une ligne
BeginnerMission_BingoNotStarted,Des feuilles sont encore à compléter.
BeginnerMission_BingoMissionDetailTitle,Détails de la mission
BeginnerMission_BingoMissionReward,Récompense de complétion
BeginnerMission_BingoMissionChallenge,Relever le défi
BeginnerMission_BingoMissionAcheved,Progression
BeginnerMission_BingoMissionOverview,Vue d’ensemble de la mission
BeginnerMission_BingoMissionItemOverview,Résumé
BeginnerMission_BingoMissionRewardItemNum,x{0}
TeacherLiveTop_NowMission,Mission actuelle
TeacherLiveTop_EndEvent,Cet événement est terminé.
TeacherLiveTop_ExchangeButton,Échange
TeacherLiveTop_LiveButton,Lancer le Live
TeacherLiveTop_InfoButton,Info
TeacherLiveTop_LiveCondition,Conditions de Live
TeacherLiveTop_LiveRule,Règles du Live
TeacherLiveTop_RemainingMission,Missions restantes : <color=#D73C55> {0} </color> / {1}
TeacherLiveTop_RemainingMissionValue,{0} / {1}
TeacherLiveTop_GoGoTime,(Dummy)
TeacherLiveTop_GoGoTimeRemainingCount,{0} fois
TeacherLiveTop_ExchangeTerm,La boutique est ouverte jusqu’au {0}.
TeacherLiveTop_LiveConditionDialogTitle,Conditions du Live
TeacherLiveTop_LiveConditionDialogCondition,Conditions de participation au Live
TeacherLiveTop_LiveConditionDialogRule,Règles du Live
TeacherLiveLiveResult_GoGoTime,Texte factice
TeacherLiveLiveResult_MissionClearTitle,Mission accomplie !
TeacherLiveLiveResult_CurrentMission,Mission actuelle
TeacherLiveLiveResult_NextMission,Mission suivante
TeacherLiveLiveResult_RemainingMission,Missions restantes : {0}/{1}
CharacterEpisodeLevel_TotalTabName,Total
CharacterEpisodeLevel_TotalEpisodeStar,(Total des étoiles d’histoire : ★ x {0})
CharacterEpisodeLevel_RemainingExp,★{0}
ItemList_Tab_Enhancement,Améliorations
ItemList_Tab_Boost,Restauration LP
ItemList_Tab_Ticket,Ticket
ItemList_Tab_Stamp,Stamps
ItemList_Tab_Other,Autres
ItemList_Empty,Vous ne possédez aucun de ces objets pour le moment.
ItemList_LimitDate,Il en reste {0}
MusicVideo_Conform_title,Lecture du MV confirmée
MusicVideo_Conform_Message,"Voulez-vous lire le clip vidéo de {0}<br> ? Dans le mode MV, vous ne pouvez pas obtenir de récompenses de Live. <br>"
MusicVideo_Conform_Supplement,Ne plus afficher cette fenêtre.
MusicShop_Title,Boutique musicale
MusicShop_Exchange,Échanger
MusicShop_Replaced,Déjà échangé
MusicShop_Lack,Ressources insuffisantes
MusicShop_ExchangeListEmpty,Aucune chanson disponible pour l’échange.
MusicShop_DetailTitle,Détails du morceau
MusicShop_ExchangeTitle,Échanger une chanson
MusicShop_RequiredValue,Nombre requis
MusicShop_ExchangeMessage,Voulez-vous échanger {0} ?
MusicShop_ExchangeResultTitle,Échange de musique terminé
Announcement_DialogTitle,Annonce
RankUp_UserRankUpDialogTitle,Rang supérieur !
RankUp_BandRankUpDialogTitle,Groupe : Rang supérieur !
RankUp_BandRank,Rang du groupe
RankUp_TotalBandRank,Rang du groupe total
RankUp_DeckPower,Puissance du deck +
RankUp_LpRecoverText,LP a été restauré de {0}.
RankUp_LpMaxUpText,La limite de LP a augmenté.
Shop_ResetDaily,(tous les jours à minuit)
Shop_ResetWeekly,"(Lundi 0h, mise à jour)"
Shop_Monthly,(quotidiennement à 0h)
Shop_BuyRemain,Il en reste : {0}
Shop_BuyLimit,Il en reste {0}
Shop_AllBuy,Déjà acheté
Shop_ItemDetaiTitle,Détails de l’article
Shop_AllItemDetaiTitle,Récompense de complétion
Shop_AllItemCompleteTitle,Récompense obtenue
MovieCollection_TabMovieTypeShort,ミニムービー
MovieCollection_TabMovieTypeLong,Longue vidéo
MovieCollection_TabMovieTypeSpPhoto,SPフォト
MovieCollection_HomeSettings,Paramètres de l’accueil
MovieCollection_EmptyMovie,Aucune vidéo.
MovieCollection_EmptySpPhoto,Pas de photos SP.
MovieCollection_DetailTitle,Détails de la vidéo
MovieCollection_DetailHomeSettings,Définir comme arrière-plan d’accueil
MovieCollection_DetailHomeSettingsMessage,Vous devez activer la lecture des vidéos en arrière-plan dans les options.
MovieCollection_RefineBandTitle,Groupe
MovieCollection_RefineBandOther,AUTRE
MovieCollection_RefineMemberTitle,Membre
MovieCollection_RefineGetCategoryTitle,カテゴリで絞り込む
MovieCollection_RefineGetCategoryEvent,Événement
MovieCollection_RefineGetCategoryCard,Idole
MovieCollection_RefineGetCategoryStory,Histoire
MovieCollection_RefineGetCategoryEtc,Autres
LiveResult_FriendApplyButton,Envoyer une demande d’ami
LiveResult_FriendStatusRequest,Demande d’ami envoyée
LiveResult_FriendStatusFriend,Ami ajouté
LiveResult_ScoreDetailButton,Détails du score
LiveResult_ScoreDetailTitle,Détails du score
LiveResult_SessionSelectButton,Live sélection
LiveResult_HomeButton,Accueil
LiveResult_MusicSelectButton,Sélection de musique
LiveResult_RestartButton,Rejouer avec la même chanson<br>Commencer le Live
LiveResult_GuestSelectButton,Commencer le Live avec cette chanson<br>
LiveResult_RecommendLiveTitle,Nous vous recommandons
LiveResult_BackMusicSelectTitle,Jouer une autre chanson
LiveResult_BackMusicSelectButton,Retour au choix de la musique
LiveResult_RestartDialogTitle,Confirmer le redémarrage
LiveResult_RestartDialog_EventPtRewardGotAll,Vous avez déjà obtenu toutes les <br>récompenses pour l’événement.
LiveResult_RestartDialog_EventPtRewardTitle,Récompense d’événement
LiveResult_RestartDialog_EventScoreRank,Classement du score de l’événement
LiveResult_RestartDialog_EventTotalPtRank,Classement total des points d’événement
LiveResult_LiveClear,LIVE CLAIRÉ !!
LiveResult_LiveClear2,LIVE CLEAR!!
LiveResult_TapScreen,Touchez l’écran.
LiveResult_Score,SCORE
LiveResult_Combo,COMBO
LiveResult_HighScore,MEILLEUR SCORE
LiveResult_NewReacord,NOUVEAU RECORD !!
LiveResult_PerfectCount,PERFECTS
LiveResult_Perfect,PARFAIT
LiveResult_Great,EXCELLENT
LiveResult_Good,BIEN
LiveResult_Bad,MAUVAIS
LiveResult_Miss,MANQUÉ
LiveResult_Normal,Normal
LiveResult_SyncTap,Simultané
LiveResult_LongTap,Maintenir appuyé
LiveResult_Swing,Swing
LiveResult_GetExp,Obtenir EXP
LiveResult_NextRank,Rang suivant
LiveResult_GetGold,Obtenir G
LiveResult_GetFriendPoint,Obtenir Affection
LiveResult_GetFriendPointWindow,Affection détaillée
LiveResult_TotalScore,SCORE total
GuestSelect_Title,Sélection invitée
BandEnrich_ItemEmpty,Vous ne possédez aucun objet d’amélioration de groupe.
BandEnrich_All,Total
BandEnrich_X,μ’s
BandEnrich_L,Aqours
BandEnrich_G,虹ヶ咲
GemShort_NeedChargeGemLabel,ラブカ必要
GemShort_HaveChargeGemLabel,Possédé Loveca
GemShort_NeedGemLabel,ラブカ必要
GemShort_HaveGemLabel,Loveca possédé
CollectionChara_Profile,Profilo
CollectionChara_CardList,Liste des cartes
StorySort_TitleBand,Groupe
StorySort_TitleStory,Histoire
StorySort_StoryRead,Lu
StorySort_StoryUnread,Non lu
StoryList_EmptyText,Aucune histoire disponible.
MemberList_EmptyText,Aucune Idole correspondante n’a été trouvée.
CollectionReleaseConfirm_DialogTitle,Confirmer la libération de la collection
CollectionReleaseConfirm_Conditions,Conditions de libération : nombre d’Éveils requis : {0}/{1}
CollectionReleaseConfirm_Reward,Récompense de la libération
CollectionReleaseReward_DialogTitle,Libération de la collection
CollectionReleaseReward_SpPhotoReleaseMessage,La photo SP a été débloquée.<br>Vous pouvez la consulter dans les détails de l’Idole ou dans la collection de photos SP.
CollectionReleaseReward_MovieReleaseMessage,La vidéo « {0} » a été débloquée. Vous pouvez la visionner dans les détails de l’Idole ou dans la collection de vidéos. <br>
CollectionReleaseReward_GetReward,Vous avez reçu {0} en récompense pour le déblocage.
CollectionReleaseReward_CardInfoButton,Détails de l’Idole
CollectionReleaseReward_CollectionButton,Voir les détails de la collection
GachaLotteryExchangeItemConfirm_Title,Conversion des points de recrutement
GachaLotteryExchangeItemConfirm_Info,Vos « points de recrutement » expirés ont été convertis en « manuel de compétences (M) ».
Migration_TopTitle,Transfert de données / Liaison du compte
Migration_SnsLink,Lier le compte
Migration_EnableSnsLink,Compte(s) compatible(s)
Migration_SelectSnsLink,Choisissez le compte à lier.
Migration_Twitter,Lier avec Twitter
Migration_Apple,Sign in with Apple
Migration_Google,Sign in with Google
Migration_SignIn,Non défini
Migration_SignOut,Connecté
Migration_CompleteSnsLink,Lien de compte établi
Migration_CompleteSnsSignOut,Désactiver le lien du compte
Migration_SnsLinkMessage,"La synchronisation des données est terminée. <br> Après avoir téléchargé l’application sur l’appareil cible, veuillez effectuer la liaison du compte via le menu principal : [MENU] > [Transfert de données]. <br>"
Migration_SignOutMessage,La liaison des données a été supprimée.
Migration_TakeOverButton,Transférer les données
RewardDetailDialog_CanBeAcquired,Nombre à obtenir
RewardDetailDialog_Acquired,Nombre à obtenir
RewardDetailDialog_Possession,Possédé :
MusicSelect_NoData,Aucune chanson correspondante n’a été trouvée.
MusicSelect_NoDataAndResetFilter,"Aucune chanson trouvée, les filtres ont été désactivés."
MusicSelect_ResetFilterToSelectData,Filtres réinitialisés pour sélectionner la chanson.
MusicSelect_FilterAttribute,Attribut
MusicSelect_FilterAttributeSmile,Smile
MusicSelect_FilterAttributePure,Pure
MusicSelect_FilterAttributeCool,Cool
MusicSelect_FilterSelect,Conditions
MusicSelect_FilterGroup,Groupe · Musique
MusicSelect_FilterNotClear,Non terminé
MusicSelect_FilterScoreS,Score S non obtenu
MusicSelect_FilterComboS,Combo S non obtenu
MusicSelect_FilterClearS,Clair S non atteint
MusicSelect_FilterCampaign1,Campagne
MusicSelect_FilterCampaign2,Campagne
MusicSelect_FilterUndo,Tout désélectionner
MusicSelect_ButtonApply,Appliquer
MusicSelect_RehearsalButton,Répétition
MusicSelect_LiveButton,Live
MusicSelect_NoDifficulty,"La chanson sélectionnée n’a pas de niveau MASTER, veuillez en choisir une autre."
MusicSelect_NoAnyDifficulty,"La chanson sélectionnée n’a pas de difficulté {0}, veuillez en choisir une autre."
HomePreset_ClearPresetButton,Réinitialiser la configuration personnalisée de l’écran d’accueil {0} ?
PresentBox_Attention,"Vous pouvez enregistrer jusqu’à 100 000 cadeaux. Si vous dépassez cette limite, les plus anciens seront supprimés. Les cadeaux dont la date d’expiration est passée seront également supprimés automatiquement. Vous pouvez recevoir un maximum de 100 cadeaux à la fois."
PresentBox_Filter,Filtrer
PresentBox_Filter_Title,Filtrer
PresentBox_Filter_Button_AllSelect,Tout sélectionner
PresentBox_Filter_Button_AllRelease,Tout désélectionner
PresentBox_Filter_Type_Title,Type de cadeau
PresentBox_Filter_Type_Member,Idole
PresentBox_Filter_Type_Gem,Loveca
PresentBox_Filter_Type_Gold,Or
PresentBox_Filter_Type_Ticket,Ticket d’invitation
PresentBox_Filter_Type_Recovery,Objets de récupération LP
PresentBox_Filter_Type_Other,Autres
PresentBox_Filter_ExpireTime_Title,Délai
PresentBox_Filter_ExpireTime_Limit,限定あり
PresentBox_Filter_ExpireTime_NoLimit,Sans limite
HomePreset_Set_Label,Ensemble {0}
HomePreset_Multiple_Set_Label,Ensembles
PresentBox_History_Attention,Vous pouvez enregistrer jusqu’à 30 éléments. Les plus anciens seront supprimés si la limite est dépassée. L’historique des cadeaux reçus sera automatiquement supprimé après 30 jours.
BeginnerMission_BingoLine,Ligne {0}
Mission_Filter,Filtrer
Mission_Filter_Title,Filtrer
Mission_Filter_Button_AllSelect,Tout sélectionner
Mission_Filter_Button_AllRelease,Tout désélectionner
Mission_Filter_Content_Title_Reward,Récompense
Mission_Filter_Reward_Member,Idole
Mission_Filter_Reward_Gem,Loveca
Mission_Filter_Reward_Gold,Or
Mission_Filter_Reward_Ticket,Ticket d’invitation
Mission_Filter_Reward_Recovery,Objets de récupération LP
Mission_Filter_Reward_Exp,Objet de leçon
Mission_Filter_Reward_SkillExp,Objets de compétence
Mission_Filter_Reward_Evolve,Éveil
Mission_Filter_Reward_Title,Titre
Mission_Filter_Reward_Other,Autres
Mission_Achievement,Progression
HomePreset_Edit_Dialog_Text,Enregistrer les modifications de l’écran d’accueil ?
GachaTop_Invitation_Bonus_Detail,Détails des points de recrutement
GachaTop_Invitation_Bonus,<size=29>Recrutement <br> <size=23> Points
Adv_Log_NameSuffix_Telop,[Défilement]
EventTop_Button_Tips_Rule,Comment jouer
EventTop_Button_Tips_Bonus,Bonus détaillé
EventTop_Button_Reward,Détails des récompenses
EventTop_Button_Story,Événement<br>Histoire
EventTop_Button_Ranking,Voir le classement
EventTop_Button_Exchange,Échange
EventTop_Button_Favorite,お気に入り
EventTop_Button_ToEvent,Chansons de l’événement
EventTop_Button_ToGeneral,Morceaux normaux
EventTop_Favorite_Ranking,Membre préféré
EventTop_Point_Total,Total des points d’événement
EventTop_Point_Next_Story,Prochaine histoire
EventTop_Term_Title,Période : <size=20> du </size> au {0} <size=20>. </size>
EventTop_Point,{0} points
EventTop_Rank,Rang {0}
Tutorial_Group_Muse,"・Tokyo, Akihabaraを中心に活動する国立音ノ木坂学院のスクールアイドルグループ。<br>・グループ名の由来は「9人の歌の女神『ミューズ』」から。<br>・ラブライブ！優勝を目指し活動中。"
Tutorial_Group_Aqours,"・Le groupe d’idoles scolaires du lycée privé Ura no Hoshi Jogaku, basé à Numazu dans la préfecture de Shizuoka. <br>・Il a été formé pour dynamiser l’école. <br>・Il participe activement en vue de remporter le Love Live!"
Tutorial_Group_Nijigaku,"・À Tokyo, dans le quartier d'Odaiba, se trouve le groupe d'idoles scolaires de l'école privée Nijigasaki Gakuen. <br>・Chaque membre valorise sa propre individualité et est actif en tant qu'idole scolaire solo. <br>・Au lieu de participer à Love Live!, elles visent toutes à devenir la meilleure idole scolaire."
Tutorial_Group_Liella,"・Tokyo, Harajuku est le centre de leurs activités en tant que groupe d'idoles scolaires du lycée privé Yugigaoka.<br>・Yugigaoka est une école nouvellement créée et le club a été fondé la même année.<br>・C'est l'un des groupes à ne pas manquer lors de Love Live!"
Tutorial_Group_SelectButton,Ce groupe est confirmé.
Tutorial_Member_SelectButton,Décider avec ce membre
Tutorial_Recommend_Lesson,Faites monter les Idoles de niveau en cours !
Tutorial_Recommend_Gacha,Obtenez des objets d’entraînement grâce au recrutement !
Tutorial_Recommend_Live,Essayons un Live !
EventRanking_Tab_MySelf,Mon rang
EventRanking_Tab_Rank,Rang {0}
EventRanking_Tab_TotalPoint,Rang des points de l'événement
EventRanking_Tab_Score,Classement des scores des chansons de l’événement
EventRanking_Tab_Favorite,Favoris
EventBonus_Tab_Point,Bonus d'événement
EventBonus_Tab_Item,Bonus d’obtention de Miracle Star
EventBonus_MultiTab_Score,Bonus de score
EventBonus_MultiTab_Item,Bonus d’objets en se connectant
EventBonus_Button_Disclaimer,Conditions d’utilisation
EventBonus_Point_Value,+{0}%
EventBonus_Item_Value,+{0}
EventBonus_Empty_List,Aucun bonus disponible.
EventTop_Button_ToGeneral_Msg,Obtenez Miracle Star !
EventTop_Button_Favorite_Ranking,Favoris
EventTop_Button_Mission,Mission
EventTop_Point_Next_Reward,Prochaine récompense
EventTop_Point_Ranking,Rang des points de l'événement
EventBonus_Title,Bonus détaillé
EventRanking_Ranking_Not_Exists,Le classement n’est pas disponible.
GemShop_Footer_Special_Commercial_Code,Loi commerciale spéciale /<br>Loi sur les paiements
GemShop_Footer_Precautions_Regarding_Use,Utilisation :<br>notes importantes
EventRanking_Unaggregated,Les données du classement sont toujours en cours d’agrégation.<br>
EventReward_EmotionalMemberUnselected,Impossible d’afficher car aucun membre favori n’a été sélectionné.
EventReward_RequiredPoint,PT requis
LpBoost_LP_Count,Nombre de LP possédés
LpBoost_LP_Default_Amount,Dépense de LP de base
LpBoost_LP_Discount,Réduction LP !
LpBoost_Min,MINIMUM
LpBoost_EventPt,Points événement
LpBoost_Get,Obtenir
LpBoost_GetReward,Récompense obtenue
LpBoost_UseLpMessage,La quantité de LP dépensée affecte les récompenses obtenues.
LpBoost_UseLpSetting,Dépenser LP
LpBoost_Count,Possédé :
LpBoost_UseCount,Dépenser
LpBoost_Default,De base
LpBoost_GetRewardMessage,"En fonction, le montant de la récompense obtenue varie."
LpBoost_Use,Dépenser
LpBoost_UseLp,Dépenser LP
LpBoost_Setting,Définir
LpBoost_UseLPMessageShort,Le montant de récompense obtenu varie en fonction de la quantité de LP dépensée.
Skip_Message,Vous obtiendrez toutes les récompenses de la séquence de sauts.<br>Le score le plus élevé sera utilisé comme score du Live.
Skip_Ticket_Count,Nombre de tickets de saut possédés
Skip_Ticket_UseCount,Définissez le nombre de sauts.
Skip_Confirm,Confirmer le saut
Skip_Lock_Message,Débloquez la fonction de saut en terminant le niveau sélectionné.
Skip_Not_Enough_Ticket,Vous n’avez pas assez de tickets pour sauter.
LoginBouns_RewardAmountBonus,(+{0})
EventTop_Button_ToGeneral_2,Lancer le Live
EventTop_Button_ToGeneral_2_Msg,Obtenez des points d’événement !
EventTipsDialog_Tips_Title,Comment jouer à l’événement
EventTop_Aggregate,Classement en cours de calcul
EventTop_EventClose,L’événement est terminé.
BeginnerMission_Bingo,BINGO
TakeOver_DialogTitle,Lier les données de jeu
TakeOver_DialogUserId,ID utilisateur de Love Live! School Idol Festival.
TakeOver_DialogPassword,Mot de passe pour la synchronisation des données
TakeOver_DialogPasswordSample,Entrer
TakeOver_DialogAccept,Lier les données de jeu
TakeOver_DialogDescription,"En saisissant votre ID utilisateur et votre mot de passe de liaison de données Love Live! School Idol Festival, vous pourrez consulter les albums de Love Live! School Idol Festival.<br>"
TakeOver_DialogAttension,"*Si vous n’avez pas effectué les réglages de liaison des données de jeu dans Love Live! School Idol Festival, vous ne pourrez pas y accéder.<br>*La liaison des données de jeu et la réception des bonus liés aux données de jeu ne peuvent être effectuées qu’une seule fois."
TakeOver_DialogUserError,Entrez votre identifiant Love Live! School Idol Festival.
TakeOver_DialogPasswaordError,Entrez le mot de passe de synchronisation des données.
TakeOver_DialogDone,Le partage des données de jeu est terminé et vous pouvez maintenant consulter l’« album de souvenirs ».<br>Veuillez récupérer les bonus du partage des données de jeu dans les cadeaux.
BeginnerMission_BingoPlayableBalloonTips,BINGO{0}: Terminez pour débloquer le défi.
Mission_ChallengeButton_Chat,Chat
Mission_ChallengeButton_Home,Accueil
Common_Remain,Niveau suivant
Mission_Attention_Daily,Les défis quotidiens sont mis à jour tous les jours à 0h00.
Mission_Attention_ExpireTime,La période de validité se termine le {0}.
Mission_Attention_Subscription,Vos progrès MIRACLE Pass sont comptabilisés à partir de votre abonnement.
Mission_HeaderTabTotal,Événements cumulés
Mission_HeaderTabDaily,Quotidien
HomePreset_DropDownItem_Obtain,Par ordre d’acquisition
HomePreset_DropDownItem_Rare,Rareté
HomePreset_DropDownItem_Anime,Avec animation
HomePreset_DropDownItem_Favorite,Favori
Event_CategoryName_1,Collection miracle
Event_CategoryName_2,Free Tour
Event_CategoryName_3,Live coopératif
Event_CategoryName_4,Événement spécial
Event_Favorite_Button_Home,Retour au menu principal
Event_Favorite_Button_Decide,Confirmer
Event_Favorite_Title,Choisissez votre Membre préféré !
Event_Favorite_Tips,Qu'est-ce qu'un membre préféré ?
Event_Favorite_Confirm_Title,Confirmer
Event_Favorite_Confirm_Desc,Confirmez-vous que {0} est votre Membre préféré parmi les <br> ? <br> <br> <color=#C70F01> Veuillez noter : vous ne pourrez plus modifier ce choix avant la fin de l’événement. </color>
EventBonus_PointBonus_Desc,Le bonus de points d’événement est activé en formant une équipe avec les membres sélectionnés !<br>Les points d’événement que vous obtiendrez après avoir terminé un Live augmenteront !
EventBonus_PointBonus_Attention,※Le bonus de points d’événement est appliqué en fonction de la somme des valeurs de tous les membres sélectionnés dans votre Formation.
EventBonus_ItemBonus_Desc,"Si des Idoles sélectionnées sont dans la liste des membres, le nombre de Miracles Stars que vous pouvez obtenir avec les bonus de connexion augmentera !"
EventBonus_ItemBonus_Attention,※Le bonus d’obtention de Miracle Stars est appliqué à la somme des valeurs de tous les Membres sélectionnés présents dans la liste des Idoles.<br>※Le bonus d’obtention de Miracle Stars est uniquement appliqué aux jours où des Miracle Stars sont offerts en récompense de connexion.
EventBonus_ScoreBonus_Desc,Le bonus de score est activé en formant une équipe avec les Membres sélectionnés !<br>Augmente le score obtenu après avoir terminé un Live !
EventBonus_ScoreBonus_Attention,※Le bonus de score est appliqué en fonction de la somme des valeurs de tous les Membres sélectionnés dans votre Formation.
EventBonus_ItemBonusMulti_Desc,Le nombre d’articles que vous pouvez obtenir grâce aux bonus de connexion augmente si vous avez des Membres sélectionnés dans la liste des Idoles !
EventBonus_ItemBonusBonusMulti_Attention,*Le bonus d’obtention d’objets de connexion s’applique à la somme des valeurs de tous les Membres sélectionnés présents dans votre liste d’Idoles.<br>*Le bonus d’obtention d’objets de connexion ne s’applique pas aux récompenses en or.
EventBonus_BeforeEvolve,Avant l’Éveil
EventBonus_AfterEvolve,Éveil après
EventBonus_HaveCard,Obtenu
MusicSelect_CanNotFocusMusic,Aucun morceau trouvé avec les critères de recherche actuels.
Common_ContinueSpiritShortageShortMessage,Miracle Stars insuffisants
EventReward_Category_EventPoint,Total des points d’événement
EventReward_Category_EventScore,Score
EventRanking_Category_EventPoint,Total des points d’événement
EventRanking_Category_EventScore,Score
Common_Consumption,Dépenser
Common_Setting,Définir
PresentBox_ReceivableItemCount,{0}/<size=-10> {1} éléments </size>
HomePreset_Edit_EmptyPresetText,La personnalisation de l’écran d’accueil n’est pas définie.
Header_Lp_TextTag,{0} / <size=25> {1}
Adv_Button_Skip,Ignorer
Adv_Button_Auto,Auto
Adv_Button_Fast,Avancer
Adv_Button_Log,Journal
Adv_Button_Deactive,Masquer
Adv_Button_MovieSkip,Ignorer
Adv_Button_MoviePlay,Lire
Adv_Button_MovieStop,Pause
Adv_Button_MoviePrevStep,Retour
Adv_Button_MovieNextStep,Suivant
Adv_Button_MovieDeactive,Masquer
Header_Lp_Text,L<size=21>P
StoryPart_NotLiveClearGroupMusicCount,Débloquez en jouant {1} fois de plus les musiques de {0} en Live
StoryPart_NotLiveClearMusicCount,Il faut encore terminer {0} {1} fois pour le débloquer.
Common_SeriesName_1,Love Live!
Common_SeriesName_2,Love Live! Sunshine!!
Common_SeriesName_3,ラブライブ！虹ヶ咲学園スクールアイドル同好会
Common_SeriesName_4,ラブライブ！スーパースター!!
Common_SeriesName_5,ラブライブ！蓮ノ空女学院スクールアイドルクラブ
StoryPart_NotRelease_EventStory,Les points nécessaires à l’événement sont insuffisants.
Common_NoCapture,La capture d’écran est interdite.
Common_EventCloseMessage,L’événement n’est pas en cours.
LiveResult_BonusText,Bonus de {0} : <size=-3>% (niveau </size>)
HomePreset_Title_HomeCustomEdit,Écran d’accueil personnalisé
HomePreset_Title_Preview,Prévisualisation
HomePreset_Title_BackgroundSelection,Sélection de l’arrière-plan
HomePreset_Title_ForegroundSelection,Sélection du premier plan
HomePreset_Title_MemberChange,Changement d’Idole
HomePreset_HomeCustom,Personnalisation de l’accueil
HomePreset_Save_HomeCustom,Home custom sauvegardé.
HomePreset_PhotoWarning,Les paramètres de la photo ne permettent pas d’appliquer d’arrière-plan ou d’effets.
TermsOfService_Credit,Crédits
TermsOfService_Button_InformationNotation,Informations
TermsOfService_Button_Performance,Réalisations
TermsOfService_Button_StoneConfirmation,Possédé Loveca — Confirmer
SubMenu_Button_Profile,Profilo
SubMenu_Button_Friend,Amis
SubMenu_Button_ItemList,Liste objets
SubMenu_Button_Exchange,Échange
SubMenu_Button_Album,Album
SubMenu_Button_OnePanelComic,BD comique
SubMenu_Button_MemoryAlbum,アルバム
SubMenu_Button_DataTransfer,Transfert de données
SubMenu_Button_SerialCode,Code promo
SubMenu_Button_LocationCampaign,Sorties<br>Cadeaux
SubMenu_Button_MusicLibrary,Bibliothèque musicale
GemShopItem_SubscriptionButton_Restore,Restaurer
LiveResult_GetFriendPointSameMemberFormation,La même formation de membres est utilisée.
EventTop_RewardGotAll,Vous avez déjà obtenu toutes les <br>récompenses pour l’événement.
EventTop_StoryAllReleased,Tous les chapitres débloqués.
HomePreset_Cant_Clear_Last1,Impossible de valider avec un seul preset.
EventTop_NotSetFavorite,Idole préférée : non définie
StoryPart_NotRelease_ReadPrevious,Vous n’avez pas lu l’histoire précédente.
SerialCode_InputDialogTitle,Code promo
SerialCode_InputDialogText,Entrez le code.
SerialCode_InputEmptyText,Code promo
SerialCode_InputDialogAttentionText,Les objets obtenus seront envoyés dans les cadeaux.<br>Chaque code de série ne peut être utilisé qu’une seule fois par compte pour obtenir la récompense.
SerialCode_ConfirmDialogTitle,Confirmer
SerialCode_ConfirmDialogText,Voulez-vous recevoir les bonus de [{0}] ?
SerialCode_SuccessMessage,Veuillez récupérer l’objet bonus dans les cadeaux.
SerialCode_ErrorMessageAlreadyUsed,Ce code est déjà utilisé.
SerialCode_ErrorMessageNotUse,Le code de série entré n’est pas valide.
SerialCode_ErrorMessageNotAvailable,Vous avez déjà reçu le nombre maximum de récompenses pour cette campagne.
SerialCode_ErrorMessageNotEnter,L’entrée n’est pas disponible pour le moment. Vous pourrez réessayer dans {0}.
SerialCode_InputButtonText,Saisir le code<br>série
SerialCode_ConfirmButtonText,Code série<br>Confirmer
SerialCode_DisplayButtonText,Afficher le code<br>série
SerialCode_CopyMessage,Le code a été copié.
SerialCode_NoCampaign,Aucune campagne en cours.
SerialCode_DisplayDialogTitle,Afficher le code
SerialCode_DisplayDialogAttentionText,Chaque code ne peut être utilisé qu’une seule fois par compte.
SerialCode_DisplayDialogText,Voici le code série pour {0}.
SerialCode_FailedToCreateSerialCode,Échec de la récupération du code série. Veuillez réessayer plus tard.
SerialCode_NoAllocatableCode,Échec de l’attribution du code série. Veuillez contacter le service client.
Common_EventPointDetail,{0} de {1}
EventTop_Multi_RoomIdCopy,ID de la salle copié.
SerialCode_ErrorMessageExpired,Le code série que vous avez entré est expiré.
SerialCode_ErrorMessageRankOutOfRange,"Le code série entré ne répond pas aux exigences de rang minimal du joueur, il ne peut donc pas être utilisé.<br>"
LocationInformation_Message,Visitez l’endroit indiqué avant la date limite et obtenez votre récompense !
LocationInformation_Success,La récupération des informations de localisation a réussi ! Veuillez récupérer votre récompense dans les cadeaux.
LocationInformation_ConfirmDialogTitle,Confirmer la campagne
LocationInformation_ConfirmDialogMessage,"Envoyer les informations de localisation et recevoir la récompense ? Êtes-vous sûr(e) ?<br>※Pour votre sécurité, veuillez éviter d’envoyer des données pendant vos déplacements."
LocationInformation_ConfirmDialogGetReward,Récompense obtenue
LocationInformation_ConfirmDialogGetLocation,Obtenir la position
LocationInformation_NoCampaign,Aucun événement de récompense de localisation en cours.
Common_OnlySecond,sec.
MultiMatching_CannotMatching,Impossible de trouver une correspondance. Retour à l’écran principal de l’événement.
MultiMatching_Synchronization,Synchronisation avec les autres joueurs.
MultiMatching_MemberDecited,Les membres ont été choisis.
MultiMatching_LeaveByTimeLimit,Quitter après le temps imparti.
DeckEdit_Score,Score
MultiMatching_RecruitMembers,Ré-inviter des membres
MultiMatching_WaitMembersOnResult,En attente des membres pendant l’affichage des résultats du Live.
MultiDeck_DefaultDeckName,Live coopératif
MultiMatching_WaitingAnotherMembers,En attente d’autres joueurs.
MultiMatching_LiveWillStartSoon,Le Live va bientôt commencer.
MultiMatching_SongRequestLabel,Morceau choisi
MultiMatching_DecideSongRequest,Choisir ce morceau
MultiMatching_NoSongCandidate,Ce morceau ne peut pas être choisi.
MultiMatching_SongPickSecondsSuffix,sec.
MultiMatching_SongPickChosenLabel,Choisi
MultiMatching_SongPickWaiting,En attente d’autres joueurs...
MultiMatching_SongPickClosed,La sélection des morceaux est terminée.
MultiRestart_LeaveButton,Quitter
MultiResult_HighScoreNotUpdated,"Dans un Live coopératif,<br>le HIGH SCORE ne sera pas mis à jour."
SSAlignment_SubMenuButtonText,Lier Skusta
SSAlignment_SubMenuButtonTextAlreadyCompleted,Connecté
SSAlignment_DialogTitle,Lier Skusta
SSAlignment_DialogTextPlayerId,ID joueur Skusta
SSAlignment_DialogTextPassword,Mot de passe de liaison
SSAlignment_DialogTextInfo,Entrez l’identifiant joueur et le mot de passe que vous avez obtenus sur Skusta pour recevoir des bonus.<br>
SSAlignment_DialogTextAttension,Cette fonctionnalité n’est pas disponible si vous n’avez pas configuré la connexion avec Skustar dans School Idol Festival Allstar.
SSAlignment_MessageSuccess,La liaison avec Skusta est terminée.<br>Veuillez récupérer vos récompenses dans la boîte aux lettres.
SSAlignment_ErrorMessageLock,L’entrée n’est pas disponible pour le moment. Vous pourrez réessayer dans {0}.
SSAlignment_ErrorMessageInput,Vérifiez que l’ID joueur et le mot de passe de connexion sont corrects.
Dialog_TitleConfirm,Confirmer
Event_EndMessage,L’événement est terminé.
Common_Search,Rechercher
Common_SearchPlaceholder,Entrez du texte.
MusicLibrary_SearchPlaceholder,"Recherchez par titre, compositeur, parolier ou arrangeur."
MusicLibrary_SearchWordsEmpty,Entrez un mot-clé de recherche.
MusicLibrary_Live,Live avec cette chanson !
MusicLibrary_SortDefault,Par défaut
MusicLibrary_SortMusicName,Nom de la chanson
MusicLibrary_SortReleaseTime,Date de sortie
MusicLibrary_MusicCount,"{0} sur <size=-5>, {1} au total, </size> jouées."
MusicLibrary_MusicEmpty,Aucune chanson correspondante n’a été trouvée.
MusicLibrary_Button_MusicDetail,Détails du morceau
MusicLibrary_Button_Live,Live
Multi_CannotSendStamp,Les tampons ne sont pas disponibles pour le moment.
MusicLibrary_ReleaseDate,Date de sortie : {0}
Common_Refresh,Mise à jour
SortDialog_SortRecommendedGuest,Invités recommandés
MusicSelect_ChangeDifficulty,"Aucun {0} trouvé, sélection de {1}."
Practice_CantUseItem,Aucun objet utilisable en mode automatique.
MusicSelect_NotFullCombo,Non-FC
RankUpDialog_LpMax,La LP maximale a atteint sa limite.
StarEvent_TabGroupStarLevelRanking,Classement des niveaux étoile
StarEvent_TabGroupStarLevelReward,Récompenses de niveau étoile
StarEvent_TabGroupStarPointReward,Récompenses cumulées de l’événement
StarEvent_Get,Obtenir
StarEvent_Share,Partagez une fois par jour.
StarEvent_Assist,Assistance spéciale
StarEvent_ChangeMusic,Changer de morceau
StarEvent_ChangeMusicFirstPrice,Gratuit la première fois
StarEvent_SkippableStarMission,Objectif atteignable en mode Skip !
StarEvent_Skippable,Ignorer possible
StarEvent_MusicClearText,Sélectionnez une chanson et atteignez le score cible en mode Live !
StarEvent_PlayCount,Nombre de lectures aujourd'hui : {0}/{1}
StarEvent_SkillPercentUp,Score <color=#F93981> + {0} % </color>
StarEvent_GotAllStarPointReward,Toutes les récompenses d’objectifs de points d’événement ont été obtenues.
StarEvent_NonPoint,--- pts
StarEvent_NextStarPointReward,Prochaine récompense de points d’événement cumulés
StarEvent_GotAllStarLevelReward,Toutes les récompenses de niveau étoile obtenues.
StarEvent_NextStarLevelReward,Prochaine récompense de niveau étoile
StarEvent_Total,Cumulé
StarEvent_StarLevel,Niveau étoile
StarEvent_BeforeLevel,Dernier<br>Star Lv
StarEvent_ClearCount,<size=36> {0} / {1} </size>
StarEvent_StarLevelReward,Récompense du niveau étoile
StarEvent_StarPointReward,Récompense totale de points d’événement
StarEvent_StarLevelRewardDialogTitle,Nous vous avons envoyé la récompense pour le niveau étoile !
StarEvent_ChangeMusicMessage,Voulez-vous changer « {0} » en une autre chanson ? <br>
StarEvent_ChangeMusicButton,Changer de musique
StarEvent_StarAssistTitle,Confirmer l’assistance spéciale ?
StarEvent_StarAssistInfo,Utiliser un ticket Star Assist et dépenser 1 ticket pour le Live ? <br>L’utilisation d’un ticket Star Assist appliquera les effets suivants pendant le Live :
StarEvent_StarAssistBuffInfo,"Bonus d'entraînement des Idoles【+{0}%】 <br>※Le bonus d'entraînement augmente lorsque vous entraînez suffisamment une Idole. <br>• Devient invincible pendant le Live, la barre de PV ne diminue pas. <br>• Le bonus de perfectionnement maximal est constamment actif (transforme les notes BAD en PERFECT). <br>• Augmente de 20 % le taux d'activation des compétences. <br>• Double l'effet du bonus de score des Membres sélectionnés."
StarEvent_StarAssistAmount,Nombre de tickets Star Assist possédés
StarEvent_StarAssistButton,Utiliser l’assistance Star pour le Live
StarEvent_ShareMessage,#Un événement Star Challenge est en cours sur #スクフェス2 !#Mon niveau de star
Event_PointRewardLoop,Obtenez {0} points supplémentaires.
StarEvent_LevelRewardLoop,Obtenir à chaque niveau de Star .
EventBonus_StarTab_Score,Bonus de score
EventBonus_StarTab_Item,Bonus d’objets en se connectant
EventBonus_ItemBonusStar_Desc,Le nombre d’articles que vous pouvez obtenir grâce aux bonus de connexion augmente si vous avez des Membres sélectionnés dans la liste des Idoles !
EventBonus_ItemBonusBonusStar_Attention,*Le bonus d’obtention d’objets de connexion est appliqué à la somme des valeurs de tous les Membres sélectionnés présents dans la liste des Idoles.<br>*Le bonus d’obtention d’objets de connexion est uniquement appliqué aux jours où un ticket d’assistance étoile est défini pour le bonus de connexion.
StarEvent_PlayBonus_AllGot,Vous avez obtenu tous les bonus du jour.
StarEvent_Remain_point,Il reste {0} points.
EventBonus_StarScoreBonus_Attention,※Le bonus de score est calculé en fonction de la somme des valeurs de tous les membres sélectionnés présents dans la liste des Idoles.
EventBonus_StarScoreBonus_Desc,"Si vous avez des Idoles sélectionnées dans la liste, le score que vous obtiendrez en terminant un Live de la chanson de l’événement augmentera !<br>"
Theater_DialogTitle,Théâtre quotidien
GemShop_ClosedGemShopMessage,L’achat de Loveca est actuellement impossible.
GameClose_Payback,Remboursement
GameClose_Inquiry,Contactez-nous
GameClose_InformationNote,Informations
GameClose_UserId,ID
GameClose_PaybackCode,Code de remboursement
GameClose_PaidGem,Possédé Loveca
GameClose_Button_Information,Informations
GameClose_Button_Album,Album
GameClose_Button_TitleList,Titre
GameClose_Payback_CopyMessage,"L’ID, le code de remboursement et les détails des Loveca possédés ont été copiés."
GameClose_Payback_CopyText,"ID {0}, code de remboursement {1}, Loveca possédé {2}. <br> <br>"
Auto_01abf2e45264,Intérieur
Auto_02724107c812,Appliquer le bonus d’événement en cours au score total.
Auto_02b919ddcdf4,Retourner
Auto_03274bad099f,Récompense x2 !
Auto_0328cfbe3899,Nombre possédé<br>
Auto_033c8131ffca,Amis<br>Demander
Auto_038bc41a7c6c,DÉMO
Auto_03dd9696f109,Assistance étoile activée
Auto_05db19bd7579,MAÎTRE<br>
Auto_0a462ba1ee08,Derniers emojis utilisés
Auto_0b9c90355fa7,Nom de la note
Auto_0cae74dd2ee6,Âme
Auto_0ce873d68a35,x5
Auto_0eb944667807,Période de demande de remboursement
Auto_0f7fa8f9a3bd,OK<br>
Auto_0f9511a417ab,Triche sur le score Live
Auto_1075010ff27d,Votre montant dépensé ce mois-ci
Auto_109f7d11a0d6,Score de l’événement
Auto_123209ff77c4,Recommandé !
Auto_12b2b7105fb3,PRINCIPAL
Auto_12d470debc6c,Détails
Auto_1559210b6441,Autres conditions
Auto_1592365cb790,Dépenser<br>
Auto_1744ba8fe835,Saisir au toucher
Auto_1798815611ff,Liste des événements
Auto_17c2e91f339d,Star Assist en cours d'utilisation
Auto_19682bdb9185,Init
Auto_19d41bf40aad,Points échangeables
Auto_1aa6e8ca6610,Niv.
Auto_1ada75706b1c,Google Play
Auto_1b51bb0ac522,Force globale des Membres
Auto_1d0659501e10,Aucun article disponible à l’achat.
Auto_1d3921b31495,Jour 1
Auto_1d97f9dcc3d6,Définir l’objectif
Auto_1db118371c67,Total
Auto_1e5dd6092929,Au menu principal
Auto_1ebe6a8e14e1,Talent activé
Auto_204ca2888aa0,Nom du gacha événementiel
Auto_20946a364888,Au titre
Auto_20b77e71a816,TOUT<br>PARFAIT
Auto_21125a762c34,Activer
Auto_2184ff8e15c8,La salle a été dissoute.
Auto_252e0f7141ed,Objectif atteint !
Auto_25f4e117dab6,Appliquer
Auto_264ccbd4abf8,"Si vous ne confirmez pas, certaines fonctionnalités seront limitées, comme la participation au tirage pour les récompenses ou aux événements <br> <br>."
Auto_2850206c3c5a,Limite de dépenses selon l’âge
Auto_2a626ea9baf4,Bonus de score total
Auto_2c42bdbb8ded,"Du 1er avril 2024, 0h00 au 17 juin 2024, 14h59."
Auto_2cff4f6ba8c2,Nom du carte (max. 20 caractères)
Auto_3050c748c4fa,Supprimer les données
Auto_3091c8446f8d,Voix
Auto_309200e20a10,Vidéo
Auto_33906a7dfdec,OUVRIR
Auto_35d0f5fbca4b,Authentifier
Auto_36680a92670b,Nombre max de combos
Auto_387d7a59dbaa,ACTIVÉ
Auto_38bfb0d36aee,"Taille du téléchargement 9999,99 Mo"
Auto_3a3662973891,LENTEMENT
Auto_3b45ef3e2d04,Quitter sans configurer
Auto_3cb25413e47f,Choisir une chanson d'événement
Auto_3d919fa4840b,Réajuster
Auto_3da474537ac3,Ignorer
Auto_408090253cc2,Trier
Auto_41a07ce577b3,Nombre d’échanges
Auto_42672f9a37d1,Membres sélectionnés
Auto_42f76867ad2d,Avec épisode
Auto_42f9f3c2d790,Modifier le titre
Auto_4315bc5cce32,Première fois :
Auto_441030094524,Confirmer
Auto_44e681a374ac,Interrompre
Auto_45bec89c0f50,Retirer
Auto_4693ee8bed24,Échange terminé
Auto_482939397cb5,NexTone Numéro de série <br> ID012345678 <br> ID012345678
Auto_5064a0f4ba98,Télécharger les données
Auto_506f8b799c18,◆Scène obligatoire◆
Auto_5291c399b506,Tickets uniquement
Auto_536a08d31bbb,RAPIDE
Auto_54ac68559d08,BONUS
Auto_576770016382,Prochaine récupération
Auto_587eac1112fa,Retour
Auto_58a89456cac6,Sélectionner plusieurs
Auto_5b4f82050b5f,■Date de fin
Auto_5bfa6380e816,Bonus de connexion
Auto_5c9f61d441b4,Français<br>
Auto_5db23947a6dc,ID de l’événement
Auto_5e9276d98d7e,Bonus
Auto_61f9b95b94af,"En cas de skip, le meilleur score est utilisé comme score de<br>résultat."
Auto_622b0710d2c1,"Aaaahhhh, iiiiii, ouuuuuu<br>Eeeeeee"
Auto_6287420f60b0,Bonus de <size=/32>Recrutement</size>
Auto_633a7785dc75,Confirmer
Auto_63651cf6d9f8,Live <i> ! </i>
Auto_649df08a448e,Anglais
Auto_64f71689e86e,Enregistrer
Auto_65f101b159a1,Obtenir
Auto_660f91b2b864,Liste des Idoles<br>
Auto_66fba5a6fa14,Enregistrer les paramètres
Auto_6740ed068754,Live Burst
Auto_67a0c5e93888,Réinitialiser les résultats.
Auto_6a72085653e4,Tout
Auto_6a9178a4932f,CLIMAX
Auto_6b268944e92c,Confirmer l’échange
Auto_6b30feafd1f3,Ajouter le score
Auto_6d9a18833a5a,"Vous pouvez télécharger chaque épisode même en annulant l’opération <br> <br> Vous pouvez également les télécharger tous en une fois plus tard dans le menu de l’histoire <br> Veuillez effectuer cette opération dans un environnement réseau stable, car la quantité de données est importante <br> <br> Nous vous recommandons de télécharger via Wi-Fi."
Auto_6dd5a42a94c0,Paramètres<br>
Auto_6e444147a521,Télécharger toutes les vidéos.
Auto_6e6a6f2086bb,Autres
Auto_719ea396ad92,Effacer
Auto_71afae920481,Réduction LP
Auto_74c545d169bf,Nécessaire {0}
Auto_7548ab52c3d1,Puissance
Auto_77c6a8345db8,Phrase d’annulation <br> : <br>
Auto_77dfd2135f4d,Annuler
Auto_77f505b6262c,Aaaahhhh iiiiiiii uuuuuuu <br> eeeeee <br>
Auto_788a0043ef72,Choisir le prefab de lecture
Auto_7c76cd4f10f6,Filtre personnages
Auto_7cb690cac947,Bonus de jeu
Auto_7d8bbc065980,Bonus total de points d’événement
Auto_7ed45871a39c,Possédé : 99
Auto_7ef4a9de5c25,Avancé
Auto_7f450bbd899c,3 Dépenser
Auto_80212d3591fe,Artificiel
Auto_8223fef77e91,Filtre par groupe
Auto_8293da245b3b,Filtre de rareté
Auto_845ae4bff63e,Obtenir des points d’événement
Auto_848e23d86457,PUISSANCE RESTANTE
Auto_85932094d554,Récompense événement
Auto_88b79a43a5a2,Ticket <size=28>Recrutement
Auto_89c6e6591da2,Formation
Auto_8ac8a8695f8c,Conditions de déblocage du costume :<br>Conditions de déblocage du costume :
Auto_8b587a7dbf54,Rang du groupe
Auto_8fb2690daca7,Fermer
Auto_8fc78aae68c7,Rang du groupe
Auto_8fe39d4e10b7,Croissant<br>
Auto_9241dc943583,Dépenser
Auto_9273914e5109,Réinitialiser à la valeur par défaut<br>
Auto_959f794269e3,Photos
Auto_98205d57bde6,X JAPAN
Auto_98cb7f8b4243,Nombre de sauts consécutifs
Auto_9d2900c40ab7,Smile pour vous
Auto_9ebddc6b6669,LUNA SEA
Auto_9f783ad4a18c,Paramètres de la scène
Auto_a1477059aa3b,Paramètres invité
Auto_a1dea8028b01,Vol.
Auto_a328a2d80d00,Annuler
Auto_a338c21bfd26,Améliorer le niveau des stars !
Auto_a3c686e711e4,Catégorie
Auto_a4911f7f372a,Volume des voix
Auto_a8dc0179d0a8,Votre limite d’achat
Auto_a9a279c07f10,Nombre d’échanges
Auto_aa3fa7dd256b,"Pour participer à l’événement, vous devez accepter les <br>Conditions d'utilisation<br>. Veuillez lire attentivement, puis appuyez sur « Accepter »<br>."
Auto_ac35bd4adf50,"« Love Live! School Idol Festival 2 MIRACLE LIVE ! » a cessé d’être disponible le <br> <br>, comme indiqué ci-dessous. Nous accepterons les demandes de remboursement du solde inutilisé de la monnaie exclusive à l’application, « Loveca », à partir de la date indiquée ci-dessous. <br> <br> <br>"
Auto_ac7c161425e5,Dépenser LP
Auto_acca96a91aa4,Non débloqué
Auto_ad4d9cc1b087,Extérieur
Auto_ad50489054dd,Désactivé
Auto_add22ce29a3d,Restauration LP
Auto_b07900dc57ed,pt
Auto_b0e4ee23c952,Recrutement x
Auto_b13d33a52865,Arrière-plan
Auto_b2f2b09e6e2d,Possédé {0}
Auto_b31d5ea85dff,3ème essai :
Auto_b68eb2cb5bf1,Date d’expiration
Auto_b6e09f881f83,Score personnel
Auto_b6e3f5c3b4f2,Un destin tout neuf...
Auto_b72306f4e35d,NORMAL<br>
Auto_b8143777066d,2ème fois :
Auto_b8571eaa5763,TOUCHER L'ÉCRAN
Auto_b8a4ee600c4a,Année
Auto_b9fa67abcaf9,Sélectionner
Auto_bc811258ae9f,Pt
Auto_bd89f983989e,Confirmer la récupération
Auto_bf22940fda0d,Confirmer le nombre d’échanges
Auto_bf62b8f395bb,Résultats ajustement
Auto_c25f358874d1,Live gratuit
Auto_c28c25bf8e62,Détails de l’objet
Auto_c401efeb943c,Augmenter le rang
Auto_c7eb0f35af72,CENTRE
Auto_c7f325f13f16,Annuler
Auto_c998d2ee5b08,Vitesse x
Auto_cc5ea3852219,Touchez les icônes de rythme au rythme de la musique.
Auto_cd131363eae4,GLAY
Auto_cde3eb972d17,Reprendre
Auto_d00d84c15d3a,Live Burst<br>
Auto_d47b6f2a9df1,Étape actuelle <size=26> : </size> <size=24> / </size> <br>
Auto_d54d12f95c41,Nom
Auto_d5ab84b435fb,Année
Auto_d63f619942b9,Naturel
Auto_d6b401a4b2ac,Mission<br>Terminée !
Auto_d8cb03e33092,Appel
Auto_d8ec9e35d2f2,Nom du membre
Auto_db66ad7b9586,4e fois :
Auto_dcae5862b56f,Combo
Auto_dd48a1149548,Rang
Auto_df50ec2cd8cb,Nombre d’objets possédés
Auto_df6861322391,Nom de la carte (max. 10 caractères)
Auto_df6e6c5f5960,Score total multi
Auto_e0491d31d0f7,Versus Live
Auto_e11c09011cad,Merci pour votre fidélité et votre soutien.<br>
Auto_e4d2bab524b4,"« Love Live! School Idol Festival 2 MIRACLE LIVE ! » a cessé son service le <br>31 mars 2024. Si vous souhaitez obtenir un remboursement du solde inutilisé de la monnaie exclusive à l’application, « Loveca payant », veuillez copier le contenu indiqué ci-dessous et nous contacter via le formulaire « Demande de remboursement » : <br><br><br><br>"
Auto_e7a1f2b591d7,Les Loveca gratuits seront utilisés en premier.
Auto_e7ae8d0559ec,Médailles possédées
Auto_e7e170510efe,"31 mars 2024, 15h00"
Auto_eab6741c0f59,Texte
Auto_eb1a2d429c58,Exécuter
Auto_ebb93d3b53a4,Effet
Auto_ebcf18c786af,Technique
Auto_ec828e93801a,Niveau<br>
Auto_ed28cf13bde2,Accueil
Auto_edcb599b9885,La vidéo du tirage sélectionné sera lue <br><br>. Les cartes obtenues ne dépendent pas du tirage.
Auto_edee9402d198,Suivant
Auto_ee3c38fe094f,Résultat du jugement
Auto_ef3619115ff6,Points de recrutement requis
Auto_efd565d40ade,Lecture en boucle
Auto_f0d441f3dfff,Nom du costume
Auto_f12ab05bb974,Décroissant<br>
Auto_f22f0eb3fa2b,Groupes favoris
Auto_f4cb18567198,Ajouter une carte<br>
Auto_f5ecb4b9a22d,Texte <br> Texte <br> Texte <br> Texte
Auto_fe212fc5ce20,Ignorer
Auto_fff655d2974f,CENTRE<br>
Auto_003c9447ae9b,Bouton principal
Auto_00b165f88921,Voix
Auto_024500726b03,Dist.
Auto_029ebd875fdb,Texte<br>Texte
Auto_044adfd9ed9d,Étape 4
Auto_04b455ccba55,Échange d’objets limité dans le temps
Auto_057d38b205d3,Titre du groupe
Auto_05bf2aac7949,"Lors du transfert de données, les données de jeu de cet appareil seront <br> supprimées et écrasées par celles de la source. <br> Entre OS différents, les médailles payantes seront converties en médailles gratuites. <br> Sur le même OS, elles seront conservées telles quelles. <br>"
Auto_079bf11eeff3,Ver 0.0.1
Auto_07a05e260d6b,Nom de la compétence centrale
Auto_07ddf136db16,16-17 ans :
Auto_09ec0c5b620d,Texte texte texte
Auto_0c6ca3b6cc0a,Éponyme
Auto_0cb8722f43db,LP restauré de 99.
Auto_0d57f9526844,Aucune donnée de jeu pour cette chanson.<br>Jouez la chanson !
Auto_0e68b6445410,Aucun objet échangeable disponible.
Auto_0e8f4f23a65a,Disponible après avoir terminé BINGO 1 et 2.
Auto_0f04165846d6,Sélection
Auto_0f16b706d0e6,Alphanumérique de 8 à 32 caractères.
Auto_11412d0e8910,Taux de tirage spécial
Auto_121def961f9a,ID de transfert<br>
Auto_13e47abd10a7,Dépenser pour lancer le Live ?<br>Le bonus de Live Burst ne sera pas utilisé.
Auto_13fd30e09401,Réinitialisé tous les .
Auto_146927317e55,Points événement<br>Récompense d’objectif
Auto_14bf1f14b527,Dépenser de l’or pour<br>changer aléatoirement « 〇〇〇〇〇〇〇〇〇〇 » en une autre chanson ?
Auto_163d2f0d102b,5 000 ¥
Auto_1703cc1d1ab7,Effectuer l’une des configurations suivantes pour pouvoir transférer vos données en cas de changement d’appareil.<br>Peut également servir à prévenir la perte de données lors de la suppression de l’application.
Auto_171264a7eb78,Yuki aaaaaaaaaaaaaaa
Auto_1738ae542173,Texte texte texte
Auto_17a21f8751b1,Hōnoka
Auto_18ce79396792,Assistant manager
Auto_193f0038f792,Dépenser Loveca pour effectuer Recrutement ? <br><color=#C70F01><size=30> Vous n'avez pas assez de Loveca (payant). Souhaitez-vous en acheter ? </color></size>
Auto_1996a5682af1,Annonce de fin de service<br>
Auto_1a355bfca80b,Dépenser médailles (payantes) pour acheter.<br>Êtes-vous sûr ?
Auto_1ba4c95c1b7e,"μ's, 4e chanson en duo de leur 4e single. Dans l’anime télévisé, on se souvient de Maki Nishikino la jouant à la guitare dans la salle de musique, et aussi lors de la scène du chant au moment de la remise des diplômes. Il existe différentes versions, mais dans la version originale, n’hésitez pas à écouter attentivement la ligne de basse. <br>μ's, 4e chanson en duo de leur 4e single. Dans l’anime télévisé, on se souvient de Maki Nishikino la jouant à la guitare dans la salle de musique, et aussi lors de la scène du chant au moment de la remise des diplômes. Il existe différentes versions, mais dans la version originale, n’hésitez pas à écouter attentivement la ligne de basse. <br>μ's, 4e chanson en duo de leur 4e single. Dans l’anime télévisé, on se souvient de Maki Nishikino la jouant à la guitare dans la salle de musique, et aussi lors de la scène du chant au moment de la remise des diplômes. Il existe différentes versions, mais dans la version originale, n’hésitez pas à écouter attentivement la ligne de basse."
Auto_1be7423211a5,Nom de l’objet AAAAAAAAAA<br>
Auto_1e0e1976379b,9 999 999 minutes
Auto_1e17ebb75b4d,100 Loveca Stones <br> Bonus : 100 Loveca Stones <size=22> <color=#F93981>
Auto_1e531d5608ba,(100)
Auto_1fd729e61328,Réglages de transfert terminés.<br>
Auto_21461c8ad16a,C’est le code série du nom de la campagne.
Auto_217db72fc82b,Niveau de compétence
Auto_2187f31d0823,Taux d'activation des compétences <color=#F93981> +0.6 </color>.
Auto_21a6013d6db7,"Nom1, Nom2"
Auto_231660b3e9aa,Yuki aaaaaaaaaaaaaaa
Auto_2359a6bc9f8e,Jusqu’au 31/12 à 23h59.
Auto_2372659b2fa8,Personnage1 : Texte1<br>Personnage1 : Texte1
Auto_23c425468cfa,Bonus d’obtention à la connexion
Auto_23d692f07a3f,Parent
Auto_24331d4b3c4b,EXPERT 10
Auto_24ef5199c19f,Télécharger…
Auto_265c145b1c11,Dépenser Auto Burst
Auto_28578faf0062,Nouveau texte
Auto_2910ca68352e,« Love Live! School Idol Festival 2 MIRACLE LIVE ! » a cessé ses activités le <br>31 mars 2024 (dimanche). <br><br>Période de demande de remboursement : du 1er avril 2024 (lundi) à 0h00 au 17 juin 2024 (lundi) à 14h59. <br><br>Merci pour votre fidélité.
Auto_2991fd24eff8,COOL
Auto_2a9e2a96f3a5,Attention : la date de naissance ne pourra plus être modifiée ultérieurement.
Auto_2ae6850cf007,EXPERT Niv. 11
Auto_2db52bd8d99d,Nombre de lectures aujourd’hui : 1/10
Auto_2e84ab497270,Nom de la carte (max. 30 caractères)
Auto_30629014ffdf,1 000 000e place
Auto_327896c958c6,新田恵海
Auto_32cca4a1edcd,Expert Nv. 11
Auto_32f04a55794f,Répétition : désactivée
Auto_349584413283,Nom d’utilisateur (max. 10 caractères)
Auto_3500bbd544a3,"Bonus de développement des Idoles <br>, invincibilité pendant le Live et HP qui ne diminue pas <br>, bonus permanent d'amélioration extrême du jugement (transforme les BAD en PERFECT) <br>, augmentation de 20 % du taux d'activation des compétences <br>, double l'effet du bonus de score des Membres sélectionnés <br>."
Auto_354fd93c17f2,Titre de l’histoireTitre de l’histoireTitre de l’histoire
Auto_3588a5b623b0,ÉTAPE 7
Auto_360cb694c2ae,sec
Auto_36fc221e2e45,"Paroles : Hata Aki, Musique : Kojima Ryota, Arrangement : Kusaka Mayumi"
Auto_3770af0c5c4e,1 000 pt
Auto_37900575e30d,Vitesse :
Auto_383617f9c339,Titre
Auto_38bf4ac9d31b,123456789 pt
Auto_38d63311e93b,PUR
Auto_393d0282bf7d,Vous avez obtenu les objets suivants.<br>
Auto_399acfa696ba,Nom de l’unité 6789012345
Auto_3ae3222a8a7c,ID 999999999999999
Auto_3b18e8e33250,Volume
Auto_3bdd53e3c81d,Sourire
Auto_3c153c60bc73,Nom de l’objet/de la carte
Auto_3cab1d5076f2,"Lors d’une transition entre différents systèmes d’exploitation, les gemmes payantes seront converties en gemmes gratuites.<br>Si la transition se fait au sein du même système d’exploitation, les gemmes payantes seront conservées."
Auto_3db8f0a8cb0d,<size=50> × 11 </size> Recrutement
Auto_3e252f2489fa,Le défi a commencé. <br> Le défi a commencé. <br> Le défi a commencé.
Auto_3f5567240d61,Type O
Auto_3fed241ef790,Événements cumulés
Auto_4002d1a146fa,"μ's, Aqours, Nijigaku et Liella ! Découvrez le quotidien de ces idols scolaires dans 3 épisodes."
Auto_40e01c24654a,Nijigasaki Gakuen School Idol Club
Auto_414ee4134bd7,"Si vous avez des Idoles sélectionnées dans la liste de vos membres, <br> le nombre de Miracles Stars que vous pouvez obtenir en bonus quotidien augmentera !"
Auto_41b187f87bd2,157 cm
Auto_432849e0e729,Nom du personnage
Auto_434ea13d1c5f,あああああああああっ
Auto_439bd1f70732,Zone de texte conservée par précaution.
Auto_451416850ad2,Mode Bluetooth
Auto_458a25f3bc2b,aaaaaaaaaaaaaaaaaaaaaaaaaaaaa <br>12345678901234567890123456 <br>26 caractères × 3 lignes
Auto_45a309dcbdfa,aaaaaaaaaaaaaaaaaaaaaaaaaaaa<br>12345678901234567890123456<br>26 caractères × 3 lignes<br>
Auto_463938856430,ID de transfert :
Auto_463dc0e2645f,Paroles :<br>Musique :
Auto_47b4753f220d,Titre
Auto_486a5b286b90,Accomplissons toutes les missions quotidiennes.<br>Accomplissons toutes les missions quotidiennes.
Auto_4ac93a41ce71,Composition : -
Auto_4b8ea9b1a845,"・Les retours ne sont pas acceptés. <br> ・Le MIRACLEパス offre une période d'essai de 1 mois à compter de l'adhésion. <br> À l'expiration de cette période, le paiement sera effectué mensuellement sur votre Store jusqu'à résiliation, <br> et la durée de validité sera automatiquement renouvelée. <br> Si vous souhaitez mettre fin à l'abonnement sans renouveler la validité, en ne profitant que de la période d'essai, <br> veuillez effectuer les démarches de résiliation au plus tard 2 jours avant la fin de celle-ci. <br> ・La durée de validité est de 1 mois à compter de la date d'achat ou de renouvellement automatique. <br> ・La durée de validité est automatiquement renouvelée tous les mois. <br> ・Un abonnement mensuel de 980 yens sera facturé par renouvellement automatique. <br> ・La durée de validité du MIRACLEパス sera automatiquement renouvelée tant que le renouvellement automatique n'est pas désactivé. <br> ・Le jour du renouvellement, un délai peut survenir lors du traitement. <br> Si les avantages ne s'activent pas temporairement, veuillez réessayer après un certain temps. <br> ・Pour résilier, veuillez désactiver le renouvellement automatique au moins 48 heures avant la fin de la période de validité. <br> ・Même en cas de résiliation anticipée, les avantages restent accessibles pendant la période de validité. <br> ・Le MIRACLEパス n'est valable que sur le compte de cette application utilisé au moment de l'adhésion. <br> ・Veuillez noter qu'il est impossible d'y adhérer à nouveau avant la fin de la validité du compte actuel, <br> avant le transfert. <br> ・De plus, si vous créez un nouveau compte sur cette application suite à une suppression d'application, <br> il n'est pas possible de transférer le MIRACLEパス. <br> ・En cas d'adhésion multiple ou en double au même MIRACLEパス, <br> les avantages ne peuvent pas être cumulés. <br> ・Après la fin de la période de validité, il peut s'écouler un certain temps avant que les avantages ne soient réellement désactivés. <br> ・Même si vous supprimez l'application, veuillez noter que le renouvellement automatique continuera si les démarches de résiliation ne sont pas effectuées. <br> <br> ・En cas de changement d'appareil avec un OS différent, ou lors du transfert vers un autre compte sur le même OS <br>, les effets du MIRACLEパス restent actifs pendant la période de validité. <br> ・Par conséquent, toute nouvelle adhésion au MIRACLEパス doit être effectuée après avoir résilié sur l'ancienne plateforme (ou <br> compte). <br> Il est impossible d'y adhérer à nouveau avant la fin de la validité sur l'ancienne plateforme (ou compte). <br> <br> <br> ■ Méthode de vérification de la durée de validité et procédure de résiliation (désactivation du renouvellement automatique) <br> La résiliation du MIRACLEパス peut être effectuée selon les étapes suivantes. <br> Elle deviendra inactive après la résiliation et l'expiration de la période de validité. <br> ※ Les opérations peuvent varier selon la version de l'OS ou le terminal. Merci de votre compréhension. <br> <br> 1. Appuyez sur le bouton « Résilier » affiché en bas de cet écran <br> 2. Appuyez successivement sur « ≡ en haut à gauche > Abonnement » <br> 3. Si vous souhaitez résilier, appuyez sur l'article concerné <br> 4. Appuyez sur « Résilier l'abonnement » et suivez les instructions de résiliation"
Auto_4ca3fbc3f316,Photo sticker
Auto_4de912463d5b,Utilisé à partir des Loveca Stones gratuits.
Auto_4e8e36e11ba0,JASRAC許諾<br>第123456789ABCDEFG号
Auto_4f3f313eb655,"Nos concerts, ta vie."
Auto_4f62ed577823,"Si vous transférez vos données entre différents systèmes d’exploitation, les gemmes payantes seront converties en gemmes gratuites.<br>Si vous transférez vos données sur le même système d’exploitation, les gemmes payantes seront transférées telles quelles."
Auto_513968cec3d1,Jusqu’au 30/06/2023
Auto_522175083f0b,Vider le cache
Auto_526b4090303d,"Ce sont des informations importantes, ne les communiquez à personne ! <br> Veuillez conserver une note ou une capture d’écran. <br> Vous pourrez modifier votre mot de passe ultérieurement. <br>"
Auto_5472f4068cb1,"堀内まり菜 (椿ルリカ), 浅井七海 (皇ユズハ), 杏ジュリア (北条ユキノ), 小山璃奈 (天草ヒカル), 佐藤美波 (三笠マーヤ)"
Auto_55ee85cd4dcc,Nom Prénom
Auto_560dd21d26a8,Entrez l’ID de transfert et le mot de passe.<br>
Auto_567ad1eee4be,Nom de la récompense
Auto_56809f756f76,Voulez-vous recevoir le bonus de ? <br>
Auto_572b0f9c1d1b,Texte texte texte texte texte texte texte texte texte
Auto_572e68ce60da,Obtenir 10 points
Auto_57859cb7238a,Nom du personnage
Auto_586b09d35825,Quantité : 9 999 999
Auto_58c3db41d9fc,Sélectionner la vidéo du tirage au sort.
Auto_58f52a673e60,Nom de l’objet/de la carte (max. 30 caractères)
Auto_595596e10b8b,Aucune carte ne peut être améliorée.
Auto_5a6b54f04f20,9 999 999 pts
Auto_5aa7dabc547e,"(1 ligne, max. 26 caractères)"
Auto_5b0e14341d79,高坂 穂乃果
Auto_5d7171891b9e,Titre de l’histoire
Auto_5e2c3623f817,"La batterie est faible <br>. Il ne reste que <color=""red""> 7 % de batterie </color> <br>. Vous recevrez une notification de votre appareil, ce qui pourrait interrompre le <br> Live <br>. Nous vous recommandons de recharger votre appareil."
Auto_5e63c03e564f,Interrompre la lecture du MV<br>et revenir à l'écran de sélection des titres ?
Auto_5e88baf24aea,Cache effacé avec succès
Auto_5f21648a666a,Dans 999 jours
Auto_6114d553d8a5,Le bonus d’obtention des récompenses de connexion s’applique à la somme des valeurs de tous les membres sélectionnés dans la liste des Idoles.<br>Le bonus d’obtention des récompenses de connexion s’applique uniquement aux jours où une étoile miracle est définie pour le bonus de connexion.
Auto_62933bba4c77,Source :
Auto_62b3c4231032,NOMBRE DE PASSES<br>
Auto_6311b5d2d37d,Niv. 000
Auto_64e02dbe9ba6,Étape 1
Auto_669d4fab42d5,Il en reste (réinitialisé tous les lundis à minuit).
Auto_67c008e4fd30,Nom d’affichage
Auto_67dbec9cc4e4,Limite : 10 000 ¥
Auto_6842c74c4d51,Enfant
Auto_6b3f6985eb92,Petit Démon n°1
Auto_6bfa25be446d,Boisson énergétique
Auto_6d17169b8845,Débloquer l’histoire
Auto_6eee3369a6c0,XXXXX XXXXX XXXXX
Auto_6f9b9af3cd6e,message
Auto_6fc69aae7ef1,20XX/99/99 99:99
Auto_6fd05cc842c9,"Réinitialisation quotidienne à minuit <color=#ff5500>, une fois par jour <size=28>. </color> </size> <br>"
Auto_709a23220f2c,Nom
Auto_7123fcc9c635,Utilisation 345678901234567890123456789
Auto_7171d9cb0cf3,Nom de l’objet
Auto_71cd10385774,Débloquez la vidéo en améliorant au maximum.
Auto_71fd4dacfad1,1er août
Auto_737f138ed948,Aujourd'hui<br>Déjà utilisé
Auto_75e1496591d4,Afficher
Auto_76fb59ce183d,"Description des objets, etc. Description des objets, etc. Description des objets, etc. ○<br>Description des objets, etc. Description des objets, etc. Description des objets, etc. ○"
Auto_773a03413bdc,Nom de l’objet (max. 20 caractères)
Auto_78f1b4350a83,Jusqu’au 31/12/2021 à 12h00.
Auto_794145f030ff,Bouton
Auto_7a5db5a1f223,2 ans
Auto_7bf2e2580045,Chapitre rétrospectif
Auto_7c1698e461f9,Nom du membre (max. 10 caractères)
Auto_7c54bd6c4a3f,Les paramètres de la <br>carte ont été augmentés.
Auto_7dee13bf0dd8,YOSHIKI
Auto_7f2b15f3359a,Dans 16 jours
Auto_7f91240a914e,Nom de l’objet à échanger : maximum 16 caractères.
Auto_82434dcead71,Option B
Auto_827ada3af78a,"En effectuant la sauvegarde des données, les données du jeu sur cet appareil seront supprimées et remplacées par les données de sauvegarde. <br> <br> <br> Si vous effectuez une sauvegarde entre différents systèmes d’exploitation, vos gemmes payantes seront converties en gemmes gratuites. <color=#c70f01> Si vous effectuez une sauvegarde entre des appareils utilisant le même système d’exploitation, vos gemmes payantes seront conservées. <br> </color>"
Auto_8449eea355c4,Description de la compétence centrale<br>Description de la compétence centrale
Auto_860981a8b394,Titre titre titre titre
Auto_87c522a79361,Description des compétences <br> Description des compétences <br> Description des compétences
Auto_8957ed473795,Arrangement : -
Auto_8b0bbe5fa2a0,La date de naissance ne pourra plus être modifiée ultérieurement.
Auto_8bdd1e8256dd,Normal 1
Auto_8c3c5dc7add8,Voulez-vous vraiment transférer les données ? <br>
Auto_8d1308cd282c,Asuka Karin
Auto_8d54688f884e,Hashtag
Auto_8d7f5abed4eb,Le cache a été effacé avec succès.<br>
Auto_8ec81c9e6bba,Aucun titre obtenu.
Auto_8ecd1842d6d5,Vérifier la batterie
Auto_8eee6c561bb2,"Lors d’une migration entre différents systèmes d’exploitation, les gemmes payantes seront converties en gemmes gratuites. <br> Si la migration se fait entre des systèmes d’exploitation identiques, les gemmes payantes seront conservées. <br>"
Auto_8f7124fb70a8,Félicitations pour avoir terminé le tutoriel.<br>Retour à l’écran titre.
Auto_91152b56f991,couche<br>
Auto_920d74d2ff09,Jour 1
Auto_920f67831677,Mission spéciale
Auto_940387049ad0,"Groupe d’idoles scolaires du lycée privé Ketsumizu, basé à Harajuku, Tokyo. <br>aaaaaaaaaaaaaaaaaaaaaaaaaaaaaaaaaaaaaa<br>aaaaaaaaaaaaaaaaaaaaaaaaaaaaaaaaaaaaaa"
Auto_94e6b092259d,Le cache est en cours de suppression.<br>Veuillez patienter jusqu'à la fin du processus.
Auto_953670412850,"Le mode a été modifié en mode Bluetooth suite à la connexion des écouteurs Bluetooth <br> En mode Bluetooth, il peut y avoir un décalage dans les effets sonores pendant le Live <br> ※Les réglages d’ajustement pour Bluetooth seront appliqués."
Auto_957c2a10d823,Le nom de l’unité peut comporter jusqu’à 16 caractères.
Auto_965fb2ddf63d,Recevoir
Auto_97855c87fb9b,Étape 6
Auto_9850ea73a3e8,Texte texte texte texte texte
Auto_98997bef6406,Confirmer<br>
Auto_99122787e954,Message message message message ●● <br> Message message message message <br> Deux caractères <br> Quatre lignes
Auto_99940a7d6018,x fois <size=-3> </size>
Auto_9a5e7fc5a514,"Alors, c’est pour ça qu’on joue !"
Auto_9bc6fb8cccfc,Les 30 dernières entrées sont conservées. Les plus anciennes seront supprimées si la limite est dépassée. L’historique des récompenses sera automatiquement effacé après 100 jours.
Auto_9d3cadaec013,"Lors d’une transition entre différents systèmes d’exploitation, les gemmes payantes seront converties en gemmes gratuites.<br>Si la transition se fait entre des appareils utilisant le même système d’exploitation, les gemmes payantes seront conservées."
Auto_9d81b6cadd5c,Zone d’affichage de l’EXP
Auto_9d86b9378453,Rang : 99 999
Auto_9daaa404b4c3,Nom de l’objet/de la carte (30 caractères maximum)
Auto_a0685b910206,Rechercher
Auto_a08046709963,"Composition : <br>, Paroles : <br>, Arrangements :"
Auto_a0d95c9b62e6,Texte texte texte texte texte texte texte texte texte texte texte texte texte texte texte texte texte texte texte texte texte texte
Auto_a0ec88460069,Date de sortie : 8888/88/88
Auto_a1a8a57f247c,Le nombre de Live Burst a été restauré à 10.<br>La limite du nombre d’amis a augmenté : 5 → 10.
Auto_a45ad5596a9e,Nom Prénom
Auto_a50b3e2b4507,Nom de l’objet (max. 12 caractères)
Auto_a65f3a8a2407,72 heures seulement
Auto_a69be1e057ef,1ère année
Auto_a6a31e215fdd,Événement P
Auto_a7726b3f99f0,aaaaaaaa (max. 2 lignes de 21 caractères)
Auto_a78153e9f407,ABCD EFGH IJKL MNOP
Auto_a808eee2241b,Obtenez le nom de la chanson la plus longue<br>Le nom du menu est une récompense.
Auto_a94d5d0c7027,Nom du ticket
Auto_aa1168393020,Veuillez saisir votre date de naissance pour vérifier votre âge.
Auto_ac34920d91ed,Récompense • EXP
Auto_ac6c98656ccc,LAWSON
Auto_acb992ab8026,Aucun réglage
Auto_ad9ec245bacb,EXPERT niveau <size=26></size>
Auto_adf974909200,"Le montant de vos achats ce mois-ci dépasse 100 000, souhaitez-vous continuer ?"
Auto_afa7944cae4b,"1 ligne, 21 caractères<br>Max. 2 lignes"
Auto_b067846ca702,Jusqu’au 31/12/2099 à 00h00
Auto_b1181d44cd51,"Description des objets, etc."
Auto_b2ad896a1cb2,Étape 2
Auto_b3361a468f26,Jusqu’au 30/11/2021 à 13h59.
Auto_b4ae1b9654fd,Le dialogue s'affiche ici. <br>Le dialogue s'affiche ici. <br>Le dialogue s'affiche ici.
Auto_b528c11750d0,Offrir un cadeau
Auto_b5414c090b1d,"Le bonus de points d’événement ne s’applique pas en cumul, et seule la valeur la plus élevée parmi les membres de votre Formation sera prise en compte."
Auto_b59e287feb4c,Il reste 99 tentatives.
Auto_b78072c47e29,Description de la compétence centrale <br> Description de la compétence centrale <br> Description de la compétence centrale
Auto_b7dfc9785b79,Rêve inachevé ! (Version du lycée Tsubaki Saki)
Auto_b803c31897b9,La suppression du cache est terminée.<br>
Auto_b8be7f2cb5de,Recrutement<br>Texte
Auto_b95b73ebd08b,162 cm
Auto_ba5dc2cc4de4,Sélection du club d’idoles scolaires de l’académie Nijigasaki
Auto_baed348504d9,-1000
Auto_bc40521e5705,Titre de l’histoire
Auto_bccc54ef43f6,Obtenir un Membre favori
Auto_be3bffb9fcbf,Niveau 99
Auto_be60bc27fbf7,<size=50>10 </size> Recrutements
Auto_bef81964e6fa,Niveau 1 atteint
Auto_bf4c732a9812,Le bonus de points d’événement est activé en formant une équipe avec des membres sélectionnés !<br>Les points d’événement que vous pouvez obtenir après avoir terminé un Live augmentent !
Auto_bf91f3a572ba,"<br> L’Auto Burst est utilisé en commençant par ceux dont la date d’expiration est la plus proche. <br> L’Auto Burst ne peut être utilisé qu’avec les morceaux que vous avez déjà terminés. <br> Vous ne pouvez pas utiliser l’Auto Burst et le Live Burst en même temps. <color=#D73C55> Même s’il n’y a pas de Burst disponible, vous pouvez continuer à jouer. Cependant, les récompenses, l’EXP et les points d’événement seront multipliés par 1. </color> <br>"
Auto_c1fa719d598a,Confirmer l’utilisation de l’esprit
Auto_c3a4f560ab26,Message message message message<br>Message message message message
Auto_c4a400246fd1,Sélectionnez le compte SNS à lier.
Auto_c4c9a1fdfc9e,Entrez le contenu à afficher <br> Entrez le contenu à afficher <br>
Auto_c6d374d72d7f,LIVE avec le sourire ! (Version Rainbow High School Idol Club)
Auto_c6de9c87f72e,Niv. 9/9
Auto_c76d98f6d9fb,« Scène du type histoire n° »<br>La scène « Partie de l’histoire… » est maintenant disponible !
Auto_c892f3e56f53,Acheter le pack premium ?
Auto_c9fac4d62211,"Dans la Formation, visez un total de 29 000 ou plus pour chaque Attribut."
Auto_ca61133f09ff,Nombre de lectures aujourd'hui : 1/5
Auto_ca635e2d27c2,asdfasdfgasdgf
Auto_ca7ddec2aa05,"Les points de Live Burst restants sont inférieurs à la valeur définie. Voulez-vous effectuer le Live en utilisant uniquement les <br> points disponibles, sans recharger vos <br> ? <br>"
Auto_cad73579d948,Jusqu’au 12/12/2022 à 12h12.
Auto_caeac8b0e507,Titre de la chanson
Auto_cb3ba916e5a5,Améliorer le rang du groupe
Auto_cc5e60312e77,Vous pouvez transférer vos données en effectuant l’une des actions suivantes :<br>Cela peut également servir de sauvegarde contre la perte de données lors de la suppression de l’application.
Auto_cd292cafcb22,Vous avez obtenu la carte ! (max. 30 caractères)<br>※Les membres obtenus sont directement ajoutés.
Auto_cefaf311b26d,"En multijoueur, nous avons détecté un comportement nuisible envers les autres joueurs <br>. Nous limitons temporairement vos fonctionnalités <br>. Veuillez patienter jusqu'à la levée de cette restriction."
Auto_cff4d31a542a,Encore 9999 fois ce mois-ci
Auto_d109f177e1ca,Les bonus d’Obtenir Miracle Star ne s’additionnent pas ; seul le bonus le plus élevé de la liste des Idoles sera appliqué.<br>L’augmentation n’aura lieu que les jours où un bonus Miracle Star est attribué pour la connexion quotidienne.
Auto_d13b8de51614,Dépenser les objets sélectionnés pour restaurer 999 LP ?
Auto_d26e16005b9b,Nom de l’unité 67890123456
Auto_d3956f3f07bd,Qu'est-ce qu'une compétence centrale ? <br> hohe <br> hohe
Auto_d49438232a89,Prioriser les bonus de points
Auto_d49d030a4c41,Entrer dans le menu
Auto_d514ddda1f2b,Nijigasaki Gakuen School Idol Club<br>
Auto_d5e65e858e9f,JASRAC<br>N° 123456789ABCDEFG
Auto_d68606f69a20,EXP total :
Auto_d7d50bd43ec5,123456 76gHH JGFDD
Auto_d7d921bdbb52,Nom de la région
Auto_d95c4718456b,Nom de la campagne : 〇〇〇〇〇〇〇〇〇〇〇〇〇〇〇〇
Auto_da4223df6db9,Vous avez obtenu les objets suivants.<br>
Auto_daf84f7c7d22,Première moitié
Auto_dc7f77b4ccfc,Répéter
Auto_e0bf83c834c3,--- Rang <size=30></size>
Auto_e11359efb14c,ROSIER
Auto_e148ce3a95d1,Paramètres de la dépense Burst
Auto_e1c8e6e7609b,"La configuration du transfert de données est terminée. <br>Après avoir téléchargé l’application sur le nouvel appareil, accédez à <br>[MENU] > [Transfert de données] dans l’écran titre et entrez votre <br>ID de transfert et votre mot de passe. <br>"
Auto_e1dfd8068c2c,En pause
Auto_e2c1a45b20e9,Épisode
Auto_e2c3fd94c0d0,<size=100>Sud<size=80> <size=100>Ko<size=80>to
Auto_e2dd1dd4eff5,"Le titre de la scène s'affiche ici, nombre de caractères : 24"
Auto_e41a824f0330,"あああああ (max. 18 caractères par ligne, 2 lignes)"
Auto_e4fed19cc108,Dépenser 1 000 gemmes pour acheter un ensemble d’objets.<br>Cet article ne peut être acheté qu’avec des gemmes payantes.
Auto_e681a79dd251,Description du titre : <br> Description du titre : <br>
Auto_e6a58fc3b7ed,ÉTAPE 5
Auto_e734b3d49dce,Paroles : Yamada Takahiro <br> Musique : Yamada Takahiro <br> Arrangements : Yamada Takahiro
Auto_e760d2bb643b,Effacer le cache.<br>Êtes-vous sûr ?
Auto_e8a8b7c6038e,Loveca requis pour l’achat
Auto_eb2d423b05fd,Points de Recrutement []
Auto_eca4f8397ade,Rang<br>
Auto_ed19e903d580,Nom de la compétence
Auto_ee1a9acc0e95,Aucun historique d’utilisation n’est disponible.
Auto_ee4c907f5db2,FPS
Auto_eedc6a01343e,"Jusqu’au 1er janvier 2020, 17h00."
Auto_ef900ac4aaaa,Nom de l’artiste
Auto_f082d04a8efb,Vienne Marguerite
Auto_f08c587b54a5,Texte texte texte texte texte texte texte texte texte texte texte texte <br> Texte texte texte texte texte texte texte texte texte texte texte texte <br> Texte texte texte texte texte texte texte texte texte texte texte texte <br> Texte texte texte texte texte texte texte texte texte texte texte texte <br> Texte texte texte texte texte texte texte texte texte texte texte texte <br> Texte texte texte texte texte texte texte texte texte texte texte texte <br> Texte texte texte texte texte texte texte texte texte texte texte texte <br> Texte texte texte texte texte texte texte texte texte texte texte texte <br>
Auto_f1399a500121,ÉTAPE 3<br>
Auto_f23c1a3a61ab,"Yazawa Nico (voix : Tokui Aoi), Hoshizora Rin (voix : Iida Riho), Koizumi Hanayo (voix : Kubo Yurika)"
Auto_f265c8f36b84,<size=100>Sud<size=80> <size=100>Niko<size=80>tori
Auto_f65f17e85292,Option A
Auto_f660160beb91,Message
Auto_f66750e6a4d9,Politique de confidentialité<br>
Auto_f6f99b4fccd5,Titre
Auto_fa4421e93912,Envoie tes pensées à !
Auto_fc02722f2e79,Augmentation des paramètres
Auto_fe1465b2f630,Efface le cache.
Auto_ff511e92f6a2,Vitesse du marqueur = 6
Auto_3deeeac74475,Nouveau texte_Nouveau texte<br>Nouveau texte_Nouveau texte
Auto_316076ac0fd6,HONOKA KOSAKA
Auto_e33d9b3310c8,Hobbies:
Auto_c3328c39b0e2,Texte
Auto_b31a6165ed15,En cours
Auto_e08da1d02602,Sélection actuelle
Auto_e59d7bc19c8f,Le bonus de points d’événement n’est appliqué qu’à l’Idole la plus performante dans votre Formation actuelle.
Auto_56284117f22b,Unité<br>Détails
Auto_229ac5ad1902,ID :
Auto_8f6f274bdbc6,Veuillez<br>rester en contact (30 caractères)
Auto_d1eb1a8c785c,Dernière connexion : il y a 1 heure
Auto_07ec0ce76690,Afficher uniquement les<br>amis favoris
Auto_e6a697ba40c2,Liste d’amis
Auto_ec7ae06b0999,Supprimer
Auto_d7831e09e2fa,Refuser la demande d’ami
Auto_9aebaee878f6,Étape actuelle <size=32> </size>
Auto_ffdb97c8a723,Cool Empress
Auto_861285cde494,Cool P augmente de 12 % + les Membres Ho-no-ka et Hanamaru augmentent encore le Cool P de <br> 9 %. <br>
Auto_43965186bda1,"Cool P augmente de 12 % + les <br> Membres, dont Honoka et Hanamaru, augmentent encore plus Cool P de 9 %. <br> <br>"
Auto_82002e2fa49d,Cool P augmente de 12 % + Les Membres de Honoka et Hanayo <br> augmentent le Cool P de 9 % <br><br>. <br>
Auto_8f430c44afa1,Encore !
Auto_8697160f7a00,L’utilisation de l’assistance étoile empêche <br>la mise à jour du score maximal.
Auto_1b92a8c61f66,L’utilisation de l’assistance étoile empêche la mise à jour du <br>MAX COMBO.
Auto_119dada8743d,"Dans cet événement,<br>le HIGH SCORE ne sera pas mis à jour."
Auto_23a202742edc,Tokyo Garden Theater
Auto_71e7b499f129,Nom du lieu ou point d’intérêt :
Auto_6ef2337620d1,高坂穂乃果
Auto_bca3582437f0,Situation d’obtention
Auto_5e09801739ed,Aucune carte disponible.
Auto_d0ce5c42a59a,Nom du personnage
Auto_5d58d93e8bf4,Dans 10 jours
Auto_472aa5aec506,-ああああああああ
Auto_11fcfa6991cb,-ああああああああ
Auto_7cf81d1c765b,Membre sélectionné
Auto_e9f1544100ba,Le nom sera affiché ici
Auto_1af14d2a65f8,ID de la salle :
Auto_6a26632920e1,Combo total
Auto_3b73e212eeee,"Composition : Nakamura Ayumu, Kikuchi Hiroto <br> Arrangement : Nakamura Ayumu, Kikuchi Hiroto <br> Chant : Kohara Chika (CV. Iba Anju), Koizumi Mari (CV. Suzuki Aina), Kurosawa Dia (CV. Komiya Miyu) <br> Matsuura Kanon (CV. Suwa Nanaka), Tsushima Yoshiko (CV. Kobayashi Aika)"
Auto_fe933ad251ac,Saisissez un nom en appuyant ici.
Auto_4d395aee4ce0,Dans 99 jours
Auto_29f72241b091,Le montant de la récompense et des points d’événement obtenus varie en fonction de la quantité.
Auto_2e4df52b54d0,Dépenser LP
Auto_5521e368d87e,Avertissement
Auto_7e5716db83d2,"Un comportement nuisible envers les autres joueurs a été détecté. <br>Les résultats de ce Live seront annulés. <br>Si un tel comportement est répété, <br>nous limiterons l'accès au jeu pendant une certaine période. <br>"
Auto_58b0ee43d2aa,Rejouer le Live avec les mêmes joueurs et la même difficulté <br> ?
Auto_40d132e9c3cd,Quitter la salle privée ?
Auto_ef20caea634e,La connexion de l’hôte a été interrompue.<br>Retour à la page d’accueil de l’événement.
Auto_425e7dea4998,"Nombre de joueurs insuffisant. <br><br>Vous pourriez obtenir moins de points d'événement qu'à 4, soit <br> en moins. <br><br>Lancer le Live avec le nombre actuel ?"
Auto_2dd929a3304a,Le nombre de participations d’aujourd’hui est à zéro.<br>Retour à l’écran principal de l’événement.
Auto_daa15114aa23,Aucune Formation spécifique à l’événement n’a été définie.<br>Accéder à l’écran de Formation dédiée.
Auto_377325e4d88d,La connexion a été interrompue ou un comportement suspect a été détecté à plusieurs reprises.<br>Nous allons temporairement restreindre la participation aux Lives de cet événement.
Auto_e958b7cc8644,Recherche de salle...
Auto_77a19778ce42,Nouveautés
Auto_d55be023c2b2,Oui
Auto_f1671898c65b,Hoshizora Rin
Auto_31eecb3ddc6d,Langue
Auto_b0a4b7078dce,Paramètres<br>
SelectLanguage_ConfirmTitle,Changer la langue
SelectLanguage_ConfirmMessage,Voulez-vous modifier la langue et redémarrer l’application ?
Auto_343a26d4817b,Recommandé
Auto_217643d3311e,Formation rapide
Auto_5712f746e026,Réorganiser
Auto_c47bf7602f86,Définir comme<br>principal
Auto_17d151209dcb,Utiliser
Auto_eb321ace03b3,Nom du joueur
Custom_Option_Live3d_Title,Paramètres du Live 3D
Custom_Option_Live3d_Info,Activez/désactivez le Live 3D et réglez les paramètres de qualité.<br>Les modifications seront appliquées au prochain Live.
Custom_Option_Live3d_Enable,Activer le Live 3D
Custom_Option_Live3d_Quality,Qualité 3D
Custom_Sifas_Live3d_Toggle,Live 3D
Custom_Sifas_3dMv_Cycle,Changer
Custom_Option_Keyboard_Title,Configuration clavier
Custom_Option_Keyboard_Info,Choisissez une voie et appuyez sur une touche/un bouton (Appuyez sur Échap pour annuler)
Custom_Option_Keyboard_Lane,Ligne {0}
Custom_Option_Keyboard_Listening,Appuyez sur la touche/le bouton pour la voie {0}... Annuler avec Échap.
Custom_Option_Keyboard_Waiting,En attente d’entrée
Custom_Option_Keyboard_None,Rien
Custom_Option_Keyboard_Back,Retour / Pause
Custom_Option_Keyboard_BackListening,Appuyez sur Retour / Pause.
Custom_Option_Download_Title,Paramètres de téléchargement
Custom_Option_Download_Info,Téléchargez les morceaux à l’avance pour éliminer le temps d’attente au début du Live.
Custom_Option_Download_Used,Capacité utilisée : {0} (espace libérable : {1})
Custom_Option_Download_UsedNone,Utilisation : —
Custom_Option_Download_Calculating,Utilisation : calcul en cours…
Custom_Option_Download_Deleting,Utilisation : Suppression en cours…
Custom_Option_Download_AllSongs,Télécharger toutes les musiques
Custom_Option_Download_AllMv,Télécharger tous les Lives en 3D
Custom_Option_Download_ClearCache,Supprimer le cache
Custom_Option_Visual_Title,Paramètres vidéo
Custom_Option_Visual_Info,Choisissez un préréglage de qualité vidéo ou ajustez chaque paramètre individuellement.<br>Les modifications seront appliquées au prochain Live.
Custom_Option_Visual_Preset,Préréglage
Custom_Option_Visual_Custom,Personnalisé
Custom_Option_Visual_CustomInfo,Paramètres personnalisés : en cours (appliqués au prochain Live).
Custom_Option_Visual_GroupDisplay,Affichage
Custom_Option_Visual_GroupLighting,Éclairage
Custom_Option_Visual_GroupStage,Scène
Custom_Option_Visual_GroupEffect,Effet
Custom_Option_Visual_GroupPhysics,Physique
Custom_Option_Visual_Resolution,Résolution
Custom_Option_Visual_Fps,Fréquence d’images
Custom_Option_Visual_Aa,Anticrénelage
Custom_Option_Visual_BaseLight,Lumière ambiante
Custom_Option_Visual_Ambient,Lumière ambiante
Custom_Option_Visual_RimLight,Lumière périphérique
Custom_Option_Visual_SpotLight,Spotlight
Custom_Option_Visual_Emissive,Émission de lumière
Custom_Option_Visual_Display,Affichage scène
Custom_Option_Visual_StageFx,Effets de scène
Custom_Option_Visual_Audience,Public
Custom_Option_Visual_Cubemap,Réflexion
Custom_Option_Visual_PostEffect,Post-effets
Custom_Option_Visual_SwingBone,Effet de mouvement
Custom_Option_Keyboard_TabTitle,Configuration clavier
Custom_Option_Download_TabTitle,Paramètres de téléchargement
Custom_Option_Visual_TabTitle,Paramètres vidéo
Custom_Option_Download_StoryMovies,Télécharger toutes les vidéos
Custom_Option_Download_CardArt,Télécharger tous les visuels des cartes
Custom_Sifas_MvDeck_Header,Paramètres de la formation MV
Custom_Sifas_MvDeck_Entry,Paramètres des costumes
Custom_Sifas_MvDeck_UseDefault,Utiliser la formation par défaut
Custom_Sifas_MvDeck_UseDeck,Utiliser la formation
Custom_Sifas_MvDeck_Reset,Réinitialiser
Custom_Sifas_MvDeck_Save,Enregistrer
Custom_Sifas_MvDeck_PickMember,Sélection de Membre
Custom_Sifas_MvDeck_PickSuit,Sélection de costume
Custom_Sifas_MvDeck_DefaultSuit,Costume par défaut
Custom_Sifas_MvDeck_RinaBoard,Supprimer le tableau de Rina.
Custom_Sifas_MvDeck_InFormation,Formation en cours
Custom_Sifas_MvDeck_PickGroup,Sélection de groupe
Custom_Sifas_MvDeck_Back,Retour
Custom_Sifas_MvDeck_CustomGroup,Personnalisé
Custom_Sifas_MvDeck_Import,Importer
Custom_Sifas_MvDeck_DeleteMode,Mode de suppression
Custom_Sifas_MvDeck_DeleteModeExit,Quitter mode suppression
Custom_Sifas_MvDeck_DeletePrefix,Supprimer :
Custom_Sifas_MvDeck_ImportDone,Importation terminée
Custom_Sifas_MvDeck_ImportFailed,Importation échouée
Custom_Sifas_MvDeck_ImportDropHint,Placez le fichier ZIP dans le dossier Import.
Custom_Sifas_MvDeck_ImportBatch,Importer depuis un dossier
Custom_Sifas_MvDeck_ImportBatchResult,Résultat de l’importation groupée
Custom_Sifas_MvDeck_ImportBatchKept,Suppression initiale échouée.
Custom_Sifas_MvDeck_ImportUnsupported,La sélection de fichiers n’est pas disponible ici.
Custom_Sifas_MvDeck_ImportStageDonor,Chargement du modèle source…
Custom_Sifas_MvDeck_ImportStageConform,Conversion du modèle en cours…
Custom_Sifas_MvDeck_ImportStageBake,Construction des textures…
Custom_Sifas_MvDeck_ImportStageRegister,Enregistrement…
Custom_Sifas_MvDeck_ImportErrDonor,Le modèle du donneur n’a pas été téléchargé (veuillez télécharger le contenu 3D Live une fois).
Custom_Sifas_MvDeck_ImportErrVerify,Échec de la construction du modèle (voir les logs du joueur).
Custom_Option_Live_Sif1SwipeMode,Mode de balayage SIF1
Custom_CardDetail_FriendshipPlaceholder,Amitié ??? Non implémenté
Custom_CardDetail_EvolveTentative,Éveil (provisoire) : {0}
Custom_CardDetail_TitlePlaceholder,Non implémenté.
Custom_CardDetail_SchoolYear,{0}e année
Custom_PurchaseAlert_UnitTenThousand,Dix mille
Custom_PurchaseAlert_UnitThousand,Mille
Custom_PurchaseAlert_LimitMessage,Le montant de vos achats mensuels dépasse {0} yens. Souhaitez-vous continuer ?
Custom_SerialCode_Copied,Le code a été copié.
Custom_SystemDialog_ErrorTitle,Erreur
Custom_SystemDialog_ErrorMessage,Une erreur est survenue.
Custom_ServerConfig_Title,Configuration serveur
Custom_ServerConfig_ApiUrl,URL du serveur API
Custom_ServerConfig_CdnUrl,URL du serveur CDN d’assets
Custom_ServerConfig_ResetToDefault,Réinitialiser
Custom_ServerConfig_Save,Enregistrer
Custom_ServerConfig_UsingCustom,Utilisation des paramètres personnalisés
Custom_ServerConfig_Saved,Paramètres enregistrés. Les modifications seront appliquées au retour à l’écran titre.
Custom_ServerConfig_ConfirmChangeTitle,Confirmer le changement de serveur
Custom_ServerConfig_ConfirmChangeMessage,Changer de serveur supprimera toutes les données du compte (données de sauvegarde et informations d'authentification) enregistrées sur cet appareil.<br>Les ressources déjà téléchargées ne seront pas supprimées.<br><br>Êtes-vous sûr ?
Custom_ServerConfig_ConfirmResetMessage,"La réinitialisation modifie le serveur de connexion, ce qui entraînera la suppression de toutes les données du compte (données de sauvegarde et informations d'authentification) enregistrées sur cet appareil.<br>Les ressources déjà téléchargées ne seront pas supprimées.<br><br>Êtes-vous sûr de vouloir continuer ?"
Custom_ServerConfig_SaveCancelled,Enregistrement annulé.
Custom_ServerConfig_ClearingAccount,Suppression des données du compte...
Custom_ServerConfig_ChangedTitle,Serveur modifié.
Custom_ServerConfig_ChangedRestartMessage,Les paramètres ont été sauvegardés et les données du compte supprimées.<br>Redémarrez l’application.
Custom_ServerConfig_ResetDone,Réinitialisation terminée.
Custom_ServerConfig_ResetCancelled,La modification des paramètres a été annulée.
Custom_ServerConfig_Placeholder,Non défini
Custom_Gacha_BonusSuffix,Bonus inclus !
Custom_Common_ErrorCode,Code d’erreur : {0}
Custom_Common_None,Rien
Custom_Exchange_TypeNone,Aucun
Custom_Exchange_TypePhotoSticker,Photo sticker
Custom_Exchange_TypePick,Choisir
Custom_Exchange_TypeTicket,Ticket
Custom_Notification_ChannelDescription,Notification
Custom_Login_TransferTitle,Transfert de compte
Custom_Login_TransferConfirmMessage,"Ce terminal est différent, souhaitez-vous continuer la procédure de transfert ?"
Custom_Login_TransferFailedMessage,Échec : veuillez utiliser le code de transfert.
Custom_Reward_StaminaName,Nom de la récompense d’endurance
Custom_Adventure_TabMain,Principal
Custom_Adventure_TabSub,Sous-menu
Custom_Adventure_TabEvent,Événement
Custom_Adventure_TabTutorial,Tutoriel
Custom_PassContents_FreeGems,Gemmes gratuites
Custom_Sifas_MvDeck_ImportBatchHeader,Succès {0} / {1}
Custom_SpineViewer_Empty,VIDE
Arcade_Input_Info,Select a row then press a key or button (Esc to cancel)
Arcade_Input_ListeningKey,{0} - press a key… (Esc to cancel)
Arcade_Input_ListeningPad,{0} - press a gamepad button… (Esc to cancel)
Arcade_Input_ListeningNoEscape,{0} - press a key
Arcade_Input_SlotKeyboard,Keyboard
Arcade_Input_SlotGamepad,Gamepad
Arcade_Input_Decision,Decision
Arcade_Input_Cancel,Cancel / Back / Pause
Arcade_Input_Select,Select
Arcade_Input_Test,Test
Arcade_Input_Service,Service
Arcade_Input_Coin,Coin
Arcade_Hud_Credit,CREDIT {0}
Arcade_Hud_FreePlay,FREE PLAY
Arcade_Monitor_TestMode,TEST MODE
Arcade_Monitor_TestPattern,TEST PATTERN
Arcade_Title_MenuEntry,Arcade Mode
Arcade_Enter_NameTitle,Machine Name
Arcade_Enter_NameMessage,Enter a name for this cabinet.
Arcade_Enter_NameNote,It is shown in the server's machine list.
Arcade_Enter_NamePlaceholder,Machine name
Arcade_Enter_DefaultName,Arcade Cabinet
Arcade_Enter_ErrorDisabled,This server does not support arcade mode.
Arcade_Enter_ErrorRegister,Failed to register this arcade cabinet.
Arcade_TestMode_Title,TEST MODE
Arcade_TestMode_Back,Back
Arcade_TestMode_TabSystem,System
Arcade_TestMode_TabCredits,Credits
Arcade_TestMode_TabInput,Input
Arcade_TestMode_TabMonitor,Monitor
Arcade_TestMode_SystemHeader,System Information
Arcade_TestMode_ClientVersion,Client Version
Arcade_TestMode_AssetVersion,Asset Version
Arcade_TestMode_MachineName,Machine Name
Arcade_TestMode_MachineId,Machine ID
Arcade_TestMode_ServerIdentifier,Server
Arcade_TestMode_RegisteredAt,Registered
Arcade_TestMode_Credits,Credits
Arcade_TestMode_ServiceCredits,Service Credits
Arcade_TestMode_ServerSettings,Server Settings
Arcade_TestMode_BookkeepingHeader,Bookkeeping
Arcade_TestMode_TotalCoins,Total Coins
Arcade_TestMode_TotalService,Service Credits Given
Arcade_TestMode_Plays,Plays
Arcade_TestMode_Songs,Songs Played
Arcade_TestMode_Aborts,Aborts
Arcade_TestMode_SinceReset,Counting Since
Arcade_TestMode_LastReset,Last Reset
Arcade_TestMode_ResetBookkeeping,Reset Bookkeeping
Arcade_TestMode_ExitArcade,Exit Arcade Mode
Arcade_TestMode_CreditsHeader,Credit Settings
Arcade_TestMode_FreePlay,Free Play
Arcade_TestMode_CoinsPerCredit,Coins per Credit
Arcade_TestMode_CreditsPerPlay,Credits per Play
Arcade_TestMode_SongsPerCredit,Songs per Credit
Arcade_TestMode_ShowCreditHud,Show Credit Counter
Arcade_TestMode_InputHeader,Input Settings
Arcade_TestMode_InputConfig,Button Assignment
Arcade_TestMode_InputTestLanes,Rhythm Buttons
Arcade_TestMode_InputTestActions,Control Buttons
Arcade_TestMode_ActionDecision,DEC
Arcade_TestMode_ActionCancel,CAN
Arcade_TestMode_ActionSelect,SEL
Arcade_TestMode_ActionTest,TST
Arcade_TestMode_ActionService,SVC
Arcade_TestMode_ActionCoin,COIN
Arcade_TestMode_MonitorHeader,Monitor Settings
Arcade_TestMode_SubMonitorEnabled,Use Second Monitor
Arcade_TestMode_DisplayIndex,Display Index
Arcade_TestMode_DisplayIndexNote,Display index changes take effect after a restart.
Arcade_TestMode_TestPattern,Show Test Pattern
Arcade_TestMode_NoSecondDisplay,No second display detected
Arcade_TestMode_SecondDisplayReady,Second display active
Arcade_Session_GetReady,GET READY
Arcade_Session_Songs,This credit plays {0} songs
Arcade_Session_Connecting,Connecting...
Arcade_Session_ErrorDisabled,The server could not start a session.
Arcade_Session_NotCleared,NO CLEAR
Arcade_Session_Thanks,THANK YOU FOR PLAYING
Arcade_Session_SeeYouAgain,See you again
Arcade_Confirm_TimerRemaining,Remaining
Arcade_Confirm_TimerSuffix,sec
Arcade_Monitor_GetReady,GET READY
Arcade_Monitor_SongCount,SONG {0}/{1}
Arcade_Monitor_Level,Lv.{0}
Arcade_Monitor_Result,RESULT
Arcade_Select_SongLabel,SONG
Arcade_Select_Locked,This song is not unlocked yet.
Arcade_Select_LevelCapped,This machine only goes up to {0}.
Arcade_Attract_InsertCoin,INSERT COIN
Arcade_Attract_PressStart,PRESS DECISION
Arcade_TestMode_TabGame,Game
Arcade_TestMode_TabSound,Sound
Arcade_TestMode_TabContent,Content
Arcade_TestMode_TabBookkeeping,Bookkeeping
Arcade_TestMode_SessionState,Session State
Arcade_TestMode_SessionIdle,Idle
Arcade_TestMode_InputLocks,Input Locks
Arcade_TestMode_EditMachineName,Change Machine Name
Arcade_TestMode_GameHeader,Game Settings
Arcade_TestMode_DifficultyCap,Difficulty Cap
Arcade_TestMode_SelectTimeout,Song Select Timeout (sec)
Arcade_TestMode_DeckTimeout,Deck Confirm Timeout (sec)
Arcade_TestMode_ResultTimeout,Result Auto-Advance (sec)
Arcade_TestMode_ClosingTimeout,Closing Screen Time (sec)
Arcade_TestMode_DialogTimeout,Idle Dialog Limit (sec)
Arcade_TestMode_AttractHeader,Attract Settings
Arcade_TestMode_TitleCardSeconds,Title Card Time (sec)
Arcade_TestMode_DemoSelectSeconds,Demo Song Select Time (sec)
Arcade_TestMode_DemoClipSeconds,Demo Live Length (sec)
Arcade_TestMode_DemoSongsHeader,Demo Songs
Arcade_TestMode_SoundHeader,Sound Settings
Arcade_TestMode_BgmVolume,BGM Volume
Arcade_TestMode_SeVolume,SE Volume
Arcade_TestMode_VoiceVolume,Voice Volume
Arcade_TestMode_AttractVolume,Attract Volume (%)
Arcade_TestMode_AttractVolumeNote,Scales the BGM down to this percentage while attract runs. Applies from the next attract loop.
Arcade_TestMode_SeTest,SE Test
Arcade_TestMode_ContentHeader,Content
Arcade_TestMode_PrefetchState,Background Prefetch
Arcade_TestMode_PrefetchRunning,RUNNING   waiting {0} / in flight {1} / done {2} / failed {3}
Arcade_TestMode_PrefetchIdle,IDLE   waiting {0} / in flight {1} / done {2} / failed {3}
Arcade_TestMode_PrefetchNote,New assets are fetched in the background every session.
Arcade_TestMode_DownloadAll,Download Everything Now
Arcade_TestMode_DownloadAllNote,Downloads every category. The cabinet returns to the attract screen when it finishes.
Arcade_TestMode_ClearCache,Clear Cache
Arcade_TestMode_ClearCacheNote,Deletes the downloaded files and then reboots the cabinet automatically.
Arcade_TestMode_PlayHourHeader,By Hour
Arcade_TestMode_HourLabel,{0}:00
Arcade_TestMode_PlayWeekDayHeader,By Weekday
Arcade_TestMode_WeekDay0,Sunday
Arcade_TestMode_WeekDay1,Monday
Arcade_TestMode_WeekDay2,Tuesday
Arcade_TestMode_WeekDay3,Wednesday
Arcade_TestMode_WeekDay4,Thursday
Arcade_TestMode_WeekDay5,Friday
Arcade_TestMode_WeekDay6,Saturday
Arcade_Input_SlotHeaderIo,CABINET
Arcade_Input_IoNote,Cabinet I/O board buttons. ENTER is the service-panel decide button.
Arcade_Input_ListeningIo,{0} - press a cabinet button… (Esc to cancel)
Arcade_Card_ButtonNewPlayer,NEW PLAYER
Arcade_Card_ButtonTakeOver,TRANSFER DATA
Arcade_TestMode_TabLed,LED
Arcade_TestMode_BoardHeader,I/O Board
Arcade_TestMode_BoardLink,Link
Arcade_TestMode_BoardLinkIdle,not present
Arcade_TestMode_BoardLinkOpening,opening
Arcade_TestMode_BoardLinkRunning,running
Arcade_TestMode_BoardLinkDeviceLost,device lost
Arcade_TestMode_BoardLinkVersionRefused,version refused
Arcade_TestMode_BoardReconnects,reconnects {0}
Arcade_TestMode_BoardId,Device
Arcade_TestMode_BoardRaw,Input Bytes
Arcade_TestMode_BoardDoors,Door switches and the service-panel ENTER button. A lit door indicator means OPEN.
Arcade_TestMode_BoardCoin,Coin Counter
Arcade_TestMode_BoardCoinValues,count {0}   request {1}   ack {2}
Arcade_TestMode_BoardCoinFault,FAULT
Arcade_TestMode_BoardReader,Card Reader Lit
Arcade_TestMode_BoardScan,Card Scan
Arcade_TestMode_BoardCard,Card Status
Arcade_TestMode_BoardCardId,Card ID
Arcade_TestMode_BoardCardUid,Card UID
Arcade_TestMode_CardStateNone,no card
Arcade_TestMode_CardStateWaiting,waiting for card
Arcade_TestMode_CardStateDetecting,detecting
Arcade_TestMode_CardStateOk,read OK
Arcade_TestMode_CardStateWrongType,unsupported card type
Arcade_TestMode_CardStateAbsent,card absent or aborted
Arcade_TestMode_CardStateReaderError,reader error
Arcade_TestMode_CardScanTest,Card Scan Test
Arcade_TestMode_CardReaderTest,Card Reader Lamp Test
Arcade_TestMode_StateOn,ON
Arcade_TestMode_StateOff,OFF
Arcade_TestMode_EmulatorPath,Emulator DLL
Arcade_TestMode_EmulatorPathNone,(not set)
Arcade_TestMode_EmulatorPathEdit,Set Emulator DLL Path
Arcade_TestMode_EmulatorPathNote,Loads a winusb.dll shim instead of a board for bench testing. Blank clears it. Applied when Test Mode is closed.
Arcade_TestMode_LedHeader,LED Test
Arcade_TestMode_LedAll,All Outputs On
Arcade_TestMode_LedRed,Pillars Red
Arcade_TestMode_LedGreen,Pillars Green
Arcade_TestMode_LedBlue,Pillars Blue
Arcade_TestMode_LedPillar0,Pillar 1 White
Arcade_TestMode_LedPillar1,Pillar 2 White
Arcade_TestMode_LedPillar2,Pillar 3 White
Arcade_TestMode_LedLamps,All Button Lamps
Arcade_TestMode_LedLamp,Lamp
Arcade_TestMode_LedLampConfirm,CONFIRM
Arcade_TestMode_LedBrightness,Lamp Brightness
Arcade_TestMode_LedBrightnessOff,OFF
Arcade_TestMode_LedBrightnessDim,0x20
Arcade_TestMode_LedBrightnessFull,0xFF
Arcade_TestMode_LedPillarColor,Pillar Colour
Arcade_TestMode_LedCoinCoil,Coin Accept Coil
Arcade_TestMode_LedOut,Output Bytes
Arcade_TestMode_LedDescAll,Lights every pillar and every button lamp at full.
Arcade_TestMode_LedDescRed,Sets all three pillars to red.
Arcade_TestMode_LedDescGreen,Sets all three pillars to green.
Arcade_TestMode_LedDescBlue,Sets all three pillars to blue.
Arcade_TestMode_LedDescPillar0,Lights pillar 1 white. The three pillar rows combine.
Arcade_TestMode_LedDescPillar1,Lights pillar 2 white. The three pillar rows combine.
Arcade_TestMode_LedDescPillar2,Lights pillar 3 white. The three pillar rows combine.
Arcade_TestMode_LedDescLamps,Lights the nine button lamps and the confirm lamp at full.
Arcade_TestMode_LedDescLamp,Picks the lamp the brightness row forces. 10 is the confirm lamp.
Arcade_TestMode_LedDescBrightness,Forces the selected lamp to one of the board's three brightnesses. OFF leaves it to the rows above.
Arcade_TestMode_LedDescPillarColor,The machine's own pillar colour. Used on the entrance and through a credit.
Arcade_TestMode_LedDescCoinCoil,Forces the coin-accept coil while this page is open.
Arcade_TestMode_MaxCredits,Credit Limit
Arcade_TestMode_DemoBandsNote,The attract demo draws from the groups switched on.
Arcade_TestMode_DemoIncludeCustomSongs,Include Custom Songs
Arcade_Attract_NesicaUnavailable,NESiCA cannot be used right now
Arcade_Attract_NesicaTap,Tap your NESiCA card
Arcade_TestMode_DoorLeft,DR1
Arcade_TestMode_DoorRight,DR2
Arcade_TestMode_Enter,ENT
Arcade_TestMode_WinUsbModule,Loaded winusb.dll
Arcade_TestMode_WinUsbModuleNone,(not loaded yet)
Arcade_TestMode_WinUsbOpenerFound,UsbioEmu_OpenBoard found
Arcade_TestMode_WinUsbOpenerMissing,no UsbioEmu_OpenBoard export
Arcade_TestMode_ShowAttractBanner,Show NESiCA Banner
Arcade_TestMode_DemoRequire3dLive,Demo Lands on 3D Lives Only
Arcade_TestMode_DemoRequire3dLiveNote,Switch on to have the demo song select stop only on songs with a 3D live.
Arcade_Input_Reset,Reset (hold 1 s)
Arcade_Input_ResetChord,TEST+SERVICE
Arcade_TestMode_AccountHeader,Account Lock
Arcade_TestMode_LockedAccount,Locked Account
Arcade_TestMode_NotLocked,Not locked
Arcade_TestMode_LockPending,Pending first credit
Arcade_TestMode_LockedAccountFormat,{0}  (card ...{1})
Arcade_TestMode_LockAccount,Lock to Account...
Arcade_TestMode_UnlockAccount,Unlock Account
Arcade_Session_ErrorOwnerGone,The account this device was locked to no longer exists.<br>The account lock has been removed.
Arcade_TestMode_DemoWashPercent,Demo Live Wash (%)
