_key,_text
mst.card.10010001._name,発起人
mst.card.10010002._name,猪突猛進！
mst.card.10010003._name,ポジティブ
mst.card.10010004._name,元気が取り柄
mst.card.10010005._name,練習準備！
mst.card.10010006._name,一緒に歌おう
mst.card.10010007._name,おやすみ笑顔
mst.card.10010008._name,おでかけ笑顔
mst.card.10010009._name,スマッシュするよ
mst.card.10010010._name,笑顔全開！
mst.card.10010011._name,炎の心
mst.card.10010012._name,たべちゃうぞ？
mst.card.10010013._name,満開の桜
mst.card.10010014._name,ライスフルーツ！？
mst.card.10020001._name,クォーター
mst.card.10020002._name,頭脳明晰
mst.card.10020003._name,みんなの人気者
mst.card.10020004._name,運動神経抜群
mst.card.10020005._name,責任感
mst.card.10020006._name,生徒会長
mst.card.10020007._name,眠りにつく前
mst.card.10020008._name,おでかけするわ！
mst.card.10020009._name,応援しましょ♪
mst.card.10020010._name,ハラショー♪
mst.card.10020011._name,エリーの懺悔室
mst.card.10020012._name,狐の嫁入り
mst.card.10020013._name,夕暮れの生徒会室
mst.card.10020014._name,亜里沙のイタズラ？
mst.card.10030001._name,おっとり柔らか
mst.card.10030002._name,実はメイドさん
mst.card.10030003._name,ことりと遊ぼう♪
mst.card.10030004._name,準備はできてる！
mst.card.10030005._name,いっくよー！
mst.card.10030006._name,♡のサイン
mst.card.10030007._name,おねむな時間
mst.card.10030008._name,おでかけおめかし
mst.card.10030009._name,コートを駆け抜けて
mst.card.10030010._name,癒しの女神
mst.card.10030011._name,素敵なお菓子
mst.card.10030012._name,ひつじのきもち
mst.card.10030013._name,いらっしゃいませ♪
mst.card.10030014._name,間違えないで〜！
mst.card.10040001._name,大和撫子
mst.card.10040002._name,日舞の家元
mst.card.10040003._name,凛として
mst.card.10040004._name,厳しい練習
mst.card.10040005._name,身体をほぐす
mst.card.10040006._name,撫子の微笑
mst.card.10040007._name,おやすみの挨拶
mst.card.10040008._name,ハイカーのやまびこ
mst.card.10040009._name,白衣でキリッと
mst.card.10040010._name,精神統一
mst.card.10040011._name,ラブバインド
mst.card.10040012._name,幸運の白うさぎ
mst.card.10040013._name,無心へと
mst.card.10040014._name,気持ちは一つ
mst.card.10050001._name,体育会系
mst.card.10050002._name,いつでも明るく
mst.card.10050003._name,元気にジャンプ☆
mst.card.10050004._name,準備万端
mst.card.10050005._name,屋上練習
mst.card.10050006._name,よろしくにゃ♪
mst.card.10050007._name,おやすみ準備
mst.card.10050008._name,レッツハイキング
mst.card.10050009._name,タイムを競う
mst.card.10050010._name,μ'ｓの元気印
mst.card.10050011._name,凛をご覧下さいにゃ♪
mst.card.10050012._name,きまぐれにゃんこ
mst.card.10050013._name,きらめく屋上
mst.card.10050014._name,初めての手作りチョコ
mst.card.10060001._name,大病院のお嬢様
mst.card.10060002._name,高飛車
mst.card.10060003._name,誇りを持って
mst.card.10060004._name,強気で練習
mst.card.10060005._name,ストレッチから
mst.card.10060006._name,果敢に意見
mst.card.10060007._name,明日の予定は
mst.card.10060008._name,お嬢様のおでかけ
mst.card.10060009._name,スパイラルを決めて
mst.card.10060010._name,放課後の歌姫
mst.card.10060011._name,秘密の診察室
mst.card.10060012._name,次の獲物はアナタ
mst.card.10060013._name,スマホ越しのはにかみ
mst.card.10060014._name,フルーツティー
mst.card.10070001._name,意外と策士
mst.card.10070002._name,巻き込んじゃうぞ
mst.card.10070003._name,のほほんとして
mst.card.10070004._name,まぶしい光
mst.card.10070005._name,今から練習♪
mst.card.10070006._name,占いの力
mst.card.10070007._name,明日もよろしく
mst.card.10070008._name,おでかけ日和
mst.card.10070009._name,アタックしちゃうぞ
mst.card.10070010._name,スピリチュアルパワー
mst.card.10070011._name,運命のカード
mst.card.10070012._name,たぬき寝入り♪
mst.card.10070013._name,降り注ぐ光
mst.card.10070014._name,サプライズ希望☆
mst.card.10080001._name,白米大好き
mst.card.10080002._name,自信はないけど
mst.card.10080003._name,アイドルへの憧れ
mst.card.10080004._name,頑張ります！
mst.card.10080005._name,上達したい
mst.card.10080006._name,人見知り
mst.card.10080007._name,ひとりじゃ寂しい
mst.card.10080008._name,おでかけわくわく
mst.card.10080009._name,まるごとみかん
mst.card.10080010._name,炊き立てご飯です♪
mst.card.10080011._name,ご注文のお品物です♪
mst.card.10080012._name,不思議なシンパシー
mst.card.10080013._name,µ'sへの想い
mst.card.10080014._name,キラキラリップ
mst.card.10090001._name,アイドルオタク
mst.card.10090002._name,日夜励んで
mst.card.10090003._name,かわいい仕草
mst.card.10090004._name,がんばるにこ！
mst.card.10090005._name,努力なら任せなさい
mst.card.10090006._name,みんなのニコニー
mst.card.10090007._name,ぎゅっと抱きしめて
mst.card.10090008._name,お待たせ♪
mst.card.10090009._name,心身の鍛錬をして
mst.card.10090010._name,にっこにっこにー
mst.card.10090011._name,教えてあげる♪
mst.card.10090012._name,にこは人気者
mst.card.10090013._name,ありがた～い講義
mst.card.10090014._name,スイカケーキ？
mst.card.20010001._name,憧れのスクールアイドル
mst.card.20010002._name,夢は叶うよ！
mst.card.20010003._name,やってみなくちゃ
mst.card.20010004._name,負けず嫌い
mst.card.20010005._name,遠出の準備
mst.card.20010006._name,想いを馳せて
mst.card.20010007._name,水泳日和！
mst.card.20010008._name,みかんパワー！
mst.card.20010009._name,ブラッシングタイム！
mst.card.20010010._name,コアラの眠り
mst.card.20010011._name,練習帰りの談笑
mst.card.20010012._name,オレンジマーメイド
mst.card.20020001._name,みんなの力に
mst.card.20020002._name,都会から来た転入生
mst.card.20020003._name,一緒に楽しもう♪
mst.card.20020004._name,いい汗かいたね
mst.card.20020005._name,色んな場所に
mst.card.20020006._name,たくさん遊ぼう
mst.card.20020007._name,好きになった内浦
mst.card.20020008._name,新しい自分へ
mst.card.20020009._name,お注射の時間
mst.card.20020010._name,ショーの相棒
mst.card.20020011._name,トリオの旋律
mst.card.20020012._name,りんごの誘惑
mst.card.20030001._name,大人な性格
mst.card.20030002._name,ショップの手伝い
mst.card.20030003._name,出かけようか
mst.card.20030004._name,髪を結んで
mst.card.20030005._name,遠路はるばる
mst.card.20030006._name,機能性抜群
mst.card.20030007._name,サーフィンもお手の物
mst.card.20030008._name,衣装合わせ
mst.card.20030009._name,何度でも頑張ろう♪
mst.card.20030010._name,自然に惹かれて
mst.card.20030011._name,頬を撫でる潮風
mst.card.20030012._name,ring finger
mst.card.20040001._name,名家の子女
mst.card.20040002._name,完璧主義者
mst.card.20040003._name,曲がったことは許さない
mst.card.20040004._name,優勝目指して
mst.card.20040005._name,どこまで遠出を？
mst.card.20040006._name,水門で待ち合わせ
mst.card.20040007._name,内浦に射す光
mst.card.20040008._name,断固2cm！
mst.card.20040009._name,Aqoursと申しますわ！
mst.card.20040010._name,歴史のねじれ
mst.card.20040011._name,姉の日課
mst.card.20040012._name,狼にご用心
mst.card.20050001._name,ヨーソロー！
mst.card.20050002._name,船長志望
mst.card.20050003._name,千歌ちゃんのみかん
mst.card.20050004._name,船出の時間
mst.card.20050005._name,電車で出発！
mst.card.20050006._name,お邪魔しまっす♪
mst.card.20050007._name,海水浴場へ
mst.card.20050008._name,衣装作り
mst.card.20050009._name,近くで寄り添って
mst.card.20050010._name,犯人は、お前だ！
mst.card.20050011._name,耀う水面
mst.card.20050012._name,花嫁カウントダウン
mst.card.20060001._name,ヨハネ見参！
mst.card.20060002._name,堕天使ヨハネ
mst.card.20060003._name,罪深いアクマなの
mst.card.20060004._name,堕☆天
mst.card.20060005._name,仮の姿よ！
mst.card.20060006._name,堕天してみない？
mst.card.20060007._name,浜辺の堕天使
mst.card.20060008._name,罪深き闇のドレス
mst.card.20060009._name,極上堕天使の応援
mst.card.20060010._name,暗黒魔術
mst.card.20060011._name,堕天使じゃんけん
mst.card.20060012._name,煉獄の紅焔への降臨
mst.card.20070001._name,お寺の娘
mst.card.20070002._name,読書大好き
mst.card.20070003._name,休日は図書館へ
mst.card.20070004._name,オラも頑張る
mst.card.20070005._name,文学少女のお出掛け
mst.card.20070006._name,聖歌隊の練習後に
mst.card.20070007._name,内浦の浅瀬で
mst.card.20070008._name,本は財産
mst.card.20070009._name,毎日が大冒険♪
mst.card.20070010._name,ボールを四角く
mst.card.20070011._name,アフターランチ
mst.card.20070012._name,色褪せぬ美しさ
mst.card.20080001._name,チャオ♪
mst.card.20080002._name,理事長
mst.card.20080003._name,シャイニー☆
mst.card.20080004._name,恐れ知らずの挑戦者
mst.card.20080005._name,乗馬のレッスン
mst.card.20080006._name,マリーとおでかけ
mst.card.20080007._name,内浦が一番♪
mst.card.20080008._name,リゾートコーデ
mst.card.20080009._name,愛の調剤
mst.card.20080010._name,熱いパッション
mst.card.20080011._name,風光明媚
mst.card.20080012._name,フルーツカーニバル♪
mst.card.20090001._name,泣き虫さん
mst.card.20090002._name,臆病だって
mst.card.20090003._name,得意の裁縫
mst.card.20090004._name,アイドル目指して
mst.card.20090005._name,行こうよ遠くまで
mst.card.20090006._name,お姉ちゃん待ち
mst.card.20090007._name,砂浜の温度
mst.card.20090008._name,出来るもんっ
mst.card.20090009._name,目指せチアガールさん
mst.card.20090010._name,ルビィの勇気
mst.card.20090011._name,おねぼうさん
mst.card.20090012._name,お花がポイント
mst.card.30010001._name,しとやかに
mst.card.30010002._name,一歩ずつ
mst.card.30010003._name,努力家
mst.card.30010004._name,夜空に咲く花
mst.card.30010005._name,涼やかに咲く花
mst.card.30010006._name,イースターの兎さん♡
mst.card.30010007._name,隣にいるよ
mst.card.30020001._name,小悪魔
mst.card.30020002._name,かすみん♡
mst.card.30020003._name,可愛さ研究
mst.card.30020004._name,金糸雀かすみん
mst.card.30020005._name,ヘルシーキュート
mst.card.30020006._name,かすみんと探そっ♪
mst.card.30020007._name,レインボーコッペパン
mst.card.30030001._name,赤いリボン
mst.card.30030002._name,しっかり者
mst.card.30030003._name,演劇部兼部
mst.card.30030004._name,紺碧のヒロイン
mst.card.30030005._name,涼を求めて
mst.card.30030006._name,お茶会でひとやすみ
mst.card.30030007._name,素の自分で
mst.card.30040001._name,読者モデル
mst.card.30040002._name,頼りになる存在
mst.card.30040003._name,ストイックに
mst.card.30040004._name,薫る夏扇子
mst.card.30040005._name,情熱は胸の奥に
mst.card.30040006._name,たまにはキュートに
mst.card.30040007._name,クオリティの追求
mst.card.30050001._name,みんなの太陽
mst.card.30050002._name,助っ人
mst.card.30050003._name,向上心
mst.card.30050004._name,真夏の太陽
mst.card.30050005._name,はじける笑顔と水風船
mst.card.30050006._name,ハッピーイースター
mst.card.30050007._name,チェンジオブペース
mst.card.30060001._name,マイペース
mst.card.30060002._name,すやぴー……
mst.card.30060003._name,姉として
mst.card.30060004._name,夏だって夢の国へ
mst.card.30060005._name,朝凪のおでかけ
mst.card.30060006._name,うさぎさんがご案内
mst.card.30060007._name,姉妹の食卓
mst.card.30070001._name,熱血真面目
mst.card.30070002._name,変身ヒーロー
mst.card.30070003._name,アツいココロ
mst.card.30070004._name,太陽の下で輝いて
mst.card.30070005._name,紅緋のかざぐるま
mst.card.30070006._name,エッグ発見♪
mst.card.30070007._name,大好きを伝えたい！
mst.card.30080001._name,おっとりマイペース
mst.card.30080002._name,スイスの空気
mst.card.30080003._name,みんなの支え
mst.card.30080004._name,夏の木漏れ日の下
mst.card.30080005._name,かき氷の清涼感
mst.card.30080006._name,可愛い卵見つけたよ
mst.card.30080007._name,爽やかな木漏れ日
mst.card.30090001._name,やりたいこと
mst.card.30090002._name,気持ちを繋げる
mst.card.30090003._name,璃奈ちゃんボード
mst.card.30090004._name,璃奈ちゃんうちわ
mst.card.30090005._name,避暑地で涼もう
mst.card.30090006._name,イースターバルーン
mst.card.30090007._name,お散歩役員のお世話
mst.card.30100001._name,夢の始まり
mst.card.30100002._name,みんなのために
mst.card.30100003._name,努力を重ねて
mst.card.30100004._name,そよぐ花萌葱
mst.card.30100005._name,半日陰で咲く
mst.card.30100006._name,復活の象徴
mst.card.30100007._name,精進あるのみ
mst.card.30110001._name,飛び級転入生
mst.card.30110002._name,NewYorker
mst.card.30110003._name,ボクの曲
mst.card.30110004._name,浴衣に挑戦
mst.card.30110005._name,しゅわっとラムネ
mst.card.30110006._name,エッグはどこに？
mst.card.30110007._name,渾身の作曲
mst.card.30120001._name,無問題ラ！
mst.card.30120002._name,香港出身
mst.card.30120003._name,何でもできる
mst.card.30120004._name,軽やかな足取り
mst.card.30120005._name,パリパリりんご飴
mst.card.30120006._name,フルーツサンド
mst.card.30120007._name,ライバルで仲間
mst.card.40010001._name,諦めないキモチ
mst.card.40010002._name,歌うのが好き
mst.card.40010003._name,おうちで唄おう
mst.card.40010004._name,みんなを元気に
mst.card.40010005._name,ちょっぴりシャイでも
mst.card.40010006._name,原宿に繰り出そう
mst.card.40010007._name,想いを胸に
mst.card.40020001._name,一直線！
mst.card.40020002._name,上海出身
mst.card.40020003._name,おうちでおめかし
mst.card.40020004._name,精一杯頑張るのデス！
mst.card.40020005._name,パワフルな情熱家
mst.card.40020006._name,ラフにキメて☆
mst.card.40020007._name,衣装スタイリスト
mst.card.40030001._name,ダンス担当
mst.card.40030002._name,丸いものラブ
mst.card.40030003._name,おうちでサプライズ
mst.card.40030004._name,一緒に踊ろう
mst.card.40030005._name,たこ焼き食べる？
mst.card.40030006._name,軽快な挨拶♪
mst.card.40030007._name,先輩のステップ
mst.card.40040001._name,ショウビズ精神
mst.card.40040002._name,ジョーカー的存在
mst.card.40040003._name,おうちでカンパイ☆
mst.card.40040004._name,ギャラクシー！
mst.card.40040005._name,舞い戻った表舞台
mst.card.40040006._name,厚底で往く！
mst.card.40040007._name,両腕いっぱい
mst.card.40050001._name,優等生
mst.card.40050002._name,お嬢様
mst.card.40050003._name,おうちを飾り付け
mst.card.40050004._name,たゆまぬ努力
mst.card.40050005._name,みなさんの模範に
mst.card.40050006._name,ゆるリラコーデ
mst.card.40050007._name,母の残した結ヶ丘
mst.card.40060001._name,北の大地から
mst.card.40060002._name,明るく大らか
mst.card.40060003._name,おうちで休憩
mst.card.40060004._name,キラキラを目指して
mst.card.40060005._name,頑張るっす！
mst.card.40060006._name,ガーリーと合わせて
mst.card.40060007._name,地上２３０メートル
mst.card.40070001._name,やってみたい
mst.card.40070002._name,四季と共に
mst.card.40070003._name,おうちでパーティ
mst.card.40070004._name,……応援よろしく
mst.card.40070005._name,私も夢に向かって
mst.card.40070006._name,クールにおめかし
mst.card.40070007._name,コンプリート目前
mst.card.40080001._name,科学部兼務
mst.card.40080002._name,メイと共に
mst.card.40080003._name,おうちでまったり
mst.card.40080004._name,冷静沈着ミステリアス
mst.card.40080005._name,賑やかも悪くない
mst.card.40080006._name,一枚でもサマに
mst.card.40080007._name,放課後の科学室
mst.card.40090001._name,オニサプリ
mst.card.40090002._name,マニーの匂い
mst.card.40090003._name,心弾むおうち
mst.card.40090004._name,盛り上げますの！
mst.card.40090005._name,見つけた新たな夢
mst.card.40090006._name,甘♡辛ピース
mst.card.40090007._name,オニナッツ生配信中！
mst.card.40010008._name,雲の上はいつも晴れ
mst.card.40020008._name,思い立ったが吉日
mst.card.40030008._name,笑う門には福来たる
mst.card.40040008._name,一念天に通ず
mst.card.40050008._name,初心忘るべからず
mst.card.40060008._name,七転び八起き
mst.card.40070008._name,一生懸命
mst.card.40080008._name,沈黙は金
mst.card.40090008._name,嘘も方便
mst.card.10010015._name,ミラクルライブ！
mst.card.20010013._name,ミラクルライブ☆
mst.card.30010009._name,ミラクルライブ♡
mst.card.40010009._name,ミラクルライブ♪
mst.card.40090009._name,レクチャーしますの
mst.card.40020009._name,くるくるアイス
mst.card.40030009._name,元気出して♪
mst.card.10010016._name,スポーツドリンク
mst.card.10020015._name,新作！動物モナカ
mst.card.10090015._name,µ'sと私
mst.card.20010014._name,メガネ試着中
mst.card.20020013._name,ひとくちどうぞ
mst.card.20070013._name,商店街グルメ食べ歩き
mst.card.40010010._name,幸せのアップルパイ
mst.card.30050009._name,サプライズＢＢＱ
mst.card.30060009._name,下見後のすやぴ
mst.card.30080009._name,空に響く癒しの声
mst.card.30090009._name,難易度高めのライブ
mst.card.20030013._name,この海が大好き
mst.card.20040013._name,シェルフロート
mst.card.20090013._name,割れないスイカ
mst.card.10070015._name,レイニーバースデイ
mst.card.20080013._name,雫滴る紫陽花
mst.card.40080009._name,クワガタケーキ
mst.card.30040009._name,朝からサプライズ！
mst.card.10070016._name,梅田の街で
mst.card.40040009._name,まるでハリウッドスター
mst.card.40050009._name,夏空ビーチバレー
mst.card.40060010._name,高波に驚いて
mst.card.30010010._name,休憩はプールサイドで
mst.card.30100009._name,スライダープール
mst.card.30020009._name,海の中で虎視眈々
mst.card.20060014._name,感謝を込めて
mst.card.40020010._name,サニパサプライズ
mst.card.10090016._name,駅前に響く連弾
mst.card.10030016._name,夏の終わりに近づいて
mst.card.10050015._name,ノリノリサーフィン
mst.card.10040016._name,ビーチフラッグ
mst.card.40070010._name,金魚すくい
mst.card.40080010._name,メイのための百発百中
mst.card.40010011._name,夜空に大輪の花
mst.card.20010015._name,バスに揺られて
mst.card.10010017._name,幼馴染からの手紙
mst.card.40090010._name,長いお鼻に掴まって
mst.card.30070009._name,アニカラパーティー
mst.card.20060015._name,闇の力が集う場所
mst.card.20080014._name,遠い月を覗いて
mst.card.20050014._name,ススキのさざなみ
mst.card.10060015._name,納涼の夕べ
mst.card.10070017._name,神田を往く納涼船
mst.card.10080016._name,何皿食べちゃう？
mst.card.10030017._name,二人でコスプリ♡
mst.card.20020014._name,飛び交うカモメ
mst.card.20090014._name,秋の新作スイーツ
mst.card.40040010._name,メロンにめろめろ♡
mst.card.30120010._name,ハロウィンアフタヌーン
mst.card.30110010._name,サプライズハロウィン
mst.card.30030010._name,ヒミツの計画
mst.card.20070015._name,フラワーパーク
mst.card.20040015._name,サカサマ世界
mst.card.20030015._name,お化け屋敷
mst.card.30100010._name,姉との時間
mst.card.10020017._name,ヘアアレンジ
mst.card.40070011._name,猫カフェ日和
mst.card.10040017._name,あなたとどこまでも
mst.card.20050015._name,大冒険へヨーソロー！
mst.card.30070011._name,大冒険の幕開け
mst.card.40030011._name,見たことのない景色へ
mst.card.30010011._name,共に歩んだ先に
mst.card.30020010._name,超絶可憐にかわいい子
mst.card.30030011._name,青春という舞台
mst.card.30040010._name,クールビューティ
mst.card.30050011._name,愛してるよ愛だけに
mst.card.30060010._name,お昼寝ライブ
mst.card.30070012._name,『大好き』を伝えたい！
mst.card.30080010._name,癒しの歌を唄おう
mst.card.30090011._name,ファンとのコネクト
mst.card.30100011._name,適性が備わっています
mst.card.30110011._name,夢に手を伸ばして
mst.card.30120011._name,同好会の一員として
mst.card.30010012._name,あなたを見つめる
mst.card.30020011._name,大人デート♡
mst.card.30030012._name,あざとくキメちゃう
mst.card.30040011._name,特別な恋を探して
mst.card.30050012._name,ふたりで楽しく
mst.card.40030012._name,おつかれさま会
mst.card.40060011._name,緊張の舞台袖
mst.card.40090011._name,持ち前の情報収集能力
mst.card.30070013._name,有志でバンド
mst.card.30050013._name,模擬店ハシゴ中
mst.card.30040012._name,執事喫茶のエース
mst.card.10050016._name,可愛い贈り物たち
mst.card.30090012._name,FULL COMBO！！
mst.card.40050011._name,苺スイーツビュッフェ
mst.card.30060011._name,ずっとあなたのことを
mst.card.30070014._name,みんなに伝えるラブ
mst.card.30080011._name,記憶のなかのあなた
mst.card.30090013._name,大切なあなたへ
mst.card.10040018._name,愛をあなたに
mst.card.20050016._name,楽しむであります！
mst.card.30070015._name,行きますよー！
mst.card.40030013._name,準備はマルッ♪
mst.card.10010019._name,春らんまんっ！
mst.card.20010017._name,灼熱の夏浜
mst.card.30010013._name,秋の夜長に
mst.card.40010013._name,煌めく冬天
mst.card.30010014._name,準備はできたよ
mst.card.30020013._name,フォーマルかすみん
mst.card.30030013._name,社会人になりきります
mst.card.30040013._name,格好よく行きましょう
mst.card.30050014._name,部下を選『ぶか』！
mst.card.30060012._name,すやぴの前の一仕事
mst.card.30070016._name,ビシッと行きましょう
mst.card.30080012._name,キマってるかな？
mst.card.30090014._name,いつもと違う感覚
mst.card.30100012._name,さあ、お仕事です♪
mst.card.30110012._name,行くよベイビーちゃん
mst.card.30120012._name,ランジュが上司よ！
mst.card.40100001._name,圧倒的音楽センス
mst.card.40110001._name,シビアに分析
mst.card.10040019._name,µ'sのクリスマス
mst.card.10090018._name,ごちそう準備中
mst.card.10010020._name,冬の星は木の上に
mst.card.40010014._name,ふたりでポーズ
mst.card.40020012._name,雪と氷のツリー
mst.card.40080011._name,太古の世界から
mst.card.30110013._name,憧れの選手が日本に！
mst.card.30060013._name,抗えないこたつの魅力
mst.card.40110002._name,Jellyfish
mst.card.30100013._name,私の印
mst.card.30110014._name,高鳴る気持ち
mst.card.30120013._name,最高の恋しましょ！
mst.card.60010001._name,占い屋の少女
mst.card.60020001._name,屋台の売り子
mst.card.60030001._name,執務長官
mst.card.60040001._name,妖精族の末裔
mst.card.60050001._name,老舗旅館の看板娘
mst.card.60060001._name,メッセンジャー
mst.card.60070001._name,メカニック
mst.card.60080001._name,動物学者
mst.card.60090001._name,魔王の末裔
mst.card.20010018._name,にぎやかな街！
mst.card.30010015._name,新たなステージへ
mst.card.40010015._name,出会いの予感
mst.card.20050017._name,おせちと特製シャイ煮
mst.card.20090016._name,ペンギンさんたちと♡
mst.card.20010019._name,海で眺める初日の出
mst.card.10030018._name,あ～ん、こけちゃった
mst.card.10060017._name,雪舞うリンクで
mst.card.10050018._name,手助けは任せるにゃ！
mst.card.20040016._name,絵馬に記す願いは
mst.card.10080017._name,高まる理由はひとつ
mst.card.40100002._name,デュエット
mst.card.30020014._name,メイクアップかすみん
mst.card.30030014._name,オフィーリアと協力♪
mst.card.30040014._name,チョコレート試作中
mst.card.30010017._name,あ～んして♡
mst.card.20020016._name,鬼のお面を手作りして
mst.card.20060016._name,強力すぎる鬼は外
mst.card.20080016._name,超豪華恵方巻
mst.card.30080014._name,パンならいくらでも♡
mst.card.20030016._name,特別なティータイム
mst.card.30120014._name,空中ブランコに乗って
mst.card.40030014._name,マルをめぐった一日
mst.card.40010016._name,お待ちどおさま♪
mst.card.40020014._name,クッキングデス！
mst.card.40030015._name,ひとくち食べちゃえ
mst.card.40040012._name,あ～んがお望み？
mst.card.40050012._name,はい、どうぞ♪
mst.card.40060012._name,ほっぺた落ちそうっす
mst.card.40070012._name,美味しくできたぞ
mst.card.40080013._name,試食挑戦者募集中
mst.card.40090013._name,特製スムージーですの
mst.card.40100003._name,気持ちを込めるわ
mst.card.40110003._name,効率的に調理完了
mst.card.40050013._name,ありがとうの気持ちを
mst.card.40070013._name,先輩達への差し入れ
mst.card.40040013._name,素直になれなくて
mst.card.30010018._name,生け花に挑戦！
mst.card.20070016._name,感動！VR体験
mst.card.10040020._name,縁側にこぼれる微笑
mst.card.30030015._name,ふたりはヒーロー☆
mst.card.40060013._name,東京フライドポテト
mst.card.20050019._name,思い出の場所で再撮影
mst.card.10060018._name,春の天体観測
mst.card.10020018._name,エガオ、エイエン
mst.card.20060017._name,どうしよう！？
mst.card.30010019._name,近くにいてくれない？
mst.card.120030001._name,桜坂しずく
mst.card.140020001._name,宮下ココ
mst.card.140030001._name,逢沢遊宇
mst.card.140040001._name,一之瀬マリカ
mst.card.140050001._name,結城紗菜
mst.card.140060001._name,西村文絵
mst.card.140070001._name,永山みなみ
mst.card.140080001._name,クリスティーナ
mst.card.140090001._name,菊池朱美
mst.card.140100001._name,須田いるか
mst.card.140110001._name,杉崎亜矢
mst.card.140120001._name,御堂優理
mst.card.140130001._name,佐伯麗音
mst.card.140140001._name,鳥居歩美
mst.card.140150001._name,神谷理華
mst.card.140160001._name,森嶋ななか
mst.card.140170001._name,九条聖来
mst.card.120060001._name,近江彼方
mst.card.140180001._name,近江遥
mst.card.140190001._name,下園咲
mst.card.140200001._name,田中さち子
mst.card.140210001._name,支倉かさね
mst.card.140220001._name,多々良るう
mst.card.140230001._name,篠宮あきる
mst.card.140240001._name,吉川瑞希
mst.card.140250001._name,白木凪
mst.card.140260001._name,藤城悠弓
mst.card.140270001._name,深山聡子
mst.card.140280001._name,山内奈々子
mst.card.140290001._name,笹原京子
mst.card.100010001._name,高坂穂乃果
mst.card.100020001._name,絢瀬絵里
mst.card.100030001._name,南ことり
mst.card.100040001._name,園田海未
mst.card.100050001._name,星空凛
mst.card.100060001._name,西木野真姫
mst.card.100070001._name,東條希
mst.card.100080001._name,小泉花陽
mst.card.100090001._name,矢澤にこ
mst.card.100010002._name,高坂穂乃果
mst.card.100020002._name,絢瀬絵里
mst.card.100030002._name,南ことり
mst.card.100040002._name,園田海未
mst.card.100050002._name,星空凛
mst.card.100060002._name,西木野真姫
mst.card.100070002._name,東條希
mst.card.100080002._name,小泉花陽
mst.card.100090002._name,矢澤にこ
mst.card.100010003._name,高坂穂乃果
mst.card.100020003._name,絢瀬絵里
mst.card.100030003._name,南ことり
mst.card.100040003._name,園田海未
mst.card.100050003._name,星空凛
mst.card.100060003._name,西木野真姫
mst.card.100070003._name,東條希
mst.card.100080003._name,小泉花陽
mst.card.100090003._name,矢澤にこ
mst.card.100010004._name,笑顔全開！
mst.card.100020004._name,ハラショー♪
mst.card.100030004._name,癒しの女神
mst.card.100040004._name,精神統一
mst.card.100050004._name,μ'ｓの元気印
mst.card.100060004._name,放課後の歌姫
mst.card.100070004._name,スピリチュアルパワー
mst.card.100080004._name,炊き立てご飯です♪
mst.card.100090004._name,にっこにっこにー
mst.card.100010005._name,笑顔のステージ
mst.card.100020005._name,あなたの心、頂きます
mst.card.100080005._name,アイドルへの想い
mst.card.100010006._name,高坂穂乃果
mst.card.100040005._name,ラブアローシュート！
mst.card.100090005._name,小悪魔ガール
mst.card.100040006._name,園田海未
mst.card.140300001._name,黒崎隼
mst.card.140310001._name,設楽ふみ
mst.card.140340001._name,桐原優香
mst.card.140320001._name,門田剣
mst.card.100010007._name,炎の心
mst.card.100030005._name,ひつじのきもち
mst.card.100070005._name,運命のカード
mst.card.100060005._name,誓いのメロディー
mst.card.140350001._name,斉木風
mst.card.100020006._name,狐の嫁入り
mst.card.100040007._name,幸運の白うさぎ
mst.card.100080006._name,ご注文のお品物です♪
mst.card.100080007._name,小泉花陽
mst.card.100030006._name,南ことり
mst.card.100060006._name,秘密の診察室
mst.card.140330001._name,アルパカ[白]
mst.card.140360001._name,福原命
mst.card.140370001._name,坂巻千鶴子
mst.card.140380001._name,志賀仁美
mst.card.100040008._name,ラブバインド
mst.card.100050005._name,凛をご覧下さいにゃ♪
mst.card.100090006._name,にこは人気者
mst.card.100030007._name,天使の歌声
mst.card.100050006._name,星空凛
mst.card.100060007._name,西木野真姫
mst.card.140390001._name,鬼崎アキラ
mst.card.100030008._name,素敵なお菓子
mst.card.100070006._name,たぬき寝入り♪
mst.card.140400001._name,紫藤美咲
mst.card.100050007._name,きまぐれにゃんこ
mst.card.140410001._name,月島結架
mst.card.140420001._name,兵藤さゆり
mst.card.100060008._name,次の獲物はアナタ
mst.card.100090007._name,教えてあげる♪
mst.card.100070007._name,運命の相手
mst.card.140430001._name,蘭花
mst.card.140480001._name,黒羽咲夜
mst.card.100010008._name,たべちゃうぞ？
mst.card.100020007._name,エリーの懺悔室
mst.card.100050008._name,伝説のラーメン！
mst.card.100010009._name,高坂穂乃果
mst.card.100090008._name,矢澤にこ
mst.card.100010010._name,高坂穂乃果
mst.card.100020008._name,絢瀬絵里
mst.card.100030009._name,南ことり
mst.card.100040009._name,園田海未
mst.card.100050009._name,星空凛
mst.card.100060009._name,西木野真姫
mst.card.100070008._name,東條希
mst.card.100080008._name,小泉花陽
mst.card.100090009._name,矢澤にこ
mst.card.100030010._name,南ことり
mst.card.140440001._name,ラクシャータ
mst.card.140450001._name,レベッカ
mst.card.100010011._name,海辺の太陽
mst.card.100020009._name,魅惑のマーメイド
mst.card.100040010._name,今日は海未の日♪
mst.card.100050010._name,夕焼けサマーガール
mst.card.100090010._name,真夏の熱視線☆
mst.card.140460001._name,綾小路姫乃
mst.card.140470001._name,黒羽咲良
mst.card.100030011._name,可憐なマリンガール
mst.card.100060010._name,渚の歌姫
mst.card.100080009._name,波打際のプリンセス
mst.card.100070009._name,真夏の果実☆
mst.card.100080010._name,不思議なシンパシー
mst.card.100020010._name,絢瀬絵里
mst.card.100070010._name,東條希
mst.card.100010012._name,高坂穂乃果
mst.card.140490001._name,白瀬小雪
mst.card.140520001._name,高天原睦月
mst.card.100010013._name,みんなと夏祭り
mst.card.100050011._name,盆踊りするにゃ！
mst.card.100060011._name,金魚すくい名人？
mst.card.100070011._name,お祭り娘
mst.card.100040011._name,晩夏の浴衣美人
mst.card.140500001._name,相川涼
mst.card.100070012._name,わしわし
mst.card.140510001._name,イザベラ
mst.card.100020011._name,あなたとリンゴ飴
mst.card.100080011._name,夜店めぐり♪
mst.card.100090011._name,夏休みの思い出
mst.card.100030012._name,夕涼みガール
mst.card.120080001._name,エマ・ヴェルデ
mst.card.100050012._name,お月見するにゃ！
mst.card.100040012._name,園田海未
mst.card.100010014._name,高坂穂乃果
mst.card.100020012._name,おつかれさま！
mst.card.100040013._name,敏腕マネージャー
mst.card.100080012._name,精一杯の応援
mst.card.100070013._name,必勝のおまじない
mst.card.100010015._name,あなたへのエール
mst.card.140530001._name,ジェニファー
mst.card.100060012._name,ご奉仕してあげる♪
mst.card.140540001._name,マリア
mst.card.100030013._name,エンジェルホイッスル
mst.card.100060013._name,一等賞の笑顔
mst.card.100090012._name,にこにこサポート
mst.card.100050013._name,いっしょにゴール
mst.card.140550001._name,レオ
mst.card.100020013._name,読書の秋
mst.card.140560001._name,早乙女紫
mst.card.100010016._name,至福のつまみ食い
mst.card.100020014._name,特製ボルシチ
mst.card.100030014._name,はい、あーん♪
mst.card.100090013._name,家庭的アイドル
mst.card.100080013._name,癒やしのメニュー
mst.card.100030015._name,南ことり
mst.card.120060002._name,近江彼方
mst.card.100030016._name,保健室の天使
mst.card.140070002._name,永山みなみ
mst.card.100040014._name,食物への感謝
mst.card.100050014._name,お手製ラーメン
mst.card.100070014._name,開運フルコース
mst.card.100060014._name,秘密の手料理
mst.card.120030002._name,桜坂しずく
mst.card.100010017._name,穂むらの看板娘
mst.card.140210002._name,支倉かさね
mst.card.100040015._name,きよしこの夜
mst.card.100050015._name,クリスマス・ベル
mst.card.100060015._name,クリスマスキャロル
mst.card.100090014._name,良い子のクリスマス
mst.card.100020015._name,あなたへのプレゼント
mst.card.140230002._name,篠宮あきる
mst.card.100080014._name,リンクの妖精
mst.card.140370002._name,坂巻千鶴子
mst.card.100010018._name,キャンドルナイト
mst.card.100030017._name,ホワイトクリスマス
mst.card.100080015._name,クリスマスのごちそう
mst.card.100070015._name,あなたのサンタさん
mst.card.100030018._name,ことり式雪だるま
mst.card.140430002._name,蘭花
mst.card.100040016._name,雪の降る夜に
mst.card.100090015._name,プレゼントはわたし？
mst.card.140110002._name,杉崎亜矢
mst.card.100030019._name,素敵な初夢
mst.card.100050016._name,今年は大吉！
mst.card.100070016._name,新年のおまじない
mst.card.100090016._name,福娘ここにあり
mst.card.100040017._name,謹賀新年
mst.card.140300002._name,黒崎隼
mst.card.100090017._name,手作りおせち
mst.card.100060016._name,氷上の舞姫
mst.card.100040018._name,園田海未
mst.card.140460002._name,綾小路姫乃
mst.card.100020016._name,内緒のお年玉
mst.card.100060017._name,年に一度の晴れ姿
mst.card.100080016._name,お餅もお米
mst.card.100010019._name,ハッピーニューイヤー
mst.card.140320002._name,門田剣
mst.card.100070017._name,願いを込めて
mst.card.100050017._name,星空凛
mst.card.100010020._name,高坂穂乃果
mst.card.100020017._name,絢瀬絵里
mst.card.100030020._name,南ことり
mst.card.100040019._name,園田海未
mst.card.100050018._name,星空凛
mst.card.100060018._name,西木野真姫
mst.card.100070018._name,東條希
mst.card.100080017._name,小泉花陽
mst.card.100090018._name,矢澤にこ
mst.card.100010021._name,高坂穂乃果
mst.card.100020018._name,絢瀬絵里
mst.card.100030021._name,南ことり
mst.card.100040020._name,園田海未
mst.card.100050019._name,星空凛
mst.card.100060019._name,西木野真姫
mst.card.100070019._name,東條希
mst.card.100080018._name,小泉花陽
mst.card.100090019._name,矢澤にこ
mst.card.140130002._name,佐伯麗音
mst.card.100010022._name,動物がいっぱい
mst.card.100040021._name,秘めた想い
mst.card.100050020._name,凛のひみつ
mst.card.100080019._name,ドキドキバレンタイン
mst.card.100090020._name,超レアチョコ
mst.card.100030022._name,南ことり
mst.card.140250002._name,白木凪
mst.card.100050021._name,冬の思い出♪
mst.card.140530002._name,ジェニファー
mst.card.100020019._name,一粒チョコレート
mst.card.100030023._name,口溶けスイーツ♪
mst.card.100070020._name,ハッピーバレンタイン
mst.card.100060020._name,真姫の隠し事
mst.card.140380002._name,志賀仁美
mst.card.100060021._name,鬼はうち
mst.card.140020002._name,宮下ココ
mst.card.100010023._name,おひさまパワー☆
mst.card.100020020._name,音ノ木坂のお姉さん
mst.card.100040022._name,雪どけの季節
mst.card.100070021._name,新しい風
mst.card.100080020._name,花陽の春コーデ♪
mst.card.140220002._name,多々良るう
mst.card.100090021._name,女の子の好きなもの
mst.card.140120002._name,御堂優理
mst.card.100030024._name,ことりのまくら♪
mst.card.100060022._name,募る想い
mst.card.100090022._name,挑戦者にこ
mst.card.100050022._name,遊びに行こうっ！
mst.card.140310002._name,設楽ふみ
mst.card.100030025._name,綺麗なことりさん
mst.card.100050023._name,星空凛
mst.card.100080021._name,小泉花陽
mst.card.140260002._name,藤城悠弓
mst.card.100010024._name,やっぱり幸せ！
mst.card.100030026._name,甘みたっぷり☆
mst.card.100050024._name,スイートラーメン
mst.card.100080022._name,まかせてください！
mst.card.100020021._name,亜里沙も一緒♪
mst.card.140360002._name,福原命
mst.card.100060023._name,桜の木の下で
mst.card.140170002._name,九条聖来
mst.card.100010025._name,高坂穂乃果
mst.card.100020022._name,絢瀬絵里
mst.card.100030027._name,南ことり
mst.card.100040023._name,園田海未
mst.card.100050025._name,星空凛
mst.card.100060024._name,西木野真姫
mst.card.100070022._name,東條希
mst.card.100080023._name,小泉花陽
mst.card.100090023._name,矢澤にこ
mst.card.100060025._name,フルーツガール
mst.card.100070023._name,自然の恵み♪
mst.card.100090024._name,スイーツアイドル
mst.card.100040024._name,甘味のちから
mst.card.100010026._name,高坂穂乃果
mst.card.100020023._name,絢瀬絵里
mst.card.100030028._name,南ことり
mst.card.100040025._name,園田海未
mst.card.100050026._name,星空凛
mst.card.100060026._name,西木野真姫
mst.card.100070024._name,東條希
mst.card.100080024._name,小泉花陽
mst.card.100090025._name,矢澤にこ
mst.card.140550002._name,レオ
mst.card.100080025._name,ご飯とお味噌汁
mst.card.140490002._name,白瀬小雪
mst.card.100040026._name,海未の恩返し
mst.card.100050027._name,魔法のランプ
mst.card.100060027._name,目覚めの口づけ
mst.card.100070025._name,塔の中の乙女
mst.card.100030029._name,小さなお姫様
mst.card.140450002._name,レベッカ
mst.card.100040027._name,勇敢なる乙女
mst.card.140500002._name,相川涼
mst.card.100010027._name,とろーりチーズ♪
mst.card.100020024._name,魔法が解けても
mst.card.100090026._name,食べちゃダメよ？
mst.card.100080026._name,ちびっこおにぎり！
mst.card.140390002._name,鬼崎アキラ
mst.card.100010028._name,ゆっくり行こう！
mst.card.140440002._name,ラクシャータ
mst.card.100040028._name,寄り添いポーズ
mst.card.100050028._name,大人みたい♪
mst.card.100070026._name,空想ブライダル
mst.card.100090027._name,人気モデルにこ♪
mst.card.100020025._name,シンプルドレス
mst.card.140470002._name,黒羽咲良
mst.card.100050029._name,おっきな水たまり
mst.card.100010029._name,高坂穂乃果
mst.card.140080002._name,クリスティーナ
mst.card.100030030._name,ことりデザイン
mst.card.100060028._name,付き添いパーティ♪
mst.card.100080027._name,はじめてのドレス
mst.card.100010030._name,その日が来るまで
mst.card.100010031._name,高坂穂乃果
mst.card.100020026._name,絢瀬絵里
mst.card.100030031._name,南ことり
mst.card.100040029._name,園田海未
mst.card.100050030._name,星空凛
mst.card.100060029._name,西木野真姫
mst.card.100070027._name,東條希
mst.card.100080028._name,小泉花陽
mst.card.100090028._name,矢澤にこ
mst.card.140480002._name,黒羽咲夜
mst.card.100020027._name,キミとの時間
mst.card.100010032._name,高坂穂乃果
mst.card.100020028._name,絢瀬絵里
mst.card.100070028._name,東條希
mst.card.140100002._name,須田いるか
mst.card.100010033._name,ゆらゆらダンス
mst.card.100040030._name,海のお友達
mst.card.100050031._name,ホントの人魚
mst.card.100090029._name,虜にしちゃう☆
mst.card.100060030._name,今の幸せ
mst.card.140400002._name,紫藤美咲
mst.card.100070029._name,ホッと一息♪
mst.card.100020029._name,絢瀬絵里
mst.card.100060031._name,西木野真姫
mst.card.140540002._name,マリア
mst.card.100020030._name,人魚姫の強さ
mst.card.100030032._name,カラフルうろこ
mst.card.100080029._name,マーメイドアイドル
mst.card.100070030._name,一途な想い
mst.card.100060032._name,西木野真姫
mst.card.100090030._name,矢澤にこ
mst.card.140030002._name,逢沢遊宇
mst.card.100030033._name,夏のウォーターガール
mst.card.100020031._name,二人っきりの海水浴
mst.card.140060002._name,西村文絵
mst.card.100010034._name,世界のありがとう
mst.card.100020032._name,いつもと違う私
mst.card.100050032._name,最強カンフーアイドル
mst.card.100070031._name,香ばしき中国茶
mst.card.100030034._name,幸せな夢
mst.card.140570001._name,矢澤ここあ
mst.card.140580001._name,矢澤虎太郎
mst.card.140590001._name,矢澤こころ
mst.card.140710001._name,アルパカ[茶]
mst.card.140600001._name,ミカ
mst.card.140610001._name,フミコ
mst.card.140620001._name,ヒデコ
mst.card.140630001._name,山田博子
mst.card.140640001._name,にこの母
mst.card.140650001._name,ことりの母
mst.card.140660001._name,真姫の母
mst.card.140670001._name,穂乃果の母
mst.card.140150002._name,神谷理華
mst.card.100090031._name,スク水にこ♪
mst.card.140190002._name,下園咲
mst.card.100040031._name,笑顔をあげたい
mst.card.100060033._name,オーダーメイド
mst.card.100080030._name,スリットの秘密
mst.card.100090032._name,にこにー飯店
mst.card.140200002._name,田中さち子
mst.card.100060034._name,おばけなんてキライ！
mst.card.100060035._name,西木野真姫
mst.card.100090033._name,矢澤にこ
mst.card.100050033._name,星空凛
mst.card.140160002._name,森嶋ななか
mst.card.100030035._name,後ろも見てね♪
mst.card.100060036._name,お絵かきホットケーキ
mst.card.100070032._name,じゃんけんゲーム
mst.card.100090034._name,クッキングパワー☆
mst.card.100050034._name,パフェ一丁！
mst.card.140350002._name,斉木風
mst.card.100010035._name,お祭りはっぴ
mst.card.140090002._name,菊池朱美
mst.card.100010036._name,メイド見習い
mst.card.100020033._name,ほどけたリボン
mst.card.100080031._name,着てもかわいい！
mst.card.100040032._name,クラシックメイド
mst.card.140510002._name,イザベラ
mst.card.100040033._name,ヒーロー登場！
mst.card.100020034._name,絢瀬絵里
mst.card.100040034._name,園田海未
mst.card.140040002._name,一之瀬マリカ
mst.card.100010037._name,とことん遊ぼう！
mst.card.100040035._name,二人でデート
mst.card.100060037._name,照れ隠しハロウィン
mst.card.100090035._name,みんなを元気に♪
mst.card.100080032._name,魔法にかけられて
mst.card.100080033._name,小泉花陽
mst.card.140340002._name,桐原優香
mst.card.100080034._name,豊穣の女神
mst.card.140050002._name,結城紗菜
mst.card.100010038._name,高坂穂乃果
mst.card.100020035._name,絢瀬絵里
mst.card.100030036._name,南ことり
mst.card.100040036._name,園田海未
mst.card.100050035._name,星空凛
mst.card.100060038._name,西木野真姫
mst.card.100070033._name,東條希
mst.card.100080035._name,小泉花陽
mst.card.100090036._name,矢澤にこ
mst.card.100020036._name,イタズラしちゃうぞ？
mst.card.100030037._name,イタズラしません！
mst.card.100050036._name,言うこと聞くにゃ！
mst.card.100070034._name,ハロウィンデート
mst.card.140410002._name,月島結架
mst.card.100050037._name,妖怪にゃんこ
mst.card.100010039._name,高坂穂乃果
mst.card.100040037._name,園田海未
mst.card.100010040._name,高坂穂乃果
mst.card.100030038._name,南ことり
mst.card.100080036._name,小泉花陽
mst.card.100070035._name,東條希
mst.card.140420002._name,兵藤さゆり
mst.card.100010041._name,みんなで一緒に……♪
mst.card.100030039._name,歌声を響かせて
mst.card.100070036._name,幸せな双子
mst.card.100080037._name,感動です！
mst.card.100060039._name,神話の世界へ
mst.card.140180002._name,近江遥
mst.card.100020037._name,二人でアクセ作り♪
mst.card.120080002._name,エマ・ヴェルデ
mst.card.100020038._name,正義、審判せず？
mst.card.100040038._name,夜の星見
mst.card.100090037._name,矢澤にこの輝き
mst.card.100050038._name,きらきら星
mst.card.100030040._name,南ことり
mst.card.100080038._name,小泉花陽
mst.card.140140002._name,鳥居歩美
mst.card.100070037._name,百発百中！
mst.card.100040039._name,園田海未
mst.card.100050039._name,星空凛
mst.card.100070038._name,東條希
mst.card.140240002._name,吉川瑞希
mst.card.100040040._name,雪山特訓
mst.card.100070039._name,温泉卓球♪
mst.card.100080039._name,転びますっ……！
mst.card.100090038._name,温泉のマドンナ
mst.card.100030041._name,海未ちゃんと猛特訓
mst.card.140520002._name,高天原睦月
mst.card.100060040._name,当然のおもてなし
mst.card.140560002._name,早乙女紫
mst.card.100020039._name,手加減しないから♪
mst.card.100050040._name,凛のスノボレッスン
mst.card.100060041._name,今日はゲレンデで
mst.card.100010042._name,二人で抜け出そうっ！
mst.card.100060042._name,クリスマスの夜
mst.card.140340003._name,桐原優香
mst.card.100090039._name,にこにーエンジェル
mst.card.100020040._name,絢瀬絵里
mst.card.100060043._name,西木野真姫
mst.card.100090040._name,矢澤にこ
mst.card.100020041._name,絢瀬絵里
mst.card.100070040._name,東條希
mst.card.100010043._name,高坂穂乃果
mst.card.140450003._name,レベッカ
mst.card.100010044._name,高坂穂乃果
mst.card.100020042._name,絢瀬絵里
mst.card.100030042._name,南ことり
mst.card.100040041._name,園田海未
mst.card.100050041._name,星空凛
mst.card.100060044._name,西木野真姫
mst.card.100070041._name,東條希
mst.card.100080040._name,小泉花陽
mst.card.100090041._name,矢澤にこ
mst.card.100010045._name,目指せ大漁♪
mst.card.100030043._name,幸せの大袋
mst.card.100070042._name,ありがたーい神様
mst.card.100080041._name,幸せの神様
mst.card.100020043._name,恋をした天女
mst.card.140070003._name,永山みなみ
mst.card.100030044._name,幸せの香り
mst.card.140470003._name,黒羽咲良
mst.card.100040042._name,勝負事ならおまかせ！
mst.card.100050042._name,じゅろうじん
mst.card.100060045._name,芸術と智の女神
mst.card.100090042._name,天に感謝♪
mst.card.100010046._name,高坂穂乃果
mst.card.100020044._name,絢瀬絵里
mst.card.100030045._name,南ことり
mst.card.100040043._name,園田海未
mst.card.100050043._name,星空凛
mst.card.100060046._name,西木野真姫
mst.card.100070043._name,東條希
mst.card.100080042._name,小泉花陽
mst.card.100090043._name,矢澤にこ
mst.card.140550003._name,レオ
mst.card.100080043._name,雪の精
mst.card.140180003._name,近江遥
mst.card.100010047._name,二人で味見
mst.card.100020045._name,二人で食べたい♪
mst.card.100060047._name,ちょっと考え事
mst.card.100080044._name,女の子のチョコレート
mst.card.100070044._name,気合い入れよう♪
mst.card.140370003._name,坂巻千鶴子
mst.card.100010048._name,豆を避ける！
mst.card.120060003._name,近江彼方
mst.card.100030046._name,特別な日
mst.card.100040044._name,二人のそばに
mst.card.100090044._name,世界中でたった一つ
mst.card.100050044._name,初めての手作りチョコ
mst.card.140460003._name,綾小路姫乃
mst.card.100070045._name,あったか雪うさぎ
mst.card.100090045._name,矢澤にこ
mst.card.100050045._name,星空凛
mst.card.100080045._name,小泉花陽
mst.card.140380003._name,志賀仁美
mst.card.100020046._name,クマくんと一緒！
mst.card.100030047._name,大好きの魔法
mst.card.100050046._name,輝くチョコレート！！
mst.card.100060048._name,にこちゃんのチョコ
mst.card.100040045._name,気持ちは一つ
mst.card.140250003._name,白木凪
mst.card.100020047._name,キミの心に届けたい
mst.card.140500003._name,相川涼
mst.card.100010049._name,おひさま穂乃果
mst.card.100070046._name,お揃いクマちゃん
mst.card.100090046._name,びっくりホワイトデー
mst.card.100080046._name,キラキラリップ
mst.card.100090047._name,矢澤にこ
mst.card.140530003._name,ジェニファー
mst.card.100050047._name,二人でキャッチボール
mst.card.140110003._name,杉崎亜矢
mst.card.100010050._name,高坂穂乃果
mst.card.100020048._name,絢瀬絵里
mst.card.100030048._name,南ことり
mst.card.100040046._name,園田海未
mst.card.100050048._name,星空凛
mst.card.100060049._name,西木野真姫
mst.card.100070047._name,東條希
mst.card.100080047._name,小泉花陽
mst.card.100090048._name,矢澤にこ
mst.card.100010051._name,早口言葉もまかせて！
mst.card.100050049._name,おでこコッツン
mst.card.100060050._name,あなたの旅をサポート
mst.card.100070048._name,迎えに行くからね
mst.card.100030049._name,捕まえちゃいます♪
mst.card.140440003._name,ラクシャータ
mst.card.100040047._name,あなたと一緒なら……
mst.card.140200003._name,田中さち子
mst.card.100040048._name,シスター体験
mst.card.100080048._name,ご案内しますっ
mst.card.100090049._name,美しい花
mst.card.100020049._name,ターゲットはキミ♪
mst.card.140400003._name,紫藤美咲
mst.card.100030050._name,たまごを交換♪
mst.card.100070049._name,すごくドキドキしてる
mst.card.140060003._name,西村文絵
mst.card.100030051._name,かわいいお洋服♪
mst.card.100040049._name,スカート丈に要注意！
mst.card.100050050._name,放課後ひとりじめ！
mst.card.100070050._name,ふかふかパンケーキ
mst.card.100090050._name,ゲームで入試
mst.card.140420003._name,兵藤さゆり
mst.card.100060051._name,褒めてあげるから
mst.card.100010052._name,高坂穂乃果
mst.card.100030052._name,南ことり
mst.card.100040050._name,園田海未
mst.card.140130003._name,佐伯麗音
mst.card.100020050._name,純粋な気持ちで
mst.card.100060052._name,拭いてあげる
mst.card.100080049._name,映画に集中！
mst.card.100010053._name,にこちゃんと遊ぼう！
mst.card.140040003._name,一之瀬マリカ
mst.card.100080050._name,大事件です！
mst.card.100090051._name,矢澤にこ
mst.card.140390003._name,鬼崎アキラ
mst.card.100010054._name,あなたのことだけ
mst.card.100020051._name,素敵なシルクハット
mst.card.100040051._name,わくわく手品
mst.card.100080051._name,ポーカーフェイスで！
mst.card.100060053._name,ことりのためにも
mst.card.140220003._name,多々良るう
mst.card.100010055._name,高坂穂乃果
mst.card.100020052._name,絢瀬絵里
mst.card.100030053._name,南ことり
mst.card.100040052._name,園田海未
mst.card.100050051._name,星空凛
mst.card.100060054._name,西木野真姫
mst.card.100070051._name,東條希
mst.card.100080052._name,小泉花陽
mst.card.100090052._name,矢澤にこ
mst.card.100090053._name,座敷にこにー
mst.card.100010056._name,高坂穂乃果
mst.card.100020053._name,絢瀬絵里
mst.card.100030054._name,南ことり
mst.card.100040053._name,園田海未
mst.card.100050052._name,星空凛
mst.card.100060055._name,西木野真姫
mst.card.100070052._name,東條希
mst.card.100080053._name,小泉花陽
mst.card.100090054._name,矢澤にこ
mst.card.140330002._name,アルパカ[白]
mst.card.140360003._name,福原命
mst.card.100050053._name,凛のマジックショー
mst.card.100070053._name,手品です！
mst.card.100090055._name,にこのマジックショー
mst.card.100030055._name,マジシャンことり
mst.card.140240003._name,吉川瑞希
mst.card.100010057._name,幸せのきびだんご
mst.card.140100003._name,須田いるか
mst.card.100010058._name,海って最高！
mst.card.100050054._name,ひりひり日焼け
mst.card.100060056._name,楽しい海の旅
mst.card.100090056._name,プライベートタイム
mst.card.100040054._name,海への憧れ
mst.card.140510003._name,イザベラ
mst.card.100020054._name,マスカレード
mst.card.140190003._name,下園咲
mst.card.100020055._name,初めての場所
mst.card.100030056._name,初めましての気持ち
mst.card.100080054._name,絶対かき氷！
mst.card.100070054._name,冒険の旅に出よう！
mst.card.140560003._name,早乙女紫
mst.card.100040055._name,レトロポップ
mst.card.100090057._name,矢澤にこ
mst.card.140310003._name,設楽ふみ
mst.card.100030057._name,水もしたたる？
mst.card.100040056._name,授業中ですよっ
mst.card.100070055._name,ついでにわしわし
mst.card.100080055._name,ずうっと一緒に
mst.card.100020056._name,めざせ目標タイム
mst.card.140230003._name,篠宮あきる
mst.card.100070056._name,ウチの新たな魅力♪
mst.card.140520003._name,高天原睦月
mst.card.100010059._name,授業なんて楽勝だっ
mst.card.100060057._name,思い出の場所で
mst.card.100090058._name,にこにこハッピー☆
mst.card.100050055._name,気楽にプール♪
mst.card.140350003._name,斉木風
mst.card.100050056._name,一日助っ人！
mst.card.100050057._name,星空凛
mst.card.140160003._name,森嶋ななか
mst.card.100010060._name,忍者の道は険しい……
mst.card.100020057._name,忍者のお茶屋さん
mst.card.100040057._name,かわいい忍者
mst.card.100060058._name,壁と同化？
mst.card.100080056._name,花陽のにぎりめし
mst.card.140210003._name,支倉かさね
mst.card.100030058._name,お祭りドレス
mst.card.140080003._name,クリスティーナ
mst.card.100010061._name,高坂穂乃果
mst.card.100020058._name,絢瀬絵里
mst.card.100030059._name,南ことり
mst.card.100040058._name,園田海未
mst.card.100050058._name,星空凛
mst.card.100060059._name,西木野真姫
mst.card.100070057._name,東條希
mst.card.100080057._name,小泉花陽
mst.card.100090059._name,矢澤にこ
mst.card.100030060._name,手裏剣はじめました
mst.card.100050059._name,星空忍法！！
mst.card.100070058._name,忍者でござるっ
mst.card.100090060._name,本気の忍びにこっ
mst.card.100020059._name,絢瀬絵里
mst.card.140320003._name,門田剣
mst.card.100080058._name,今夜の月は
mst.card.100060060._name,西木野真姫
mst.card.140120003._name,御堂優理
mst.card.100040059._name,エサやりチャレンジ
mst.card.100070059._name,ペンギンウォーキング
mst.card.100080059._name,ぷくぷくほっぺ
mst.card.100090061._name,カラフルな私を見て？
mst.card.100060061._name,白馬と一緒
mst.card.140540003._name,マリア
mst.card.100060062._name,ロックンロール！
mst.card.140020003._name,宮下ココ
mst.card.100020060._name,しましまシマウマ
mst.card.100030061._name,アニマルスケッチ
mst.card.100050060._name,キリンさんとお散歩！
mst.card.100010062._name,白黒ワンちゃん
mst.card.140170003._name,九条聖来
mst.card.100020061._name,ムービー・スター！
mst.card.100010063._name,高坂穂乃果
mst.card.100020062._name,絢瀬絵里
mst.card.100030062._name,南ことり
mst.card.100040060._name,園田海未
mst.card.100050061._name,星空凛
mst.card.100060063._name,西木野真姫
mst.card.100070060._name,東條希
mst.card.100080060._name,小泉花陽
mst.card.100090062._name,矢澤にこ
mst.card.100080061._name,μ'sのさくらんぼ！
mst.card.120030003._name,桜坂しずく
mst.card.100020063._name,みんなとの写真
mst.card.100040061._name,世界史のお時間
mst.card.100050062._name,軽やかステップ
mst.card.100090063._name,豪華絢爛！
mst.card.100030063._name,スイーツパラダイス
mst.card.140150003._name,神谷理華
mst.card.100090064._name,紅葉に囲まれて
mst.card.140430003._name,蘭花
mst.card.100010064._name,たまには洋菓子も
mst.card.100060064._name,憧れよりも大事なもの
mst.card.100080062._name,憧れのドレス！
mst.card.100070061._name,秘密の想い
mst.card.140090003._name,菊池朱美
mst.card.100040062._name,ドキドキ探検隊
mst.card.100010065._name,高坂穂乃果
mst.card.100030064._name,南ことり
mst.card.100080063._name,小泉花陽
mst.card.120080003._name,エマ・ヴェルデ
mst.card.100040063._name,雪玉合戦！
mst.card.100050063._name,自分のリズムで
mst.card.100060065._name,今年を締めくくる歌
mst.card.100070062._name,優しい賛美歌
mst.card.100020064._name,秘密のプレゼント
mst.card.140480003._name,黒羽咲夜
mst.card.100010066._name,血を吸っちゃうぞ
mst.card.100010067._name,高坂穂乃果
mst.card.140490003._name,白瀬小雪
mst.card.100010068._name,高坂穂乃果
mst.card.100020065._name,絢瀬絵里
mst.card.100030065._name,南ことり
mst.card.100040064._name,園田海未
mst.card.100050064._name,星空凛
mst.card.100060066._name,西木野真姫
mst.card.100070063._name,東條希
mst.card.100080064._name,小泉花陽
mst.card.100090065._name,矢澤にこ
mst.card.100010069._name,大切なプレゼント
mst.card.100030066._name,シンプルが一番
mst.card.100090066._name,あったかいもの
mst.card.100080065._name,お揃いのストラップ
mst.card.140260003._name,藤城悠弓
mst.card.100050065._name,究極のラーメン！
mst.card.100040065._name,園田海未
mst.card.100050066._name,星空凛
mst.card.100070064._name,東條希
mst.card.140140003._name,鳥居歩美
mst.card.100010070._name,サーカスのステージ
mst.card.100050067._name,身体が軽い！
mst.card.100070065._name,ミステリアスステージ
mst.card.100090067._name,前座から全開！
mst.card.100060067._name,奏でたい音楽
mst.card.140410003._name,月島結架
mst.card.100070066._name,今年もよろしくね♪
mst.card.140050003._name,結城紗菜
mst.card.100020066._name,本番前の緊張感
mst.card.100030067._name,動物たちのサーカス
mst.card.100080066._name,ワンちゃんとお昼寝
mst.card.100040066._name,期待に応えます！
mst.card.140300003._name,黒崎隼
mst.card.100030068._name,かわいい鬼さん
mst.card.100020067._name,絢瀬絵里
mst.card.100060068._name,西木野真姫
mst.card.100090068._name,矢澤にこ
mst.card.140030003._name,逢沢遊宇
mst.card.110010001._name,高海千歌
mst.card.110020001._name,桜内梨子
mst.card.110030001._name,松浦果南
mst.card.110040001._name,黒澤ダイヤ
mst.card.110050001._name,渡辺曜
mst.card.110060001._name,津島善子
mst.card.110070001._name,国木田花丸
mst.card.110080001._name,小原鞠莉
mst.card.110090001._name,黒澤ルビィ
mst.card.100020068._name,いっしょに練習
mst.card.100040067._name,妖精の音楽家
mst.card.100070067._name,羽根を広げて
mst.card.100080067._name,一番美しいのは？
mst.card.100090069._name,妹にしてあげる♪
mst.card.140130004._name,佐伯麗音
mst.card.100020069._name,ロックな撮影会
mst.card.100010071._name,高坂穂乃果
mst.card.100020070._name,絢瀬絵里
mst.card.100030069._name,南ことり
mst.card.100040068._name,園田海未
mst.card.100050068._name,星空凛
mst.card.100060069._name,西木野真姫
mst.card.100070068._name,東條希
mst.card.100080068._name,小泉花陽
mst.card.100090070._name,矢澤にこ
mst.card.140470004._name,黒羽咲良
mst.card.100010072._name,妖精さんの願い事
mst.card.100030070._name,ロマンチックな気分で
mst.card.100060070._name,こっそり練習
mst.card.100050069._name,お姉ちゃんみたい♪
mst.card.140110004._name,杉崎亜矢
mst.card.100040069._name,しゃぼん玉いっぱい
mst.card.100010073._name,高坂穂乃果
mst.card.140100004._name,須田いるか
mst.card.100020071._name,温故知新の心
mst.card.100030071._name,女の子はいつだって
mst.card.100050070._name,たまには昔の制服も
mst.card.100070069._name,大正時代の自分
mst.card.100010074._name,大正スクールアイドル
mst.card.100010075._name,高坂穂乃果
mst.card.100020072._name,絢瀬絵里
mst.card.100030072._name,南ことり
mst.card.100040070._name,園田海未
mst.card.100050071._name,星空凛
mst.card.100060071._name,西木野真姫
mst.card.100070070._name,東條希
mst.card.100080069._name,小泉花陽
mst.card.100090071._name,矢澤にこ
mst.card.140450004._name,レベッカ
mst.card.100060072._name,仲良くエッグハント
mst.card.140490004._name,白瀬小雪
mst.card.100040071._name,似合っていますか？
mst.card.100060073._name,時代を越えるメロディ
mst.card.100090072._name,時代が私についてくる
mst.card.100080070._name,今は何の時代？
mst.card.140680001._name,綺羅ツバサ
mst.card.140690001._name,優木あんじゅ
mst.card.140700001._name,統堂英玲奈
mst.card.140510004._name,イザベラ
mst.card.100090073._name,ロックなライブ
mst.card.100010076._name,高坂穂乃果
mst.card.140500004._name,相川涼
mst.card.100010077._name,お酢パワー！？
mst.card.100050072._name,体力作り
mst.card.100070071._name,イメージトレーニング
mst.card.100080071._name,自主練
mst.card.100060074._name,ライブの準備
mst.card.100010078._name,高坂穂乃果
mst.card.100030073._name,南ことり
mst.card.100040072._name,園田海未
mst.card.140020004._name,宮下ココ
mst.card.100080072._name,読書中はお静かに
mst.card.140120004._name,御堂優理
mst.card.100030074._name,んんんんーっ！
mst.card.100040073._name,早朝の自主練
mst.card.100090074._name,アイドルの笑顔
mst.card.100020073._name,あなたのアドバイス
mst.card.140160004._name,森嶋ななか
mst.card.100050073._name,花見といえば♪
mst.card.100080073._name,小泉花陽
mst.card.140400004._name,紫藤美咲
mst.card.100010079._name,みんなでがんばった！
mst.card.100020074._name,あなただけに届く音
mst.card.100040074._name,露出度高め！？
mst.card.100080074._name,ご飯ｄｅダイエット
mst.card.100030075._name,みんなでって嬉しいな
mst.card.100050074._name,星空凛
mst.card.100060075._name,西木野真姫
mst.card.100080075._name,小泉花陽
mst.card.140220004._name,多々良るう
mst.card.100070072._name,正義の刃！
mst.card.140170004._name,九条聖来
mst.card.100060076._name,踊り子のお酌
mst.card.100070073._name,踊り子の占い師
mst.card.100090075._name,向き不向きがあるの！
mst.card.100050075._name,尊敬するにゃ！
mst.card.140060004._name,西村文絵
mst.card.100010080._name,イチゴショートケーキ
mst.card.140240004._name,吉川瑞希
mst.card.100020075._name,さらなる高みに
mst.card.100030076._name,胸の高鳴り
mst.card.100040075._name,投げキッス
mst.card.100080076._name,練習の成果
mst.card.100070074._name,ずっとこのまま……。
mst.card.100020076._name,絢瀬絵里
mst.card.100070075._name,東條希
mst.card.100090076._name,矢澤にこ
mst.card.140200004._name,田中さち子
mst.card.110010002._name,カエルと歌おう
mst.card.110020002._name,ひとつの音楽
mst.card.140140004._name,鳥居歩美
mst.card.100050076._name,以前の写真を見て
mst.card.100060077._name,写真で見る成長
mst.card.100090077._name,感謝してるの
mst.card.100010081._name,成長できたかな？
mst.card.140420004._name,兵藤さゆり
mst.card.100070076._name,特別だよ？
mst.card.100080077._name,カタツムリ
mst.card.140080004._name,クリスティーナ
mst.card.100010082._name,小悪魔を目指して
mst.card.100060078._name,気持ちがうれしい
mst.card.100070077._name,魂をいただいちゃう！
mst.card.100080078._name,小悪魔なイメージで
mst.card.100090078._name,小悪魔猛特訓！
mst.card.110010003._name,高海千歌
mst.card.110020003._name,桜内梨子
mst.card.110030002._name,松浦果南
mst.card.110040002._name,黒澤ダイヤ
mst.card.110050002._name,渡辺曜
mst.card.110060002._name,津島善子
mst.card.110070002._name,国木田花丸
mst.card.110080002._name,小原鞠莉
mst.card.110090002._name,黒澤ルビィ
mst.card.110010004._name,高海千歌
mst.card.110020004._name,桜内梨子
mst.card.110030003._name,松浦果南
mst.card.110040003._name,黒澤ダイヤ
mst.card.110050003._name,渡辺曜
mst.card.110060003._name,津島善子
mst.card.110070003._name,国木田花丸
mst.card.110080003._name,小原鞠莉
mst.card.110090003._name,黒澤ルビィ
mst.card.110010005._name,みかんパワー！
mst.card.110020005._name,新しい自分へ
mst.card.110030004._name,衣装合わせ
mst.card.110040004._name,断固2cm！
mst.card.110050004._name,衣装作り
mst.card.110060004._name,罪深き闇のドレス
mst.card.110070004._name,本は財産
mst.card.110080004._name,リゾートコーデ
mst.card.110090004._name,出来るもんっ
mst.card.100010083._name,伸びたラーメン
mst.card.100020077._name,頼りにしてるのよ？
mst.card.100030077._name,限定さくらプリン☆
mst.card.100040076._name,似たもの同士
mst.card.100050077._name,ラーメン大好き！
mst.card.100060079._name,小さな違和感
mst.card.100070078._name,新しいお店
mst.card.100080079._name,白米への愛
mst.card.100090079._name,にこの魅力☆
mst.card.110010006._name,海に向かって宣言！
mst.card.110020006._name,かわいい天使
mst.card.110030005._name,海のように
mst.card.110040005._name,想いをのせて
mst.card.110050005._name,アイドルも水泳も
mst.card.110060005._name,闇の住人
mst.card.110070005._name,幸せのお届けずら
mst.card.110080005._name,潮風クルーズ
mst.card.110090005._name,ドジしませんっ
mst.card.110010007._name,お下がり卒業
mst.card.110020007._name,上手く言えないの
mst.card.110050006._name,たのもー！
mst.card.120030004._name,桜坂しずく
mst.card.110040006._name,努力が大前提
mst.card.110090006._name,目指せお姉ちゃん
mst.card.140250004._name,白木凪
mst.card.100020078._name,小悪魔っぽい？
mst.card.100030078._name,ちょっとした違い
mst.card.100050078._name,凛のお願い！
mst.card.100040077._name,小悪魔な台詞
mst.card.140390004._name,鬼崎アキラ
mst.card.100020079._name,エリチカ妖狐
mst.card.100030079._name,μ's肝試し大会
mst.card.120060004._name,近江彼方
mst.card.110010008._name,これって普段着？
mst.card.110040007._name,私たちの海
mst.card.110080006._name,体力勝負どんとこい
mst.card.110060006._name,罪を背負いし者
mst.card.110070006._name,失礼のないように
mst.card.140040004._name,一之瀬マリカ
mst.card.110050007._name,わくわくキャンプ
mst.card.110070007._name,マルの読み聞かせ
mst.card.100020080._name,いいお天気だから
mst.card.100070079._name,びっくりさせちゃお
mst.card.100010084._name,２人でプール掃除
mst.card.140190004._name,下園咲
mst.card.110020008._name,水着でステージ
mst.card.110030006._name,一肌脱ぎましょう♪
mst.card.110050008._name,海育ち♪
mst.card.110090007._name,負けない！
mst.card.140360004._name,福原命
mst.card.100040078._name,懐かしのりんご飴
mst.card.100060080._name,初めての屋台
mst.card.100040079._name,作業開始です！
mst.card.100090080._name,日焼けは大敵！
mst.card.100090081._name,矢澤にこ
mst.card.140540004._name,マリア
mst.card.110010009._name,くるくる風車♪
mst.card.110060007._name,現世の者が多すぎて
mst.card.110090008._name,綺麗な女性に憧れて
mst.card.110040008._name,愛しのルビィ
mst.card.110080007._name,バーニングシャイニー
mst.card.140050004._name,結城紗菜
mst.card.110030007._name,海と仲良し
mst.card.110080008._name,もっと甘えて
mst.card.100050079._name,デッキブラシ競争
mst.card.100030080._name,プールで２人きり
mst.card.140320004._name,門田剣
mst.card.110050009._name,叩け！　和太鼓名人
mst.card.110070008._name,青いりんご飴
mst.card.110020009._name,大切な想い
mst.card.110030008._name,そばにいるよ
mst.card.140380004._name,志賀仁美
mst.card.100010085._name,ほんの少しの違い
mst.card.100090082._name,悪代官！？
mst.card.100080080._name,制服で大丈夫！
mst.card.100060081._name,暑い日に２人で
mst.card.140430004._name,蘭花
mst.card.110020010._name,黒に満ちた翼
mst.card.110030009._name,恐怖のハグ
mst.card.110080009._name,堕天ハロウィンナイト
mst.card.110090009._name,平和なお祭り
mst.card.110060008._name,下界の儀式
mst.card.140310004._name,設楽ふみ
mst.card.110060009._name,宴をはじめるわ！
mst.card.110090010._name,小動物系堕天使
mst.card.140760001._name,しいたけ
mst.card.100040080._name,12の貴石
mst.card.100090083._name,ルビー色の輝き☆
mst.card.100020081._name,すべてを満たす
mst.card.140300004._name,黒崎隼
mst.card.110050010._name,二人の全速前進
mst.card.110070009._name,おばけのお祭り
mst.card.110010010._name,本物来ちゃった！？
mst.card.110040009._name,はろうぃんぱーてぃ
mst.card.140410004._name,月島結架
mst.card.100050080._name,かっこいいライブ
mst.card.100070080._name,着てみたい衣装
mst.card.100050081._name,誕生石は特別☆
mst.card.100080081._name,いつもと違う衣装
mst.card.140440004._name,ラクシャータ
mst.card.110030010._name,何度でも頑張ろう♪
mst.card.110060010._name,極上堕天使の応援
mst.card.110090011._name,目指せチアガールさん
mst.card.110070010._name,せーのでレッツゴー♪
mst.card.110020011._name,私の声、聞こえますか
mst.card.140070004._name,永山みなみ
mst.card.110010011._name,自分のことは自分でっ
mst.card.110050011._name,手伝いならまかせて！
mst.card.100030081._name,思い切ったデザイン
mst.card.100070081._name,信じる心
mst.card.140770001._name,鹿角理亞
mst.card.140810001._name,佐藤洋子
mst.card.140030004._name,逢沢遊宇
mst.card.110040010._name,Aqoursと申しますわ！
mst.card.110050012._name,近くで寄り添って
mst.card.110080010._name,全員ヴィクトリィ！
mst.card.110010012._name,頑張る姿、見てるよ♪
mst.card.100090084._name,食い倒れツアー！？
mst.card.140780001._name,鹿角聖良
mst.card.140520004._name,高天原睦月
mst.card.100030082._name,衣装の修理
mst.card.100060082._name,ドキドキしちゃう
mst.card.100060083._name,ダイヤモンド
mst.card.100010086._name,サプライズプレゼント
mst.card.120080004._name,エマ・ヴェルデ
mst.card.110010013._name,夢と希望を
mst.card.110020012._name,手作りケーキ♪
mst.card.110080011._name,ヒミツの夜
mst.card.110030011._name,特別な時間
mst.card.110050013._name,楽しいを発信しよう♪
mst.card.140090004._name,菊池朱美
mst.card.110020013._name,舞う姿に憧れて
mst.card.110040011._name,氷上のプリンセス
mst.card.140790001._name,うちっちー
mst.card.100020082._name,たぬきのぬいぐるみ
mst.card.100070082._name,みんなの衣装
mst.card.100060084._name,うさぎはね
mst.card.140150004._name,神谷理華
mst.card.110040012._name,一足お先に♪
mst.card.110090012._name,二人でお揃いの
mst.card.110060011._name,聖夜に降臨せし堕天使
mst.card.110070011._name,ブーケに想いを込めて
mst.card.140350004._name,斉木風
mst.card.100010087._name,サプライズで☆
mst.card.100040081._name,クリスマスツリー
mst.card.110050014._name,スノーステージ
mst.card.140800001._name,千歌の母
mst.card.100090085._name,たぬきじゃない！
mst.card.100040082._name,可愛いの基準
mst.card.140370004._name,坂巻千鶴子
mst.card.110010014._name,高海千歌
mst.card.110020014._name,桜内梨子
mst.card.110030012._name,松浦果南
mst.card.110040013._name,黒澤ダイヤ
mst.card.110050015._name,渡辺曜
mst.card.110060012._name,津島善子
mst.card.110070012._name,国木田花丸
mst.card.110080012._name,小原鞠莉
mst.card.110090013._name,黒澤ルビィ
mst.card.110010015._name,いざ、おみくじ！
mst.card.110050016._name,目移りしちゃう！
mst.card.110070013._name,自慢のお雑煮
mst.card.110080013._name,シンケンショーブ！
mst.card.110040014._name,ハートキャッチ♪
mst.card.140230004._name,篠宮あきる
mst.card.110060013._name,スリーステップ
mst.card.110080014._name,つまみ食いストップ
mst.card.100080082._name,イメージの動物
mst.card.100050082._name,ねずみ担当だから
mst.card.140180004._name,近江遥
mst.card.110030013._name,二人でお参り
mst.card.110060014._name,さよなら不幸
mst.card.110020015._name,神様にご報告
mst.card.110090014._name,神様、お願い♪
mst.card.140340004._name,桐原優香
mst.card.100020083._name,絵里の特製☆お節
mst.card.100080083._name,μ's新年会
mst.card.100010088._name,ブタのぬいぐるみ
mst.card.100030083._name,想像上の鳥さん
mst.card.140550004._name,レオ
mst.card.110020016._name,心を撃ち抜いて
mst.card.110030014._name,ハートをお届け
mst.card.110040015._name,大人のチョコレート
mst.card.110010016._name,あなたのメイド
mst.card.110060015._name,罪のくちづけ
mst.card.140260004._name,藤城悠弓
mst.card.110030015._name,雪球一球入魂
mst.card.110070014._name,夢の四段雪だるま
mst.card.100030084._name,μ'sの雲
mst.card.100080084._name,お散歩デート
mst.card.100040083._name,春の和菓子
mst.card.140210004._name,支倉かさね
mst.card.110070015._name,みんなマルのお姉さん
mst.card.110090015._name,食べてくださいませ♪
mst.card.110050017._name,夢のバレンタイン
mst.card.110080015._name,あなただけに
mst.card.140460004._name,綾小路姫乃
mst.card.100050083._name,キュートな鬼さん
mst.card.100090086._name,鬼役に決定にこ
mst.card.100070083._name,ぽかぽか陽気
mst.card.100020084._name,春のデート服
mst.card.140760002._name,しいたけ
mst.card.140530004._name,ジェニファー
mst.card.110010017._name,ブラッシングタイム！
mst.card.110050018._name,犯人は、お前だ！
mst.card.110080016._name,愛の調剤
mst.card.110070016._name,一筆入魂！
mst.card.110030016._name,わんわん巡回
mst.card.140480004._name,黒羽咲夜
mst.card.110020017._name,White Sugar
mst.card.110090016._name,大好き詰め合わせ
mst.card.100010089._name,今年最後のいちご大福
mst.card.100090087._name,どんな花でも
mst.card.140560004._name,早乙女紫
mst.card.110020018._name,お注射の時間
mst.card.110060016._name,暗黒魔術
mst.card.110090017._name,泡立つクリーム
mst.card.110040016._name,巫女舞ステップ
mst.card.140490005._name,白瀬小雪
mst.card.100060085._name,お雛様☆真姫
mst.card.100080085._name,μ'sみんなの顔を
mst.card.100060086._name,菜の花畑で
mst.card.100050084._name,緊張するにゃ〜
mst.card.140060005._name,西村文絵
mst.card.110010018._name,コアラの眠り
mst.card.110080017._name,熱いパッション
mst.card.110090018._name,ルビィの勇気
mst.card.110030017._name,ふわふわパンダ
mst.card.110060017._name,たゆたうクラゲ
mst.card.140820001._name,わたあめ
mst.card.140210005._name,支倉かさね
mst.card.110040017._name,ポーカー･フェイス
mst.card.110080018._name,ストレートフラッシュ
mst.card.100040084._name,一緒に練習！
mst.card.100060087._name,テニス経験者
mst.card.100080086._name,疲れたあとには
mst.card.140200005._name,田中さち子
mst.card.110020019._name,ショーの相棒
mst.card.110050019._name,気付ける力
mst.card.110040018._name,スネークを選んだ理由
mst.card.110070017._name,ヒツジさん集め
mst.card.140360005._name,福原命
mst.card.100010090._name,エッグハント
mst.card.100050085._name,イースターエッグ
mst.card.100090088._name,貴族の遊び
mst.card.100070084._name,テニスの練習
mst.card.140350005._name,斉木風
mst.card.110040019._name,伝える言葉
mst.card.110050020._name,ラッキー☆ガール
mst.card.110090019._name,好きなものは好き！
mst.card.110030018._name,幸せの入り口
mst.card.110020020._name,happy life
mst.card.140260005._name,藤城悠弓
mst.card.110030019._name,母の日ダイビング
mst.card.110070018._name,温かい心
mst.card.100050086._name,２つのイベント
mst.card.100030085._name,ラリーのコツ
mst.card.140080005._name,クリスティーナ
mst.card.110060018._name,天使で悪魔
mst.card.110070019._name,うららかな日々
mst.card.110010019._name,おっきな幸せ
mst.card.110080019._name,ラッキーアイテム
mst.card.140250005._name,白木凪
mst.card.100020085._name,サバイバルゲーム
mst.card.100040085._name,対戦相手は……
mst.card.100020086._name,テニスで勝負
mst.card.100010091._name,μ'sテニス大会
mst.card.140450005._name,レベッカ
mst.card.110020021._name,心を交わす
mst.card.110040020._name,歴史のねじれ
mst.card.110070020._name,毎日が大冒険♪
mst.card.110080020._name,お江戸カルチャー
mst.card.110010020._name,どこだっていいよ♪
mst.card.140520005._name,高天原睦月
mst.card.110050021._name,地獄の海へヨーソロー
mst.card.110060019._name,リトルデーモンご案内
mst.card.100020087._name,大好きなフレーバー
mst.card.100050087._name,後味スッキリ☆
mst.card.100010092._name,穂乃果のオススメ！
mst.card.120030005._name,桜坂しずく
mst.card.110030020._name,自然に惹かれて
mst.card.110060020._name,ヨハネの新生活
mst.card.110090020._name,未来へ託して
mst.card.110050022._name,新しい発見
mst.card.140540005._name,マリア
mst.card.100070085._name,甘い物が１番♪
mst.card.100090089._name,にこのこだわり
mst.card.100040086._name,差し入れアイス
mst.card.100090090._name,究極のアイス☆
mst.card.110060021._name,店長スラッシュ
mst.card.140030005._name,逢沢遊宇
mst.card.110050023._name,本番目指して！？
mst.card.110070021._name,ボールを四角く
mst.card.110080021._name,Aqoursの世界
mst.card.110020022._name,あなたを見ていたい
mst.card.110030021._name,綺麗なお姉さん
mst.card.140460005._name,綾小路姫乃
mst.card.110010021._name,いつだって果南ちゃん
mst.card.110030022._name,目が離せない子
mst.card.100030086._name,オススメはね
mst.card.100070086._name,紅茶のアイス
mst.card.110010022._name,台湾の魅力
mst.card.110020023._name,ドイツに学ぶ
mst.card.110030023._name,広がる景色
mst.card.110040021._name,マーライオンへの道
mst.card.110050024._name,ニーハオヨーソロー！
mst.card.110060022._name,イギリス魔法の歴史
mst.card.110070022._name,微笑みの国へ
mst.card.110080022._name,鞠莉inU.S.A
mst.card.110090021._name,韓国を知りたくて
mst.card.140220005._name,多々良るう
mst.card.110010023._name,高海千歌
mst.card.110020024._name,桜内梨子
mst.card.110030024._name,松浦果南
mst.card.110040022._name,黒澤ダイヤ
mst.card.110050025._name,渡辺曜
mst.card.110060023._name,津島善子
mst.card.110070023._name,国木田花丸
mst.card.110080023._name,小原鞠莉
mst.card.110090022._name,黒澤ルビィ
mst.card.110010024._name,見える景色
mst.card.110040023._name,類い希なる才能
mst.card.110060024._name,堕天のナイフ
mst.card.110090023._name,ルビィのひとりだち
mst.card.140380005._name,志賀仁美
mst.card.100030087._name,ロックになりきれ☆
mst.card.100080087._name,ロックな振り付け
mst.card.100080088._name,おいしいですよね？
mst.card.100060088._name,真姫のアイス
mst.card.140230005._name,篠宮あきる
mst.card.110020025._name,あの夏この夏
mst.card.110030025._name,青い世界
mst.card.110090024._name,ご注文をどうぞ
mst.card.110070024._name,波音を聴きながら
mst.card.110060025._name,渚の堕天使
mst.card.140480005._name,黒羽咲夜
mst.card.110020026._name,海の音
mst.card.110050026._name,音探し
mst.card.100010093._name,海賊団の冒険譚
mst.card.100070087._name,突撃☆希海賊
mst.card.100020088._name,μ's海賊物語
mst.card.140110005._name,杉崎亜矢
mst.card.110040024._name,spicy summer
mst.card.110080024._name,千客万来！
mst.card.110050027._name,ミラクルオーシャン
mst.card.110010025._name,おいでませ海の家！
mst.card.140100005._name,須田いるか
mst.card.100020089._name,飴細工
mst.card.100050088._name,あなたと分けっこ
mst.card.100080089._name,私にできること
mst.card.100030088._name,必要な小道具
mst.card.140340005._name,桐原優香
mst.card.110010026._name,フォーリン☆ワンダー
mst.card.110070025._name,不思議の味
mst.card.110080025._name,ワンダーランド
mst.card.110040025._name,ワンダフルドリーム
mst.card.110050028._name,うさぎを追って
mst.card.140440005._name,ラクシャータ
mst.card.110060026._name,月下の宴
mst.card.110070026._name,夢待ち月
mst.card.100090091._name,スペクタクルな仕掛け
mst.card.100050089._name,華麗に登場
mst.card.140180005._name,近江遥
mst.card.110030026._name,夢の扉
mst.card.110060027._name,悠久の物語
mst.card.110090025._name,不思議の国のルビィ
mst.card.110020027._name,"Hello,WONDER!"
mst.card.140560005._name,早乙女紫
mst.card.100010094._name,海だ〜〜〜！
mst.card.100060089._name,乙女のこだわり
mst.card.100060090._name,本格的な劇には
mst.card.100040087._name,期待に応えたい！
mst.card.140070005._name,永山みなみ
mst.card.110010027._name,高海千歌
mst.card.110020028._name,桜内梨子
mst.card.110030027._name,松浦果南
mst.card.110040026._name,黒澤ダイヤ
mst.card.110050029._name,渡辺曜
mst.card.110060028._name,津島善子
mst.card.110070027._name,国木田花丸
mst.card.110080026._name,小原鞠莉
mst.card.110090026._name,黒澤ルビィ
mst.card.110010028._name,誘惑いっぱい
mst.card.110040027._name,魔除けのお菓子
mst.card.110050030._name,お化けと一緒♪
mst.card.110080027._name,シャイニーハロウィン
mst.card.110070028._name,迷い火
mst.card.140050005._name,結城紗菜
mst.card.110010029._name,ハニーミルク気分
mst.card.110040028._name,梅の花言葉
mst.card.100020090._name,水色のクレヨン
mst.card.100090092._name,傑作が描けたわ！
mst.card.100040088._name,楽しいこと
mst.card.110060029._name,堕天の翼
mst.card.110070029._name,9人の世界
mst.card.110090027._name,勇気をもらった日
mst.card.140370005._name,坂巻千鶴子
mst.card.110020029._name,引き合う心
mst.card.110090028._name,怖いのお断り
mst.card.110060030._name,ハロウィンリンク
mst.card.110030028._name,キャンディシャワー
mst.card.140310005._name,設楽ふみ
mst.card.100040089._name,肌見せへの抵抗
mst.card.100090093._name,にこ×アオザイ
mst.card.100070088._name,希らしい絵
mst.card.100080090._name,おそろい
mst.card.140190005._name,下園咲
mst.card.110030029._name,息を合わせて
mst.card.110070030._name,植物ハカセ
mst.card.110090029._name,モミジのおふとん
mst.card.110020030._name,あの日の思い出
mst.card.110040029._name,カメラ練習中
mst.card.140830001._name,よしみ
mst.card.140840001._name,いつき
mst.card.140850001._name,むつ
mst.card.140860001._name,高海美渡
mst.card.140870001._name,高海志満
mst.card.140880001._name,梨子の母
mst.card.140550005._name,レオ
mst.card.110080028._name,リラックスの魔法
mst.card.110090030._name,今夜は眠れない♪
mst.card.110010030._name,特別な夏
mst.card.110020031._name,潮風に誘われて
mst.card.110050031._name,青春したい！
mst.card.100010095._name,新しい衣装は
mst.card.100060091._name,一緒に並んで
mst.card.140120005._name,御堂優理
mst.card.110050032._name,山頂ヨーソロー
mst.card.110060031._name,地獄流・紅葉狩り
mst.card.110010031._name,同じなのに違う景色
mst.card.110080029._name,冬が訪れるまで
mst.card.140390005._name,鬼崎アキラ
mst.card.100030089._name,あなたもお揃い☆
mst.card.100070089._name,心の叫び？
mst.card.100030090._name,クレヨン衣装？
mst.card.100050090._name,ネコさん描くにゃ！
mst.card.140300005._name,黒崎隼
mst.card.110010032._name,おそろい千歌うさぎ
mst.card.110060032._name,今日だけの天使
mst.card.110080030._name,歌の想い
mst.card.110030030._name,神様のいたずら
mst.card.110090031._name,言葉に出せないくらい
mst.card.140020005._name,宮下ココ
mst.card.100020091._name,クリスマスをみんなで
mst.card.100090094._name,クリスマスディナー
mst.card.100020092._name,スクユニ・絢瀬絵里
mst.card.100070090._name,スクユニ・東條希
mst.card.100090095._name,スクユニ・矢澤にこ
mst.card.140770002._name,燃える心
mst.card.140780002._name,ライバルとして
mst.card.100010096._name,ティンパニ担当☆
mst.card.100060092._name,例え１日でも
mst.card.100080091._name,イメージの相違
mst.card.140470005._name,黒羽咲良
mst.card.110040030._name,失格・サンタクロース
mst.card.110050033._name,勇気の贈り物
mst.card.110070031._name,マル先生の聖歌隊
mst.card.110020032._name,雪の結晶
mst.card.110010033._name,水族館を巡って
mst.card.110020033._name,美しい景色を一緒に
mst.card.110030031._name,コツメカワウソと握手
mst.card.110040031._name,イルカのジャンプ
mst.card.110050034._name,イルカでハッピーに
mst.card.110060033._name,セイウチのタッチ
mst.card.110070032._name,ペンギンに囲まれて
mst.card.110080031._name,気持ちをひとつに
mst.card.110090032._name,ツンツンペンギン
mst.card.140330003._name,アルパカ[白]
mst.card.140790002._name,メリークリスマス
mst.card.140790003._name,みとしー×スクフェス
mst.card.120080005._name,エマ・ヴェルデ
mst.card.110020034._name,星空に包まれて
mst.card.110070033._name,夜空なびげーたー
mst.card.110030032._name,クリアにする時間
mst.card.110040032._name,妹と一緒に
mst.card.110080032._name,輝く時を
mst.card.100050091._name,盛り上げ役にゃ☆
mst.card.100020093._name,初めてだから
mst.card.140090005._name,菊池朱美
mst.card.110020035._name,楽しいお正月
mst.card.110060034._name,新年の堕天
mst.card.110090033._name,ルビィはお母さん
mst.card.110040033._name,ダイヤの着付け教室
mst.card.110030033._name,かわいらしい女の子
mst.card.140400005._name,紫藤美咲
mst.card.100010097._name,ここ掘れ、わんわん♪
mst.card.100050092._name,１番好きなもの
mst.card.100010098._name,スクユニ・高坂穂乃果
mst.card.100030091._name,スクユニ・南ことり
mst.card.100040090._name,スクユニ・園田海未
mst.card.100030092._name,無意識に
mst.card.100090096._name,主役は私っ！
mst.card.140150005._name,神谷理華
mst.card.110070034._name,1秒でも長く話したい
mst.card.110080033._name,富士の高嶺
mst.card.110050035._name,コマ回しの曜ちゃん
mst.card.110010034._name,サイコロ名人
mst.card.100080092._name,山羊座の女神
mst.card.140160005._name,森嶋ななか
mst.card.110050036._name,ポカポカ雪遊び
mst.card.110090034._name,夢みたい銀世界
mst.card.100040091._name,諦めません！
mst.card.100070091._name,サクソフォーン担当
mst.card.140320005._name,門田剣
mst.card.110010035._name,高海千歌
mst.card.110020036._name,桜内梨子
mst.card.110030034._name,松浦果南
mst.card.110040034._name,黒澤ダイヤ
mst.card.110050037._name,渡辺曜
mst.card.110060035._name,津島善子
mst.card.110070035._name,国木田花丸
mst.card.110080034._name,小原鞠莉
mst.card.110090035._name,黒澤ルビィ
mst.card.110010036._name,チョコの泉
mst.card.110030035._name,レシピ開発中！
mst.card.110060036._name,甘い香りに誘われて
mst.card.110020037._name,にぎやかバレンタイン
mst.card.110050038._name,魔法のチョコ
mst.card.140530005._name,ジェニファー
mst.card.100070092._name,福はウチ！？
mst.card.100080093._name,凛ちゃん専用！
mst.card.100050093._name,スクユニ・星空凛
mst.card.100060093._name,スクユニ・西木野真姫
mst.card.100080094._name,スクユニ・小泉花陽
mst.card.100020094._name,会場案内☆
mst.card.100040092._name,清楚なイメージ
mst.card.100030093._name,間違えないで〜！
mst.card.140130005._name,佐伯麗音
mst.card.110070036._name,華やか和風ガールズ
mst.card.110080035._name,ハートあふれる空間
mst.card.110090036._name,誰かの幸せに
mst.card.110040035._name,お味見いかが？
mst.card.140140005._name,鳥居歩美
mst.card.110010037._name,夕闇の乙女
mst.card.110080036._name,classical dark
mst.card.100090097._name,憧れの……！
mst.card.100010099._name,ステキな空の旅へ
mst.card.110060037._name,堕天使が愛する店
mst.card.140240005._name,吉川瑞希
mst.card.110030036._name,筋肉ロック
mst.card.110040036._name,頑固者のロック
mst.card.110050039._name,冥利に尽きます♪
mst.card.110010038._name,いつでも高海千歌！
mst.card.110060038._name,堕天使ロック
mst.card.120010001._name,上原歩夢
mst.card.120050001._name,宮下愛
mst.card.120070001._name,優木せつ菜
mst.card.140040005._name,一之瀬マリカ
mst.card.100030094._name,妖精☆ことり
mst.card.100060094._name,花の妖精？
mst.card.100050094._name,心のポカポカ
mst.card.100060095._name,大事な友達
mst.card.100080095._name,熱くなれるコト
mst.card.100080096._name,飛行機雲
mst.card.100070093._name,サプライズ希望☆
mst.card.100040093._name,魚座の女神
mst.card.140790004._name,うちっちーのお誕生日
mst.card.140430005._name,蘭花
mst.card.110020038._name,パワフルガール
mst.card.110070037._name,ごつごつロック
mst.card.110080037._name,ダンシングハート
mst.card.110090037._name,悪い子ルビィ
mst.card.110010039._name,脱出を目指せ！
mst.card.110020039._name,最後の鍵
mst.card.110030037._name,難問に挑戦！
mst.card.110040037._name,柔軟な思考
mst.card.110050040._name,山勘最強？
mst.card.110060039._name,悪魔の解答
mst.card.110070038._name,ひらめきの鍛錬
mst.card.110080038._name,実力行使
mst.card.110090038._name,遥かなるゴール
mst.card.140420005._name,兵藤さゆり
mst.card.110030038._name,美味しいが１番
mst.card.110040038._name,笑顔を願う
mst.card.110030039._name,楽しい仲間
mst.card.110040039._name,私たちの力
mst.card.110080039._name,弾ける笑顔
mst.card.100050095._name,星空は特別☆
mst.card.100060096._name,単純ね
mst.card.140500005._name,相川涼
mst.card.110020040._name,輝く姿
mst.card.110030040._name,マンツーマン
mst.card.110050041._name,学ぶ楽しさ
mst.card.110040040._name,文武両道
mst.card.110070039._name,手の中の無限
mst.card.120020001._name,中須かすみ
mst.card.120030006._name,桜坂しずく
mst.card.120090001._name,天王寺璃奈
mst.card.100010100._name,パンにかこまれて
mst.card.100020095._name,うれしいおまけ
mst.card.100030095._name,おひとついかが？
mst.card.100040094._name,さがさないでください
mst.card.100050096._name,凛をつかまえて♪
mst.card.100060097._name,真姫のえすこーと
mst.card.100070094._name,ひみつのうらない
mst.card.100080097._name,とくせいおにぎり
mst.card.100090098._name,ぱーふぇくとすまいる
mst.card.110010040._name,みかんえらびめいじん
mst.card.110020041._name,じゆうなはっそう
mst.card.110030041._name,うみをごあんない♪
mst.card.110040041._name,わたしのたからもの
mst.card.110050042._name,いっしょにあそぼう
mst.card.110060040._name,てんしのツバサ
mst.card.110070040._name,むちゅうになれること
mst.card.110080040._name,じゅんびばんたん♪
mst.card.110090039._name,たくさんめしあがれ
mst.card.140170005._name,九条聖来
mst.card.100040095._name,イースターバニー
mst.card.100090099._name,もこもこうさぎにこ
mst.card.100010101._name,力を合わせて
mst.card.100030096._name,私たちの絆
mst.card.100040096._name,振り回されたいの
mst.card.100020096._name,ハートの女王
mst.card.100070095._name,占わなくても
mst.card.100080098._name,舞台挨拶ぅぅ！？
mst.card.140410005._name,月島結架
mst.card.110010041._name,居眠りチェック
mst.card.110090040._name,臨時授業
mst.card.110060041._name,知識の雫
mst.card.110080041._name,ティーチャー☆マリー
mst.card.100060098._name,牡羊座の女神
mst.card.140510005._name,イザベラ
mst.card.110040042._name,ダイヤの手紙指南
mst.card.110060042._name,想いを募らせて
mst.card.110060043._name,ヨハネと契約
mst.card.110070041._name,広がる未来
mst.card.110090041._name,みんな大好き
mst.card.100030097._name,うさぎの行方
mst.card.100040097._name,９人のアリス！？
mst.card.140770003._name,進化するために
mst.card.140780003._name,私達だけが出来ること
mst.card.120060005._name,近江彼方
mst.card.110010042._name,オズにお願い☆
mst.card.110060044._name,黒きいばら
mst.card.110090042._name,物語が降る夜
mst.card.110030042._name,運命を握る髪
mst.card.110020042._name,りんごの誘惑
mst.card.110010043._name,みんなのファン
mst.card.110050043._name,函館港ロマンス
mst.card.110090043._name,秘密の差し入れ
mst.card.110060045._name,真・極上堕天使の応援
mst.card.120040001._name,朝香果林
mst.card.120060006._name,近江彼方
mst.card.120080006._name,エマ・ヴェルデ
mst.card.100060099._name,感性の違い
mst.card.100080099._name,絶対おいしい！
mst.card.100020097._name,引き寄せられて
mst.card.100070096._name,大好きな仲間
mst.card.100090100._name,素直になれたら
mst.card.100010102._name,あなたの分も☆
mst.card.100050097._name,凛の悩み
mst.card.110070042._name,0時の鐘が鳴る前に
mst.card.110080042._name,魔法が解けたら
mst.card.110050044._name,手乗りサイズ☆
mst.card.110040043._name,狼にご用心
mst.card.110030043._name,夢の舞台
mst.card.110040044._name,個人的なこと
mst.card.110070043._name,夜景をあなたと
mst.card.120030007._name,桜坂しずく
mst.card.140080006._name,クリスティーナ
mst.card.110010044._name,ありがとうの一冊
mst.card.110020043._name,花のように
mst.card.110010045._name,熱くなっちゃう
mst.card.110020044._name,夢中になれること
mst.card.110050045._name,元気の源
mst.card.100060100._name,結束力アップ☆
mst.card.100090101._name,にこの役は
mst.card.110010046._name,食べる愛
mst.card.110080043._name,広がる幸せ
mst.card.110090044._name,小さな約束
mst.card.110070044._name,祝福の歌
mst.card.110050046._name,花嫁カウントダウン
mst.card.110020045._name,大人の階段
mst.card.110060046._name,空飛ぶ漆黒の翼
mst.card.110080044._name,ギルティなのは誰？
mst.card.100090102._name,応援するにこっ☆
mst.card.100010103._name,ロックな穂乃果☆
mst.card.100040098._name,ロックだぜ〜！！
mst.card.140310006._name,設楽ふみ
mst.card.140360006._name,福原命
mst.card.100070097._name,双子座の女神
mst.card.100040099._name,みんなのを参考に
mst.card.100080100._name,花陽らしい呪文
mst.card.100020098._name,亜里沙のイタズラ？
mst.card.110040045._name,挙式スタイル
mst.card.110060047._name,黒き翼の花嫁
mst.card.110020046._name,ウエディングソング
mst.card.110030044._name,ring finger
mst.card.110030045._name,スピード勝負！
mst.card.110090045._name,カードめくり
mst.card.140200006._name,田中さち子
mst.card.140510006._name,イザベラ
mst.card.110010047._name,まっすぐ一直線
mst.card.110020047._name,歌いたい気持ち
mst.card.110030046._name,スタートダッシュ
mst.card.110040046._name,気力と体力
mst.card.110050047._name,笑顔をみんなに
mst.card.110060048._name,究極堕天
mst.card.110070045._name,マルらしく
mst.card.110080045._name,ハッピーツアー
mst.card.110090046._name,笑顔を運んで
mst.card.100090103._name,ゼリービーンズ
mst.card.100050098._name,魔法が使えたら
mst.card.110020048._name,人魚の涙
mst.card.110030047._name,神秘の海
mst.card.110060049._name,魅惑の人魚姫
mst.card.110040047._name,海が呼ぶ
mst.card.110070046._name,色褪せぬ美しさ
mst.card.120070002._name,キラキラを届けたくて
mst.card.100020099._name,虹の妖精エリーチカ
mst.card.100050099._name,可愛い水着
mst.card.140120006._name,御堂優理
mst.card.140250006._name,白木凪
mst.card.100060101._name,好きだから
mst.card.100010104._name,ライスフルーツ！？
mst.card.110050048._name,海のロマン
mst.card.110090047._name,恋する人魚
mst.card.110080046._name,マーメイドボイス
mst.card.110010048._name,オレンジマーメイド
mst.card.110020049._name,コンビニに愛を込めて
mst.card.110060050._name,堕天使の願い
mst.card.110070047._name,秘密のままで
mst.card.140380006._name,志賀仁美
mst.card.140490006._name,白瀬小雪
mst.card.100090104._name,蟹座の女神
mst.card.100070098._name,玄人の食べ方！？
mst.card.100030098._name,魔法のお菓子？
mst.card.110030048._name,一緒に踊らない？
mst.card.110060051._name,夏を謳歌するのよ！
mst.card.110010049._name,たくさん飲んでね！
mst.card.110090048._name,お花がポイント
mst.card.110010050._name,花言葉は常に前進！
mst.card.100010105._name,獅子座の女神
mst.card.100010106._name,憧れの花束
mst.card.100030099._name,一緒に初めて体験
mst.card.100070099._name,初めての体験
mst.card.140260006._name,藤城悠弓
mst.card.140530006._name,ジェニファー
mst.card.110010051._name,FUJIYAMA・TOP！
mst.card.110020050._name,みんなのティータイム
mst.card.110030049._name,クール・ダイブ
mst.card.110040048._name,高飛車への挑戦
mst.card.110050049._name,どどーんと行くよ！
mst.card.110060052._name,堕天使ええじゃないか
mst.card.110070048._name,未来への飛行
mst.card.110080047._name,シャイニーメリー
mst.card.110090049._name,青空サイクリング
mst.card.100050100._name,スナックパイン♪
mst.card.100070100._name,フルーツ狩り
mst.card.100060102._name,フルーツティー
mst.card.110020051._name,バカンス満喫
mst.card.110040049._name,ペアルック
mst.card.110050050._name,南国パラダイス♪
mst.card.110070049._name,フワフワトッピング
mst.card.110080048._name,フルーツカーニバル♪
mst.card.110050051._name,祭りの蝶
mst.card.110080049._name,夏の誘い
mst.card.140020006._name,宮下ココ
mst.card.140130006._name,佐伯麗音
mst.card.100030100._name,信じてあげる♪
mst.card.100020100._name,リンゴdeスイーツ
mst.card.110010052._name,伝説のみかん饅頭
mst.card.110070050._name,魅惑だらけの中華街
mst.card.110080050._name,素敵な時間を
mst.card.110090050._name,憧れの衣装
mst.card.110060053._name,煉獄の紅焔への降臨
mst.card.110010053._name,飛び込め夏の輪！
mst.card.110020052._name,踊らにゃそんそん
mst.card.110030050._name,百発百中ガンガール
mst.card.110040050._name,迷子にならないように
mst.card.110050052._name,ラムネでカンパイ！
mst.card.110060054._name,水ヨーヨー、意気揚々
mst.card.110070051._name,屋台巡りは幸せ巡り
mst.card.110080051._name,夏の夜はイチゴ味
mst.card.110090051._name,わたしの金魚さん
mst.card.100050101._name,お手本になるにゃ♪
mst.card.100060103._name,最高のパートナー
mst.card.100090105._name,華麗に解決
mst.card.140370006._name,坂巻千鶴子
mst.card.140450006._name,レベッカ
mst.card.110070052._name,ゲームに囲まれて
mst.card.100040100._name,体調管理に最適☆
mst.card.100090106._name,スイカケーキ？
mst.card.100030101._name,乙女座の女神
mst.card.100030102._name,あなたのためのドレス
mst.card.110040051._name,惹き寄せられる秘密
mst.card.110050053._name,ニーハオー♪
mst.card.110030051._name,いってきますのハグ
mst.card.110020053._name,中華街アテンダント
mst.card.110020054._name,あなたとの相性占い
mst.card.110010054._name,月の花
mst.card.110090052._name,天上の光
mst.card.140190006._name,下園咲
mst.card.140340006._name,桐原優香
mst.card.110090053._name,次までがんばルビィ♪
mst.card.100010107._name,おいしいマンゴー☆
mst.card.100080101._name,この輝き……っ！
mst.card.110020055._name,素敵な気持ち
mst.card.110030052._name,代わってあげるよ♪
mst.card.110080052._name,Aqours神話
mst.card.110060055._name,銀河を統べる者
mst.card.110070053._name,星座になっても一緒♪
mst.card.110010055._name,ハッピーサンデー
mst.card.100050102._name,あなたを食べちゃうぞ
mst.card.100080102._name,トリックオアおにぎり
mst.card.140050006._name,結城紗菜
mst.card.140110006._name,杉崎亜矢
mst.card.100010108._name,みんなでお揃い
mst.card.100020101._name,μ'sだから出来ること
mst.card.100030103._name,ことりは巫女さん
mst.card.100040101._name,気分一新
mst.card.100050103._name,凛の魔法
mst.card.100060104._name,大事なこと
mst.card.100070101._name,幸運のおみくじ
mst.card.100080103._name,気配り上手
mst.card.100090107._name,射止めちゃうぞ♡
mst.card.110050054._name,レッツ・ゴー！
mst.card.100020102._name,あったかいでしょ
mst.card.100060105._name,いっつも一緒♪
mst.card.100040102._name,衣装のおかげです
mst.card.110090054._name,ルビィのお気に入り
mst.card.110010056._name,太陽フラッシュ
mst.card.110090055._name,銀河系アイドル
mst.card.110050055._name,宇宙ツアー
mst.card.110040052._name,天体観測日和
mst.card.140720001._name,ぷちぐるμ'sタワー
mst.card.140890001._name,ぷちぐるAqoursタワー
mst.card.100020103._name,天秤座の女神
mst.card.110040053._name,えがくひと
mst.card.110080053._name,ステージはパレット
mst.card.140090006._name,菊池朱美
mst.card.140410006._name,月島結架
mst.card.100020104._name,仲間達への感謝
mst.card.100080104._name,星と同じ輝き
mst.card.100070102._name,あなたの守護星
mst.card.100050104._name,蠍座の女神
mst.card.110030053._name,ブレーメン・ダンス
mst.card.110070054._name,みんなと一緒に
mst.card.110080054._name,甘い贈り物
mst.card.110010057._name,ランニング・ロデオ
mst.card.110050056._name,プラスワン・アレンジ
mst.card.100050105._name,お姫様day
mst.card.100020105._name,一番輝く星
mst.card.100070103._name,スターハント！
mst.card.140400006._name,紫藤美咲
mst.card.140430006._name,蘭花
mst.card.100050106._name,少しだけの息抜き
mst.card.100010109._name,満天星空
mst.card.110020056._name,暁と黄昏
mst.card.110060056._name,闇の調べ
mst.card.110040054._name,キャット・プリティ
mst.card.110090056._name,夢と幸せの在処
mst.card.110020057._name,天の音色
mst.card.110060057._name,聖天使の誘い
mst.card.140180006._name,近江遥
mst.card.140230006._name,篠宮あきる
mst.card.120010002._name,上原歩夢
mst.card.120020002._name,中須かすみ
mst.card.120030008._name,桜坂しずく
mst.card.120040002._name,朝香果林
mst.card.120050002._name,宮下愛
mst.card.120060007._name,近江彼方
mst.card.120070003._name,優木せつ菜
mst.card.120080007._name,エマ・ヴェルデ
mst.card.120090002._name,天王寺璃奈
mst.card.100030104._name,幸せのおすそわけ
mst.card.100090108._name,ふさわしい姿
mst.card.110040055._name,白い雪の贈り物
mst.card.110050057._name,冬のパーティー会場
mst.card.110060058._name,堕天使、冬に降り立つ
mst.card.110030054._name,海中のサンタクロース
mst.card.110010058._name,ホット・スノウ
mst.card.100010110._name,冬のおたのしみ
mst.card.100040103._name,雪のあしもと
mst.card.140030006._name,逢沢遊宇
mst.card.140540006._name,マリア
mst.card.110010059._name,高海千歌
mst.card.110020058._name,桜内梨子
mst.card.110030055._name,松浦果南
mst.card.110040056._name,黒澤ダイヤ
mst.card.110050058._name,渡辺曜
mst.card.110060059._name,津島善子
mst.card.110070055._name,国木田花丸
mst.card.110080055._name,小原鞠莉
mst.card.110090057._name,黒澤ルビィ
mst.card.110060060._name,スクユニ・津島善子
mst.card.110070056._name,スクユニ・国木田花丸
mst.card.110090058._name,スクユニ・黒澤ルビィ
mst.card.100040104._name,お姫さまより……
mst.card.100070104._name,魔導師のぞみん
mst.card.100030105._name,獣使い☆ことり
mst.card.110070057._name,体も心も温めて
mst.card.110090059._name,冬の妖精が跳ねた
mst.card.110020059._name,白銀に踊る少女の唄
mst.card.110080056._name,雪に愛を込めて
mst.card.110030056._name,優しい輝き
mst.card.110050059._name,聖夜前の福音
mst.card.140070006._name,永山みなみ
mst.card.140390006._name,鬼崎アキラ
mst.card.110010060._name,スクユニ・高海千歌
mst.card.110020060._name,スクユニ・桜内梨子
mst.card.110050060._name,スクユニ・渡辺曜
mst.card.100010111._name,剣士になったよ☆
mst.card.100050107._name,いつものクセで
mst.card.110020061._name,特別な年越しのために
mst.card.110040057._name,新年への差し入れ
mst.card.110090060._name,気分一新がんばルビィ
mst.card.110050061._name,曜ちゃんにお任せ！
mst.card.110060061._name,仕事納め、堕天使収め
mst.card.110010061._name,お揃いにしよう♪
mst.card.110020062._name,お揃いの花
mst.card.110030057._name,最高のライブを
mst.card.110040058._name,お揃いを見つけて
mst.card.110050062._name,日常キラキラ
mst.card.110060062._name,ヨハネの暗躍
mst.card.110070058._name,新しい世界
mst.card.110080057._name,シューティングスター
mst.card.110090061._name,大好きって気持ち
mst.card.110040059._name,ガーネット色のドレス
mst.card.100030106._name,乗り越えて、雪
mst.card.100090109._name,情熱への恩返し
mst.card.140320006._name,門田剣
mst.card.140550006._name,レオ
mst.card.110030058._name,スクユニ・松浦果南
mst.card.110040060._name,スクユニ・黒澤ダイヤ
mst.card.110080058._name,スクユニ・小原鞠莉
mst.card.110010062._name,一緒に歌おう！
mst.card.110020063._name,みんなで輪になって
mst.card.110030059._name,私の十八番
mst.card.110040061._name,カラオケ奉行
mst.card.110050063._name,カラオケ盛り上げ隊
mst.card.110060063._name,召喚の儀
mst.card.110070059._name,文明の利器
mst.card.110080059._name,2人でシャウト
mst.card.110090062._name,あなたとデュエット
mst.card.100090110._name,納得できる役は
mst.card.100020106._name,モンスターと狩人
mst.card.110010063._name,年越しはゴロゴロと
mst.card.110070060._name,思い出のアルバム
mst.card.110080060._name,新年のおもてなし
mst.card.110030060._name,年越し準備はＯＫ？
mst.card.100080105._name,私のご馳走
mst.card.100080106._name,伝わる手のぬくもり
mst.card.110040062._name,おせちに込めた願い
mst.card.110070061._name,迷い箸、願い箸
mst.card.140100006._name,須田いるか
mst.card.140150006._name,神谷理華
mst.card.110010064._name,気分はイタリア♪
mst.card.110020064._name,行ってみたい場所
mst.card.110030061._name,あなたとランチ♪
mst.card.110040063._name,ささやかな気遣い
mst.card.110050064._name,私とゴンドリエーレ
mst.card.110060064._name,堕天使と想像の旅
mst.card.110070062._name,吊り橋効果ずら♪
mst.card.110080061._name,マリーとティータイム
mst.card.110090063._name,心の中を見せて
mst.card.100080107._name,神官の役割
mst.card.100060106._name,２人でなら
mst.card.110030062._name,海からのバレンタイン
mst.card.110050065._name,バレンタインマジック
mst.card.110080062._name,空色チョコレート
mst.card.110090064._name,スイートメッセージ
mst.card.110070063._name,チョコが作る笑顔
mst.card.100020107._name,1日早い贈り物
mst.card.100060107._name,真心をあなたに
mst.card.140350006._name,斉木風
mst.card.140480006._name,黒羽咲夜
mst.card.110030063._name,嬉しいサプライズ
mst.card.100010112._name,おまんじゅうも合う？
mst.card.100050108._name,あなたのためだけに
mst.card.100090111._name,陰の努力
mst.card.110010065._name,みかんオランジェット
mst.card.110040064._name,くちどけスイート
mst.card.110060065._name,ホワイト×ブラック
mst.card.110020065._name,オペラのしらべ
mst.card.110010066._name,水の歌姫
mst.card.110020066._name,ガラス越しの眼差し
mst.card.110030064._name,マリンパワー
mst.card.110040065._name,お楽しみは最後に
mst.card.110050066._name,アクアリウム・ロマン
mst.card.110060066._name,海と堕天使
mst.card.110070064._name,ハングリーライブ
mst.card.110080063._name,Lucky Fish
mst.card.110090065._name,完璧な衣装
mst.card.110060067._name,可愛い計画
mst.card.110080064._name,雪の中のプレゼント
mst.card.140170006._name,九条聖来
mst.card.140240006._name,吉川瑞希
mst.card.100060108._name,真姫のお気に入り
mst.card.100040105._name,μ'sセット☆
mst.card.110020067._name,しとやかな純潔
mst.card.110030065._name,華麗なる美
mst.card.110060068._name,自然への愛
mst.card.110070065._name,元気な明るさ
mst.card.110090066._name,思いやり
mst.card.110070066._name,甘さを半分こ
mst.card.100040106._name,フラットな仲間達と
mst.card.100050109._name,厄を払ってお仕事完了
mst.card.140160006._name,森嶋ななか
mst.card.140460006._name,綾小路姫乃
mst.card.100020108._name,優雅な時間
mst.card.100070105._name,希のセット☆
mst.card.100040107._name,ポージング研究中♪
mst.card.100040108._name,幼い頃の絆の想い出
mst.card.110050067._name,信じあう心
mst.card.110080065._name,信頼の証
mst.card.110040066._name,謙虚な美徳
mst.card.110010067._name,いつも冒険
mst.card.140770004._name,11人の雪の結晶
mst.card.140780004._name,私たちの本気
mst.card.110010068._name,特別なメッセージ
mst.card.110070067._name,手作りバームクーヘン
mst.card.140040006._name,一之瀬マリカ
mst.card.140520006._name,高天原睦月
mst.card.110060069._name,あなたへの手紙
mst.card.110070068._name,マルの世界
mst.card.110090067._name,ルビィのお手紙
mst.card.110010069._name,大好きがいっぱい
mst.card.100030107._name,ことりセットは
mst.card.100080108._name,おにぎりはお菓子？
mst.card.110020068._name,夢の世界の証
mst.card.110070069._name,スペシャルランチ
mst.card.110090068._name,目線の先は
mst.card.110080066._name,光と音の祝福
mst.card.110050068._name,遊びきれない！
mst.card.100010113._name,ぎゅってしよう♪
mst.card.100020109._name,ふゆげのキツネ
mst.card.100030108._name,ヒツジをかぞえて
mst.card.100040109._name,かわいさをしって
mst.card.100050110._name,ネコさんにへんしん
mst.card.100060109._name,わるくないかも♪
mst.card.100070106._name,なんでもおみとおし♪
mst.card.100080109._name,ものまねできるかな？
mst.card.100090112._name,ラブニコおにぎり
mst.card.110010070._name,おふろあがりのみかん
mst.card.110020069._name,ぎゅっとして♪
mst.card.110030066._name,パンダのものまね
mst.card.110040067._name,だきしめたい
mst.card.110050069._name,おしゃべりしよう
mst.card.110060070._name,ねむりのせかい
mst.card.110070070._name,ひゃくまでかぞえて
mst.card.110080067._name,ゆめでつづきを
mst.card.110090069._name,ウサギさんのきもち
mst.card.140730001._name,アルパカの子ども
mst.card.140900001._name,しいたけの子ども
mst.card.140910001._name,あんこ
mst.card.100030109._name,ありがとうの気持ち
mst.card.100080110._name,真心を伝えたくて
mst.card.140420006._name,兵藤さゆり
mst.card.140440006._name,ラクシャータ
mst.card.100020110._name,内緒のお手紙
mst.card.100070107._name,あなたにテレパシー
mst.card.100090113._name,心からのメッセージ
mst.card.100080111._name,プリンセスクラウン
mst.card.100090114._name,ラッキーは一緒にね
mst.card.100050111._name,ワンモア・ライブ
mst.card.110010071._name,楽しさ満点♪
mst.card.110040068._name,誘惑に打ち勝て！
mst.card.110030067._name,ときめきコースター
mst.card.110060071._name,闇の遊園地
mst.card.110050070._name,大好きを叫ぼう
mst.card.110050071._name,ちょっぴり背伸び
mst.card.100060110._name,ピアノに想いを込めて
mst.card.100060111._name,ポーカータイム
mst.card.110020070._name,桜の精
mst.card.110030068._name,あなたの心に
mst.card.140300006._name,黒崎隼
mst.card.140470006._name,黒羽咲良
mst.card.110030069._name,ハグしたいな♪
mst.card.110040069._name,心を込めて
mst.card.110080068._name,みんなへのラブ♡
mst.card.100060112._name,木漏れ日シンフォニー
mst.card.100030110._name,リフレッシュタイム
mst.card.140010001._name,スターライトセーラー
mst.card.140750001._name,フラワーサークル
mst.card.110030070._name,時には気分で♪
mst.card.110060072._name,魔界列車に乗って
mst.card.110090070._name,びゅーんっとおでかけ
mst.card.110020071._name,安全を守るために
mst.card.110010072._name,チカッチホイッスル
mst.card.100010114._name,手作りはいかが？
mst.card.100070108._name,奇跡が起きた日
mst.card.140140006._name,鳥居歩美
mst.card.140210006._name,支倉かさね
mst.card.100050112._name,あなたを応援
mst.card.100060113._name,時には素直に
mst.card.100080112._name,披露しちゃいます♪
mst.card.100020111._name,素直な喜びを乗せて
mst.card.100040110._name,思い出を抱きしめて
mst.card.110070071._name,優しいサポート
mst.card.110080069._name,旅する気分
mst.card.110050072._name,みんなに届くように
mst.card.110040070._name,Aqoursトレイン
mst.card.110050073._name,決闘の理由
mst.card.110090071._name,憧れの人のイメージで
mst.card.140060006._name,西村文絵
mst.card.140500006._name,相川涼
mst.card.110010073._name,チカチーの底力
mst.card.110020072._name,大好きな歌
mst.card.110050074._name,私の恩返し
mst.card.120040003._name,迷子のランチタイム
mst.card.120070004._name,空腹も忘れる
mst.card.120090003._name,ご多忙ランチ
mst.card.100010115._name,隠し味は、春の陽気
mst.card.100070109._name,お手伝いのお礼
mst.card.110010074._name,ちょっぴり大人気分♪
mst.card.110060073._name,魅惑のステップ
mst.card.110080070._name,エキゾチックナイト
mst.card.110070072._name,お話の続き
mst.card.110030071._name,踊りたい気分
mst.card.100020112._name,雨上がりレインボー
mst.card.100030111._name,相合いアンブレラ
mst.card.120060008._name,近江彼方
mst.card.140560006._name,早乙女紫
mst.card.100010116._name,伝えたい気持ち
mst.card.100030112._name,あなたに届け
mst.card.100040111._name,高まる気持ち
mst.card.100070110._name,スペシャルタロット
mst.card.100070111._name,幸せに導かれて
mst.card.100050113._name,扇げば涼し
mst.card.100090115._name,ライクアビー玉
mst.card.100060114._name,しゅわしゅわラムネ
mst.card.110080071._name,シャイニーバースデー
mst.card.110080072._name,パーティーへようこそ
mst.card.110040071._name,あなたをトリコに
mst.card.110050075._name,私のこだわり
mst.card.110090072._name,緊張を半分こ
mst.card.110020073._name,ミステリアスナイト
mst.card.110070073._name,あなたの横顔
mst.card.110080073._name,相合い傘
mst.card.120080008._name,エマ・ヴェルデ
mst.card.140220006._name,多々良るう
mst.card.100030113._name,夏の盛り合わせ
mst.card.100020113._name,涼音響きて
mst.card.110030072._name,みんなとシャボン玉
mst.card.110040072._name,シャボン玉のコツ♪
mst.card.110090073._name,ルビィのアイディア♪
mst.card.110060074._name,壊れやすきもの
mst.card.110080074._name,シャボン玉に誘われて
mst.card.140080007._name,クリスティーナ
mst.card.100050114._name,あした天気になあれ
mst.card.100090116._name,夢いっぱい天の川
mst.card.100070112._name,色とりどり花火
mst.card.100080113._name,ビー玉ころころ
mst.card.110060075._name,バースデーラグナロク
mst.card.110060076._name,今日はなんの日？
mst.card.140310007._name,設楽ふみ
mst.card.110020074._name,シャボン玉のメロディ
mst.card.110070074._name,シャボン玉シャワー
mst.card.110010075._name,一緒に飛ばそう♪
mst.card.110050076._name,あなたとシャボン玉
mst.card.140360007._name,福原命
mst.card.110040073._name,帽子とワンピース
mst.card.110050077._name,内浦の浜辺
mst.card.110010076._name,全力ライブ
mst.card.110020075._name,音を繋いで
mst.card.110030073._name,Aqoursのこれから
mst.card.110040074._name,バーニングクイズ
mst.card.110050078._name,波に乗って
mst.card.110060077._name,占い師ヨハネの福音
mst.card.110070075._name,お揃いのハナマル
mst.card.110080075._name,パーフェクトプラン
mst.card.110090074._name,ルビィのクイズ
mst.card.100090117._name,エールを受けて
mst.card.100090118._name,内緒で逆サプライズ
mst.card.100040112._name,光る水しぶき
mst.card.100010117._name,思いっきり弾いて！
mst.card.110010077._name,想いを伝えて
mst.card.140510007._name,イザベラ
mst.card.110010078._name,宝探しを一緒に
mst.card.110070076._name,プールサイドの誘惑
mst.card.110080076._name,私たちに溺れて♪
mst.card.110050079._name,こだわりを探して
mst.card.110040075._name,準備運動は入念に
mst.card.100010118._name,ミュージックスタート
mst.card.110050080._name,今夜、夢の続きを
mst.card.110090075._name,翼の橋
mst.card.140200007._name,田中さち子
mst.card.100040113._name,貝の色、海の音
mst.card.100060115._name,輝きの海に
mst.card.100010119._name,可愛さを引き出して
mst.card.100020114._name,キミとクルーズ
mst.card.100030114._name,波に揺られて
mst.card.100040114._name,秘密のポイント
mst.card.100050115._name,跳んで弾んで
mst.card.100060116._name,ポーズを決めて
mst.card.100070113._name,星の導きを
mst.card.100080114._name,お気に入りポイント
mst.card.100090119._name,熱意を聞かせて
mst.card.100070114._name,充電満タン♪
mst.card.100080115._name,お手柔らかに
mst.card.100020115._name,景色を眺めて
mst.card.140250007._name,白木凪
mst.card.110030074._name,油断禁物♪
mst.card.110060078._name,夕月の堕天
mst.card.110090076._name,一緒に夜プール
mst.card.110020076._name,人魚姫を見つけて
mst.card.110010079._name,隠し味はみかん
mst.card.110020077._name,熱々を召し上がれ
mst.card.110030075._name,温めてあげる
mst.card.110040076._name,木霊に耳を澄ませて
mst.card.110050081._name,特別な飲み物
mst.card.110060079._name,ヨハネの防御結界
mst.card.110070077._name,ミラクルカード
mst.card.110080077._name,シャイニープラン
mst.card.110090077._name,手を繋いで
mst.card.140120007._name,御堂優理
mst.card.110030076._name,無限のチャンス
mst.card.110060080._name,グランドスター
mst.card.100090120._name,ニコニーのお土産
mst.card.100030115._name,ことり、参戦♪
mst.card.140490007._name,白瀬小雪
mst.card.110010080._name,小悪魔レッスン
mst.card.110030077._name,あなたと一緒に
mst.card.110090078._name,小悪魔ルビィ
mst.card.110080078._name,まもなくショータイム
mst.card.110060081._name,堕天使コーディネート
mst.card.140380007._name,志賀仁美
mst.card.100010120._name,カッコイイへの挑戦
mst.card.100080116._name,ホールドアップ！
mst.card.100050116._name,凛は隊長♪
mst.card.100040115._name,山頂アタック
mst.card.100030116._name,今日の主役は？
mst.card.140530007._name,ジェニファー
mst.card.110020078._name,一緒にしたいこと
mst.card.110050082._name,アイディアがいっぱい
mst.card.110040077._name,準備は入念に
mst.card.110070078._name,マルの冒険
mst.card.110020079._name,特別なステージ♪
mst.card.110090079._name,サプライズは突然に
mst.card.110010081._name,チカッチワールド
mst.card.110020080._name,彩りのメロディ
mst.card.110030078._name,みんなを支える力
mst.card.110040078._name,サンシャインを感じて
mst.card.110050083._name,空への出航
mst.card.110060082._name,純血と漆黒の契約
mst.card.110070079._name,あなたと冒険
mst.card.110080079._name,マリーのアンブレラ
mst.card.110090080._name,太陽さんへの祈り
mst.card.110060083._name,共鳴する魂
mst.card.100010121._name,いざ、出発♪
mst.card.100060117._name,宝探しの秘密
mst.card.140130007._name,佐伯麗音
mst.card.110010082._name,特製焼きみかん
mst.card.110050084._name,収穫日和♪
mst.card.110070080._name,実りに感謝
mst.card.110030079._name,ちょっと一工夫
mst.card.110080080._name,マリーのスペシャル
mst.card.140020007._name,宮下ココ
mst.card.100070115._name,イタズラタイム！
mst.card.100090121._name,スイートハロウィン
mst.card.100020116._name,キミにはお見通し？
mst.card.100060118._name,ノートを見せて
mst.card.100010122._name,夜食のパンタイム
mst.card.140340007._name,桐原優香
mst.card.110040079._name,苦手を克服？
mst.card.110060084._name,堕天使の漆黒の岩漿
mst.card.110020081._name,美味しい笑顔
mst.card.110090081._name,お芋パラダイス
mst.card.100020117._name,最高のステージを
mst.card.140370007._name,坂巻千鶴子
mst.card.110020082._name,優しい怪盗
mst.card.110080081._name,優雅な知恵比べ
mst.card.100080117._name,おやつはおにぎり
mst.card.100050117._name,ラーメン食べるにゃ！
mst.card.100050118._name,嬉しい笑顔
mst.card.140450007._name,レベッカ
mst.card.110030080._name,見てみたい世界
mst.card.110080082._name,マリーにお任せ
mst.card.110090082._name,お友達になりたいな
mst.card.110070081._name,あなたと想像の旅
mst.card.110050085._name,たくさんのこだわり
mst.card.140110007._name,杉崎亜矢
mst.card.100020118._name,時には気の向くままに
mst.card.100080118._name,あなたと過ごす時間
mst.card.100040116._name,時には集中
mst.card.100090122._name,ソワソワの理由
mst.card.140190007._name,下園咲
mst.card.110020083._name,曲作りのヒント
mst.card.110040080._name,あなたと読書
mst.card.110060085._name,ヨハネの魔眼
mst.card.110010083._name,歌詞作りのヒント
mst.card.140050007._name,結城紗菜
mst.card.110040081._name,仮面が伝える思い
mst.card.110060086._name,闇が宿るマスク
mst.card.100010123._name,叶える力
mst.card.110010084._name,輝きを探して
mst.card.100030117._name,お勉強のお供に
mst.card.100070116._name,興味を持って♪
mst.card.140400007._name,紫藤美咲
mst.card.110020084._name,プレゼントをあなたに
mst.card.110070082._name,マルとクリスマス
mst.card.110080083._name,ハッピーのおすそ分け
mst.card.110010085._name,空に向かって
mst.card.110030081._name,サンタさんになって
mst.card.140410007._name,月島結架
mst.card.100010124._name,可愛いキャラ飾り
mst.card.100030118._name,夢を守りたくて
mst.card.100040117._name,冬にも負けず
mst.card.100080119._name,寒いならご飯です！
mst.card.100060119._name,片方ずつの手袋
mst.card.140430007._name,蘭花
mst.card.110040082._name,私たちのプレゼント
mst.card.110050086._name,トワイライトの中で
mst.card.110090083._name,ルビィのサンタさん
mst.card.110060087._name,堕天使の聖なる夜
mst.card.140230007._name,篠宮あきる
mst.card.110010086._name,アンティークライト
mst.card.110050087._name,聖なる歌の調べ
mst.card.100020119._name,癒しの小旅行
mst.card.100070117._name,モミジの押し花
mst.card.110060088._name,堕天使の微睡み
mst.card.110070083._name,至福の湯上がり
mst.card.100050119._name,ぎゅってしたいにゃー
mst.card.100090123._name,白銀ステージ
mst.card.110040083._name,特別な余興♪
mst.card.140090007._name,菊池朱美
mst.card.110010087._name,みかんのあぶり出し
mst.card.110070084._name,無になれたら
mst.card.110080084._name,シャイニーな一年を
mst.card.110060089._name,リトルデーモン募集中
mst.card.110050088._name,新春ヨーソロー
mst.card.140180007._name,近江遥
mst.card.100050120._name,新しい年のはじまり
mst.card.100060120._name,恭賀新正
mst.card.100010125._name,雪降れー！
mst.card.100030119._name,よく見て近い雪だるま
mst.card.100080120._name,夢の中でも
mst.card.140320007._name,門田剣
mst.card.110040084._name,着付けはお任せ
mst.card.110090084._name,お姉ちゃんの着付け
mst.card.110030082._name,アクティブな願い事
mst.card.110020085._name,願い事を叶えて
mst.card.100080121._name,ラッキーパーソン
mst.card.140390007._name,鬼崎アキラ
mst.card.110020086._name,雪のメロディ
mst.card.110030083._name,雪の音
mst.card.100070118._name,見つけて冬の一番星
mst.card.100020120._name,冬の発見
mst.card.140540007._name,マリア
mst.card.110020087._name,ネコちゃんの歌
mst.card.110030084._name,十人十色♪
mst.card.110070085._name,あなたとお手伝い
mst.card.110050089._name,おさかなクッキー
mst.card.110090085._name,心地良い場所
mst.card.140070007._name,永山みなみ
mst.card.100040118._name,しあわせのひとくち
mst.card.100070119._name,ショコラ・パワー
mst.card.110030085._name,バースデースマイル
mst.card.100030120._name,衣装をプレゼント
mst.card.100040119._name,もっと綺麗に！
mst.card.100050121._name,あなたが選ぶもの
mst.card.140030007._name,逢沢遊宇
mst.card.110040085._name,幸せな気持ち
mst.card.110060090._name,新たなる眷属
mst.card.110080085._name,嫉妬ファイヤー？
mst.card.110010088._name,可愛さをアピール
mst.card.140150007._name,神谷理華
mst.card.110070086._name,想像と創造の旅
mst.card.110090086._name,一緒にメイキング
mst.card.100080122._name,夢の中でも一緒に
mst.card.100090124._name,爆発キューティー
mst.card.100010126._name,マジカルパワー！
mst.card.140350007._name,斉木風
mst.card.110010089._name,春の妖精
mst.card.110060091._name,蝶の輪舞
mst.card.110090087._name,春を届けて
mst.card.110020088._name,春の音色
mst.card.110040086._name,春を探して
mst.card.110070087._name,弾む心♪
mst.card.140480007._name,黒羽咲夜
mst.card.100010127._name,穂乃果のお手紙
mst.card.100020121._name,いつもより素直に
mst.card.100040120._name,一筆集中♪
mst.card.100060121._name,そんなに見ないで
mst.card.100070120._name,のんちゃんマジカル☆
mst.card.100040121._name,マジカルウィッチ
mst.card.100030121._name,想いを弾ませて
mst.card.100070121._name,あなたと夢の旅
mst.card.140550007._name,レオ
mst.card.110030086._name,妖精になって
mst.card.110050090._name,暖かさを感じて
mst.card.110070088._name,妖精と蝶の浪漫
mst.card.110080086._name,特別な春の夢を♪
mst.card.140170007._name,九条聖来
mst.card.110050091._name,お返しヨーソロー
mst.card.110080087._name,ピュアシャイニー
mst.card.110010090._name,みんなで乗り越えて
mst.card.110020089._name,歌声で包んで
mst.card.110050092._name,信じる気持ち
mst.card.110010091._name,次の輝きへ
mst.card.100020122._name,綺麗をキミに♪
mst.card.100080123._name,できるかな……？
mst.card.140100007._name,須田いるか
mst.card.100010128._name,高坂穂乃果
mst.card.100020123._name,絢瀬絵里
mst.card.100030122._name,南ことり
mst.card.100040122._name,園田海未
mst.card.100050122._name,星空凛
mst.card.100060122._name,西木野真姫
mst.card.100070122._name,東條希
mst.card.100080124._name,小泉花陽
mst.card.100090125._name,矢澤にこ
mst.card.110010092._name,高海千歌
mst.card.110020090._name,桜内梨子
mst.card.110030087._name,松浦果南
mst.card.110040087._name,黒澤ダイヤ
mst.card.110050093._name,渡辺曜
mst.card.110060092._name,津島善子
mst.card.110070089._name,国木田花丸
mst.card.110080088._name,小原鞠莉
mst.card.110090088._name,黒澤ルビィ
mst.card.140920001._name,ブロッサム
mst.card.140930001._name,バブルス
mst.card.140940001._name,バターカップ
mst.card.140240007._name,吉川瑞希
mst.card.100010129._name,何度でもフルコース
mst.card.100020124._name,ジェット・スリル
mst.card.100030123._name,ミツバチのルミネ
mst.card.100040123._name,ラブリー・ハニー
mst.card.100060123._name,甘い一口
mst.card.100070123._name,誘われて、一緒に
mst.card.100090126._name,ハニースイート
mst.card.100010130._name,緊張も吹き飛ぶくらい
mst.card.100030124._name,大好きだから
mst.card.100040124._name,情熱の引力
mst.card.110050094._name,伝わる心
mst.card.100060124._name,自然な笑顔で
mst.card.140460007._name,綾小路姫乃
mst.card.140010002._name,μ's
mst.card.140750002._name,Aqours
mst.card.110050095._name,歌う衣装
mst.card.100060125._name,魔法にかかって
mst.card.140520007._name,高天原睦月
mst.card.110020091._name,花の歌を聴きながら
mst.card.110030088._name,花冠に想いを込めて
mst.card.110040088._name,ルビィのために
mst.card.110060093._name,堕天使の輪
mst.card.110070090._name,花を繋げて
mst.card.110080089._name,ベストを探して
mst.card.110090089._name,お花を探して
mst.card.110060094._name,堕天使の共鳴
mst.card.110070091._name,未来を見つめて
mst.card.110090090._name,ルビィの想い
mst.card.140440007._name,ラクシャータ
mst.card.100050123._name,ありのままのスマイル
mst.card.100080125._name,大切な２人のメモリー
mst.card.140040007._name,一之瀬マリカ
mst.card.100010131._name,いつも見てるから
mst.card.100020125._name,おまじないをかけて
mst.card.100050124._name,凛のアレンジ
mst.card.100060126._name,晴れてほしいから
mst.card.100070124._name,本領発揮！？
mst.card.100080126._name,てるてる坊主の力
mst.card.100090127._name,お天気スマイル
mst.card.100020126._name,幸せの実感
mst.card.100070125._name,奇跡を必然に
mst.card.100090128._name,ニコニーの約束
mst.card.140160007._name,森嶋ななか
mst.card.110010093._name,おひさまスマイル
mst.card.110050096._name,特別な花冠
mst.card.140210007._name,支倉かさね
mst.card.110010094._name,傘で空を飛べたら
mst.card.110020092._name,雨の日のメロディ
mst.card.110030089._name,虹を探して
mst.card.110050097._name,雨のお友達
mst.card.110060095._name,来たれ、我が傘下へ
mst.card.110070092._name,雨だれを聞きながら
mst.card.110080090._name,レイニー＆シャイニー
mst.card.110030090._name,成功のイメージ
mst.card.110040089._name,成長を見つめて
mst.card.110080091._name,本音をぶつけて
mst.card.140300007._name,黒崎隼
mst.card.100030125._name,カワイイ仕上げ
mst.card.100040125._name,突き詰めるこだわり
mst.card.100070126._name,幸せ満タン♪
mst.card.140560007._name,早乙女紫
mst.card.100010132._name,みんなで叶える願い事
mst.card.100020127._name,エスコートはキミに
mst.card.100030126._name,可愛い浴衣に見とれて
mst.card.100040126._name,叶えたい願い事
mst.card.100050125._name,風車ふーふー♪
mst.card.100070127._name,腕前披露♪
mst.card.100080127._name,お気に入りのりんご飴
mst.card.100050126._name,特訓の成果
mst.card.100060127._name,あなたと握手
mst.card.100080128._name,レベルアップです♪
mst.card.110080092._name,宝物を抱きしめて
mst.card.100070128._name,ウチの熱い想い
mst.card.110080093._name,みんなの力
mst.card.140140007._name,鳥居歩美
mst.card.110040090._name,肩を寄せ合って
mst.card.110090091._name,大好きなお姉ちゃんと
mst.card.140060007._name,西村文絵
mst.card.110010095._name,幸せのシャワー
mst.card.110020093._name,たくさんの嬉しい音
mst.card.110040091._name,二人の秘密
mst.card.110050098._name,シークレットドレス
mst.card.110060096._name,堕天使の力を限定封印
mst.card.110070093._name,祝福のリボンワンズ
mst.card.110090092._name,大切なブーケを胸に
mst.card.140220007._name,多々良るう
mst.card.140260007._name,藤城悠弓
mst.card.140420007._name,兵藤さゆり
mst.card.140470007._name,黒羽咲良
mst.card.140500007._name,相川涼
mst.card.100060128._name,本当に叶えたいこと
mst.card.100090129._name,想いを込めた願い事
mst.card.110030091._name,3人の想い
mst.card.110040092._name,麗しのダイヤモンド
mst.card.110070094._name,落下防止
mst.card.100060129._name,シンプルアクセント
mst.card.100030127._name,ウキウキ挑戦者たち
mst.card.100040127._name,優しい気遣い
mst.card.100090130._name,にこのコーチング
mst.card.110060097._name,堕天使ヨハネの託宣
mst.card.110010096._name,元気のお裾分け
mst.card.110050099._name,モードチェンジ
mst.card.110090093._name,ひとりじゃない
mst.card.110060098._name,翡翠の魔術師
mst.card.110030092._name,エスコートはお任せ♪
mst.card.110080094._name,花嫁さんになりきって
mst.card.100090131._name,ビッグストロベリー♡
mst.card.110020094._name,最高の絆
mst.card.110030093._name,マル秘（？）練習場
mst.card.110040093._name,同じものを見て感じて
mst.card.110070095._name,ゆるゆるリラックス
mst.card.100090132._name,ひとつになって
mst.card.110020095._name,ベールの下の微笑み
mst.card.110060099._name,どっちも楽しい！
mst.card.110080095._name,ハッピー・トラブル！
mst.card.110010097._name,大好きを歌って
mst.card.100010133._name,パーティのはじまり
mst.card.100010134._name,カラフルデザイン
mst.card.100020128._name,クールダウンタイム
mst.card.110010098._name,魔法の歌
mst.card.100010135._name,魔法をかけよう
mst.card.100010136._name,甘い補給で一休み
mst.card.100050127._name,ピンときたんだにゃ
mst.card.100060130._name,怪しいジュースの魅力
mst.card.100080129._name,白米の可能性
mst.card.110010099._name,輝きを一緒に
mst.card.110020096._name,楽しい時間をずっと
mst.card.110030094._name,諦めない強さ
mst.card.110040094._name,大切なもの
mst.card.110050100._name,未知の楽しさ
mst.card.110060100._name,魔力増幅の軌跡
mst.card.110070096._name,今日も笑顔で
mst.card.110080096._name,もっと近くで
mst.card.110090094._name,緊張を味方につけて
mst.card.110020097._name,リトルデーモンの祝福
mst.card.110060101._name,夜を彩る炎の華
mst.card.110070097._name,憧れの本屋さん
mst.card.110020098._name,最強の一撃
mst.card.110060102._name,私の知らない世界
mst.card.110080097._name,小原流ガストロノミー
mst.card.100070129._name,秘密のデザート
mst.card.100090133._name,ニコニーにお任せ♪
mst.card.100030128._name,内緒のご褒美
mst.card.100010137._name,悔しい嬉しい！
mst.card.100020129._name,今から楽しみだわ♪
mst.card.100070130._name,占ってあげようか？
mst.card.100030129._name,ことりの小鳥ちゃん
mst.card.100030130._name,たくさんの幸せ
mst.card.110020099._name,気持ちを曲に込めて
mst.card.110090095._name,ルビィの予行練習
mst.card.110040095._name,目標へ向けて前進♪
mst.card.110050101._name,フロート曜ちゃん号♪
mst.card.110020100._name,優しさの形
mst.card.110060103._name,先導者ヨハネ
mst.card.110010100._name,飾らない想い
mst.card.110050102._name,それもまたあり？
mst.card.110090096._name,イメージの向こう側
mst.card.110090097._name,魔法の国の住人
mst.card.100060131._name,びっくりスパイス
mst.card.100080130._name,クラッカー・トリック
mst.card.120010003._name,上原歩夢
mst.card.120020003._name,中須かすみ
mst.card.120030009._name,桜坂しずく
mst.card.120040004._name,朝香果林
mst.card.120050003._name,宮下愛
mst.card.120060009._name,近江彼方
mst.card.120070005._name,優木せつ菜
mst.card.120080009._name,エマ・ヴェルデ
mst.card.120090004._name,天王寺璃奈
mst.card.100090134._name,スマイルランゲージ
mst.card.100030131._name,ポンポンアタック
mst.card.100070131._name,気合の応援
mst.card.100080131._name,お願いアシスト
mst.card.100020130._name,キミの声を聞かせて
mst.card.110070098._name,マルと選びっこ♪
mst.card.110090098._name,シールタトゥーに挑戦
mst.card.110090099._name,もっと似合うように
mst.card.110040096._name,ダイヤシュート♡
mst.card.110050103._name,アン・ガルド！
mst.card.110070099._name,ご褒美タイム
mst.card.100020131._name,キミへの魔法
mst.card.100050128._name,ぬくぬくにゃ♪
mst.card.100010138._name,オータムギフト
mst.card.100030132._name,あなたのための情熱
mst.card.110020101._name,生クリームに包まれて
mst.card.100050129._name,守護石の導き
mst.card.120010004._name,あなたを待ってた
mst.card.140740001._name,絢瀬亜里沙
mst.card.140950001._name,渡辺月
mst.card.141380001._name,川本美里
mst.card.100080132._name,マッチングテイスト
mst.card.100040128._name,もっと笑顔で
mst.card.100050130._name,凛の三三七拍子
mst.card.100060132._name,頑張る姿
mst.card.110040097._name,飴のようにとろけて
mst.card.141390001._name,夏川マイ
mst.card.110060104._name,チョコレートを纏って
mst.card.110010101._name,お散歩日和
mst.card.110030095._name,冬の前の願いごと
mst.card.100010139._name,スイートアピール
mst.card.110010102._name,Aqoursの祈り
mst.card.110030096._name,ドリブル勝負！？
mst.card.110080098._name,シャイニースマッシュ
mst.card.110090100._name,笑顔でゴールイン♪
mst.card.100070132._name,コットンレインボー
mst.card.100050131._name,チャイニーズステップ
mst.card.100040129._name,With You
mst.card.100050132._name,いたずらマインド？
mst.card.110050104._name,ゆめかわスイーツ
mst.card.120020004._name,かすみんが一番
mst.card.100050133._name,スパイスの隠し味
mst.card.100010140._name,一体感に包まれて
mst.card.100020132._name,声の限り
mst.card.100090135._name,ニコニーの全力応援♡
mst.card.110030097._name,スイーツパーティ
mst.card.110070100._name,夢の衣装・夢の世界
mst.card.110020102._name,願いごとは
mst.card.110080099._name,二人の歌
mst.card.100030133._name,スイートティータイム
mst.card.110040098._name,決意を新たに
mst.card.110010103._name,超みかんシュート
mst.card.110020103._name,速球ミラクル
mst.card.110060105._name,堕天使の疾走
mst.card.100020133._name,カラフルマジック
mst.card.100020134._name,描いてきた夢
mst.card.100070133._name,希望の女神
mst.card.100090136._name,笑顔を咲かせて
mst.card.110030098._name,Aqoursの波に乗って
mst.card.110040099._name,わたくしたちの特等席
mst.card.110080100._name,シャイニーウェイブ♡
mst.card.100060133._name,シンフォニックツアー
mst.card.110040100._name,新しい年のはじまりに
mst.card.100050134._name,一番かわいい私
mst.card.100060134._name,本当の気持ち
mst.card.100080133._name,新しい私
mst.card.110060106._name,堕天使ヨハネの誓約
mst.card.110070101._name,笑顔の花を
mst.card.110090101._name,ルビィの気持ち
mst.card.100020135._name,ホーリー・ベル
mst.card.100090137._name,神様、聞いてください
mst.card.110010104._name,みかん代表！？
mst.card.120030010._name,私たちのストーリー
mst.card.100010141._name,喜びを歌おう
mst.card.100030134._name,ことりの翼で
mst.card.100040130._name,ほのかな予感
mst.card.110010105._name,大好きを届けに
mst.card.110020104._name,嬉しい音を聞かせて
mst.card.110050105._name,私の全速力♪
mst.card.110040101._name,胸躍る新世界
mst.card.100040131._name,サニー・ウォーキング
mst.card.100010142._name,お鍋にほむまん投入？
mst.card.100050135._name,美味しさ山盛りにゃ
mst.card.100070134._name,もっと美味しく
mst.card.110080101._name,スイートなお祝い
mst.card.110090102._name,ルビィのこだわり
mst.card.100080134._name,織姫星に願いを
mst.card.110040102._name,堕天使の帯
mst.card.110060107._name,力を貸して
mst.card.100040132._name,大好きは譲れない
mst.card.100080135._name,折り紙のバッチ
mst.card.110080102._name,三人の約束
mst.card.110030099._name,スパルタトレーナー
mst.card.110050106._name,ストロングな身体
mst.card.110070102._name,鋭い眼光
mst.card.100090138._name,ファミリーハピネス
mst.card.100080136._name,シュガースターライト
mst.card.100010143._name,スイートハプニング
mst.card.100060135._name,チョコの甘い罠
mst.card.120040005._name,リードしてあげる
mst.card.110030100._name,流れ星を見つけに
mst.card.100070135._name,ユニークランゲージ
mst.card.100020136._name,かわいい飾り切り♪
mst.card.100030135._name,ぽん、ぽん、ぽん♪
mst.card.100040133._name,包丁修行で集中！
mst.card.110030101._name,モア　ヒート！
mst.card.110010106._name,みんなのパワー
mst.card.110020105._name,もっと一緒に
mst.card.110030102._name,瞬きを忘れて
mst.card.110040103._name,高まる期待
mst.card.110050107._name,溢れる想い
mst.card.110060108._name,聖なるリトルデーモン
mst.card.110070103._name,自己ベスト更新ずら♪
mst.card.110080103._name,シャイニングシャウト
mst.card.110090103._name,みんなの雪の結晶
mst.card.110050108._name,まさかの勘違い！？
mst.card.110090104._name,福はうち福はうち♪
mst.card.110050109._name,同じ願いごと
mst.card.110010107._name,おもてなしの心
mst.card.110040104._name,前へ踏み出す力
mst.card.110080104._name,真のごちそう
mst.card.110070104._name,新しくなる世界
mst.card.100030136._name,スイーツセレクション
mst.card.100050136._name,オープン・ユアハート
mst.card.120050004._name,テンアゲで！
mst.card.110070105._name,輝ける日々
mst.card.100020137._name,ダイビングスタディ
mst.card.100060136._name,ハッピーアンハッピー
mst.card.100080137._name,禁断の組み合わせ！？
mst.card.100090139._name,かわいくオシャレに！
mst.card.100040134._name,かわいいお話を
mst.card.100040135._name,誕生日のお願い
mst.card.110010108._name,桜を詠み合って
mst.card.110070106._name,桜の花飾り
mst.card.110030103._name,誓いのハグ
mst.card.110020106._name,やる気爆発
mst.card.110060109._name,楽しかった思い出
mst.card.110090105._name,諦めない心
mst.card.100010144._name,大好きを詰め込んで
mst.card.100030137._name,小さな奇跡
mst.card.100040136._name,夢中になれるから
mst.card.100070136._name,フレンドリーシェア
mst.card.100080138._name,ピッキング・ベリー
mst.card.120060010._name,夢の続きを
mst.card.100010145._name,高坂穂乃果
mst.card.100020138._name,絢瀬絵里
mst.card.100030138._name,南ことり
mst.card.100040137._name,園田海未
mst.card.100050137._name,星空凛
mst.card.100060137._name,西木野真姫
mst.card.100070137._name,東條希
mst.card.100080139._name,小泉花陽
mst.card.100090140._name,矢澤にこ
mst.card.110010109._name,高海千歌
mst.card.110020107._name,桜内梨子
mst.card.110030104._name,松浦果南
mst.card.110040105._name,黒澤ダイヤ
mst.card.110050110._name,渡辺曜
mst.card.110060110._name,津島善子
mst.card.110070107._name,国木田花丸
mst.card.110080105._name,小原鞠莉
mst.card.110090106._name,黒澤ルビィ
mst.card.140960001._name,しんのすけ
mst.card.140970001._name,ひまわり
mst.card.140980001._name,シロ
mst.card.140990001._name,しんちゃん
mst.card.141000001._name,ボーちゃん
mst.card.141010001._name,風間くん
mst.card.141020001._name,ネネちゃん
mst.card.141030001._name,マサオくん
mst.card.100030139._name,リバイバルメモリー
mst.card.100010146._name,司会進行の妙技
mst.card.100020139._name,会場案内の極意
mst.card.100040138._name,道案内もお手のもの
mst.card.110010110._name,歌を響かせて
mst.card.110020108._name,大切な気持ち
mst.card.110050111._name,夢を追いかけて
mst.card.110050112._name,空飛ぶ気持ち
mst.card.100060138._name,人魚の歌声
mst.card.110020109._name,撮影したくて
mst.card.110030105._name,突然の撮影会
mst.card.110050113._name,敬意を表して
mst.card.100060139._name,シークレットなライブ
mst.card.120010005._name,上原歩夢
mst.card.120050005._name,宮下愛
mst.card.120070006._name,優木せつ菜
mst.card.120010006._name,上原歩夢
mst.card.120050006._name,宮下愛
mst.card.120070007._name,優木せつ菜
mst.card.120010007._name,上原歩夢
mst.card.120050007._name,宮下愛
mst.card.120070008._name,優木せつ菜
mst.card.120010008._name,上原歩夢
mst.card.120050008._name,宮下愛
mst.card.120070009._name,優木せつ菜
mst.card.120010009._name,上原歩夢
mst.card.120050009._name,宮下愛
mst.card.120070010._name,優木せつ菜
mst.card.120010010._name,楽しい思い出を
mst.card.120050010._name,じゅーぶん仲良し
mst.card.120070011._name,スイカ割りの達人
mst.card.120010011._name,あなたがいるから
mst.card.120050011._name,ワクワクセンサー
mst.card.120070012._name,なりたい自分に
mst.card.120010012._name,一緒に歩みたいから
mst.card.120050012._name,Youは友達
mst.card.120070013._name,私らしく、強く
mst.card.110060111._name,約束の日
mst.card.110010111._name,生きてるんだ！
mst.card.110070108._name,知識は卵を助く
mst.card.110080106._name,おしゃべりしましょう
mst.card.100020140._name,叶える勇気
mst.card.100070138._name,夢を抱きしめて
mst.card.100090141._name,ニコニーの笑顔
mst.card.120020005._name,中須かすみ
mst.card.120030011._name,桜坂しずく
mst.card.120090005._name,天王寺璃奈
mst.card.120020006._name,中須かすみ
mst.card.120030012._name,桜坂しずく
mst.card.120090006._name,天王寺璃奈
mst.card.120020007._name,中須かすみ
mst.card.120030013._name,桜坂しずく
mst.card.120090007._name,天王寺璃奈
mst.card.120020008._name,中須かすみ
mst.card.120030014._name,桜坂しずく
mst.card.120090008._name,天王寺璃奈
mst.card.120020009._name,中須かすみ
mst.card.120030015._name,桜坂しずく
mst.card.120090009._name,天王寺璃奈
mst.card.120020010._name,見とれてます？
mst.card.120030016._name,波の音を聞きながら
mst.card.120090010._name,わくわく海水浴
mst.card.120020011._name,可愛すぎちゃう？
mst.card.120030017._name,理想のヒロイン
mst.card.120090011._name,私のコミュニケート
mst.card.120020012._name,キラキラの夢
mst.card.120030018._name,自分らしさを
mst.card.120090012._name,夢にコネクト
mst.card.120040006._name,朝香果林
mst.card.120060011._name,近江彼方
mst.card.120080010._name,エマ・ヴェルデ
mst.card.120040007._name,朝香果林
mst.card.120060012._name,近江彼方
mst.card.120080011._name,エマ・ヴェルデ
mst.card.120040008._name,朝香果林
mst.card.120060013._name,近江彼方
mst.card.120080012._name,エマ・ヴェルデ
mst.card.120040009._name,朝香果林
mst.card.120060014._name,近江彼方
mst.card.120080013._name,エマ・ヴェルデ
mst.card.120040010._name,朝香果林
mst.card.120060015._name,近江彼方
mst.card.120080014._name,エマ・ヴェルデ
mst.card.120040011._name,メリハリを楽しんで
mst.card.120060016._name,おいしくなる魔法
mst.card.120080015._name,青空と海に囲まれて
mst.card.120040012._name,虜にさせるわ
mst.card.120060017._name,憧れの眠り姫
mst.card.120080016._name,幸せをくれる笑顔
mst.card.120040013._name,とびきりの明日へ
mst.card.120060018._name,夢の国へようこそ
mst.card.120080017._name,声を繋いで
mst.card.100020141._name,テイク・アシスト
mst.card.100040139._name,スイート・チャージ
mst.card.120070014._name,私と一緒に♪
mst.card.100010147._name,ワン・フォー・オール
mst.card.100070139._name,花の女神
mst.card.100080140._name,心に春咲き
mst.card.100090142._name,花よりたおやかに♪
mst.card.110030106._name,期待を胸に
mst.card.110040106._name,叶えられる気がして
mst.card.110080107._name,成長はノンストップ
mst.card.110040107._name,空を泳ぐ魚たち
mst.card.110080108._name,シャイニーデイズ♡
mst.card.110010112._name,ありがとうのかたち
mst.card.110050114._name,エネルギーをわけよう
mst.card.110060112._name,眷属を創造せし力
mst.card.110090107._name,ルビィのお墨付き
mst.card.100050138._name,凛のサプライズ
mst.card.100060140._name,刺激を受けて
mst.card.100080141._name,私の奇跡
mst.card.120050013._name,ハンパない誕生日
mst.card.120050014._name,愛 can dance!
mst.card.100010148._name,チェンジショット
mst.card.100090143._name,ハートフル・ケア
mst.card.120080018._name,笑顔を見せて
mst.card.100070140._name,エキゾチックな夜に
mst.card.100020142._name,マインド・フォーカス
mst.card.100030140._name,かわいさ満開♪
mst.card.100050139._name,花照らす陽光
mst.card.100060141._name,つぼみ開き、大輪の花
mst.card.110060113._name,喝采を浴びて
mst.card.110070109._name,始まりの予感
mst.card.110090108._name,笑顔に会いたくて
mst.card.110080109._name,マリーの竜宮城
mst.card.100070141._name,伝えたいこと
mst.card.110080110._name,誕生日にときめいて
mst.card.110060114._name,堕天使ヨハネの神髄
mst.card.110090109._name,雨上がりの奇跡
mst.card.110050115._name,ワクワクさせたくて
mst.card.110020110._name,ぴよぴよメロディ♪
mst.card.110030107._name,春の潮風
mst.card.110040108._name,思いを新たに
mst.card.120040014._name,誕生日も情熱的に
mst.card.120040015._name,情熱の炎
mst.card.100030141._name,シー・アレンジメント
mst.card.100060142._name,マリン・トレジャー
mst.card.120090013._name,キラキラボード
mst.card.110010113._name,未来への出発
mst.card.110050116._name,未来へ泳いで
mst.card.110090110._name,大事な未来
mst.card.110030108._name,願いを追いかけて
mst.card.110040109._name,まぶしい願いごと
mst.card.110070110._name,追いかけたい夢
mst.card.100050140._name,ビューイングスタディ
mst.card.100040140._name,星降る夜に
mst.card.100070142._name,星に導かれて
mst.card.100090144._name,銀河の注目
mst.card.110060115._name,不思議のお茶会
mst.card.110020111._name,歌で伝えて
mst.card.110060116._name,堕天使ヨハネの微笑み
mst.card.110080111._name,不可能を可能に
mst.card.110060117._name,堕天使の気まぐれ
mst.card.110030109._name,ラムネのイタズラ
mst.card.110050117._name,想いは言葉にして
mst.card.100090145._name,花のように可憐に
mst.card.130010001._name,澁谷かのん
mst.card.130020001._name,唐可可
mst.card.110040110._name,想いを込めて
mst.card.110020112._name,星の音が聞きたくて
mst.card.110070111._name,星に想いを馳せて
mst.card.110090111._name,声を重ねて
mst.card.100090146._name,ニコニーが主役♡
mst.card.140210008._name,キミも一緒に
mst.card.110010114._name,姫神様の導き
mst.card.130040001._name,平安名すみれ
mst.card.100010149._name,童話の世界
mst.card.100050141._name,急がば回れ、かき氷
mst.card.100070143._name,スイート・スノー
mst.card.120010013._name,歩みを進めて
mst.card.120050015._name,どこまでもアガって
mst.card.120070015._name,全力で叫ぼう
mst.card.110010115._name,ずっと笑顔で
mst.card.120070016._name,大好きを集めて
mst.card.130030001._name,嵐千砂都
mst.card.100010150._name,愛を込めた感謝
mst.card.100040141._name,受け継がれる思い
mst.card.100030142._name,肝試しコーディネート
mst.card.100060143._name,きっと大丈夫
mst.card.100080142._name,小さなホラー？
mst.card.120020013._name,素顔の私
mst.card.120030019._name,重なるストーリー
mst.card.120090014._name,みんなのスマイル
mst.card.120100001._name,決意の向こう側
mst.card.120070017._name,スキップマーチ
mst.card.130050001._name,葉月恋
mst.card.120040016._name,瞳に焼きつけて
mst.card.120060019._name,お星様の魔法
mst.card.120080019._name,優しい唄を
mst.card.110010116._name,渚のステージへ
mst.card.110020113._name,夏の音色
mst.card.110030110._name,波のざわめき
mst.card.110040111._name,夏よりも熱く
mst.card.110050118._name,砂浜を駆け抜けて
mst.card.110060118._name,波打ち際の堕天使
mst.card.110070112._name,太陽を浴びて
mst.card.110080112._name,渚のヴィーナス
mst.card.110090112._name,おひさまの下で
mst.card.120010014._name,一緒で良かった
mst.card.110020114._name,二人ならきっと
mst.card.110070113._name,マルの挑戦
mst.card.130010002._name,澁谷かのん
mst.card.130020002._name,唐可可
mst.card.130030002._name,嵐千砂都
mst.card.130040002._name,平安名すみれ
mst.card.130050002._name,葉月恋
mst.card.130010003._name,澁谷かのん
mst.card.130020003._name,唐可可
mst.card.130030003._name,嵐千砂都
mst.card.130040003._name,平安名すみれ
mst.card.130050003._name,葉月恋
mst.card.130010004._name,繋がり輝く星
mst.card.130020004._name,手作りのキモチ
mst.card.130030004._name,覗き見禁止！
mst.card.130040004._name,ドキドキギャラクシー
mst.card.130050004._name,きらめくスカイ
mst.card.130010005._name,歌ってドリーミン
mst.card.130020005._name,全人類に届けデス！
mst.card.130030005._name,まんまる笑顔
mst.card.130040005._name,応援ラッパッパ
mst.card.130050005._name,日々是精進
mst.card.130010006._name,キャットレスキュー
mst.card.130020006._name,お返事は迅速に
mst.card.130030006._name,三日坊主禁止！
mst.card.130040006._name,ご利益頂戴☆彡
mst.card.130050006._name,つかの間の羽休め
mst.card.130010007._name,スタートライン
mst.card.130020007._name,真心感謝
mst.card.110010117._name,期待の地図
mst.card.110020115._name,もっと歌って
mst.card.110050119._name,元気に進もう！
mst.card.110090113._name,幸せと感謝を込めて
mst.card.110010118._name,善子ちゃんの御守り
mst.card.110060119._name,闇からの呼び声
mst.card.110080113._name,マリーのお楽しみ
mst.card.140460008._name,笑顔を届けたくて
mst.card.100040142._name,アローンハイク
mst.card.100080143._name,ハニーナイトタイム
mst.card.130040007._name,ご利益あれ！
mst.card.110010119._name,一番乗り目指して
mst.card.110020116._name,今度はあなたの番
mst.card.110030111._name,しぶきを浴びて
mst.card.110040112._name,お手並み拝見
mst.card.110050120._name,絶対内緒！
mst.card.110060120._name,堕天使スプラッシュ
mst.card.110070114._name,わくわくが止まらない
mst.card.110080114._name,オーケーの合図
mst.card.110090114._name,もっとはしゃいで
mst.card.100090147._name,シュート・スマイル
mst.card.100010151._name,メイドさんは大忙し
mst.card.100020143._name,ドキドキ接客中
mst.card.100050142._name,凛のオムライス
mst.card.100030143._name,私の王子様？
mst.card.100030144._name,おひさまスマイルで
mst.card.110020117._name,踏み出すきっかけ
mst.card.110090115._name,ルビィの花束
mst.card.120020014._name,今日のかすみんも
mst.card.110010120._name,いつもと違うスタイル
mst.card.110020118._name,爽やかな装いで
mst.card.110030112._name,ラフにまとめて
mst.card.110040113._name,しとやかな装い
mst.card.110050121._name,涼しさ全開
mst.card.110060121._name,ヨハネの先導
mst.card.110070115._name,ポニーテールで決めて
mst.card.110080115._name,サマーコーディネート
mst.card.110090116._name,帽子も忘れずに
mst.card.110010121._name,とめられない気持ち
mst.card.110020119._name,新しいステージへ
mst.card.110030113._name,熱い気持ちで
mst.card.110040114._name,ドキドキの波に乗って
mst.card.110050122._name,どこまでも全力で
mst.card.110060122._name,堕天使の奇跡
mst.card.110070116._name,あなたに見せたくて
mst.card.110080116._name,自分たちを信じて
mst.card.110090117._name,ミラクルの先へ
mst.card.110010122._name,モコモコ生クリーム♪
mst.card.110080117._name,マリーのつまみ食い♡
mst.card.130030007._name,オニ振付師
mst.card.110020120._name,変化を楽しんで
mst.card.110060123._name,堕天使ヨハネの歌
mst.card.110070117._name,みんなの願い
mst.card.110090118._name,はじまりの歌
mst.card.110070118._name,もっと伝えたいから
mst.card.110030114._name,みかん採りも楽しんで
mst.card.110040115._name,太陽と潮風の恵み
mst.card.110050123._name,ワクワクみかん狩り
mst.card.110090119._name,サプライズが嬉しくて
mst.card.140530008._name,標的はあなた
mst.card.120100002._name,心をときめかせて
mst.card.100030145._name,可愛くサプライズ
mst.card.100090148._name,トリックプランニング
mst.card.130050007._name,一人一人の明かり
mst.card.120030020._name,誘ってみたくて
mst.card.120100003._name,賑やかなお祝い
mst.card.100070144._name,想いを映像にのせて
mst.card.100010152._name,ハートにズキュン
mst.card.100060144._name,命中させるわ
mst.card.100080144._name,オトリになります
mst.card.100020144._name,雪の女王になって
mst.card.110010123._name,未来に向かって
mst.card.110020121._name,みんなで助け合って
mst.card.110030115._name,これからも一緒に
mst.card.110040116._name,ひとりじゃないから
mst.card.110050124._name,成長したいから
mst.card.110060124._name,みんなを信じて
mst.card.110070119._name,新しいステップへ
mst.card.110080118._name,一緒なら大丈夫
mst.card.110090120._name,あなたと一緒なら
mst.card.120100004._name,三船栞子
mst.card.120100005._name,三船栞子
mst.card.120100006._name,三船栞子
mst.card.120100007._name,三船栞子
mst.card.120100008._name,三船栞子
mst.card.120100009._name,決意を胸に
mst.card.120100010._name,夏の出で立ち
mst.card.110030116._name,かわいいもの
mst.card.110040117._name,選んでほしくて
mst.card.110030117._name,波と歌って
mst.card.110040118._name,もっと自由に
mst.card.110080119._name,ワンダートリップ
mst.card.110010124._name,雨の日のお楽しみ
mst.card.110020122._name,雨の歌声
mst.card.110030118._name,どんな天気でも
mst.card.110040119._name,雨が上がったら
mst.card.110050125._name,水たまりジャンプ
mst.card.110060125._name,試練にも打ち勝って
mst.card.110070120._name,ゆったりレイニーデイ
mst.card.110080120._name,ご機嫌レイニーデイ
mst.card.110090121._name,虹を見つけて
mst.card.120010015._name,あなたに聞きたいこと
mst.card.120020015._name,かすみんにお任せ
mst.card.120030021._name,何事も楽しんで
mst.card.120040017._name,なんでも聞いて
mst.card.120050016._name,もっと盛り上げて
mst.card.120060020._name,今日は夜更かし
mst.card.120070018._name,誰よりも熱く
mst.card.120080020._name,楽しい驚き
mst.card.120090015._name,緊張☆ドキドキ
mst.card.120100011._name,準備は万端
mst.card.110080121._name,ビッグニュース♪
mst.card.110010125._name,サンキューテディベア
mst.card.110060126._name,闇の眷属たち
mst.card.110090122._name,内緒だよ
mst.card.140490008._name,頑張る理由
mst.card.100020145._name,やりたいことを全部
mst.card.120100012._name,想いがあふれて
mst.card.100050143._name,解けない魔法♪
mst.card.100020146._name,ビッグ・スウィート
mst.card.100060145._name,アナザー・ベイキング
mst.card.100010153._name,絶対守護神
mst.card.100020147._name,気高き鉄女帝
mst.card.100030146._name,駆ける女教皇
mst.card.100040143._name,桜色のぬくもり
mst.card.100050144._name,武功の女子力
mst.card.100060146._name,誘惑のハレオ
mst.card.100070145._name,国造りの童
mst.card.100080145._name,恋の白牛
mst.card.100090149._name,裏切りの貴婦人
mst.card.100020148._name,青い御案内
mst.card.110010126._name,高海千歌
mst.card.110020123._name,桜内梨子
mst.card.110030119._name,松浦果南
mst.card.110040120._name,黒澤ダイヤ
mst.card.110050126._name,渡辺曜
mst.card.110060127._name,津島善子
mst.card.110070121._name,国木田花丸
mst.card.110080122._name,小原鞠莉
mst.card.110090123._name,黒澤ルビィ
mst.card.141040001._name,玲
mst.card.141050001._name,エリザベス
mst.card.141060001._name,マリー
mst.card.141070001._name,マーガレット
mst.card.141080001._name,ひかり
mst.card.141090001._name,ナギ
mst.card.141100001._name,エリザベス
mst.card.141110001._name,マーガレット
mst.card.141120001._name,ジュスティーヌ＆カロリーヌ
mst.card.100050145._name,凛のリードで
mst.card.100080146._name,メイク・アピール
mst.card.100030147._name,パイはいかが？
mst.card.100050146._name,味見は大事にゃ♪
mst.card.100090150._name,デコってキュートに♪
mst.card.120090016._name,ハッピーな誕生日
mst.card.130010008._name,レッツキュート♪
mst.card.130020008._name,キュートなひらめき
mst.card.130030008._name,フレッシュジャンプ
mst.card.130040008._name,フレッシュランウェイ
mst.card.130050008._name,キュートハンティング
mst.card.120090017._name,リンク・リング
mst.card.141160001._name,アイギス
mst.card.141140001._name,桐条美鶴
mst.card.141130001._name,岳羽ゆかり
mst.card.141150001._name,山岸風花
mst.card.141170001._name,汐見琴音
mst.card.141160002._name,アイギス
mst.card.141130002._name,岳羽ゆかり
mst.card.141140002._name,桐条美鶴
mst.card.141170002._name,汐見琴音
mst.card.141150002._name,山岸風花
mst.card.141220001._name,マリー
mst.card.141210001._name,白鐘直斗
mst.card.141180001._name,里中千枝
mst.card.141200001._name,久慈川りせ
mst.card.141190001._name,天城雪子
mst.card.141210002._name,白鐘直斗
mst.card.141190002._name,天城雪子
mst.card.141180002._name,里中千枝
mst.card.141200002._name,久慈川りせ
mst.card.141220002._name,マリー
mst.card.141250001._name,ナビ
mst.card.141260001._name,ノワール
mst.card.141240001._name,クイーン
mst.card.141230001._name,パンサー
mst.card.141270001._name,ヴァイオレット
mst.card.141250002._name,ナビ
mst.card.141230002._name,パンサー
mst.card.141270002._name,ヴァイオレット
mst.card.141260002._name,ノワール
mst.card.141240002._name,クイーン
mst.card.141280001._name,エリザベス
mst.card.141280002._name,エリザベス
mst.card.141280003._name,エリザベス
mst.card.110080123._name,かわいさにはしゃいで
mst.card.110090124._name,ドキドキごはん
mst.card.110010127._name,輝きは心から
mst.card.110020124._name,生まれた夢
mst.card.110030120._name,もっと先へ
mst.card.110040121._name,どれだけ迷っても
mst.card.110050127._name,新世界へ出航
mst.card.110060128._name,繋がる翼
mst.card.110070122._name,飛び立つ先へ
mst.card.110080124._name,シャイニーに照らして
mst.card.110090125._name,諦めないでずっと
mst.card.110030121._name,叶えたかったこと
mst.card.110020125._name,紅葉メモリー
mst.card.110040122._name,紅葉案内人
mst.card.110070123._name,紅葉読書
mst.card.140180008._name,大好きのお返し♡
mst.card.120110001._name,お祝いは大歓迎
mst.card.120110002._name,ミア・テイラー
mst.card.120110003._name,ミア・テイラー
mst.card.120110004._name,ミア・テイラー
mst.card.120110005._name,ミア・テイラー
mst.card.120110006._name,ミア・テイラー
mst.card.120110007._name,次の景色へ
mst.card.100010154._name,ブリリアントナイト
mst.card.100080147._name,キャンディトラップ
mst.card.120040018._name,クールな微笑み
mst.card.100060147._name,シンクロ・ハーモニー
mst.card.100020149._name,優雅な片足滑走
mst.card.100040144._name,転んでも大丈夫
mst.card.100070146._name,夜のスケートリンク
mst.card.120110008._name,騒がしいのも悪くない
mst.card.130030009._name,反復練習♪
mst.card.130040009._name,才色兼備♪
mst.card.130050009._name,欲張りは罪ですか？
mst.card.130010009._name,ミルクはお好みで
mst.card.130020009._name,ハラジュクダッシュ
mst.card.120060021._name,夢のお誕生日
mst.card.110010128._name,雪に焦がれて
mst.card.110060129._name,雪との堕天
mst.card.120060022._name,すやすやシフォン
mst.card.110020126._name,差しのべられた手
mst.card.110030122._name,若侍見参
mst.card.110050128._name,お土産吟味中
mst.card.110080125._name,自撮り町娘
mst.card.140470008._name,気持ちに応えて
mst.card.110040123._name,かぐや姫の気持ち
mst.card.100010155._name,不思議の国で
mst.card.100020150._name,ストレンジパーティ
mst.card.100030148._name,不思議の世界
mst.card.100040145._name,たくさんの不思議を
mst.card.100050147._name,白うさぎのお茶会
mst.card.100060148._name,絵本の中のように
mst.card.100070147._name,盤上の星
mst.card.100080148._name,おとぎの国へようこそ
mst.card.100090151._name,チェス盤の庭
mst.card.110010129._name,お出迎えしたくて
mst.card.110020127._name,焼きたてを届けて
mst.card.110030123._name,美味しさの魔法
mst.card.110040124._name,花々のおもてなし
mst.card.110050129._name,忙しさの中
mst.card.110060130._name,堕天使流清掃の極意
mst.card.110070124._name,メイドさんのお仕事
mst.card.110080126._name,シャイニーウェルカム
mst.card.110090126._name,ハートのお絵描き
mst.card.100040146._name,新年の宝物
mst.card.100070148._name,スイート・サプライ
mst.card.110040125._name,新しい門出
mst.card.120050017._name,アガる予感
mst.card.120010016._name,新年の一歩
mst.card.120020016._name,お正月もキュートに
mst.card.120030022._name,一緒におみくじを
mst.card.120040019._name,情熱的な正月を
mst.card.120050018._name,今年もノリノリで
mst.card.120060023._name,のんびりお正月
mst.card.120070019._name,年始の決意
mst.card.120080021._name,和服でジャンプ
mst.card.120090018._name,晴れ着でハッピーに
mst.card.110010130._name,来年も楽しく
mst.card.110020128._name,今年もありがとう
mst.card.110030124._name,今年最後の曲まで
mst.card.110040126._name,一年の節目に
mst.card.110050130._name,年越しヨーソロー
mst.card.110060131._name,堕天使からの祝福
mst.card.110070125._name,年越しもあなたと
mst.card.110080127._name,年越しもシャイニーに
mst.card.110090127._name,最後まで盛り上げて
mst.card.120010017._name,今年最後の歩みを
mst.card.120020017._name,年越しもかすみんと
mst.card.120030023._name,締めくくりの舞台で
mst.card.120040020._name,大人な年末を
mst.card.120050019._name,アツいカウントダウン
mst.card.120060024._name,夢みたいな時間を
mst.card.120070020._name,一年を振り返って
mst.card.120080022._name,弾むこころで
mst.card.120090019._name,新年へコネクト
mst.card.120100013._name,新しい決意と
mst.card.120120001._name,みんなとの年越しを
mst.card.120110009._name,ボクにおまかせ
mst.card.130010010._name,来年もよろしくね
mst.card.130020010._name,年の瀬ステップ
mst.card.130030010._name,年越しうぃーっす！
mst.card.130040010._name,年末ギャラクシー
mst.card.130050010._name,1年の締めくくりに
mst.card.100020151._name,全てを混ぜ合わせて
mst.card.100010156._name,雪上の太陽
mst.card.100050148._name,キラメキウィンター
mst.card.100090152._name,ゲレンデの妖精
mst.card.130050011._name,ストリートパーク
mst.card.130010011._name,ハーモニーストリート
mst.card.130020011._name,インスピストリート
mst.card.130030011._name,ステップストリート
mst.card.130040011._name,ストリートショット
mst.card.100080149._name,希望の灯り
mst.card.100010157._name,年越しライブ♪
mst.card.100020152._name,カウントダウン♪
mst.card.100030149._name,新年をお迎え
mst.card.100040147._name,スタートはステージで
mst.card.100050149._name,幸せな年越し
mst.card.100060149._name,新年の誓い
mst.card.100070149._name,新年を盛り上げて
mst.card.100080150._name,新しい年をみんなと
mst.card.100090153._name,新年最初の約束
mst.card.110010131._name,想い出の安全ピン
mst.card.110020129._name,支え合う仲間
mst.card.110030125._name,未完成の輝き
mst.card.110040127._name,思いやる心の絆
mst.card.110050131._name,始まりの時の情熱
mst.card.110060132._name,揺るがない魂の名
mst.card.110070126._name,最高の差し入れ
mst.card.110080128._name,しめ縄リボン
mst.card.110090128._name,衣装係ルビィ
mst.card.110050132._name,仲良く半分こ
mst.card.110070127._name,魅惑の初詣
mst.card.120020018._name,かすみんが主役です
mst.card.100080151._name,特別な日だから
mst.card.110090129._name,個性をみつけて
mst.card.110010132._name,夢から覚めても
mst.card.110020130._name,ドリーミンライト
mst.card.110030126._name,ゆったりふわふわ
mst.card.120020019._name,ハッピー・やっぴー
mst.card.140020008._name,誰かのために
mst.card.120080023._name,モルト・グラッツェ
mst.card.100050150._name,サプライズ・トリック
mst.card.100060150._name,いたずらカウンター
mst.card.120060025._name,お昼寝スポットへ
mst.card.110030127._name,誕生日に花を
mst.card.120080024._name,パチパチ・ウィンク
mst.card.100030150._name,マルチアレンジメント
mst.card.100040148._name,あつあつパンダまん
mst.card.100070150._name,占ってもらう刺激
mst.card.100080152._name,お披露目チャイナ娘
mst.card.120120002._name,ランジュがしたいこと
mst.card.120120003._name,ショウ・ランジュ
mst.card.120120004._name,ショウ・ランジュ
mst.card.120120005._name,ショウ・ランジュ
mst.card.120120006._name,ショウ・ランジュ
mst.card.120120007._name,ショウ・ランジュ
mst.card.120120008._name,無邪気な女王
mst.card.130020012._name,清純リボン
mst.card.130030012._name,テディ・ステップ
mst.card.130040012._name,テディ・デイズ
mst.card.130050012._name,可憐にピュアに
mst.card.130010012._name,上品な一杯
mst.card.110030128._name,サプライズパーティ
mst.card.120120009._name,仲間と迎える誕生祭
mst.card.110020131._name,ステージに合わせて
mst.card.110040128._name,秘密の特訓
mst.card.110060133._name,名所を巡る旅
mst.card.110050133._name,曜の名推理
mst.card.110080129._name,迷探偵マリー
mst.card.110090130._name,探偵ルビィ
mst.card.120010018._name,一緒にお祝いを
mst.card.140430008._name,応援のチカラ
mst.card.110070128._name,琴の調べ
mst.card.110010133._name,旅館仕込みの接客
mst.card.110020132._name,秘密の買い物
mst.card.110030129._name,沼津もハグっと！
mst.card.110040129._name,千客万来ですわ
mst.card.110050134._name,おでむかえは敬礼で
mst.card.110060134._name,堕店長降臨！！
mst.card.110070129._name,おもてなしするずら♪
mst.card.110080130._name,シャイニーな一時を♡
mst.card.110090131._name,元気な声でごあいさつ
mst.card.100080153._name,トライ・アゲイン
mst.card.100090154._name,素敵なアイテムを
mst.card.120070021._name,楽しむからには全力で
mst.card.120010019._name,ダイダイ・ハート
mst.card.110070130._name,叶えたいこと
mst.card.110010134._name,心をつないで
mst.card.110020133._name,幸せの足音
mst.card.110030130._name,伝わるキモチ
mst.card.110040130._name,遠くてもそばに
mst.card.110050135._name,願いのかたち
mst.card.110060135._name,廻る夢
mst.card.110070131._name,楽しいから大丈夫
mst.card.110080131._name,エンドレスパッション
mst.card.110090132._name,夢に飛び込んで
mst.card.100050151._name,ダンシングアラウンド
mst.card.100020153._name,はにかみセーラー
mst.card.100030151._name,揺れるスカーフ
mst.card.100060151._name,背中を押す歌
mst.card.100040149._name,宝物のブレスレット
mst.card.130040013._name,トレンドを追いかけて
mst.card.130050013._name,巡る時代に
mst.card.130010013._name,一歩踏み出して
mst.card.130020013._name,感無量
mst.card.130030013._name,レトロポップダンス♪
mst.card.100040150._name,桜の木のお祝い
mst.card.110050136._name,フラワーパレード
mst.card.110080132._name,時にはハンサムに
mst.card.141400001._name,パッションハート
mst.card.141410001._name,グロリアスサニー
mst.card.141420001._name,さや
mst.card.141430001._name,ナナミ
mst.card.141440001._name,ヤエ
mst.card.141450001._name,ココノ
mst.card.141460001._name,理事長
mst.card.141470001._name,澁谷ありあ
mst.card.141480001._name,かのんの母
mst.card.141490001._name,マンマル
mst.card.141500001._name,チビ
mst.card.141490002._name,マンマル
mst.card.110010135._name,みかん色の太陽
mst.card.110020134._name,波とたわむれて
mst.card.110030131._name,海を感じて
mst.card.110040131._name,真夏の海だから
mst.card.110050137._name,波しぶきときらめいて
mst.card.110060136._name,青き砂浜の堕天使
mst.card.110070132._name,波打ち際ではしゃいで
mst.card.110080133._name,シャイニーオーシャン
mst.card.110090133._name,波と遊んで
mst.card.110020135._name,個性の表現
mst.card.110040132._name,花祭りのおもてなし
mst.card.110060137._name,みんなで作る花絵
mst.card.110070133._name,想いを込めて作る花絵
mst.card.140100008._name,陸を泳ぐように
mst.card.120030024._name,誕生日のヒロイン
mst.card.110010136._name,一緒に行こう！
mst.card.110020136._name,不思議な力
mst.card.110030132._name,クールダウン
mst.card.110040133._name,姉妹の絆
mst.card.110050138._name,二人三脚
mst.card.110060138._name,堕天使の羽根
mst.card.110070134._name,癒やしの時間
mst.card.110080134._name,ブレイクスルー
mst.card.110090134._name,ルビィの成長
mst.card.100010158._name,みんなの味
mst.card.100020154._name,ポップなキャンディ
mst.card.100030152._name,とろける時間
mst.card.100040151._name,甘い歌声
mst.card.100050152._name,弾けるキャンディ
mst.card.100060152._name,童心にかえって
mst.card.100070151._name,フレーバーパーティ
mst.card.100080154._name,砂糖菓子のように甘く
mst.card.100090155._name,お菓子の国のお姫様
mst.card.110010137._name,覚えていなくても
mst.card.110020137._name,夢の世界の音
mst.card.110030133._name,試着完了♪
mst.card.110040134._name,夢で見た世界
mst.card.110050139._name,夢で浮かんだイメージ
mst.card.110060139._name,漆黒の騎士
mst.card.110070135._name,夢の名残
mst.card.110080135._name,衣装と一緒に
mst.card.110090135._name,夢と現実のあいだで
mst.card.110010138._name,あなたとの契約
mst.card.100010159._name,高坂穂乃果
mst.card.100020155._name,絢瀬絵里
mst.card.100030153._name,南ことり
mst.card.100040152._name,園田海未
mst.card.100050153._name,星空凛
mst.card.100060153._name,西木野真姫
mst.card.100070152._name,東條希
mst.card.100080155._name,小泉花陽
mst.card.100090156._name,矢澤にこ
mst.card.141290001._name,カレン
mst.card.141300001._name,シャーリー
mst.card.141310001._name,C.C.
mst.card.141320001._name,コーネリア
mst.card.141330001._name,ユーフェミア
mst.card.141340001._name,ナナリー
mst.card.141350001._name,ヴィレッタ
mst.card.141360001._name,咲世子
mst.card.141370001._name,アーニャ
mst.card.120030025._name,ジェイド・スター
mst.card.141510001._name,C.C.
mst.card.141510002._name,C.C.
mst.card.141510003._name,C.C.
mst.card.141520001._name,アーニャ
mst.card.141520002._name,アーニャ
mst.card.141530001._name,ヴィレッタ
mst.card.141540001._name,カレン
mst.card.141540002._name,カレン
mst.card.141550001._name,コーネリア
mst.card.141560001._name,シャーリー
mst.card.141570001._name,セシル
mst.card.141580001._name,ナナリー
mst.card.141590001._name,ニーナ
mst.card.141590002._name,ニーナ
mst.card.141600001._name,ノネット
mst.card.141610001._name,マリアンヌ
mst.card.141620001._name,ミレイ
mst.card.141630001._name,モニカ
mst.card.141640001._name,ユーフェミア
mst.card.141650001._name,ラクシャータ
mst.card.141660001._name,ローマイヤ
mst.card.141670001._name,咲世子
mst.card.141680001._name,周香凛
mst.card.141690001._name,神楽那
mst.card.141700001._name,千葉凪沙
mst.card.141710001._name,天子
mst.card.141510004._name,C.C.
mst.card.141510005._name,C.C.
mst.card.141510006._name,C.C.
mst.card.141510007._name,C.C.
mst.card.141520003._name,アーニャ
mst.card.141540003._name,カレン
mst.card.141540004._name,カレン
mst.card.141550002._name,コーネリア
mst.card.141560002._name,シャーリー
mst.card.141720001._name,シャムナ
mst.card.141580002._name,ナナリー
mst.card.141580003._name,ナナリー
mst.card.141620002._name,ミレイ
mst.card.141650002._name,ラクシャータ
mst.card.141670002._name,咲世子
mst.card.100010160._name,いらっしゃい！
mst.card.100030154._name,ことりのおもてなし
mst.card.100040153._name,微笑みの彼方
mst.card.130010014._name,桜と今の気持ち
mst.card.130020014._name,本番のイメージ
mst.card.130030014._name,桜のように踊って
mst.card.130040014._name,機転を利かせて
mst.card.130050014._name,どんな桜も
mst.card.110050140._name,夜空の宝石
mst.card.100060154._name,少しだけ大人に
mst.card.100010161._name,これまで、これから
mst.card.100020156._name,エンパシー
mst.card.100030155._name,あなたに返したい
mst.card.100040154._name,ハートを掴め
mst.card.100050154._name,ブンブン！
mst.card.100060155._name,熱くなれ
mst.card.100070153._name,離しません
mst.card.100080156._name,今なら思える
mst.card.100090157._name,忘れないで
mst.card.110010139._name,その先の未来へ
mst.card.110020138._name,一歩踏み出して！
mst.card.110030134._name,積み重ねてきたから
mst.card.110040135._name,あの日夢見たもの
mst.card.110050141._name,Aqoursの宝物
mst.card.110060140._name,次なる堕天
mst.card.110070136._name,耳を澄ませて
mst.card.110080136._name,シャイニー☆ライブ
mst.card.110090136._name,もっと成長を
mst.card.120010020._name,あなたとまた一歩
mst.card.120020020._name,ハピネスフラワー
mst.card.120030026._name,感謝を込めて
mst.card.120040021._name,キミと私の記録
mst.card.120050020._name,軌跡と奇跡！
mst.card.120060026._name,ふわふわも〜ど
mst.card.120070022._name,大好きはここから！
mst.card.120080025._name,感謝を抱きしめて
mst.card.120090020._name,気持ちよ届け！
mst.card.130010015._name,響け私たちの歌
mst.card.130020015._name,想いを繋げて
mst.card.130030015._name,お気に入りの飾り
mst.card.130040015._name,私たちの名を轟かせて
mst.card.130050015._name,結ヶ丘の誇りを
mst.card.110050142._name,会場へご案内♪
mst.card.100060156._name,紙吹雪のサプライズ
mst.card.110010140._name,みかん色の眩さ
mst.card.110020139._name,胸に秘めたパッション
mst.card.110050143._name,全速前進☆ドリーマー
mst.card.100010162._name,気になる景色
mst.card.100020157._name,たゆたう川の流れ
mst.card.100030156._name,エキゾチックな旅へ
mst.card.100040155._name,空からの景色
mst.card.100050155._name,カラフルな海
mst.card.100060157._name,夜市の風に吹かれて
mst.card.100070154._name,秘密の花園
mst.card.100080157._name,お花の匂いに囲まれて
mst.card.100090158._name,ガラスのチューリップ
mst.card.110010141._name,どんなに寒くても
mst.card.110020140._name,緑のトンネル
mst.card.110030135._name,一度は見たい景色
mst.card.110040136._name,煌めく光の流れ
mst.card.110050144._name,雪山を眺めて
mst.card.110060141._name,水鏡のヨハネ
mst.card.110070137._name,世界の絶景巡り
mst.card.110080137._name,弾けるバケーション
mst.card.110090137._name,いつか世界旅行に
mst.card.120010021._name,不思議をあげる♪
mst.card.120020021._name,ピスピスピ〜ス♪
mst.card.120030027._name,道標は私
mst.card.120040022._name,ターゲット捕捉！
mst.card.120050021._name,ココロ、撃ち抜け！
mst.card.120060027._name,ゆったりまったり
mst.card.120070023._name,誰もがトモダチ
mst.card.120080026._name,みんなで歌おう
mst.card.120090021._name,声も気持ちも一緒だよ
mst.card.120100014._name,信念の行方
mst.card.120120010._name,新しい出発
mst.card.120110010._name,覚悟完了
mst.card.130010016._name,想いを届けたいから
mst.card.130020016._name,運命の出会い
mst.card.130030016._name,新しい景色
mst.card.130040016._name,強い想いで
mst.card.130050016._name,弾ける想い
mst.card.120080027._name,心弾ませて
mst.card.100050156._name,テンションMAX！
mst.card.100060158._name,カジュアルルック
mst.card.100080158._name,青春の1ページ
mst.card.130030017._name,私たちの可能性
mst.card.130040017._name,凛と可愛らしく
mst.card.130050017._name,もっと工夫したくて
mst.card.130010017._name,神楽舞から
mst.card.130020017._name,剣の舞
mst.card.100010163._name,夢の先へ
mst.card.110010142._name,それぞれの夢
mst.card.120010022._name,はじまりの瞬間
mst.card.130010018._name,ずっとあなたと
mst.card.110010143._name,大好きなみかん
mst.card.110020141._name,ここが私の地元♪
mst.card.110030136._name,大好きな景色
mst.card.110040137._name,沼津クイズ
mst.card.110050145._name,沼津ヨーソロー
mst.card.110060142._name,リトルデーモンの祭典
mst.card.110070138._name,沼津の魅力満載♪
mst.card.110080138._name,沼津の新料理
mst.card.110090138._name,もっと沼津のこと
mst.card.110060143._name,堕天使達の集い
mst.card.110070139._name,シュシュに込めた想い
mst.card.110090139._name,一瞬切り取る笑顔
mst.card.110060144._name,花々の彩り
mst.card.110070140._name,光のお花畑
mst.card.110090140._name,妖精さんになれたら
mst.card.120050022._name,エメラルドの輝き
mst.card.110030137._name,みんなの花
mst.card.110040138._name,あたたかな涙
mst.card.110080139._name,シャイニーに咲かせて
mst.card.120050023._name,テンアゲな関係
mst.card.100010164._name,世界にはばたいて
mst.card.100030157._name,ことりに注目♪
mst.card.100040156._name,ちょっぴり大胆に
mst.card.110010144._name,花の妖精みたいに
mst.card.110020142._name,花々の声
mst.card.110050146._name,残しておきたいから
mst.card.120090022._name,笑顔を伝えて
mst.card.100070155._name,月のしずく
mst.card.100020158._name,視線の先
mst.card.100070156._name,運命の女神
mst.card.100090159._name,ニコニーパワー☆
mst.card.100050157._name,元気をみんなに
mst.card.100060159._name,ドキドキリハーサル
mst.card.100080159._name,夢を叶えて
mst.card.110080140._name,大事なチケット
mst.card.100070157._name,わしわしMAX!?
mst.card.130010019._name,幸せな花嫁
mst.card.130050018._name,ヴェールの向こうに
mst.card.130020018._name,紫陽花の絆
mst.card.130030018._name,憧れのウエディング
mst.card.130040018._name,ドレス姿に見とれて
mst.card.100020159._name,みんなに届け
mst.card.100070158._name,のぞみパワー注入♪
mst.card.100090160._name,スペシャルニコニー
mst.card.110080141._name,スペシャルなステージ
mst.card.110080142._name,デモンストレーション
mst.card.110030138._name,教えてあげる！
mst.card.110040139._name,流れる髪のきらめき
mst.card.110080143._name,いたずらっ子の余裕
mst.card.110030139._name,衣装に合わせて
mst.card.110040140._name,撮り足りなくて
mst.card.110080144._name,シャイニープリンセス
mst.card.110060145._name,闇を統べるドレス
mst.card.110070141._name,本の国のお姫様
mst.card.110090141._name,想い出のドレス
mst.card.120040023._name,真珠に込めた願い
mst.card.120040024._name,お姉さんの余裕
mst.card.110030140._name,潮干狩りのコツ
mst.card.110090142._name,美味しい予感
mst.card.120010023._name,一歩一歩を確かめて
mst.card.110010145._name,夢の場所との約束
mst.card.110020143._name,この想いを響かせて
mst.card.110030141._name,吹き抜ける風
mst.card.110040141._name,高鳴る鼓動
mst.card.110050147._name,みんなと一緒に！
mst.card.110060146._name,約束の地
mst.card.110070142._name,雲の先に見えた光
mst.card.110080145._name,曇り空を吹き飛ばして
mst.card.110090143._name,高く続く青い空
mst.card.100010165._name,おてんばなお姫様
mst.card.100030158._name,あなたのエスコート
mst.card.100040157._name,お姫様気分で
mst.card.110010146._name,スイートプリンセス
mst.card.110020144._name,プリンセスのメロディ
mst.card.110050148._name,晴れ舞台をもっと
mst.card.100010166._name,楽しく学ぼう
mst.card.100070159._name,司会のお姉さん
mst.card.100090161._name,素敵なキメポーズ
mst.card.100040158._name,新しい発見と閃き
mst.card.110060147._name,真紅の祝福
mst.card.100020160._name,プリンセスステップ
mst.card.100070160._name,素足のプリンセス
mst.card.100090162._name,プリンセスニコニー
mst.card.100050158._name,スイーツタイム♪
mst.card.100060160._name,まどろみのプリンセス
mst.card.100080160._name,みんなお姫様
mst.card.130020019._name,常夏のプール
mst.card.130030019._name,ちぃちゃん式準備体操
mst.card.130040019._name,視線を釘づけ
mst.card.130010020._name,波のプールで
mst.card.130050019._name,夏の思い出
mst.card.110060148._name,魔眼の間隙
mst.card.130060001._name,憧れへの第一歩
mst.card.130070001._name,好きをパワーに
mst.card.130080001._name,蝶々のように
mst.card.130090001._name,一攫千マニー
mst.card.100060161._name,サンセットメモリー
mst.card.110020145._name,夕日の調べ
mst.card.100090163._name,大人の雰囲気で
mst.card.110030142._name,さかなのみるゆめ
mst.card.110040142._name,初雪に溶ける思い
mst.card.110080146._name,明日の輝きを求めて
mst.card.100090164._name,大銀河宇宙No.1☆
mst.card.110060149._name,不安定セカイ・渡航
mst.card.110070143._name,おはようのための
mst.card.110090144._name,夢にウインク！
mst.card.110010147._name,一日を長く感じて
mst.card.100010167._name,幸せな誕生日
mst.card.110010148._name,きらきらを、何度でも
mst.card.110020146._name,届け、私のピアノ
mst.card.110050149._name,始まりの情熱
mst.card.100030159._name,ウィンド・チャイム
mst.card.100080161._name,ビビッド・ドロー
mst.card.120020022._name,カワイイの塊！
mst.card.100020161._name,キミのプラン
mst.card.100070161._name,ウチのおすすめ
mst.card.100090165._name,特別なツーショット
mst.card.110010149._name,今日だけのお姫様
mst.card.120070024._name,ペリドットの夢
mst.card.100010168._name,みんなのライブ
mst.card.100010169._name,もっと歩いて
mst.card.100030160._name,ワンピースバカンス
mst.card.100040159._name,時間の使い方
mst.card.110010150._name,おつかいのトマト
mst.card.110020147._name,海辺のパニーニ
mst.card.110050150._name,夢中になる味
mst.card.110030143._name,渚のお茶娘
mst.card.110050151._name,茶娘姿でパチリ
mst.card.110060150._name,茶畑の堕天使
mst.card.110080147._name,沼津を満喫
mst.card.120070025._name,目指す先のその先へ
mst.card.100050159._name,迷子のネコ
mst.card.100060162._name,旅の予習
mst.card.100080162._name,写真のなかの笑顔
mst.card.110060151._name,漆黒を纏いし豊穣の証
mst.card.110070144._name,グルメと想像の旅
mst.card.110090145._name,好きなお味は？
mst.card.110030144._name,みんなで分け合って
mst.card.110040143._name,ビッグティラミス
mst.card.110080148._name,シャイニーな試食会
mst.card.100020162._name,ナイトプール・スワン
mst.card.100030161._name,ナイトアクアリウム
mst.card.110050152._name,どきどきナイトプール
mst.card.110070145._name,うきうきナイトプール
mst.card.100010170._name,憧れのレースクイーン
mst.card.100030162._name,こだわりの衣装
mst.card.100040160._name,記念写真に応えて
mst.card.110010151._name,もっと泳ぎたくて
mst.card.110020148._name,ひんやりかき氷
mst.card.110050153._name,スペシャルドリンク♪
mst.card.100050160._name,ステージも駆け抜けて
mst.card.100060163._name,駆け抜ける疾走感
mst.card.100080163._name,この日のために
mst.card.110060152._name,真夏の夜の堕天使
mst.card.110070146._name,フロートに乗って
mst.card.110090146._name,お魚さんに乗って
mst.card.100020163._name,フラッグを使って
mst.card.100070162._name,圧巻の光景
mst.card.100090166._name,ニコニーに夢中
mst.card.110030145._name,泳ぎの季節
mst.card.110040144._name,髪を束ねて
mst.card.110080149._name,サマースケジュール
mst.card.110020149._name,曜ちゃんがいるから
mst.card.110050154._name,海とアイスの幸せ
mst.card.120030028._name,全てが私
mst.card.110060153._name,ヨハネの道案内
mst.card.110070147._name,ご当地スイーツ
mst.card.110090147._name,葉っぱのドレス
mst.card.110030146._name,秋の過ごし方
mst.card.110040145._name,旅の車窓
mst.card.110080150._name,エンジョイしたいから
mst.card.100020164._name,あの子に似てるから
mst.card.100050161._name,猫まつりにゃ！
mst.card.100060164._name,香りの思い出
mst.card.100090167._name,さらに磨き上げて
mst.card.100030163._name,お守りの石
mst.card.110010152._name,秋色に染まる景色
mst.card.110020150._name,紅葉のなかで
mst.card.110050155._name,秋のコーディネート
mst.card.100030164._name,早く会いたくて
mst.card.110020151._name,夜を奏でて
mst.card.110090148._name,サファイアをまとって
mst.card.110020152._name,少しでも長く
mst.card.100050162._name,トロピカルダンシング
mst.card.110080151._name,マリーのフラダンス
mst.card.100050163._name,ふわふわの帽子
mst.card.100060165._name,ふたりだから
mst.card.100080164._name,マフラーをふたりで
mst.card.100020165._name,夜景に包まれて
mst.card.100070163._name,浴衣でくつろいで
mst.card.100090168._name,ニコニーに似合う服
mst.card.130060002._name,２人だけの秘密
mst.card.130070002._name,小悪魔メイちゃん★
mst.card.110090149._name,ルビィのハート
mst.card.100010171._name,スイーツに囲まれて
mst.card.100030165._name,観覧車に揺られて
mst.card.100040161._name,残暑の海で
mst.card.120100015._name,ジュエリーへの憧れ
mst.card.100050164._name,ウェットカウンター
mst.card.100090169._name,スプラッシュヒット
mst.card.120040025._name,この瞳に映るもの
mst.card.120100016._name,決意とともに
mst.card.110060154._name,あなたを召喚
mst.card.110070148._name,マルの恋の花
mst.card.110090150._name,CYaRon！スマイル
mst.card.110010153._name,大好きな衣装
mst.card.110020153._name,刺激的な時間
mst.card.110050156._name,元気をチャージ
mst.card.110030147._name,イメージチェンジ
mst.card.110040146._name,他言無用！
mst.card.110080152._name,恋のヴァルハラ
mst.card.110010154._name,浦の星とAqours
mst.card.110040147._name,魅入る蛍光
mst.card.110070149._name,幻想蛍夜
mst.card.110090151._name,心に残る蛍狩り
mst.card.100020166._name,大人っぽく仕上げて
mst.card.100010172._name,かわいく、カッコよく
mst.card.100030166._name,新しいイメージ
mst.card.100040162._name,リズムに乗って
mst.card.110060155._name,興奮の渦
mst.card.110070150._name,背中を押したくて
mst.card.110090152._name,強い想い
mst.card.110010155._name,高海千歌
mst.card.110020154._name,桜内梨子
mst.card.110030148._name,松浦果南
mst.card.110040148._name,黒澤ダイヤ
mst.card.110050157._name,渡辺曜
mst.card.110060156._name,津島善子
mst.card.110070151._name,国木田花丸
mst.card.110080153._name,小原鞠莉
mst.card.110090153._name,黒澤ルビィ
mst.card.100050165._name,新規開拓にゃ♪
mst.card.100060166._name,ちょっぴりハードに
mst.card.100080165._name,ギターに挑戦♪
mst.card.110010156._name,ハートに響かせて
mst.card.110020155._name,オンリーワンの個性
mst.card.110050158._name,ロックなAqours
mst.card.100040163._name,ハロウィンフロート
mst.card.100090170._name,ナイト・カクテル
mst.card.110030149._name,ナイトプールに乾杯
mst.card.110060157._name,漲る力
mst.card.130080002._name,完璧な小悪魔
mst.card.130090002._name,夏美プロデュース
mst.card.100020167._name,誰よりも堂々と
mst.card.100020168._name,ばっちりキメて♪
mst.card.100070164._name,クールにスイートに
mst.card.100090171._name,にこにーに釘付け
mst.card.110030150._name,クールで熱く
mst.card.110040149._name,全身で表現したいから
mst.card.110080154._name,シャイニーパッション
mst.card.100050166._name,バースデーソング♪
mst.card.120010024._name,夢を描きたい！
mst.card.120020023._name,落書きはお手の物
mst.card.120030029._name,芸術はこの胸のなか
mst.card.120040026._name,カラフルホッパー
mst.card.120050024._name,キャンバスを超えて
mst.card.120060028._name,ココロノート
mst.card.120070026._name,情熱で染め上げる！
mst.card.120080028._name,わたしとあなたの色
mst.card.120090023._name,ココロの笑顔
mst.card.120100017._name,ひと筆の未来
mst.card.120120011._name,未来を描いて
mst.card.120110011._name,カラフルソング
mst.card.110030151._name,傘咲く季節
mst.card.110060158._name,耐雨結界
mst.card.120050025._name,楽しく激しく！
mst.card.100050167._name,テンションを上げて
mst.card.110010157._name,みんなが素敵だから
mst.card.110020156._name,幸せの音色
mst.card.110050159._name,船出にたとえて
mst.card.110060159._name,堕天使のブーケトス
mst.card.110070152._name,映画のシーンのように
mst.card.110090154._name,お姉ちゃんのドレス
mst.card.100040164._name,味見の幸せ
mst.card.100030167._name,みんなで作った衣装
mst.card.100080166._name,最高のおもてなしを
mst.card.100010173._name,ルックイン・マインド
mst.card.120090024._name,一年に一度の大切な日
mst.card.110030152._name,小さな頃の誓い
mst.card.110040150._name,ウエディングの夢
mst.card.110080155._name,懐かしい遊び
mst.card.120090025._name,今こそ繋がろう
mst.card.100080167._name,アクアスプラッシュ
mst.card.110090155._name,転んじゃった
mst.card.100020169._name,猫のステップ
mst.card.100070165._name,ラッキーアニマル♪
mst.card.100090172._name,あなたにも差し入れ
mst.card.130010021._name,無自覚な小悪魔
mst.card.130020020._name,好きになっちゃう
mst.card.100050168._name,ネコさんになって
mst.card.100060167._name,感謝をかたちに
mst.card.100080168._name,ありがとうを伝えて
mst.card.120110012._name,ちゃんと祝ってよね！
mst.card.100010174._name,サークルメモリー
mst.card.100070166._name,サプライズ・ビジター
mst.card.120060029._name,ワガママOK！
mst.card.100010175._name,髪型を変えてみて
mst.card.100030168._name,感謝の気持ち
mst.card.100040165._name,ネコを意識して
mst.card.110010158._name,サンタチカチー☆
mst.card.110020157._name,地上の星
mst.card.110050160._name,パーティ気分で
mst.card.110060160._name,堕天使ヨハネのギフト
mst.card.110070153._name,夢の巨大ハンバーガー
mst.card.110090156._name,夢への写真
mst.card.110050161._name,渡辺曜
mst.card.110060161._name,津島善子
mst.card.110090157._name,黒澤ルビィ
mst.card.120010025._name,上原歩夢
mst.card.120030030._name,桜坂しずく
mst.card.120100018._name,三船栞子
mst.card.100010176._name,[パーティ]大正スクールアイドル
mst.card.100080169._name,[パーティ]今は何の時代？
mst.card.100020170._name,[パーティ]シンプルドレス
mst.card.100010177._name,[パーティ]その日が来るまで
mst.card.100030169._name,[パーティ]捕まえちゃいます♪
mst.card.100020171._name,[パーティ]ターゲットはキミ♪
mst.card.100040166._name,[パーティ]期待に応えます！
mst.card.100060168._name,[パーティ]奏でたい音楽
mst.card.100050169._name,[パーティ]尊敬するにゃ！
mst.card.100030170._name,[パーティ]みんなでって嬉しいな
mst.card.100060169._name,[パーティ]今の幸せ
mst.card.100070167._name,[パーティ]一途な想い
mst.card.100070168._name,[パーティ]希のセット☆
mst.card.100090173._name,[パーティ]陰の努力
mst.card.100080170._name,[パーティ]花陽の春コーデ♪
mst.card.100050170._name,[パーティ]遊びに行こうっ！
mst.card.100090174._name,[パーティ]小悪魔猛特訓！
mst.card.100040167._name,[パーティ]小悪魔な台詞
mst.card.110010159._name,[パーティ]可愛さをアピール
mst.card.110090158._name,[パーティ]心地良い場所
mst.card.110020158._name,[パーティ]happy life
mst.card.110080156._name,[パーティ]ラッキーアイテム
mst.card.110030153._name,[パーティ]キャンディシャワー
mst.card.110070154._name,[パーティ]迷い火
mst.card.110040151._name,[パーティ]巫女舞ステップ
mst.card.110030154._name,[パーティ]わんわん巡回
mst.card.110050162._name,[パーティ]うさぎを追って
mst.card.110020159._name,"[パーティ]Hello,WONDER!"
mst.card.110060162._name,[パーティ]下界の儀式
mst.card.110040152._name,[パーティ]はろうぃんぱーてぃ
mst.card.110070155._name,[パーティ]色褪せぬ美しさ
mst.card.110010160._name,[パーティ]オレンジマーメイド
mst.card.110080157._name,[パーティ]あなただけに
mst.card.110060163._name,[パーティ]罪のくちづけ
mst.card.110090159._name,[パーティ]夢と幸せの在処
mst.card.110050163._name,[パーティ]プラスワン・アレンジ
mst.card.110020160._name,生存戦略
mst.card.110080158._name,反撃開始！
mst.card.110010161._name,二丁拳銃でいこう
mst.card.110070156._name,一緒だと楽しくて
mst.card.120110013._name,ディーバの決意
mst.card.110030155._name,雪の道を
mst.card.110040153._name,ホリデーの朝
mst.card.110080159._name,クリスマスカード♡
mst.card.120060030._name,同じ想いを胸に抱いて
mst.card.100020172._name,プラクティス・マッチ
mst.card.100070169._name,レトロ・シャッター
mst.card.100090175._name,プレチャージ・オン
mst.card.120060031._name,全力で行こう
mst.card.100050171._name,狙いは確実、着実に
mst.card.100060170._name,サウンド・チョイス
mst.card.100080171._name,ホリディ・トレジャー
mst.card.100010178._name,ナイト・ショーアップ
mst.card.100070170._name,オン・ザ・フロート
mst.card.110010162._name,キラキラに輝いて
mst.card.110040154._name,その目で確かめて
mst.card.130030020._name,目を離しちゃダメ♪
mst.card.130040020._name,宇宙一の小悪魔
mst.card.130050020._name,何度も聴きたい曲
mst.card.100010179._name,ホリディウォーキング
mst.card.100030171._name,見つかってよかった
mst.card.100040168._name,読書タイムの楽しみ方
mst.card.110040155._name,メイクアップルビィ
mst.card.110040156._name,懐かしい本を
mst.card.110070157._name,夢で続きを
mst.card.120070027._name,野望フルスロットル
mst.card.100010180._name,新年の意気込み
mst.card.100020173._name,ハートのおみくじ掛け
mst.card.100030172._name,大好きをもっと
mst.card.100040169._name,気持ちも新たに
mst.card.100050172._name,お参りの作法♪
mst.card.100060171._name,手を取って支えて
mst.card.100070171._name,打ち出の小槌で♪
mst.card.100080172._name,良い年を迎えて
mst.card.100090176._name,銀河宇宙No.1
mst.card.110010163._name,みかん色の思い出
mst.card.110020161._name,海辺のメロディ
mst.card.110030156._name,遠泳マスター
mst.card.110040157._name,吹き抜ける風の香り
mst.card.110050164._name,ドルフィン・ショー
mst.card.110060164._name,眷属の救出
mst.card.110070158._name,図書館の静けさ
mst.card.110080160._name,一口の幸せ
mst.card.110090160._name,深海の神秘
mst.card.110040158._name,新年のお弾き初め
mst.card.100020174._name,プレゼントをキミに
mst.card.100060172._name,プレゼントフォーユー
mst.card.100040170._name,季節外れの線香花火
mst.card.100070172._name,ユア・グッドハンズ
mst.card.100020175._name,ナイトミラーイメージ
mst.card.100030173._name,フラワーリースリング
mst.card.100010181._name,花束を君に
mst.card.100030174._name,ブーケを受け取って
mst.card.100040171._name,瞳のゆらめき
mst.card.110010164._name,みかん色の夢を抱えて
mst.card.110020162._name,祝福の音色を届けたい
mst.card.110050165._name,夢へのフラワーロード
mst.card.100050173._name,駆け出す心
mst.card.100060173._name,一番星をめざして
mst.card.100080173._name,受け取ってください！
mst.card.110060165._name,純真な闇の使者
mst.card.110070159._name,想いを花束に込めて
mst.card.110090161._name,桃色のときめき
mst.card.100020176._name,花言葉に祈りを込めて
mst.card.100070173._name,ハートを込めた贈り物
mst.card.100090177._name,笑顔の魔法使い
mst.card.110030157._name,夢を身にまとって
mst.card.110040159._name,胸に抱く情熱の色
mst.card.110080161._name,一輪に込めた愛
mst.card.120020024._name,夢に手を伸ばして
mst.card.110080162._name,初めての手さばき
mst.card.110090162._name,大きいのをゲット！
mst.card.110070160._name,コツが大事！
mst.card.110040160._name,それぞれのAqours
mst.card.120020025._name,かわいいの伝道者
mst.card.120080029._name,わたしからも感謝を
mst.card.120080030._name,月のように照らしたい
mst.card.110030158._name,誕生日の集大成
mst.card.120120012._name,みんないるから大丈夫
mst.card.120010026._name,あなたの言葉が欲しい
mst.card.110070161._name,最高にハナマル
mst.card.120030031._name,新たな舞台の幕あけ
mst.card.120080031._name,後悔なく明日へ
mst.card.110030159._name,嬉しい時は泣かないで
mst.card.120120013._name,遊びに行きましょ！
mst.card.120090026._name,気持ち繋げて
mst.card.120010027._name,夢へ向かって
mst.card.110070162._name,今日だけの魔法
mst.card.100080174._name,常夏のきらめき
mst.card.100080175._name,サイダースパークル
mst.card.100040172._name,セーラービューティー
mst.card.100010182._name,始まりの一歩
mst.card.100020177._name,手を伸ばした先に
mst.card.100030175._name,共に踏み出すもう一歩
mst.card.100040173._name,手を取り進むまた一歩
mst.card.100050174._name,明日へつなげて
mst.card.100060174._name,響く希望の歌
mst.card.100070174._name,未来へ続く眩さ
mst.card.100080176._name,憧れをパワーに変えて
mst.card.100090178._name,変わらない想い
mst.card.110010165._name,今始まる未来
mst.card.110020163._name,未来を告げる風
mst.card.110030160._name,バタフライエフェクト
mst.card.110040161._name,前進あるのみ！
mst.card.110050166._name,光指す水平線
mst.card.110060166._name,一瞬の瞬きの間に
mst.card.110070163._name,まだ知らぬ世界へ
mst.card.110080163._name,広い世界で一つの奇跡
mst.card.110090163._name,華やぐ笑顔
mst.card.130010022._name,レッツ・クッキング！
mst.card.130020021._name,スカートの揺らめき
mst.card.130030021._name,昨日の自分を超えて
mst.card.130040021._name,てっぺん目指して
mst.card.130050021._name,止まらない胸の高鳴り
mst.card.130060003._name,夢へ踏み出す第一歩
mst.card.130070003._name,一つ一つ叶えること
mst.card.130080003._name,「楽しい」を超えた先
mst.card.130090003._name,勢いにまかせて！
