_key,_text
mst.lottery_info.1110001._infoText,リリース記念勧誘
mst.lottery_info.1110001._detailText,「リリース記念勧誘」は、R以上の部員が必ず登場します。<br>「1回勧誘」は、ラブカ300個で実施できます。<br>「10回勧誘」は、ラブカ3000個で実施でき、SR以上の部員が1人以上必ず加入します。<br>「有償1回勧誘」は、有償ラブカ150個で毎日1回だけ実施できます。<br><br>すでに加入している部員が登場した場合、自動で「ペンライト」に変換されます。<br>※変換されたペンライトは、プレゼントを経由せず直接加算されます<br>※ペンライトの所持上限に達している場合は、プレゼントに贈られます<br>※ペンライトの獲得量は、部員のレアリティに応じて異なります<br>・UR：500個<br>・SR：50個<br>・R ：20個<br><br>また、登場した部員の人数に応じて「勧誘ポイント [リリース記念] 」を入手します。<br>獲得した「勧誘ポイント」は交換所にて部員やアイテム等と交換できます。<br>リリース記念勧誘で入手できる「勧誘ポイント」は、以下の勧誘でも入手できます。<br>・UR確定 リリース記念勧誘<br><br>交換されなかった「勧誘ポイント」は、本勧誘の終了時に自動的に「スキルブック（中）」に変換されます。<br>※変換されたスキルブック（中）は、プレゼントを経由せず直接加算されます<br>※スキルブック（中）の所持上限に達している場合は、プレゼントに贈られます
mst.lottery_info.1110002._infoText,UR確定 リリース記念勧誘
mst.lottery_info.1110002._detailText,「UR確定 リリース記念勧誘」は、有償ラブカ3000個で実施でき、UR部員が1人必ず加入します。<br><br>すでに加入している部員が登場した場合、自動的に「ペンライト」に変換されます。<br>※変換されたペンライトは、プレゼントを経由せず直接加算されます<br>※ペンライトの所持上限に達している場合は、プレゼントに贈られます<br>※ペンライトの獲得量は、部員のレアリティに応じて異なります<br>・UR：500個<br>・SR：50個<br>・R ：20個<br><br>また、登場した部員の人数に応じて「勧誘ポイント [リリース記念] 」を入手します。<br>獲得した「勧誘ポイント」は交換所にて部員やアイテム等と交換できます。<br>UR確定 リリース記念勧誘で入手できる「勧誘ポイント」は、以下の勧誘でも入手できます。<br>・リリース記念勧誘<br><br>交換されなかった「勧誘ポイント」は、本勧誘の終了時に自動的に「スキルブック（中）」に変換されます。<br>※変換されたスキルブック（中）は、プレゼントを経由せず直接加算されます<br>※スキルブック（中）の所持上限に達している場合は、プレゼントに贈られます
mst.lottery_info.1110003._infoText,ピックアップ勧誘～放課後の原宿Liella!♡～
mst.lottery_info.1110003._detailText,「ピックアップ勧誘～放課後の原宿Liella!♡～」は、R以上の部員が必ず登場します。<br>「1回勧誘」は、ラブカ300個で実施できます。<br>「10回勧誘」は、ラブカ3000個で実施でき、SR以上の部員が1人以上必ず加入します。<br>「有償1回勧誘」は、有償ラブカ150個で毎日1回だけ実施できます。<br><br>すでに加入している部員が登場した場合、自動で「ペンライト」に変換されます。<br>※変換されたペンライトは、プレゼントを経由せず直接加算されます<br>※ペンライトの所持上限に達している場合は、プレゼントに贈られます<br>※ペンライトの獲得量は、部員のレアリティに応じて異なります<br>・UR：500個<br>・SR：50個<br>・R ：20個<br><br>また、登場した部員の人数に応じて「勧誘ポイント [放課後の原宿Liella!♡] 」を入手します。<br>獲得した「勧誘ポイント」は交換所にて部員やアイテム等と交換できます。<br><br>交換されなかった「勧誘ポイント」は、本勧誘の終了時に自動的に「スキルブック（中）」に変換されます。<br>※変換されたスキルブック（中）は、プレゼントを経由せず直接加算されます<br>※スキルブック（中）の所持上限に達している場合は、プレゼントに贈られます
mst.lottery_info.1110004._infoText,通常勧誘
mst.lottery_info.1110004._detailText,「通常勧誘」は、R以上の部員が必ず登場します。<br>「1回勧誘」は、ラブカ300個で実施できます。<br>「10回勧誘」は、ラブカ3000個で実施でき、SR以上の部員が1人以上必ず加入します。<br>「有償1回勧誘」は、有償ラブカ150個で毎日1回だけ実施できます。<br><br>すでに加入している部員が登場した場合、自動で「ペンライト」に変換されます。<br>※変換されたペンライトは、プレゼントを経由せず直接加算されます<br>※ペンライトの所持上限に達している場合は、プレゼントに贈られます<br>※ペンライトの獲得量は、部員のレアリティに応じて異なります<br>・UR：500個<br>・SR：50個<br>・R ：20個<br><br>また、登場した部員の人数に応じて「勧誘ポイント [通常]」を入手します。<br>獲得した「勧誘ポイント」は交換所にて部員やアイテム等と交換できます。<br><br>交換されなかった「勧誘ポイント」は、本勧誘の終了時に自動的に「スキルブック（中）」に変換されます。<br>※変換されたスキルブック（中）は、プレゼントを経由せず直接加算されます<br>※スキルブック（中）の所持上限に達している場合は、プレゼントに贈られます
mst.lottery_info.1110005._infoText,通常勧誘
mst.lottery_info.1110005._detailText,「通常勧誘」は、R以上の部員が必ず登場します。<br>「1回勧誘」は、ラブカ300個で実施できます。<br>「10回勧誘」は、ラブカ3000個で実施でき、SR以上の部員が1人以上必ず加入します。<br>「有償1回勧誘」は、有償ラブカ150個で毎日1回だけ実施できます。<br><br>すでに加入している部員が登場した場合、自動で「ペンライト」に変換されます。<br>※変換されたペンライトは、プレゼントを経由せず直接加算されます<br>※ペンライトの所持上限に達している場合は、プレゼントに贈られます<br>※ペンライトの獲得量は、部員のレアリティに応じて異なります<br>・UR：500個<br>・SR：50個<br>・R ：20個<br><br>また、登場した部員の人数に応じて「勧誘ポイント [通常]」を入手します。<br>獲得した「勧誘ポイント」は交換所にて部員やアイテム等と交換できます。<br><br>交換されなかった「勧誘ポイント」は、本勧誘の終了時に自動的に「スキルブック（中）」に変換されます。<br>※変換されたスキルブック（中）は、プレゼントを経由せず直接加算されます<br>※スキルブック（中）の所持上限に達している場合は、プレゼントに贈られます
mst.lottery_info.1110006._infoText,通常勧誘
mst.lottery_info.1110006._detailText,「通常勧誘」は、R以上の部員が必ず登場します。<br>「1回勧誘」は、ラブカ300個で実施できます。<br>「10回勧誘」は、ラブカ3000個で実施でき、SR以上の部員が1人以上必ず加入します。<br>「有償1回勧誘」は、有償ラブカ150個で毎日1回だけ実施できます。<br><br>すでに加入している部員が登場した場合、自動で「ペンライト」に変換されます。<br>※変換されたペンライトは、プレゼントを経由せず直接加算されます<br>※ペンライトの所持上限に達している場合は、プレゼントに贈られます<br>※ペンライトの獲得量は、部員のレアリティに応じて異なります<br>・UR：500個<br>・SR：50個<br>・R ：20個<br><br>また、登場した部員の人数に応じて「勧誘ポイント [通常]」を入手します。<br>獲得した「勧誘ポイント」は交換所にて部員やアイテム等と交換できます。<br><br>交換されなかった「勧誘ポイント」は、本勧誘の終了時に自動的に「スキルブック（中）」に変換されます。<br>※変換されたスキルブック（中）は、プレゼントを経由せず直接加算されます<br>※スキルブック（中）の所持上限に達している場合は、プレゼントに贈られます
mst.lottery_info.1110007._infoText,通常勧誘
mst.lottery_info.1110007._detailText,「通常勧誘」は、R以上の部員が必ず登場します。<br>「1回勧誘」は、ラブカ300個で実施できます。<br>「10回勧誘」は、ラブカ3000個で実施でき、SR以上の部員が1人以上必ず加入します。<br>「有償1回勧誘」は、有償ラブカ150個で毎日1回だけ実施できます。<br><br>すでに加入している部員が登場した場合、自動で「ペンライト」に変換されます。<br>※変換されたペンライトは、プレゼントを経由せず直接加算されます<br>※ペンライトの所持上限に達している場合は、プレゼントに贈られます<br>※ペンライトの獲得量は、部員のレアリティに応じて異なります<br>・UR：500個<br>・SR：50個<br>・R ：20個<br><br>また、登場した部員の人数に応じて「勧誘ポイント [通常]」を入手します。<br>獲得した「勧誘ポイント」は交換所にて部員やアイテム等と交換できます。<br><br>交換されなかった「勧誘ポイント」は、本勧誘の終了時に自動的に「スキルブック（中）」に変換されます。<br>※変換されたスキルブック（中）は、プレゼントを経由せず直接加算されます<br>※スキルブック（中）の所持上限に達している場合は、プレゼントに贈られます
mst.lottery_info.1110008._infoText,通常勧誘
mst.lottery_info.1110008._detailText,「通常勧誘」は、R以上の部員が必ず登場します。<br>「1回勧誘」は、ラブカ300個で実施できます。<br>「10回勧誘」は、ラブカ3000個で実施でき、SR以上の部員が1人以上必ず加入します。<br>「有償1回勧誘」は、有償ラブカ150個で毎日1回だけ実施できます。<br><br>すでに加入している部員が登場した場合、自動で「ペンライト」に変換されます。<br>※変換されたペンライトは、プレゼントを経由せず直接加算されます<br>※ペンライトの所持上限に達している場合は、プレゼントに贈られます<br>※ペンライトの獲得量は、部員のレアリティに応じて異なります<br>・UR：500個<br>・SR：50個<br>・R ：20個<br><br>また、登場した部員の人数に応じて「勧誘ポイント [通常]」を入手します。<br>獲得した「勧誘ポイント」は交換所にて部員やアイテム等と交換できます。<br><br>交換されなかった「勧誘ポイント」は、本勧誘の終了時に自動的に「スキルブック（中）」に変換されます。<br>※変換されたスキルブック（中）は、プレゼントを経由せず直接加算されます<br>※スキルブック（中）の所持上限に達している場合は、プレゼントに贈られます
mst.lottery_info.1110009._infoText,通常勧誘
mst.lottery_info.1110009._detailText,「通常勧誘」は、R以上の部員が必ず登場します。<br>「1回勧誘」は、ラブカ300個で実施できます。<br>「10回勧誘」は、ラブカ3000個で実施でき、SR以上の部員が1人以上必ず加入します。<br>「有償1回勧誘」は、有償ラブカ150個で毎日1回だけ実施できます。<br><br>すでに加入している部員が登場した場合、自動で「ペンライト」に変換されます。<br>※変換されたペンライトは、プレゼントを経由せず直接加算されます<br>※ペンライトの所持上限に達している場合は、プレゼントに贈られます<br>※ペンライトの獲得量は、部員のレアリティに応じて異なります<br>・UR：500個<br>・SR：50個<br>・R ：20個<br><br>また、登場した部員の人数に応じて「勧誘ポイント [通常]」を入手します。<br>獲得した「勧誘ポイント」は交換所にて部員やアイテム等と交換できます。<br><br>交換されなかった「勧誘ポイント」は、本勧誘の終了時に自動的に「スキルブック（中）」に変換されます。<br>※変換されたスキルブック（中）は、プレゼントを経由せず直接加算されます<br>※スキルブック（中）の所持上限に達している場合は、プレゼントに贈られます
mst.lottery_info.1110010._infoText,通常勧誘
mst.lottery_info.1110010._detailText,「通常勧誘」は、R以上の部員が必ず登場します。<br>「1回勧誘」は、ラブカ300個で実施できます。<br>「10回勧誘」は、ラブカ3000個で実施でき、SR以上の部員が1人以上必ず加入します。<br>「有償1回勧誘」は、有償ラブカ150個で毎日1回だけ実施できます。<br><br>すでに加入している部員が登場した場合、自動で「ペンライト」に変換されます。<br>※変換されたペンライトは、プレゼントを経由せず直接加算されます<br>※ペンライトの所持上限に達している場合は、プレゼントに贈られます<br>※ペンライトの獲得量は、部員のレアリティに応じて異なります<br>・UR：500個<br>・SR：50個<br>・R ：20個<br><br>また、登場した部員の人数に応じて「勧誘ポイント [通常]」を入手します。<br>獲得した「勧誘ポイント」は交換所にて部員やアイテム等と交換できます。<br><br>交換されなかった「勧誘ポイント」は、本勧誘の終了時に自動的に「スキルブック（中）」に変換されます。<br>※変換されたスキルブック（中）は、プレゼントを経由せず直接加算されます<br>※スキルブック（中）の所持上限に達している場合は、プレゼントに贈られます
mst.lottery_info.1110011._infoText,通常勧誘
mst.lottery_info.1110011._detailText,「通常勧誘」は、R以上の部員が必ず登場します。<br>「1回勧誘」は、ラブカ300個で実施できます。<br>「10回勧誘」は、ラブカ3000個で実施でき、SR以上の部員が1人以上必ず加入します。<br>「有償1回勧誘」は、有償ラブカ150個で毎日1回だけ実施できます。<br><br>すでに加入している部員が登場した場合、自動で「ペンライト」に変換されます。<br>※変換されたペンライトは、プレゼントを経由せず直接加算されます<br>※ペンライトの所持上限に達している場合は、プレゼントに贈られます<br>※ペンライトの獲得量は、部員のレアリティに応じて異なります<br>・UR：500個<br>・SR：50個<br>・R ：20個<br><br>また、登場した部員の人数に応じて「勧誘ポイント [通常]」を入手します。<br>獲得した「勧誘ポイント」は交換所にて部員やアイテム等と交換できます。<br><br>交換されなかった「勧誘ポイント」は、本勧誘の終了時に自動的に「スキルブック（中）」に変換されます。<br>※変換されたスキルブック（中）は、プレゼントを経由せず直接加算されます<br>※スキルブック（中）の所持上限に達している場合は、プレゼントに贈られます
mst.lottery_info.1110012._infoText,通常勧誘
mst.lottery_info.1110012._detailText,「通常勧誘」は、R以上の部員が必ず登場します。<br>「1回勧誘」は、ラブカ300個で実施できます。<br>「10回勧誘」は、ラブカ3000個で実施でき、SR以上の部員が1人以上必ず加入します。<br>「有償1回勧誘」は、有償ラブカ150個で毎日1回だけ実施できます。<br><br>すでに加入している部員が登場した場合、自動で「ペンライト」に変換されます。<br>※変換されたペンライトは、プレゼントを経由せず直接加算されます<br>※ペンライトの所持上限に達している場合は、プレゼントに贈られます<br>※ペンライトの獲得量は、部員のレアリティに応じて異なります<br>・UR：500個<br>・SR：50個<br>・R ：20個<br><br>また、登場した部員の人数に応じて「勧誘ポイント [通常]」を入手します。<br>獲得した「勧誘ポイント」は交換所にて部員やアイテム等と交換できます。<br><br>交換されなかった「勧誘ポイント」は、本勧誘の終了時に自動的に「スキルブック（中）」に変換されます。<br>※変換されたスキルブック（中）は、プレゼントを経由せず直接加算されます<br>※スキルブック（中）の所持上限に達している場合は、プレゼントに贈られます
mst.lottery_info.1110013._infoText,通常勧誘
mst.lottery_info.1110013._detailText,「通常勧誘」は、R以上の部員が必ず登場します。<br>「1回勧誘」は、ラブカ300個で実施できます。<br>「10回勧誘」は、ラブカ3000個で実施でき、SR以上の部員が1人以上必ず加入します。<br>「有償1回勧誘」は、有償ラブカ150個で毎日1回だけ実施できます。<br><br>すでに加入している部員が登場した場合、自動で「ペンライト」に変換されます。<br>※変換されたペンライトは、プレゼントを経由せず直接加算されます<br>※ペンライトの所持上限に達している場合は、プレゼントに贈られます<br>※ペンライトの獲得量は、部員のレアリティに応じて異なります<br>・UR：500個<br>・SR：50個<br>・R ：20個<br><br>また、登場した部員の人数に応じて「勧誘ポイント [通常]」を入手します。<br>獲得した「勧誘ポイント」は交換所にて部員やアイテム等と交換できます。<br><br>交換されなかった「勧誘ポイント」は、本勧誘の終了時に自動的に「スキルブック（中）」に変換されます。<br>※変換されたスキルブック（中）は、プレゼントを経由せず直接加算されます<br>※スキルブック（中）の所持上限に達している場合は、プレゼントに贈られます
mst.lottery_info.1110014._infoText,通常勧誘
mst.lottery_info.1110014._detailText,「通常勧誘」は、R以上の部員が必ず登場します。<br>「1回勧誘」は、ラブカ300個で実施できます。<br>「10回勧誘」は、ラブカ3000個で実施でき、SR以上の部員が1人以上必ず加入します。<br>「有償1回勧誘」は、有償ラブカ150個で毎日1回だけ実施できます。<br><br>すでに加入している部員が登場した場合、自動で「ペンライト」に変換されます。<br>※変換されたペンライトは、プレゼントを経由せず直接加算されます<br>※ペンライトの所持上限に達している場合は、プレゼントに贈られます<br>※ペンライトの獲得量は、部員のレアリティに応じて異なります<br>・UR：500個<br>・SR：50個<br>・R ：20個<br><br>また、登場した部員の人数に応じて「勧誘ポイント [通常]」を入手します。<br>獲得した「勧誘ポイント」は交換所にて部員やアイテム等と交換できます。<br><br>交換されなかった「勧誘ポイント」は、本勧誘の終了時に自動的に「スキルブック（中）」に変換されます。<br>※変換されたスキルブック（中）は、プレゼントを経由せず直接加算されます<br>※スキルブック（中）の所持上限に達している場合は、プレゼントに贈られます
mst.lottery_info.1110015._infoText,通常勧誘
mst.lottery_info.1110015._detailText,「通常勧誘」は、R以上の部員が必ず登場します。<br>「1回勧誘」は、ラブカ300個で実施できます。<br>「10回勧誘」は、ラブカ3000個で実施でき、SR以上の部員が1人以上必ず加入します。<br>「有償1回勧誘」は、有償ラブカ150個で毎日1回だけ実施できます。<br><br>すでに加入している部員が登場した場合、自動で「ペンライト」に変換されます。<br>※変換されたペンライトは、プレゼントを経由せず直接加算されます<br>※ペンライトの所持上限に達している場合は、プレゼントに贈られます<br>※ペンライトの獲得量は、部員のレアリティに応じて異なります<br>・UR：500個<br>・SR：50個<br>・R ：20個<br><br>また、登場した部員の人数に応じて「勧誘ポイント [通常]」を入手します。<br>獲得した「勧誘ポイント」は交換所にて部員やアイテム等と交換できます。<br><br>交換されなかった「勧誘ポイント」は、本勧誘の終了時に自動的に「スキルブック（中）」に変換されます。<br>※変換されたスキルブック（中）は、プレゼントを経由せず直接加算されます<br>※スキルブック（中）の所持上限に達している場合は、プレゼントに贈られます
mst.lottery_info.1110016._infoText,通常勧誘
mst.lottery_info.1110016._detailText,「通常勧誘」は、R以上の部員が必ず登場します。<br>「1回勧誘」は、ラブカ300個で実施できます。<br>「10回勧誘」は、ラブカ3000個で実施でき、SR以上の部員が1人以上必ず加入します。<br>「有償1回勧誘」は、有償ラブカ150個で毎日1回だけ実施できます。<br><br>すでに加入している部員が登場した場合、自動で「ペンライト」に変換されます。<br>※変換されたペンライトは、プレゼントを経由せず直接加算されます<br>※ペンライトの所持上限に達している場合は、プレゼントに贈られます<br>※ペンライトの獲得量は、部員のレアリティに応じて異なります<br>・UR：500個<br>・SR：50個<br>・R ：20個<br><br>また、登場した部員の人数に応じて「勧誘ポイント [通常]」を入手します。<br>獲得した「勧誘ポイント」は交換所にて部員やアイテム等と交換できます。<br><br>交換されなかった「勧誘ポイント」は、本勧誘の終了時に自動的に「スキルブック（中）」に変換されます。<br>※変換されたスキルブック（中）は、プレゼントを経由せず直接加算されます<br>※スキルブック（中）の所持上限に達している場合は、プレゼントに贈られます
mst.lottery_info.1110017._infoText,通常勧誘
mst.lottery_info.1110017._detailText,「通常勧誘」は、R以上の部員が必ず登場します。<br>「1回勧誘」は、ラブカ300個で実施できます。<br>「10回勧誘」は、ラブカ3000個で実施でき、SR以上の部員が1人以上必ず加入します。<br>「有償1回勧誘」は、有償ラブカ150個で毎日1回だけ実施できます。<br><br>すでに加入している部員が登場した場合、自動で「ペンライト」に変換されます。<br>※変換されたペンライトは、プレゼントを経由せず直接加算されます<br>※ペンライトの所持上限に達している場合は、プレゼントに贈られます<br>※ペンライトの獲得量は、部員のレアリティに応じて異なります<br>・UR：500個<br>・SR：50個<br>・R ：20個<br><br>また、登場した部員の人数に応じて「勧誘ポイント [通常]」を入手します。<br>獲得した「勧誘ポイント」は交換所にて部員やアイテム等と交換できます。<br><br>交換されなかった「勧誘ポイント」は、本勧誘の終了時に自動的に「スキルブック（中）」に変換されます。<br>※変換されたスキルブック（中）は、プレゼントを経由せず直接加算されます<br>※スキルブック（中）の所持上限に達している場合は、プレゼントに贈られます
mst.lottery_info.1110018._infoText,通常勧誘
mst.lottery_info.1110018._detailText,「通常勧誘」は、R以上の部員が必ず登場します。<br>「1回勧誘」は、ラブカ300個で実施できます。<br>「10回勧誘」は、ラブカ3000個で実施でき、SR以上の部員が1人以上必ず加入します。<br>「有償1回勧誘」は、有償ラブカ150個で毎日1回だけ実施できます。<br><br>すでに加入している部員が登場した場合、自動で「ペンライト」に変換されます。<br>※変換されたペンライトは、プレゼントを経由せず直接加算されます<br>※ペンライトの所持上限に達している場合は、プレゼントに贈られます<br>※ペンライトの獲得量は、部員のレアリティに応じて異なります<br>・UR：500個<br>・SR：50個<br>・R ：20個<br><br>また、登場した部員の人数に応じて「勧誘ポイント [通常]」を入手します。<br>獲得した「勧誘ポイント」は交換所にて部員やアイテム等と交換できます。<br><br>交換されなかった「勧誘ポイント」は、本勧誘の終了時に自動的に「スキルブック（中）」に変換されます。<br>※変換されたスキルブック（中）は、プレゼントを経由せず直接加算されます<br>※スキルブック（中）の所持上限に達している場合は、プレゼントに贈られます
mst.lottery_info.1110019._infoText,通常勧誘
mst.lottery_info.1110019._detailText,「通常勧誘」は、R以上の部員が必ず登場します。<br>「1回勧誘」は、ラブカ300個で実施できます。<br>「10回勧誘」は、ラブカ3000個で実施でき、SR以上の部員が1人以上必ず加入します。<br>「有償1回勧誘」は、有償ラブカ150個で毎日1回だけ実施できます。<br><br>すでに加入している部員が登場した場合、自動で「ペンライト」に変換されます。<br>※変換されたペンライトは、プレゼントを経由せず直接加算されます<br>※ペンライトの所持上限に達している場合は、プレゼントに贈られます<br>※ペンライトの獲得量は、部員のレアリティに応じて異なります<br>・UR：500個<br>・SR：50個<br>・R ：20個<br><br>また、登場した部員の人数に応じて「勧誘ポイント [通常]」を入手します。<br>獲得した「勧誘ポイント」は交換所にて部員やアイテム等と交換できます。<br><br>交換されなかった「勧誘ポイント」は、本勧誘の終了時に自動的に「スキルブック（中）」に変換されます。<br>※変換されたスキルブック（中）は、プレゼントを経由せず直接加算されます<br>※スキルブック（中）の所持上限に達している場合は、プレゼントに贈られます
mst.lottery_info.1110020._infoText,通常勧誘
mst.lottery_info.1110020._detailText,「通常勧誘」は、R以上の部員が必ず登場します。<br>「1回勧誘」は、ラブカ300個で実施できます。<br>「10回勧誘」は、ラブカ3000個で実施でき、SR以上の部員が1人以上必ず加入します。<br>「有償1回勧誘」は、有償ラブカ150個で毎日1回だけ実施できます。<br><br>すでに加入している部員が登場した場合、自動で「ペンライト」に変換されます。<br>※変換されたペンライトは、プレゼントを経由せず直接加算されます<br>※ペンライトの所持上限に達している場合は、プレゼントに贈られます<br>※ペンライトの獲得量は、部員のレアリティに応じて異なります<br>・UR：500個<br>・SR：50個<br>・R ：20個<br><br>また、登場した部員の人数に応じて「勧誘ポイント [通常]」を入手します。<br>獲得した「勧誘ポイント」は交換所にて部員やアイテム等と交換できます。<br><br>交換されなかった「勧誘ポイント」は、本勧誘の終了時に自動的に「スキルブック（中）」に変換されます。<br>※変換されたスキルブック（中）は、プレゼントを経由せず直接加算されます<br>※スキルブック（中）の所持上限に達している場合は、プレゼントに贈られます
mst.lottery_info.1110021._infoText,通常勧誘
mst.lottery_info.1110021._detailText,「通常勧誘」は、R以上の部員が必ず登場します。<br>「1回勧誘」は、ラブカ300個で実施できます。<br>「10回勧誘」は、ラブカ3000個で実施でき、SR以上の部員が1人以上必ず加入します。<br>「有償1回勧誘」は、有償ラブカ150個で毎日1回だけ実施できます。<br><br>すでに加入している部員が登場した場合、自動で「ペンライト」に変換されます。<br>※変換されたペンライトは、プレゼントを経由せず直接加算されます<br>※ペンライトの所持上限に達している場合は、プレゼントに贈られます<br>※ペンライトの獲得量は、部員のレアリティに応じて異なります<br>・UR：500個<br>・SR：50個<br>・R ：20個<br><br>また、登場した部員の人数に応じて「勧誘ポイント [通常]」を入手します。<br>獲得した「勧誘ポイント」は交換所にて部員やアイテム等と交換できます。<br><br>交換されなかった「勧誘ポイント」は、本勧誘の終了時に自動的に「スキルブック（中）」に変換されます。<br>※変換されたスキルブック（中）は、プレゼントを経由せず直接加算されます<br>※スキルブック（中）の所持上限に達している場合は、プレゼントに贈られます
mst.lottery_info.1110022._infoText,通常勧誘
mst.lottery_info.1110022._detailText,「通常勧誘」は、R以上の部員が必ず登場します。<br>「1回勧誘」は、ラブカ300個で実施できます。<br>「10回勧誘」は、ラブカ3000個で実施でき、SR以上の部員が1人以上必ず加入します。<br>「有償1回勧誘」は、有償ラブカ150個で毎日1回だけ実施できます。<br><br>すでに加入している部員が登場した場合、自動で「ペンライト」に変換されます。<br>※変換されたペンライトは、プレゼントを経由せず直接加算されます<br>※ペンライトの所持上限に達している場合は、プレゼントに贈られます<br>※ペンライトの獲得量は、部員のレアリティに応じて異なります<br>・UR：500個<br>・SR：50個<br>・R ：20個<br><br>また、登場した部員の人数に応じて「勧誘ポイント [通常]」を入手します。<br>獲得した「勧誘ポイント」は交換所にて部員やアイテム等と交換できます。<br><br>交換されなかった「勧誘ポイント」は、本勧誘の終了時に自動的に「スキルブック（中）」に変換されます。<br>※変換されたスキルブック（中）は、プレゼントを経由せず直接加算されます<br>※スキルブック（中）の所持上限に達している場合は、プレゼントに贈られます
mst.lottery_info.1110023._infoText,通常勧誘
mst.lottery_info.1110023._detailText,「通常勧誘」は、R以上の部員が必ず登場します。<br>「1回勧誘」は、ラブカ300個で実施できます。<br>「10回勧誘」は、ラブカ3000個で実施でき、SR以上の部員が1人以上必ず加入します。<br>「有償1回勧誘」は、有償ラブカ150個で毎日1回だけ実施できます。<br><br>すでに加入している部員が登場した場合、自動で「ペンライト」に変換されます。<br>※変換されたペンライトは、プレゼントを経由せず直接加算されます<br>※ペンライトの所持上限に達している場合は、プレゼントに贈られます<br>※ペンライトの獲得量は、部員のレアリティに応じて異なります<br>・UR：500個<br>・SR：50個<br>・R ：20個<br><br>また、登場した部員の人数に応じて「勧誘ポイント [通常]」を入手します。<br>獲得した「勧誘ポイント」は交換所にて部員やアイテム等と交換できます。<br><br>交換されなかった「勧誘ポイント」は、本勧誘の終了時に自動的に「スキルブック（中）」に変換されます。<br>※変換されたスキルブック（中）は、プレゼントを経由せず直接加算されます<br>※スキルブック（中）の所持上限に達している場合は、プレゼントに贈られます
mst.lottery_info.1110024._infoText,通常勧誘
mst.lottery_info.1110024._detailText,「通常勧誘」は、R以上の部員が必ず登場します。<br>「1回勧誘」は、ラブカ300個で実施できます。<br>「10回勧誘」は、ラブカ3000個で実施でき、SR以上の部員が1人以上必ず加入します。<br>「有償1回勧誘」は、有償ラブカ150個で毎日1回だけ実施できます。<br><br>すでに加入している部員が登場した場合、自動で「ペンライト」に変換されます。<br>※変換されたペンライトは、プレゼントを経由せず直接加算されます<br>※ペンライトの所持上限に達している場合は、プレゼントに贈られます<br>※ペンライトの獲得量は、部員のレアリティに応じて異なります<br>・UR：500個<br>・SR：50個<br>・R ：20個<br><br>また、登場した部員の人数に応じて「勧誘ポイント [通常]」を入手します。<br>獲得した「勧誘ポイント」は交換所にて部員やアイテム等と交換できます。<br><br>交換されなかった「勧誘ポイント」は、本勧誘の終了時に自動的に「スキルブック（中）」に変換されます。<br>※変換されたスキルブック（中）は、プレゼントを経由せず直接加算されます<br>※スキルブック（中）の所持上限に達している場合は、プレゼントに贈られます
mst.lottery_info.2110001._infoText,ピックアップ勧誘～わたしたちとこの街～
mst.lottery_info.2110001._detailText,「ピックアップ勧誘～わたしたちとこの街～」は、R以上の部員が必ず登場します。<br>「1回勧誘」は、ラブカ300個で実施できます。<br>「10回勧誘」は、ラブカ3000個で実施でき、SR以上の部員が1人以上必ず加入します。<br>「有償1回勧誘」は、有償ラブカ150個で毎日1回だけ実施できます。<br><br>すでに加入している部員が登場した場合、自動で「ペンライト」に変換されます。<br>※変換されたペンライトは、プレゼントを経由せず直接加算されます<br>※ペンライトの所持上限に達している場合は、プレゼントに贈られます<br>※ペンライトの獲得量は、部員のレアリティに応じて異なります<br>・UR：500個<br>・SR：50個<br>・R ：20個<br><br>また、登場した部員の人数に応じて「勧誘ポイント [わたしたちとこの街]」を入手します。<br>獲得した「勧誘ポイント」は交換所にて部員やアイテム等と交換できます。<br><br>交換されなかった「勧誘ポイント」は、本勧誘の終了時に自動的に「スキルブック（中）」に変換されます。<br>※変換されたスキルブック（中）は、プレゼントを経由せず直接加算されます<br>※スキルブック（中）の所持上限に達している場合は、プレゼントに贈られます
mst.lottery_info.2110002._infoText,ピックアップ勧誘～商店街をアピールだ！～
mst.lottery_info.2110002._detailText,「ピックアップ勧誘～商店街をアピールだ！～」は、R以上の部員が必ず登場します。<br>「1回勧誘」は、ラブカ300個で実施できます。<br>「10回勧誘」は、ラブカ3000個で実施でき、SR以上の部員が1人以上必ず加入します。<br>「有償1回勧誘」は、有償ラブカ150個で毎日1回だけ実施できます。<br><br>すでに加入している部員が登場した場合、自動で「ペンライト」に変換されます。<br>※変換されたペンライトは、プレゼントを経由せず直接加算されます<br>※ペンライトの所持上限に達している場合は、プレゼントに贈られます<br>※ペンライトの獲得量は、部員のレアリティに応じて異なります<br>・UR：500個<br>・SR：50個<br>・R ：20個<br><br>また、登場した部員の人数に応じて「勧誘ポイント [商店街をアピールだ！]」を入手します。<br>獲得した「勧誘ポイント」は交換所にて部員やアイテム等と交換できます。<br><br>交換されなかった「勧誘ポイント」は、本勧誘の終了時に自動的に「スキルブック（中）」に変換されます。<br>※変換されたスキルブック（中）は、プレゼントを経由せず直接加算されます<br>※スキルブック（中）の所持上限に達している場合は、プレゼントに贈られます
mst.lottery_info.2110003._infoText,ピックアップ勧誘～Live in Nature～
mst.lottery_info.2110003._detailText,「ピックアップ勧誘～Live in Nature～」は、R以上の部員が必ず登場します。<br>「1回勧誘」は、ラブカ300個で実施できます。<br>「10回勧誘」は、ラブカ3000個で実施でき、SR以上の部員が1人以上必ず加入します。<br>「有償1回勧誘」は、有償ラブカ150個で毎日1回だけ実施できます。<br><br>すでに加入している部員が登場した場合、自動で「ペンライト」に変換されます。<br>※変換されたペンライトは、プレゼントを経由せず直接加算されます<br>※ペンライトの所持上限に達している場合は、プレゼントに贈られます<br>※ペンライトの獲得量は、部員のレアリティに応じて異なります<br>・UR：500個<br>・SR：50個<br>・R ：20個<br><br>また、登場した部員の人数に応じて「勧誘ポイント [Live in Nature]」を入手します。<br>獲得した「勧誘ポイント」は交換所にて部員やアイテム等と交換できます。<br><br>交換されなかった「勧誘ポイント」は、本勧誘の終了時に自動的に「スキルブック（中）」に変換されます。<br>※変換されたスキルブック（中）は、プレゼントを経由せず直接加算されます<br>※スキルブック（中）の所持上限に達している場合は、プレゼントに贈られます
mst.lottery_info.2110004._infoText,ピックアップ勧誘～煌めく踊り子～
mst.lottery_info.2110004._detailText,「ピックアップ勧誘～煌めく踊り子～」は、R以上の部員が必ず登場します。<br>「1回勧誘」は、ラブカ300個で実施できます。<br>「10回勧誘」は、ラブカ3000個で実施でき、SR以上の部員が1人以上必ず加入します。<br>「有償1回勧誘」は、有償ラブカ150個で毎日1回だけ実施できます。<br><br>すでに加入している部員が登場した場合、自動で「ペンライト」に変換されます。<br>※変換されたペンライトは、プレゼントを経由せず直接加算されます<br>※ペンライトの所持上限に達している場合は、プレゼントに贈られます<br>※ペンライトの獲得量は、部員のレアリティに応じて異なります<br>・UR：500個<br>・SR：50個<br>・R ：20個<br><br>また、登場した部員の人数に応じて「勧誘ポイント [煌めく踊り子]」を入手します。<br>獲得した「勧誘ポイント」は交換所にて部員やアイテム等と交換できます。<br><br>交換されなかった「勧誘ポイント」は、本勧誘の終了時に自動的に「スキルブック（中）」に変換されます。<br>※変換されたスキルブック（中）は、プレゼントを経由せず直接加算されます<br>※スキルブック（中）の所持上限に達している場合は、プレゼントに贈られます
mst.lottery_info.2110005._infoText,ピックアップ勧誘～煌めく踊り子～
mst.lottery_info.2110005._detailText,「ピックアップ勧誘～煌めく踊り子～」は、R以上の部員が必ず登場します。<br>「1回勧誘」は、ラブカ300個で実施できます。<br>「10回勧誘」は、ラブカ3000個で実施でき、SR以上の部員が1人以上必ず加入します。<br>「有償1回勧誘」は、有償ラブカ150個で毎日1回だけ実施できます。<br><br>すでに加入している部員が登場した場合、自動で「ペンライト」に変換されます。<br>※変換されたペンライトは、プレゼントを経由せず直接加算されます<br>※ペンライトの所持上限に達している場合は、プレゼントに贈られます<br>※ペンライトの獲得量は、部員のレアリティに応じて異なります<br>・UR：500個<br>・SR：50個<br>・R ：20個<br><br>また、登場した部員の人数に応じて「勧誘ポイント [煌めく踊り子]」を入手します。<br>獲得した「勧誘ポイント」は交換所にて部員やアイテム等と交換できます。<br><br>交換されなかった「勧誘ポイント」は、本勧誘の終了時に自動的に「スキルブック（中）」に変換されます。<br>※変換されたスキルブック（中）は、プレゼントを経由せず直接加算されます<br>※スキルブック（中）の所持上限に達している場合は、プレゼントに贈られます
mst.lottery_info.2110006._infoText,ピックアップ勧誘～太陽降り注ぐ夏合宿～
mst.lottery_info.2110006._detailText,「ピックアップ勧誘～太陽降り注ぐ夏合宿～」は、R以上の部員が必ず登場します。<br>「1回勧誘」は、ラブカ300個で実施できます。<br>「10回勧誘」は、ラブカ3000個で実施でき、SR以上の部員が1人以上必ず加入します。<br>「有償1回勧誘」は、有償ラブカ150個で毎日1回だけ実施できます。<br><br>すでに加入している部員が登場した場合、自動で「ペンライト」に変換されます。<br>※変換されたペンライトは、プレゼントを経由せず直接加算されます<br>※ペンライトの所持上限に達している場合は、プレゼントに贈られます<br>※ペンライトの獲得量は、部員のレアリティに応じて異なります<br>・UR：500個<br>・SR：50個<br>・R ：20個<br><br>また、登場した部員の人数に応じて「勧誘ポイント [太陽降り注ぐ夏合宿]」を入手します。<br>獲得した「勧誘ポイント」は交換所にて部員やアイテム等と交換できます。<br><br>交換されなかった「勧誘ポイント」は、本勧誘の終了時に自動的に「スキルブック（中）」に変換されます。<br>※変換されたスキルブック（中）は、プレゼントを経由せず直接加算されます<br>※スキルブック（中）の所持上限に達している場合は、プレゼントに贈られます
mst.lottery_info.2110007._infoText,ピックアップ勧誘～太陽降り注ぐ夏合宿～
mst.lottery_info.2110007._detailText,「ピックアップ勧誘～太陽降り注ぐ夏合宿～」は、R以上の部員が必ず登場します。<br>「1回勧誘」は、ラブカ300個で実施できます。<br>「10回勧誘」は、ラブカ3000個で実施でき、SR以上の部員が1人以上必ず加入します。<br>「有償1回勧誘」は、有償ラブカ150個で毎日1回だけ実施できます。<br><br>すでに加入している部員が登場した場合、自動で「ペンライト」に変換されます。<br>※変換されたペンライトは、プレゼントを経由せず直接加算されます<br>※ペンライトの所持上限に達している場合は、プレゼントに贈られます<br>※ペンライトの獲得量は、部員のレアリティに応じて異なります<br>・UR：500個<br>・SR：50個<br>・R ：20個<br><br>また、登場した部員の人数に応じて「勧誘ポイント [太陽降り注ぐ夏合宿]」を入手します。<br>獲得した「勧誘ポイント」は交換所にて部員やアイテム等と交換できます。<br><br>交換されなかった「勧誘ポイント」は、本勧誘の終了時に自動的に「スキルブック（中）」に変換されます。<br>※変換されたスキルブック（中）は、プレゼントを経由せず直接加算されます<br>※スキルブック（中）の所持上限に達している場合は、プレゼントに贈られます
mst.lottery_info.2110008._infoText,ピックアップ勧誘～真夏の人魚姫～
mst.lottery_info.2110008._detailText,「ピックアップ勧誘～真夏の人魚姫～」は、R以上の部員が必ず登場します。<br>「1回勧誘」は、ラブカ300個で実施できます。<br>「10回勧誘」は、ラブカ3000個で実施でき、SR以上の部員が1人以上必ず加入します。<br>「有償1回勧誘」は、有償ラブカ150個で毎日1回だけ実施できます。<br><br>すでに加入している部員が登場した場合、自動で「ペンライト」に変換されます。<br>※変換されたペンライトは、プレゼントを経由せず直接加算されます<br>※ペンライトの所持上限に達している場合は、プレゼントに贈られます<br>※ペンライトの獲得量は、部員のレアリティに応じて異なります<br>・UR：500個<br>・SR：50個<br>・R ：20個<br><br>また、登場した部員の人数に応じて「勧誘ポイント [真夏の人魚姫]」を入手します。<br>獲得した「勧誘ポイント」は交換所にて部員やアイテム等と交換できます。<br><br>交換されなかった「勧誘ポイント」は、本勧誘の終了時に自動的に「スキルブック（中）」に変換されます。<br>※変換されたスキルブック（中）は、プレゼントを経由せず直接加算されます<br>※スキルブック（中）の所持上限に達している場合は、プレゼントに贈られます
mst.lottery_info.2110009._infoText,ピックアップ勧誘～真夏の人魚姫～
mst.lottery_info.2110009._detailText,「ピックアップ勧誘～真夏の人魚姫～」は、R以上の部員が必ず登場します。<br>「1回勧誘」は、ラブカ300個で実施できます。<br>「10回勧誘」は、ラブカ3000個で実施でき、SR以上の部員が1人以上必ず加入します。<br>「有償1回勧誘」は、有償ラブカ150個で毎日1回だけ実施できます。<br><br>すでに加入している部員が登場した場合、自動で「ペンライト」に変換されます。<br>※変換されたペンライトは、プレゼントを経由せず直接加算されます<br>※ペンライトの所持上限に達している場合は、プレゼントに贈られます<br>※ペンライトの獲得量は、部員のレアリティに応じて異なります<br>・UR：500個<br>・SR：50個<br>・R ：20個<br><br>また、登場した部員の人数に応じて「勧誘ポイント [真夏の人魚姫]」を入手します。<br>獲得した「勧誘ポイント」は交換所にて部員やアイテム等と交換できます。<br><br>交換されなかった「勧誘ポイント」は、本勧誘の終了時に自動的に「スキルブック（中）」に変換されます。<br>※変換されたスキルブック（中）は、プレゼントを経由せず直接加算されます<br>※スキルブック（中）の所持上限に達している場合は、プレゼントに贈られます
mst.lottery_info.2110010._infoText,ピックアップ勧誘～砂浜駆ける夏の海～
mst.lottery_info.2110010._detailText,「ピックアップ勧誘～砂浜駆ける夏の海～」は、R以上の部員が必ず登場します。<br>「1回勧誘」は、ラブカ300個で実施できます。<br>「10回勧誘」は、ラブカ3000個で実施でき、SR以上の部員が1人以上必ず加入します。<br>「有償1回勧誘」は、有償ラブカ150個で毎日1回だけ実施できます。<br><br>すでに加入している部員が登場した場合、自動で「ペンライト」に変換されます。<br>※変換されたペンライトは、プレゼントを経由せず直接加算されます<br>※ペンライトの所持上限に達している場合は、プレゼントに贈られます<br>※ペンライトの獲得量は、部員のレアリティに応じて異なります<br>・UR：500個<br>・SR：50個<br>・R ：20個<br><br>また、登場した部員の人数に応じて「勧誘ポイント [砂浜駆ける夏の海]」を入手します。<br>獲得した「勧誘ポイント」は交換所にて部員やアイテム等と交換できます。<br><br>交換されなかった「勧誘ポイント」は、本勧誘の終了時に自動的に「スキルブック（中）」に変換されます。<br>※変換されたスキルブック（中）は、プレゼントを経由せず直接加算されます<br>※スキルブック（中）の所持上限に達している場合は、プレゼントに贈られます
mst.lottery_info.2110011._infoText,ピックアップ勧誘～砂浜駆ける夏の海～
mst.lottery_info.2110011._detailText,「ピックアップ勧誘～砂浜駆ける夏の海～」は、R以上の部員が必ず登場します。<br>「1回勧誘」は、ラブカ300個で実施できます。<br>「10回勧誘」は、ラブカ3000個で実施でき、SR以上の部員が1人以上必ず加入します。<br>「有償1回勧誘」は、有償ラブカ150個で毎日1回だけ実施できます。<br><br>すでに加入している部員が登場した場合、自動で「ペンライト」に変換されます。<br>※変換されたペンライトは、プレゼントを経由せず直接加算されます<br>※ペンライトの所持上限に達している場合は、プレゼントに贈られます<br>※ペンライトの獲得量は、部員のレアリティに応じて異なります<br>・UR：500個<br>・SR：50個<br>・R ：20個<br><br>また、登場した部員の人数に応じて「勧誘ポイント [砂浜駆ける夏の海]」を入手します。<br>獲得した「勧誘ポイント」は交換所にて部員やアイテム等と交換できます。<br><br>交換されなかった「勧誘ポイント」は、本勧誘の終了時に自動的に「スキルブック（中）」に変換されます。<br>※変換されたスキルブック（中）は、プレゼントを経由せず直接加算されます<br>※スキルブック（中）の所持上限に達している場合は、プレゼントに贈られます
mst.lottery_info.2110012._infoText,ピックアップ勧誘～夏夜に咲き誇る花～
mst.lottery_info.2110012._detailText,「ピックアップ勧誘～夏夜に咲き誇る花～」は、R以上の部員が必ず登場します。<br>「1回勧誘」は、ラブカ300個で実施できます。<br>「10回勧誘」は、ラブカ3000個で実施でき、SR以上の部員が1人以上必ず加入します。<br>「有償1回勧誘」は、有償ラブカ150個で毎日1回だけ実施できます。<br><br>すでに加入している部員が登場した場合、自動で「ペンライト」に変換されます。<br>※変換されたペンライトは、プレゼントを経由せず直接加算されます<br>※ペンライトの所持上限に達している場合は、プレゼントに贈られます<br>※ペンライトの獲得量は、部員のレアリティに応じて異なります<br>・UR：500個<br>・SR：50個<br>・R ：20個<br><br>また、登場した部員の人数に応じて「勧誘ポイント [夏夜に咲き誇る花]」を入手します。<br>獲得した「勧誘ポイント」は交換所にて部員やアイテム等と交換できます。<br><br>交換されなかった「勧誘ポイント」は、本勧誘の終了時に自動的に「スキルブック（中）」に変換されます。<br>※変換されたスキルブック（中）は、プレゼントを経由せず直接加算されます<br>※スキルブック（中）の所持上限に達している場合は、プレゼントに贈られます
mst.lottery_info.2110013._infoText,ピックアップ勧誘～夏夜に咲き誇る花～
mst.lottery_info.2110013._detailText,「ピックアップ勧誘～夏夜に咲き誇る花～」は、R以上の部員が必ず登場します。<br>「1回勧誘」は、ラブカ300個で実施できます。<br>「10回勧誘」は、ラブカ3000個で実施でき、SR以上の部員が1人以上必ず加入します。<br>「有償1回勧誘」は、有償ラブカ150個で毎日1回だけ実施できます。<br><br>すでに加入している部員が登場した場合、自動で「ペンライト」に変換されます。<br>※変換されたペンライトは、プレゼントを経由せず直接加算されます<br>※ペンライトの所持上限に達している場合は、プレゼントに贈られます<br>※ペンライトの獲得量は、部員のレアリティに応じて異なります<br>・UR：500個<br>・SR：50個<br>・R ：20個<br><br>また、登場した部員の人数に応じて「勧誘ポイント [夏夜に咲き誇る花]」を入手します。<br>獲得した「勧誘ポイント」は交換所にて部員やアイテム等と交換できます。<br><br>交換されなかった「勧誘ポイント」は、本勧誘の終了時に自動的に「スキルブック（中）」に変換されます。<br>※変換されたスキルブック（中）は、プレゼントを経由せず直接加算されます<br>※スキルブック（中）の所持上限に達している場合は、プレゼントに贈られます
mst.lottery_info.2110014._infoText,ピックアップ勧誘～月夜に輝く尾花～
mst.lottery_info.2110014._detailText,「ピックアップ勧誘～月夜に輝く尾花～」は、R以上の部員が必ず登場します。<br>「1回勧誘」は、ラブカ300個で実施できます。<br>「10回勧誘」は、ラブカ3000個で実施でき、SR以上の部員が1人以上必ず加入します。<br>「有償1回勧誘」は、有償ラブカ150個で毎日1回だけ実施できます。<br><br>すでに加入している部員が登場した場合、自動で「ペンライト」に変換されます。<br>※変換されたペンライトは、プレゼントを経由せず直接加算されます<br>※ペンライトの所持上限に達している場合は、プレゼントに贈られます<br>※ペンライトの獲得量は、部員のレアリティに応じて異なります<br>・UR：500個<br>・SR：50個<br>・R ：20個<br><br>また、登場した部員の人数に応じて「勧誘ポイント [月夜に輝く尾花]」を入手します。<br>獲得した「勧誘ポイント」は交換所にて部員やアイテム等と交換できます。<br><br>交換されなかった「勧誘ポイント」は、本勧誘の終了時に自動的に「スキルブック（中）」に変換されます。<br>※変換されたスキルブック（中）は、プレゼントを経由せず直接加算されます<br>※スキルブック（中）の所持上限に達している場合は、プレゼントに贈られます
mst.lottery_info.2110015._infoText,ピックアップ勧誘～月夜に輝く尾花～
mst.lottery_info.2110015._detailText,「ピックアップ勧誘～月夜に輝く尾花～」は、R以上の部員が必ず登場します。<br>「1回勧誘」は、ラブカ300個で実施できます。<br>「10回勧誘」は、ラブカ3000個で実施でき、SR以上の部員が1人以上必ず加入します。<br>「有償1回勧誘」は、有償ラブカ150個で毎日1回だけ実施できます。<br><br>すでに加入している部員が登場した場合、自動で「ペンライト」に変換されます。<br>※変換されたペンライトは、プレゼントを経由せず直接加算されます<br>※ペンライトの所持上限に達している場合は、プレゼントに贈られます<br>※ペンライトの獲得量は、部員のレアリティに応じて異なります<br>・UR：500個<br>・SR：50個<br>・R ：20個<br><br>また、登場した部員の人数に応じて「勧誘ポイント [月夜に輝く尾花]」を入手します。<br>獲得した「勧誘ポイント」は交換所にて部員やアイテム等と交換できます。<br><br>交換されなかった「勧誘ポイント」は、本勧誘の終了時に自動的に「スキルブック（中）」に変換されます。<br>※変換されたスキルブック（中）は、プレゼントを経由せず直接加算されます<br>※スキルブック（中）の所持上限に達している場合は、プレゼントに贈られます
mst.lottery_info.2110016._infoText,ピックアップ勧誘～浴衣で涼む街めぐり～
mst.lottery_info.2110016._detailText,「ピックアップ勧誘～浴衣で涼む街めぐり～」は、R以上の部員が必ず登場します。<br>「1回勧誘」は、ラブカ300個で実施できます。<br>「10回勧誘」は、ラブカ3000個で実施でき、SR以上の部員が1人以上必ず加入します。<br>「有償1回勧誘」は、有償ラブカ150個で毎日1回だけ実施できます。<br><br>すでに加入している部員が登場した場合、自動で「ペンライト」に変換されます。<br>※変換されたペンライトは、プレゼントを経由せず直接加算されます<br>※ペンライトの所持上限に達している場合は、プレゼントに贈られます<br>※ペンライトの獲得量は、部員のレアリティに応じて異なります<br>・UR：500個<br>・SR：50個<br>・R ：20個<br><br>また、登場した部員の人数に応じて「勧誘ポイント [浴衣で涼む街めぐり]」を入手します。<br>獲得した「勧誘ポイント」は交換所にて部員やアイテム等と交換できます。<br><br>交換されなかった「勧誘ポイント」は、本勧誘の終了時に自動的に「スキルブック（中）」に変換されます。<br>※変換されたスキルブック（中）は、プレゼントを経由せず直接加算されます<br>※スキルブック（中）の所持上限に達している場合は、プレゼントに贈られます
mst.lottery_info.2110017._infoText,ピックアップ勧誘～浴衣で涼む街めぐり～
mst.lottery_info.2110017._detailText,「ピックアップ勧誘～浴衣で涼む街めぐり～」は、R以上の部員が必ず登場します。<br>「1回勧誘」は、ラブカ300個で実施できます。<br>「10回勧誘」は、ラブカ3000個で実施でき、SR以上の部員が1人以上必ず加入します。<br>「有償1回勧誘」は、有償ラブカ150個で毎日1回だけ実施できます。<br><br>すでに加入している部員が登場した場合、自動で「ペンライト」に変換されます。<br>※変換されたペンライトは、プレゼントを経由せず直接加算されます<br>※ペンライトの所持上限に達している場合は、プレゼントに贈られます<br>※ペンライトの獲得量は、部員のレアリティに応じて異なります<br>・UR：500個<br>・SR：50個<br>・R ：20個<br><br>また、登場した部員の人数に応じて「勧誘ポイント [浴衣で涼む街めぐり]」を入手します。<br>獲得した「勧誘ポイント」は交換所にて部員やアイテム等と交換できます。<br><br>交換されなかった「勧誘ポイント」は、本勧誘の終了時に自動的に「スキルブック（中）」に変換されます。<br>※変換されたスキルブック（中）は、プレゼントを経由せず直接加算されます<br>※スキルブック（中）の所持上限に達している場合は、プレゼントに贈られます
mst.lottery_info.2110018._infoText,ピックアップ勧誘～Trick or Treat!～
mst.lottery_info.2110018._detailText,「ピックアップ勧誘～Trick or Treat!～」は、R以上の部員が必ず登場します。<br>「1回勧誘」は、ラブカ300個で実施できます。<br>「10回勧誘」は、ラブカ3000個で実施でき、SR以上の部員が1人以上必ず加入します。<br>「有償1回勧誘」は、有償ラブカ150個で毎日1回だけ実施できます。<br><br>すでに加入している部員が登場した場合、自動で「ペンライト」に変換されます。<br>※変換されたペンライトは、プレゼントを経由せず直接加算されます<br>※ペンライトの所持上限に達している場合は、プレゼントに贈られます<br>※ペンライトの獲得量は、部員のレアリティに応じて異なります<br>・UR：500個<br>・SR：50個<br>・R ：20個<br><br>また、登場した部員の人数に応じて「勧誘ポイント [Trick or Treat!]」を入手します。<br>獲得した「勧誘ポイント」は交換所にて部員やアイテム等と交換できます。<br><br>交換されなかった「勧誘ポイント」は、本勧誘の終了時に自動的に「スキルブック（中）」に変換されます。<br>※変換されたスキルブック（中）は、プレゼントを経由せず直接加算されます<br>※スキルブック（中）の所持上限に達している場合は、プレゼントに贈られます
mst.lottery_info.2110019._infoText,ピックアップ勧誘～Trick or Treat!～
mst.lottery_info.2110019._detailText,「ピックアップ勧誘～Trick or Treat!～」は、R以上の部員が必ず登場します。<br>「1回勧誘」は、ラブカ300個で実施できます。<br>「10回勧誘」は、ラブカ3000個で実施でき、SR以上の部員が1人以上必ず加入します。<br>「有償1回勧誘」は、有償ラブカ150個で毎日1回だけ実施できます。<br><br>すでに加入している部員が登場した場合、自動で「ペンライト」に変換されます。<br>※変換されたペンライトは、プレゼントを経由せず直接加算されます<br>※ペンライトの所持上限に達している場合は、プレゼントに贈られます<br>※ペンライトの獲得量は、部員のレアリティに応じて異なります<br>・UR：500個<br>・SR：50個<br>・R ：20個<br><br>また、登場した部員の人数に応じて「勧誘ポイント [Trick or Treat!]」を入手します。<br>獲得した「勧誘ポイント」は交換所にて部員やアイテム等と交換できます。<br><br>交換されなかった「勧誘ポイント」は、本勧誘の終了時に自動的に「スキルブック（中）」に変換されます。<br>※変換されたスキルブック（中）は、プレゼントを経由せず直接加算されます<br>※スキルブック（中）の所持上限に達している場合は、プレゼントに贈られます
mst.lottery_info.2110020._infoText,ピックアップ勧誘～Boo! Boo! ハロウィンランド～
mst.lottery_info.2110020._detailText,「ピックアップ勧誘～Boo! Boo! ハロウィンランド～」は、R以上の部員が必ず登場します。<br>「1回勧誘」は、ラブカ300個で実施できます。<br>「10回勧誘」は、ラブカ3000個で実施でき、SR以上の部員が1人以上必ず加入します。<br>「有償1回勧誘」は、有償ラブカ150個で毎日1回だけ実施できます。<br><br>すでに加入している部員が登場した場合、自動で「ペンライト」に変換されます。<br>※変換されたペンライトは、プレゼントを経由せず直接加算されます<br>※ペンライトの所持上限に達している場合は、プレゼントに贈られます<br>※ペンライトの獲得量は、部員のレアリティに応じて異なります<br>・UR：500個<br>・SR：50個<br>・R ：20個<br><br>また、登場した部員の人数に応じて「勧誘ポイント [Half Anniversary]」を入手します。<br>獲得した「勧誘ポイント」は交換所にて部員やアイテム等と交換できます。<br><br>交換されなかった「勧誘ポイント」は、本勧誘の終了時に自動的に「スキルブック（中）」に変換されます。<br>※変換されたスキルブック（中）は、プレゼントを経由せず直接加算されます<br>※スキルブック（中）の所持上限に達している場合は、プレゼントに贈られます
mst.lottery_info.2110021._infoText,ピックアップ勧誘～Boo! Boo! ハロウィンランド～
mst.lottery_info.2110021._detailText,「ピックアップ勧誘～Boo! Boo! ハロウィンランド～」は、R以上の部員が必ず登場します。<br>「1回勧誘」は、ラブカ300個で実施できます。<br>「10回勧誘」は、ラブカ3000個で実施でき、SR以上の部員が1人以上必ず加入します。<br>「有償1回勧誘」は、有償ラブカ150個で毎日1回だけ実施できます。<br><br>すでに加入している部員が登場した場合、自動で「ペンライト」に変換されます。<br>※変換されたペンライトは、プレゼントを経由せず直接加算されます<br>※ペンライトの所持上限に達している場合は、プレゼントに贈られます<br>※ペンライトの獲得量は、部員のレアリティに応じて異なります<br>・UR：500個<br>・SR：50個<br>・R ：20個<br><br>また、登場した部員の人数に応じて「勧誘ポイント [Half Anniversary]」を入手します。<br>獲得した「勧誘ポイント」は交換所にて部員やアイテム等と交換できます。<br><br>交換されなかった「勧誘ポイント」は、本勧誘の終了時に自動的に「スキルブック（中）」に変換されます。<br>※変換されたスキルブック（中）は、プレゼントを経由せず直接加算されます<br>※スキルブック（中）の所持上限に達している場合は、プレゼントに贈られます
mst.lottery_info.2110022._infoText,ピックアップ勧誘～ひだまりのマーチングバンド～
mst.lottery_info.2110022._detailText,「ピックアップ勧誘～ひだまりのマーチングバンド～」は、R以上の部員が必ず登場します。<br>「1回勧誘」は、ラブカ300個で実施できます。<br>「10回勧誘」は、ラブカ3000個で実施でき、SR以上の部員が1人以上必ず加入します。<br>「有償1回勧誘」は、有償ラブカ150個で毎日1回だけ実施できます。<br><br>すでに加入している部員が登場した場合、自動で「ペンライト」に変換されます。<br>※変換されたペンライトは、プレゼントを経由せず直接加算されます<br>※ペンライトの所持上限に達している場合は、プレゼントに贈られます<br>※ペンライトの獲得量は、部員のレアリティに応じて異なります<br>・UR：500個<br>・SR：50個<br>・R ：20個<br><br>また、登場した部員の人数に応じて「勧誘ポイント [ひだまりのマーチングバンド]」を入手します。<br>獲得した「勧誘ポイント」は交換所にて部員やアイテム等と交換できます。<br><br>交換されなかった「勧誘ポイント」は、本勧誘の終了時に自動的に「スキルブック（中）」に変換されます。<br>※変換されたスキルブック（中）は、プレゼントを経由せず直接加算されます<br>※スキルブック（中）の所持上限に達している場合は、プレゼントに贈られます
mst.lottery_info.2110023._infoText,ピックアップ勧誘～ひだまりのマーチングバンド～
mst.lottery_info.2110023._detailText,「ピックアップ勧誘～ひだまりのマーチングバンド～」は、R以上の部員が必ず登場します。<br>「1回勧誘」は、ラブカ300個で実施できます。<br>「10回勧誘」は、ラブカ3000個で実施でき、SR以上の部員が1人以上必ず加入します。<br>「有償1回勧誘」は、有償ラブカ150個で毎日1回だけ実施できます。<br><br>すでに加入している部員が登場した場合、自動で「ペンライト」に変換されます。<br>※変換されたペンライトは、プレゼントを経由せず直接加算されます<br>※ペンライトの所持上限に達している場合は、プレゼントに贈られます<br>※ペンライトの獲得量は、部員のレアリティに応じて異なります<br>・UR：500個<br>・SR：50個<br>・R ：20個<br><br>また、登場した部員の人数に応じて「勧誘ポイント [ひだまりのマーチングバンド]」を入手します。<br>獲得した「勧誘ポイント」は交換所にて部員やアイテム等と交換できます。<br><br>交換されなかった「勧誘ポイント」は、本勧誘の終了時に自動的に「スキルブック（中）」に変換されます。<br>※変換されたスキルブック（中）は、プレゼントを経由せず直接加算されます<br>※スキルブック（中）の所持上限に達している場合は、プレゼントに贈られます
mst.lottery_info.2110024._infoText,ピックアップ勧誘～にゃんにゃん🐾メイドさん～
mst.lottery_info.2110024._detailText,「ピックアップ勧誘～にゃんにゃん🐾メイドさん～」は、R以上の部員が必ず登場します。<br>「1回勧誘」は、ラブカ300個で実施できます。<br>「10回勧誘」は、ラブカ3000個で実施でき、SR以上の部員が1人以上必ず加入します。<br>「有償1回勧誘」は、有償ラブカ150個で毎日1回だけ実施できます。<br><br>すでに加入している部員が登場した場合、自動で「ペンライト」に変換されます。<br>※変換されたペンライトは、プレゼントを経由せず直接加算されます<br>※ペンライトの所持上限に達している場合は、プレゼントに贈られます<br>※ペンライトの獲得量は、部員のレアリティに応じて異なります<br>・UR：500個<br>・SR：50個<br>・R ：20個<br><br>また、登場した部員の人数に応じて「勧誘ポイント [にゃんにゃん🐾メイドさん]」を入手します。<br>獲得した「勧誘ポイント」は交換所にて部員やアイテム等と交換できます。<br><br>交換されなかった「勧誘ポイント」は、本勧誘の終了時に自動的に「スキルブック（中）」に変換されます。<br>※変換されたスキルブック（中）は、プレゼントを経由せず直接加算されます<br>※スキルブック（中）の所持上限に達している場合は、プレゼントに贈られます
mst.lottery_info.2110025._infoText,ピックアップ勧誘～にゃんにゃん🐾メイドさん～
mst.lottery_info.2110025._detailText,「ピックアップ勧誘～にゃんにゃん🐾メイドさん～」は、R以上の部員が必ず登場します。<br>「1回勧誘」は、ラブカ300個で実施できます。<br>「10回勧誘」は、ラブカ3000個で実施でき、SR以上の部員が1人以上必ず加入します。<br>「有償1回勧誘」は、有償ラブカ150個で毎日1回だけ実施できます。<br><br>すでに加入している部員が登場した場合、自動で「ペンライト」に変換されます。<br>※変換されたペンライトは、プレゼントを経由せず直接加算されます<br>※ペンライトの所持上限に達している場合は、プレゼントに贈られます<br>※ペンライトの獲得量は、部員のレアリティに応じて異なります<br>・UR：500個<br>・SR：50個<br>・R ：20個<br><br>また、登場した部員の人数に応じて「勧誘ポイント [にゃんにゃん🐾メイドさん]」を入手します。<br>獲得した「勧誘ポイント」は交換所にて部員やアイテム等と交換できます。<br><br>交換されなかった「勧誘ポイント」は、本勧誘の終了時に自動的に「スキルブック（中）」に変換されます。<br>※変換されたスキルブック（中）は、プレゼントを経由せず直接加算されます<br>※スキルブック（中）の所持上限に達している場合は、プレゼントに贈られます
mst.lottery_info.2110026._infoText,ピックアップ勧誘～みんなでMerryChristmas！～
mst.lottery_info.2110026._detailText,「ピックアップ勧誘～みんなでMerryChristmas！～」は、R以上の部員が必ず登場します。<br>「1回勧誘」は、ラブカ300個で実施できます。<br>「10回勧誘」は、ラブカ3000個で実施でき、SR以上の部員が1人以上必ず加入します。<br>「有償1回勧誘」は、有償ラブカ150個で毎日1回だけ実施できます。<br><br>すでに加入している部員が登場した場合、自動で「ペンライト」に変換されます。<br>※変換されたペンライトは、プレゼントを経由せず直接加算されます<br>※ペンライトの所持上限に達している場合は、プレゼントに贈られます<br>※ペンライトの獲得量は、部員のレアリティに応じて異なります<br>・UR：500個<br>・SR：50個<br>・R ：20個<br><br>また、登場した部員の人数に応じて「勧誘ポイント [みんなでMerryChristmas！]」を入手します。<br>獲得した「勧誘ポイント」は交換所にて部員やアイテム等と交換できます。<br><br>交換されなかった「勧誘ポイント」は、本勧誘の終了時に自動的に「スキルブック（中）」に変換されます。<br>※変換されたスキルブック（中）は、プレゼントを経由せず直接加算されます<br>※スキルブック（中）の所持上限に達している場合は、プレゼントに贈られます
mst.lottery_info.2110027._infoText,ピックアップ勧誘～みんなでMerryChristmas！～
mst.lottery_info.2110027._detailText,「ピックアップ勧誘～みんなでMerryChristmas！～」は、R以上の部員が必ず登場します。<br>「1回勧誘」は、ラブカ300個で実施できます。<br>「10回勧誘」は、ラブカ3000個で実施でき、SR以上の部員が1人以上必ず加入します。<br>「有償1回勧誘」は、有償ラブカ150個で毎日1回だけ実施できます。<br><br>すでに加入している部員が登場した場合、自動で「ペンライト」に変換されます。<br>※変換されたペンライトは、プレゼントを経由せず直接加算されます<br>※ペンライトの所持上限に達している場合は、プレゼントに贈られます<br>※ペンライトの獲得量は、部員のレアリティに応じて異なります<br>・UR：500個<br>・SR：50個<br>・R ：20個<br><br>また、登場した部員の人数に応じて「勧誘ポイント [みんなでMerryChristmas！]」を入手します。<br>獲得した「勧誘ポイント」は交換所にて部員やアイテム等と交換できます。<br><br>交換されなかった「勧誘ポイント」は、本勧誘の終了時に自動的に「スキルブック（中）」に変換されます。<br>※変換されたスキルブック（中）は、プレゼントを経由せず直接加算されます<br>※スキルブック（中）の所持上限に達している場合は、プレゼントに贈られます
mst.lottery_info.2110028._infoText,ピックアップ勧誘～雪まつりのサンタクロース～
mst.lottery_info.2110028._detailText,「ピックアップ勧誘～雪まつりのサンタクロース～」は、R以上の部員が必ず登場します。<br>「1回勧誘」は、ラブカ300個で実施できます。<br>「10回勧誘」は、ラブカ3000個で実施でき、SR以上の部員が1人以上必ず加入します。<br>「有償1回勧誘」は、有償ラブカ150個で毎日1回だけ実施できます。<br><br>すでに加入している部員が登場した場合、自動で「ペンライト」に変換されます。<br>※変換されたペンライトは、プレゼントを経由せず直接加算されます<br>※ペンライトの所持上限に達している場合は、プレゼントに贈られます<br>※ペンライトの獲得量は、部員のレアリティに応じて異なります<br>・UR：500個<br>・SR：50個<br>・R ：20個<br><br>また、登場した部員の人数に応じて「勧誘ポイント [雪まつりのサンタクロース]」を入手します。<br>獲得した「勧誘ポイント」は交換所にて部員やアイテム等と交換できます。<br><br>交換されなかった「勧誘ポイント」は、本勧誘の終了時に自動的に「スキルブック（中）」に変換されます。<br>※変換されたスキルブック（中）は、プレゼントを経由せず直接加算されます<br>※スキルブック（中）の所持上限に達している場合は、プレゼントに贈られます
mst.lottery_info.2110029._infoText,ピックアップ勧誘～雪まつりのサンタクロース～
mst.lottery_info.2110029._detailText,「ピックアップ勧誘～雪まつりのサンタクロース～」は、R以上の部員が必ず登場します。<br>「1回勧誘」は、ラブカ300個で実施できます。<br>「10回勧誘」は、ラブカ3000個で実施でき、SR以上の部員が1人以上必ず加入します。<br>「有償1回勧誘」は、有償ラブカ150個で毎日1回だけ実施できます。<br><br>すでに加入している部員が登場した場合、自動で「ペンライト」に変換されます。<br>※変換されたペンライトは、プレゼントを経由せず直接加算されます<br>※ペンライトの所持上限に達している場合は、プレゼントに贈られます<br>※ペンライトの獲得量は、部員のレアリティに応じて異なります<br>・UR：500個<br>・SR：50個<br>・R ：20個<br><br>また、登場した部員の人数に応じて「勧誘ポイント [雪まつりのサンタクロース]」を入手します。<br>獲得した「勧誘ポイント」は交換所にて部員やアイテム等と交換できます。<br><br>交換されなかった「勧誘ポイント」は、本勧誘の終了時に自動的に「スキルブック（中）」に変換されます。<br>※変換されたスキルブック（中）は、プレゼントを経由せず直接加算されます<br>※スキルブック（中）の所持上限に達している場合は、プレゼントに贈られます
mst.lottery_info.2110030._infoText,ピックアップ勧誘～みんなへのあけましておめでとう～
mst.lottery_info.2110030._detailText,「ピックアップ勧誘～みんなへのあけましておめでとう～」は、R以上の部員が必ず登場します。<br>「1回勧誘」は、ラブカ300個で実施できます。<br>「10回勧誘」は、ラブカ3000個で実施でき、SR以上の部員が1人以上必ず加入します。<br>「有償1回勧誘」は、有償ラブカ150個で毎日1回だけ実施できます。<br><br>すでに加入している部員が登場した場合、自動で「ペンライト」に変換されます。<br>※変換されたペンライトは、プレゼントを経由せず直接加算されます<br>※ペンライトの所持上限に達している場合は、プレゼントに贈られます<br>※ペンライトの獲得量は、部員のレアリティに応じて異なります<br>・UR：500個<br>・SR：50個<br>・R ：20個<br><br>また、登場した部員の人数に応じて「勧誘ポイント [みんなへのあけましておめでとう]」を入手します。<br>獲得した「勧誘ポイント」は交換所にて部員やアイテム等と交換できます。<br><br>交換されなかった「勧誘ポイント」は、本勧誘の終了時に自動的に「スキルブック（中）」に変換されます。<br>※変換されたスキルブック（中）は、プレゼントを経由せず直接加算されます<br>※スキルブック（中）の所持上限に達している場合は、プレゼントに贈られます
mst.lottery_info.2110031._infoText,ピックアップ勧誘～みんなへのあけましておめでとう～
mst.lottery_info.2110031._detailText,「ピックアップ勧誘～みんなへのあけましておめでとう～」は、R以上の部員が必ず登場します。<br>「1回勧誘」は、ラブカ300個で実施できます。<br>「10回勧誘」は、ラブカ3000個で実施でき、SR以上の部員が1人以上必ず加入します。<br>「有償1回勧誘」は、有償ラブカ150個で毎日1回だけ実施できます。<br><br>すでに加入している部員が登場した場合、自動で「ペンライト」に変換されます。<br>※変換されたペンライトは、プレゼントを経由せず直接加算されます<br>※ペンライトの所持上限に達している場合は、プレゼントに贈られます<br>※ペンライトの獲得量は、部員のレアリティに応じて異なります<br>・UR：500個<br>・SR：50個<br>・R ：20個<br><br>また、登場した部員の人数に応じて「勧誘ポイント [みんなへのあけましておめでとう]」を入手します。<br>獲得した「勧誘ポイント」は交換所にて部員やアイテム等と交換できます。<br><br>交換されなかった「勧誘ポイント」は、本勧誘の終了時に自動的に「スキルブック（中）」に変換されます。<br>※変換されたスキルブック（中）は、プレゼントを経由せず直接加算されます<br>※スキルブック（中）の所持上限に達している場合は、プレゼントに贈られます
mst.lottery_info.2110032._infoText,ピックアップ勧誘～氷上のフェアリー～
mst.lottery_info.2110032._detailText,「ピックアップ勧誘～氷上のフェアリー～」は、R以上の部員が必ず登場します。<br>「1回勧誘」は、ラブカ300個で実施できます。<br>「10回勧誘」は、ラブカ3000個で実施でき、SR以上の部員が1人以上必ず加入します。<br>「有償1回勧誘」は、有償ラブカ150個で毎日1回だけ実施できます。<br><br>すでに加入している部員が登場した場合、自動で「ペンライト」に変換されます。<br>※変換されたペンライトは、プレゼントを経由せず直接加算されます<br>※ペンライトの所持上限に達している場合は、プレゼントに贈られます<br>※ペンライトの獲得量は、部員のレアリティに応じて異なります<br>・UR：500個<br>・SR：50個<br>・R ：20個<br><br>また、登場した部員の人数に応じて「勧誘ポイント [氷上のフェアリー]」を入手します。<br>獲得した「勧誘ポイント」は交換所にて部員やアイテム等と交換できます。<br><br>交換されなかった「勧誘ポイント」は、本勧誘の終了時に自動的に「スキルブック（中）」に変換されます。<br>※変換されたスキルブック（中）は、プレゼントを経由せず直接加算されます<br>※スキルブック（中）の所持上限に達している場合は、プレゼントに贈られます
mst.lottery_info.2110033._infoText,ピックアップ勧誘～氷上のフェアリー～
mst.lottery_info.2110033._detailText,「ピックアップ勧誘～氷上のフェアリー～」は、R以上の部員が必ず登場します。<br>「1回勧誘」は、ラブカ300個で実施できます。<br>「10回勧誘」は、ラブカ3000個で実施でき、SR以上の部員が1人以上必ず加入します。<br>「有償1回勧誘」は、有償ラブカ150個で毎日1回だけ実施できます。<br><br>すでに加入している部員が登場した場合、自動で「ペンライト」に変換されます。<br>※変換されたペンライトは、プレゼントを経由せず直接加算されます<br>※ペンライトの所持上限に達している場合は、プレゼントに贈られます<br>※ペンライトの獲得量は、部員のレアリティに応じて異なります<br>・UR：500個<br>・SR：50個<br>・R ：20個<br><br>また、登場した部員の人数に応じて「勧誘ポイント [氷上のフェアリー]」を入手します。<br>獲得した「勧誘ポイント」は交換所にて部員やアイテム等と交換できます。<br><br>交換されなかった「勧誘ポイント」は、本勧誘の終了時に自動的に「スキルブック（中）」に変換されます。<br>※変換されたスキルブック（中）は、プレゼントを経由せず直接加算されます<br>※スキルブック（中）の所持上限に達している場合は、プレゼントに贈られます
mst.lottery_info.2110034._infoText,ピックアップ勧誘～恋に囚われし乙女～
mst.lottery_info.2110034._detailText,「ピックアップ勧誘～恋に囚われし乙女～」は、R以上の部員が必ず登場します。<br>「1回勧誘」は、ラブカ300個で実施できます。<br>「10回勧誘」は、ラブカ3000個で実施でき、SR以上の部員が1人以上必ず加入します。<br>「有償1回勧誘」は、有償ラブカ150個で毎日1回だけ実施できます。<br><br>すでに加入している部員が登場した場合、自動で「ペンライト」に変換されます。<br>※変換されたペンライトは、プレゼントを経由せず直接加算されます<br>※ペンライトの所持上限に達している場合は、プレゼントに贈られます<br>※ペンライトの獲得量は、部員のレアリティに応じて異なります<br>・UR：500個<br>・SR：50個<br>・R ：20個<br><br>また、登場した部員の人数に応じて「勧誘ポイント [恋に囚われし乙女]」を入手します。<br>獲得した「勧誘ポイント」は交換所にて部員やアイテム等と交換できます。<br><br>交換されなかった「勧誘ポイント」は、本勧誘の終了時に自動的に「スキルブック（中）」に変換されます。<br>※変換されたスキルブック（中）は、プレゼントを経由せず直接加算されます<br>※スキルブック（中）の所持上限に達している場合は、プレゼントに贈られます
mst.lottery_info.2110035._infoText,ピックアップ勧誘～恋に囚われし乙女～
mst.lottery_info.2110035._detailText,「ピックアップ勧誘～恋に囚われし乙女～」は、R以上の部員が必ず登場します。<br>「1回勧誘」は、ラブカ300個で実施できます。<br>「10回勧誘」は、ラブカ3000個で実施でき、SR以上の部員が1人以上必ず加入します。<br>「有償1回勧誘」は、有償ラブカ150個で毎日1回だけ実施できます。<br><br>すでに加入している部員が登場した場合、自動で「ペンライト」に変換されます。<br>※変換されたペンライトは、プレゼントを経由せず直接加算されます<br>※ペンライトの所持上限に達している場合は、プレゼントに贈られます<br>※ペンライトの獲得量は、部員のレアリティに応じて異なります<br>・UR：500個<br>・SR：50個<br>・R ：20個<br><br>また、登場した部員の人数に応じて「勧誘ポイント [恋に囚われし乙女]」を入手します。<br>獲得した「勧誘ポイント」は交換所にて部員やアイテム等と交換できます。<br><br>交換されなかった「勧誘ポイント」は、本勧誘の終了時に自動的に「スキルブック（中）」に変換されます。<br>※変換されたスキルブック（中）は、プレゼントを経由せず直接加算されます<br>※スキルブック（中）の所持上限に達している場合は、プレゼントに贈られます
mst.lottery_info.2110036._infoText,ピックアップ勧誘～百鬼夜行の夜～
mst.lottery_info.2110036._detailText,「ピックアップ勧誘～百鬼夜行の夜～」は、R以上の部員が必ず登場します。<br>「1回勧誘」は、ラブカ300個で実施できます。<br>「10回勧誘」は、ラブカ3000個で実施でき、SR以上の部員が1人以上必ず加入します。<br>「有償1回勧誘」は、有償ラブカ150個で毎日1回だけ実施できます。<br><br>すでに加入している部員が登場した場合、自動で「ペンライト」に変換されます。<br>※変換されたペンライトは、プレゼントを経由せず直接加算されます<br>※ペンライトの所持上限に達している場合は、プレゼントに贈られます<br>※ペンライトの獲得量は、部員のレアリティに応じて異なります<br>・UR：500個<br>・SR：50個<br>・R ：20個<br><br>また、登場した部員の人数に応じて「勧誘ポイント [百鬼夜行の夜]」を入手します。<br>獲得した「勧誘ポイント」は交換所にて部員やアイテム等と交換できます。<br><br>交換されなかった「勧誘ポイント」は、本勧誘の終了時に自動的に「スキルブック（中）」に変換されます。<br>※変換されたスキルブック（中）は、プレゼントを経由せず直接加算されます<br>※スキルブック（中）の所持上限に達している場合は、プレゼントに贈られます
mst.lottery_info.2110037._infoText,ピックアップ勧誘～百鬼夜行の夜～
mst.lottery_info.2110037._detailText,「ピックアップ勧誘～百鬼夜行の夜～」は、R以上の部員が必ず登場します。<br>「1回勧誘」は、ラブカ300個で実施できます。<br>「10回勧誘」は、ラブカ3000個で実施でき、SR以上の部員が1人以上必ず加入します。<br>「有償1回勧誘」は、有償ラブカ150個で毎日1回だけ実施できます。<br><br>すでに加入している部員が登場した場合、自動で「ペンライト」に変換されます。<br>※変換されたペンライトは、プレゼントを経由せず直接加算されます<br>※ペンライトの所持上限に達している場合は、プレゼントに贈られます<br>※ペンライトの獲得量は、部員のレアリティに応じて異なります<br>・UR：500個<br>・SR：50個<br>・R ：20個<br><br>また、登場した部員の人数に応じて「勧誘ポイント [百鬼夜行の夜]」を入手します。<br>獲得した「勧誘ポイント」は交換所にて部員やアイテム等と交換できます。<br><br>交換されなかった「勧誘ポイント」は、本勧誘の終了時に自動的に「スキルブック（中）」に変換されます。<br>※変換されたスキルブック（中）は、プレゼントを経由せず直接加算されます<br>※スキルブック（中）の所持上限に達している場合は、プレゼントに贈られます
mst.lottery_info.2110038._infoText,ピックアップ勧誘～Y2K♡GALS～
mst.lottery_info.2110038._detailText,「ピックアップ勧誘～Y2K♡GALS～」は、R以上の部員が必ず登場します。<br>「1回勧誘」は、ラブカ300個で実施できます。<br>「10回勧誘」は、ラブカ3000個で実施でき、SR以上の部員が1人以上必ず加入します。<br>「有償1回勧誘」は、有償ラブカ150個で毎日1回だけ実施できます。<br><br>すでに加入している部員が登場した場合、自動で「ペンライト」に変換されます。<br>※変換されたペンライトは、プレゼントを経由せず直接加算されます<br>※ペンライトの所持上限に達している場合は、プレゼントに贈られます<br>※ペンライトの獲得量は、部員のレアリティに応じて異なります<br>・UR：500個<br>・SR：50個<br>・R ：20個<br><br>また、登場した部員の人数に応じて「勧誘ポイント [Y2K♡GALS]」を入手します。<br>獲得した「勧誘ポイント」は交換所にて部員やアイテム等と交換できます。<br><br>交換されなかった「勧誘ポイント」は、本勧誘の終了時に自動的に「スキルブック（中）」に変換されます。<br>※変換されたスキルブック（中）は、プレゼントを経由せず直接加算されます<br>※スキルブック（中）の所持上限に達している場合は、プレゼントに贈られます
mst.lottery_info.2110039._infoText,ピックアップ勧誘～Y2K♡GALS～
mst.lottery_info.2110039._detailText,「ピックアップ勧誘～Y2K♡GALS～」は、R以上の部員が必ず登場します。<br>「1回勧誘」は、ラブカ300個で実施できます。<br>「10回勧誘」は、ラブカ3000個で実施でき、SR以上の部員が1人以上必ず加入します。<br>「有償1回勧誘」は、有償ラブカ150個で毎日1回だけ実施できます。<br><br>すでに加入している部員が登場した場合、自動で「ペンライト」に変換されます。<br>※変換されたペンライトは、プレゼントを経由せず直接加算されます<br>※ペンライトの所持上限に達している場合は、プレゼントに贈られます<br>※ペンライトの獲得量は、部員のレアリティに応じて異なります<br>・UR：500個<br>・SR：50個<br>・R ：20個<br><br>また、登場した部員の人数に応じて「勧誘ポイント [Y2K♡GALS]」を入手します。<br>獲得した「勧誘ポイント」は交換所にて部員やアイテム等と交換できます。<br><br>交換されなかった「勧誘ポイント」は、本勧誘の終了時に自動的に「スキルブック（中）」に変換されます。<br>※変換されたスキルブック（中）は、プレゼントを経由せず直接加算されます<br>※スキルブック（中）の所持上限に達している場合は、プレゼントに贈られます
mst.lottery_info.3110001._infoText,かのんちゃんお誕生日記念勧誘～ハーモニースター～
mst.lottery_info.3110001._detailText,「かのんちゃんお誕生日記念勧誘～ハーモニースター～」は、R以上の部員が必ず登場します。<br>「1回勧誘」は、ラブカ300個で実施できます。<br>「10回勧誘」は、ラブカ3000個で実施でき、SR以上の部員が1人以上必ず加入します。<br>「有償1回勧誘」は、有償ラブカ150個で毎日1回だけ実施できます。<br><br>すでに加入している部員が登場した場合、自動で「ペンライト」に変換されます。<br>※変換されたペンライトは、プレゼントを経由せず直接加算されます<br>※ペンライトの所持上限に達している場合は、プレゼントに贈られます<br>※ペンライトの獲得量は、部員のレアリティに応じて異なります<br>・UR：500個<br>・SR：50個<br>・R ：20個<br><br>また、登場した部員の人数に応じて「勧誘ポイント [かのんちゃんお誕生記念]」を入手します。<br>獲得した「勧誘ポイント」は交換所にて部員やアイテム等と交換できます。<br><br>交換されなかった「勧誘ポイント」は、本勧誘の終了時に自動的に「スキルブック（中）」に変換されます。<br>※変換されたスキルブック（中）は、プレゼントを経由せず直接加算されます<br>※スキルブック（中）の所持上限に達している場合は、プレゼントに贈られます
mst.lottery_info.3110002._infoText,愛ちゃんお誕生日記念勧誘～カラフルヒロインズ～
mst.lottery_info.3110002._detailText,「愛ちゃんお誕生日記念勧誘～カラフルヒロインズ～」は、R以上の部員が必ず登場します。<br>「1回勧誘」は、ラブカ300個で実施できます。<br>「10回勧誘」は、ラブカ3000個で実施でき、SR以上の部員が1人以上必ず加入します。<br>「有償1回勧誘」は、有償ラブカ150個で毎日1回だけ実施できます。<br><br>すでに加入している部員が登場した場合、自動で「ペンライト」に変換されます。<br>※変換されたペンライトは、プレゼントを経由せず直接加算されます<br>※ペンライトの所持上限に達している場合は、プレゼントに贈られます<br>※ペンライトの獲得量は、部員のレアリティに応じて異なります<br>・UR：500個<br>・SR：50個<br>・R ：20個<br><br>また、登場した部員の人数に応じて「勧誘ポイント [愛ちゃんお誕生記念]」を入手します。<br>獲得した「勧誘ポイント」は交換所にて部員やアイテム等と交換できます。<br><br>交換されなかった「勧誘ポイント」は、本勧誘の終了時に自動的に「スキルブック（中）」に変換されます。<br>※変換されたスキルブック（中）は、プレゼントを経由せず直接加算されます<br>※スキルブック（中）の所持上限に達している場合は、プレゼントに贈られます
mst.lottery_info.3110003._infoText,希ちゃんお誕生日記念勧誘～フラワーシャワー～
mst.lottery_info.3110003._detailText,「希ちゃんお誕生日記念勧誘～フラワーシャワー～」は、R以上の部員が必ず登場します。<br>「1回勧誘」は、ラブカ300個で実施できます。<br>「10回勧誘」は、ラブカ3000個で実施でき、SR以上の部員が1人以上必ず加入します。<br>「有償1回勧誘」は、有償ラブカ150個で毎日1回だけ実施できます。<br><br>すでに加入している部員が登場した場合、自動で「ペンライト」に変換されます。<br>※変換されたペンライトは、プレゼントを経由せず直接加算されます<br>※ペンライトの所持上限に達している場合は、プレゼントに贈られます<br>※ペンライトの獲得量は、部員のレアリティに応じて異なります<br>・UR：500個<br>・SR：50個<br>・R ：20個<br><br>また、登場した部員の人数に応じて「勧誘ポイント [希ちゃんお誕生記念]」を入手します。<br>獲得した「勧誘ポイント」は交換所にて部員やアイテム等と交換できます。<br><br>交換されなかった「勧誘ポイント」は、本勧誘の終了時に自動的に「スキルブック（中）」に変換されます。<br>※変換されたスキルブック（中）は、プレゼントを経由せず直接加算されます<br>※スキルブック（中）の所持上限に達している場合は、プレゼントに贈られます
mst.lottery_info.3110004._infoText,鞠莉ちゃんお誕生日記念勧誘～フェアリーウイング～
mst.lottery_info.3110004._detailText,「鞠莉ちゃんお誕生日記念勧誘～フェアリーウイング～」は、R以上の部員が必ず登場します。<br>「1回勧誘」は、ラブカ300個で実施できます。<br>「10回勧誘」は、ラブカ3000個で実施でき、SR以上の部員が1人以上必ず加入します。<br>「有償1回勧誘」は、有償ラブカ150個で毎日1回だけ実施できます。<br><br>すでに加入している部員が登場した場合、自動で「ペンライト」に変換されます。<br>※変換されたペンライトは、プレゼントを経由せず直接加算されます<br>※ペンライトの所持上限に達している場合は、プレゼントに贈られます<br>※ペンライトの獲得量は、部員のレアリティに応じて異なります<br>・UR：500個<br>・SR：50個<br>・R ：20個<br><br>また、登場した部員の人数に応じて「勧誘ポイント [鞠莉ちゃんお誕生記念]」を入手します。<br>獲得した「勧誘ポイント」は交換所にて部員やアイテム等と交換できます。<br><br>交換されなかった「勧誘ポイント」は、本勧誘の終了時に自動的に「スキルブック（中）」に変換されます。<br>※変換されたスキルブック（中）は、プレゼントを経由せず直接加算されます<br>※スキルブック（中）の所持上限に達している場合は、プレゼントに贈られます
mst.lottery_info.3110005._infoText,四季ちゃんお誕生日記念勧誘～ハーモニースター～
mst.lottery_info.3110005._detailText,「四季ちゃんお誕生日記念勧誘～ハーモニースター～」は、R以上の部員が必ず登場します。<br>「1回勧誘」は、ラブカ300個で実施できます。<br>「10回勧誘」は、ラブカ3000個で実施でき、SR以上の部員が1人以上必ず加入します。<br>「有償1回勧誘」は、有償ラブカ150個で毎日1回だけ実施できます。<br><br>すでに加入している部員が登場した場合、自動で「ペンライト」に変換されます。<br>※変換されたペンライトは、プレゼントを経由せず直接加算されます<br>※ペンライトの所持上限に達している場合は、プレゼントに贈られます<br>※ペンライトの獲得量は、部員のレアリティに応じて異なります<br>・UR：500個<br>・SR：50個<br>・R ：20個<br><br>また、登場した部員の人数に応じて「勧誘ポイント [四季ちゃんお誕生記念]」を入手します。<br>獲得した「勧誘ポイント」は交換所にて部員やアイテム等と交換できます。<br><br>交換されなかった「勧誘ポイント」は、本勧誘の終了時に自動的に「スキルブック（中）」に変換されます。<br>※変換されたスキルブック（中）は、プレゼントを経由せず直接加算されます<br>※スキルブック（中）の所持上限に達している場合は、プレゼントに贈られます
mst.lottery_info.3110006._infoText,果林ちゃんお誕生日記念勧誘～カラフルヒロインズ～
mst.lottery_info.3110006._detailText,「果林ちゃんお誕生日記念勧誘～カラフルヒロインズ～」は、R以上の部員が必ず登場します。<br>「1回勧誘」は、ラブカ300個で実施できます。<br>「10回勧誘」は、ラブカ3000個で実施でき、SR以上の部員が1人以上必ず加入します。<br>「有償1回勧誘」は、有償ラブカ150個で毎日1回だけ実施できます。<br><br>すでに加入している部員が登場した場合、自動で「ペンライト」に変換されます。<br>※変換されたペンライトは、プレゼントを経由せず直接加算されます<br>※ペンライトの所持上限に達している場合は、プレゼントに贈られます<br>※ペンライトの獲得量は、部員のレアリティに応じて異なります<br>・UR：500個<br>・SR：50個<br>・R ：20個<br><br>また、登場した部員の人数に応じて「勧誘ポイント [果林ちゃんお誕生記念]」を入手します。<br>獲得した「勧誘ポイント」は交換所にて部員やアイテム等と交換できます。<br><br>交換されなかった「勧誘ポイント」は、本勧誘の終了時に自動的に「スキルブック（中）」に変換されます。<br>※変換されたスキルブック（中）は、プレゼントを経由せず直接加算されます<br>※スキルブック（中）の所持上限に達している場合は、プレゼントに贈られます
mst.lottery_info.3110007._infoText,善子ちゃんお誕生日記念勧誘～フェアリーウイング～
mst.lottery_info.3110007._detailText,「善子ちゃんお誕生日記念勧誘～フェアリーウイング～」は、R以上の部員が必ず登場します。<br>「1回勧誘」は、ラブカ300個で実施できます。<br>「10回勧誘」は、ラブカ3000個で実施でき、SR以上の部員が1人以上必ず加入します。<br>「有償1回勧誘」は、有償ラブカ150個で毎日1回だけ実施できます。<br><br>すでに加入している部員が登場した場合、自動で「ペンライト」に変換されます。<br>※変換されたペンライトは、プレゼントを経由せず直接加算されます<br>※ペンライトの所持上限に達している場合は、プレゼントに贈られます<br>※ペンライトの獲得量は、部員のレアリティに応じて異なります<br>・UR：500個<br>・SR：50個<br>・R ：20個<br><br>また、登場した部員の人数に応じて「勧誘ポイント [善子ちゃんお誕生記念]」を入手します。<br>獲得した「勧誘ポイント」は交換所にて部員やアイテム等と交換できます。<br><br>交換されなかった「勧誘ポイント」は、本勧誘の終了時に自動的に「スキルブック（中）」に変換されます。<br>※変換されたスキルブック（中）は、プレゼントを経由せず直接加算されます<br>※スキルブック（中）の所持上限に達している場合は、プレゼントに贈られます
mst.lottery_info.3110008._infoText,可可ちゃんお誕生日記念勧誘～ハーモニースター～
mst.lottery_info.3110008._detailText,「可可ちゃんお誕生日記念勧誘～ハーモニースター～」は、R以上の部員が必ず登場します。<br>「1回勧誘」は、ラブカ300個で実施できます。<br>「10回勧誘」は、ラブカ3000個で実施でき、SR以上の部員が1人以上必ず加入します。<br>「有償1回勧誘」は、有償ラブカ150個で毎日1回だけ実施できます。<br><br>すでに加入している部員が登場した場合、自動で「ペンライト」に変換されます。<br>※変換されたペンライトは、プレゼントを経由せず直接加算されます<br>※ペンライトの所持上限に達している場合は、プレゼントに贈られます<br>※ペンライトの獲得量は、部員のレアリティに応じて異なります<br>・UR：500個<br>・SR：50個<br>・R ：20個<br><br>また、登場した部員の人数に応じて「勧誘ポイント [可可ちゃんお誕生記念]」を入手します。<br>獲得した「勧誘ポイント」は交換所にて部員やアイテム等と交換できます。<br><br>交換されなかった「勧誘ポイント」は、本勧誘の終了時に自動的に「スキルブック（中）」に変換されます。<br>※変換されたスキルブック（中）は、プレゼントを経由せず直接加算されます<br>※スキルブック（中）の所持上限に達している場合は、プレゼントに贈られます
mst.lottery_info.3110009._infoText,にこちゃんお誕生日記念勧誘～フラワーシャワー～
mst.lottery_info.3110009._detailText,「にこちゃんお誕生日記念勧誘～フラワーシャワー～」は、R以上の部員が必ず登場します。<br>「1回勧誘」は、ラブカ300個で実施できます。<br>「10回勧誘」は、ラブカ3000個で実施でき、SR以上の部員が1人以上必ず加入します。<br>「有償1回勧誘」は、有償ラブカ150個で毎日1回だけ実施できます。<br><br>すでに加入している部員が登場した場合、自動で「ペンライト」に変換されます。<br>※変換されたペンライトは、プレゼントを経由せず直接加算されます<br>※ペンライトの所持上限に達している場合は、プレゼントに贈られます<br>※ペンライトの獲得量は、部員のレアリティに応じて異なります<br>・UR：500個<br>・SR：50個<br>・R ：20個<br><br>また、登場した部員の人数に応じて「勧誘ポイント [にこちゃんお誕生記念]」を入手します。<br>獲得した「勧誘ポイント」は交換所にて部員やアイテム等と交換できます。<br><br>交換されなかった「勧誘ポイント」は、本勧誘の終了時に自動的に「スキルブック（中）」に変換されます。<br>※変換されたスキルブック（中）は、プレゼントを経由せず直接加算されます<br>※スキルブック（中）の所持上限に達している場合は、プレゼントに贈られます
mst.lottery_info.3110010._infoText,千歌ちゃんお誕生日記念勧誘～フェアリーウイング～
mst.lottery_info.3110010._detailText,「千歌ちゃんお誕生日記念勧誘～フェアリーウイング～」は、R以上の部員が必ず登場します。<br>「1回勧誘」は、ラブカ300個で実施できます。<br>「10回勧誘」は、ラブカ3000個で実施でき、SR以上の部員が1人以上必ず加入します。<br>「有償1回勧誘」は、有償ラブカ150個で毎日1回だけ実施できます。<br><br>すでに加入している部員が登場した場合、自動で「ペンライト」に変換されます。<br>※変換されたペンライトは、プレゼントを経由せず直接加算されます<br>※ペンライトの所持上限に達している場合は、プレゼントに贈られます<br>※ペンライトの獲得量は、部員のレアリティに応じて異なります<br>・UR：500個<br>・SR：50個<br>・R ：20個<br><br>また、登場した部員の人数に応じて「勧誘ポイント [千歌ちゃんお誕生記念]」を入手します。<br>獲得した「勧誘ポイント」は交換所にて部員やアイテム等と交換できます。<br><br>交換されなかった「勧誘ポイント」は、本勧誘の終了時に自動的に「スキルブック（中）」に変換されます。<br>※変換されたスキルブック（中）は、プレゼントを経由せず直接加算されます<br>※スキルブック（中）の所持上限に達している場合は、プレゼントに贈られます
mst.lottery_info.3110011._infoText,穂乃果ちゃんお誕生日記念勧誘～フラワーシャワー～
mst.lottery_info.3110011._detailText,「穂乃果ちゃんお誕生日記念勧誘～フラワーシャワー～」は、R以上の部員が必ず登場します。<br>「1回勧誘」は、ラブカ300個で実施できます。<br>「10回勧誘」は、ラブカ3000個で実施でき、SR以上の部員が1人以上必ず加入します。<br>「有償1回勧誘」は、有償ラブカ150個で毎日1回だけ実施できます。<br><br>すでに加入している部員が登場した場合、自動で「ペンライト」に変換されます。<br>※変換されたペンライトは、プレゼントを経由せず直接加算されます<br>※ペンライトの所持上限に達している場合は、プレゼントに贈られます<br>※ペンライトの獲得量は、部員のレアリティに応じて異なります<br>・UR：500個<br>・SR：50個<br>・R ：20個<br><br>また、登場した部員の人数に応じて「勧誘ポイント [穂乃果ちゃんお誕生記念]」を入手します。<br>獲得した「勧誘ポイント」は交換所にて部員やアイテム等と交換できます。<br><br>交換されなかった「勧誘ポイント」は、本勧誘の終了時に自動的に「スキルブック（中）」に変換されます。<br>※変換されたスキルブック（中）は、プレゼントを経由せず直接加算されます<br>※スキルブック（中）の所持上限に達している場合は、プレゼントに贈られます
mst.lottery_info.3110012._infoText,夏美ちゃんお誕生日記念勧誘～ハーモニースター～
mst.lottery_info.3110012._detailText,「夏美ちゃんお誕生日記念勧誘～ハーモニースター～」は、R以上の部員が必ず登場します。<br>「1回勧誘」は、ラブカ300個で実施できます。<br>「10回勧誘」は、ラブカ3000個で実施でき、SR以上の部員が1人以上必ず加入します。<br>「有償1回勧誘」は、有償ラブカ150個で毎日1回だけ実施できます。<br><br>すでに加入している部員が登場した場合、自動で「ペンライト」に変換されます。<br>※変換されたペンライトは、プレゼントを経由せず直接加算されます<br>※ペンライトの所持上限に達している場合は、プレゼントに贈られます<br>※ペンライトの獲得量は、部員のレアリティに応じて異なります<br>・UR：500個<br>・SR：50個<br>・R ：20個<br><br>また、登場した部員の人数に応じて「勧誘ポイント [夏美ちゃんお誕生記念]」を入手します。<br>獲得した「勧誘ポイント」は交換所にて部員やアイテム等と交換できます。<br><br>交換されなかった「勧誘ポイント」は、本勧誘の終了時に自動的に「スキルブック（中）」に変換されます。<br>※変換されたスキルブック（中）は、プレゼントを経由せず直接加算されます<br>※スキルブック（中）の所持上限に達している場合は、プレゼントに贈られます
mst.lottery_info.3110013._infoText,せつ菜ちゃんお誕生日記念勧誘～カラフルヒロインズ～
mst.lottery_info.3110013._detailText,「せつ菜ちゃんお誕生日記念勧誘～カラフルヒロインズ～」は、R以上の部員が必ず登場します。<br>「1回勧誘」は、ラブカ300個で実施できます。<br>「10回勧誘」は、ラブカ3000個で実施でき、SR以上の部員が1人以上必ず加入します。<br>「有償1回勧誘」は、有償ラブカ150個で毎日1回だけ実施できます。<br><br>すでに加入している部員が登場した場合、自動で「ペンライト」に変換されます。<br>※変換されたペンライトは、プレゼントを経由せず直接加算されます<br>※ペンライトの所持上限に達している場合は、プレゼントに贈られます<br>※ペンライトの獲得量は、部員のレアリティに応じて異なります<br>・UR：500個<br>・SR：50個<br>・R ：20個<br><br>また、登場した部員の人数に応じて「勧誘ポイント [せつ菜ちゃんお誕生記念]」を入手します。<br>獲得した「勧誘ポイント」は交換所にて部員やアイテム等と交換できます。<br><br>交換されなかった「勧誘ポイント」は、本勧誘の終了時に自動的に「スキルブック（中）」に変換されます。<br>※変換されたスキルブック（中）は、プレゼントを経由せず直接加算されます<br>※スキルブック（中）の所持上限に達している場合は、プレゼントに贈られます
mst.lottery_info.3110014._infoText,ことりちゃんお誕生日記念勧誘～フラワーシャワー～
mst.lottery_info.3110014._detailText,「ことりちゃんお誕生日記念勧誘～フラワーシャワー～」は、R以上の部員が必ず登場します。<br>「1回勧誘」は、ラブカ300個で実施できます。<br>「10回勧誘」は、ラブカ3000個で実施でき、SR以上の部員が1人以上必ず加入します。<br>「有償1回勧誘」は、有償ラブカ150個で毎日1回だけ実施できます。<br><br>すでに加入している部員が登場した場合、自動で「ペンライト」に変換されます。<br>※変換されたペンライトは、プレゼントを経由せず直接加算されます<br>※ペンライトの所持上限に達している場合は、プレゼントに贈られます<br>※ペンライトの獲得量は、部員のレアリティに応じて異なります<br>・UR：500個<br>・SR：50個<br>・R ：20個<br><br>また、登場した部員の人数に応じて「勧誘ポイント [ことりちゃんお誕生記念]」を入手します。<br>獲得した「勧誘ポイント」は交換所にて部員やアイテム等と交換できます。<br><br>交換されなかった「勧誘ポイント」は、本勧誘の終了時に自動的に「スキルブック（中）」に変換されます。<br>※変換されたスキルブック（中）は、プレゼントを経由せず直接加算されます<br>※スキルブック（中）の所持上限に達している場合は、プレゼントに贈られます
mst.lottery_info.3110015._infoText,梨子ちゃんお誕生日記念勧誘～フェアリーウイング～
mst.lottery_info.3110015._detailText,「梨子ちゃんお誕生日記念勧誘～フェアリーウイング～」は、R以上の部員が必ず登場します。<br>「1回勧誘」は、ラブカ300個で実施できます。<br>「10回勧誘」は、ラブカ3000個で実施でき、SR以上の部員が1人以上必ず加入します。<br>「有償1回勧誘」は、有償ラブカ150個で毎日1回だけ実施できます。<br><br>すでに加入している部員が登場した場合、自動で「ペンライト」に変換されます。<br>※変換されたペンライトは、プレゼントを経由せず直接加算されます<br>※ペンライトの所持上限に達している場合は、プレゼントに贈られます<br>※ペンライトの獲得量は、部員のレアリティに応じて異なります<br>・UR：500個<br>・SR：50個<br>・R ：20個<br><br>また、登場した部員の人数に応じて「勧誘ポイント [梨子ちゃんお誕生記念]」を入手します。<br>獲得した「勧誘ポイント」は交換所にて部員やアイテム等と交換できます。<br><br>交換されなかった「勧誘ポイント」は、本勧誘の終了時に自動的に「スキルブック（中）」に変換されます。<br>※変換されたスキルブック（中）は、プレゼントを経由せず直接加算されます<br>※スキルブック（中）の所持上限に達している場合は、プレゼントに贈られます
mst.lottery_info.3110016._infoText,ルビィちゃんお誕生日記念勧誘～フェアリーウイング～
mst.lottery_info.3110016._detailText,「ルビィちゃんお誕生日記念勧誘～フェアリーウイング～」は、R以上の部員が必ず登場します。<br>「1回勧誘」は、ラブカ300個で実施できます。<br>「10回勧誘」は、ラブカ3000個で実施でき、SR以上の部員が1人以上必ず加入します。<br>「有償1回勧誘」は、有償ラブカ150個で毎日1回だけ実施できます。<br><br>すでに加入している部員が登場した場合、自動で「ペンライト」に変換されます。<br>※変換されたペンライトは、プレゼントを経由せず直接加算されます<br>※ペンライトの所持上限に達している場合は、プレゼントに贈られます<br>※ペンライトの獲得量は、部員のレアリティに応じて異なります<br>・UR：500個<br>・SR：50個<br>・R ：20個<br><br>また、登場した部員の人数に応じて「勧誘ポイント [ルビィちゃんお誕生記念]」を入手します。<br>獲得した「勧誘ポイント」は交換所にて部員やアイテム等と交換できます。<br><br>交換されなかった「勧誘ポイント」は、本勧誘の終了時に自動的に「スキルブック（中）」に変換されます。<br>※変換されたスキルブック（中）は、プレゼントを経由せず直接加算されます<br>※スキルブック（中）の所持上限に達している場合は、プレゼントに贈られます
mst.lottery_info.3110017._infoText,すみれちゃんお誕生日記念勧誘～ハーモニースター～
mst.lottery_info.3110017._detailText,「すみれちゃんお誕生日記念勧誘～ハーモニースター～」は、R以上の部員が必ず登場します。<br>「1回勧誘」は、ラブカ300個で実施できます。<br>「10回勧誘」は、ラブカ3000個で実施でき、SR以上の部員が1人以上必ず加入します。<br>「有償1回勧誘」は、有償ラブカ150個で毎日1回だけ実施できます。<br><br>すでに加入している部員が登場した場合、自動で「ペンライト」に変換されます。<br>※変換されたペンライトは、プレゼントを経由せず直接加算されます<br>※ペンライトの所持上限に達している場合は、プレゼントに贈られます<br>※ペンライトの獲得量は、部員のレアリティに応じて異なります<br>・UR：500個<br>・SR：50個<br>・R ：20個<br><br>また、登場した部員の人数に応じて「勧誘ポイント [すみれちゃんお誕生記念]」を入手します。<br>獲得した「勧誘ポイント」は交換所にて部員やアイテム等と交換できます。<br><br>交換されなかった「勧誘ポイント」は、本勧誘の終了時に自動的に「スキルブック（中）」に変換されます。<br>※変換されたスキルブック（中）は、プレゼントを経由せず直接加算されます<br>※スキルブック（中）の所持上限に達している場合は、プレゼントに贈られます
mst.lottery_info.3110018._infoText,栞子ちゃんお誕生日記念勧誘～カラフルヒロインズ～
mst.lottery_info.3110018._detailText,「栞子ちゃんお誕生日記念勧誘～カラフルヒロインズ～」は、虹ヶ咲学園スクールアイドル同好会所属のR以上の部員が必ず登場します。<br>「1回勧誘」は、ラブカ300個で実施できます。<br>「10回勧誘」は、ラブカ3000個で実施でき、SR以上の部員が1人以上必ず加入します。<br>「有償1回勧誘」は、有償ラブカ150個で毎日1回だけ実施できます。<br>「有償10回勧誘」は、有償ラブカ2000個で期間中1回だけ実施できます。<br><br>すでに加入している部員が登場した場合、自動で「ペンライト」に変換されます。<br>※変換されたペンライトは、プレゼントを経由せず直接加算されます<br>※ペンライトの所持上限に達している場合は、プレゼントに贈られます<br>※ペンライトの獲得量は、部員のレアリティに応じて異なります<br>・UR：500個<br>・SR：50個<br>・R ：20個<br><br>また、登場した部員の人数に応じて「勧誘ポイント [栞子ちゃんお誕生記念]」を入手します。<br>獲得した「勧誘ポイント」は交換所にて部員やアイテム等と交換できます。<br><br>交換されなかった「勧誘ポイント」は、本勧誘の終了時に自動的に「スキルブック（中）」に変換されます。<br>※変換されたスキルブック（中）は、プレゼントを経由せず直接加算されます<br>※スキルブック（中）の所持上限に達している場合は、プレゼントに贈られます
mst.lottery_info.3110019._infoText,絵里ちゃんお誕生日記念勧誘～フラワーシャワー～
mst.lottery_info.3110019._detailText,「絵里ちゃんお誕生日記念勧誘～フラワーシャワー～」は、μ'ｓ所属のR以上の部員が必ず登場します。<br>「1回勧誘」は、ラブカ300個で実施できます。<br>「10回勧誘」は、ラブカ3000個で実施でき、SR以上の部員が1人以上必ず加入します。<br>「有償1回勧誘」は、有償ラブカ150個で毎日1回だけ実施できます。<br>「有償10回勧誘」は、有償ラブカ2000個で期間中1回だけ実施できます。<br><br>すでに加入している部員が登場した場合、自動で「ペンライト」に変換されます。<br>※変換されたペンライトは、プレゼントを経由せず直接加算されます<br>※ペンライトの所持上限に達している場合は、プレゼントに贈られます<br>※ペンライトの獲得量は、部員のレアリティに応じて異なります<br>・UR：500個<br>・SR：50個<br>・R ：20個<br><br>また、登場した部員の人数に応じて「勧誘ポイント [絵里ちゃんお誕生記念]」を入手します。<br>獲得した「勧誘ポイント」は交換所にて部員やアイテム等と交換できます。<br><br>交換されなかった「勧誘ポイント」は、本勧誘の終了時に自動的に「スキルブック（中）」に変換されます。<br>※変換されたスキルブック（中）は、プレゼントを経由せず直接加算されます<br>※スキルブック（中）の所持上限に達している場合は、プレゼントに贈られます
mst.lottery_info.3110020._infoText,メイちゃんお誕生日記念勧誘～ハーモニースター～
mst.lottery_info.3110020._detailText,「メイちゃんお誕生日記念勧誘～ハーモニースター～」は、Liella!所属のR以上の部員が必ず登場します。<br>「1回勧誘」は、ラブカ300個で実施できます。<br>「10回勧誘」は、ラブカ3000個で実施でき、SR以上の部員が1人以上必ず加入します。<br>「有償1回勧誘」は、有償ラブカ150個で毎日1回だけ実施できます。<br>「有償10回勧誘」は、有償ラブカ2000個で期間中1回だけ実施できます。<br><br>すでに加入している部員が登場した場合、自動で「ペンライト」に変換されます。<br>※変換されたペンライトは、プレゼントを経由せず直接加算されます<br>※ペンライトの所持上限に達している場合は、プレゼントに贈られます<br>※ペンライトの獲得量は、部員のレアリティに応じて異なります<br>・UR：500個<br>・SR：50個<br>・R ：20個<br><br>また、登場した部員の人数に応じて「勧誘ポイント [メイちゃんお誕生記念]」を入手します。<br>獲得した「勧誘ポイント」は交換所にて部員やアイテム等と交換できます。<br><br>交換されなかった「勧誘ポイント」は、本勧誘の終了時に自動的に「スキルブック（中）」に変換されます。<br>※変換されたスキルブック（中）は、プレゼントを経由せず直接加算されます<br>※スキルブック（中）の所持上限に達している場合は、プレゼントに贈られます
mst.lottery_info.3110021._infoText,凛ちゃんお誕生日記念勧誘～フラワーシャワー～
mst.lottery_info.3110021._detailText,「凛ちゃんお誕生日記念勧誘～フラワーシャワー～」は、μ'ｓ所属のR以上の部員が必ず登場します。<br>「1回勧誘」は、ラブカ300個で実施できます。<br>「10回勧誘」は、ラブカ3000個で実施でき、SR以上の部員が1人以上必ず加入します。<br>「有償1回勧誘」は、有償ラブカ150個で毎日1回だけ実施できます。<br>「有償10回勧誘」は、有償ラブカ2000個で期間中1回だけ実施できます。<br><br>すでに加入している部員が登場した場合、自動で「ペンライト」に変換されます。<br>※変換されたペンライトは、プレゼントを経由せず直接加算されます<br>※ペンライトの所持上限に達している場合は、プレゼントに贈られます<br>※ペンライトの獲得量は、部員のレアリティに応じて異なります<br>・UR：500個<br>・SR：50個<br>・R ：20個<br><br>また、登場した部員の人数に応じて「勧誘ポイント [凛ちゃんお誕生記念]」を入手します。<br>獲得した「勧誘ポイント」は交換所にて部員やアイテム等と交換できます。<br><br>交換されなかった「勧誘ポイント」は、本勧誘の終了時に自動的に「スキルブック（中）」に変換されます。<br>※変換されたスキルブック（中）は、プレゼントを経由せず直接加算されます<br>※スキルブック（中）の所持上限に達している場合は、プレゼントに贈られます
mst.lottery_info.3110022._infoText,璃奈ちゃんお誕生日記念勧誘～カラフルヒロインズ～
mst.lottery_info.3110022._detailText,「璃奈ちゃんお誕生日記念勧誘～カラフルヒロインズ～」は、虹ヶ咲学園スクールアイドル同好会所属のR以上の部員が必ず登場します。<br>「1回勧誘」は、ラブカ300個で実施できます。<br>「10回勧誘」は、ラブカ3000個で実施でき、SR以上の部員が1人以上必ず加入します。<br>「有償1回勧誘」は、有償ラブカ150個で毎日1回だけ実施できます。<br>「有償10回勧誘」は、有償ラブカ2000個で期間中1回だけ実施できます。<br><br>すでに加入している部員が登場した場合、自動で「ペンライト」に変換されます。<br>※変換されたペンライトは、プレゼントを経由せず直接加算されます<br>※ペンライトの所持上限に達している場合は、プレゼントに贈られます<br>※ペンライトの獲得量は、部員のレアリティに応じて異なります<br>・UR：500個<br>・SR：50個<br>・R ：20個<br><br>また、登場した部員の人数に応じて「勧誘ポイント [璃奈ちゃんお誕生記念]」を入手します。<br>獲得した「勧誘ポイント」は交換所にて部員やアイテム等と交換できます。<br><br>交換されなかった「勧誘ポイント」は、本勧誘の終了時に自動的に「スキルブック（中）」に変換されます。<br>※変換されたスキルブック（中）は、プレゼントを経由せず直接加算されます<br>※スキルブック（中）の所持上限に達している場合は、プレゼントに贈られます
mst.lottery_info.3110023._infoText,恋ちゃんお誕生日記念勧誘～ハーモニースター～
mst.lottery_info.3110023._detailText,「恋ちゃんお誕生日記念勧誘～ハーモニースター～」は、Liella!所属のR以上の部員が必ず登場します。<br>「1回勧誘」は、ラブカ300個で実施できます。<br>「10回勧誘」は、ラブカ3000個で実施でき、SR以上の部員が1人以上必ず加入します。<br>「有償1回勧誘」は、有償ラブカ150個で毎日1回だけ実施できます。<br>「有償10回勧誘」は、有償ラブカ2000個で期間中1回だけ実施できます。<br><br>すでに加入している部員が登場した場合、自動で「ペンライト」に変換されます。<br>※変換されたペンライトは、プレゼントを経由せず直接加算されます<br>※ペンライトの所持上限に達している場合は、プレゼントに贈られます<br>※ペンライトの獲得量は、部員のレアリティに応じて異なります<br>・UR：500個<br>・SR：50個<br>・R ：20個<br><br>また、登場した部員の人数に応じて「勧誘ポイント [恋ちゃんお誕生記念]」を入手します。<br>獲得した「勧誘ポイント」は交換所にて部員やアイテム等と交換できます。<br><br>交換されなかった「勧誘ポイント」は、本勧誘の終了時に自動的に「スキルブック（中）」に変換されます。<br>※変換されたスキルブック（中）は、プレゼントを経由せず直接加算されます<br>※スキルブック（中）の所持上限に達している場合は、プレゼントに贈られます
mst.lottery_info.3110024._infoText,ミアちゃんお誕生日記念勧誘～カラフルヒロインズ～
mst.lottery_info.3110024._detailText,「ミアちゃんお誕生日記念勧誘～カラフルヒロインズ～」は、虹ヶ咲学園スクールアイドル同好会所属のR以上の部員が必ず登場します。<br>「1回勧誘」は、ラブカ300個で実施できます。<br>「10回勧誘」は、ラブカ3000個で実施でき、SR以上の部員が1人以上必ず加入します。<br>「有償1回勧誘」は、有償ラブカ150個で毎日1回だけ実施できます。<br>「有償10回勧誘」は、有償ラブカ2000個で期間中1回だけ実施できます。<br><br>すでに加入している部員が登場した場合、自動で「ペンライト」に変換されます。<br>※変換されたペンライトは、プレゼントを経由せず直接加算されます<br>※ペンライトの所持上限に達している場合は、プレゼントに贈られます<br>※ペンライトの獲得量は、部員のレアリティに応じて異なります<br>・UR：500個<br>・SR：50個<br>・R ：20個<br><br>また、登場した部員の人数に応じて「勧誘ポイント [ミアちゃんお誕生記念]」を入手します。<br>獲得した「勧誘ポイント」は交換所にて部員やアイテム等と交換できます。<br><br>交換されなかった「勧誘ポイント」は、本勧誘の終了時に自動的に「スキルブック（中）」に変換されます。<br>※変換されたスキルブック（中）は、プレゼントを経由せず直接加算されます<br>※スキルブック（中）の所持上限に達している場合は、プレゼントに贈られます
mst.lottery_info.3110025._infoText,彼方ちゃんお誕生日記念勧誘～カラフルヒロインズ～
mst.lottery_info.3110025._detailText,「彼方ちゃんお誕生日記念勧誘～カラフルヒロインズ～」は、虹ヶ咲学園スクールアイドル同好会所属のR以上の部員が必ず登場します。<br>「1回勧誘」は、ラブカ300個で実施できます。<br>「10回勧誘」は、ラブカ3000個で実施でき、SR以上の部員が1人以上必ず加入します。<br>「有償1回勧誘」は、有償ラブカ150個で毎日1回だけ実施できます。<br>「有償10回勧誘」は、有償ラブカ2000個で期間中1回だけ実施できます。<br><br>すでに加入している部員が登場した場合、自動で「ペンライト」に変換されます。<br>※変換されたペンライトは、プレゼントを経由せず直接加算されます<br>※ペンライトの所持上限に達している場合は、プレゼントに贈られます<br>※ペンライトの獲得量は、部員のレアリティに応じて異なります<br>・UR：500個<br>・SR：50個<br>・R ：20個<br><br>また、登場した部員の人数に応じて「勧誘ポイント [彼方ちゃんお誕生記念]」を入手します。<br>獲得した「勧誘ポイント」は交換所にて部員やアイテム等と交換できます。<br><br>交換されなかった「勧誘ポイント」は、本勧誘の終了時に自動的に「スキルブック（中）」に変換されます。<br>※変換されたスキルブック（中）は、プレゼントを経由せず直接加算されます<br>※スキルブック（中）の所持上限に達している場合は、プレゼントに贈られます
mst.lottery_info.3110026._infoText,冬毬ちゃんお誕生日記念勧誘～ハーモニースター～
mst.lottery_info.3110026._detailText,「冬毬ちゃんお誕生日記念勧誘～ハーモニースター～」は、Liella!所属のR以上の部員が必ず登場します。<br>「1回勧誘」は、ラブカ300個で実施できます。<br>「10回勧誘」は、ラブカ3000個で実施でき、SR以上の部員が1人以上必ず加入します。<br>「有償1回勧誘」は、有償ラブカ150個で毎日1回だけ実施できます。<br>「有償10回勧誘」は、有償ラブカ2000個で期間中1回だけ実施できます。<br><br>すでに加入している部員が登場した場合、自動で「ペンライト」に変換されます。<br>※変換されたペンライトは、プレゼントを経由せず直接加算されます<br>※ペンライトの所持上限に達している場合は、プレゼントに贈られます<br>※ペンライトの獲得量は、部員のレアリティに応じて異なります<br>・UR：500個<br>・SR：50個<br>・R ：20個<br><br>また、登場した部員の人数に応じて「勧誘ポイント [冬毬ちゃんお誕生記念]」を入手します。<br>獲得した「勧誘ポイント」は交換所にて部員やアイテム等と交換できます。<br><br>交換されなかった「勧誘ポイント」は、本勧誘の終了時に自動的に「スキルブック（中）」に変換されます。<br>※変換されたスキルブック（中）は、プレゼントを経由せず直接加算されます<br>※スキルブック（中）の所持上限に達している場合は、プレゼントに贈られます
mst.lottery_info.3110027._infoText,ダイヤちゃんお誕生日記念勧誘～フェアリーウイング～
mst.lottery_info.3110027._detailText,「ダイヤちゃんお誕生日記念勧誘～フェアリーウイング～」は、Aqours所属のR以上の部員が必ず登場します。<br>「1回勧誘」は、ラブカ300個で実施できます。<br>「10回勧誘」は、ラブカ3000個で実施でき、SR以上の部員が1人以上必ず加入します。<br>「有償1回勧誘」は、有償ラブカ150個で毎日1回だけ実施できます。<br>「有償10回勧誘」は、有償ラブカ2000個で期間中1回だけ実施できます。<br><br>すでに加入している部員が登場した場合、自動で「ペンライト」に変換されます。<br>※変換されたペンライトは、プレゼントを経由せず直接加算されます<br>※ペンライトの所持上限に達している場合は、プレゼントに贈られます<br>※ペンライトの獲得量は、部員のレアリティに応じて異なります<br>・UR：500個<br>・SR：50個<br>・R ：20個<br><br>また、登場した部員の人数に応じて「勧誘ポイント [ダイヤちゃんお誕生記念]」を入手します。<br>獲得した「勧誘ポイント」は交換所にて部員やアイテム等と交換できます。<br><br>交換されなかった「勧誘ポイント」は、本勧誘の終了時に自動的に「スキルブック（中）」に変換されます。<br>※変換されたスキルブック（中）は、プレゼントを経由せず直接加算されます<br>※スキルブック（中）の所持上限に達している場合は、プレゼントに贈られます
mst.lottery_info.3110028._infoText,花陽ちゃんお誕生日記念勧誘～フラワーシャワー～
mst.lottery_info.3110028._detailText,「花陽ちゃんお誕生日記念勧誘～フラワーシャワー～」は、μ'ｓ所属のR以上の部員が必ず登場します。<br>「1回勧誘」は、ラブカ300個で実施できます。<br>「10回勧誘」は、ラブカ3000個で実施でき、SR以上の部員が1人以上必ず加入します。<br>「有償1回勧誘」は、有償ラブカ150個で毎日1回だけ実施できます。<br>「有償10回勧誘」は、有償ラブカ2000個で期間中1回だけ実施できます。<br><br>すでに加入している部員が登場した場合、自動で「ペンライト」に変換されます。<br>※変換されたペンライトは、プレゼントを経由せず直接加算されます<br>※ペンライトの所持上限に達している場合は、プレゼントに贈られます<br>※ペンライトの獲得量は、部員のレアリティに応じて異なります<br>・UR：500個<br>・SR：50個<br>・R ：20個<br><br>また、登場した部員の人数に応じて「勧誘ポイント [花陽ちゃんお誕生記念]」を入手します。<br>獲得した「勧誘ポイント」は交換所にて部員やアイテム等と交換できます。<br><br>交換されなかった「勧誘ポイント」は、本勧誘の終了時に自動的に「スキルブック（中）」に変換されます。<br>※変換されたスキルブック（中）は、プレゼントを経由せず直接加算されます<br>※スキルブック（中）の所持上限に達している場合は、プレゼントに贈られます
mst.lottery_info.3110029._infoText,マルガレーテちゃんお誕生日記念勧誘～ハーモニースター～
mst.lottery_info.3110029._detailText,「マルガレーテちゃんお誕生日記念勧誘～ハーモニースター～」は、Liella!所属のR以上の部員が必ず登場します。<br>「1回勧誘」は、ラブカ300個で実施できます。<br>「10回勧誘」は、ラブカ3000個で実施でき、SR以上の部員が1人以上必ず加入します。<br>「有償1回勧誘」は、有償ラブカ150個で毎日1回だけ実施できます。<br>「有償10回勧誘」は、有償ラブカ2000個で期間中1回だけ実施できます。<br><br>すでに加入している部員が登場した場合、自動で「ペンライト」に変換されます。<br>※変換されたペンライトは、プレゼントを経由せず直接加算されます<br>※ペンライトの所持上限に達している場合は、プレゼントに贈られます<br>※ペンライトの獲得量は、部員のレアリティに応じて異なります<br>・UR：500個<br>・SR：50個<br>・R ：20個<br><br>また、登場した部員の人数に応じて「勧誘ポイント [マルガレーテちゃんお誕生記念]」を入手します。<br>獲得した「勧誘ポイント」は交換所にて部員やアイテム等と交換できます。<br><br>交換されなかった「勧誘ポイント」は、本勧誘の終了時に自動的に「スキルブック（中）」に変換されます。<br>※変換されたスキルブック（中）は、プレゼントを経由せず直接加算されます<br>※スキルブック（中）の所持上限に達している場合は、プレゼントに贈られます
mst.lottery_info.3110030._infoText,かすみちゃんお誕生日記念勧誘～カラフルヒロインズ～
mst.lottery_info.3110030._detailText,「かすみちゃんお誕生日記念勧誘～カラフルヒロインズ～」は、虹ヶ咲学園スクールアイドル同好会所属のR以上の部員が必ず登場します。<br>「1回勧誘」は、ラブカ300個で実施できます。<br>「10回勧誘」は、ラブカ3000個で実施でき、SR以上の部員が1人以上必ず加入します。<br>「有償1回勧誘」は、有償ラブカ150個で毎日1回だけ実施できます。<br>「有償10回勧誘」は、有償ラブカ2000個で期間中1回だけ実施できます。<br><br>すでに加入している部員が登場した場合、自動で「ペンライト」に変換されます。<br>※変換されたペンライトは、プレゼントを経由せず直接加算されます<br>※ペンライトの所持上限に達している場合は、プレゼントに贈られます<br>※ペンライトの獲得量は、部員のレアリティに応じて異なります<br>・UR：500個<br>・SR：50個<br>・R ：20個<br><br>また、登場した部員の人数に応じて「勧誘ポイント [かすみちゃんお誕生記念]」を入手します。<br>獲得した「勧誘ポイント」は交換所にて部員やアイテム等と交換できます。<br><br>交換されなかった「勧誘ポイント」は、本勧誘の終了時に自動的に「スキルブック（中）」に変換されます。<br>※変換されたスキルブック（中）は、プレゼントを経由せず直接加算されます<br>※スキルブック（中）の所持上限に達している場合は、プレゼントに贈られます
mst.lottery_info.3110031._infoText,エマちゃんお誕生日記念勧誘～カラフルヒロインズ～
mst.lottery_info.3110031._detailText,「エマちゃんお誕生日記念勧誘～カラフルヒロインズ～」は、虹ヶ咲学園スクールアイドル同好会所属のR以上の部員が必ず登場します。<br>「1回勧誘」は、ラブカ300個で実施できます。<br>「10回勧誘」は、ラブカ3000個で実施でき、SR以上の部員が1人以上必ず加入します。<br>「有償1回勧誘」は、有償ラブカ150個で毎日1回だけ実施できます。<br>「有償10回勧誘」は、有償ラブカ2000個で期間中1回だけ実施できます。<br><br>すでに加入している部員が登場した場合、自動で「ペンライト」に変換されます。<br>※変換されたペンライトは、プレゼントを経由せず直接加算されます<br>※ペンライトの所持上限に達している場合は、プレゼントに贈られます<br>※ペンライトの獲得量は、部員のレアリティに応じて異なります<br>・UR：500個<br>・SR：50個<br>・R ：20個<br><br>また、登場した部員の人数に応じて「勧誘ポイント [エマちゃんお誕生記念]」を入手します。<br>獲得した「勧誘ポイント」は交換所にて部員やアイテム等と交換できます。<br><br>交換されなかった「勧誘ポイント」は、本勧誘の終了時に自動的に「スキルブック（中）」に変換されます。<br>※変換されたスキルブック（中）は、プレゼントを経由せず直接加算されます<br>※スキルブック（中）の所持上限に達している場合は、プレゼントに贈られます
mst.lottery_info.3110032._infoText,果南ちゃんお誕生日記念勧誘～フェアリーウイング～
mst.lottery_info.3110032._detailText,「果南ちゃんお誕生日記念勧誘～フェアリーウイング～」は、Aqours所属のR以上の部員が必ず登場します。<br>「1回勧誘」は、ラブカ300個で実施できます。<br>「10回勧誘」は、ラブカ3000個で実施でき、SR以上の部員が1人以上必ず加入します。<br>「有償1回勧誘」は、有償ラブカ150個で毎日1回だけ実施できます。<br>「有償10回勧誘」は、有償ラブカ2000個で期間中1回だけ実施できます。<br><br>すでに加入している部員が登場した場合、自動で「ペンライト」に変換されます。<br>※変換されたペンライトは、プレゼントを経由せず直接加算されます<br>※ペンライトの所持上限に達している場合は、プレゼントに贈られます<br>※ペンライトの獲得量は、部員のレアリティに応じて異なります<br>・UR：500個<br>・SR：50個<br>・R ：20個<br><br>また、登場した部員の人数に応じて「勧誘ポイント [果南ちゃんお誕生記念]」を入手します。<br>獲得した「勧誘ポイント」は交換所にて部員やアイテム等と交換できます。<br><br>交換されなかった「勧誘ポイント」は、本勧誘の終了時に自動的に「スキルブック（中）」に変換されます。<br>※変換されたスキルブック（中）は、プレゼントを経由せず直接加算されます<br>※スキルブック（中）の所持上限に達している場合は、プレゼントに贈られます
mst.lottery_info.3110033._infoText,嵐珠ちゃんお誕生日記念勧誘～カラフルヒロインズ～
mst.lottery_info.3110033._detailText,「嵐珠ちゃんお誕生日記念勧誘～カラフルヒロインズ～」は、虹ヶ咲学園スクールアイドル同好会所属のR以上の部員が必ず登場します。<br>「1回勧誘」は、ラブカ300個で実施できます。<br>「10回勧誘」は、ラブカ3000個で実施でき、SR以上の部員が1人以上必ず加入します。<br>「有償1回勧誘」は、有償ラブカ150個で毎日1回だけ実施できます。<br>「有償10回勧誘」は、有償ラブカ2000個で期間中1回だけ実施できます。<br><br>すでに加入している部員が登場した場合、自動で「ペンライト」に変換されます。<br>※変換されたペンライトは、プレゼントを経由せず直接加算されます<br>※ペンライトの所持上限に達している場合は、プレゼントに贈られます<br>※ペンライトの獲得量は、部員のレアリティに応じて異なります<br>・UR：500個<br>・SR：50個<br>・R ：20個<br><br>また、登場した部員の人数に応じて「勧誘ポイント [嵐珠ちゃんお誕生記念]」を入手します。<br>獲得した「勧誘ポイント」は交換所にて部員やアイテム等と交換できます。<br><br>交換されなかった「勧誘ポイント」は、本勧誘の終了時に自動的に「スキルブック（中）」に変換されます。<br>※変換されたスキルブック（中）は、プレゼントを経由せず直接加算されます<br>※スキルブック（中）の所持上限に達している場合は、プレゼントに贈られます
mst.lottery_info.3110034._infoText,千砂都ちゃんお誕生日記念勧誘～ハーモニースター～
mst.lottery_info.3110034._detailText,「千砂都ちゃんお誕生日記念勧誘～ハーモニースター～」は、Liella!所属のR以上の部員が必ず登場します。<br>「1回勧誘」は、ラブカ300個で実施できます。<br>「10回勧誘」は、ラブカ3000個で実施でき、SR以上の部員が1人以上必ず加入します。<br>「有償1回勧誘」は、有償ラブカ150個で毎日1回だけ実施できます。<br>「有償10回勧誘」は、有償ラブカ2000個で期間中1回だけ実施できます。<br><br>すでに加入している部員が登場した場合、自動で「ペンライト」に変換されます。<br>※変換されたペンライトは、プレゼントを経由せず直接加算されます<br>※ペンライトの所持上限に達している場合は、プレゼントに贈られます<br>※ペンライトの獲得量は、部員のレアリティに応じて異なります<br>・UR：500個<br>・SR：50個<br>・R ：20個<br><br>また、登場した部員の人数に応じて「勧誘ポイント [千砂都ちゃんお誕生記念]」を入手します。<br>獲得した「勧誘ポイント」は交換所にて部員やアイテム等と交換できます。<br><br>交換されなかった「勧誘ポイント」は、本勧誘の終了時に自動的に「スキルブック（中）」に変換されます。<br>※変換されたスキルブック（中）は、プレゼントを経由せず直接加算されます<br>※スキルブック（中）の所持上限に達している場合は、プレゼントに贈られます
mst.lottery_info.3110035._infoText,歩夢ちゃんお誕生日記念勧誘～カラフルヒロインズ～
mst.lottery_info.3110035._detailText,「歩夢ちゃんお誕生日記念勧誘～カラフルヒロインズ～」は、虹ヶ咲学園スクールアイドル同好会所属のR以上の部員が必ず登場します。<br>「1回勧誘」は、ラブカ300個で実施できます。<br>「10回勧誘」は、ラブカ3000個で実施でき、SR以上の部員が1人以上必ず加入します。<br>「有償1回勧誘」は、有償ラブカ150個で毎日1回だけ実施できます。<br>「有償10回勧誘」は、有償ラブカ2000個で期間中1回だけ実施できます。<br><br>すでに加入している部員が登場した場合、自動で「ペンライト」に変換されます。<br>※変換されたペンライトは、プレゼントを経由せず直接加算されます<br>※ペンライトの所持上限に達している場合は、プレゼントに贈られます<br>※ペンライトの獲得量は、部員のレアリティに応じて異なります<br>・UR：500個<br>・SR：50個<br>・R ：20個<br><br>また、登場した部員の人数に応じて「勧誘ポイント[歩夢ちゃんお誕生記念]」を入手します。<br>獲得した「勧誘ポイント」は交換所にて部員やアイテム等と交換できます。<br><br>交換されなかった「勧誘ポイント」は、本勧誘の終了時に自動的に「スキルブック（中）」に変換されます。<br>※変換されたスキルブック（中）は、プレゼントを経由せず直接加算されます<br>※スキルブック（中）の所持上限に達している場合は、プレゼントに贈られます
mst.lottery_info.3110036._infoText,花丸ちゃんお誕生日記念勧誘～フェアリーウイング～
mst.lottery_info.3110036._detailText,「花丸ちゃんお誕生日記念勧誘～フェアリーウイング～」は、Aqours所属のR以上の部員が必ず登場します。<br>「1回勧誘」は、ラブカ300個で実施できます。<br>「10回勧誘」は、ラブカ3000個で実施でき、SR以上の部員が1人以上必ず加入します。<br>「有償1回勧誘」は、有償ラブカ150個で毎日1回だけ実施できます。<br>「有償10回勧誘」は、有償ラブカ2000個で期間中1回だけ実施できます。<br><br>すでに加入している部員が登場した場合、自動で「ペンライト」に変換されます。<br>※変換されたペンライトは、プレゼントを経由せず直接加算されます<br>※ペンライトの所持上限に達している場合は、プレゼントに贈られます<br>※ペンライトの獲得量は、部員のレアリティに応じて異なります<br>・UR：500個<br>・SR：50個<br>・R ：20個<br><br>また、登場した部員の人数に応じて「勧誘ポイント[花丸ちゃんお誕生記念]」を入手します。<br>獲得した「勧誘ポイント」は交換所にて部員やアイテム等と交換できます。<br><br>交換されなかった「勧誘ポイント」は、本勧誘の終了時に自動的に「スキルブック（中）」に変換されます。<br>※変換されたスキルブック（中）は、プレゼントを経由せず直接加算されます<br>※スキルブック（中）の所持上限に達している場合は、プレゼントに贈られます
mst.lottery_info.3110037._infoText,海未ちゃんお誕生日記念勧誘～フラワーシャワー～
mst.lottery_info.3110037._detailText,「海未ちゃんお誕生日記念勧誘～フラワーシャワー～」は、μ'ｓ所属のR以上の部員が必ず登場します。<br>「1回勧誘」は、ラブカ300個で実施できます。<br>「10回勧誘」は、ラブカ3000個で実施でき、SR以上の部員が1人以上必ず加入します。<br>「有償1回勧誘」は、有償ラブカ150個で毎日1回だけ実施できます。<br>「有償10回勧誘」は、有償ラブカ2000個で期間中1回だけ実施できます。<br><br>すでに加入している部員が登場した場合、自動で「ペンライト」に変換されます。<br>※変換されたペンライトは、プレゼントを経由せず直接加算されます<br>※ペンライトの所持上限に達している場合は、プレゼントに贈られます<br>※ペンライトの獲得量は、部員のレアリティに応じて異なります<br>・UR：500個<br>・SR：50個<br>・R ：20個<br><br>また、登場した部員の人数に応じて「勧誘ポイント [海未ちゃんお誕生記念]」を入手します。<br>獲得した「勧誘ポイント」は交換所にて部員やアイテム等と交換できます。<br><br>交換されなかった「勧誘ポイント」は、本勧誘の終了時に自動的に「スキルブック（中）」に変換されます。<br>※変換されたスキルブック（中）は、プレゼントを経由せず直接加算されます<br>※スキルブック（中）の所持上限に達している場合は、プレゼントに贈られます
mst.lottery_info.4110001._infoText,スマイル限定！ピックアップ勧誘
mst.lottery_info.4110001._detailText,「スマイル限定！ピックアップ勧誘」は、R以上の部員が必ず登場します。<br>「1回勧誘」は、ラブカ300個で実施できます。<br>「10回勧誘」は、ラブカ3000個で実施でき、SR以上の部員が1人以上必ず加入します。<br>「有償1回勧誘」は、有償ラブカ150個で毎日1回だけ実施できます。<br><br>すでに加入している部員が登場した場合、自動で「ペンライト」に変換されます。<br>※変換されたペンライトは、プレゼントを経由せず直接加算されます<br>※ペンライトの所持上限に達している場合は、プレゼントに贈られます<br>※ペンライトの獲得量は、部員のレアリティに応じて異なります<br>・UR：500個<br>・SR：50個<br>・R ：20個<br><br>また、登場した部員の人数に応じて「勧誘ポイント [属性ピックアップ]」を入手します。<br>獲得した「勧誘ポイント」は交換所にて部員やアイテム等と交換できます。<br><br>交換されなかった「勧誘ポイント」は、本勧誘の終了時に自動的に「スキルブック（中）」に変換されます。<br>※変換されたスキルブック（中）は、プレゼントを経由せず直接加算されます<br>※スキルブック（中）の所持上限に達している場合は、プレゼントに贈られます
mst.lottery_info.4110002._infoText,ピュア限定！ピックアップ勧誘
mst.lottery_info.4110002._detailText,「ピュア限定！ピックアップ勧誘」は、R以上の部員が必ず登場します。<br>「1回勧誘」は、ラブカ300個で実施できます。<br>「10回勧誘」は、ラブカ3000個で実施でき、SR以上の部員が1人以上必ず加入します。<br>「有償1回勧誘」は、有償ラブカ150個で毎日1回だけ実施できます。<br><br>すでに加入している部員が登場した場合、自動で「ペンライト」に変換されます。<br>※変換されたペンライトは、プレゼントを経由せず直接加算されます<br>※ペンライトの所持上限に達している場合は、プレゼントに贈られます<br>※ペンライトの獲得量は、部員のレアリティに応じて異なります<br>・UR：500個<br>・SR：50個<br>・R ：20個<br><br>また、登場した部員の人数に応じて「勧誘ポイント [属性ピックアップ]」を入手します。<br>獲得した「勧誘ポイント」は交換所にて部員やアイテム等と交換できます。<br><br>交換されなかった「勧誘ポイント」は、本勧誘の終了時に自動的に「スキルブック（中）」に変換されます。<br>※変換されたスキルブック（中）は、プレゼントを経由せず直接加算されます<br>※スキルブック（中）の所持上限に達している場合は、プレゼントに贈られます
mst.lottery_info.4110003._infoText,クール限定！ピックアップ勧誘
mst.lottery_info.4110003._detailText,「クール限定！ピックアップ勧誘」は、R以上の部員が必ず登場します。<br>「1回勧誘」は、ラブカ300個で実施できます。<br>「10回勧誘」は、ラブカ3000個で実施でき、SR以上の部員が1人以上必ず加入します。<br>「有償1回勧誘」は、有償ラブカ150個で毎日1回だけ実施できます。<br><br>すでに加入している部員が登場した場合、自動で「ペンライト」に変換されます。<br>※変換されたペンライトは、プレゼントを経由せず直接加算されます<br>※ペンライトの所持上限に達している場合は、プレゼントに贈られます<br>※ペンライトの獲得量は、部員のレアリティに応じて異なります<br>・UR：500個<br>・SR：50個<br>・R ：20個<br><br>また、登場した部員の人数に応じて「勧誘ポイント [属性ピックアップ]」を入手します。<br>獲得した「勧誘ポイント」は交換所にて部員やアイテム等と交換できます。<br><br>交換されなかった「勧誘ポイント」は、本勧誘の終了時に自動的に「スキルブック（中）」に変換されます。<br>※変換されたスキルブック（中）は、プレゼントを経由せず直接加算されます<br>※スキルブック（中）の所持上限に達している場合は、プレゼントに贈られます
mst.lottery_info.4110004._infoText,スクフェスシリーズ感謝祭2023記念 UR確定勧誘
mst.lottery_info.4110004._detailText,「スクフェスシリーズ感謝祭2023記念 UR確定勧誘」は、有償ラブカ3000個で実施でき、UR部員が1人必ず加入します。<br><br>すでに加入している部員が登場した場合、自動的に「ペンライト」に変換されます。<br>※変換されたペンライトは、プレゼントを経由せず直接加算されます<br>※ペンライトの所持上限に達している場合は、プレゼントに贈られます<br>※ペンライトの獲得量は、部員のレアリティに応じて異なります<br>・UR：500個<br>・SR：50個<br>・R ：20個
mst.lottery_info.4110005._infoText,ラブソングカーニバル記念勧誘～歩夢編～
mst.lottery_info.4110005._detailText,「ラブソングカーニバル記念勧誘～歩夢編～」は、虹ヶ咲学園スクールアイドル同好会所属のR以上の部員が必ず登場します。<br>「1回勧誘」は、ラブカ300個で実施できます。<br>「10回勧誘」は、ラブカ3000個で実施でき、SR以上の部員が1人以上必ず加入します。<br>「有償1回勧誘」は、有償ラブカ150個で毎日1回だけ実施できます。<br>「有償10回勧誘」は、有償ラブカ2000個で期間中1回だけ実施できます。<br><br>すでに加入している部員が登場した場合、自動で「ペンライト」に変換されます。<br>※変換されたペンライトは、プレゼントを経由せず直接加算されます<br>※ペンライトの所持上限に達している場合は、プレゼントに贈られます<br>※ペンライトの獲得量は、部員のレアリティに応じて異なります<br>・UR：500個<br>・SR：50個<br>・R ：20個<br><br>また、登場した部員の人数に応じて「勧誘ポイント [ラブソングカーニバル 歩夢編]」を入手します。<br>獲得した「勧誘ポイント」は交換所にて部員やアイテム等と交換できます。<br><br>交換されなかった「勧誘ポイント」は、本勧誘の終了時に自動的に「スキルブック（中）」に変換されます。<br>※変換されたスキルブック（中）は、プレゼントを経由せず直接加算されます<br>※スキルブック（中）の所持上限に達している場合は、プレゼントに贈られます
mst.lottery_info.4110006._infoText,ラブソングカーニバル記念勧誘～かすみ編～
mst.lottery_info.4110006._detailText,「ラブソングカーニバル記念勧誘～かすみ編～」は、虹ヶ咲学園スクールアイドル同好会所属のR以上の部員が必ず登場します。<br>「1回勧誘」は、ラブカ300個で実施できます。<br>「10回勧誘」は、ラブカ3000個で実施でき、SR以上の部員が1人以上必ず加入します。<br>「有償1回勧誘」は、有償ラブカ150個で毎日1回だけ実施できます。<br>「有償10回勧誘」は、有償ラブカ2000個で期間中1回だけ実施できます。<br><br>すでに加入している部員が登場した場合、自動で「ペンライト」に変換されます。<br>※変換されたペンライトは、プレゼントを経由せず直接加算されます<br>※ペンライトの所持上限に達している場合は、プレゼントに贈られます<br>※ペンライトの獲得量は、部員のレアリティに応じて異なります<br>・UR：500個<br>・SR：50個<br>・R ：20個<br><br>また、登場した部員の人数に応じて「勧誘ポイント [ラブソングカーニバル かすみ編]」を入手します。<br>獲得した「勧誘ポイント」は交換所にて部員やアイテム等と交換できます。<br><br>交換されなかった「勧誘ポイント」は、本勧誘の終了時に自動的に「スキルブック（中）」に変換されます。<br>※変換されたスキルブック（中）は、プレゼントを経由せず直接加算されます<br>※スキルブック（中）の所持上限に達している場合は、プレゼントに贈られます
mst.lottery_info.4110007._infoText,ラブソングカーニバル記念勧誘～しずく編～
mst.lottery_info.4110007._detailText,「ラブソングカーニバル記念勧誘～しずく編～」は、虹ヶ咲学園スクールアイドル同好会所属のR以上の部員が必ず登場します。<br>「1回勧誘」は、ラブカ300個で実施できます。<br>「10回勧誘」は、ラブカ3000個で実施でき、SR以上の部員が1人以上必ず加入します。<br>「有償1回勧誘」は、有償ラブカ150個で毎日1回だけ実施できます。<br>「有償10回勧誘」は、有償ラブカ2000個で期間中1回だけ実施できます。<br><br>すでに加入している部員が登場した場合、自動で「ペンライト」に変換されます。<br>※変換されたペンライトは、プレゼントを経由せず直接加算されます<br>※ペンライトの所持上限に達している場合は、プレゼントに贈られます<br>※ペンライトの獲得量は、部員のレアリティに応じて異なります<br>・UR：500個<br>・SR：50個<br>・R ：20個<br><br>また、登場した部員の人数に応じて「勧誘ポイント [ラブソングカーニバル しずく編]」を入手します。<br>獲得した「勧誘ポイント」は交換所にて部員やアイテム等と交換できます。<br><br>交換されなかった「勧誘ポイント」は、本勧誘の終了時に自動的に「スキルブック（中）」に変換されます。<br>※変換されたスキルブック（中）は、プレゼントを経由せず直接加算されます<br>※スキルブック（中）の所持上限に達している場合は、プレゼントに贈られます
mst.lottery_info.4110008._infoText,ラブソングカーニバル記念勧誘～果林編～
mst.lottery_info.4110008._detailText,「ラブソングカーニバル記念勧誘～果林編～」は、虹ヶ咲学園スクールアイドル同好会所属のR以上の部員が必ず登場します。<br>「1回勧誘」は、ラブカ300個で実施できます。<br>「10回勧誘」は、ラブカ3000個で実施でき、SR以上の部員が1人以上必ず加入します。<br>「有償1回勧誘」は、有償ラブカ150個で毎日1回だけ実施できます。<br>「有償10回勧誘」は、有償ラブカ2000個で期間中1回だけ実施できます。<br><br>すでに加入している部員が登場した場合、自動で「ペンライト」に変換されます。<br>※変換されたペンライトは、プレゼントを経由せず直接加算されます<br>※ペンライトの所持上限に達している場合は、プレゼントに贈られます<br>※ペンライトの獲得量は、部員のレアリティに応じて異なります<br>・UR：500個<br>・SR：50個<br>・R ：20個<br><br>また、登場した部員の人数に応じて「勧誘ポイント [ラブソングカーニバル 果林編]」を入手します。<br>獲得した「勧誘ポイント」は交換所にて部員やアイテム等と交換できます。<br><br>交換されなかった「勧誘ポイント」は、本勧誘の終了時に自動的に「スキルブック（中）」に変換されます。<br>※変換されたスキルブック（中）は、プレゼントを経由せず直接加算されます<br>※スキルブック（中）の所持上限に達している場合は、プレゼントに贈られます
mst.lottery_info.4110009._infoText,ラブソングカーニバル記念勧誘～愛編～
mst.lottery_info.4110009._detailText,「ラブソングカーニバル記念勧誘～愛編～」は、虹ヶ咲学園スクールアイドル同好会所属のR以上の部員が必ず登場します。<br>「1回勧誘」は、ラブカ300個で実施できます。<br>「10回勧誘」は、ラブカ3000個で実施でき、SR以上の部員が1人以上必ず加入します。<br>「有償1回勧誘」は、有償ラブカ150個で毎日1回だけ実施できます。<br>「有償10回勧誘」は、有償ラブカ2000個で期間中1回だけ実施できます。<br><br>すでに加入している部員が登場した場合、自動で「ペンライト」に変換されます。<br>※変換されたペンライトは、プレゼントを経由せず直接加算されます<br>※ペンライトの所持上限に達している場合は、プレゼントに贈られます<br>※ペンライトの獲得量は、部員のレアリティに応じて異なります<br>・UR：500個<br>・SR：50個<br>・R ：20個<br><br>また、登場した部員の人数に応じて「勧誘ポイント [ラブソングカーニバル 愛編]」を入手します。<br>獲得した「勧誘ポイント」は交換所にて部員やアイテム等と交換できます。<br><br>交換されなかった「勧誘ポイント」は、本勧誘の終了時に自動的に「スキルブック（中）」に変換されます。<br>※変換されたスキルブック（中）は、プレゼントを経由せず直接加算されます<br>※スキルブック（中）の所持上限に達している場合は、プレゼントに贈られます
mst.lottery_info.4110010._infoText,ラブソングカーニバル記念勧誘～彼方編～
mst.lottery_info.4110010._detailText,「ラブソングカーニバル記念勧誘～彼方編～」は、虹ヶ咲学園スクールアイドル同好会所属のR以上の部員が必ず登場します。<br>「1回勧誘」は、ラブカ300個で実施できます。<br>「10回勧誘」は、ラブカ3000個で実施でき、SR以上の部員が1人以上必ず加入します。<br>「有償1回勧誘」は、有償ラブカ150個で毎日1回だけ実施できます。<br>「有償10回勧誘」は、有償ラブカ2000個で期間中1回だけ実施できます。<br><br>すでに加入している部員が登場した場合、自動で「ペンライト」に変換されます。<br>※変換されたペンライトは、プレゼントを経由せず直接加算されます<br>※ペンライトの所持上限に達している場合は、プレゼントに贈られます<br>※ペンライトの獲得量は、部員のレアリティに応じて異なります<br>・UR：500個<br>・SR：50個<br>・R ：20個<br><br>また、登場した部員の人数に応じて「勧誘ポイント [ラブソングカーニバル 彼方編]」を入手します。<br>獲得した「勧誘ポイント」は交換所にて部員やアイテム等と交換できます。<br><br>交換されなかった「勧誘ポイント」は、本勧誘の終了時に自動的に「スキルブック（中）」に変換されます。<br>※変換されたスキルブック（中）は、プレゼントを経由せず直接加算されます<br>※スキルブック（中）の所持上限に達している場合は、プレゼントに贈られます
mst.lottery_info.4110011._infoText,ラブソングカーニバル記念勧誘～せつ菜編～
mst.lottery_info.4110011._detailText,「ラブソングカーニバル記念勧誘～せつ菜編～」は、虹ヶ咲学園スクールアイドル同好会所属のR以上の部員が必ず登場します。<br>「1回勧誘」は、ラブカ300個で実施できます。<br>「10回勧誘」は、ラブカ3000個で実施でき、SR以上の部員が1人以上必ず加入します。<br>「有償1回勧誘」は、有償ラブカ150個で毎日1回だけ実施できます。<br>「有償10回勧誘」は、有償ラブカ2000個で期間中1回だけ実施できます。<br><br>すでに加入している部員が登場した場合、自動で「ペンライト」に変換されます。<br>※変換されたペンライトは、プレゼントを経由せず直接加算されます<br>※ペンライトの所持上限に達している場合は、プレゼントに贈られます<br>※ペンライトの獲得量は、部員のレアリティに応じて異なります<br>・UR：500個<br>・SR：50個<br>・R ：20個<br><br>また、登場した部員の人数に応じて「勧誘ポイント [ラブソングカーニバル せつ菜編]」を入手します。<br>獲得した「勧誘ポイント」は交換所にて部員やアイテム等と交換できます。<br><br>交換されなかった「勧誘ポイント」は、本勧誘の終了時に自動的に「スキルブック（中）」に変換されます。<br>※変換されたスキルブック（中）は、プレゼントを経由せず直接加算されます<br>※スキルブック（中）の所持上限に達している場合は、プレゼントに贈られます
mst.lottery_info.4110012._infoText,ラブソングカーニバル記念勧誘～エマ編～
mst.lottery_info.4110012._detailText,「ラブソングカーニバル記念勧誘～エマ編～」は、虹ヶ咲学園スクールアイドル同好会所属のR以上の部員が必ず登場します。<br>「1回勧誘」は、ラブカ300個で実施できます。<br>「10回勧誘」は、ラブカ3000個で実施でき、SR以上の部員が1人以上必ず加入します。<br>「有償1回勧誘」は、有償ラブカ150個で毎日1回だけ実施できます。<br>「有償10回勧誘」は、有償ラブカ2000個で期間中1回だけ実施できます。<br><br>すでに加入している部員が登場した場合、自動で「ペンライト」に変換されます。<br>※変換されたペンライトは、プレゼントを経由せず直接加算されます<br>※ペンライトの所持上限に達している場合は、プレゼントに贈られます<br>※ペンライトの獲得量は、部員のレアリティに応じて異なります<br>・UR：500個<br>・SR：50個<br>・R ：20個<br><br>また、登場した部員の人数に応じて「勧誘ポイント [ラブソングカーニバル エマ編]」を入手します。<br>獲得した「勧誘ポイント」は交換所にて部員やアイテム等と交換できます。<br><br>交換されなかった「勧誘ポイント」は、本勧誘の終了時に自動的に「スキルブック（中）」に変換されます。<br>※変換されたスキルブック（中）は、プレゼントを経由せず直接加算されます<br>※スキルブック（中）の所持上限に達している場合は、プレゼントに贈られます
mst.lottery_info.4110013._infoText,ラブソングカーニバル記念勧誘～璃奈編～
mst.lottery_info.4110013._detailText,「ラブソングカーニバル記念勧誘～璃奈編～」は、虹ヶ咲学園スクールアイドル同好会所属のR以上の部員が必ず登場します。<br>「1回勧誘」は、ラブカ300個で実施できます。<br>「10回勧誘」は、ラブカ3000個で実施でき、SR以上の部員が1人以上必ず加入します。<br>「有償1回勧誘」は、有償ラブカ150個で毎日1回だけ実施できます。<br>「有償10回勧誘」は、有償ラブカ2000個で期間中1回だけ実施できます。<br><br>すでに加入している部員が登場した場合、自動で「ペンライト」に変換されます。<br>※変換されたペンライトは、プレゼントを経由せず直接加算されます<br>※ペンライトの所持上限に達している場合は、プレゼントに贈られます<br>※ペンライトの獲得量は、部員のレアリティに応じて異なります<br>・UR：500個<br>・SR：50個<br>・R ：20個<br><br>また、登場した部員の人数に応じて「勧誘ポイント [ラブソングカーニバル 璃奈編]」を入手します。<br>獲得した「勧誘ポイント」は交換所にて部員やアイテム等と交換できます。<br><br>交換されなかった「勧誘ポイント」は、本勧誘の終了時に自動的に「スキルブック（中）」に変換されます。<br>※変換されたスキルブック（中）は、プレゼントを経由せず直接加算されます<br>※スキルブック（中）の所持上限に達している場合は、プレゼントに贈られます
mst.lottery_info.4110014._infoText,ラブソングカーニバル記念勧誘～栞子編～
mst.lottery_info.4110014._detailText,「ラブソングカーニバル記念勧誘～栞子編～」は、虹ヶ咲学園スクールアイドル同好会所属のR以上の部員が必ず登場します。<br>「1回勧誘」は、ラブカ300個で実施できます。<br>「10回勧誘」は、ラブカ3000個で実施でき、SR以上の部員が1人以上必ず加入します。<br>「有償1回勧誘」は、有償ラブカ150個で毎日1回だけ実施できます。<br>「有償10回勧誘」は、有償ラブカ2000個で期間中1回だけ実施できます。<br><br>すでに加入している部員が登場した場合、自動で「ペンライト」に変換されます。<br>※変換されたペンライトは、プレゼントを経由せず直接加算されます<br>※ペンライトの所持上限に達している場合は、プレゼントに贈られます<br>※ペンライトの獲得量は、部員のレアリティに応じて異なります<br>・UR：500個<br>・SR：50個<br>・R ：20個<br><br>また、登場した部員の人数に応じて「勧誘ポイント [ラブソングカーニバル 栞子編]」を入手します。<br>獲得した「勧誘ポイント」は交換所にて部員やアイテム等と交換できます。<br><br>交換されなかった「勧誘ポイント」は、本勧誘の終了時に自動的に「スキルブック（中）」に変換されます。<br>※変換されたスキルブック（中）は、プレゼントを経由せず直接加算されます<br>※スキルブック（中）の所持上限に達している場合は、プレゼントに贈られます
mst.lottery_info.4110015._infoText,ラブソングカーニバル記念勧誘～ミア編～
mst.lottery_info.4110015._detailText,「ラブソングカーニバル記念勧誘～ミア編～」は、虹ヶ咲学園スクールアイドル同好会所属のR以上の部員が必ず登場します。<br>「1回勧誘」は、ラブカ300個で実施できます。<br>「10回勧誘」は、ラブカ3000個で実施でき、SR以上の部員が1人以上必ず加入します。<br>「有償1回勧誘」は、有償ラブカ150個で毎日1回だけ実施できます。<br>「有償10回勧誘」は、有償ラブカ2000個で期間中1回だけ実施できます。<br><br>すでに加入している部員が登場した場合、自動で「ペンライト」に変換されます。<br>※変換されたペンライトは、プレゼントを経由せず直接加算されます<br>※ペンライトの所持上限に達している場合は、プレゼントに贈られます<br>※ペンライトの獲得量は、部員のレアリティに応じて異なります<br>・UR：500個<br>・SR：50個<br>・R ：20個<br><br>また、登場した部員の人数に応じて「勧誘ポイント [ラブソングカーニバル ミア編]」を入手します。<br>獲得した「勧誘ポイント」は交換所にて部員やアイテム等と交換できます。<br><br>交換されなかった「勧誘ポイント」は、本勧誘の終了時に自動的に「スキルブック（中）」に変換されます。<br>※変換されたスキルブック（中）は、プレゼントを経由せず直接加算されます<br>※スキルブック（中）の所持上限に達している場合は、プレゼントに贈られます
mst.lottery_info.4110016._infoText,ラブソングカーニバル記念勧誘～嵐珠編～
mst.lottery_info.4110016._detailText,「ラブソングカーニバル記念勧誘～嵐珠編～」は、虹ヶ咲学園スクールアイドル同好会所属のR以上の部員が必ず登場します。<br>「1回勧誘」は、ラブカ300個で実施できます。<br>「10回勧誘」は、ラブカ3000個で実施でき、SR以上の部員が1人以上必ず加入します。<br>「有償1回勧誘」は、有償ラブカ150個で毎日1回だけ実施できます。<br>「有償10回勧誘」は、有償ラブカ2000個で期間中1回だけ実施できます。<br><br>すでに加入している部員が登場した場合、自動で「ペンライト」に変換されます。<br>※変換されたペンライトは、プレゼントを経由せず直接加算されます<br>※ペンライトの所持上限に達している場合は、プレゼントに贈られます<br>※ペンライトの獲得量は、部員のレアリティに応じて異なります<br>・UR：500個<br>・SR：50個<br>・R ：20個<br><br>また、登場した部員の人数に応じて「勧誘ポイント [ラブソングカーニバル 嵐珠編]」を入手します。<br>獲得した「勧誘ポイント」は交換所にて部員やアイテム等と交換できます。<br><br>交換されなかった「勧誘ポイント」は、本勧誘の終了時に自動的に「スキルブック（中）」に変換されます。<br>※変換されたスキルブック（中）は、プレゼントを経由せず直接加算されます<br>※スキルブック（中）の所持上限に達している場合は、プレゼントに贈られます
mst.lottery_info.4110017._infoText,最大100回無料！Half Anniversary記念勧誘
mst.lottery_info.4110017._detailText,「最大100回無料！Half Anniversary記念勧誘」は1日1回のみ、期間中最大10回まで実施できます。<br>また、R以上の部員が加入します。<br><br>「10回勧誘」は無償で実施でき、SR以上の部員が1人以上必ず加入します。<br><br>すでに加入している部員が登場した場合、自動で「ペンライト」に変換されます。<br>※変換されたペンライトは、プレゼントを経由せず直接加算されます<br>※ペンライトの所持上限に達している場合は、プレゼントに贈られます<br>※ペンライトの獲得量は、部員のレアリティに応じて異なります<br>・UR：500個<br>・SR：50個<br>・R ：20個<br><br>また、登場した部員の人数に応じて「勧誘ポイント [Half Anniversary]」を入手します。<br>獲得した「勧誘ポイント」は交換所にて部員やアイテム等と交換できます。<br><br>交換されなかった「勧誘ポイント」は、本勧誘の終了時に自動的に「スキルブック（中）」に変換されます。<br>※変換されたスキルブック（中）は、プレゼントを経由せず直接加算されます<br>※スキルブック（中）の所持上限に達している場合は、プレゼントに贈られます
mst.lottery_info.4110019._infoText,UR確定 Half Anniversary記念勧誘～μ's編～
mst.lottery_info.4110019._detailText,「UR確定 Half Anniversary記念勧誘～μ's編～」は、有償ラブカ3000個で実施でき、μ's所属のUR部員が1人必ず加入します。<br><br>すでに加入している部員が登場した場合、自動的に「ペンライト」に変換されます。<br>※変換されたペンライトは、プレゼントを経由せず直接加算されます<br>※ペンライトの所持上限に達している場合は、プレゼントに贈られます<br>※ペンライトの獲得量は、部員のレアリティに応じて異なります<br>・UR：500個<br>・SR：50個<br>・R ：20個<br><br>また、登場した部員の人数に応じて「勧誘ポイント [Half Anniversary]」を入手します。<br>獲得した「勧誘ポイント」は交換所にて部員やアイテム等と交換できます。<br><br>交換されなかった「勧誘ポイント」は、本勧誘の終了時に自動的に「スキルブック（中）」に変換されます。<br>※変換されたスキルブック（中）は、プレゼントを経由せず直接加算されます<br>※スキルブック（中）の所持上限に達している場合は、プレゼントに贈られます
mst.lottery_info.4110020._infoText,UR確定 Half Anniversary記念勧誘～Aqours編～
mst.lottery_info.4110020._detailText,「UR確定 Half Anniversary記念勧誘～Aqours編～」は、有償ラブカ3000個で実施でき、Aqours所属のUR部員が1人必ず加入します。<br><br>すでに加入している部員が登場した場合、自動的に「ペンライト」に変換されます。<br>※変換されたペンライトは、プレゼントを経由せず直接加算されます<br>※ペンライトの所持上限に達している場合は、プレゼントに贈られます<br>※ペンライトの獲得量は、部員のレアリティに応じて異なります<br>・UR：500個<br>・SR：50個<br>・R ：20個<br><br>また、登場した部員の人数に応じて「勧誘ポイント [Half Anniversary]」を入手します。<br>獲得した「勧誘ポイント」は交換所にて部員やアイテム等と交換できます。<br><br>交換されなかった「勧誘ポイント」は、本勧誘の終了時に自動的に「スキルブック（中）」に変換されます。<br>※変換されたスキルブック（中）は、プレゼントを経由せず直接加算されます<br>※スキルブック（中）の所持上限に達している場合は、プレゼントに贈られます
mst.lottery_info.4110021._infoText,UR確定 Half Anniversary記念勧誘～虹ヶ咲編～
mst.lottery_info.4110021._detailText,「UR確定 Half Anniversary記念勧誘～虹ヶ咲編～」は、有償ラブカ3000個で実施でき、虹ヶ咲学園スクールアイドル同好会所属のUR部員が1人必ず加入します。<br><br>すでに加入している部員が登場した場合、自動的に「ペンライト」に変換されます。<br>※変換されたペンライトは、プレゼントを経由せず直接加算されます<br>※ペンライトの所持上限に達している場合は、プレゼントに贈られます<br>※ペンライトの獲得量は、部員のレアリティに応じて異なります<br>・UR：500個<br>・SR：50個<br>・R ：20個<br><br>また、登場した部員の人数に応じて「勧誘ポイント [Half Anniversary]」を入手します。<br>獲得した「勧誘ポイント」は交換所にて部員やアイテム等と交換できます。<br><br>交換されなかった「勧誘ポイント」は、本勧誘の終了時に自動的に「スキルブック（中）」に変換されます。<br>※変換されたスキルブック（中）は、プレゼントを経由せず直接加算されます<br>※スキルブック（中）の所持上限に達している場合は、プレゼントに贈られます
mst.lottery_info.4110022._infoText,UR確定 Half Anniversary記念勧誘～Liella!編～
mst.lottery_info.4110022._detailText,「UR確定 Half Anniversary記念勧誘～Liella!編～」は、有償ラブカ3000個で実施でき、Liella!所属のUR部員が1人必ず加入します。<br><br>すでに加入している部員が登場した場合、自動的に「ペンライト」に変換されます。<br>※変換されたペンライトは、プレゼントを経由せず直接加算されます<br>※ペンライトの所持上限に達している場合は、プレゼントに贈られます<br>※ペンライトの獲得量は、部員のレアリティに応じて異なります<br>・UR：500個<br>・SR：50個<br>・R ：20個<br><br>また、登場した部員の人数に応じて「勧誘ポイント [Half Anniversary]」を入手します。<br>獲得した「勧誘ポイント」は交換所にて部員やアイテム等と交換できます。<br><br>交換されなかった「勧誘ポイント」は、本勧誘の終了時に自動的に「スキルブック（中）」に変換されます。<br>※変換されたスキルブック（中）は、プレゼントを経由せず直接加算されます<br>※スキルブック（中）の所持上限に達している場合は、プレゼントに贈られます
mst.lottery_info.4110023._infoText,私のラブソング編 開幕記念勧誘
mst.lottery_info.4110023._detailText,「私のラブソング編 開幕記念勧誘」は、虹ヶ咲学園スクールアイドル同好会所属のR以上の部員が必ず登場します。<br>「1回勧誘」は、ラブカ300個で実施できます。<br>「10回勧誘」は、ラブカ3000個で実施でき、SR以上の部員が1人以上必ず加入します。<br>「有償1回勧誘」は、有償ラブカ150個で毎日1回だけ実施できます。<br><br>すでに加入している部員が登場した場合、自動で「ペンライト」に変換されます。<br>※変換されたペンライトは、プレゼントを経由せず直接加算されます<br>※ペンライトの所持上限に達している場合は、プレゼントに贈られます<br>※ペンライトの獲得量は、部員のレアリティに応じて異なります<br>・UR：500個<br>・SR：50個<br>・R ：20個<br><br>また、登場した部員の人数に応じて「勧誘ポイント [私のラブソング編]」を入手します。<br>獲得した「勧誘ポイント」は交換所にて部員やアイテム等と交換できます。<br><br>交換されなかった「勧誘ポイント」は、本勧誘の終了時に自動的に「スキルブック（中）」に変換されます。<br>※変換されたスキルブック（中）は、プレゼントを経由せず直接加算されます<br>※スキルブック（中）の所持上限に達している場合は、プレゼントに贈られます
mst.lottery_info.4110024._infoText,μ's限定！ピックアップ勧誘
mst.lottery_info.4110024._detailText,「μ's限定！ピックアップ勧誘」は、μ'ｓ所属のR以上の部員が必ず登場します。<br>「1回勧誘」は、ラブカ300個で実施できます。<br>「10回勧誘」は、ラブカ3000個で実施でき、SR以上の部員が1人以上必ず加入します。<br>「有償1回勧誘」は、有償ラブカ150個で毎日1回だけ実施できます。<br><br>すでに加入している部員が登場した場合、自動で「ペンライト」に変換されます。<br>※変換されたペンライトは、プレゼントを経由せず直接加算されます<br>※ペンライトの所持上限に達している場合は、プレゼントに贈られます<br>※ペンライトの獲得量は、部員のレアリティに応じて異なります<br>・UR：500個<br>・SR：50個<br>・R ：20個<br><br>また、登場した部員の人数に応じて「勧誘ポイント [μ's ピックアップ]」を入手します。<br>獲得した「勧誘ポイント」は交換所にて部員やアイテム等と交換できます。<br><br>交換されなかった「勧誘ポイント」は、本勧誘の終了時に自動的に「スキルブック（中）」に変換されます。<br>※変換されたスキルブック（中）は、プレゼントを経由せず直接加算されます<br>※スキルブック（中）の所持上限に達している場合は、プレゼントに贈られます
mst.lottery_info.4110025._infoText,Aqours限定！ピックアップ勧誘
mst.lottery_info.4110025._detailText,「Aqours限定！ピックアップ勧誘」は、Aqours所属のR以上の部員が必ず登場します。<br>「1回勧誘」は、ラブカ300個で実施できます。<br>「10回勧誘」は、ラブカ3000個で実施でき、SR以上の部員が1人以上必ず加入します。<br>「有償1回勧誘」は、有償ラブカ150個で毎日1回だけ実施できます。<br><br>すでに加入している部員が登場した場合、自動で「ペンライト」に変換されます。<br>※変換されたペンライトは、プレゼントを経由せず直接加算されます<br>※ペンライトの所持上限に達している場合は、プレゼントに贈られます<br>※ペンライトの獲得量は、部員のレアリティに応じて異なります<br>・UR：500個<br>・SR：50個<br>・R ：20個<br><br>また、登場した部員の人数に応じて「勧誘ポイント [Aqours ピックアップ]」を入手します。<br>獲得した「勧誘ポイント」は交換所にて部員やアイテム等と交換できます。<br><br>交換されなかった「勧誘ポイント」は、本勧誘の終了時に自動的に「スキルブック（中）」に変換されます。<br>※変換されたスキルブック（中）は、プレゼントを経由せず直接加算されます<br>※スキルブック（中）の所持上限に達している場合は、プレゼントに贈られます
mst.lottery_info.4110026._infoText,UR確定 Half Anniversary記念勧誘～後夜祭～
mst.lottery_info.4110026._detailText,「UR確定 Half Anniversary記念勧誘～後夜祭～」は、有償ラブカ3000個で実施でき、UR部員が1人必ず加入します。<br><br>すでに加入している部員が登場した場合、自動的に「ペンライト」に変換されます。<br>※変換されたペンライトは、プレゼントを経由せず直接加算されます<br>※ペンライトの所持上限に達している場合は、プレゼントに贈られます<br>※ペンライトの獲得量は、部員のレアリティに応じて異なります<br>・UR：500個<br>・SR：50個<br>・R ：20個<br><br>また、登場した部員の人数に応じて「勧誘ポイント [ひだまりのマーチングバンド]」を入手します。<br>獲得した「勧誘ポイント」は交換所にて部員やアイテム等と交換できます。<br><br>交換されなかった「勧誘ポイント」は、本勧誘の終了時に自動的に「スキルブック（中）」に変換されます。<br>※変換されたスキルブック（中）は、プレゼントを経由せず直接加算されます<br>※スキルブック（中）の所持上限に達している場合は、プレゼントに贈られます
mst.lottery_info.4110027._infoText,幻日のヨハネ -The Story of the Sound of Heart- 開催記念勧誘
mst.lottery_info.4110027._detailText,「幻日のヨハネ -The Story of the Sound of Heart- 開催記念勧誘」は、R以上の部員が必ず登場します。<br>「1回勧誘」は、ラブカ300個で実施できます。<br>「10回勧誘」は、ラブカ3000個で実施でき、SR以上の部員が1人以上必ず加入します。<br>「有償1回勧誘」は、有償ラブカ150個で毎日1回だけ実施できます。<br><br>すでに加入している部員が登場した場合、自動で「ペンライト」に変換されます。<br>※変換されたペンライトは、プレゼントを経由せず直接加算されます<br>※ペンライトの所持上限に達している場合は、プレゼントに贈られます<br>※ペンライトの獲得量は、部員のレアリティに応じて異なります<br>・UR：500個<br>・SR：50個<br>・R ：20個<br><br>また、登場した部員の人数に応じて「勧誘ポイント [幻日のヨハネ]」を入手します。<br>獲得した「勧誘ポイント」は交換所にて部員やアイテム等と交換できます。<br><br>交換されなかった「勧誘ポイント」は、本勧誘の終了時に自動的に「スキルブック（中）」に変換されます。<br>※変換されたスキルブック（中）は、プレゼントを経由せず直接加算されます<br>※スキルブック（中）の所持上限に達している場合は、プレゼントに贈られます
mst.lottery_info.4110028._infoText,1年生限定！ピックアップ勧誘
mst.lottery_info.4110028._detailText,「1年生限定！ピックアップ勧誘」は、R以上の部員が必ず登場します。<br>「1回勧誘」は、ラブカ300個で実施できます。<br>「10回勧誘」は、ラブカ3000個で実施でき、SR以上の部員が1人以上必ず加入します。<br>「有償1回勧誘」は、有償ラブカ150個で毎日1回だけ実施できます。<br><br>すでに加入している部員が登場した場合、自動で「ペンライト」に変換されます。<br>※変換されたペンライトは、プレゼントを経由せず直接加算されます<br>※ペンライトの所持上限に達している場合は、プレゼントに贈られます<br>※ペンライトの獲得量は、部員のレアリティに応じて異なります<br>・UR：500個<br>・SR：50個<br>・R ：20個<br><br>また、登場した部員の人数に応じて「勧誘ポイント [1年生ピックアップ]」を入手します。<br>獲得した「勧誘ポイント」は交換所にて部員やアイテム等と交換できます。<br><br>交換されなかった「勧誘ポイント」は、本勧誘の終了時に自動的に「スキルブック（中）」に変換されます。<br>※変換されたスキルブック（中）は、プレゼントを経由せず直接加算されます<br>※スキルブック（中）の所持上限に達している場合は、プレゼントに贈られます
mst.lottery_info.4110029._infoText,2年生限定！ピックアップ勧誘
mst.lottery_info.4110029._detailText,「2年生限定！ピックアップ勧誘」は、R以上の部員が必ず登場します。<br>「1回勧誘」は、ラブカ300個で実施できます。<br>「10回勧誘」は、ラブカ3000個で実施でき、SR以上の部員が1人以上必ず加入します。<br>「有償1回勧誘」は、有償ラブカ150個で毎日1回だけ実施できます。<br><br>すでに加入している部員が登場した場合、自動で「ペンライト」に変換されます。<br>※変換されたペンライトは、プレゼントを経由せず直接加算されます<br>※ペンライトの所持上限に達している場合は、プレゼントに贈られます<br>※ペンライトの獲得量は、部員のレアリティに応じて異なります<br>・UR：500個<br>・SR：50個<br>・R ：20個<br><br>また、登場した部員の人数に応じて「勧誘ポイント [2年生ピックアップ]」を入手します。<br>獲得した「勧誘ポイント」は交換所にて部員やアイテム等と交換できます。<br><br>交換されなかった「勧誘ポイント」は、本勧誘の終了時に自動的に「スキルブック（中）」に変換されます。<br>※変換されたスキルブック（中）は、プレゼントを経由せず直接加算されます<br>※スキルブック（中）の所持上限に達している場合は、プレゼントに贈られます
mst.lottery_info.4110030._infoText,3年生限定！ピックアップ勧誘
mst.lottery_info.4110030._detailText,「3年生限定！ピックアップ勧誘」は、R以上の部員が必ず登場します。<br>「1回勧誘」は、ラブカ300個で実施できます。<br>「10回勧誘」は、ラブカ3000個で実施でき、SR以上の部員が1人以上必ず加入します。<br>「有償1回勧誘」は、有償ラブカ150個で毎日1回だけ実施できます。<br><br>すでに加入している部員が登場した場合、自動で「ペンライト」に変換されます。<br>※変換されたペンライトは、プレゼントを経由せず直接加算されます<br>※ペンライトの所持上限に達している場合は、プレゼントに贈られます<br>※ペンライトの獲得量は、部員のレアリティに応じて異なります<br>・UR：500個<br>・SR：50個<br>・R ：20個<br><br>また、登場した部員の人数に応じて「勧誘ポイント [3年生ピックアップ]」を入手します。<br>獲得した「勧誘ポイント」は交換所にて部員やアイテム等と交換できます。<br><br>交換されなかった「勧誘ポイント」は、本勧誘の終了時に自動的に「スキルブック（中）」に変換されます。<br>※変換されたスキルブック（中）は、プレゼントを経由せず直接加算されます<br>※スキルブック（中）の所持上限に達している場合は、プレゼントに贈られます
mst.lottery_info.4110031._infoText,異次元フェス アイドルマスター ラブライブ！歌合戦 開催記念勧誘～Aqours編～
mst.lottery_info.4110031._detailText,「異次元フェス アイドルマスター ラブライブ！歌合戦 開催記念勧誘～Aqours編～」は、Aqours所属のR以上の部員が必ず登場します。<br>「10回勧誘」は、ラブカ3000個で実施でき、SR以上の部員が1人以上必ず加入します。<br><br>すでに加入している部員が登場した場合、自動で「ペンライト」に変換されます。<br>※変換されたペンライトは、プレゼントを経由せず直接加算されます<br>※ペンライトの所持上限に達している場合は、プレゼントに贈られます<br>※ペンライトの獲得量は、部員のレアリティに応じて異なります<br>・UR：500個<br>・SR：50個<br>・R ：20個
mst.lottery_info.4110032._infoText,異次元フェス アイドルマスター ラブライブ！歌合戦 開催記念勧誘～ニジガク編～
mst.lottery_info.4110032._detailText,「異次元フェス アイドルマスター ラブライブ！歌合戦 開催記念勧誘～ニジガク編～」は、虹ヶ咲学園スクールアイドル同好会所属のR以上の部員が必ず登場します。<br>「10回勧誘」は、ラブカ3000個で実施でき、SR以上の部員が1人以上必ず加入します。<br><br>すでに加入している部員が登場した場合、自動で「ペンライト」に変換されます。<br>※変換されたペンライトは、プレゼントを経由せず直接加算されます<br>※ペンライトの所持上限に達している場合は、プレゼントに贈られます<br>※ペンライトの獲得量は、部員のレアリティに応じて異なります<br>・UR：500個<br>・SR：50個<br>・R ：20個
mst.lottery_info.4110033._infoText,異次元フェス アイドルマスター ラブライブ！歌合戦 開催記念勧誘～Liella!編～
mst.lottery_info.4110033._detailText,「異次元フェス アイドルマスター ラブライブ！歌合戦 開催記念勧誘～Liella!編～」は、Liella!所属のR以上の部員が必ず登場します。<br>「10回勧誘」は、ラブカ3000個で実施でき、SR以上の部員が1人以上必ず加入します。<br><br>すでに加入している部員が登場した場合、自動で「ペンライト」に変換されます。<br>※変換されたペンライトは、プレゼントを経由せず直接加算されます<br>※ペンライトの所持上限に達している場合は、プレゼントに贈られます<br>※ペンライトの獲得量は、部員のレアリティに応じて異なります<br>・UR：500個<br>・SR：50個<br>・R ：20個
mst.lottery_info.4110034._infoText,最大240回無料！年末年始記念勧誘
mst.lottery_info.4110034._detailText,「最大240回無料！年末年始記念勧誘」は1日3回まで、期間中最大24回まで実施できます。<br>また、R以上の部員が加入します。<br><br>「10回勧誘」は無償で実施でき、SR以上の部員が1人以上必ず加入します。<br><br>すでに加入している部員が登場した場合、自動で「ペンライト」に変換されます。<br>※変換されたペンライトは、プレゼントを経由せず直接加算されます<br>※ペンライトの所持上限に達している場合は、プレゼントに贈られます<br>※ペンライトの獲得量は、部員のレアリティに応じて異なります<br>・UR：500個<br>・SR：50個<br>・R ：20個<br><br>また、登場した部員の人数に応じて「勧誘ポイント [年末年始記念]」を入手します。<br>獲得した「勧誘ポイント」は交換所にて部員やアイテム等と交換できます。<br><br>交換されなかった「勧誘ポイント」は、本勧誘の終了時に自動的に「スキルブック（中）」に変換されます。<br>※変換されたスキルブック（中）は、プレゼントを経由せず直接加算されます<br>※スキルブック（中）の所持上限に達している場合は、プレゼントに贈られます
mst.lottery_info.4110035._infoText,UR確定！年末年始記念勧誘
mst.lottery_info.4110035._detailText,「UR確定！年末年始記念勧誘」は、有償ラブカ3000個で実施でき、UR部員が1人必ず加入します。<br><br>すでに加入している部員が登場した場合、自動的に「ペンライト」に変換されます。<br>※変換されたペンライトは、プレゼントを経由せず直接加算されます<br>※ペンライトの所持上限に達している場合は、プレゼントに贈られます<br>※ペンライトの獲得量は、部員のレアリティに応じて異なります<br>・UR：500個<br>・SR：50個<br>・R ：20個<br><br>また、登場した部員の人数に応じて「勧誘ポイント [年末年始記念]」を入手します。<br>獲得した「勧誘ポイント」は交換所にて部員やアイテム等と交換できます。<br><br>交換されなかった「勧誘ポイント」は、本勧誘の終了時に自動的に「スキルブック（中）」に変換されます。<br>※変換されたスキルブック（中）は、プレゼントを経由せず直接加算されます<br>※スキルブック（中）の所持上限に達している場合は、プレゼントに贈られます
mst.lottery_info.4110036._infoText,新春初夢記念勧誘
mst.lottery_info.4110036._detailText,「新春初夢記念勧誘」は、R以上の部員が必ず登場します。<br>「10回勧誘」は、ラブカ3000個で実施でき、SR以上の部員が1人以上必ず加入します。<br><br>すでに加入している部員が登場した場合、自動で「ペンライト」に変換されます。<br>※変換されたペンライトは、プレゼントを経由せず直接加算されます<br>※ペンライトの所持上限に達している場合は、プレゼントに贈られます<br>※ペンライトの獲得量は、部員のレアリティに応じて異なります<br>・UR：500個<br>・SR：50個<br>・R ：20個<br><br>また、登場した部員の人数に応じて「勧誘ポイント [新春記念]」を入手します。<br>獲得した「勧誘ポイント」は交換所にて部員やアイテム等と交換できます。<br><br>交換されなかった「勧誘ポイント」は、本勧誘の終了時に自動的に「スキルブック（中）」に変換されます。<br>※変換されたスキルブック（中）は、プレゼントを経由せず直接加算されます<br>※スキルブック（中）の所持上限に達している場合は、プレゼントに贈られます
mst.lottery_info.4110037._infoText,UR確定！新春初夢記念勧誘
mst.lottery_info.4110037._detailText,「UR確定！新春初夢記念勧誘」は、有償ラブカ3000個で実施でき、UR部員が1人必ず加入します。<br><br>すでに加入している部員が登場した場合、自動的に「ペンライト」に変換されます。<br>※変換されたペンライトは、プレゼントを経由せず直接加算されます<br>※ペンライトの所持上限に達している場合は、プレゼントに贈られます<br>※ペンライトの獲得量は、部員のレアリティに応じて異なります<br>・UR：500個<br>・SR：50個<br>・R ：20個<br><br>また、登場した部員の人数に応じて「勧誘ポイント [新春記念]」を入手します。<br>獲得した「勧誘ポイント」は交換所にて部員やアイテム等と交換できます。<br><br>交換されなかった「勧誘ポイント」は、本勧誘の終了時に自動的に「スキルブック（中）」に変換されます。<br>※変換されたスキルブック（中）は、プレゼントを経由せず直接加算されます<br>※スキルブック（中）の所持上限に達している場合は、プレゼントに贈られます
mst.lottery_info.4110038._infoText,ラブソングカーニバル記念勧誘
mst.lottery_info.4110038._detailText,「ラブソングカーニバル記念勧誘」は、虹ヶ咲学園スクールアイドル同好会所属のR以上の部員が必ず登場します。<br>「1回勧誘」は、ラブカ300個で実施できます。<br>「10回勧誘」は、ラブカ3000個で実施でき、SR以上の部員が1人以上必ず加入します。<br>「有償1回勧誘」は、有償ラブカ150個で毎日1回だけ実施できます。<br><br>すでに加入している部員が登場した場合、自動で「ペンライト」に変換されます。<br>※変換されたペンライトは、プレゼントを経由せず直接加算されます<br>※ペンライトの所持上限に達している場合は、プレゼントに贈られます<br>※ペンライトの獲得量は、部員のレアリティに応じて異なります<br>・UR：500個<br>・SR：50個<br>・R ：20個<br><br>また、登場した部員の人数に応じて「勧誘ポイント [ラブソングカーニバル]」を入手します。<br>獲得した「勧誘ポイント」は交換所にて部員やアイテム等と交換できます。<br><br>交換されなかった「勧誘ポイント」は、本勧誘の終了時に自動的に「スキルブック（中）」に変換されます。<br>※変換されたスキルブック（中）は、プレゼントを経由せず直接加算されます<br>※スキルブック（中）の所持上限に達している場合は、プレゼントに贈られます
mst.lottery_info.4110039._infoText,スクフェス2 大感謝勧誘～μ's編～
mst.lottery_info.4110039._detailText,「スクフェス2 大感謝勧誘～μ's編～」は、μ'ｓ所属のR以上の部員が必ず登場します。<br>「スクフェス2 大感謝勧誘～μ's編～」は、「10回勧誘チケット（スクフェス2 大感謝勧誘）」で実施できます。<br><br>すでに加入している部員が登場した場合、自動で「ペンライト」に変換されます。<br>※変換されたペンライトは、プレゼントを経由せず直接加算されます<br>※ペンライトの所持上限に達している場合は、プレゼントに贈られます<br>※ペンライトの獲得量は、部員のレアリティに応じて異なります<br>・UR：500個<br>・SR：50個<br>・R ：20個<br><br>また、登場した部員の人数に応じて「勧誘ポイント [大感謝勧誘]」を入手します。<br>獲得した「勧誘ポイント」は交換所にて部員やアイテム等と交換できます。<br><br>交換されなかった「勧誘ポイント」は、本勧誘の終了時に自動的に「スキルブック（中）」に変換されます。<br>※変換されたスキルブック（中）は、プレゼントを経由せず直接加算されます<br>※スキルブック（中）の所持上限に達している場合は、プレゼントに贈られます
mst.lottery_info.4110040._infoText,スクフェス2 大感謝勧誘～Aqours編～
mst.lottery_info.4110040._detailText,「スクフェス2 大感謝勧誘～Aqours編～」は、Aqours所属のR以上の部員が必ず登場します。<br>「スクフェス2 大感謝勧誘～Aqours編～」は、「10回勧誘チケット（スクフェス2 大感謝勧誘）」で実施できます。<br><br>すでに加入している部員が登場した場合、自動で「ペンライト」に変換されます。<br>※変換されたペンライトは、プレゼントを経由せず直接加算されます<br>※ペンライトの所持上限に達している場合は、プレゼントに贈られます<br>※ペンライトの獲得量は、部員のレアリティに応じて異なります<br>・UR：500個<br>・SR：50個<br>・R ：20個<br><br>また、登場した部員の人数に応じて「勧誘ポイント [大感謝勧誘]」を入手します。<br>獲得した「勧誘ポイント」は交換所にて部員やアイテム等と交換できます。<br><br>交換されなかった「勧誘ポイント」は、本勧誘の終了時に自動的に「スキルブック（中）」に変換されます。<br>※変換されたスキルブック（中）は、プレゼントを経由せず直接加算されます<br>※スキルブック（中）の所持上限に達している場合は、プレゼントに贈られます
mst.lottery_info.4110041._infoText,スクフェス2 大感謝勧誘～ニジガク編～
mst.lottery_info.4110041._detailText,「スクフェス2 大感謝勧誘～ニジガク編～」は、虹ヶ咲学園スクールアイドル同好会所属のR以上の部員が必ず登場します。<br>「スクフェス2 大感謝勧誘～ニジガク編～」は、「10回勧誘チケット（スクフェス2 大感謝勧誘）」で実施できます。<br><br>すでに加入している部員が登場した場合、自動で「ペンライト」に変換されます。<br>※変換されたペンライトは、プレゼントを経由せず直接加算されます<br>※ペンライトの所持上限に達している場合は、プレゼントに贈られます<br>※ペンライトの獲得量は、部員のレアリティに応じて異なります<br>・UR：500個<br>・SR：50個<br>・R ：20個<br><br>また、登場した部員の人数に応じて「勧誘ポイント [大感謝勧誘]」を入手します。<br>獲得した「勧誘ポイント」は交換所にて部員やアイテム等と交換できます。<br><br>交換されなかった「勧誘ポイント」は、本勧誘の終了時に自動的に「スキルブック（中）」に変換されます。<br>※変換されたスキルブック（中）は、プレゼントを経由せず直接加算されます<br>※スキルブック（中）の所持上限に達している場合は、プレゼントに贈られます
mst.lottery_info.4110042._infoText,スクフェス2 大感謝勧誘～Liella!編～
mst.lottery_info.4110042._detailText,「スクフェス2 大感謝勧誘～Liella!編～」は、Liella!所属のR以上の部員が必ず登場します。<br>「スクフェス2 大感謝勧誘～Liella!編～」は、「10回勧誘チケット（スクフェス2 大感謝勧誘）」で実施できます。<br><br>すでに加入している部員が登場した場合、自動で「ペンライト」に変換されます。<br>※変換されたペンライトは、プレゼントを経由せず直接加算されます<br>※ペンライトの所持上限に達している場合は、プレゼントに贈られます<br>※ペンライトの獲得量は、部員のレアリティに応じて異なります<br>・UR：500個<br>・SR：50個<br>・R ：20個<br><br>また、登場した部員の人数に応じて「勧誘ポイント [大感謝勧誘]」を入手します。<br>獲得した「勧誘ポイント」は交換所にて部員やアイテム等と交換できます。<br><br>交換されなかった「勧誘ポイント」は、本勧誘の終了時に自動的に「スキルブック（中）」に変換されます。<br>※変換されたスキルブック（中）は、プレゼントを経由せず直接加算されます<br>※スキルブック（中）の所持上限に達している場合は、プレゼントに贈られます
mst.lottery_info.4110043._infoText,スペシャル勧誘
mst.lottery_info.4110043._detailText,「スペシャル勧誘」は、R以上の部員が必ず登場します。<br>「1回勧誘」は、ラブカ300個で実施できます。<br>「10回勧誘」は、ラブカ3000個で実施でき、SR以上の部員が1人以上必ず加入します。<br>「有償1回勧誘」は、有償ラブカ150個で毎日1回だけ実施できます。<br>「有償10回勧誘」は、有償ラブカ2000個で期間中1回だけ実施できます。<br><br>すでに加入している部員が登場した場合、自動で「ペンライト」に変換されます。<br>※変換されたペンライトは、プレゼントを経由せず直接加算されます<br>※ペンライトの所持上限に達している場合は、プレゼントに贈られます<br>※ペンライトの獲得量は、部員のレアリティに応じて異なります<br>・UR：500個<br>・SR：50個<br>・R ：20個<br><br>また、登場した部員の人数に応じて「勧誘ポイント [スペシャル勧誘]」を入手します。<br>獲得した「勧誘ポイント」は交換所にて部員やアイテム等と交換できます。<br><br>交換されなかった「勧誘ポイント」は、本勧誘の終了時に自動的に「スキルブック（中）」に変換されます。<br>※変換されたスキルブック（中）は、プレゼントを経由せず直接加算されます<br>※スキルブック（中）の所持上限に達している場合は、プレゼントに贈られます
mst.lottery_info.4110044._infoText,スクールアイドル感謝祭 全員集合勧誘
mst.lottery_info.4110044._detailText,「スクールアイドル感謝祭 全員集合勧誘」は、R以上の部員が必ず登場します。<br>「10回勧誘」は、ラブカ3000個で毎日1回まで実施できます。<br>「有償10回勧誘」は、有償ラブカ3000個で実施できます。<br>「有償1回勧誘」は、有償ラブカ50個で毎日3回まで実施できます。<br><br>すでに加入している部員が登場した場合、自動で「ペンライト」に変換されます。<br>※変換されたペンライトは、プレゼントを経由せず直接加算されます<br>※ペンライトの所持上限に達している場合は、プレゼントに贈られます<br>※ペンライトの獲得量は、部員のレアリティに応じて異なります<br>・UR：500個<br>・SR：50個<br>・R ：20個
mst.lottery_info.5110001._infoText,全部員大集合！ステップアップ勧誘
mst.lottery_info.5110001._detailText,「全部員大集合！ステップアップ勧誘」は、STEPが進むごとに内容が変化するお得な勧誘です。<br>勧誘で入手可能な全部員（R・SR・UR）が登場します。<br>各STEPは10回勧誘で、STEPごとに必要なラブカの個数と確定枠が変化します。<br>・STEP 1：ラブカ500個（SR以上1人確定）<br>・STEP 2：ラブカ1000個（SR以上1人確定・UR確率アップ）<br>・STEP 3：ラブカ1500個（SR以上1人確定・UR確率アップ）<br>・STEP 4：ラブカ2000個（SR以上1人確定・UR確率大アップ）<br>・STEP 5：ラブカ2500個（UR部員1人確定！）<br><br>STEP 5の実施後は、再びSTEP 1から繰り返し実施できます。<br><br>すでに加入している部員が登場した場合、自動で「ペンライト」に変換されます。<br>※ペンライトの獲得量は、部員のレアリティに応じて異なります<br>・UR：500個<br>・SR：50個<br>・R ：20個
mst.lottery_info.7110002._infoText,スクフェスデータ連携特典 チケット勧誘
mst.lottery_info.7110002._detailText,「スクフェスデータ連携特典 チケット勧誘」は、R以上の部員が必ず登場します。<br>「10回勧誘」は、「10回勧誘チケット（スクフェスデータ連携特典）」で実施でき、SR以上の部員が1人以上必ず加入します。<br><br>すでに加入している部員が登場した場合、自動で「ペンライト」に変換されます。<br>※変換されたペンライトは、プレゼントを経由せず直接加算されます<br>※ペンライトの所持上限に達している場合は、プレゼントに贈られます<br>※ペンライトの獲得量は、部員のレアリティに応じて異なります<br>・UR：500個<br>・SR：50個<br>・R ：20個<br><br>また、登場した部員の人数に応じて「勧誘ポイント [リリース記念] 」を入手します。<br>獲得した「勧誘ポイント」は交換所にて部員やアイテム等と交換できます。
mst.lottery_info.7110003._infoText,スクスタデータ連携特典 チケット勧誘
mst.lottery_info.7110003._detailText,「スクスタデータ連携特典 チケット勧誘」は、R以上の部員が必ず登場します。<br>「10回勧誘」は、「10回勧誘チケット（スクフェスデータ連携特典）」で実施でき、SR以上の部員が1人以上必ず加入します。<br><br>すでに加入している部員が登場した場合、自動で「ペンライト」に変換されます。<br>※変換されたペンライトは、プレゼントを経由せず直接加算されます<br>※ペンライトの所持上限に達している場合は、プレゼントに贈られます<br>※ペンライトの獲得量は、部員のレアリティに応じて異なります<br>・UR：500個<br>・SR：50個<br>・R ：20個<br><br>また、登場した部員の人数に応じて「勧誘ポイント [リリース記念] 」を入手します。<br>獲得した「勧誘ポイント」は交換所にて部員やアイテム等と交換できます。
mst.lottery_info.8110001._infoText,アイテム勧誘
mst.lottery_info.8110001._detailText,毎日1回、「アイテム勧誘」を実施できます。<br>「アイテム勧誘」は毎日0時にリセットされます。<br><br>「アイテム勧誘」では、以下のアイテムからランダムで10個登場します。<br>・ペンライト：×10個<br>・LPキャンディ[小]：×1個<br>・レッスンノート（小）：×20個<br>・レッスンノート（中）：×8個<br>・レッスンノート（大）：×1個<br>・スキルブック（小）：×18個<br>・スキルブック（中）：×3個<br>・35000ゴールド
mst.lottery_info.8110002._infoText,アイテム勧誘
mst.lottery_info.8110002._detailText,毎日1回、「アイテム勧誘」を実施できます。<br>「アイテム勧誘」は毎日0時にリセットされます。<br><br>「アイテム勧誘」では、以下のアイテムからランダムで10個登場します。<br>・ペンライト：×10個<br>・LPキャンディ[小]：×1個<br>・レッスンノート（小）：×20個<br>・レッスンノート（中）：×8個<br>・レッスンノート（大）：×1個<br>・スキルブック（小）：×18個<br>・スキルブック（中）：×3個<br>・35000ゴールド
mst.lottery_info.8110004._infoText,アイテム勧誘
mst.lottery_info.8110004._detailText,毎日1回、「アイテム勧誘」を実施できます。<br>「アイテム勧誘」は毎日0時にリセットされます。<br><br>「アイテム勧誘」では、以下のアイテムからランダムで10個登場します。<br>・ペンライト：×10個<br>・LPキャンディ[小]：×1個<br>・レッスンノート（小）：×20個<br>・レッスンノート（中）：×8個<br>・レッスンノート（大）：×1個<br>・スキルブック（小）：×18個<br>・スキルブック（中）：×3個<br>・35000ゴールド
mst.lottery_info.8110005._infoText,アイテム勧誘
mst.lottery_info.8110005._detailText,毎日1回、「アイテム勧誘」を実施できます。<br>「アイテム勧誘」は毎日0時にリセットされます。<br><br>「アイテム勧誘」では、以下のアイテムからランダムで10個登場します。<br>・ペンライト：×10個<br>・LPキャンディ[小]：×1個<br>・レッスンノート（小）：×20個<br>・レッスンノート（中）：×8個<br>・レッスンノート（大）：×1個<br>・スキルブック（小）：×18個<br>・スキルブック（中）：×3個<br>・35000ゴールド
mst.lottery_info.8110006._infoText,アイテム勧誘
mst.lottery_info.8110006._detailText,毎日1回、「アイテム勧誘」を実施できます。<br>「アイテム勧誘」は毎日0時にリセットされます。<br><br>「アイテム勧誘」では、以下のアイテムからランダムで10個登場します。<br>・ペンライト：×10個<br>・LPキャンディ[小]：×1個<br>・レッスンノート（小）：×20個<br>・レッスンノート（中）：×8個<br>・レッスンノート（大）：×1個<br>・スキルブック（小）：×18個<br>・スキルブック（中）：×3個<br>・35000ゴールド
mst.lottery_info.9110001._infoText,チュートリアル勧誘【高坂 穂乃果】
mst.lottery_info.9110001._detailText,「チュートリアル勧誘【高坂 穂乃果】 」では、R以上の部員が必ず登場します。<br>「10回勧誘」は無料で実施でき、UR部員「高坂穂乃果【満開の桜】 」が必ず加入します。
mst.lottery_info.9110002._infoText,チュートリアル勧誘【絢瀬 絵里】
mst.lottery_info.9110002._detailText,「チュートリアル勧誘【絢瀬 絵里】 」では、R以上の部員が必ず登場します。<br>「10回勧誘」は無料で実施でき、UR部員「絢瀬絵里【夕暮れの生徒会室】 」が必ず加入します。
mst.lottery_info.9110003._infoText,チュートリアル勧誘【南 ことり】
mst.lottery_info.9110003._detailText,「チュートリアル勧誘【南 ことり】 」では、R以上の部員が必ず登場します。<br>「10回勧誘」は無料で実施でき、UR部員「南 ことり【いらっしゃいませ♪】 」が必ず加入します。
mst.lottery_info.9110004._infoText,チュートリアル勧誘【園田 海未】
mst.lottery_info.9110004._detailText,「チュートリアル勧誘【園田 海未】 」では、R以上の部員が必ず登場します。<br>「10回勧誘」は無料で実施でき、UR部員「園田海未【無心へと】 」が必ず加入します。
mst.lottery_info.9110005._infoText,チュートリアル勧誘【星空 凛】
mst.lottery_info.9110005._detailText,「チュートリアル勧誘【星空 凛】 」では、R以上の部員が必ず登場します。<br>「10回勧誘」は無料で実施でき、UR部員「星空 凛【きらめく屋上】 」が必ず加入します。
mst.lottery_info.9110006._infoText,チュートリアル勧誘【西木野 真姫】
mst.lottery_info.9110006._detailText,「チュートリアル勧誘【西木野 真姫】 」では、R以上の部員が必ず登場します。<br>「10回勧誘」は無料で実施でき、UR部員「西木野真姫【スマホ越しのはにかみ】 」が必ず加入します。
mst.lottery_info.9110007._infoText,チュートリアル勧誘【東條 希】
mst.lottery_info.9110007._detailText,「チュートリアル勧誘【東條 希】 」では、R以上の部員が必ず登場します。<br>「10回勧誘」は無料で実施でき、UR部員「東條 希【降り注ぐ光】 」が必ず加入します。
mst.lottery_info.9110008._infoText,チュートリアル勧誘【小泉 花陽】
mst.lottery_info.9110008._detailText,「チュートリアル勧誘【小泉 花陽】 」では、R以上の部員が必ず登場します。<br>「10回勧誘」は無料で実施でき、UR部員「小泉花陽【µ'sへの想い】 」が必ず加入します。
mst.lottery_info.9110009._infoText,チュートリアル勧誘【矢澤 にこ】
mst.lottery_info.9110009._detailText,「チュートリアル勧誘【矢澤 にこ】 」では、R以上の部員が必ず登場します。<br>「10回勧誘」は無料で実施でき、UR部員「矢澤にこ【ありがた～い講義】 」が必ず加入します。
mst.lottery_info.9110010._infoText,チュートリアル勧誘【高海 千歌】
mst.lottery_info.9110010._detailText,「チュートリアル勧誘【高海 千歌】 」では、R以上の部員が必ず登場します。<br>「10回勧誘」は無料で実施でき、UR部員「高海千歌【練習帰りの談笑】 」が必ず加入します。
mst.lottery_info.9110011._infoText,チュートリアル勧誘【桜内 梨子】
mst.lottery_info.9110011._detailText,「チュートリアル勧誘【桜内 梨子】 」では、R以上の部員が必ず登場します。<br>「10回勧誘」は無料で実施でき、UR部員「桜内梨子【トリオの旋律】 」が必ず加入します。
mst.lottery_info.9110012._infoText,チュートリアル勧誘【松浦 果南】
mst.lottery_info.9110012._detailText,「チュートリアル勧誘【松浦 果南】 」では、R以上の部員が必ず登場します。<br>「10回勧誘」は無料で実施でき、UR部員「松浦果南【頬を撫でる潮風】 」が必ず加入します。
mst.lottery_info.9110013._infoText,チュートリアル勧誘【黒澤 ダイヤ】
mst.lottery_info.9110013._detailText,「チュートリアル勧誘【黒澤 ダイヤ】 」では、R以上の部員が必ず登場します。<br>「10回勧誘」は無料で実施でき、UR部員「黒澤ダイヤ【姉の日課】 」が必ず加入します。
mst.lottery_info.9110014._infoText,チュートリアル勧誘【渡辺 曜】
mst.lottery_info.9110014._detailText,「チュートリアル勧誘【渡辺 曜】 」では、R以上の部員が必ず登場します。<br>「10回勧誘」は無料で実施でき、UR部員「渡辺 曜【耀う水面】 」が必ず加入します。
mst.lottery_info.9110015._infoText,チュートリアル勧誘【津島 善子】
mst.lottery_info.9110015._detailText,「チュートリアル勧誘【津島 善子】 」では、R以上の部員が必ず登場します。<br>「10回勧誘」は無料で実施でき、UR部員「津島善子【堕天使じゃんけん】 」が必ず加入します。
mst.lottery_info.9110016._infoText,チュートリアル勧誘【国木田 花丸】
mst.lottery_info.9110016._detailText,「チュートリアル勧誘【国木田 花丸】 」では、R以上の部員が必ず登場します。<br>「10回勧誘」は無料で実施でき、UR部員「国木田花丸【アフターランチ】 」が必ず加入します。
mst.lottery_info.9110017._infoText,チュートリアル勧誘【小原 鞠莉】
mst.lottery_info.9110017._detailText,「チュートリアル勧誘【小原 鞠莉】 」では、R以上の部員が必ず登場します。<br>「10回勧誘」は無料で実施でき、UR部員「小原鞠莉【風光明媚】 」が必ず加入します。
mst.lottery_info.9110018._infoText,チュートリアル勧誘【黒澤 ルビィ】
mst.lottery_info.9110018._detailText,「チュートリアル勧誘【黒澤 ルビィ】 」では、R以上の部員が必ず登場します。<br>「10回勧誘」は無料で実施でき、UR部員「黒澤ルビィ【おねぼうさん】 」が必ず加入します。
mst.lottery_info.9110019._infoText,チュートリアル勧誘【上原 歩夢】
mst.lottery_info.9110019._detailText,「チュートリアル勧誘【上原 歩夢】 」では、R以上の部員が必ず登場します。<br>「10回勧誘」は無料で実施でき、UR部員「上原歩夢【隣にいるよ】 」が必ず加入します。
mst.lottery_info.9110020._infoText,チュートリアル勧誘【中須 かすみ】
mst.lottery_info.9110020._detailText,「チュートリアル勧誘【中須 かすみ】 」では、R以上の部員が必ず登場します。<br>「10回勧誘」は無料で実施でき、UR部員「中須かすみ【レインボーコッペパン】 」が必ず加入します。
mst.lottery_info.9110021._infoText,チュートリアル勧誘【桜坂 しずく】
mst.lottery_info.9110021._detailText,「チュートリアル勧誘【桜坂 しずく】 」では、R以上の部員が必ず登場します。<br>「10回勧誘」は無料で実施でき、UR部員「桜坂しずく【素の自分で】 」が必ず加入します。
mst.lottery_info.9110022._infoText,チュートリアル勧誘【朝香 果林】
mst.lottery_info.9110022._detailText,「チュートリアル勧誘【朝香 果林】 」では、R以上の部員が必ず登場します。<br>「10回勧誘」は無料で実施でき、UR部員「朝香果林【クオリティの追求】 」が必ず加入します。
mst.lottery_info.9110023._infoText,チュートリアル勧誘【宮下 愛】
mst.lottery_info.9110023._detailText,「チュートリアル勧誘【宮下 愛】 」では、R以上の部員が必ず登場します。<br>「10回勧誘」は無料で実施でき、UR部員「宮下 愛【チェンジオブペース】 」が必ず加入します。
mst.lottery_info.9110024._infoText,チュートリアル勧誘【近江 彼方】
mst.lottery_info.9110024._detailText,「チュートリアル勧誘【近江 彼方】 」では、R以上の部員が必ず登場します。<br>「10回勧誘」は無料で実施でき、UR部員「近江彼方【姉妹の食卓】 」が必ず加入します。
mst.lottery_info.9110025._infoText,チュートリアル勧誘【優木 せつ菜】
mst.lottery_info.9110025._detailText,「チュートリアル勧誘【優木 せつ菜】 」では、R以上の部員が必ず登場します。<br>「10回勧誘」は無料で実施でき、UR部員「優木せつ菜【大好きを伝えたい！】 」が必ず加入します。
mst.lottery_info.9110026._infoText,チュートリアル勧誘【エマ・ヴェルデ】
mst.lottery_info.9110026._detailText,「チュートリアル勧誘【エマ・ヴェルデ】 」では、R以上の部員が必ず登場します。<br>「10回勧誘」は無料で実施でき、UR部員「エマ・ヴェルデ【爽やかな木漏れ日】 」が必ず加入します。
mst.lottery_info.9110027._infoText,チュートリアル勧誘【天王寺 璃奈】
mst.lottery_info.9110027._detailText,「チュートリアル勧誘【天王寺 璃奈】 」では、R以上の部員が必ず登場します。<br>「10回勧誘」は無料で実施でき、UR部員「天王寺璃奈【お散歩役員のお世話】 」が必ず加入します。
mst.lottery_info.9110028._infoText,チュートリアル勧誘【三船 栞子】
mst.lottery_info.9110028._detailText,「チュートリアル勧誘【三船 栞子】 」では、R以上の部員が必ず登場します。<br>「10回勧誘」は無料で実施でき、UR部員「三船栞子【精進あるのみ】 」が必ず加入します。
mst.lottery_info.9110029._infoText,チュートリアル勧誘【ミア・テイラー】
mst.lottery_info.9110029._detailText,「チュートリアル勧誘【ミア・テイラー】 」では、R以上の部員が必ず登場します。<br>「10回勧誘」は無料で実施でき、UR部員「ミア・テイラー【渾身の作曲】 」が必ず加入します。
mst.lottery_info.9110030._infoText,チュートリアル勧誘【鐘 嵐珠】
mst.lottery_info.9110030._detailText,「チュートリアル勧誘【鐘 嵐珠】 」では、R以上の部員が必ず登場します。<br>「10回勧誘」は無料で実施でき、UR部員「鐘 嵐珠【ライバルで仲間】 」が必ず加入します。
mst.lottery_info.9110031._infoText,チュートリアル勧誘【澁谷 かのん】
mst.lottery_info.9110031._detailText,「チュートリアル勧誘【澁谷 かのん】 」では、R以上の部員が必ず登場します。<br>「10回勧誘」は無料で実施でき、UR部員「澁谷かのん【想いを胸に】 」が必ず加入します。
mst.lottery_info.9110032._infoText,チュートリアル勧誘【唐 可可】
mst.lottery_info.9110032._detailText,「チュートリアル勧誘【唐 可可】 」では、R以上の部員が必ず登場します。<br>「10回勧誘」は無料で実施でき、UR部員「唐 可可【衣装スタイリスト】 」が必ず加入します。
mst.lottery_info.9110033._infoText,チュートリアル勧誘【嵐 千砂都】
mst.lottery_info.9110033._detailText,「チュートリアル勧誘【嵐 千砂都】 」では、R以上の部員が必ず登場します。<br>「10回勧誘」は無料で実施でき、UR部員「嵐 千砂都【先輩のステップ】 」が必ず加入します。
mst.lottery_info.9110034._infoText,チュートリアル勧誘【平安名 すみれ】
mst.lottery_info.9110034._detailText,「チュートリアル勧誘【平安名 すみれ】 」では、R以上の部員が必ず登場します。<br>「10回勧誘」は無料で実施でき、UR部員「平安名すみれ【両腕いっぱい】 」が必ず加入します。
mst.lottery_info.9110035._infoText,チュートリアル勧誘【葉月 恋】
mst.lottery_info.9110035._detailText,「チュートリアル勧誘【葉月 恋】 」では、R以上の部員が必ず登場します。<br>「10回勧誘」は無料で実施でき、UR部員「葉月 恋【母の残した結ヶ丘】 」が必ず加入します。
mst.lottery_info.9110036._infoText,チュートリアル勧誘【桜小路 きな子】
mst.lottery_info.9110036._detailText,「チュートリアル勧誘【桜小路 きな子】 」では、R以上の部員が必ず登場します。<br>「10回勧誘」は無料で実施でき、UR部員「桜小路きな子【地上２３０メートル】 」が必ず加入します。
mst.lottery_info.9110037._infoText,チュートリアル勧誘【米女 メイ】
mst.lottery_info.9110037._detailText,「チュートリアル勧誘【米女 メイ】 」では、R以上の部員が必ず登場します。<br>「10回勧誘」は無料で実施でき、UR部員「米女メイ【コンプリート目前】 」が必ず加入します。
mst.lottery_info.9110038._infoText,チュートリアル勧誘【若菜 四季】
mst.lottery_info.9110038._detailText,「チュートリアル勧誘【若菜 四季】 」では、R以上の部員が必ず登場します。<br>「10回勧誘」は無料で実施でき、UR部員「若菜四季【放課後の科学室】 」が必ず加入します。
mst.lottery_info.9110039._infoText,チュートリアル勧誘【鬼塚 夏美】
mst.lottery_info.9110039._detailText,「チュートリアル勧誘【鬼塚 夏美】 」では、R以上の部員が必ず登場します。<br>「10回勧誘」は無料で実施でき、UR部員「鬼塚夏美【オニナッツ生配信中！】 」が必ず加入します。
mst.lottery_info.6110001._infoText,μ's特待生勧誘
mst.lottery_info.6110001._detailText,「μ's特待生勧誘」は、スクフェスに登場したμ'sの部員を勧誘できる特別な勧誘です。<br>提供割合：R 68％ / SR 26％ / UR 6％<br>11回勧誘では、SR以上の部員が1人確定で登場します。<br><br>すでに加入している部員が登場した場合、自動で「ペンライト」に変換されます。<br>※ペンライトの獲得量は、部員のレアリティに応じて異なります<br>・UR：500個<br>・SR：50個<br>・R ：20個
mst.lottery_info.6110002._infoText,Aqours特待生勧誘
mst.lottery_info.6110002._detailText,「Aqours特待生勧誘」は、スクフェスに登場したAqoursの部員を勧誘できる特別な勧誘です。<br>提供割合：R 68％ / SR 26％ / UR 6％<br>11回勧誘では、SR以上の部員が1人確定で登場します。<br><br>すでに加入している部員が登場した場合、自動で「ペンライト」に変換されます。<br>※ペンライトの獲得量は、部員のレアリティに応じて異なります<br>・UR：500個<br>・SR：50個<br>・R ：20個
mst.lottery_info.6110003._infoText,虹ヶ咲特待生勧誘
mst.lottery_info.6110003._detailText,「虹ヶ咲特待生勧誘」は、スクフェスに登場した虹ヶ咲の部員を勧誘できる特別な勧誘です。<br>提供割合：R 68％ / SR 26％ / UR 6％<br>11回勧誘では、SR以上の部員が1人確定で登場します。<br><br>すでに加入している部員が登場した場合、自動で「ペンライト」に変換されます。<br>※ペンライトの獲得量は、部員のレアリティに応じて異なります<br>・UR：500個<br>・SR：50個<br>・R ：20個
mst.lottery_info.6110004._infoText,Liella!特待生勧誘
mst.lottery_info.6110004._detailText,「Liella!特待生勧誘」は、スクフェスに登場したLiella!の部員を勧誘できる特別な勧誘です。<br>提供割合：R 68％ / SR 26％ / UR 6％<br>11回勧誘では、SR以上の部員が1人確定で登場します。<br><br>すでに加入している部員が登場した場合、自動で「ペンライト」に変換されます。<br>※ペンライトの獲得量は、部員のレアリティに応じて異なります<br>・UR：500個<br>・SR：50個<br>・R ：20個
