_key,_text
mst.mission.1153001._title,4日間ログインしよう
mst.mission.1153001._detail,4日間ログインしよう
mst.mission.1153002._title,5日間ログインしよう
mst.mission.1153002._detail,5日間ログインしよう
mst.mission.1153003._title,10日間ログインしよう
mst.mission.1153003._detail,10日間ログインしよう
mst.mission.1153004._title,15日間ログインしよう
mst.mission.1153004._detail,15日間ログインしよう
mst.mission.1153005._title,20日間ログインしよう
mst.mission.1153005._detail,20日間ログインしよう
mst.mission.1153006._title,30日間ログインしよう
mst.mission.1153006._detail,30日間ログインしよう
mst.mission.1153007._title,40日間ログインしよう
mst.mission.1153007._detail,40日間ログインしよう
mst.mission.1153008._title,50日間ログインしよう
mst.mission.1153008._detail,50日間ログインしよう
mst.mission.1153009._title,60日間ログインしよう
mst.mission.1153009._detail,60日間ログインしよう
mst.mission.1153010._title,70日間ログインしよう
mst.mission.1153010._detail,70日間ログインしよう
mst.mission.1153011._title,80日間ログインしよう
mst.mission.1153011._detail,80日間ログインしよう
mst.mission.1153012._title,90日間ログインしよう
mst.mission.1153012._detail,90日間ログインしよう
mst.mission.1153013._title,100日間ログインしよう
mst.mission.1153013._detail,100日間ログインしよう
mst.mission.1153014._title,150日間ログインしよう
mst.mission.1153014._detail,150日間ログインしよう
mst.mission.1153015._title,200日間ログインしよう
mst.mission.1153015._detail,200日間ログインしよう
mst.mission.1153016._title,250日間ログインしよう
mst.mission.1153016._detail,250日間ログインしよう
mst.mission.1153017._title,300日間ログインしよう
mst.mission.1153017._detail,300日間ログインしよう
mst.mission.1153018._title,400日間ログインしよう
mst.mission.1153018._detail,400日間ログインしよう
mst.mission.1153019._title,500日間ログインしよう
mst.mission.1153019._detail,500日間ログインしよう
mst.mission.1105001._title,ライブを30回クリアしよう
mst.mission.1105001._detail,ライブを30回クリアしよう
mst.mission.1105002._title,ライブを50回クリアしよう
mst.mission.1105002._detail,ライブを50回クリアしよう
mst.mission.1105003._title,ライブを100回クリアしよう
mst.mission.1105003._detail,ライブを100回クリアしよう
mst.mission.1105004._title,ライブを200回クリアしよう
mst.mission.1105004._detail,ライブを200回クリアしよう
mst.mission.1105005._title,ライブを300回クリアしよう
mst.mission.1105005._detail,ライブを300回クリアしよう
mst.mission.1105006._title,ライブを400回クリアしよう
mst.mission.1105006._detail,ライブを400回クリアしよう
mst.mission.1105007._title,ライブを500回クリアしよう
mst.mission.1105007._detail,ライブを500回クリアしよう
mst.mission.1105008._title,ライブを600回クリアしよう
mst.mission.1105008._detail,ライブを600回クリアしよう
mst.mission.1105009._title,ライブを700回クリアしよう
mst.mission.1105009._detail,ライブを700回クリアしよう
mst.mission.1105010._title,ライブを800回クリアしよう
mst.mission.1105010._detail,ライブを800回クリアしよう
mst.mission.1105011._title,ライブを900回クリアしよう
mst.mission.1105011._detail,ライブを900回クリアしよう
mst.mission.1105012._title,ライブを1000回クリアしよう
mst.mission.1105012._detail,ライブを1000回クリアしよう
mst.mission.1105013._title,ライブを2000回クリアしよう
mst.mission.1105013._detail,ライブを2000回クリアしよう
mst.mission.1105014._title,ライブを3000回クリアしよう
mst.mission.1105014._detail,ライブを3000回クリアしよう
mst.mission.1105015._title,ライブを4000回クリアしよう
mst.mission.1105015._detail,ライブを4000回クリアしよう
mst.mission.1105016._title,ライブを5000回クリアしよう
mst.mission.1105016._detail,ライブを5000回クリアしよう
mst.mission.1105017._title,ライブを10000回クリアしよう
mst.mission.1105017._detail,ライブを10000回クリアしよう
mst.mission.1101001._title,プレイヤーランクを10にしよう
mst.mission.1101001._detail,プレイヤーランクを10にしよう
mst.mission.1101002._title,プレイヤーランクを20にしよう
mst.mission.1101002._detail,プレイヤーランクを20にしよう
mst.mission.1101003._title,プレイヤーランクを30にしよう
mst.mission.1101003._detail,プレイヤーランクを30にしよう
mst.mission.1101004._title,プレイヤーランクを40にしよう
mst.mission.1101004._detail,プレイヤーランクを40にしよう
mst.mission.1101005._title,プレイヤーランクを50にしよう
mst.mission.1101005._detail,プレイヤーランクを50にしよう
mst.mission.1101006._title,プレイヤーランクを60にしよう
mst.mission.1101006._detail,プレイヤーランクを60にしよう
mst.mission.1101007._title,プレイヤーランクを70にしよう
mst.mission.1101007._detail,プレイヤーランクを70にしよう
mst.mission.1101008._title,プレイヤーランクを80にしよう
mst.mission.1101008._detail,プレイヤーランクを80にしよう
mst.mission.1101009._title,プレイヤーランクを90にしよう
mst.mission.1101009._detail,プレイヤーランクを90にしよう
mst.mission.1101010._title,プレイヤーランクを100にしよう
mst.mission.1101010._detail,プレイヤーランクを100にしよう
mst.mission.1101011._title,プレイヤーランクを110にしよう
mst.mission.1101011._detail,プレイヤーランクを110にしよう
mst.mission.1101012._title,プレイヤーランクを120にしよう
mst.mission.1101012._detail,プレイヤーランクを120にしよう
mst.mission.1101013._title,プレイヤーランクを130にしよう
mst.mission.1101013._detail,プレイヤーランクを130にしよう
mst.mission.1101014._title,プレイヤーランクを140にしよう
mst.mission.1101014._detail,プレイヤーランクを140にしよう
mst.mission.1101015._title,プレイヤーランクを150にしよう
mst.mission.1101015._detail,プレイヤーランクを150にしよう
mst.mission.1101016._title,プレイヤーランクを160にしよう
mst.mission.1101016._detail,プレイヤーランクを160にしよう
mst.mission.1101017._title,プレイヤーランクを170にしよう
mst.mission.1101017._detail,プレイヤーランクを170にしよう
mst.mission.1101018._title,プレイヤーランクを180にしよう
mst.mission.1101018._detail,プレイヤーランクを180にしよう
mst.mission.1101019._title,プレイヤーランクを190にしよう
mst.mission.1101019._detail,プレイヤーランクを190にしよう
mst.mission.1101020._title,プレイヤーランクを200にしよう
mst.mission.1101020._detail,プレイヤーランクを200にしよう
mst.mission.1101021._title,プレイヤーランクを210にしよう
mst.mission.1101021._detail,プレイヤーランクを210にしよう
mst.mission.1101022._title,プレイヤーランクを220にしよう
mst.mission.1101022._detail,プレイヤーランクを220にしよう
mst.mission.1101023._title,プレイヤーランクを230にしよう
mst.mission.1101023._detail,プレイヤーランクを230にしよう
mst.mission.1101024._title,プレイヤーランクを240にしよう
mst.mission.1101024._detail,プレイヤーランクを240にしよう
mst.mission.1101025._title,プレイヤーランクを250にしよう
mst.mission.1101025._detail,プレイヤーランクを250にしよう
mst.mission.1101026._title,プレイヤーランクを260にしよう
mst.mission.1101026._detail,プレイヤーランクを260にしよう
mst.mission.1101027._title,プレイヤーランクを270にしよう
mst.mission.1101027._detail,プレイヤーランクを270にしよう
mst.mission.1101028._title,プレイヤーランクを280にしよう
mst.mission.1101028._detail,プレイヤーランクを280にしよう
mst.mission.1101029._title,プレイヤーランクを290にしよう
mst.mission.1101029._detail,プレイヤーランクを290にしよう
mst.mission.1101030._title,プレイヤーランクを300にしよう
mst.mission.1101030._detail,プレイヤーランクを300にしよう
mst.mission.1114001._title,部員をレベル20以上にしよう
mst.mission.1114001._detail,部員をレベル20以上にしよう
mst.mission.1114002._title,2人の部員をレベル20以上にしよう
mst.mission.1114002._detail,2人の部員をレベル20以上にしよう
mst.mission.1114003._title,3人の部員をレベル20以上にしよう
mst.mission.1114003._detail,3人の部員をレベル20以上にしよう
mst.mission.1114004._title,4人の部員をレベル20以上にしよう
mst.mission.1114004._detail,4人の部員をレベル20以上にしよう
mst.mission.1114005._title,5人の部員をレベル20以上にしよう
mst.mission.1114005._detail,5人の部員をレベル20以上にしよう
mst.mission.1114006._title,6人の部員をレベル20以上にしよう
mst.mission.1114006._detail,6人の部員をレベル20以上にしよう
mst.mission.1114007._title,7人の部員をレベル20以上にしよう
mst.mission.1114007._detail,7人の部員をレベル20以上にしよう
mst.mission.1114008._title,8人の部員をレベル20以上にしよう
mst.mission.1114008._detail,8人の部員をレベル20以上にしよう
mst.mission.1114009._title,9人の部員をレベル20以上にしよう
mst.mission.1114009._detail,9人の部員をレベル20以上にしよう
mst.mission.1114010._title,10人の部員をレベル20以上にしよう
mst.mission.1114010._detail,10人の部員をレベル20以上にしよう
mst.mission.1114011._title,11人の部員をレベル20以上にしよう
mst.mission.1114011._detail,11人の部員をレベル20以上にしよう
mst.mission.1114012._title,12人の部員をレベル20以上にしよう
mst.mission.1114012._detail,12人の部員をレベル20以上にしよう
mst.mission.1114013._title,13人の部員をレベル20以上にしよう
mst.mission.1114013._detail,13人の部員をレベル20以上にしよう
mst.mission.1114014._title,14人の部員をレベル20以上にしよう
mst.mission.1114014._detail,14人の部員をレベル20以上にしよう
mst.mission.1114015._title,15人の部員をレベル20以上にしよう
mst.mission.1114015._detail,15人の部員をレベル20以上にしよう
mst.mission.1114016._title,16人の部員をレベル20以上にしよう
mst.mission.1114016._detail,16人の部員をレベル20以上にしよう
mst.mission.1114017._title,17人の部員をレベル20以上にしよう
mst.mission.1114017._detail,17人の部員をレベル20以上にしよう
mst.mission.1114018._title,18人の部員をレベル20以上にしよう
mst.mission.1114018._detail,18人の部員をレベル20以上にしよう
mst.mission.1114019._title,19人の部員をレベル20以上にしよう
mst.mission.1114019._detail,19人の部員をレベル20以上にしよう
mst.mission.1114020._title,20人の部員をレベル20以上にしよう
mst.mission.1114020._detail,20人の部員をレベル20以上にしよう
mst.mission.1114021._title,21人の部員をレベル20以上にしよう
mst.mission.1114021._detail,21人の部員をレベル20以上にしよう
mst.mission.1114022._title,22人の部員をレベル20以上にしよう
mst.mission.1114022._detail,22人の部員をレベル20以上にしよう
mst.mission.1114023._title,23人の部員をレベル20以上にしよう
mst.mission.1114023._detail,23人の部員をレベル20以上にしよう
mst.mission.1114024._title,24人の部員をレベル20以上にしよう
mst.mission.1114024._detail,24人の部員をレベル20以上にしよう
mst.mission.1114025._title,25人の部員をレベル20以上にしよう
mst.mission.1114025._detail,25人の部員をレベル20以上にしよう
mst.mission.1114026._title,26人の部員をレベル20以上にしよう
mst.mission.1114026._detail,26人の部員をレベル20以上にしよう
mst.mission.1114027._title,27人の部員をレベル20以上にしよう
mst.mission.1114027._detail,27人の部員をレベル20以上にしよう
mst.mission.1114028._title,部員をレベル40以上にしよう
mst.mission.1114028._detail,部員をレベル40以上にしよう
mst.mission.1114029._title,2人の部員をレベル40以上にしよう
mst.mission.1114029._detail,2人の部員をレベル40以上にしよう
mst.mission.1114030._title,3人の部員をレベル40以上にしよう
mst.mission.1114030._detail,3人の部員をレベル40以上にしよう
mst.mission.1114031._title,4人の部員をレベル40以上にしよう
mst.mission.1114031._detail,4人の部員をレベル40以上にしよう
mst.mission.1114032._title,5人の部員をレベル40以上にしよう
mst.mission.1114032._detail,5人の部員をレベル40以上にしよう
mst.mission.1114033._title,6人の部員をレベル40以上にしよう
mst.mission.1114033._detail,6人の部員をレベル40以上にしよう
mst.mission.1114034._title,7人の部員をレベル40以上にしよう
mst.mission.1114034._detail,7人の部員をレベル40以上にしよう
mst.mission.1114035._title,8人の部員をレベル40以上にしよう
mst.mission.1114035._detail,8人の部員をレベル40以上にしよう
mst.mission.1114036._title,9人の部員をレベル40以上にしよう
mst.mission.1114036._detail,9人の部員をレベル40以上にしよう
mst.mission.1114037._title,10人の部員をレベル40以上にしよう
mst.mission.1114037._detail,10人の部員をレベル40以上にしよう
mst.mission.1114038._title,11人の部員をレベル40以上にしよう
mst.mission.1114038._detail,11人の部員をレベル40以上にしよう
mst.mission.1114039._title,12人の部員をレベル40以上にしよう
mst.mission.1114039._detail,12人の部員をレベル40以上にしよう
mst.mission.1114040._title,13人の部員をレベル40以上にしよう
mst.mission.1114040._detail,13人の部員をレベル40以上にしよう
mst.mission.1114041._title,14人の部員をレベル40以上にしよう
mst.mission.1114041._detail,14人の部員をレベル40以上にしよう
mst.mission.1114042._title,15人の部員をレベル40以上にしよう
mst.mission.1114042._detail,15人の部員をレベル40以上にしよう
mst.mission.1114043._title,16人の部員をレベル40以上にしよう
mst.mission.1114043._detail,16人の部員をレベル40以上にしよう
mst.mission.1114044._title,17人の部員をレベル40以上にしよう
mst.mission.1114044._detail,17人の部員をレベル40以上にしよう
mst.mission.1114045._title,18人の部員をレベル40以上にしよう
mst.mission.1114045._detail,18人の部員をレベル40以上にしよう
mst.mission.1114046._title,19人の部員をレベル40以上にしよう
mst.mission.1114046._detail,19人の部員をレベル40以上にしよう
mst.mission.1114047._title,20人の部員をレベル40以上にしよう
mst.mission.1114047._detail,20人の部員をレベル40以上にしよう
mst.mission.1114048._title,21人の部員をレベル40以上にしよう
mst.mission.1114048._detail,21人の部員をレベル40以上にしよう
mst.mission.1114049._title,22人の部員をレベル40以上にしよう
mst.mission.1114049._detail,22人の部員をレベル40以上にしよう
mst.mission.1114050._title,23人の部員をレベル40以上にしよう
mst.mission.1114050._detail,23人の部員をレベル40以上にしよう
mst.mission.1114051._title,24人の部員をレベル40以上にしよう
mst.mission.1114051._detail,24人の部員をレベル40以上にしよう
mst.mission.1114052._title,25人の部員をレベル40以上にしよう
mst.mission.1114052._detail,25人の部員をレベル40以上にしよう
mst.mission.1114053._title,26人の部員をレベル40以上にしよう
mst.mission.1114053._detail,26人の部員をレベル40以上にしよう
mst.mission.1114054._title,27人の部員をレベル40以上にしよう
mst.mission.1114054._detail,27人の部員をレベル40以上にしよう
mst.mission.1114055._title,部員をレベル60以上にしよう
mst.mission.1114055._detail,部員をレベル60以上にしよう
mst.mission.1114056._title,2人の部員をレベル60以上にしよう
mst.mission.1114056._detail,2人の部員をレベル60以上にしよう
mst.mission.1114057._title,3人の部員をレベル60以上にしよう
mst.mission.1114057._detail,3人の部員をレベル60以上にしよう
mst.mission.1114058._title,4人の部員をレベル60以上にしよう
mst.mission.1114058._detail,4人の部員をレベル60以上にしよう
mst.mission.1114059._title,5人の部員をレベル60以上にしよう
mst.mission.1114059._detail,5人の部員をレベル60以上にしよう
mst.mission.1114060._title,6人の部員をレベル60以上にしよう
mst.mission.1114060._detail,6人の部員をレベル60以上にしよう
mst.mission.1114061._title,7人の部員をレベル60以上にしよう
mst.mission.1114061._detail,7人の部員をレベル60以上にしよう
mst.mission.1114062._title,8人の部員をレベル60以上にしよう
mst.mission.1114062._detail,8人の部員をレベル60以上にしよう
mst.mission.1114063._title,9人の部員をレベル60以上にしよう
mst.mission.1114063._detail,9人の部員をレベル60以上にしよう
mst.mission.1114064._title,10人の部員をレベル60以上にしよう
mst.mission.1114064._detail,10人の部員をレベル60以上にしよう
mst.mission.1114065._title,11人の部員をレベル60以上にしよう
mst.mission.1114065._detail,11人の部員をレベル60以上にしよう
mst.mission.1114066._title,12人の部員をレベル60以上にしよう
mst.mission.1114066._detail,12人の部員をレベル60以上にしよう
mst.mission.1114067._title,13人の部員をレベル60以上にしよう
mst.mission.1114067._detail,13人の部員をレベル60以上にしよう
mst.mission.1114068._title,14人の部員をレベル60以上にしよう
mst.mission.1114068._detail,14人の部員をレベル60以上にしよう
mst.mission.1114069._title,15人の部員をレベル60以上にしよう
mst.mission.1114069._detail,15人の部員をレベル60以上にしよう
mst.mission.1114070._title,16人の部員をレベル60以上にしよう
mst.mission.1114070._detail,16人の部員をレベル60以上にしよう
mst.mission.1114071._title,17人の部員をレベル60以上にしよう
mst.mission.1114071._detail,17人の部員をレベル60以上にしよう
mst.mission.1114072._title,18人の部員をレベル60以上にしよう
mst.mission.1114072._detail,18人の部員をレベル60以上にしよう
mst.mission.1114073._title,19人の部員をレベル60以上にしよう
mst.mission.1114073._detail,19人の部員をレベル60以上にしよう
mst.mission.1114074._title,20人の部員をレベル60以上にしよう
mst.mission.1114074._detail,20人の部員をレベル60以上にしよう
mst.mission.1114075._title,21人の部員をレベル60以上にしよう
mst.mission.1114075._detail,21人の部員をレベル60以上にしよう
mst.mission.1114076._title,22人の部員をレベル60以上にしよう
mst.mission.1114076._detail,22人の部員をレベル60以上にしよう
mst.mission.1114077._title,23人の部員をレベル60以上にしよう
mst.mission.1114077._detail,23人の部員をレベル60以上にしよう
mst.mission.1114078._title,24人の部員をレベル60以上にしよう
mst.mission.1114078._detail,24人の部員をレベル60以上にしよう
mst.mission.1114079._title,25人の部員をレベル60以上にしよう
mst.mission.1114079._detail,25人の部員をレベル60以上にしよう
mst.mission.1114080._title,26人の部員をレベル60以上にしよう
mst.mission.1114080._detail,26人の部員をレベル60以上にしよう
mst.mission.1114081._title,27人の部員をレベル60以上にしよう
mst.mission.1114081._detail,27人の部員をレベル60以上にしよう
mst.mission.1114082._title,部員をレベル80以上にしよう
mst.mission.1114082._detail,部員をレベル80以上にしよう
mst.mission.1114083._title,2人の部員をレベル80以上にしよう
mst.mission.1114083._detail,2人の部員をレベル80以上にしよう
mst.mission.1114084._title,3人の部員をレベル80以上にしよう
mst.mission.1114084._detail,3人の部員をレベル80以上にしよう
mst.mission.1114085._title,4人の部員をレベル80以上にしよう
mst.mission.1114085._detail,4人の部員をレベル80以上にしよう
mst.mission.1114086._title,5人の部員をレベル80以上にしよう
mst.mission.1114086._detail,5人の部員をレベル80以上にしよう
mst.mission.1114087._title,6人の部員をレベル80以上にしよう
mst.mission.1114087._detail,6人の部員をレベル80以上にしよう
mst.mission.1114088._title,7人の部員をレベル80以上にしよう
mst.mission.1114088._detail,7人の部員をレベル80以上にしよう
mst.mission.1114089._title,8人の部員をレベル80以上にしよう
mst.mission.1114089._detail,8人の部員をレベル80以上にしよう
mst.mission.1114090._title,9人の部員をレベル80以上にしよう
mst.mission.1114090._detail,9人の部員をレベル80以上にしよう
mst.mission.1114091._title,10人の部員をレベル80以上にしよう
mst.mission.1114091._detail,10人の部員をレベル80以上にしよう
mst.mission.1114092._title,11人の部員をレベル80以上にしよう
mst.mission.1114092._detail,11人の部員をレベル80以上にしよう
mst.mission.1114093._title,12人の部員をレベル80以上にしよう
mst.mission.1114093._detail,12人の部員をレベル80以上にしよう
mst.mission.1114094._title,13人の部員をレベル80以上にしよう
mst.mission.1114094._detail,13人の部員をレベル80以上にしよう
mst.mission.1114095._title,14人の部員をレベル80以上にしよう
mst.mission.1114095._detail,14人の部員をレベル80以上にしよう
mst.mission.1114096._title,15人の部員をレベル80以上にしよう
mst.mission.1114096._detail,15人の部員をレベル80以上にしよう
mst.mission.1114097._title,16人の部員をレベル80以上にしよう
mst.mission.1114097._detail,16人の部員をレベル80以上にしよう
mst.mission.1114098._title,17人の部員をレベル80以上にしよう
mst.mission.1114098._detail,17人の部員をレベル80以上にしよう
mst.mission.1114099._title,18人の部員をレベル80以上にしよう
mst.mission.1114099._detail,18人の部員をレベル80以上にしよう
mst.mission.1114100._title,19人の部員をレベル80以上にしよう
mst.mission.1114100._detail,19人の部員をレベル80以上にしよう
mst.mission.1114101._title,20人の部員をレベル80以上にしよう
mst.mission.1114101._detail,20人の部員をレベル80以上にしよう
mst.mission.1114102._title,21人の部員をレベル80以上にしよう
mst.mission.1114102._detail,21人の部員をレベル80以上にしよう
mst.mission.1114103._title,22人の部員をレベル80以上にしよう
mst.mission.1114103._detail,22人の部員をレベル80以上にしよう
mst.mission.1114104._title,23人の部員をレベル80以上にしよう
mst.mission.1114104._detail,23人の部員をレベル80以上にしよう
mst.mission.1114105._title,24人の部員をレベル80以上にしよう
mst.mission.1114105._detail,24人の部員をレベル80以上にしよう
mst.mission.1114106._title,25人の部員をレベル80以上にしよう
mst.mission.1114106._detail,25人の部員をレベル80以上にしよう
mst.mission.1114107._title,26人の部員をレベル80以上にしよう
mst.mission.1114107._detail,26人の部員をレベル80以上にしよう
mst.mission.1114108._title,27人の部員をレベル80以上にしよう
mst.mission.1114108._detail,27人の部員をレベル80以上にしよう
mst.mission.1114109._title,部員をレベル100以上にしよう
mst.mission.1114109._detail,部員をレベル100以上にしよう
mst.mission.1114110._title,2人の部員をレベル100以上にしよう
mst.mission.1114110._detail,2人の部員をレベル100以上にしよう
mst.mission.1114111._title,3人の部員をレベル100以上にしよう
mst.mission.1114111._detail,3人の部員をレベル100以上にしよう
mst.mission.1114112._title,4人の部員をレベル100以上にしよう
mst.mission.1114112._detail,4人の部員をレベル100以上にしよう
mst.mission.1114113._title,5人の部員をレベル100以上にしよう
mst.mission.1114113._detail,5人の部員をレベル100以上にしよう
mst.mission.1114114._title,6人の部員をレベル100以上にしよう
mst.mission.1114114._detail,6人の部員をレベル100以上にしよう
mst.mission.1114115._title,7人の部員をレベル100以上にしよう
mst.mission.1114115._detail,7人の部員をレベル100以上にしよう
mst.mission.1114116._title,8人の部員をレベル100以上にしよう
mst.mission.1114116._detail,8人の部員をレベル100以上にしよう
mst.mission.1114117._title,9人の部員をレベル100以上にしよう
mst.mission.1114117._detail,9人の部員をレベル100以上にしよう
mst.mission.1114118._title,10人の部員をレベル100以上にしよう
mst.mission.1114118._detail,10人の部員をレベル100以上にしよう
mst.mission.1114119._title,11人の部員をレベル100以上にしよう
mst.mission.1114119._detail,11人の部員をレベル100以上にしよう
mst.mission.1114120._title,12人の部員をレベル100以上にしよう
mst.mission.1114120._detail,12人の部員をレベル100以上にしよう
mst.mission.1114121._title,13人の部員をレベル100以上にしよう
mst.mission.1114121._detail,13人の部員をレベル100以上にしよう
mst.mission.1114122._title,14人の部員をレベル100以上にしよう
mst.mission.1114122._detail,14人の部員をレベル100以上にしよう
mst.mission.1114123._title,15人の部員をレベル100以上にしよう
mst.mission.1114123._detail,15人の部員をレベル100以上にしよう
mst.mission.1114124._title,16人の部員をレベル100以上にしよう
mst.mission.1114124._detail,16人の部員をレベル100以上にしよう
mst.mission.1114125._title,17人の部員をレベル100以上にしよう
mst.mission.1114125._detail,17人の部員をレベル100以上にしよう
mst.mission.1114126._title,18人の部員をレベル100以上にしよう
mst.mission.1114126._detail,18人の部員をレベル100以上にしよう
mst.mission.1114127._title,19人の部員をレベル100以上にしよう
mst.mission.1114127._detail,19人の部員をレベル100以上にしよう
mst.mission.1114128._title,20人の部員をレベル100以上にしよう
mst.mission.1114128._detail,20人の部員をレベル100以上にしよう
mst.mission.1114129._title,21人の部員をレベル100以上にしよう
mst.mission.1114129._detail,21人の部員をレベル100以上にしよう
mst.mission.1114130._title,22人の部員をレベル100以上にしよう
mst.mission.1114130._detail,22人の部員をレベル100以上にしよう
mst.mission.1114131._title,23人の部員をレベル100以上にしよう
mst.mission.1114131._detail,23人の部員をレベル100以上にしよう
mst.mission.1114132._title,24人の部員をレベル100以上にしよう
mst.mission.1114132._detail,24人の部員をレベル100以上にしよう
mst.mission.1114133._title,25人の部員をレベル100以上にしよう
mst.mission.1114133._detail,25人の部員をレベル100以上にしよう
mst.mission.1114134._title,26人の部員をレベル100以上にしよう
mst.mission.1114134._detail,26人の部員をレベル100以上にしよう
mst.mission.1114135._title,27人の部員をレベル100以上にしよう
mst.mission.1114135._detail,27人の部員をレベル100以上にしよう
mst.mission.1112001._title,部員を30人集めよう
mst.mission.1112001._detail,部員を30人集めよう
mst.mission.1112002._title,部員を40人集めよう
mst.mission.1112002._detail,部員を40人集めよう
mst.mission.1112003._title,部員を50人集めよう
mst.mission.1112003._detail,部員を50人集めよう
mst.mission.1112004._title,部員を60人集めよう
mst.mission.1112004._detail,部員を60人集めよう
mst.mission.1112005._title,部員を70人集めよう
mst.mission.1112005._detail,部員を70人集めよう
mst.mission.1112006._title,部員を80人集めよう
mst.mission.1112006._detail,部員を80人集めよう
mst.mission.1112007._title,部員を90人集めよう
mst.mission.1112007._detail,部員を90人集めよう
mst.mission.1112008._title,部員を100人集めよう
mst.mission.1112008._detail,部員を100人集めよう
mst.mission.1112009._title,部員を110人集めよう
mst.mission.1112009._detail,部員を110人集めよう
mst.mission.1112010._title,部員を120人集めよう
mst.mission.1112010._detail,部員を120人集めよう
mst.mission.1112011._title,部員を130人集めよう
mst.mission.1112011._detail,部員を130人集めよう
mst.mission.1112012._title,部員を140人集めよう
mst.mission.1112012._detail,部員を140人集めよう
mst.mission.1112013._title,部員を150人集めよう
mst.mission.1112013._detail,部員を150人集めよう
mst.mission.1112014._title,部員を160人集めよう
mst.mission.1112014._detail,部員を160人集めよう
mst.mission.1112015._title,部員を170人集めよう
mst.mission.1112015._detail,部員を170人集めよう
mst.mission.1112016._title,部員を180人集めよう
mst.mission.1112016._detail,部員を180人集めよう
mst.mission.1112017._title,部員を190人集めよう
mst.mission.1112017._detail,部員を190人集めよう
mst.mission.1112018._title,部員を200人集めよう
mst.mission.1112018._detail,部員を200人集めよう
mst.mission.1112019._title,部員を210人集めよう
mst.mission.1112019._detail,部員を210人集めよう
mst.mission.1112020._title,部員を220人集めよう
mst.mission.1112020._detail,部員を220人集めよう
mst.mission.1112021._title,部員を230人集めよう
mst.mission.1112021._detail,部員を230人集めよう
mst.mission.1112022._title,部員を240人集めよう
mst.mission.1112022._detail,部員を240人集めよう
mst.mission.1112023._title,部員を250人集めよう
mst.mission.1112023._detail,部員を250人集めよう
mst.mission.1112024._title,部員を260人集めよう
mst.mission.1112024._detail,部員を260人集めよう
mst.mission.1112025._title,部員を270人集めよう
mst.mission.1112025._detail,部員を270人集めよう
mst.mission.1112026._title,部員を280人集めよう
mst.mission.1112026._detail,部員を280人集めよう
mst.mission.1112027._title,部員を290人集めよう
mst.mission.1112027._detail,部員を290人集めよう
mst.mission.1112028._title,部員を300人集めよう
mst.mission.1112028._detail,部員を300人集めよう
mst.mission.1112029._title,部員を310人集めよう
mst.mission.1112029._detail,部員を310人集めよう
mst.mission.1112030._title,部員を320人集めよう
mst.mission.1112030._detail,部員を320人集めよう
mst.mission.1112031._title,部員を330人集めよう
mst.mission.1112031._detail,部員を330人集めよう
mst.mission.1112032._title,部員を340人集めよう
mst.mission.1112032._detail,部員を340人集めよう
mst.mission.1112033._title,部員を350人集めよう
mst.mission.1112033._detail,部員を350人集めよう
mst.mission.1121001._title,累計500000Gを手に入れよう
mst.mission.1121001._detail,累計500000Gを手に入れよう
mst.mission.1121002._title,累計1000000Gを手に入れよう
mst.mission.1121002._detail,累計1000000Gを手に入れよう
mst.mission.1121003._title,累計2000000Gを手に入れよう
mst.mission.1121003._detail,累計2000000Gを手に入れよう
mst.mission.1121004._title,累計3000000Gを手に入れよう
mst.mission.1121004._detail,累計3000000Gを手に入れよう
mst.mission.1121005._title,累計4000000Gを手に入れよう
mst.mission.1121005._detail,累計4000000Gを手に入れよう
mst.mission.1121006._title,累計5000000Gを手に入れよう
mst.mission.1121006._detail,累計5000000Gを手に入れよう
mst.mission.1121007._title,累計6000000Gを手に入れよう
mst.mission.1121007._detail,累計6000000Gを手に入れよう
mst.mission.1121008._title,累計7000000Gを手に入れよう
mst.mission.1121008._detail,累計7000000Gを手に入れよう
mst.mission.1121009._title,累計8000000Gを手に入れよう
mst.mission.1121009._detail,累計8000000Gを手に入れよう
mst.mission.1121010._title,累計9000000Gを手に入れよう
mst.mission.1121010._detail,累計9000000Gを手に入れよう
mst.mission.1121011._title,累計10000000Gを手に入れよう
mst.mission.1121011._detail,累計10000000Gを手に入れよう
mst.mission.1121012._title,累計20000000Gを手に入れよう
mst.mission.1121012._detail,累計20000000Gを手に入れよう
mst.mission.1121013._title,累計30000000Gを手に入れよう
mst.mission.1121013._detail,累計30000000Gを手に入れよう
mst.mission.1121014._title,累計40000000Gを手に入れよう
mst.mission.1121014._detail,累計40000000Gを手に入れよう
mst.mission.1121015._title,累計50000000Gを手に入れよう
mst.mission.1121015._detail,累計50000000Gを手に入れよう
mst.mission.1121016._title,累計60000000Gを手に入れよう
mst.mission.1121016._detail,累計60000000Gを手に入れよう
mst.mission.1121017._title,累計70000000Gを手に入れよう
mst.mission.1121017._detail,累計70000000Gを手に入れよう
mst.mission.1121018._title,累計85000000Gを手に入れよう
mst.mission.1121018._detail,累計85000000Gを手に入れよう
mst.mission.1121019._title,累計100000000Gを手に入れよう
mst.mission.1121019._detail,累計100000000Gを手に入れよう
mst.mission.1158001._title,高坂 穂乃果とのキズナを1500以上にしよう
mst.mission.1158001._detail,『N』のキズナを1500以上にしよう
mst.mission.1158002._title,絢瀬 絵里とのキズナを1500以上にしよう
mst.mission.1158002._detail,『N』のキズナを1500以上にしよう
mst.mission.1158003._title,南 ことりとのキズナを1500以上にしよう
mst.mission.1158003._detail,『N』のキズナを1500以上にしよう
mst.mission.1158004._title,園田 海未とのキズナを1500以上にしよう
mst.mission.1158004._detail,『N』のキズナを1500以上にしよう
mst.mission.1158005._title,星空 凛とのキズナを1500以上にしよう
mst.mission.1158005._detail,『N』のキズナを1500以上にしよう
mst.mission.1158006._title,西木野 真姫とのキズナを1500以上にしよう
mst.mission.1158006._detail,『N』のキズナを1500以上にしよう
mst.mission.1158007._title,東條 希とのキズナを1500以上にしよう
mst.mission.1158007._detail,『N』のキズナを1500以上にしよう
mst.mission.1158008._title,小泉 花陽とのキズナを1500以上にしよう
mst.mission.1158008._detail,『N』のキズナを1500以上にしよう
mst.mission.1158009._title,矢澤 にことのキズナを1500以上にしよう
mst.mission.1158009._detail,『N』のキズナを1500以上にしよう
mst.mission.1158010._title,高海 千歌とのキズナを1500以上にしよう
mst.mission.1158010._detail,『N』のキズナを1500以上にしよう
mst.mission.1158011._title,桜内 梨子とのキズナを1500以上にしよう
mst.mission.1158011._detail,『N』のキズナを1500以上にしよう
mst.mission.1158012._title,松浦 果南とのキズナを1500以上にしよう
mst.mission.1158012._detail,『N』のキズナを1500以上にしよう
mst.mission.1158013._title,黒澤 ダイヤとのキズナを1500以上にしよう
mst.mission.1158013._detail,『N』のキズナを1500以上にしよう
mst.mission.1158014._title,渡辺 曜とのキズナを1500以上にしよう
mst.mission.1158014._detail,『N』のキズナを1500以上にしよう
mst.mission.1158015._title,津島 善子とのキズナを1500以上にしよう
mst.mission.1158015._detail,『N』のキズナを1500以上にしよう
mst.mission.1158016._title,国木田 花丸とのキズナを1500以上にしよう
mst.mission.1158016._detail,『N』のキズナを1500以上にしよう
mst.mission.1158017._title,小原 鞠莉とのキズナを1500以上にしよう
mst.mission.1158017._detail,『N』のキズナを1500以上にしよう
mst.mission.1158018._title,黒澤 ルビィとのキズナを1500以上にしよう
mst.mission.1158018._detail,『N』のキズナを1500以上にしよう
mst.mission.1158019._title,上原 歩夢とのキズナを1500以上にしよう
mst.mission.1158019._detail,『N』のキズナを1500以上にしよう
mst.mission.1158020._title,中須 かすみとのキズナを1500以上にしよう
mst.mission.1158020._detail,『N』のキズナを1500以上にしよう
mst.mission.1158021._title,桜坂 しずくとのキズナを1500以上にしよう
mst.mission.1158021._detail,『N』のキズナを1500以上にしよう
mst.mission.1158022._title,朝香 果林とのキズナを1500以上にしよう
mst.mission.1158022._detail,『N』のキズナを1500以上にしよう
mst.mission.1158023._title,宮下 愛とのキズナを1500以上にしよう
mst.mission.1158023._detail,『N』のキズナを1500以上にしよう
mst.mission.1158024._title,近江 彼方とのキズナを1500以上にしよう
mst.mission.1158024._detail,『N』のキズナを1500以上にしよう
mst.mission.1158025._title,優木 せつ菜とのキズナを1500以上にしよう
mst.mission.1158025._detail,『N』のキズナを1500以上にしよう
mst.mission.1158026._title,エマ・ヴェルデとのキズナを1500以上にしよう
mst.mission.1158026._detail,『N』のキズナを1500以上にしよう
mst.mission.1158027._title,天王寺 璃奈とのキズナを1500以上にしよう
mst.mission.1158027._detail,『N』のキズナを1500以上にしよう
mst.mission.1158028._title,三船 栞子とのキズナを1500以上にしよう
mst.mission.1158028._detail,『N』のキズナを1500以上にしよう
mst.mission.1158029._title,ミア・テイラーとのキズナを1500以上にしよう
mst.mission.1158029._detail,『N』のキズナを1500以上にしよう
mst.mission.1158030._title,鐘 嵐珠とのキズナを1500以上にしよう
mst.mission.1158030._detail,『N』のキズナを1500以上にしよう
mst.mission.1158031._title,澁谷 かのんとのキズナを1500以上にしよう
mst.mission.1158031._detail,『N』のキズナを1500以上にしよう
mst.mission.1158032._title,唐 可可とのキズナを1500以上にしよう
mst.mission.1158032._detail,『N』のキズナを1500以上にしよう
mst.mission.1158033._title,嵐 千砂都とのキズナを1500以上にしよう
mst.mission.1158033._detail,『N』のキズナを1500以上にしよう
mst.mission.1158034._title,平安名 すみれとのキズナを1500以上にしよう
mst.mission.1158034._detail,『N』のキズナを1500以上にしよう
mst.mission.1158035._title,葉月 恋とのキズナを1500以上にしよう
mst.mission.1158035._detail,『N』のキズナを1500以上にしよう
mst.mission.1158036._title,桜小路きな子とのキズナを1500以上にしよう
mst.mission.1158036._detail,『N』のキズナを1500以上にしよう
mst.mission.1158037._title,米女メイとのキズナを1500以上にしよう
mst.mission.1158037._detail,『N』のキズナを1500以上にしよう
mst.mission.1158038._title,若菜四季とのキズナを1500以上にしよう
mst.mission.1158038._detail,『N』のキズナを1500以上にしよう
mst.mission.1158039._title,鬼塚夏美とのキズナを1500以上にしよう
mst.mission.1158039._detail,『N』のキズナを1500以上にしよう
mst.mission.1158040._title,高坂 穂乃果とのキズナを15000以上にしよう
mst.mission.1158040._detail,『N』のキズナを15000以上にしよう
mst.mission.1158041._title,絢瀬 絵里とのキズナを15000以上にしよう
mst.mission.1158041._detail,『N』のキズナを15000以上にしよう
mst.mission.1158042._title,南 ことりとのキズナを15000以上にしよう
mst.mission.1158042._detail,『N』のキズナを15000以上にしよう
mst.mission.1158043._title,園田 海未とのキズナを15000以上にしよう
mst.mission.1158043._detail,『N』のキズナを15000以上にしよう
mst.mission.1158044._title,星空 凛とのキズナを15000以上にしよう
mst.mission.1158044._detail,『N』のキズナを15000以上にしよう
mst.mission.1158045._title,西木野 真姫とのキズナを15000以上にしよう
mst.mission.1158045._detail,『N』のキズナを15000以上にしよう
mst.mission.1158046._title,東條 希とのキズナを15000以上にしよう
mst.mission.1158046._detail,『N』のキズナを15000以上にしよう
mst.mission.1158047._title,小泉 花陽とのキズナを15000以上にしよう
mst.mission.1158047._detail,『N』のキズナを15000以上にしよう
mst.mission.1158048._title,矢澤 にことのキズナを15000以上にしよう
mst.mission.1158048._detail,『N』のキズナを15000以上にしよう
mst.mission.1158049._title,高海 千歌とのキズナを15000以上にしよう
mst.mission.1158049._detail,『N』のキズナを15000以上にしよう
mst.mission.1158050._title,桜内 梨子とのキズナを15000以上にしよう
mst.mission.1158050._detail,『N』のキズナを15000以上にしよう
mst.mission.1158051._title,松浦 果南とのキズナを15000以上にしよう
mst.mission.1158051._detail,『N』のキズナを15000以上にしよう
mst.mission.1158052._title,黒澤 ダイヤとのキズナを15000以上にしよう
mst.mission.1158052._detail,『N』のキズナを15000以上にしよう
mst.mission.1158053._title,渡辺 曜とのキズナを15000以上にしよう
mst.mission.1158053._detail,『N』のキズナを15000以上にしよう
mst.mission.1158054._title,津島 善子とのキズナを15000以上にしよう
mst.mission.1158054._detail,『N』のキズナを15000以上にしよう
mst.mission.1158055._title,国木田 花丸とのキズナを15000以上にしよう
mst.mission.1158055._detail,『N』のキズナを15000以上にしよう
mst.mission.1158056._title,小原 鞠莉とのキズナを15000以上にしよう
mst.mission.1158056._detail,『N』のキズナを15000以上にしよう
mst.mission.1158057._title,黒澤 ルビィとのキズナを15000以上にしよう
mst.mission.1158057._detail,『N』のキズナを15000以上にしよう
mst.mission.1158058._title,上原 歩夢とのキズナを15000以上にしよう
mst.mission.1158058._detail,『N』のキズナを15000以上にしよう
mst.mission.1158059._title,中須 かすみとのキズナを15000以上にしよう
mst.mission.1158059._detail,『N』のキズナを15000以上にしよう
mst.mission.1158060._title,桜坂 しずくとのキズナを15000以上にしよう
mst.mission.1158060._detail,『N』のキズナを15000以上にしよう
mst.mission.1158061._title,朝香 果林とのキズナを15000以上にしよう
mst.mission.1158061._detail,『N』のキズナを15000以上にしよう
mst.mission.1158062._title,宮下 愛とのキズナを15000以上にしよう
mst.mission.1158062._detail,『N』のキズナを15000以上にしよう
mst.mission.1158063._title,近江 彼方とのキズナを15000以上にしよう
mst.mission.1158063._detail,『N』のキズナを15000以上にしよう
mst.mission.1158064._title,優木 せつ菜とのキズナを15000以上にしよう
mst.mission.1158064._detail,『N』のキズナを15000以上にしよう
mst.mission.1158065._title,エマ・ヴェルデとのキズナを15000以上にしよう
mst.mission.1158065._detail,『N』のキズナを15000以上にしよう
mst.mission.1158066._title,天王寺 璃奈とのキズナを15000以上にしよう
mst.mission.1158066._detail,『N』のキズナを15000以上にしよう
mst.mission.1158067._title,三船 栞子とのキズナを15000以上にしよう
mst.mission.1158067._detail,『N』のキズナを15000以上にしよう
mst.mission.1158068._title,ミア・テイラーとのキズナを15000以上にしよう
mst.mission.1158068._detail,『N』のキズナを15000以上にしよう
mst.mission.1158069._title,鐘 嵐珠とのキズナを15000以上にしよう
mst.mission.1158069._detail,『N』のキズナを15000以上にしよう
mst.mission.1158070._title,澁谷 かのんとのキズナを15000以上にしよう
mst.mission.1158070._detail,『N』のキズナを15000以上にしよう
mst.mission.1158071._title,唐 可可とのキズナを15000以上にしよう
mst.mission.1158071._detail,『N』のキズナを15000以上にしよう
mst.mission.1158072._title,嵐 千砂都とのキズナを15000以上にしよう
mst.mission.1158072._detail,『N』のキズナを15000以上にしよう
mst.mission.1158073._title,平安名 すみれとのキズナを15000以上にしよう
mst.mission.1158073._detail,『N』のキズナを15000以上にしよう
mst.mission.1158074._title,葉月 恋とのキズナを15000以上にしよう
mst.mission.1158074._detail,『N』のキズナを15000以上にしよう
mst.mission.1158075._title,桜小路きな子とのキズナを15000以上にしよう
mst.mission.1158075._detail,『N』のキズナを15000以上にしよう
mst.mission.1158076._title,米女メイとのキズナを15000以上にしよう
mst.mission.1158076._detail,『N』のキズナを15000以上にしよう
mst.mission.1158077._title,若菜四季とのキズナを15000以上にしよう
mst.mission.1158077._detail,『N』のキズナを15000以上にしよう
mst.mission.1158078._title,鬼塚夏美とのキズナを15000以上にしよう
mst.mission.1158078._detail,『N』のキズナを15000以上にしよう
mst.mission.1158079._title,ウィーン・マルガレーテとのキズナを1500以上にしよう
mst.mission.1158079._detail,『N』のキズナを1500以上にしよう
mst.mission.1158080._title,鬼塚冬毬とのキズナを1500以上にしよう
mst.mission.1158080._detail,『N』のキズナを1500以上にしよう
mst.mission.1158081._title,ウィーン・マルガレーテとのキズナを15000以上にしよう
mst.mission.1158081._detail,『N』のキズナを15000以上にしよう
mst.mission.1158082._title,鬼塚冬毬とのキズナを15000以上にしよう
mst.mission.1158082._detail,『N』のキズナを15000以上にしよう
mst.mission.1176001._title,FULL COMBOを達成しよう
mst.mission.1176001._detail,難易度NORMAL以上でライブをフルコンボしよう
mst.mission.1177001._title,ALL PERFECTを達成しよう
mst.mission.1177002._title,難易度MASTERでALL PERFECTを達成しよう
mst.mission.1169001._title,チャットを50種類読もう
mst.mission.1169001._detail,難易度0以上で50回ALLPERFECTを達成しよう
mst.mission.1176002._title,FULL COMBOを100曲達成しよう
mst.mission.1176002._detail,難易度NORMAL以上でライブを100回フルコンボしよう
mst.mission.1176003._title,FULL COMBOを200曲達成しよう
mst.mission.1176003._detail,難易度NORMAL以上でライブを200回フルコンボしよう
mst.mission.1176004._title,FULL COMBOを300曲達成しよう
mst.mission.1176004._detail,難易度NORMAL以上でライブを300回フルコンボしよう
mst.mission.1176005._title,FULL COMBOを400曲達成しよう
mst.mission.1176005._detail,難易度NORMAL以上でライブを400回フルコンボしよう
mst.mission.1176006._title,FULL COMBOを500曲達成しよう
mst.mission.1176006._detail,難易度NORMAL以上でライブを500回フルコンボしよう
mst.mission.2151001._title,部員『あなたを見つめる』を手に入れよう
mst.mission.2151001._detail,部員『あなたを見つめる』を手に入れよう
mst.mission.2151002._title,部員『大人デート♡』を手に入れよう
mst.mission.2151002._detail,部員『大人デート♡』を手に入れよう
mst.mission.2151003._title,部員『あざとくキメちゃう』を手に入れよう
mst.mission.2151003._detail,部員『あざとくキメちゃう』を手に入れよう
mst.mission.2151004._title,部員『特別な恋を探して』を手に入れよう
mst.mission.2151004._detail,部員『特別な恋を探して』を手に入れよう
mst.mission.2151005._title,部員『ふたりで楽しく』を手に入れよう
mst.mission.2151005._detail,部員『ふたりで楽しく』を手に入れよう
mst.mission.2151006._title,部員『ずっとあなたのことを』を手に入れよう
mst.mission.2151006._detail,部員『ずっとあなたのことを』を手に入れよう
mst.mission.2151007._title,部員『みんなに伝えるラブ』を手に入れよう
mst.mission.2151007._detail,部員『みんなに伝えるラブ』を手に入れよう
mst.mission.2151008._title,部員『記憶のなかのあなた』を手に入れよう
mst.mission.2151008._detail,部員『記憶のなかのあなた』を手に入れよう
mst.mission.2151009._title,部員『大切なあなたへ』を手に入れよう
mst.mission.2151009._detail,部員『大切なあなたへ』を手に入れよう
mst.mission.2151010._title,部員『私の印』を手に入れよう
mst.mission.2151010._detail,部員『私の印』を手に入れよう
mst.mission.2151011._title,部員『高鳴る気持ち』を手に入れよう
mst.mission.2151011._detail,部員『高鳴る気持ち』を手に入れよう
mst.mission.2151012._title,部員『最高の恋しましょ！』を手に入れよう
mst.mission.2151012._detail,部員『最高の恋しましょ！』を手に入れよう
mst.mission.1958001._title,『N』のキズナをにしよう
mst.mission.1958001._detail,『N』のキズナをにしよう
mst.mission.1958002._title,『N』のキズナを1000以上にしよう
mst.mission.1958002._detail,『N』のキズナを1000以上にしよう
mst.mission.1958003._title,『N』のキズナを2000以上にしよう
mst.mission.1958003._detail,『N』のキズナを2000以上にしよう
mst.mission.1958004._title,『N』のキズナを3500以上にしよう
mst.mission.1958004._detail,『N』のキズナを3500以上にしよう
mst.mission.1958005._title,『N』のキズナを5000以上にしよう
mst.mission.1958005._detail,『N』のキズナを5000以上にしよう
mst.mission.1958006._title,『N』のキズナを6000以上にしよう
mst.mission.1958006._detail,『N』のキズナを6000以上にしよう
mst.mission.1958007._title,『N』のキズナを7000以上にしよう
mst.mission.1958007._detail,『N』のキズナを7000以上にしよう
mst.mission.1958008._title,『N』のキズナを8000以上にしよう
mst.mission.1958008._detail,『N』のキズナを8000以上にしよう
mst.mission.1958009._title,『N』のキズナを9000以上にしよう
mst.mission.1958009._detail,『N』のキズナを9000以上にしよう
mst.mission.1958010._title,『N』のキズナを10000以上にしよう
mst.mission.1958010._detail,『N』のキズナを10000以上にしよう
mst.mission.1958011._title,『N』のキズナを11000以上にしよう
mst.mission.1958011._detail,『N』のキズナを11000以上にしよう
mst.mission.1958012._title,『N』のキズナを12500以上にしよう
mst.mission.1958012._detail,『N』のキズナを12500以上にしよう
mst.mission.1958013._title,『N』のキズナを13000以上にしよう
mst.mission.1958013._detail,『N』のキズナを13000以上にしよう
mst.mission.1958014._title,『N』のキズナを13500以上にしよう
mst.mission.1958014._detail,『N』のキズナを13500以上にしよう
mst.mission.1958015._title,『N』のキズナを15000以上にしよう
mst.mission.1958015._detail,『N』のキズナを15000以上にしよう
mst.mission.1958016._title,『N』のキズナをにしよう
mst.mission.1958016._detail,『N』のキズナをにしよう
mst.mission.1958017._title,『N』のキズナを1000以上にしよう
mst.mission.1958017._detail,『N』のキズナを1000以上にしよう
mst.mission.1958018._title,『N』のキズナを2000以上にしよう
mst.mission.1958018._detail,『N』のキズナを2000以上にしよう
mst.mission.1958019._title,『N』のキズナを3500以上にしよう
mst.mission.1958019._detail,『N』のキズナを3500以上にしよう
mst.mission.1958020._title,『N』のキズナを5000以上にしよう
mst.mission.1958020._detail,『N』のキズナを5000以上にしよう
mst.mission.1958021._title,『N』のキズナを6000以上にしよう
mst.mission.1958021._detail,『N』のキズナを6000以上にしよう
mst.mission.1958022._title,『N』のキズナを7000以上にしよう
mst.mission.1958022._detail,『N』のキズナを7000以上にしよう
mst.mission.1958023._title,『N』のキズナを8000以上にしよう
mst.mission.1958023._detail,『N』のキズナを8000以上にしよう
mst.mission.1958024._title,『N』のキズナを9000以上にしよう
mst.mission.1958024._detail,『N』のキズナを9000以上にしよう
mst.mission.1958025._title,『N』のキズナを10000以上にしよう
mst.mission.1958025._detail,『N』のキズナを10000以上にしよう
mst.mission.1958026._title,『N』のキズナを11000以上にしよう
mst.mission.1958026._detail,『N』のキズナを11000以上にしよう
mst.mission.1958027._title,『N』のキズナを12500以上にしよう
mst.mission.1958027._detail,『N』のキズナを12500以上にしよう
mst.mission.1958028._title,『N』のキズナを13000以上にしよう
mst.mission.1958028._detail,『N』のキズナを13000以上にしよう
mst.mission.1958029._title,『N』のキズナを13500以上にしよう
mst.mission.1958029._detail,『N』のキズナを13500以上にしよう
mst.mission.1958030._title,『N』のキズナを15000以上にしよう
mst.mission.1958030._detail,『N』のキズナを15000以上にしよう
mst.mission.1958031._title,『N』のキズナをにしよう
mst.mission.1958031._detail,『N』のキズナをにしよう
mst.mission.1958032._title,『N』のキズナを1000以上にしよう
mst.mission.1958032._detail,『N』のキズナを1000以上にしよう
mst.mission.1958033._title,『N』のキズナを2000以上にしよう
mst.mission.1958033._detail,『N』のキズナを2000以上にしよう
mst.mission.1958034._title,『N』のキズナを3500以上にしよう
mst.mission.1958034._detail,『N』のキズナを3500以上にしよう
mst.mission.1958035._title,『N』のキズナを5000以上にしよう
mst.mission.1958035._detail,『N』のキズナを5000以上にしよう
mst.mission.1958036._title,『N』のキズナを6000以上にしよう
mst.mission.1958036._detail,『N』のキズナを6000以上にしよう
mst.mission.1958037._title,『N』のキズナを7000以上にしよう
mst.mission.1958037._detail,『N』のキズナを7000以上にしよう
mst.mission.1958038._title,『N』のキズナを8000以上にしよう
mst.mission.1958038._detail,『N』のキズナを8000以上にしよう
mst.mission.1958039._title,『N』のキズナを9000以上にしよう
mst.mission.1958039._detail,『N』のキズナを9000以上にしよう
mst.mission.1958040._title,『N』のキズナを10000以上にしよう
mst.mission.1958040._detail,『N』のキズナを10000以上にしよう
mst.mission.1958041._title,『N』のキズナを11000以上にしよう
mst.mission.1958041._detail,『N』のキズナを11000以上にしよう
mst.mission.1958042._title,『N』のキズナを12500以上にしよう
mst.mission.1958042._detail,『N』のキズナを12500以上にしよう
mst.mission.1958043._title,『N』のキズナを13000以上にしよう
mst.mission.1958043._detail,『N』のキズナを13000以上にしよう
mst.mission.1958044._title,『N』のキズナを13500以上にしよう
mst.mission.1958044._detail,『N』のキズナを13500以上にしよう
mst.mission.1958045._title,『N』のキズナを15000以上にしよう
mst.mission.1958045._detail,『N』のキズナを15000以上にしよう
mst.mission.1958046._title,『N』のキズナをにしよう
mst.mission.1958046._detail,『N』のキズナをにしよう
mst.mission.1958047._title,『N』のキズナを1000以上にしよう
mst.mission.1958047._detail,『N』のキズナを1000以上にしよう
mst.mission.1958048._title,『N』のキズナを2000以上にしよう
mst.mission.1958048._detail,『N』のキズナを2000以上にしよう
mst.mission.1958049._title,『N』のキズナを3500以上にしよう
mst.mission.1958049._detail,『N』のキズナを3500以上にしよう
mst.mission.1958050._title,『N』のキズナを5000以上にしよう
mst.mission.1958050._detail,『N』のキズナを5000以上にしよう
mst.mission.1958051._title,『N』のキズナを6000以上にしよう
mst.mission.1958051._detail,『N』のキズナを6000以上にしよう
mst.mission.1958052._title,『N』のキズナを7000以上にしよう
mst.mission.1958052._detail,『N』のキズナを7000以上にしよう
mst.mission.1958053._title,『N』のキズナを8000以上にしよう
mst.mission.1958053._detail,『N』のキズナを8000以上にしよう
mst.mission.1958054._title,『N』のキズナを9000以上にしよう
mst.mission.1958054._detail,『N』のキズナを9000以上にしよう
mst.mission.1958055._title,『N』のキズナを10000以上にしよう
mst.mission.1958055._detail,『N』のキズナを10000以上にしよう
mst.mission.1958056._title,『N』のキズナを11000以上にしよう
mst.mission.1958056._detail,『N』のキズナを11000以上にしよう
mst.mission.1958057._title,『N』のキズナを12500以上にしよう
mst.mission.1958057._detail,『N』のキズナを12500以上にしよう
mst.mission.1958058._title,『N』のキズナを13000以上にしよう
mst.mission.1958058._detail,『N』のキズナを13000以上にしよう
mst.mission.1958059._title,『N』のキズナを13500以上にしよう
mst.mission.1958059._detail,『N』のキズナを13500以上にしよう
mst.mission.1958060._title,『N』のキズナを15000以上にしよう
mst.mission.1958060._detail,『N』のキズナを15000以上にしよう
mst.mission.1958061._title,『N』のキズナをにしよう
mst.mission.1958061._detail,『N』のキズナをにしよう
mst.mission.1958062._title,『N』のキズナを1000以上にしよう
mst.mission.1958062._detail,『N』のキズナを1000以上にしよう
mst.mission.1958063._title,『N』のキズナを2000以上にしよう
mst.mission.1958063._detail,『N』のキズナを2000以上にしよう
mst.mission.1958064._title,『N』のキズナを3500以上にしよう
mst.mission.1958064._detail,『N』のキズナを3500以上にしよう
mst.mission.1958065._title,『N』のキズナを5000以上にしよう
mst.mission.1958065._detail,『N』のキズナを5000以上にしよう
mst.mission.1958066._title,『N』のキズナを6000以上にしよう
mst.mission.1958066._detail,『N』のキズナを6000以上にしよう
mst.mission.1958067._title,『N』のキズナを7000以上にしよう
mst.mission.1958067._detail,『N』のキズナを7000以上にしよう
mst.mission.1958068._title,『N』のキズナを8000以上にしよう
mst.mission.1958068._detail,『N』のキズナを8000以上にしよう
mst.mission.1958069._title,『N』のキズナを9000以上にしよう
mst.mission.1958069._detail,『N』のキズナを9000以上にしよう
mst.mission.1958070._title,『N』のキズナを10000以上にしよう
mst.mission.1958070._detail,『N』のキズナを10000以上にしよう
mst.mission.1958071._title,『N』のキズナを11000以上にしよう
mst.mission.1958071._detail,『N』のキズナを11000以上にしよう
mst.mission.1958072._title,『N』のキズナを12500以上にしよう
mst.mission.1958072._detail,『N』のキズナを12500以上にしよう
mst.mission.1958073._title,『N』のキズナを13000以上にしよう
mst.mission.1958073._detail,『N』のキズナを13000以上にしよう
mst.mission.1958074._title,『N』のキズナを13500以上にしよう
mst.mission.1958074._detail,『N』のキズナを13500以上にしよう
mst.mission.1958075._title,『N』のキズナを15000以上にしよう
mst.mission.1958075._detail,『N』のキズナを15000以上にしよう
mst.mission.1958076._title,『N』のキズナをにしよう
mst.mission.1958076._detail,『N』のキズナをにしよう
mst.mission.1958077._title,『N』のキズナを1000以上にしよう
mst.mission.1958077._detail,『N』のキズナを1000以上にしよう
mst.mission.1958078._title,『N』のキズナを2000以上にしよう
mst.mission.1958078._detail,『N』のキズナを2000以上にしよう
mst.mission.1958079._title,『N』のキズナを3500以上にしよう
mst.mission.1958079._detail,『N』のキズナを3500以上にしよう
mst.mission.1958080._title,『N』のキズナを5000以上にしよう
mst.mission.1958080._detail,『N』のキズナを5000以上にしよう
mst.mission.1958081._title,『N』のキズナを6000以上にしよう
mst.mission.1958081._detail,『N』のキズナを6000以上にしよう
mst.mission.1958082._title,『N』のキズナを7000以上にしよう
mst.mission.1958082._detail,『N』のキズナを7000以上にしよう
mst.mission.1958083._title,『N』のキズナを8000以上にしよう
mst.mission.1958083._detail,『N』のキズナを8000以上にしよう
mst.mission.1958084._title,『N』のキズナを9000以上にしよう
mst.mission.1958084._detail,『N』のキズナを9000以上にしよう
mst.mission.1958085._title,『N』のキズナを10000以上にしよう
mst.mission.1958085._detail,『N』のキズナを10000以上にしよう
mst.mission.1958086._title,『N』のキズナを11000以上にしよう
mst.mission.1958086._detail,『N』のキズナを11000以上にしよう
mst.mission.1958087._title,『N』のキズナを12500以上にしよう
mst.mission.1958087._detail,『N』のキズナを12500以上にしよう
mst.mission.1958088._title,『N』のキズナを13000以上にしよう
mst.mission.1958088._detail,『N』のキズナを13000以上にしよう
mst.mission.1958089._title,『N』のキズナを13500以上にしよう
mst.mission.1958089._detail,『N』のキズナを13500以上にしよう
mst.mission.1958090._title,『N』のキズナを15000以上にしよう
mst.mission.1958090._detail,『N』のキズナを15000以上にしよう
mst.mission.1958091._title,『N』のキズナをにしよう
mst.mission.1958091._detail,『N』のキズナをにしよう
mst.mission.1958092._title,『N』のキズナを1000以上にしよう
mst.mission.1958092._detail,『N』のキズナを1000以上にしよう
mst.mission.1958093._title,『N』のキズナを2000以上にしよう
mst.mission.1958093._detail,『N』のキズナを2000以上にしよう
mst.mission.1958094._title,『N』のキズナを3500以上にしよう
mst.mission.1958094._detail,『N』のキズナを3500以上にしよう
mst.mission.1958095._title,『N』のキズナを5000以上にしよう
mst.mission.1958095._detail,『N』のキズナを5000以上にしよう
mst.mission.1958096._title,『N』のキズナを6000以上にしよう
mst.mission.1958096._detail,『N』のキズナを6000以上にしよう
mst.mission.1958097._title,『N』のキズナを7000以上にしよう
mst.mission.1958097._detail,『N』のキズナを7000以上にしよう
mst.mission.1958098._title,『N』のキズナを8000以上にしよう
mst.mission.1958098._detail,『N』のキズナを8000以上にしよう
mst.mission.1958099._title,『N』のキズナを9000以上にしよう
mst.mission.1958099._detail,『N』のキズナを9000以上にしよう
mst.mission.1958100._title,『N』のキズナを10000以上にしよう
mst.mission.1958100._detail,『N』のキズナを10000以上にしよう
mst.mission.1958101._title,『N』のキズナを11000以上にしよう
mst.mission.1958101._detail,『N』のキズナを11000以上にしよう
mst.mission.1958102._title,『N』のキズナを12500以上にしよう
mst.mission.1958102._detail,『N』のキズナを12500以上にしよう
mst.mission.1958103._title,『N』のキズナを13000以上にしよう
mst.mission.1958103._detail,『N』のキズナを13000以上にしよう
mst.mission.1958104._title,『N』のキズナを13500以上にしよう
mst.mission.1958104._detail,『N』のキズナを13500以上にしよう
mst.mission.1958105._title,『N』のキズナを15000以上にしよう
mst.mission.1958105._detail,『N』のキズナを15000以上にしよう
mst.mission.1958106._title,『N』のキズナをにしよう
mst.mission.1958106._detail,『N』のキズナをにしよう
mst.mission.1958107._title,『N』のキズナを1000以上にしよう
mst.mission.1958107._detail,『N』のキズナを1000以上にしよう
mst.mission.1958108._title,『N』のキズナを2000以上にしよう
mst.mission.1958108._detail,『N』のキズナを2000以上にしよう
mst.mission.1958109._title,『N』のキズナを3500以上にしよう
mst.mission.1958109._detail,『N』のキズナを3500以上にしよう
mst.mission.1958110._title,『N』のキズナを5000以上にしよう
mst.mission.1958110._detail,『N』のキズナを5000以上にしよう
mst.mission.1958111._title,『N』のキズナを6000以上にしよう
mst.mission.1958111._detail,『N』のキズナを6000以上にしよう
mst.mission.1958112._title,『N』のキズナを7000以上にしよう
mst.mission.1958112._detail,『N』のキズナを7000以上にしよう
mst.mission.1958113._title,『N』のキズナを8000以上にしよう
mst.mission.1958113._detail,『N』のキズナを8000以上にしよう
mst.mission.1958114._title,『N』のキズナを9000以上にしよう
mst.mission.1958114._detail,『N』のキズナを9000以上にしよう
mst.mission.1958115._title,『N』のキズナを10000以上にしよう
mst.mission.1958115._detail,『N』のキズナを10000以上にしよう
mst.mission.1958116._title,『N』のキズナを11000以上にしよう
mst.mission.1958116._detail,『N』のキズナを11000以上にしよう
mst.mission.1958117._title,『N』のキズナを12500以上にしよう
mst.mission.1958117._detail,『N』のキズナを12500以上にしよう
mst.mission.1958118._title,『N』のキズナを13000以上にしよう
mst.mission.1958118._detail,『N』のキズナを13000以上にしよう
mst.mission.1958119._title,『N』のキズナを13500以上にしよう
mst.mission.1958119._detail,『N』のキズナを13500以上にしよう
mst.mission.1958120._title,『N』のキズナを15000以上にしよう
mst.mission.1958120._detail,『N』のキズナを15000以上にしよう
mst.mission.1958121._title,『N』のキズナをにしよう
mst.mission.1958121._detail,『N』のキズナをにしよう
mst.mission.1958122._title,『N』のキズナを1000以上にしよう
mst.mission.1958122._detail,『N』のキズナを1000以上にしよう
mst.mission.1958123._title,『N』のキズナを2000以上にしよう
mst.mission.1958123._detail,『N』のキズナを2000以上にしよう
mst.mission.1958124._title,『N』のキズナを3500以上にしよう
mst.mission.1958124._detail,『N』のキズナを3500以上にしよう
mst.mission.1958125._title,『N』のキズナを5000以上にしよう
mst.mission.1958125._detail,『N』のキズナを5000以上にしよう
mst.mission.1958126._title,『N』のキズナを6000以上にしよう
mst.mission.1958126._detail,『N』のキズナを6000以上にしよう
mst.mission.1958127._title,『N』のキズナを7000以上にしよう
mst.mission.1958127._detail,『N』のキズナを7000以上にしよう
mst.mission.1958128._title,『N』のキズナを8000以上にしよう
mst.mission.1958128._detail,『N』のキズナを8000以上にしよう
mst.mission.1958129._title,『N』のキズナを9000以上にしよう
mst.mission.1958129._detail,『N』のキズナを9000以上にしよう
mst.mission.1958130._title,『N』のキズナを10000以上にしよう
mst.mission.1958130._detail,『N』のキズナを10000以上にしよう
mst.mission.1958131._title,『N』のキズナを11000以上にしよう
mst.mission.1958131._detail,『N』のキズナを11000以上にしよう
mst.mission.1958132._title,『N』のキズナを12500以上にしよう
mst.mission.1958132._detail,『N』のキズナを12500以上にしよう
mst.mission.1958133._title,『N』のキズナを13000以上にしよう
mst.mission.1958133._detail,『N』のキズナを13000以上にしよう
mst.mission.1958134._title,『N』のキズナを13500以上にしよう
mst.mission.1958134._detail,『N』のキズナを13500以上にしよう
mst.mission.1958135._title,『N』のキズナを15000以上にしよう
mst.mission.1958135._detail,『N』のキズナを15000以上にしよう
mst.mission.1958136._title,『N』のキズナをにしよう
mst.mission.1958136._detail,『N』のキズナをにしよう
mst.mission.1958137._title,『N』のキズナを1000以上にしよう
mst.mission.1958137._detail,『N』のキズナを1000以上にしよう
mst.mission.1958138._title,『N』のキズナを2000以上にしよう
mst.mission.1958138._detail,『N』のキズナを2000以上にしよう
mst.mission.1958139._title,『N』のキズナを3500以上にしよう
mst.mission.1958139._detail,『N』のキズナを3500以上にしよう
mst.mission.1958140._title,『N』のキズナを5000以上にしよう
mst.mission.1958140._detail,『N』のキズナを5000以上にしよう
mst.mission.1958141._title,『N』のキズナを6000以上にしよう
mst.mission.1958141._detail,『N』のキズナを6000以上にしよう
mst.mission.1958142._title,『N』のキズナを7000以上にしよう
mst.mission.1958142._detail,『N』のキズナを7000以上にしよう
mst.mission.1958143._title,『N』のキズナを8000以上にしよう
mst.mission.1958143._detail,『N』のキズナを8000以上にしよう
mst.mission.1958144._title,『N』のキズナを9000以上にしよう
mst.mission.1958144._detail,『N』のキズナを9000以上にしよう
mst.mission.1958145._title,『N』のキズナを10000以上にしよう
mst.mission.1958145._detail,『N』のキズナを10000以上にしよう
mst.mission.1958146._title,『N』のキズナを11000以上にしよう
mst.mission.1958146._detail,『N』のキズナを11000以上にしよう
mst.mission.1958147._title,『N』のキズナを12500以上にしよう
mst.mission.1958147._detail,『N』のキズナを12500以上にしよう
mst.mission.1958148._title,『N』のキズナを13000以上にしよう
mst.mission.1958148._detail,『N』のキズナを13000以上にしよう
mst.mission.1958149._title,『N』のキズナを13500以上にしよう
mst.mission.1958149._detail,『N』のキズナを13500以上にしよう
mst.mission.1958150._title,『N』のキズナを15000以上にしよう
mst.mission.1958150._detail,『N』のキズナを15000以上にしよう
mst.mission.1958151._title,『N』のキズナをにしよう
mst.mission.1958151._detail,『N』のキズナをにしよう
mst.mission.1958152._title,『N』のキズナを1000以上にしよう
mst.mission.1958152._detail,『N』のキズナを1000以上にしよう
mst.mission.1958153._title,『N』のキズナを2000以上にしよう
mst.mission.1958153._detail,『N』のキズナを2000以上にしよう
mst.mission.1958154._title,『N』のキズナを3500以上にしよう
mst.mission.1958154._detail,『N』のキズナを3500以上にしよう
mst.mission.1958155._title,『N』のキズナを5000以上にしよう
mst.mission.1958155._detail,『N』のキズナを5000以上にしよう
mst.mission.1958156._title,『N』のキズナを6000以上にしよう
mst.mission.1958156._detail,『N』のキズナを6000以上にしよう
mst.mission.1958157._title,『N』のキズナを7000以上にしよう
mst.mission.1958157._detail,『N』のキズナを7000以上にしよう
mst.mission.1958158._title,『N』のキズナを8000以上にしよう
mst.mission.1958158._detail,『N』のキズナを8000以上にしよう
mst.mission.1958159._title,『N』のキズナを9000以上にしよう
mst.mission.1958159._detail,『N』のキズナを9000以上にしよう
mst.mission.1958160._title,『N』のキズナを10000以上にしよう
mst.mission.1958160._detail,『N』のキズナを10000以上にしよう
mst.mission.1958161._title,『N』のキズナを11000以上にしよう
mst.mission.1958161._detail,『N』のキズナを11000以上にしよう
mst.mission.1958162._title,『N』のキズナを12500以上にしよう
mst.mission.1958162._detail,『N』のキズナを12500以上にしよう
mst.mission.1958163._title,『N』のキズナを13000以上にしよう
mst.mission.1958163._detail,『N』のキズナを13000以上にしよう
mst.mission.1958164._title,『N』のキズナを13500以上にしよう
mst.mission.1958164._detail,『N』のキズナを13500以上にしよう
mst.mission.1958165._title,『N』のキズナを15000以上にしよう
mst.mission.1958165._detail,『N』のキズナを15000以上にしよう
mst.mission.1958166._title,『N』のキズナをにしよう
mst.mission.1958166._detail,『N』のキズナをにしよう
mst.mission.1958167._title,『N』のキズナを1000以上にしよう
mst.mission.1958167._detail,『N』のキズナを1000以上にしよう
mst.mission.1958168._title,『N』のキズナを2000以上にしよう
mst.mission.1958168._detail,『N』のキズナを2000以上にしよう
mst.mission.1958169._title,『N』のキズナを3500以上にしよう
mst.mission.1958169._detail,『N』のキズナを3500以上にしよう
mst.mission.1958170._title,『N』のキズナを5000以上にしよう
mst.mission.1958170._detail,『N』のキズナを5000以上にしよう
mst.mission.1958171._title,『N』のキズナを6000以上にしよう
mst.mission.1958171._detail,『N』のキズナを6000以上にしよう
mst.mission.1958172._title,『N』のキズナを7000以上にしよう
mst.mission.1958172._detail,『N』のキズナを7000以上にしよう
mst.mission.1958173._title,『N』のキズナを8000以上にしよう
mst.mission.1958173._detail,『N』のキズナを8000以上にしよう
mst.mission.1958174._title,『N』のキズナを9000以上にしよう
mst.mission.1958174._detail,『N』のキズナを9000以上にしよう
mst.mission.1958175._title,『N』のキズナを10000以上にしよう
mst.mission.1958175._detail,『N』のキズナを10000以上にしよう
mst.mission.1958176._title,『N』のキズナを11000以上にしよう
mst.mission.1958176._detail,『N』のキズナを11000以上にしよう
mst.mission.1958177._title,『N』のキズナを12500以上にしよう
mst.mission.1958177._detail,『N』のキズナを12500以上にしよう
mst.mission.1958178._title,『N』のキズナを13000以上にしよう
mst.mission.1958178._detail,『N』のキズナを13000以上にしよう
mst.mission.1958179._title,『N』のキズナを13500以上にしよう
mst.mission.1958179._detail,『N』のキズナを13500以上にしよう
mst.mission.1958180._title,『N』のキズナを15000以上にしよう
mst.mission.1958180._detail,『N』のキズナを15000以上にしよう
mst.mission.1958181._title,『N』のキズナをにしよう
mst.mission.1958181._detail,『N』のキズナをにしよう
mst.mission.1958182._title,『N』のキズナを1000以上にしよう
mst.mission.1958182._detail,『N』のキズナを1000以上にしよう
mst.mission.1958183._title,『N』のキズナを2000以上にしよう
mst.mission.1958183._detail,『N』のキズナを2000以上にしよう
mst.mission.1958184._title,『N』のキズナを3500以上にしよう
mst.mission.1958184._detail,『N』のキズナを3500以上にしよう
mst.mission.1958185._title,『N』のキズナを5000以上にしよう
mst.mission.1958185._detail,『N』のキズナを5000以上にしよう
mst.mission.1958186._title,『N』のキズナを6000以上にしよう
mst.mission.1958186._detail,『N』のキズナを6000以上にしよう
mst.mission.1958187._title,『N』のキズナを7000以上にしよう
mst.mission.1958187._detail,『N』のキズナを7000以上にしよう
mst.mission.1958188._title,『N』のキズナを8000以上にしよう
mst.mission.1958188._detail,『N』のキズナを8000以上にしよう
mst.mission.1958189._title,『N』のキズナを9000以上にしよう
mst.mission.1958189._detail,『N』のキズナを9000以上にしよう
mst.mission.1958190._title,『N』のキズナを10000以上にしよう
mst.mission.1958190._detail,『N』のキズナを10000以上にしよう
mst.mission.1958191._title,『N』のキズナを11000以上にしよう
mst.mission.1958191._detail,『N』のキズナを11000以上にしよう
mst.mission.1958192._title,『N』のキズナを12500以上にしよう
mst.mission.1958192._detail,『N』のキズナを12500以上にしよう
mst.mission.1958193._title,『N』のキズナを13000以上にしよう
mst.mission.1958193._detail,『N』のキズナを13000以上にしよう
mst.mission.1958194._title,『N』のキズナを13500以上にしよう
mst.mission.1958194._detail,『N』のキズナを13500以上にしよう
mst.mission.1958195._title,『N』のキズナを15000以上にしよう
mst.mission.1958195._detail,『N』のキズナを15000以上にしよう
mst.mission.1958196._title,『N』のキズナをにしよう
mst.mission.1958196._detail,『N』のキズナをにしよう
mst.mission.1958197._title,『N』のキズナを1000以上にしよう
mst.mission.1958197._detail,『N』のキズナを1000以上にしよう
mst.mission.1958198._title,『N』のキズナを2000以上にしよう
mst.mission.1958198._detail,『N』のキズナを2000以上にしよう
mst.mission.1958199._title,『N』のキズナを3500以上にしよう
mst.mission.1958199._detail,『N』のキズナを3500以上にしよう
mst.mission.1958200._title,『N』のキズナを5000以上にしよう
mst.mission.1958200._detail,『N』のキズナを5000以上にしよう
mst.mission.1958201._title,『N』のキズナを6000以上にしよう
mst.mission.1958201._detail,『N』のキズナを6000以上にしよう
mst.mission.1958202._title,『N』のキズナを7000以上にしよう
mst.mission.1958202._detail,『N』のキズナを7000以上にしよう
mst.mission.1958203._title,『N』のキズナを8000以上にしよう
mst.mission.1958203._detail,『N』のキズナを8000以上にしよう
mst.mission.1958204._title,『N』のキズナを9000以上にしよう
mst.mission.1958204._detail,『N』のキズナを9000以上にしよう
mst.mission.1958205._title,『N』のキズナを10000以上にしよう
mst.mission.1958205._detail,『N』のキズナを10000以上にしよう
mst.mission.1958206._title,『N』のキズナを11000以上にしよう
mst.mission.1958206._detail,『N』のキズナを11000以上にしよう
mst.mission.1958207._title,『N』のキズナを12500以上にしよう
mst.mission.1958207._detail,『N』のキズナを12500以上にしよう
mst.mission.1958208._title,『N』のキズナを13000以上にしよう
mst.mission.1958208._detail,『N』のキズナを13000以上にしよう
mst.mission.1958209._title,『N』のキズナを13500以上にしよう
mst.mission.1958209._detail,『N』のキズナを13500以上にしよう
mst.mission.1958210._title,『N』のキズナを15000以上にしよう
mst.mission.1958210._detail,『N』のキズナを15000以上にしよう
mst.mission.1958211._title,『N』のキズナをにしよう
mst.mission.1958211._detail,『N』のキズナをにしよう
mst.mission.1958212._title,『N』のキズナを1000以上にしよう
mst.mission.1958212._detail,『N』のキズナを1000以上にしよう
mst.mission.1958213._title,『N』のキズナを2000以上にしよう
mst.mission.1958213._detail,『N』のキズナを2000以上にしよう
mst.mission.1958214._title,『N』のキズナを3500以上にしよう
mst.mission.1958214._detail,『N』のキズナを3500以上にしよう
mst.mission.1958215._title,『N』のキズナを5000以上にしよう
mst.mission.1958215._detail,『N』のキズナを5000以上にしよう
mst.mission.1958216._title,『N』のキズナを6000以上にしよう
mst.mission.1958216._detail,『N』のキズナを6000以上にしよう
mst.mission.1958217._title,『N』のキズナを7000以上にしよう
mst.mission.1958217._detail,『N』のキズナを7000以上にしよう
mst.mission.1958218._title,『N』のキズナを8000以上にしよう
mst.mission.1958218._detail,『N』のキズナを8000以上にしよう
mst.mission.1958219._title,『N』のキズナを9000以上にしよう
mst.mission.1958219._detail,『N』のキズナを9000以上にしよう
mst.mission.1958220._title,『N』のキズナを10000以上にしよう
mst.mission.1958220._detail,『N』のキズナを10000以上にしよう
mst.mission.1958221._title,『N』のキズナを11000以上にしよう
mst.mission.1958221._detail,『N』のキズナを11000以上にしよう
mst.mission.1958222._title,『N』のキズナを12500以上にしよう
mst.mission.1958222._detail,『N』のキズナを12500以上にしよう
mst.mission.1958223._title,『N』のキズナを13000以上にしよう
mst.mission.1958223._detail,『N』のキズナを13000以上にしよう
mst.mission.1958224._title,『N』のキズナを13500以上にしよう
mst.mission.1958224._detail,『N』のキズナを13500以上にしよう
mst.mission.1958225._title,『N』のキズナを15000以上にしよう
mst.mission.1958225._detail,『N』のキズナを15000以上にしよう
mst.mission.1958226._title,『N』のキズナをにしよう
mst.mission.1958226._detail,『N』のキズナをにしよう
mst.mission.1958227._title,『N』のキズナを1000以上にしよう
mst.mission.1958227._detail,『N』のキズナを1000以上にしよう
mst.mission.1958228._title,『N』のキズナを2000以上にしよう
mst.mission.1958228._detail,『N』のキズナを2000以上にしよう
mst.mission.1958229._title,『N』のキズナを3500以上にしよう
mst.mission.1958229._detail,『N』のキズナを3500以上にしよう
mst.mission.1958230._title,『N』のキズナを5000以上にしよう
mst.mission.1958230._detail,『N』のキズナを5000以上にしよう
mst.mission.1958231._title,『N』のキズナを6000以上にしよう
mst.mission.1958231._detail,『N』のキズナを6000以上にしよう
mst.mission.1958232._title,『N』のキズナを7000以上にしよう
mst.mission.1958232._detail,『N』のキズナを7000以上にしよう
mst.mission.1958233._title,『N』のキズナを8000以上にしよう
mst.mission.1958233._detail,『N』のキズナを8000以上にしよう
mst.mission.1958234._title,『N』のキズナを9000以上にしよう
mst.mission.1958234._detail,『N』のキズナを9000以上にしよう
mst.mission.1958235._title,『N』のキズナを10000以上にしよう
mst.mission.1958235._detail,『N』のキズナを10000以上にしよう
mst.mission.1958236._title,『N』のキズナを11000以上にしよう
mst.mission.1958236._detail,『N』のキズナを11000以上にしよう
mst.mission.1958237._title,『N』のキズナを12500以上にしよう
mst.mission.1958237._detail,『N』のキズナを12500以上にしよう
mst.mission.1958238._title,『N』のキズナを13000以上にしよう
mst.mission.1958238._detail,『N』のキズナを13000以上にしよう
mst.mission.1958239._title,『N』のキズナを13500以上にしよう
mst.mission.1958239._detail,『N』のキズナを13500以上にしよう
mst.mission.1958240._title,『N』のキズナを15000以上にしよう
mst.mission.1958240._detail,『N』のキズナを15000以上にしよう
mst.mission.1958241._title,『N』のキズナをにしよう
mst.mission.1958241._detail,『N』のキズナをにしよう
mst.mission.1958242._title,『N』のキズナを1000以上にしよう
mst.mission.1958242._detail,『N』のキズナを1000以上にしよう
mst.mission.1958243._title,『N』のキズナを2000以上にしよう
mst.mission.1958243._detail,『N』のキズナを2000以上にしよう
mst.mission.1958244._title,『N』のキズナを3500以上にしよう
mst.mission.1958244._detail,『N』のキズナを3500以上にしよう
mst.mission.1958245._title,『N』のキズナを5000以上にしよう
mst.mission.1958245._detail,『N』のキズナを5000以上にしよう
mst.mission.1958246._title,『N』のキズナを6000以上にしよう
mst.mission.1958246._detail,『N』のキズナを6000以上にしよう
mst.mission.1958247._title,『N』のキズナを7000以上にしよう
mst.mission.1958247._detail,『N』のキズナを7000以上にしよう
mst.mission.1958248._title,『N』のキズナを8000以上にしよう
mst.mission.1958248._detail,『N』のキズナを8000以上にしよう
mst.mission.1958249._title,『N』のキズナを9000以上にしよう
mst.mission.1958249._detail,『N』のキズナを9000以上にしよう
mst.mission.1958250._title,『N』のキズナを10000以上にしよう
mst.mission.1958250._detail,『N』のキズナを10000以上にしよう
mst.mission.1958251._title,『N』のキズナを11000以上にしよう
mst.mission.1958251._detail,『N』のキズナを11000以上にしよう
mst.mission.1958252._title,『N』のキズナを12500以上にしよう
mst.mission.1958252._detail,『N』のキズナを12500以上にしよう
mst.mission.1958253._title,『N』のキズナを13000以上にしよう
mst.mission.1958253._detail,『N』のキズナを13000以上にしよう
mst.mission.1958254._title,『N』のキズナを13500以上にしよう
mst.mission.1958254._detail,『N』のキズナを13500以上にしよう
mst.mission.1958255._title,『N』のキズナを15000以上にしよう
mst.mission.1958255._detail,『N』のキズナを15000以上にしよう
mst.mission.1958256._title,『N』のキズナをにしよう
mst.mission.1958256._detail,『N』のキズナをにしよう
mst.mission.1958257._title,『N』のキズナを1000以上にしよう
mst.mission.1958257._detail,『N』のキズナを1000以上にしよう
mst.mission.1958258._title,『N』のキズナを2000以上にしよう
mst.mission.1958258._detail,『N』のキズナを2000以上にしよう
mst.mission.1958259._title,『N』のキズナを3500以上にしよう
mst.mission.1958259._detail,『N』のキズナを3500以上にしよう
mst.mission.1958260._title,『N』のキズナを5000以上にしよう
mst.mission.1958260._detail,『N』のキズナを5000以上にしよう
mst.mission.1958261._title,『N』のキズナを6000以上にしよう
mst.mission.1958261._detail,『N』のキズナを6000以上にしよう
mst.mission.1958262._title,『N』のキズナを7000以上にしよう
mst.mission.1958262._detail,『N』のキズナを7000以上にしよう
mst.mission.1958263._title,『N』のキズナを8000以上にしよう
mst.mission.1958263._detail,『N』のキズナを8000以上にしよう
mst.mission.1958264._title,『N』のキズナを9000以上にしよう
mst.mission.1958264._detail,『N』のキズナを9000以上にしよう
mst.mission.1958265._title,『N』のキズナを10000以上にしよう
mst.mission.1958265._detail,『N』のキズナを10000以上にしよう
mst.mission.1958266._title,『N』のキズナを11000以上にしよう
mst.mission.1958266._detail,『N』のキズナを11000以上にしよう
mst.mission.1958267._title,『N』のキズナを12500以上にしよう
mst.mission.1958267._detail,『N』のキズナを12500以上にしよう
mst.mission.1958268._title,『N』のキズナを13000以上にしよう
mst.mission.1958268._detail,『N』のキズナを13000以上にしよう
mst.mission.1958269._title,『N』のキズナを13500以上にしよう
mst.mission.1958269._detail,『N』のキズナを13500以上にしよう
mst.mission.1958270._title,『N』のキズナを15000以上にしよう
mst.mission.1958270._detail,『N』のキズナを15000以上にしよう
mst.mission.1958271._title,『N』のキズナをにしよう
mst.mission.1958271._detail,『N』のキズナをにしよう
mst.mission.1958272._title,『N』のキズナを1000以上にしよう
mst.mission.1958272._detail,『N』のキズナを1000以上にしよう
mst.mission.1958273._title,『N』のキズナを2000以上にしよう
mst.mission.1958273._detail,『N』のキズナを2000以上にしよう
mst.mission.1958274._title,『N』のキズナを3500以上にしよう
mst.mission.1958274._detail,『N』のキズナを3500以上にしよう
mst.mission.1958275._title,『N』のキズナを5000以上にしよう
mst.mission.1958275._detail,『N』のキズナを5000以上にしよう
mst.mission.1958276._title,『N』のキズナを6000以上にしよう
mst.mission.1958276._detail,『N』のキズナを6000以上にしよう
mst.mission.1958277._title,『N』のキズナを7000以上にしよう
mst.mission.1958277._detail,『N』のキズナを7000以上にしよう
mst.mission.1958278._title,『N』のキズナを8000以上にしよう
mst.mission.1958278._detail,『N』のキズナを8000以上にしよう
mst.mission.1958279._title,『N』のキズナを9000以上にしよう
mst.mission.1958279._detail,『N』のキズナを9000以上にしよう
mst.mission.1958280._title,『N』のキズナを10000以上にしよう
mst.mission.1958280._detail,『N』のキズナを10000以上にしよう
mst.mission.1958281._title,『N』のキズナを11000以上にしよう
mst.mission.1958281._detail,『N』のキズナを11000以上にしよう
mst.mission.1958282._title,『N』のキズナを12500以上にしよう
mst.mission.1958282._detail,『N』のキズナを12500以上にしよう
mst.mission.1958283._title,『N』のキズナを13000以上にしよう
mst.mission.1958283._detail,『N』のキズナを13000以上にしよう
mst.mission.1958284._title,『N』のキズナを13500以上にしよう
mst.mission.1958284._detail,『N』のキズナを13500以上にしよう
mst.mission.1958285._title,『N』のキズナを15000以上にしよう
mst.mission.1958285._detail,『N』のキズナを15000以上にしよう
mst.mission.1958286._title,『N』のキズナをにしよう
mst.mission.1958286._detail,『N』のキズナをにしよう
mst.mission.1958287._title,『N』のキズナを1000以上にしよう
mst.mission.1958287._detail,『N』のキズナを1000以上にしよう
mst.mission.1958288._title,『N』のキズナを2000以上にしよう
mst.mission.1958288._detail,『N』のキズナを2000以上にしよう
mst.mission.1958289._title,『N』のキズナを3500以上にしよう
mst.mission.1958289._detail,『N』のキズナを3500以上にしよう
mst.mission.1958290._title,『N』のキズナを5000以上にしよう
mst.mission.1958290._detail,『N』のキズナを5000以上にしよう
mst.mission.1958291._title,『N』のキズナを6000以上にしよう
mst.mission.1958291._detail,『N』のキズナを6000以上にしよう
mst.mission.1958292._title,『N』のキズナを7000以上にしよう
mst.mission.1958292._detail,『N』のキズナを7000以上にしよう
mst.mission.1958293._title,『N』のキズナを8000以上にしよう
mst.mission.1958293._detail,『N』のキズナを8000以上にしよう
mst.mission.1958294._title,『N』のキズナを9000以上にしよう
mst.mission.1958294._detail,『N』のキズナを9000以上にしよう
mst.mission.1958295._title,『N』のキズナを10000以上にしよう
mst.mission.1958295._detail,『N』のキズナを10000以上にしよう
mst.mission.1958296._title,『N』のキズナを11000以上にしよう
mst.mission.1958296._detail,『N』のキズナを11000以上にしよう
mst.mission.1958297._title,『N』のキズナを12500以上にしよう
mst.mission.1958297._detail,『N』のキズナを12500以上にしよう
mst.mission.1958298._title,『N』のキズナを13000以上にしよう
mst.mission.1958298._detail,『N』のキズナを13000以上にしよう
mst.mission.1958299._title,『N』のキズナを13500以上にしよう
mst.mission.1958299._detail,『N』のキズナを13500以上にしよう
mst.mission.1958300._title,『N』のキズナを15000以上にしよう
mst.mission.1958300._detail,『N』のキズナを15000以上にしよう
mst.mission.1958301._title,『N』のキズナをにしよう
mst.mission.1958301._detail,『N』のキズナをにしよう
mst.mission.1958302._title,『N』のキズナを1000以上にしよう
mst.mission.1958302._detail,『N』のキズナを1000以上にしよう
mst.mission.1958303._title,『N』のキズナを2000以上にしよう
mst.mission.1958303._detail,『N』のキズナを2000以上にしよう
mst.mission.1958304._title,『N』のキズナを3500以上にしよう
mst.mission.1958304._detail,『N』のキズナを3500以上にしよう
mst.mission.1958305._title,『N』のキズナを5000以上にしよう
mst.mission.1958305._detail,『N』のキズナを5000以上にしよう
mst.mission.1958306._title,『N』のキズナを6000以上にしよう
mst.mission.1958306._detail,『N』のキズナを6000以上にしよう
mst.mission.1958307._title,『N』のキズナを7000以上にしよう
mst.mission.1958307._detail,『N』のキズナを7000以上にしよう
mst.mission.1958308._title,『N』のキズナを8000以上にしよう
mst.mission.1958308._detail,『N』のキズナを8000以上にしよう
mst.mission.1958309._title,『N』のキズナを9000以上にしよう
mst.mission.1958309._detail,『N』のキズナを9000以上にしよう
mst.mission.1958310._title,『N』のキズナを10000以上にしよう
mst.mission.1958310._detail,『N』のキズナを10000以上にしよう
mst.mission.1958311._title,『N』のキズナを11000以上にしよう
mst.mission.1958311._detail,『N』のキズナを11000以上にしよう
mst.mission.1958312._title,『N』のキズナを12500以上にしよう
mst.mission.1958312._detail,『N』のキズナを12500以上にしよう
mst.mission.1958313._title,『N』のキズナを13000以上にしよう
mst.mission.1958313._detail,『N』のキズナを13000以上にしよう
mst.mission.1958314._title,『N』のキズナを13500以上にしよう
mst.mission.1958314._detail,『N』のキズナを13500以上にしよう
mst.mission.1958315._title,『N』のキズナを15000以上にしよう
mst.mission.1958315._detail,『N』のキズナを15000以上にしよう
mst.mission.1958316._title,『N』のキズナをにしよう
mst.mission.1958316._detail,『N』のキズナをにしよう
mst.mission.1958317._title,『N』のキズナを1000以上にしよう
mst.mission.1958317._detail,『N』のキズナを1000以上にしよう
mst.mission.1958318._title,『N』のキズナを2000以上にしよう
mst.mission.1958318._detail,『N』のキズナを2000以上にしよう
mst.mission.1958319._title,『N』のキズナを3500以上にしよう
mst.mission.1958319._detail,『N』のキズナを3500以上にしよう
mst.mission.1958320._title,『N』のキズナを5000以上にしよう
mst.mission.1958320._detail,『N』のキズナを5000以上にしよう
mst.mission.1958321._title,『N』のキズナを6000以上にしよう
mst.mission.1958321._detail,『N』のキズナを6000以上にしよう
mst.mission.1958322._title,『N』のキズナを7000以上にしよう
mst.mission.1958322._detail,『N』のキズナを7000以上にしよう
mst.mission.1958323._title,『N』のキズナを8000以上にしよう
mst.mission.1958323._detail,『N』のキズナを8000以上にしよう
mst.mission.1958324._title,『N』のキズナを9000以上にしよう
mst.mission.1958324._detail,『N』のキズナを9000以上にしよう
mst.mission.1958325._title,『N』のキズナを10000以上にしよう
mst.mission.1958325._detail,『N』のキズナを10000以上にしよう
mst.mission.1958326._title,『N』のキズナを11000以上にしよう
mst.mission.1958326._detail,『N』のキズナを11000以上にしよう
mst.mission.1958327._title,『N』のキズナを12500以上にしよう
mst.mission.1958327._detail,『N』のキズナを12500以上にしよう
mst.mission.1958328._title,『N』のキズナを13000以上にしよう
mst.mission.1958328._detail,『N』のキズナを13000以上にしよう
mst.mission.1958329._title,『N』のキズナを13500以上にしよう
mst.mission.1958329._detail,『N』のキズナを13500以上にしよう
mst.mission.1958330._title,『N』のキズナを15000以上にしよう
mst.mission.1958330._detail,『N』のキズナを15000以上にしよう
mst.mission.1958331._title,『N』のキズナをにしよう
mst.mission.1958331._detail,『N』のキズナをにしよう
mst.mission.1958332._title,『N』のキズナを1000以上にしよう
mst.mission.1958332._detail,『N』のキズナを1000以上にしよう
mst.mission.1958333._title,『N』のキズナを2000以上にしよう
mst.mission.1958333._detail,『N』のキズナを2000以上にしよう
mst.mission.1958334._title,『N』のキズナを3500以上にしよう
mst.mission.1958334._detail,『N』のキズナを3500以上にしよう
mst.mission.1958335._title,『N』のキズナを5000以上にしよう
mst.mission.1958335._detail,『N』のキズナを5000以上にしよう
mst.mission.1958336._title,『N』のキズナを6000以上にしよう
mst.mission.1958336._detail,『N』のキズナを6000以上にしよう
mst.mission.1958337._title,『N』のキズナを7000以上にしよう
mst.mission.1958337._detail,『N』のキズナを7000以上にしよう
mst.mission.1958338._title,『N』のキズナを8000以上にしよう
mst.mission.1958338._detail,『N』のキズナを8000以上にしよう
mst.mission.1958339._title,『N』のキズナを9000以上にしよう
mst.mission.1958339._detail,『N』のキズナを9000以上にしよう
mst.mission.1958340._title,『N』のキズナを10000以上にしよう
mst.mission.1958340._detail,『N』のキズナを10000以上にしよう
mst.mission.1958341._title,『N』のキズナを11000以上にしよう
mst.mission.1958341._detail,『N』のキズナを11000以上にしよう
mst.mission.1958342._title,『N』のキズナを12500以上にしよう
mst.mission.1958342._detail,『N』のキズナを12500以上にしよう
mst.mission.1958343._title,『N』のキズナを13000以上にしよう
mst.mission.1958343._detail,『N』のキズナを13000以上にしよう
mst.mission.1958344._title,『N』のキズナを13500以上にしよう
mst.mission.1958344._detail,『N』のキズナを13500以上にしよう
mst.mission.1958345._title,『N』のキズナを15000以上にしよう
mst.mission.1958345._detail,『N』のキズナを15000以上にしよう
mst.mission.1958346._title,『N』のキズナをにしよう
mst.mission.1958346._detail,『N』のキズナをにしよう
mst.mission.1958347._title,『N』のキズナを1000以上にしよう
mst.mission.1958347._detail,『N』のキズナを1000以上にしよう
mst.mission.1958348._title,『N』のキズナを2000以上にしよう
mst.mission.1958348._detail,『N』のキズナを2000以上にしよう
mst.mission.1958349._title,『N』のキズナを3500以上にしよう
mst.mission.1958349._detail,『N』のキズナを3500以上にしよう
mst.mission.1958350._title,『N』のキズナを5000以上にしよう
mst.mission.1958350._detail,『N』のキズナを5000以上にしよう
mst.mission.1958351._title,『N』のキズナを6000以上にしよう
mst.mission.1958351._detail,『N』のキズナを6000以上にしよう
mst.mission.1958352._title,『N』のキズナを7000以上にしよう
mst.mission.1958352._detail,『N』のキズナを7000以上にしよう
mst.mission.1958353._title,『N』のキズナを8000以上にしよう
mst.mission.1958353._detail,『N』のキズナを8000以上にしよう
mst.mission.1958354._title,『N』のキズナを9000以上にしよう
mst.mission.1958354._detail,『N』のキズナを9000以上にしよう
mst.mission.1958355._title,『N』のキズナを10000以上にしよう
mst.mission.1958355._detail,『N』のキズナを10000以上にしよう
mst.mission.1958356._title,『N』のキズナを11000以上にしよう
mst.mission.1958356._detail,『N』のキズナを11000以上にしよう
mst.mission.1958357._title,『N』のキズナを12500以上にしよう
mst.mission.1958357._detail,『N』のキズナを12500以上にしよう
mst.mission.1958358._title,『N』のキズナを13000以上にしよう
mst.mission.1958358._detail,『N』のキズナを13000以上にしよう
mst.mission.1958359._title,『N』のキズナを13500以上にしよう
mst.mission.1958359._detail,『N』のキズナを13500以上にしよう
mst.mission.1958360._title,『N』のキズナを15000以上にしよう
mst.mission.1958360._detail,『N』のキズナを15000以上にしよう
mst.mission.1958361._title,『N』のキズナをにしよう
mst.mission.1958361._detail,『N』のキズナをにしよう
mst.mission.1958362._title,『N』のキズナを1000以上にしよう
mst.mission.1958362._detail,『N』のキズナを1000以上にしよう
mst.mission.1958363._title,『N』のキズナを2000以上にしよう
mst.mission.1958363._detail,『N』のキズナを2000以上にしよう
mst.mission.1958364._title,『N』のキズナを3500以上にしよう
mst.mission.1958364._detail,『N』のキズナを3500以上にしよう
mst.mission.1958365._title,『N』のキズナを5000以上にしよう
mst.mission.1958365._detail,『N』のキズナを5000以上にしよう
mst.mission.1958366._title,『N』のキズナを6000以上にしよう
mst.mission.1958366._detail,『N』のキズナを6000以上にしよう
mst.mission.1958367._title,『N』のキズナを7000以上にしよう
mst.mission.1958367._detail,『N』のキズナを7000以上にしよう
mst.mission.1958368._title,『N』のキズナを8000以上にしよう
mst.mission.1958368._detail,『N』のキズナを8000以上にしよう
mst.mission.1958369._title,『N』のキズナを9000以上にしよう
mst.mission.1958369._detail,『N』のキズナを9000以上にしよう
mst.mission.1958370._title,『N』のキズナを10000以上にしよう
mst.mission.1958370._detail,『N』のキズナを10000以上にしよう
mst.mission.1958371._title,『N』のキズナを11000以上にしよう
mst.mission.1958371._detail,『N』のキズナを11000以上にしよう
mst.mission.1958372._title,『N』のキズナを12500以上にしよう
mst.mission.1958372._detail,『N』のキズナを12500以上にしよう
mst.mission.1958373._title,『N』のキズナを13000以上にしよう
mst.mission.1958373._detail,『N』のキズナを13000以上にしよう
mst.mission.1958374._title,『N』のキズナを13500以上にしよう
mst.mission.1958374._detail,『N』のキズナを13500以上にしよう
mst.mission.1958375._title,『N』のキズナを15000以上にしよう
mst.mission.1958375._detail,『N』のキズナを15000以上にしよう
mst.mission.1958376._title,『N』のキズナをにしよう
mst.mission.1958376._detail,『N』のキズナをにしよう
mst.mission.1958377._title,『N』のキズナを1000以上にしよう
mst.mission.1958377._detail,『N』のキズナを1000以上にしよう
mst.mission.1958378._title,『N』のキズナを2000以上にしよう
mst.mission.1958378._detail,『N』のキズナを2000以上にしよう
mst.mission.1958379._title,『N』のキズナを3500以上にしよう
mst.mission.1958379._detail,『N』のキズナを3500以上にしよう
mst.mission.1958380._title,『N』のキズナを5000以上にしよう
mst.mission.1958380._detail,『N』のキズナを5000以上にしよう
mst.mission.1958381._title,『N』のキズナを6000以上にしよう
mst.mission.1958381._detail,『N』のキズナを6000以上にしよう
mst.mission.1958382._title,『N』のキズナを7000以上にしよう
mst.mission.1958382._detail,『N』のキズナを7000以上にしよう
mst.mission.1958383._title,『N』のキズナを8000以上にしよう
mst.mission.1958383._detail,『N』のキズナを8000以上にしよう
mst.mission.1958384._title,『N』のキズナを9000以上にしよう
mst.mission.1958384._detail,『N』のキズナを9000以上にしよう
mst.mission.1958385._title,『N』のキズナを10000以上にしよう
mst.mission.1958385._detail,『N』のキズナを10000以上にしよう
mst.mission.1958386._title,『N』のキズナを11000以上にしよう
mst.mission.1958386._detail,『N』のキズナを11000以上にしよう
mst.mission.1958387._title,『N』のキズナを12500以上にしよう
mst.mission.1958387._detail,『N』のキズナを12500以上にしよう
mst.mission.1958388._title,『N』のキズナを13000以上にしよう
mst.mission.1958388._detail,『N』のキズナを13000以上にしよう
mst.mission.1958389._title,『N』のキズナを13500以上にしよう
mst.mission.1958389._detail,『N』のキズナを13500以上にしよう
mst.mission.1958390._title,『N』のキズナを15000以上にしよう
mst.mission.1958390._detail,『N』のキズナを15000以上にしよう
mst.mission.1958391._title,『N』のキズナをにしよう
mst.mission.1958391._detail,『N』のキズナをにしよう
mst.mission.1958392._title,『N』のキズナを1000以上にしよう
mst.mission.1958392._detail,『N』のキズナを1000以上にしよう
mst.mission.1958393._title,『N』のキズナを2000以上にしよう
mst.mission.1958393._detail,『N』のキズナを2000以上にしよう
mst.mission.1958394._title,『N』のキズナを3500以上にしよう
mst.mission.1958394._detail,『N』のキズナを3500以上にしよう
mst.mission.1958395._title,『N』のキズナを5000以上にしよう
mst.mission.1958395._detail,『N』のキズナを5000以上にしよう
mst.mission.1958396._title,『N』のキズナを6000以上にしよう
mst.mission.1958396._detail,『N』のキズナを6000以上にしよう
mst.mission.1958397._title,『N』のキズナを7000以上にしよう
mst.mission.1958397._detail,『N』のキズナを7000以上にしよう
mst.mission.1958398._title,『N』のキズナを8000以上にしよう
mst.mission.1958398._detail,『N』のキズナを8000以上にしよう
mst.mission.1958399._title,『N』のキズナを9000以上にしよう
mst.mission.1958399._detail,『N』のキズナを9000以上にしよう
mst.mission.1958400._title,『N』のキズナを10000以上にしよう
mst.mission.1958400._detail,『N』のキズナを10000以上にしよう
mst.mission.1958401._title,『N』のキズナを11000以上にしよう
mst.mission.1958401._detail,『N』のキズナを11000以上にしよう
mst.mission.1958402._title,『N』のキズナを12500以上にしよう
mst.mission.1958402._detail,『N』のキズナを12500以上にしよう
mst.mission.1958403._title,『N』のキズナを13000以上にしよう
mst.mission.1958403._detail,『N』のキズナを13000以上にしよう
mst.mission.1958404._title,『N』のキズナを13500以上にしよう
mst.mission.1958404._detail,『N』のキズナを13500以上にしよう
mst.mission.1958405._title,『N』のキズナを15000以上にしよう
mst.mission.1958405._detail,『N』のキズナを15000以上にしよう
mst.mission.1958406._title,『N』のキズナをにしよう
mst.mission.1958406._detail,『N』のキズナをにしよう
mst.mission.1958407._title,『N』のキズナを1000以上にしよう
mst.mission.1958407._detail,『N』のキズナを1000以上にしよう
mst.mission.1958408._title,『N』のキズナを2000以上にしよう
mst.mission.1958408._detail,『N』のキズナを2000以上にしよう
mst.mission.1958409._title,『N』のキズナを3500以上にしよう
mst.mission.1958409._detail,『N』のキズナを3500以上にしよう
mst.mission.1958410._title,『N』のキズナを5000以上にしよう
mst.mission.1958410._detail,『N』のキズナを5000以上にしよう
mst.mission.1958411._title,『N』のキズナを6000以上にしよう
mst.mission.1958411._detail,『N』のキズナを6000以上にしよう
mst.mission.1958412._title,『N』のキズナを7000以上にしよう
mst.mission.1958412._detail,『N』のキズナを7000以上にしよう
mst.mission.1958413._title,『N』のキズナを8000以上にしよう
mst.mission.1958413._detail,『N』のキズナを8000以上にしよう
mst.mission.1958414._title,『N』のキズナを9000以上にしよう
mst.mission.1958414._detail,『N』のキズナを9000以上にしよう
mst.mission.1958415._title,『N』のキズナを10000以上にしよう
mst.mission.1958415._detail,『N』のキズナを10000以上にしよう
mst.mission.1958416._title,『N』のキズナを11000以上にしよう
mst.mission.1958416._detail,『N』のキズナを11000以上にしよう
mst.mission.1958417._title,『N』のキズナを12500以上にしよう
mst.mission.1958417._detail,『N』のキズナを12500以上にしよう
mst.mission.1958418._title,『N』のキズナを13000以上にしよう
mst.mission.1958418._detail,『N』のキズナを13000以上にしよう
mst.mission.1958419._title,『N』のキズナを13500以上にしよう
mst.mission.1958419._detail,『N』のキズナを13500以上にしよう
mst.mission.1958420._title,『N』のキズナを15000以上にしよう
mst.mission.1958420._detail,『N』のキズナを15000以上にしよう
mst.mission.1958421._title,『N』のキズナをにしよう
mst.mission.1958421._detail,『N』のキズナをにしよう
mst.mission.1958422._title,『N』のキズナを1000以上にしよう
mst.mission.1958422._detail,『N』のキズナを1000以上にしよう
mst.mission.1958423._title,『N』のキズナを2000以上にしよう
mst.mission.1958423._detail,『N』のキズナを2000以上にしよう
mst.mission.1958424._title,『N』のキズナを3500以上にしよう
mst.mission.1958424._detail,『N』のキズナを3500以上にしよう
mst.mission.1958425._title,『N』のキズナを5000以上にしよう
mst.mission.1958425._detail,『N』のキズナを5000以上にしよう
mst.mission.1958426._title,『N』のキズナを6000以上にしよう
mst.mission.1958426._detail,『N』のキズナを6000以上にしよう
mst.mission.1958427._title,『N』のキズナを7000以上にしよう
mst.mission.1958427._detail,『N』のキズナを7000以上にしよう
mst.mission.1958428._title,『N』のキズナを8000以上にしよう
mst.mission.1958428._detail,『N』のキズナを8000以上にしよう
mst.mission.1958429._title,『N』のキズナを9000以上にしよう
mst.mission.1958429._detail,『N』のキズナを9000以上にしよう
mst.mission.1958430._title,『N』のキズナを10000以上にしよう
mst.mission.1958430._detail,『N』のキズナを10000以上にしよう
mst.mission.1958431._title,『N』のキズナを11000以上にしよう
mst.mission.1958431._detail,『N』のキズナを11000以上にしよう
mst.mission.1958432._title,『N』のキズナを12500以上にしよう
mst.mission.1958432._detail,『N』のキズナを12500以上にしよう
mst.mission.1958433._title,『N』のキズナを13000以上にしよう
mst.mission.1958433._detail,『N』のキズナを13000以上にしよう
mst.mission.1958434._title,『N』のキズナを13500以上にしよう
mst.mission.1958434._detail,『N』のキズナを13500以上にしよう
mst.mission.1958435._title,『N』のキズナを15000以上にしよう
mst.mission.1958435._detail,『N』のキズナを15000以上にしよう
mst.mission.1958436._title,『N』のキズナをにしよう
mst.mission.1958436._detail,『N』のキズナをにしよう
mst.mission.1958437._title,『N』のキズナを1000以上にしよう
mst.mission.1958437._detail,『N』のキズナを1000以上にしよう
mst.mission.1958438._title,『N』のキズナを2000以上にしよう
mst.mission.1958438._detail,『N』のキズナを2000以上にしよう
mst.mission.1958439._title,『N』のキズナを3500以上にしよう
mst.mission.1958439._detail,『N』のキズナを3500以上にしよう
mst.mission.1958440._title,『N』のキズナを5000以上にしよう
mst.mission.1958440._detail,『N』のキズナを5000以上にしよう
mst.mission.1958441._title,『N』のキズナを6000以上にしよう
mst.mission.1958441._detail,『N』のキズナを6000以上にしよう
mst.mission.1958442._title,『N』のキズナを7000以上にしよう
mst.mission.1958442._detail,『N』のキズナを7000以上にしよう
mst.mission.1958443._title,『N』のキズナを8000以上にしよう
mst.mission.1958443._detail,『N』のキズナを8000以上にしよう
mst.mission.1958444._title,『N』のキズナを9000以上にしよう
mst.mission.1958444._detail,『N』のキズナを9000以上にしよう
mst.mission.1958445._title,『N』のキズナを10000以上にしよう
mst.mission.1958445._detail,『N』のキズナを10000以上にしよう
mst.mission.1958446._title,『N』のキズナを11000以上にしよう
mst.mission.1958446._detail,『N』のキズナを11000以上にしよう
mst.mission.1958447._title,『N』のキズナを12500以上にしよう
mst.mission.1958447._detail,『N』のキズナを12500以上にしよう
mst.mission.1958448._title,『N』のキズナを13000以上にしよう
mst.mission.1958448._detail,『N』のキズナを13000以上にしよう
mst.mission.1958449._title,『N』のキズナを13500以上にしよう
mst.mission.1958449._detail,『N』のキズナを13500以上にしよう
mst.mission.1958450._title,『N』のキズナを15000以上にしよう
mst.mission.1958450._detail,『N』のキズナを15000以上にしよう
mst.mission.1958451._title,『N』のキズナをにしよう
mst.mission.1958451._detail,『N』のキズナをにしよう
mst.mission.1958452._title,『N』のキズナを1000以上にしよう
mst.mission.1958452._detail,『N』のキズナを1000以上にしよう
mst.mission.1958453._title,『N』のキズナを2000以上にしよう
mst.mission.1958453._detail,『N』のキズナを2000以上にしよう
mst.mission.1958454._title,『N』のキズナを3500以上にしよう
mst.mission.1958454._detail,『N』のキズナを3500以上にしよう
mst.mission.1958455._title,『N』のキズナを5000以上にしよう
mst.mission.1958455._detail,『N』のキズナを5000以上にしよう
mst.mission.1958456._title,『N』のキズナを6000以上にしよう
mst.mission.1958456._detail,『N』のキズナを6000以上にしよう
mst.mission.1958457._title,『N』のキズナを7000以上にしよう
mst.mission.1958457._detail,『N』のキズナを7000以上にしよう
mst.mission.1958458._title,『N』のキズナを8000以上にしよう
mst.mission.1958458._detail,『N』のキズナを8000以上にしよう
mst.mission.1958459._title,『N』のキズナを9000以上にしよう
mst.mission.1958459._detail,『N』のキズナを9000以上にしよう
mst.mission.1958460._title,『N』のキズナを10000以上にしよう
mst.mission.1958460._detail,『N』のキズナを10000以上にしよう
mst.mission.1958461._title,『N』のキズナを11000以上にしよう
mst.mission.1958461._detail,『N』のキズナを11000以上にしよう
mst.mission.1958462._title,『N』のキズナを12500以上にしよう
mst.mission.1958462._detail,『N』のキズナを12500以上にしよう
mst.mission.1958463._title,『N』のキズナを13000以上にしよう
mst.mission.1958463._detail,『N』のキズナを13000以上にしよう
mst.mission.1958464._title,『N』のキズナを13500以上にしよう
mst.mission.1958464._detail,『N』のキズナを13500以上にしよう
mst.mission.1958465._title,『N』のキズナを15000以上にしよう
mst.mission.1958465._detail,『N』のキズナを15000以上にしよう
mst.mission.1958466._title,『N』のキズナをにしよう
mst.mission.1958466._detail,『N』のキズナをにしよう
mst.mission.1958467._title,『N』のキズナを1000以上にしよう
mst.mission.1958467._detail,『N』のキズナを1000以上にしよう
mst.mission.1958468._title,『N』のキズナを2000以上にしよう
mst.mission.1958468._detail,『N』のキズナを2000以上にしよう
mst.mission.1958469._title,『N』のキズナを3500以上にしよう
mst.mission.1958469._detail,『N』のキズナを3500以上にしよう
mst.mission.1958470._title,『N』のキズナを5000以上にしよう
mst.mission.1958470._detail,『N』のキズナを5000以上にしよう
mst.mission.1958471._title,『N』のキズナを6000以上にしよう
mst.mission.1958471._detail,『N』のキズナを6000以上にしよう
mst.mission.1958472._title,『N』のキズナを7000以上にしよう
mst.mission.1958472._detail,『N』のキズナを7000以上にしよう
mst.mission.1958473._title,『N』のキズナを8000以上にしよう
mst.mission.1958473._detail,『N』のキズナを8000以上にしよう
mst.mission.1958474._title,『N』のキズナを9000以上にしよう
mst.mission.1958474._detail,『N』のキズナを9000以上にしよう
mst.mission.1958475._title,『N』のキズナを10000以上にしよう
mst.mission.1958475._detail,『N』のキズナを10000以上にしよう
mst.mission.1958476._title,『N』のキズナを11000以上にしよう
mst.mission.1958476._detail,『N』のキズナを11000以上にしよう
mst.mission.1958477._title,『N』のキズナを12500以上にしよう
mst.mission.1958477._detail,『N』のキズナを12500以上にしよう
mst.mission.1958478._title,『N』のキズナを13000以上にしよう
mst.mission.1958478._detail,『N』のキズナを13000以上にしよう
mst.mission.1958479._title,『N』のキズナを13500以上にしよう
mst.mission.1958479._detail,『N』のキズナを13500以上にしよう
mst.mission.1958480._title,『N』のキズナを15000以上にしよう
mst.mission.1958480._detail,『N』のキズナを15000以上にしよう
mst.mission.1958481._title,『N』のキズナをにしよう
mst.mission.1958481._detail,『N』のキズナをにしよう
mst.mission.1958482._title,『N』のキズナを1000以上にしよう
mst.mission.1958482._detail,『N』のキズナを1000以上にしよう
mst.mission.1958483._title,『N』のキズナを2000以上にしよう
mst.mission.1958483._detail,『N』のキズナを2000以上にしよう
mst.mission.1958484._title,『N』のキズナを3500以上にしよう
mst.mission.1958484._detail,『N』のキズナを3500以上にしよう
mst.mission.1958485._title,『N』のキズナを5000以上にしよう
mst.mission.1958485._detail,『N』のキズナを5000以上にしよう
mst.mission.1958486._title,『N』のキズナを6000以上にしよう
mst.mission.1958486._detail,『N』のキズナを6000以上にしよう
mst.mission.1958487._title,『N』のキズナを7000以上にしよう
mst.mission.1958487._detail,『N』のキズナを7000以上にしよう
mst.mission.1958488._title,『N』のキズナを8000以上にしよう
mst.mission.1958488._detail,『N』のキズナを8000以上にしよう
mst.mission.1958489._title,『N』のキズナを9000以上にしよう
mst.mission.1958489._detail,『N』のキズナを9000以上にしよう
mst.mission.1958490._title,『N』のキズナを10000以上にしよう
mst.mission.1958490._detail,『N』のキズナを10000以上にしよう
mst.mission.1958491._title,『N』のキズナを11000以上にしよう
mst.mission.1958491._detail,『N』のキズナを11000以上にしよう
mst.mission.1958492._title,『N』のキズナを12500以上にしよう
mst.mission.1958492._detail,『N』のキズナを12500以上にしよう
mst.mission.1958493._title,『N』のキズナを13000以上にしよう
mst.mission.1958493._detail,『N』のキズナを13000以上にしよう
mst.mission.1958494._title,『N』のキズナを13500以上にしよう
mst.mission.1958494._detail,『N』のキズナを13500以上にしよう
mst.mission.1958495._title,『N』のキズナを15000以上にしよう
mst.mission.1958495._detail,『N』のキズナを15000以上にしよう
mst.mission.1958496._title,『N』のキズナをにしよう
mst.mission.1958496._detail,『N』のキズナをにしよう
mst.mission.1958497._title,『N』のキズナを1000以上にしよう
mst.mission.1958497._detail,『N』のキズナを1000以上にしよう
mst.mission.1958498._title,『N』のキズナを2000以上にしよう
mst.mission.1958498._detail,『N』のキズナを2000以上にしよう
mst.mission.1958499._title,『N』のキズナを3500以上にしよう
mst.mission.1958499._detail,『N』のキズナを3500以上にしよう
mst.mission.1958500._title,『N』のキズナを5000以上にしよう
mst.mission.1958500._detail,『N』のキズナを5000以上にしよう
mst.mission.1958501._title,『N』のキズナを6000以上にしよう
mst.mission.1958501._detail,『N』のキズナを6000以上にしよう
mst.mission.1958502._title,『N』のキズナを7000以上にしよう
mst.mission.1958502._detail,『N』のキズナを7000以上にしよう
mst.mission.1958503._title,『N』のキズナを8000以上にしよう
mst.mission.1958503._detail,『N』のキズナを8000以上にしよう
mst.mission.1958504._title,『N』のキズナを9000以上にしよう
mst.mission.1958504._detail,『N』のキズナを9000以上にしよう
mst.mission.1958505._title,『N』のキズナを10000以上にしよう
mst.mission.1958505._detail,『N』のキズナを10000以上にしよう
mst.mission.1958506._title,『N』のキズナを11000以上にしよう
mst.mission.1958506._detail,『N』のキズナを11000以上にしよう
mst.mission.1958507._title,『N』のキズナを12500以上にしよう
mst.mission.1958507._detail,『N』のキズナを12500以上にしよう
mst.mission.1958508._title,『N』のキズナを13000以上にしよう
mst.mission.1958508._detail,『N』のキズナを13000以上にしよう
mst.mission.1958509._title,『N』のキズナを13500以上にしよう
mst.mission.1958509._detail,『N』のキズナを13500以上にしよう
mst.mission.1958510._title,『N』のキズナを15000以上にしよう
mst.mission.1958510._detail,『N』のキズナを15000以上にしよう
mst.mission.1958511._title,『N』のキズナをにしよう
mst.mission.1958511._detail,『N』のキズナをにしよう
mst.mission.1958512._title,『N』のキズナを1000以上にしよう
mst.mission.1958512._detail,『N』のキズナを1000以上にしよう
mst.mission.1958513._title,『N』のキズナを2000以上にしよう
mst.mission.1958513._detail,『N』のキズナを2000以上にしよう
mst.mission.1958514._title,『N』のキズナを3500以上にしよう
mst.mission.1958514._detail,『N』のキズナを3500以上にしよう
mst.mission.1958515._title,『N』のキズナを5000以上にしよう
mst.mission.1958515._detail,『N』のキズナを5000以上にしよう
mst.mission.1958516._title,『N』のキズナを6000以上にしよう
mst.mission.1958516._detail,『N』のキズナを6000以上にしよう
mst.mission.1958517._title,『N』のキズナを7000以上にしよう
mst.mission.1958517._detail,『N』のキズナを7000以上にしよう
mst.mission.1958518._title,『N』のキズナを8000以上にしよう
mst.mission.1958518._detail,『N』のキズナを8000以上にしよう
mst.mission.1958519._title,『N』のキズナを9000以上にしよう
mst.mission.1958519._detail,『N』のキズナを9000以上にしよう
mst.mission.1958520._title,『N』のキズナを10000以上にしよう
mst.mission.1958520._detail,『N』のキズナを10000以上にしよう
mst.mission.1958521._title,『N』のキズナを11000以上にしよう
mst.mission.1958521._detail,『N』のキズナを11000以上にしよう
mst.mission.1958522._title,『N』のキズナを12500以上にしよう
mst.mission.1958522._detail,『N』のキズナを12500以上にしよう
mst.mission.1958523._title,『N』のキズナを13000以上にしよう
mst.mission.1958523._detail,『N』のキズナを13000以上にしよう
mst.mission.1958524._title,『N』のキズナを13500以上にしよう
mst.mission.1958524._detail,『N』のキズナを13500以上にしよう
mst.mission.1958525._title,『N』のキズナを15000以上にしよう
mst.mission.1958525._detail,『N』のキズナを15000以上にしよう
mst.mission.1958526._title,『N』のキズナをにしよう
mst.mission.1958526._detail,『N』のキズナをにしよう
mst.mission.1958527._title,『N』のキズナを1000以上にしよう
mst.mission.1958527._detail,『N』のキズナを1000以上にしよう
mst.mission.1958528._title,『N』のキズナを2000以上にしよう
mst.mission.1958528._detail,『N』のキズナを2000以上にしよう
mst.mission.1958529._title,『N』のキズナを3500以上にしよう
mst.mission.1958529._detail,『N』のキズナを3500以上にしよう
mst.mission.1958530._title,『N』のキズナを5000以上にしよう
mst.mission.1958530._detail,『N』のキズナを5000以上にしよう
mst.mission.1958531._title,『N』のキズナを6000以上にしよう
mst.mission.1958531._detail,『N』のキズナを6000以上にしよう
mst.mission.1958532._title,『N』のキズナを7000以上にしよう
mst.mission.1958532._detail,『N』のキズナを7000以上にしよう
mst.mission.1958533._title,『N』のキズナを8000以上にしよう
mst.mission.1958533._detail,『N』のキズナを8000以上にしよう
mst.mission.1958534._title,『N』のキズナを9000以上にしよう
mst.mission.1958534._detail,『N』のキズナを9000以上にしよう
mst.mission.1958535._title,『N』のキズナを10000以上にしよう
mst.mission.1958535._detail,『N』のキズナを10000以上にしよう
mst.mission.1958536._title,『N』のキズナを11000以上にしよう
mst.mission.1958536._detail,『N』のキズナを11000以上にしよう
mst.mission.1958537._title,『N』のキズナを12500以上にしよう
mst.mission.1958537._detail,『N』のキズナを12500以上にしよう
mst.mission.1958538._title,『N』のキズナを13000以上にしよう
mst.mission.1958538._detail,『N』のキズナを13000以上にしよう
mst.mission.1958539._title,『N』のキズナを13500以上にしよう
mst.mission.1958539._detail,『N』のキズナを13500以上にしよう
mst.mission.1958540._title,『N』のキズナを15000以上にしよう
mst.mission.1958540._detail,『N』のキズナを15000以上にしよう
mst.mission.1958541._title,『N』のキズナをにしよう
mst.mission.1958541._detail,『N』のキズナをにしよう
mst.mission.1958542._title,『N』のキズナを1000以上にしよう
mst.mission.1958542._detail,『N』のキズナを1000以上にしよう
mst.mission.1958543._title,『N』のキズナを2000以上にしよう
mst.mission.1958543._detail,『N』のキズナを2000以上にしよう
mst.mission.1958544._title,『N』のキズナを3500以上にしよう
mst.mission.1958544._detail,『N』のキズナを3500以上にしよう
mst.mission.1958545._title,『N』のキズナを5000以上にしよう
mst.mission.1958545._detail,『N』のキズナを5000以上にしよう
mst.mission.1958546._title,『N』のキズナを6000以上にしよう
mst.mission.1958546._detail,『N』のキズナを6000以上にしよう
mst.mission.1958547._title,『N』のキズナを7000以上にしよう
mst.mission.1958547._detail,『N』のキズナを7000以上にしよう
mst.mission.1958548._title,『N』のキズナを8000以上にしよう
mst.mission.1958548._detail,『N』のキズナを8000以上にしよう
mst.mission.1958549._title,『N』のキズナを9000以上にしよう
mst.mission.1958549._detail,『N』のキズナを9000以上にしよう
mst.mission.1958550._title,『N』のキズナを10000以上にしよう
mst.mission.1958550._detail,『N』のキズナを10000以上にしよう
mst.mission.1958551._title,『N』のキズナを11000以上にしよう
mst.mission.1958551._detail,『N』のキズナを11000以上にしよう
mst.mission.1958552._title,『N』のキズナを12500以上にしよう
mst.mission.1958552._detail,『N』のキズナを12500以上にしよう
mst.mission.1958553._title,『N』のキズナを13000以上にしよう
mst.mission.1958553._detail,『N』のキズナを13000以上にしよう
mst.mission.1958554._title,『N』のキズナを13500以上にしよう
mst.mission.1958554._detail,『N』のキズナを13500以上にしよう
mst.mission.1958555._title,『N』のキズナを15000以上にしよう
mst.mission.1958555._detail,『N』のキズナを15000以上にしよう
mst.mission.1958556._title,『N』のキズナをにしよう
mst.mission.1958556._detail,『N』のキズナをにしよう
mst.mission.1958557._title,『N』のキズナを1000以上にしよう
mst.mission.1958557._detail,『N』のキズナを1000以上にしよう
mst.mission.1958558._title,『N』のキズナを2000以上にしよう
mst.mission.1958558._detail,『N』のキズナを2000以上にしよう
mst.mission.1958559._title,『N』のキズナを3500以上にしよう
mst.mission.1958559._detail,『N』のキズナを3500以上にしよう
mst.mission.1958560._title,『N』のキズナを5000以上にしよう
mst.mission.1958560._detail,『N』のキズナを5000以上にしよう
mst.mission.1958561._title,『N』のキズナを6000以上にしよう
mst.mission.1958561._detail,『N』のキズナを6000以上にしよう
mst.mission.1958562._title,『N』のキズナを7000以上にしよう
mst.mission.1958562._detail,『N』のキズナを7000以上にしよう
mst.mission.1958563._title,『N』のキズナを8000以上にしよう
mst.mission.1958563._detail,『N』のキズナを8000以上にしよう
mst.mission.1958564._title,『N』のキズナを9000以上にしよう
mst.mission.1958564._detail,『N』のキズナを9000以上にしよう
mst.mission.1958565._title,『N』のキズナを10000以上にしよう
mst.mission.1958565._detail,『N』のキズナを10000以上にしよう
mst.mission.1958566._title,『N』のキズナを11000以上にしよう
mst.mission.1958566._detail,『N』のキズナを11000以上にしよう
mst.mission.1958567._title,『N』のキズナを12500以上にしよう
mst.mission.1958567._detail,『N』のキズナを12500以上にしよう
mst.mission.1958568._title,『N』のキズナを13000以上にしよう
mst.mission.1958568._detail,『N』のキズナを13000以上にしよう
mst.mission.1958569._title,『N』のキズナを13500以上にしよう
mst.mission.1958569._detail,『N』のキズナを13500以上にしよう
mst.mission.1958570._title,『N』のキズナを15000以上にしよう
mst.mission.1958570._detail,『N』のキズナを15000以上にしよう
mst.mission.1958571._title,『N』のキズナをにしよう
mst.mission.1958571._detail,『N』のキズナをにしよう
mst.mission.1958572._title,『N』のキズナを1000以上にしよう
mst.mission.1958572._detail,『N』のキズナを1000以上にしよう
mst.mission.1958573._title,『N』のキズナを2000以上にしよう
mst.mission.1958573._detail,『N』のキズナを2000以上にしよう
mst.mission.1958574._title,『N』のキズナを3500以上にしよう
mst.mission.1958574._detail,『N』のキズナを3500以上にしよう
mst.mission.1958575._title,『N』のキズナを5000以上にしよう
mst.mission.1958575._detail,『N』のキズナを5000以上にしよう
mst.mission.1958576._title,『N』のキズナを6000以上にしよう
mst.mission.1958576._detail,『N』のキズナを6000以上にしよう
mst.mission.1958577._title,『N』のキズナを7000以上にしよう
mst.mission.1958577._detail,『N』のキズナを7000以上にしよう
mst.mission.1958578._title,『N』のキズナを8000以上にしよう
mst.mission.1958578._detail,『N』のキズナを8000以上にしよう
mst.mission.1958579._title,『N』のキズナを9000以上にしよう
mst.mission.1958579._detail,『N』のキズナを9000以上にしよう
mst.mission.1958580._title,『N』のキズナを10000以上にしよう
mst.mission.1958580._detail,『N』のキズナを10000以上にしよう
mst.mission.1958581._title,『N』のキズナを11000以上にしよう
mst.mission.1958581._detail,『N』のキズナを11000以上にしよう
mst.mission.1958582._title,『N』のキズナを12500以上にしよう
mst.mission.1958582._detail,『N』のキズナを12500以上にしよう
mst.mission.1958583._title,『N』のキズナを13000以上にしよう
mst.mission.1958583._detail,『N』のキズナを13000以上にしよう
mst.mission.1958584._title,『N』のキズナを13500以上にしよう
mst.mission.1958584._detail,『N』のキズナを13500以上にしよう
mst.mission.1958585._title,『N』のキズナを15000以上にしよう
mst.mission.1958585._detail,『N』のキズナを15000以上にしよう
mst.mission.1953032._title,ログインしよう
mst.mission.1953032._detail,ログインしよう
mst.mission.1953033._title,ログインしよう
mst.mission.1953033._detail,ログインしよう
mst.mission.1953034._title,ログインしよう
mst.mission.1953034._detail,ログインしよう
mst.mission.1953036._title,ログインしよう
mst.mission.1953036._detail,ログインしよう
mst.mission.1953038._title,ログインしよう
mst.mission.1953038._detail,ログインしよう
mst.mission.1953039._title,ログインしよう
mst.mission.1953039._detail,ログインしよう
mst.mission.1953040._title,ログインしよう
mst.mission.1953040._detail,ログインしよう
mst.mission.1953041._title,ログインしよう
mst.mission.1953041._detail,ログインしよう
mst.mission.1953042._title,ログインしよう
mst.mission.1953042._detail,ログインしよう
mst.mission.1953043._title,ログインしよう
mst.mission.1953043._detail,ログインしよう
mst.mission.1953044._title,ログインしよう
mst.mission.1953044._detail,ログインしよう
mst.mission.1953046._title,ログインしよう
mst.mission.1953046._detail,ログインしよう
mst.mission.1953048._title,ログインしよう
mst.mission.1953048._detail,ログインしよう
mst.mission.1953049._title,ログインしよう
mst.mission.1953049._detail,ログインしよう
mst.mission.1953051._title,ログインしよう
mst.mission.1953051._detail,ログインしよう
mst.mission.1953053._title,ログインしよう
mst.mission.1953053._detail,ログインしよう
mst.mission.1953054._title,ログインしよう
mst.mission.1953054._detail,ログインしよう
mst.mission.1953055._title,ログインしよう
mst.mission.1953055._detail,ログインしよう
mst.mission.1953056._title,ログインしよう
mst.mission.1953056._detail,ログインしよう
mst.mission.1953057._title,ログインしよう
mst.mission.1953057._detail,ログインしよう
mst.mission.1953058._title,ログインしよう
mst.mission.1953058._detail,ログインしよう
mst.mission.1953059._title,ログインしよう
mst.mission.1953059._detail,ログインしよう
mst.mission.1953060._title,ログインしよう
mst.mission.1953060._detail,ログインしよう
mst.mission.1953061._title,ログインしよう
mst.mission.1953061._detail,ログインしよう
mst.mission.1953062._title,ログインしよう
mst.mission.1953062._detail,ログインしよう
mst.mission.1953063._title,ログインしよう
mst.mission.1953063._detail,ログインしよう
mst.mission.1953064._title,ログインしよう
mst.mission.1953064._detail,ログインしよう
mst.mission.1953065._title,ログインしよう
mst.mission.1953065._detail,ログインしよう
mst.mission.1953066._title,ログインしよう
mst.mission.1953066._detail,ログインしよう
mst.mission.1953068._title,ログインしよう
mst.mission.1953068._detail,ログインしよう
mst.mission.1953069._title,ログインしよう
mst.mission.1953069._detail,ログインしよう
mst.mission.1953070._title,ログインしよう
mst.mission.1953070._detail,ログインしよう
mst.mission.1953071._title,ログインしよう
mst.mission.1953071._detail,ログインしよう
mst.mission.1953072._title,ログインしよう
mst.mission.1953072._detail,ログインしよう
mst.mission.1953074._title,ログインしよう
mst.mission.1953074._detail,ログインしよう
mst.mission.1953075._title,ログインしよう
mst.mission.1953075._detail,ログインしよう
mst.mission.1953076._title,ログインしよう
mst.mission.1953076._detail,ログインしよう
mst.mission.1953077._title,ログインしよう
mst.mission.1953077._detail,ログインしよう
mst.mission.1953078._title,ログインしよう
mst.mission.1953078._detail,ログインしよう
mst.mission.1953079._title,ログインしよう
mst.mission.1953079._detail,ログインしよう
mst.mission.1953080._title,ログインしよう
mst.mission.1953080._detail,ログインしよう
mst.mission.1953081._title,ログインしよう
mst.mission.1953081._detail,ログインしよう
mst.mission.1953082._title,ログインしよう
mst.mission.1953082._detail,ログインしよう
mst.mission.1953083._title,ログインしよう
mst.mission.1953083._detail,ログインしよう
mst.mission.1953084._title,ログインしよう
mst.mission.1953084._detail,ログインしよう
mst.mission.1953086._title,ログインしよう
mst.mission.1953086._detail,ログインしよう
mst.mission.1953087._title,ログインしよう
mst.mission.1953087._detail,ログインしよう
mst.mission.1953088._title,ログインしよう
mst.mission.1953088._detail,ログインしよう
mst.mission.1953089._title,ログインしよう
mst.mission.1953089._detail,ログインしよう
mst.mission.1953090._title,ログインしよう
mst.mission.1953090._detail,ログインしよう
mst.mission.1953091._title,ログインしよう
mst.mission.1953091._detail,ログインしよう
mst.mission.1953092._title,ログインしよう
mst.mission.1953092._detail,ログインしよう
mst.mission.1953093._title,ログインしよう
mst.mission.1953093._detail,ログインしよう
mst.mission.1953094._title,ログインしよう
mst.mission.1953094._detail,ログインしよう
mst.mission.1953095._title,ログインしよう
mst.mission.1953095._detail,ログインしよう
mst.mission.1953096._title,ログインしよう
mst.mission.1953096._detail,ログインしよう
mst.mission.1953098._title,ログインしよう
mst.mission.1953098._detail,ログインしよう
mst.mission.1953099._title,ログインしよう
mst.mission.1953099._detail,ログインしよう
mst.mission.1953100._title,ログインしよう
mst.mission.1953100._detail,ログインしよう
mst.mission.1953101._title,ログインしよう
mst.mission.1953101._detail,ログインしよう
mst.mission.1953102._title,ログインしよう
mst.mission.1953102._detail,ログインしよう
mst.mission.1953103._title,ログインしよう
mst.mission.1953103._detail,ログインしよう
mst.mission.1953104._title,ログインしよう
mst.mission.1953104._detail,ログインしよう
mst.mission.1953105._title,ログインしよう
mst.mission.1953105._detail,ログインしよう
mst.mission.1953106._title,ログインしよう
mst.mission.1953106._detail,ログインしよう
mst.mission.1953107._title,ログインしよう
mst.mission.1953107._detail,ログインしよう
mst.mission.1953108._title,ログインしよう
mst.mission.1953108._detail,ログインしよう
mst.mission.1953110._title,ログインしよう
mst.mission.1953110._detail,ログインしよう
mst.mission.1953111._title,ログインしよう
mst.mission.1953111._detail,ログインしよう
mst.mission.1953112._title,ログインしよう
mst.mission.1953112._detail,ログインしよう
mst.mission.1953113._title,ログインしよう
mst.mission.1953113._detail,ログインしよう
mst.mission.1953114._title,ログインしよう
mst.mission.1953114._detail,ログインしよう
mst.mission.1953115._title,ログインしよう
mst.mission.1953115._detail,ログインしよう
mst.mission.1953116._title,ログインしよう
mst.mission.1953116._detail,ログインしよう
mst.mission.1953117._title,ログインしよう
mst.mission.1953117._detail,ログインしよう
mst.mission.1953118._title,ログインしよう
mst.mission.1953118._detail,ログインしよう
mst.mission.1953119._title,ログインしよう
mst.mission.1953119._detail,ログインしよう
mst.mission.1953120._title,ログインしよう
mst.mission.1953120._detail,ログインしよう
mst.mission.1953122._title,ログインしよう
mst.mission.1953122._detail,ログインしよう
mst.mission.1953123._title,ログインしよう
mst.mission.1953123._detail,ログインしよう
mst.mission.1953124._title,ログインしよう
mst.mission.1953124._detail,ログインしよう
mst.mission.1953125._title,ログインしよう
mst.mission.1953125._detail,ログインしよう
mst.mission.1953126._title,ログインしよう
mst.mission.1953126._detail,ログインしよう
mst.mission.1953127._title,ログインしよう
mst.mission.1953127._detail,ログインしよう
mst.mission.1953128._title,ログインしよう
mst.mission.1953128._detail,ログインしよう
mst.mission.1953129._title,ログインしよう
mst.mission.1953129._detail,ログインしよう
mst.mission.1953130._title,ログインしよう
mst.mission.1953130._detail,ログインしよう
mst.mission.1953131._title,ログインしよう
mst.mission.1953131._detail,ログインしよう
mst.mission.1953132._title,ログインしよう
mst.mission.1953132._detail,ログインしよう
mst.mission.1953134._title,ログインしよう
mst.mission.1953134._detail,ログインしよう
mst.mission.1953135._title,ログインしよう
mst.mission.1953135._detail,ログインしよう
mst.mission.1953136._title,ログインしよう
mst.mission.1953136._detail,ログインしよう
mst.mission.1953137._title,ログインしよう
mst.mission.1953137._detail,ログインしよう
mst.mission.1953138._title,ログインしよう
mst.mission.1953138._detail,ログインしよう
mst.mission.1953139._title,ログインしよう
mst.mission.1953139._detail,ログインしよう
mst.mission.1953140._title,ログインしよう
mst.mission.1953140._detail,ログインしよう
mst.mission.1953141._title,ログインしよう
mst.mission.1953141._detail,ログインしよう
mst.mission.1953142._title,ログインしよう
mst.mission.1953142._detail,ログインしよう
mst.mission.1953143._title,ログインしよう
mst.mission.1953143._detail,ログインしよう
mst.mission.1953144._title,ログインしよう
mst.mission.1953144._detail,ログインしよう
mst.mission.1953146._title,ログインしよう
mst.mission.1953146._detail,ログインしよう
mst.mission.1953147._title,ログインしよう
mst.mission.1953147._detail,ログインしよう
mst.mission.1953148._title,ログインしよう
mst.mission.1953148._detail,ログインしよう
mst.mission.1953149._title,ログインしよう
mst.mission.1953149._detail,ログインしよう
mst.mission.1953150._title,ログインしよう
mst.mission.1953150._detail,ログインしよう
mst.mission.1953151._title,ログインしよう
mst.mission.1953151._detail,ログインしよう
mst.mission.1953152._title,ログインしよう
mst.mission.1953152._detail,ログインしよう
mst.mission.1953153._title,ログインしよう
mst.mission.1953153._detail,ログインしよう
mst.mission.1953154._title,ログインしよう
mst.mission.1953154._detail,ログインしよう
mst.mission.1953155._title,ログインしよう
mst.mission.1953155._detail,ログインしよう
mst.mission.1953156._title,ログインしよう
mst.mission.1953156._detail,ログインしよう
mst.mission.1953158._title,ログインしよう
mst.mission.1953158._detail,ログインしよう
mst.mission.1953159._title,ログインしよう
mst.mission.1953159._detail,ログインしよう
mst.mission.1953160._title,ログインしよう
mst.mission.1953160._detail,ログインしよう
mst.mission.1953161._title,ログインしよう
mst.mission.1953161._detail,ログインしよう
mst.mission.1953162._title,ログインしよう
mst.mission.1953162._detail,ログインしよう
mst.mission.1953163._title,ログインしよう
mst.mission.1953163._detail,ログインしよう
mst.mission.1953164._title,ログインしよう
mst.mission.1953164._detail,ログインしよう
mst.mission.1953165._title,ログインしよう
mst.mission.1953165._detail,ログインしよう
mst.mission.1953166._title,ログインしよう
mst.mission.1953166._detail,ログインしよう
mst.mission.1953167._title,ログインしよう
mst.mission.1953167._detail,ログインしよう
mst.mission.1953168._title,ログインしよう
mst.mission.1953168._detail,ログインしよう
mst.mission.1953170._title,ログインしよう
mst.mission.1953170._detail,ログインしよう
mst.mission.1953171._title,ログインしよう
mst.mission.1953171._detail,ログインしよう
mst.mission.1953172._title,ログインしよう
mst.mission.1953172._detail,ログインしよう
mst.mission.1953173._title,ログインしよう
mst.mission.1953173._detail,ログインしよう
mst.mission.1953174._title,ログインしよう
mst.mission.1953174._detail,ログインしよう
mst.mission.1953175._title,ログインしよう
mst.mission.1953175._detail,ログインしよう
mst.mission.1953176._title,ログインしよう
mst.mission.1953176._detail,ログインしよう
mst.mission.1953177._title,ログインしよう
mst.mission.1953177._detail,ログインしよう
mst.mission.1953178._title,ログインしよう
mst.mission.1953178._detail,ログインしよう
mst.mission.1967001._title,101の合計キズナをにしよう
mst.mission.1967001._detail,101の合計キズナをにしよう
mst.mission.1967002._title,101の合計キズナを10000以上にしよう
mst.mission.1967002._detail,101の合計キズナを10000以上にしよう
mst.mission.1967003._title,101の合計キズナを20000以上にしよう
mst.mission.1967003._detail,101の合計キズナを20000以上にしよう
mst.mission.1967004._title,101の合計キズナを30000以上にしよう
mst.mission.1967004._detail,101の合計キズナを30000以上にしよう
mst.mission.1967005._title,101の合計キズナを45000以上にしよう
mst.mission.1967005._detail,101の合計キズナを45000以上にしよう
mst.mission.1967006._title,101の合計キズナを60000以上にしよう
mst.mission.1967006._detail,101の合計キズナを60000以上にしよう
mst.mission.1967007._title,101の合計キズナを80000以上にしよう
mst.mission.1967007._detail,101の合計キズナを80000以上にしよう
mst.mission.1967008._title,101の合計キズナを100000以上にしよう
mst.mission.1967008._detail,101の合計キズナを100000以上にしよう
mst.mission.1967009._title,101の合計キズナを115000以上にしよう
mst.mission.1967009._detail,101の合計キズナを115000以上にしよう
mst.mission.1967010._title,101の合計キズナを130000以上にしよう
mst.mission.1967010._detail,101の合計キズナを130000以上にしよう
mst.mission.1967011._title,101の合計キズナを145000以上にしよう
mst.mission.1967011._detail,101の合計キズナを145000以上にしよう
mst.mission.1967012._title,101の合計キズナを160000以上にしよう
mst.mission.1967012._detail,101の合計キズナを160000以上にしよう
mst.mission.1967013._title,101の合計キズナを175000以上にしよう
mst.mission.1967013._detail,101の合計キズナを175000以上にしよう
mst.mission.1967014._title,101の合計キズナを190000以上にしよう
mst.mission.1967014._detail,101の合計キズナを190000以上にしよう
mst.mission.1967015._title,101の合計キズナを205000以上にしよう
mst.mission.1967015._detail,101の合計キズナを205000以上にしよう
mst.mission.1953179._title,ログインしよう
mst.mission.1953179._detail,ログインしよう
mst.mission.1953182._title,ログインしよう
mst.mission.1953182._detail,ログインしよう
mst.mission.1953185._title,ログインしよう
mst.mission.1953185._detail,ログインしよう
mst.mission.1953188._title,ログインしよう
mst.mission.1953188._detail,ログインしよう
mst.mission.1953191._title,ログインしよう
mst.mission.1953191._detail,ログインしよう
mst.mission.1953192._title,ログインしよう
mst.mission.1953192._detail,ログインしよう
mst.mission.1953194._title,ログインしよう
mst.mission.1953194._detail,ログインしよう
mst.mission.1953195._title,ログインしよう
mst.mission.1953195._detail,ログインしよう
mst.mission.1953196._title,ログインしよう
mst.mission.1953196._detail,ログインしよう
mst.mission.1953197._title,ログインしよう
mst.mission.1953197._detail,ログインしよう
mst.mission.1953198._title,ログインしよう
mst.mission.1953198._detail,ログインしよう
mst.mission.1953199._title,ログインしよう
mst.mission.1953199._detail,ログインしよう
mst.mission.1953200._title,ログインしよう
mst.mission.1953200._detail,ログインしよう
mst.mission.1953201._title,ログインしよう
mst.mission.1953201._detail,ログインしよう
mst.mission.1953202._title,ログインしよう
mst.mission.1953202._detail,ログインしよう
mst.mission.1953203._title,ログインしよう
mst.mission.1953203._detail,ログインしよう
mst.mission.1953204._title,ログインしよう
mst.mission.1953204._detail,ログインしよう
mst.mission.1953206._title,ログインしよう
mst.mission.1953206._detail,ログインしよう
mst.mission.1953207._title,ログインしよう
mst.mission.1953207._detail,ログインしよう
mst.mission.1953208._title,ログインしよう
mst.mission.1953208._detail,ログインしよう
mst.mission.1953209._title,ログインしよう
mst.mission.1953209._detail,ログインしよう
mst.mission.1953210._title,ログインしよう
mst.mission.1953210._detail,ログインしよう
mst.mission.1953211._title,ログインしよう
mst.mission.1953211._detail,ログインしよう
mst.mission.1953212._title,ログインしよう
mst.mission.1953212._detail,ログインしよう
mst.mission.1953213._title,ログインしよう
mst.mission.1953213._detail,ログインしよう
mst.mission.1953214._title,ログインしよう
mst.mission.1953214._detail,ログインしよう
mst.mission.1953215._title,ログインしよう
mst.mission.1953215._detail,ログインしよう
mst.mission.1953216._title,ログインしよう
mst.mission.1953216._detail,ログインしよう
mst.mission.1953218._title,ログインしよう
mst.mission.1953218._detail,ログインしよう
mst.mission.1953219._title,ログインしよう
mst.mission.1953219._detail,ログインしよう
mst.mission.1953220._title,ログインしよう
mst.mission.1953220._detail,ログインしよう
mst.mission.1953221._title,ログインしよう
mst.mission.1953221._detail,ログインしよう
mst.mission.1953222._title,ログインしよう
mst.mission.1953222._detail,ログインしよう
mst.mission.1953223._title,ログインしよう
mst.mission.1953223._detail,ログインしよう
mst.mission.1953224._title,ログインしよう
mst.mission.1953224._detail,ログインしよう
mst.mission.1953225._title,ログインしよう
mst.mission.1953225._detail,ログインしよう
mst.mission.1953226._title,ログインしよう
mst.mission.1953226._detail,ログインしよう
mst.mission.1953227._title,ログインしよう
mst.mission.1953227._detail,ログインしよう
mst.mission.1953228._title,ログインしよう
mst.mission.1953228._detail,ログインしよう
mst.mission.1953230._title,ログインしよう
mst.mission.1953230._detail,ログインしよう
mst.mission.1953231._title,ログインしよう
mst.mission.1953231._detail,ログインしよう
mst.mission.1953232._title,ログインしよう
mst.mission.1953232._detail,ログインしよう
mst.mission.1953233._title,ログインしよう
mst.mission.1953233._detail,ログインしよう
mst.mission.1953234._title,ログインしよう
mst.mission.1953234._detail,ログインしよう
mst.mission.1953235._title,ログインしよう
mst.mission.1953235._detail,ログインしよう
mst.mission.1953236._title,ログインしよう
mst.mission.1953236._detail,ログインしよう
mst.mission.1953237._title,ログインしよう
mst.mission.1953237._detail,ログインしよう
mst.mission.1953238._title,ログインしよう
mst.mission.1953238._detail,ログインしよう
mst.mission.1953239._title,ログインしよう
mst.mission.1953239._detail,ログインしよう
mst.mission.1953240._title,ログインしよう
mst.mission.1953240._detail,ログインしよう
mst.mission.1953242._title,ログインしよう
mst.mission.1953242._detail,ログインしよう
mst.mission.1953243._title,ログインしよう
mst.mission.1953243._detail,ログインしよう
mst.mission.1953244._title,ログインしよう
mst.mission.1953244._detail,ログインしよう
mst.mission.1953245._title,ログインしよう
mst.mission.1953245._detail,ログインしよう
mst.mission.1953246._title,ログインしよう
mst.mission.1953246._detail,ログインしよう
mst.mission.1953247._title,ログインしよう
mst.mission.1953247._detail,ログインしよう
mst.mission.1953248._title,ログインしよう
mst.mission.1953248._detail,ログインしよう
mst.mission.1953249._title,ログインしよう
mst.mission.1953249._detail,ログインしよう
mst.mission.1953250._title,ログインしよう
mst.mission.1953250._detail,ログインしよう
mst.mission.1953251._title,ログインしよう
mst.mission.1953251._detail,ログインしよう
mst.mission.1953252._title,ログインしよう
mst.mission.1953252._detail,ログインしよう
mst.mission.1953254._title,ログインしよう
mst.mission.1953254._detail,ログインしよう
mst.mission.1953255._title,ログインしよう
mst.mission.1953255._detail,ログインしよう
mst.mission.1953256._title,ログインしよう
mst.mission.1953256._detail,ログインしよう
mst.mission.1953257._title,ログインしよう
mst.mission.1953257._detail,ログインしよう
mst.mission.1953258._title,ログインしよう
mst.mission.1953258._detail,ログインしよう
mst.mission.1953259._title,ログインしよう
mst.mission.1953259._detail,ログインしよう
mst.mission.1953260._title,ログインしよう
mst.mission.1953260._detail,ログインしよう
mst.mission.1953261._title,ログインしよう
mst.mission.1953261._detail,ログインしよう
mst.mission.1953262._title,ログインしよう
mst.mission.1953262._detail,ログインしよう
mst.mission.1953263._title,ログインしよう
mst.mission.1953263._detail,ログインしよう
mst.mission.1953264._title,ログインしよう
mst.mission.1953264._detail,ログインしよう
mst.mission.1953266._title,ログインしよう
mst.mission.1953266._detail,ログインしよう
mst.mission.1953267._title,ログインしよう
mst.mission.1953267._detail,ログインしよう
mst.mission.1953268._title,ログインしよう
mst.mission.1953268._detail,ログインしよう
mst.mission.1953269._title,ログインしよう
mst.mission.1953269._detail,ログインしよう
mst.mission.1953270._title,ログインしよう
mst.mission.1953270._detail,ログインしよう
mst.mission.1953271._title,ログインしよう
mst.mission.1953271._detail,ログインしよう
mst.mission.1953272._title,ログインしよう
mst.mission.1953272._detail,ログインしよう
mst.mission.1953273._title,ログインしよう
mst.mission.1953273._detail,ログインしよう
mst.mission.1953274._title,ログインしよう
mst.mission.1953274._detail,ログインしよう
mst.mission.1953275._title,ログインしよう
mst.mission.1953275._detail,ログインしよう
mst.mission.1953276._title,ログインしよう
mst.mission.1953276._detail,ログインしよう
mst.mission.1953278._title,ログインしよう
mst.mission.1953278._detail,ログインしよう
mst.mission.1953279._title,ログインしよう
mst.mission.1953279._detail,ログインしよう
mst.mission.1953280._title,ログインしよう
mst.mission.1953280._detail,ログインしよう
mst.mission.1953281._title,ログインしよう
mst.mission.1953281._detail,ログインしよう
mst.mission.1953282._title,ログインしよう
mst.mission.1953282._detail,ログインしよう
mst.mission.1953283._title,ログインしよう
mst.mission.1953283._detail,ログインしよう
mst.mission.1953284._title,ログインしよう
mst.mission.1953284._detail,ログインしよう
mst.mission.1953285._title,ログインしよう
mst.mission.1953285._detail,ログインしよう
mst.mission.1953286._title,ログインしよう
mst.mission.1953286._detail,ログインしよう
mst.mission.1953287._title,ログインしよう
mst.mission.1953287._detail,ログインしよう
mst.mission.1953288._title,ログインしよう
mst.mission.1953288._detail,ログインしよう
mst.mission.1953290._title,ログインしよう
mst.mission.1953290._detail,ログインしよう
mst.mission.1953291._title,ログインしよう
mst.mission.1953291._detail,ログインしよう
mst.mission.1953292._title,ログインしよう
mst.mission.1953292._detail,ログインしよう
mst.mission.1953293._title,ログインしよう
mst.mission.1953293._detail,ログインしよう
mst.mission.1953294._title,ログインしよう
mst.mission.1953294._detail,ログインしよう
mst.mission.1953295._title,ログインしよう
mst.mission.1953295._detail,ログインしよう
mst.mission.1953296._title,ログインしよう
mst.mission.1953296._detail,ログインしよう
mst.mission.1953297._title,ログインしよう
mst.mission.1953297._detail,ログインしよう
mst.mission.1953298._title,ログインしよう
mst.mission.1953298._detail,ログインしよう
mst.mission.1967016._title,201の合計キズナをにしよう
mst.mission.1967016._detail,201の合計キズナをにしよう
mst.mission.1967017._title,201の合計キズナを10000以上にしよう
mst.mission.1967017._detail,201の合計キズナを10000以上にしよう
mst.mission.1967018._title,201の合計キズナを20000以上にしよう
mst.mission.1967018._detail,201の合計キズナを20000以上にしよう
mst.mission.1967019._title,201の合計キズナを30000以上にしよう
mst.mission.1967019._detail,201の合計キズナを30000以上にしよう
mst.mission.1967020._title,201の合計キズナを45000以上にしよう
mst.mission.1967020._detail,201の合計キズナを45000以上にしよう
mst.mission.1967021._title,201の合計キズナを60000以上にしよう
mst.mission.1967021._detail,201の合計キズナを60000以上にしよう
mst.mission.1967022._title,201の合計キズナを80000以上にしよう
mst.mission.1967022._detail,201の合計キズナを80000以上にしよう
mst.mission.1967023._title,201の合計キズナを100000以上にしよう
mst.mission.1967023._detail,201の合計キズナを100000以上にしよう
mst.mission.1967024._title,201の合計キズナを115000以上にしよう
mst.mission.1967024._detail,201の合計キズナを115000以上にしよう
mst.mission.1967025._title,201の合計キズナを130000以上にしよう
mst.mission.1967025._detail,201の合計キズナを130000以上にしよう
mst.mission.1967026._title,201の合計キズナを145000以上にしよう
mst.mission.1967026._detail,201の合計キズナを145000以上にしよう
mst.mission.1967027._title,201の合計キズナを160000以上にしよう
mst.mission.1967027._detail,201の合計キズナを160000以上にしよう
mst.mission.1967028._title,201の合計キズナを175000以上にしよう
mst.mission.1967028._detail,201の合計キズナを175000以上にしよう
mst.mission.1967029._title,201の合計キズナを190000以上にしよう
mst.mission.1967029._detail,201の合計キズナを190000以上にしよう
mst.mission.1967030._title,201の合計キズナを205000以上にしよう
mst.mission.1967030._detail,201の合計キズナを205000以上にしよう
mst.mission.1953301._title,ログインしよう
mst.mission.1953301._detail,ログインしよう
mst.mission.1953306._title,ログインしよう
mst.mission.1953306._detail,ログインしよう
mst.mission.1953307._title,ログインしよう
mst.mission.1953307._detail,ログインしよう
mst.mission.1953311._title,ログインしよう
mst.mission.1953311._detail,ログインしよう
mst.mission.1953312._title,ログインしよう
mst.mission.1953312._detail,ログインしよう
mst.mission.1953314._title,ログインしよう
mst.mission.1953314._detail,ログインしよう
mst.mission.1953315._title,ログインしよう
mst.mission.1953315._detail,ログインしよう
mst.mission.1953316._title,ログインしよう
mst.mission.1953316._detail,ログインしよう
mst.mission.1953317._title,ログインしよう
mst.mission.1953317._detail,ログインしよう
mst.mission.1953318._title,ログインしよう
mst.mission.1953318._detail,ログインしよう
mst.mission.1953319._title,ログインしよう
mst.mission.1953319._detail,ログインしよう
mst.mission.1953320._title,ログインしよう
mst.mission.1953320._detail,ログインしよう
mst.mission.1953321._title,ログインしよう
mst.mission.1953321._detail,ログインしよう
mst.mission.1953322._title,ログインしよう
mst.mission.1953322._detail,ログインしよう
mst.mission.1953323._title,ログインしよう
mst.mission.1953323._detail,ログインしよう
mst.mission.1953324._title,ログインしよう
mst.mission.1953324._detail,ログインしよう
mst.mission.1953326._title,ログインしよう
mst.mission.1953326._detail,ログインしよう
mst.mission.1953327._title,ログインしよう
mst.mission.1953327._detail,ログインしよう
mst.mission.1953328._title,ログインしよう
mst.mission.1953328._detail,ログインしよう
mst.mission.1953329._title,ログインしよう
mst.mission.1953329._detail,ログインしよう
mst.mission.1953330._title,ログインしよう
mst.mission.1953330._detail,ログインしよう
mst.mission.1953331._title,ログインしよう
mst.mission.1953331._detail,ログインしよう
mst.mission.1953332._title,ログインしよう
mst.mission.1953332._detail,ログインしよう
mst.mission.1953333._title,ログインしよう
mst.mission.1953333._detail,ログインしよう
mst.mission.1953334._title,ログインしよう
mst.mission.1953334._detail,ログインしよう
mst.mission.1953335._title,ログインしよう
mst.mission.1953335._detail,ログインしよう
mst.mission.1953336._title,ログインしよう
mst.mission.1953336._detail,ログインしよう
mst.mission.1953338._title,ログインしよう
mst.mission.1953338._detail,ログインしよう
mst.mission.1953339._title,ログインしよう
mst.mission.1953339._detail,ログインしよう
mst.mission.1953340._title,ログインしよう
mst.mission.1953340._detail,ログインしよう
mst.mission.1953341._title,ログインしよう
mst.mission.1953341._detail,ログインしよう
mst.mission.1953342._title,ログインしよう
mst.mission.1953342._detail,ログインしよう
mst.mission.1953343._title,ログインしよう
mst.mission.1953343._detail,ログインしよう
mst.mission.1953344._title,ログインしよう
mst.mission.1953344._detail,ログインしよう
mst.mission.1953345._title,ログインしよう
mst.mission.1953345._detail,ログインしよう
mst.mission.1953346._title,ログインしよう
mst.mission.1953346._detail,ログインしよう
mst.mission.1953347._title,ログインしよう
mst.mission.1953347._detail,ログインしよう
mst.mission.1953348._title,ログインしよう
mst.mission.1953348._detail,ログインしよう
mst.mission.1953350._title,ログインしよう
mst.mission.1953350._detail,ログインしよう
mst.mission.1953351._title,ログインしよう
mst.mission.1953351._detail,ログインしよう
mst.mission.1953352._title,ログインしよう
mst.mission.1953352._detail,ログインしよう
mst.mission.1953353._title,ログインしよう
mst.mission.1953353._detail,ログインしよう
mst.mission.1953354._title,ログインしよう
mst.mission.1953354._detail,ログインしよう
mst.mission.1953355._title,ログインしよう
mst.mission.1953355._detail,ログインしよう
mst.mission.1953356._title,ログインしよう
mst.mission.1953356._detail,ログインしよう
mst.mission.1953357._title,ログインしよう
mst.mission.1953357._detail,ログインしよう
mst.mission.1953358._title,ログインしよう
mst.mission.1953358._detail,ログインしよう
mst.mission.1953359._title,ログインしよう
mst.mission.1953359._detail,ログインしよう
mst.mission.1953360._title,ログインしよう
mst.mission.1953360._detail,ログインしよう
mst.mission.1953362._title,ログインしよう
mst.mission.1953362._detail,ログインしよう
mst.mission.1953363._title,ログインしよう
mst.mission.1953363._detail,ログインしよう
mst.mission.1953364._title,ログインしよう
mst.mission.1953364._detail,ログインしよう
mst.mission.1953365._title,ログインしよう
mst.mission.1953365._detail,ログインしよう
mst.mission.1953366._title,ログインしよう
mst.mission.1953366._detail,ログインしよう
mst.mission.1953367._title,ログインしよう
mst.mission.1953367._detail,ログインしよう
mst.mission.1953368._title,ログインしよう
mst.mission.1953368._detail,ログインしよう
mst.mission.1953369._title,ログインしよう
mst.mission.1953369._detail,ログインしよう
mst.mission.1953370._title,ログインしよう
mst.mission.1953370._detail,ログインしよう
mst.mission.1953371._title,ログインしよう
mst.mission.1953371._detail,ログインしよう
mst.mission.1953372._title,ログインしよう
mst.mission.1953372._detail,ログインしよう
mst.mission.1953374._title,ログインしよう
mst.mission.1953374._detail,ログインしよう
mst.mission.1953375._title,ログインしよう
mst.mission.1953375._detail,ログインしよう
mst.mission.1953376._title,ログインしよう
mst.mission.1953376._detail,ログインしよう
mst.mission.1953377._title,ログインしよう
mst.mission.1953377._detail,ログインしよう
mst.mission.1953378._title,ログインしよう
mst.mission.1953378._detail,ログインしよう
mst.mission.1953379._title,ログインしよう
mst.mission.1953379._detail,ログインしよう
mst.mission.1953380._title,ログインしよう
mst.mission.1953380._detail,ログインしよう
mst.mission.1953381._title,ログインしよう
mst.mission.1953381._detail,ログインしよう
mst.mission.1953382._title,ログインしよう
mst.mission.1953382._detail,ログインしよう
mst.mission.1953383._title,ログインしよう
mst.mission.1953383._detail,ログインしよう
mst.mission.1953384._title,ログインしよう
mst.mission.1953384._detail,ログインしよう
mst.mission.1953386._title,ログインしよう
mst.mission.1953386._detail,ログインしよう
mst.mission.1953387._title,ログインしよう
mst.mission.1953387._detail,ログインしよう
mst.mission.1953388._title,ログインしよう
mst.mission.1953388._detail,ログインしよう
mst.mission.1953389._title,ログインしよう
mst.mission.1953389._detail,ログインしよう
mst.mission.1953390._title,ログインしよう
mst.mission.1953390._detail,ログインしよう
mst.mission.1953391._title,ログインしよう
mst.mission.1953391._detail,ログインしよう
mst.mission.1953392._title,ログインしよう
mst.mission.1953392._detail,ログインしよう
mst.mission.1953393._title,ログインしよう
mst.mission.1953393._detail,ログインしよう
mst.mission.1953394._title,ログインしよう
mst.mission.1953394._detail,ログインしよう
mst.mission.1953395._title,ログインしよう
mst.mission.1953395._detail,ログインしよう
mst.mission.1953396._title,ログインしよう
mst.mission.1953396._detail,ログインしよう
mst.mission.1953398._title,ログインしよう
mst.mission.1953398._detail,ログインしよう
mst.mission.1953399._title,ログインしよう
mst.mission.1953399._detail,ログインしよう
mst.mission.1953400._title,ログインしよう
mst.mission.1953400._detail,ログインしよう
mst.mission.1953401._title,ログインしよう
mst.mission.1953401._detail,ログインしよう
mst.mission.1953402._title,ログインしよう
mst.mission.1953402._detail,ログインしよう
mst.mission.1953403._title,ログインしよう
mst.mission.1953403._detail,ログインしよう
mst.mission.1953404._title,ログインしよう
mst.mission.1953404._detail,ログインしよう
mst.mission.1953405._title,ログインしよう
mst.mission.1953405._detail,ログインしよう
mst.mission.1953406._title,ログインしよう
mst.mission.1953406._detail,ログインしよう
mst.mission.1953407._title,ログインしよう
mst.mission.1953407._detail,ログインしよう
mst.mission.1953408._title,ログインしよう
mst.mission.1953408._detail,ログインしよう
mst.mission.1953410._title,ログインしよう
mst.mission.1953410._detail,ログインしよう
mst.mission.1953411._title,ログインしよう
mst.mission.1953411._detail,ログインしよう
mst.mission.1953412._title,ログインしよう
mst.mission.1953412._detail,ログインしよう
mst.mission.1953413._title,ログインしよう
mst.mission.1953413._detail,ログインしよう
mst.mission.1953414._title,ログインしよう
mst.mission.1953414._detail,ログインしよう
mst.mission.1953415._title,ログインしよう
mst.mission.1953415._detail,ログインしよう
mst.mission.1953416._title,ログインしよう
mst.mission.1953416._detail,ログインしよう
mst.mission.1953417._title,ログインしよう
mst.mission.1953417._detail,ログインしよう
mst.mission.1953418._title,ログインしよう
mst.mission.1953418._detail,ログインしよう
mst.mission.1953419._title,ログインしよう
mst.mission.1953419._detail,ログインしよう
mst.mission.1953420._title,ログインしよう
mst.mission.1953420._detail,ログインしよう
mst.mission.1953422._title,ログインしよう
mst.mission.1953422._detail,ログインしよう
mst.mission.1953423._title,ログインしよう
mst.mission.1953423._detail,ログインしよう
mst.mission.1953424._title,ログインしよう
mst.mission.1953424._detail,ログインしよう
mst.mission.1953425._title,ログインしよう
mst.mission.1953425._detail,ログインしよう
mst.mission.1953426._title,ログインしよう
mst.mission.1953426._detail,ログインしよう
mst.mission.1953427._title,ログインしよう
mst.mission.1953427._detail,ログインしよう
mst.mission.1953428._title,ログインしよう
mst.mission.1953428._detail,ログインしよう
mst.mission.1953429._title,ログインしよう
mst.mission.1953429._detail,ログインしよう
mst.mission.1953430._title,ログインしよう
mst.mission.1953430._detail,ログインしよう
mst.mission.1953431._title,ログインしよう
mst.mission.1953431._detail,ログインしよう
mst.mission.1953432._title,ログインしよう
mst.mission.1953432._detail,ログインしよう
mst.mission.1953434._title,ログインしよう
mst.mission.1953434._detail,ログインしよう
mst.mission.1953435._title,ログインしよう
mst.mission.1953435._detail,ログインしよう
mst.mission.1953436._title,ログインしよう
mst.mission.1953436._detail,ログインしよう
mst.mission.1953437._title,ログインしよう
mst.mission.1953437._detail,ログインしよう
mst.mission.1953438._title,ログインしよう
mst.mission.1953438._detail,ログインしよう
mst.mission.1953439._title,ログインしよう
mst.mission.1953439._detail,ログインしよう
mst.mission.1953440._title,ログインしよう
mst.mission.1953440._detail,ログインしよう
mst.mission.1953441._title,ログインしよう
mst.mission.1953441._detail,ログインしよう
mst.mission.1953442._title,ログインしよう
mst.mission.1953442._detail,ログインしよう
mst.mission.1953443._title,ログインしよう
mst.mission.1953443._detail,ログインしよう
mst.mission.1953444._title,ログインしよう
mst.mission.1953444._detail,ログインしよう
mst.mission.1953446._title,ログインしよう
mst.mission.1953446._detail,ログインしよう
mst.mission.1953447._title,ログインしよう
mst.mission.1953447._detail,ログインしよう
mst.mission.1953448._title,ログインしよう
mst.mission.1953448._detail,ログインしよう
mst.mission.1953449._title,ログインしよう
mst.mission.1953449._detail,ログインしよう
mst.mission.1953450._title,ログインしよう
mst.mission.1953450._detail,ログインしよう
mst.mission.1953451._title,ログインしよう
mst.mission.1953451._detail,ログインしよう
mst.mission.1953452._title,ログインしよう
mst.mission.1953452._detail,ログインしよう
mst.mission.1953453._title,ログインしよう
mst.mission.1953453._detail,ログインしよう
mst.mission.1953454._title,ログインしよう
mst.mission.1953454._detail,ログインしよう
mst.mission.1967031._title,301の合計キズナをにしよう
mst.mission.1967031._detail,301の合計キズナをにしよう
mst.mission.1967032._title,301の合計キズナを10000以上にしよう
mst.mission.1967032._detail,301の合計キズナを10000以上にしよう
mst.mission.1967033._title,301の合計キズナを20000以上にしよう
mst.mission.1967033._detail,301の合計キズナを20000以上にしよう
mst.mission.1967034._title,301の合計キズナを30000以上にしよう
mst.mission.1967034._detail,301の合計キズナを30000以上にしよう
mst.mission.1967035._title,301の合計キズナを45000以上にしよう
mst.mission.1967035._detail,301の合計キズナを45000以上にしよう
mst.mission.1967036._title,301の合計キズナを60000以上にしよう
mst.mission.1967036._detail,301の合計キズナを60000以上にしよう
mst.mission.1967037._title,301の合計キズナを80000以上にしよう
mst.mission.1967037._detail,301の合計キズナを80000以上にしよう
mst.mission.1967038._title,301の合計キズナを100000以上にしよう
mst.mission.1967038._detail,301の合計キズナを100000以上にしよう
mst.mission.1967039._title,301の合計キズナを115000以上にしよう
mst.mission.1967039._detail,301の合計キズナを115000以上にしよう
mst.mission.1967040._title,301の合計キズナを130000以上にしよう
mst.mission.1967040._detail,301の合計キズナを130000以上にしよう
mst.mission.1967041._title,301の合計キズナを145000以上にしよう
mst.mission.1967041._detail,301の合計キズナを145000以上にしよう
mst.mission.1967042._title,301の合計キズナを160000以上にしよう
mst.mission.1967042._detail,301の合計キズナを160000以上にしよう
mst.mission.1967043._title,301の合計キズナを175000以上にしよう
mst.mission.1967043._detail,301の合計キズナを175000以上にしよう
mst.mission.1967044._title,301の合計キズナを190000以上にしよう
mst.mission.1967044._detail,301の合計キズナを190000以上にしよう
mst.mission.1967045._title,301の合計キズナを205000以上にしよう
mst.mission.1967045._detail,301の合計キズナを205000以上にしよう
mst.mission.1953455._title,ログインしよう
mst.mission.1953455._detail,ログインしよう
mst.mission.1953458._title,ログインしよう
mst.mission.1953458._detail,ログインしよう
mst.mission.1953461._title,ログインしよう
mst.mission.1953461._detail,ログインしよう
mst.mission.1953464._title,ログインしよう
mst.mission.1953464._detail,ログインしよう
mst.mission.1953465._title,ログインしよう
mst.mission.1953465._detail,ログインしよう
mst.mission.1953467._title,ログインしよう
mst.mission.1953467._detail,ログインしよう
mst.mission.1953468._title,ログインしよう
mst.mission.1953468._detail,ログインしよう
mst.mission.1953470._title,ログインしよう
mst.mission.1953470._detail,ログインしよう
mst.mission.1953471._title,ログインしよう
mst.mission.1953471._detail,ログインしよう
mst.mission.1953472._title,ログインしよう
mst.mission.1953472._detail,ログインしよう
mst.mission.1953473._title,ログインしよう
mst.mission.1953473._detail,ログインしよう
mst.mission.1953474._title,ログインしよう
mst.mission.1953474._detail,ログインしよう
mst.mission.1953475._title,ログインしよう
mst.mission.1953475._detail,ログインしよう
mst.mission.1953476._title,ログインしよう
mst.mission.1953476._detail,ログインしよう
mst.mission.1953477._title,ログインしよう
mst.mission.1953477._detail,ログインしよう
mst.mission.1953478._title,ログインしよう
mst.mission.1953478._detail,ログインしよう
mst.mission.1953479._title,ログインしよう
mst.mission.1953479._detail,ログインしよう
mst.mission.1953480._title,ログインしよう
mst.mission.1953480._detail,ログインしよう
mst.mission.1953482._title,ログインしよう
mst.mission.1953482._detail,ログインしよう
mst.mission.1953483._title,ログインしよう
mst.mission.1953483._detail,ログインしよう
mst.mission.1953484._title,ログインしよう
mst.mission.1953484._detail,ログインしよう
mst.mission.1953485._title,ログインしよう
mst.mission.1953485._detail,ログインしよう
mst.mission.1953486._title,ログインしよう
mst.mission.1953486._detail,ログインしよう
mst.mission.1953487._title,ログインしよう
mst.mission.1953487._detail,ログインしよう
mst.mission.1953488._title,ログインしよう
mst.mission.1953488._detail,ログインしよう
mst.mission.1953489._title,ログインしよう
mst.mission.1953489._detail,ログインしよう
mst.mission.1953490._title,ログインしよう
mst.mission.1953490._detail,ログインしよう
mst.mission.1953491._title,ログインしよう
mst.mission.1953491._detail,ログインしよう
mst.mission.1953492._title,ログインしよう
mst.mission.1953492._detail,ログインしよう
mst.mission.1953494._title,ログインしよう
mst.mission.1953494._detail,ログインしよう
mst.mission.1953495._title,ログインしよう
mst.mission.1953495._detail,ログインしよう
mst.mission.1953496._title,ログインしよう
mst.mission.1953496._detail,ログインしよう
mst.mission.1953497._title,ログインしよう
mst.mission.1953497._detail,ログインしよう
mst.mission.1953498._title,ログインしよう
mst.mission.1953498._detail,ログインしよう
mst.mission.1953499._title,ログインしよう
mst.mission.1953499._detail,ログインしよう
mst.mission.1953500._title,ログインしよう
mst.mission.1953500._detail,ログインしよう
mst.mission.1953501._title,ログインしよう
mst.mission.1953501._detail,ログインしよう
mst.mission.1953502._title,ログインしよう
mst.mission.1953502._detail,ログインしよう
mst.mission.1953503._title,ログインしよう
mst.mission.1953503._detail,ログインしよう
mst.mission.1953504._title,ログインしよう
mst.mission.1953504._detail,ログインしよう
mst.mission.1953506._title,ログインしよう
mst.mission.1953506._detail,ログインしよう
mst.mission.1953507._title,ログインしよう
mst.mission.1953507._detail,ログインしよう
mst.mission.1953508._title,ログインしよう
mst.mission.1953508._detail,ログインしよう
mst.mission.1953509._title,ログインしよう
mst.mission.1953509._detail,ログインしよう
mst.mission.1953510._title,ログインしよう
mst.mission.1953510._detail,ログインしよう
mst.mission.1953511._title,ログインしよう
mst.mission.1953511._detail,ログインしよう
mst.mission.1953512._title,ログインしよう
mst.mission.1953512._detail,ログインしよう
mst.mission.1953513._title,ログインしよう
mst.mission.1953513._detail,ログインしよう
mst.mission.1953514._title,ログインしよう
mst.mission.1953514._detail,ログインしよう
mst.mission.1953515._title,ログインしよう
mst.mission.1953515._detail,ログインしよう
mst.mission.1953516._title,ログインしよう
mst.mission.1953516._detail,ログインしよう
mst.mission.1953518._title,ログインしよう
mst.mission.1953518._detail,ログインしよう
mst.mission.1953519._title,ログインしよう
mst.mission.1953519._detail,ログインしよう
mst.mission.1953520._title,ログインしよう
mst.mission.1953520._detail,ログインしよう
mst.mission.1953521._title,ログインしよう
mst.mission.1953521._detail,ログインしよう
mst.mission.1953522._title,ログインしよう
mst.mission.1953522._detail,ログインしよう
mst.mission.1953523._title,ログインしよう
mst.mission.1953523._detail,ログインしよう
mst.mission.1953524._title,ログインしよう
mst.mission.1953524._detail,ログインしよう
mst.mission.1953525._title,ログインしよう
mst.mission.1953525._detail,ログインしよう
mst.mission.1953526._title,ログインしよう
mst.mission.1953526._detail,ログインしよう
mst.mission.1953527._title,ログインしよう
mst.mission.1953527._detail,ログインしよう
mst.mission.1953528._title,ログインしよう
mst.mission.1953528._detail,ログインしよう
mst.mission.1953530._title,ログインしよう
mst.mission.1953530._detail,ログインしよう
mst.mission.1953531._title,ログインしよう
mst.mission.1953531._detail,ログインしよう
mst.mission.1953532._title,ログインしよう
mst.mission.1953532._detail,ログインしよう
mst.mission.1953533._title,ログインしよう
mst.mission.1953533._detail,ログインしよう
mst.mission.1953534._title,ログインしよう
mst.mission.1953534._detail,ログインしよう
mst.mission.1953535._title,ログインしよう
mst.mission.1953535._detail,ログインしよう
mst.mission.1953536._title,ログインしよう
mst.mission.1953536._detail,ログインしよう
mst.mission.1953537._title,ログインしよう
mst.mission.1953537._detail,ログインしよう
mst.mission.1953538._title,ログインしよう
mst.mission.1953538._detail,ログインしよう
mst.mission.1953539._title,ログインしよう
mst.mission.1953539._detail,ログインしよう
mst.mission.1953540._title,ログインしよう
mst.mission.1953540._detail,ログインしよう
mst.mission.1953542._title,ログインしよう
mst.mission.1953542._detail,ログインしよう
mst.mission.1953543._title,ログインしよう
mst.mission.1953543._detail,ログインしよう
mst.mission.1953544._title,ログインしよう
mst.mission.1953544._detail,ログインしよう
mst.mission.1953545._title,ログインしよう
mst.mission.1953545._detail,ログインしよう
mst.mission.1953546._title,ログインしよう
mst.mission.1953546._detail,ログインしよう
mst.mission.1953547._title,ログインしよう
mst.mission.1953547._detail,ログインしよう
mst.mission.1953548._title,ログインしよう
mst.mission.1953548._detail,ログインしよう
mst.mission.1953549._title,ログインしよう
mst.mission.1953549._detail,ログインしよう
mst.mission.1953550._title,ログインしよう
mst.mission.1953550._detail,ログインしよう
mst.mission.1953551._title,ログインしよう
mst.mission.1953551._detail,ログインしよう
mst.mission.1953552._title,ログインしよう
mst.mission.1953552._detail,ログインしよう
mst.mission.1953554._title,ログインしよう
mst.mission.1953554._detail,ログインしよう
mst.mission.1953555._title,ログインしよう
mst.mission.1953555._detail,ログインしよう
mst.mission.1953556._title,ログインしよう
mst.mission.1953556._detail,ログインしよう
mst.mission.1953557._title,ログインしよう
mst.mission.1953557._detail,ログインしよう
mst.mission.1953558._title,ログインしよう
mst.mission.1953558._detail,ログインしよう
mst.mission.1953559._title,ログインしよう
mst.mission.1953559._detail,ログインしよう
mst.mission.1953560._title,ログインしよう
mst.mission.1953560._detail,ログインしよう
mst.mission.1953561._title,ログインしよう
mst.mission.1953561._detail,ログインしよう
mst.mission.1953562._title,ログインしよう
mst.mission.1953562._detail,ログインしよう
mst.mission.1953563._title,ログインしよう
mst.mission.1953563._detail,ログインしよう
mst.mission.1953564._title,ログインしよう
mst.mission.1953564._detail,ログインしよう
mst.mission.1953566._title,ログインしよう
mst.mission.1953566._detail,ログインしよう
mst.mission.1953567._title,ログインしよう
mst.mission.1953567._detail,ログインしよう
mst.mission.1953568._title,ログインしよう
mst.mission.1953568._detail,ログインしよう
mst.mission.1953569._title,ログインしよう
mst.mission.1953569._detail,ログインしよう
mst.mission.1953570._title,ログインしよう
mst.mission.1953570._detail,ログインしよう
mst.mission.1953571._title,ログインしよう
mst.mission.1953571._detail,ログインしよう
mst.mission.1953572._title,ログインしよう
mst.mission.1953572._detail,ログインしよう
mst.mission.1953573._title,ログインしよう
mst.mission.1953573._detail,ログインしよう
mst.mission.1953574._title,ログインしよう
mst.mission.1953574._detail,ログインしよう
mst.mission.1967046._title,400の合計キズナをにしよう
mst.mission.1967046._detail,400の合計キズナをにしよう
mst.mission.1967047._title,400の合計キズナを10000以上にしよう
mst.mission.1967047._detail,400の合計キズナを10000以上にしよう
mst.mission.1967048._title,400の合計キズナを20000以上にしよう
mst.mission.1967048._detail,400の合計キズナを20000以上にしよう
mst.mission.1967049._title,400の合計キズナを30000以上にしよう
mst.mission.1967049._detail,400の合計キズナを30000以上にしよう
mst.mission.1967050._title,400の合計キズナを45000以上にしよう
mst.mission.1967050._detail,400の合計キズナを45000以上にしよう
mst.mission.1967051._title,400の合計キズナを60000以上にしよう
mst.mission.1967051._detail,400の合計キズナを60000以上にしよう
mst.mission.1967052._title,400の合計キズナを80000以上にしよう
mst.mission.1967052._detail,400の合計キズナを80000以上にしよう
mst.mission.1967053._title,400の合計キズナを100000以上にしよう
mst.mission.1967053._detail,400の合計キズナを100000以上にしよう
mst.mission.1967054._title,400の合計キズナを115000以上にしよう
mst.mission.1967054._detail,400の合計キズナを115000以上にしよう
mst.mission.1967055._title,400の合計キズナを130000以上にしよう
mst.mission.1967055._detail,400の合計キズナを130000以上にしよう
mst.mission.1967056._title,400の合計キズナを145000以上にしよう
mst.mission.1967056._detail,400の合計キズナを145000以上にしよう
mst.mission.1967057._title,400の合計キズナを160000以上にしよう
mst.mission.1967057._detail,400の合計キズナを160000以上にしよう
mst.mission.1967058._title,400の合計キズナを175000以上にしよう
mst.mission.1967058._detail,400の合計キズナを175000以上にしよう
mst.mission.1967059._title,400の合計キズナを190000以上にしよう
mst.mission.1967059._detail,400の合計キズナを190000以上にしよう
mst.mission.1967060._title,400の合計キズナを205000以上にしよう
mst.mission.1967060._detail,400の合計キズナを205000以上にしよう
mst.mission.1951001._title,部員『幸せのアップルパイ』を手に入れよう
mst.mission.1951001._detail,部員『幸せのアップルパイ』を手に入れよう
mst.mission.1950001._title,部員『幸せのアップルパイ』を覚醒しよう
mst.mission.1950001._detail,部員『幸せのアップルパイ』を覚醒しよう
mst.mission.1953577._title,ログインしよう
mst.mission.1953577._detail,ログインしよう
mst.mission.1953578._title,ログインしよう
mst.mission.1953578._detail,ログインしよう
mst.mission.1953579._title,ログインしよう
mst.mission.1953579._detail,ログインしよう
mst.mission.1953583._title,ログインしよう
mst.mission.1953583._detail,ログインしよう
mst.mission.1951002._title,部員『サプライズＢＢＱ』を手に入れよう
mst.mission.1951002._detail,部員『サプライズＢＢＱ』を手に入れよう
mst.mission.1950002._title,部員『サプライズＢＢＱ』を覚醒しよう
mst.mission.1950002._detail,部員『サプライズＢＢＱ』を覚醒しよう
mst.mission.1951003._title,部員『雫滴る紫陽花』を手に入れよう
mst.mission.1951003._detail,部員『雫滴る紫陽花』を手に入れよう
mst.mission.1950003._title,部員『雫滴る紫陽花』を覚醒しよう
mst.mission.1950003._detail,部員『雫滴る紫陽花』を覚醒しよう
mst.mission.1951004._title,部員『レイニーバースデイ』を手に入れよう
mst.mission.1951004._detail,部員『レイニーバースデイ』を手に入れよう
mst.mission.1950004._title,部員『レイニーバースデイ』を覚醒しよう
mst.mission.1950004._detail,部員『レイニーバースデイ』を覚醒しよう
mst.mission.1951005._title,部員『クワガタケーキ』を手に入れよう
mst.mission.1951005._detail,部員『クワガタケーキ』を手に入れよう
mst.mission.1950005._title,部員『クワガタケーキ』を覚醒しよう
mst.mission.1950005._detail,部員『クワガタケーキ』を覚醒しよう
mst.mission.1951006._title,部員『朝からサプライズ！』を手に入れよう
mst.mission.1951006._detail,部員『朝からサプライズ！』を手に入れよう
mst.mission.1950006._title,部員『朝からサプライズ！』を覚醒しよう
mst.mission.1950006._detail,部員『朝からサプライズ！』を覚醒しよう
mst.mission.1951007._title,部員『感謝を込めて』を手に入れよう
mst.mission.1951007._detail,部員『感謝を込めて』を手に入れよう
mst.mission.1950007._title,部員『感謝を込めて』を覚醒しよう
mst.mission.1950007._detail,部員『感謝を込めて』を覚醒しよう
mst.mission.1951008._title,部員『駅前に響く連弾』を手に入れよう
mst.mission.1951008._detail,部員『駅前に響く連弾』を手に入れよう
mst.mission.1950008._title,部員『駅前に響く連弾』を覚醒しよう
mst.mission.1950008._detail,部員『駅前に響く連弾』を覚醒しよう
mst.mission.1951009._title,部員『サニパサプライズ』を手に入れよう
mst.mission.1951009._detail,部員『サニパサプライズ』を手に入れよう
mst.mission.1950009._title,部員『サニパサプライズ』を覚醒しよう
mst.mission.1950009._detail,部員『サニパサプライズ』を覚醒しよう
mst.mission.1951010._title,部員『バスに揺られて』を手に入れよう
mst.mission.1951010._detail,部員『バスに揺られて』を手に入れよう
mst.mission.1950010._title,部員『バスに揺られて』を覚醒しよう
mst.mission.1950010._detail,部員『バスに揺られて』を覚醒しよう
mst.mission.1951011._title,部員『幼馴染からの手紙』を手に入れよう
mst.mission.1951011._detail,部員『幼馴染からの手紙』を手に入れよう
mst.mission.1950011._title,部員『幼馴染からの手紙』を覚醒しよう
mst.mission.1950011._detail,部員『幼馴染からの手紙』を覚醒しよう
mst.mission.1951012._title,部員『アニカラパーティー』を手に入れよう
mst.mission.1951012._detail,部員『アニカラパーティー』を手に入れよう
mst.mission.1950012._title,部員『アニカラパーティー』を覚醒しよう
mst.mission.1950012._detail,部員『アニカラパーティー』を覚醒しよう
mst.mission.1951013._title,部員『長いお鼻に掴まって』を手に入れよう
mst.mission.1951013._detail,部員『長いお鼻に掴まって』を手に入れよう
mst.mission.1950013._title,部員『長いお鼻に掴まって』を覚醒しよう
mst.mission.1950013._detail,部員『長いお鼻に掴まって』を覚醒しよう
mst.mission.1953585._title,ログインしよう
mst.mission.1953585._detail,ログインしよう
mst.mission.1951014._title,部員『二人でコスプリ♡』を手に入れよう
mst.mission.1951014._detail,部員『二人でコスプリ♡』を手に入れよう
mst.mission.1950014._title,部員『二人でコスプリ♡』を覚醒しよう
mst.mission.1950014._detail,部員『二人でコスプリ♡』を覚醒しよう
mst.mission.1951015._title,部員『飛び交うカモメ』を手に入れよう
mst.mission.1951015._detail,部員『飛び交うカモメ』を手に入れよう
mst.mission.1950015._title,部員『飛び交うカモメ』を覚醒しよう
mst.mission.1950015._detail,部員『飛び交うカモメ』を覚醒しよう
mst.mission.1951016._title,部員『秋の新作スイーツ』を手に入れよう
mst.mission.1951016._detail,部員『秋の新作スイーツ』を手に入れよう
mst.mission.1950016._title,部員『秋の新作スイーツ』を覚醒しよう
mst.mission.1950016._detail,部員『秋の新作スイーツ』を覚醒しよう
mst.mission.1951017._title,部員『メロンにめろめろ♡』を手に入れよう
mst.mission.1951017._detail,部員『メロンにめろめろ♡』を手に入れよう
mst.mission.1950017._title,部員『メロンにめろめろ♡』を覚醒しよう
mst.mission.1950017._detail,部員『メロンにめろめろ♡』を覚醒しよう
mst.mission.1951018._title,部員『姉との時間』を手に入れよう
mst.mission.1951018._detail,部員『姉との時間』を手に入れよう
mst.mission.1950018._title,部員『姉との時間』を覚醒しよう
mst.mission.1950018._detail,部員『姉との時間』を覚醒しよう
mst.mission.1953586._title,ログインしよう
mst.mission.1953586._detail,ログインしよう
mst.mission.1953587._title,ログインしよう
mst.mission.1953587._detail,ログインしよう
mst.mission.1953588._title,ログインしよう
mst.mission.1953588._detail,ログインしよう
mst.mission.1953589._title,ログインしよう
mst.mission.1953589._detail,ログインしよう
mst.mission.1953590._title,ログインしよう
mst.mission.1953590._detail,ログインしよう
mst.mission.1953591._title,ログインしよう
mst.mission.1953591._detail,ログインしよう
mst.mission.1951019._title,部員『ヘアアレンジ』を手に入れよう
mst.mission.1951019._detail,部員『ヘアアレンジ』を手に入れよう
mst.mission.1950019._title,部員『ヘアアレンジ』を覚醒しよう
mst.mission.1950019._detail,部員『ヘアアレンジ』を覚醒しよう
mst.mission.1951020._title,部員『猫カフェ日和』を手に入れよう
mst.mission.1951020._detail,部員『猫カフェ日和』を手に入れよう
mst.mission.1950020._title,部員『猫カフェ日和』を覚醒しよう
mst.mission.1950020._detail,部員『猫カフェ日和』を覚醒しよう
mst.mission.1951021._title,部員『可愛い贈り物たち』を手に入れよう
mst.mission.1951021._detail,部員『可愛い贈り物たち』を手に入れよう
mst.mission.1950021._title,部員『可愛い贈り物たち』を覚醒しよう
mst.mission.1950021._detail,部員『可愛い贈り物たち』を覚醒しよう
mst.mission.1951022._title,部員『FULL COMBO！！』を手に入れよう
mst.mission.1951022._detail,部員『FULL COMBO！！』を手に入れよう
mst.mission.1950022._title,部員『FULL COMBO！！』を覚醒しよう
mst.mission.1950022._detail,部員『FULL COMBO！！』を覚醒しよう
mst.mission.1953592._title,ログインしよう
mst.mission.1953592._detail,ログインしよう
mst.mission.1951023._title,部員『苺スイーツビュッフェ』を手に入れよう
mst.mission.1951023._detail,部員『苺スイーツビュッフェ』を手に入れよう
mst.mission.1950023._title,部員『苺スイーツビュッフェ』を覚醒しよう
mst.mission.1950023._detail,部員『苺スイーツビュッフェ』を覚醒しよう
mst.mission.1951024._title,部員『憧れの選手が日本に！』を手に入れよう
mst.mission.1951024._detail,部員『憧れの選手が日本に！』を手に入れよう
mst.mission.1950024._title,部員『憧れの選手が日本に！』を覚醒しよう
mst.mission.1950024._detail,部員『憧れの選手が日本に！』を覚醒しよう
mst.mission.1951025._title,部員『抗えないこたつの魅力』を手に入れよう
mst.mission.1951025._detail,部員『抗えないこたつの魅力』を手に入れよう
mst.mission.1950025._title,部員『抗えないこたつの魅力』を覚醒しよう
mst.mission.1950025._detail,部員『抗えないこたつの魅力』を覚醒しよう
mst.mission.1953593._title,ログインしよう
mst.mission.1953593._detail,ログインしよう
mst.mission.1953594._title,ログインしよう
mst.mission.1953594._detail,ログインしよう
mst.mission.1953595._title,ログインしよう
mst.mission.1953595._detail,ログインしよう
mst.mission.1958586._title,『N』のキズナをにしよう
mst.mission.1958586._detail,『N』のキズナをにしよう
mst.mission.1958587._title,『N』のキズナを1000以上にしよう
mst.mission.1958587._detail,『N』のキズナを1000以上にしよう
mst.mission.1958588._title,『N』のキズナを2000以上にしよう
mst.mission.1958588._detail,『N』のキズナを2000以上にしよう
mst.mission.1958589._title,『N』のキズナを3500以上にしよう
mst.mission.1958589._detail,『N』のキズナを3500以上にしよう
mst.mission.1958590._title,『N』のキズナを5000以上にしよう
mst.mission.1958590._detail,『N』のキズナを5000以上にしよう
mst.mission.1958591._title,『N』のキズナを6000以上にしよう
mst.mission.1958591._detail,『N』のキズナを6000以上にしよう
mst.mission.1958592._title,『N』のキズナを7000以上にしよう
mst.mission.1958592._detail,『N』のキズナを7000以上にしよう
mst.mission.1958593._title,『N』のキズナを8000以上にしよう
mst.mission.1958593._detail,『N』のキズナを8000以上にしよう
mst.mission.1958594._title,『N』のキズナを9000以上にしよう
mst.mission.1958594._detail,『N』のキズナを9000以上にしよう
mst.mission.1958595._title,『N』のキズナを10000以上にしよう
mst.mission.1958595._detail,『N』のキズナを10000以上にしよう
mst.mission.1958596._title,『N』のキズナを11000以上にしよう
mst.mission.1958596._detail,『N』のキズナを11000以上にしよう
mst.mission.1958597._title,『N』のキズナを12500以上にしよう
mst.mission.1958597._detail,『N』のキズナを12500以上にしよう
mst.mission.1958598._title,『N』のキズナを13000以上にしよう
mst.mission.1958598._detail,『N』のキズナを13000以上にしよう
mst.mission.1958599._title,『N』のキズナを13500以上にしよう
mst.mission.1958599._detail,『N』のキズナを13500以上にしよう
mst.mission.1958600._title,『N』のキズナを15000以上にしよう
mst.mission.1958600._detail,『N』のキズナを15000以上にしよう
mst.mission.1958601._title,『N』のキズナをにしよう
mst.mission.1958601._detail,『N』のキズナをにしよう
mst.mission.1958602._title,『N』のキズナを1000以上にしよう
mst.mission.1958602._detail,『N』のキズナを1000以上にしよう
mst.mission.1958603._title,『N』のキズナを2000以上にしよう
mst.mission.1958603._detail,『N』のキズナを2000以上にしよう
mst.mission.1958604._title,『N』のキズナを3500以上にしよう
mst.mission.1958604._detail,『N』のキズナを3500以上にしよう
mst.mission.1958605._title,『N』のキズナを5000以上にしよう
mst.mission.1958605._detail,『N』のキズナを5000以上にしよう
mst.mission.1958606._title,『N』のキズナを6000以上にしよう
mst.mission.1958606._detail,『N』のキズナを6000以上にしよう
mst.mission.1958607._title,『N』のキズナを7000以上にしよう
mst.mission.1958607._detail,『N』のキズナを7000以上にしよう
mst.mission.1958608._title,『N』のキズナを8000以上にしよう
mst.mission.1958608._detail,『N』のキズナを8000以上にしよう
mst.mission.1958609._title,『N』のキズナを9000以上にしよう
mst.mission.1958609._detail,『N』のキズナを9000以上にしよう
mst.mission.1958610._title,『N』のキズナを10000以上にしよう
mst.mission.1958610._detail,『N』のキズナを10000以上にしよう
mst.mission.1958611._title,『N』のキズナを11000以上にしよう
mst.mission.1958611._detail,『N』のキズナを11000以上にしよう
mst.mission.1958612._title,『N』のキズナを12500以上にしよう
mst.mission.1958612._detail,『N』のキズナを12500以上にしよう
mst.mission.1958613._title,『N』のキズナを13000以上にしよう
mst.mission.1958613._detail,『N』のキズナを13000以上にしよう
mst.mission.1958614._title,『N』のキズナを13500以上にしよう
mst.mission.1958614._detail,『N』のキズナを13500以上にしよう
mst.mission.1958615._title,『N』のキズナを15000以上にしよう
mst.mission.1958615._detail,『N』のキズナを15000以上にしよう
mst.mission.1953596._title,ログインしよう
mst.mission.1953596._detail,ログインしよう
mst.mission.1953597._title,ログインしよう
mst.mission.1953597._detail,ログインしよう
mst.mission.1951026._title,部員『Jellyfish』を手に入れよう
mst.mission.1951026._detail,部員『Jellyfish』を手に入れよう
mst.mission.1950026._title,部員『Jellyfish』を覚醒しよう
mst.mission.1950026._detail,部員『Jellyfish』を覚醒しよう
mst.mission.1951027._title,部員『絵馬に記す願いは』を手に入れよう
mst.mission.1951027._detail,部員『絵馬に記す願いは』を手に入れよう
mst.mission.1950027._title,部員『絵馬に記す願いは』を覚醒しよう
mst.mission.1950027._detail,部員『絵馬に記す願いは』を覚醒しよう
mst.mission.1951028._title,部員『高まる理由はひとつ』を手に入れよう
mst.mission.1951028._detail,部員『高まる理由はひとつ』を手に入れよう
mst.mission.1950028._title,部員『高まる理由はひとつ』を覚醒しよう
mst.mission.1950028._detail,部員『高まる理由はひとつ』を覚醒しよう
mst.mission.1951029._title,部員『デュエット』を手に入れよう
mst.mission.1951029._detail,部員『デュエット』を手に入れよう
mst.mission.1950029._title,部員『デュエット』を覚醒しよう
mst.mission.1950029._detail,部員『デュエット』を覚醒しよう
mst.mission.1951030._title,部員『メイクアップかすみん』を手に入れよう
mst.mission.1951030._detail,部員『メイクアップかすみん』を手に入れよう
mst.mission.1950030._title,部員『メイクアップかすみん』を覚醒しよう
mst.mission.1950030._detail,部員『メイクアップかすみん』を覚醒しよう
mst.mission.1951031._title,部員『パンならいくらでも♡』を手に入れよう
mst.mission.1951031._detail,部員『パンならいくらでも♡』を手に入れよう
mst.mission.1950031._title,部員『パンならいくらでも♡』を覚醒しよう
mst.mission.1950031._detail,部員『パンならいくらでも♡』を覚醒しよう
mst.mission.1953598._title,ログインしよう
mst.mission.1953598._detail,ログインしよう
mst.mission.1953599._title,ログインしよう
mst.mission.1953599._detail,ログインしよう
mst.mission.1951032._title,部員『特別なティータイム』を手に入れよう
mst.mission.1951032._detail,部員『特別なティータイム』を手に入れよう
mst.mission.1950032._title,部員『特別なティータイム』を覚醒しよう
mst.mission.1950032._detail,部員『特別なティータイム』を覚醒しよう
mst.mission.1951033._title,部員『マルをめぐった一日』を手に入れよう
mst.mission.1951033._detail,部員『マルをめぐった一日』を手に入れよう
mst.mission.1950033._title,部員『マルをめぐった一日』を覚醒しよう
mst.mission.1950033._detail,部員『マルをめぐった一日』を覚醒しよう
mst.mission.1951034._title,部員『空中ブランコに乗って』を手に入れよう
mst.mission.1951034._detail,部員『空中ブランコに乗って』を手に入れよう
mst.mission.1950034._title,部員『空中ブランコに乗って』を覚醒しよう
mst.mission.1950034._detail,部員『空中ブランコに乗って』を覚醒しよう
mst.mission.1953600._title,ログインしよう
mst.mission.1953600._detail,ログインしよう
mst.mission.1953601._title,ログインしよう
mst.mission.1953601._detail,ログインしよう
mst.mission.1953602._title,ログインしよう
mst.mission.1953602._detail,ログインしよう
mst.mission.1953603._title,ログインしよう
mst.mission.1953603._detail,ログインしよう
mst.mission.1953604._title,ログインしよう
mst.mission.1953604._detail,ログインしよう
mst.mission.1953605._title,ログインしよう
mst.mission.1953605._detail,ログインしよう
mst.mission.1953606._title,ログインしよう
mst.mission.1953606._detail,ログインしよう
mst.mission.1953607._title,ログインしよう
mst.mission.1953607._detail,ログインしよう
mst.mission.1953608._title,ログインしよう
mst.mission.1953608._detail,ログインしよう
mst.mission.1953609._title,ログインしよう
mst.mission.1953609._detail,ログインしよう
mst.mission.1953610._title,ログインしよう
mst.mission.1953610._detail,ログインしよう
mst.mission.1953611._title,ログインしよう
mst.mission.1953611._detail,ログインしよう
mst.mission.1953612._title,ログインしよう
mst.mission.1953612._detail,ログインしよう
mst.mission.1953613._title,ログインしよう
mst.mission.1953613._detail,ログインしよう
mst.mission.1953614._title,ログインしよう
mst.mission.1953614._detail,ログインしよう
mst.mission.1953615._title,ログインしよう
mst.mission.1953615._detail,ログインしよう
mst.mission.1953616._title,ログインしよう
mst.mission.1953616._detail,ログインしよう
mst.mission.1953617._title,ログインしよう
mst.mission.1953617._detail,ログインしよう
mst.mission.1953618._title,ログインしよう
mst.mission.1953618._detail,ログインしよう
mst.mission.1953619._title,ログインしよう
mst.mission.1953619._detail,ログインしよう
mst.mission.1953620._title,ログインしよう
mst.mission.1953620._detail,ログインしよう
mst.mission.1953621._title,ログインしよう
mst.mission.1953621._detail,ログインしよう
mst.mission.1953622._title,ログインしよう
mst.mission.1953622._detail,ログインしよう
mst.mission.1953623._title,ログインしよう
mst.mission.1953623._detail,ログインしよう
mst.mission.1953624._title,ログインしよう
mst.mission.1953624._detail,ログインしよう
mst.mission.1953625._title,ログインしよう
mst.mission.1953625._detail,ログインしよう
mst.mission.1953626._title,ログインしよう
mst.mission.1953626._detail,ログインしよう
mst.mission.1953627._title,ログインしよう
mst.mission.1953627._detail,ログインしよう
mst.mission.1953628._title,ログインしよう
mst.mission.1953628._detail,ログインしよう
mst.mission.1953629._title,ログインしよう
mst.mission.1953629._detail,ログインしよう
mst.mission.1953630._title,ログインしよう
mst.mission.1953630._detail,ログインしよう
mst.mission.1953631._title,ログインしよう
mst.mission.1953631._detail,ログインしよう
mst.mission.1953632._title,ログインしよう
mst.mission.1953632._detail,ログインしよう
mst.mission.1953633._title,ログインしよう
mst.mission.1953633._detail,ログインしよう
mst.mission.1953634._title,ログインしよう
mst.mission.1953634._detail,ログインしよう
mst.mission.1953635._title,ログインしよう
mst.mission.1953635._detail,ログインしよう
mst.mission.1953636._title,ログインしよう
mst.mission.1953636._detail,ログインしよう
mst.mission.1953637._title,ログインしよう
mst.mission.1953637._detail,ログインしよう
mst.mission.1953638._title,ログインしよう
mst.mission.1953638._detail,ログインしよう
mst.mission.1953639._title,ログインしよう
mst.mission.1953639._detail,ログインしよう
mst.mission.1953640._title,ログインしよう
mst.mission.1953640._detail,ログインしよう
mst.mission.1953641._title,ログインしよう
mst.mission.1953641._detail,ログインしよう
mst.mission.1953642._title,ログインしよう
mst.mission.1953642._detail,ログインしよう
mst.mission.1951035._title,部員『生け花に挑戦！』を手に入れよう
mst.mission.1951035._detail,部員『生け花に挑戦！』を手に入れよう
mst.mission.1950035._title,部員『生け花に挑戦！』を覚醒しよう
mst.mission.1950035._detail,部員『生け花に挑戦！』を覚醒しよう
mst.mission.1953643._title,ログインしよう
mst.mission.1953643._detail,ログインしよう
mst.mission.1951036._title,部員『感動！VR体験』を手に入れよう
mst.mission.1951036._detail,部員『感動！VR体験』を手に入れよう
mst.mission.1950036._title,部員『感動！VR体験』を覚醒しよう
mst.mission.1950036._detail,部員『感動！VR体験』を覚醒しよう
mst.mission.1953644._title,ログインしよう
mst.mission.1953644._detail,ログインしよう
mst.mission.1951037._title,部員『縁側にこぼれる微笑』を手に入れよう
mst.mission.1951037._detail,部員『縁側にこぼれる微笑』を手に入れよう
mst.mission.1950037._title,部員『縁側にこぼれる微笑』を覚醒しよう
mst.mission.1950037._detail,部員『縁側にこぼれる微笑』を覚醒しよう
mst.mission.1951038._title,部員『春の天体観測』を手に入れよう
mst.mission.1951038._detail,部員『春の天体観測』を手に入れよう
mst.mission.1950038._title,部員『春の天体観測』を覚醒しよう
mst.mission.1950038._detail,部員『春の天体観測』を覚醒しよう
mst.mission.1951039._title,部員『思い出の場所で再撮影』を手に入れよう
mst.mission.1951039._detail,部員『思い出の場所で再撮影』を手に入れよう
mst.mission.1950039._title,部員『思い出の場所で再撮影』を覚醒しよう
mst.mission.1950039._detail,部員『思い出の場所で再撮影』を覚醒しよう
mst.mission.1951040._title,部員『ふたりはヒーロー☆』を手に入れよう
mst.mission.1951040._detail,部員『ふたりはヒーロー☆』を手に入れよう
mst.mission.1950040._title,部員『ふたりはヒーロー☆』を覚醒しよう
mst.mission.1950040._detail,部員『ふたりはヒーロー☆』を覚醒しよう
mst.mission.1951041._title,部員『東京フライドポテト』を手に入れよう
mst.mission.1951041._detail,部員『東京フライドポテト』を手に入れよう
mst.mission.1950041._title,部員『東京フライドポテト』を覚醒しよう
mst.mission.1950041._detail,部員『東京フライドポテト』を覚醒しよう
mst.mission.1953645._title,ログインしよう
mst.mission.1953645._detail,ログインしよう
mst.mission.1953646._title,ログインしよう
mst.mission.1953646._detail,ログインしよう
mst.mission.1224001._title,デイリー課題を全てクリアしよう
mst.mission.1224001._detail,デイリー課題を全てクリアしよう
mst.mission.1253001._title,ログインしよう
mst.mission.1253001._detail,ログインしよう
mst.mission.1273001._title,ラブライブ！の楽曲を1回クリアしよう
mst.mission.1273001._detail,ラブライブ！の楽曲を1回クリアしよう
mst.mission.1273002._title,ラブライブ！サンシャイン！！の楽曲を1回クリアしよう
mst.mission.1273002._detail,ラブライブ！サンシャイン！！の楽曲を1回クリアしよう
mst.mission.1273003._title,ラブライブ！虹ヶ咲スクールアイドル同好会の楽曲を1回クリアしよう
mst.mission.1273003._detail,ラブライブ！虹ヶ咲スクールアイドル同好会の楽曲を1回クリアしよう
mst.mission.1273004._title,ラブライブ！スーパースター！の楽曲を1回クリアしよう
mst.mission.1273004._detail,ラブライブ！スーパースター！の楽曲を1回クリアしよう
mst.mission.1224002._title,デイリー課題を全てクリアしよう
mst.mission.1224002._detail,デイリー課題を全てクリアしよう
mst.mission.1253002._title,ログインしよう
mst.mission.1253002._detail,ログインしよう
mst.mission.1273005._title,ラブライブ！の楽曲を1回クリアしよう
mst.mission.1273005._detail,ラブライブ！の楽曲を1回クリアしよう
mst.mission.1273006._title,ラブライブ！サンシャイン！！の楽曲を1回クリアしよう
mst.mission.1273006._detail,ラブライブ！サンシャイン！！の楽曲を1回クリアしよう
mst.mission.1273007._title,ラブライブ！虹ヶ咲スクールアイドル同好会の楽曲を1回クリアしよう
mst.mission.1273007._detail,ラブライブ！虹ヶ咲スクールアイドル同好会の楽曲を1回クリアしよう
mst.mission.1273008._title,ラブライブ！スーパースター！の楽曲を1回クリアしよう
mst.mission.1273008._detail,ラブライブ！スーパースター！の楽曲を1回クリアしよう
mst.mission.1224003._title,デイリー課題を全てクリアしよう
mst.mission.1224003._detail,デイリー課題を全てクリアしよう
mst.mission.1253003._title,ログインしよう
mst.mission.1253003._detail,ログインしよう
mst.mission.1273009._title,ラブライブ！の楽曲を1回クリアしよう
mst.mission.1273009._detail,ラブライブ！の楽曲を1回クリアしよう
mst.mission.1273010._title,ラブライブ！サンシャイン！！の楽曲を1回クリアしよう
mst.mission.1273010._detail,ラブライブ！サンシャイン！！の楽曲を1回クリアしよう
mst.mission.1273011._title,ラブライブ！虹ヶ咲スクールアイドル同好会の楽曲を1回クリアしよう
mst.mission.1273011._detail,ラブライブ！虹ヶ咲スクールアイドル同好会の楽曲を1回クリアしよう
mst.mission.1273012._title,ラブライブ！スーパースター！の楽曲を1回クリアしよう
mst.mission.1273012._detail,ラブライブ！スーパースター！の楽曲を1回クリアしよう
mst.mission.2310101._title,イベントptを100pt集めよう
mst.mission.2310101._detail,イベントptを100pt集めよう
mst.mission.2310102._title,イベントptを1000pt集めよう
mst.mission.2310102._detail,イベントptを1000pt集めよう
mst.mission.2310103._title,イベントptを5000pt集めよう
mst.mission.2310103._detail,イベントptを5000pt集めよう
mst.mission.2310104._title,イベントptを10000pt集めよう
mst.mission.2310104._detail,イベントptを10000pt集めよう
mst.mission.2310105._title,イベント曲をクリアしよう
mst.mission.2310105._detail,イベント曲をクリアしよう
mst.mission.2310106._title,イベント曲を3回クリアしよう
mst.mission.2310106._detail,イベント曲を3回クリアしよう
mst.mission.2310107._title,イベント曲を5回クリアしよう
mst.mission.2310107._detail,イベント曲を5回クリアしよう
mst.mission.2210108._title,ライブを10回クリアしよう
mst.mission.2210108._detail,ライブを10回クリアしよう
mst.mission.2210109._title,ライブを20回クリアしよう
mst.mission.2210109._detail,ライブを20回クリアしよう
mst.mission.2210110._title,ライブを30回クリアしよう
mst.mission.2210110._detail,ライブを30回クリアしよう
mst.mission.2210111._title,ライブを40回クリアしよう
mst.mission.2210111._detail,ライブを40回クリアしよう
mst.mission.2210112._title,ライブを50回クリアしよう
mst.mission.2210112._detail,ライブを50回クリアしよう
mst.mission.2210113._title,ライブを60回クリアしよう
mst.mission.2210113._detail,ライブを60回クリアしよう
mst.mission.2210114._title,ライブを70回クリアしよう
mst.mission.2210114._detail,ライブを70回クリアしよう
mst.mission.2210115._title,ライブを80回クリアしよう
mst.mission.2210115._detail,ライブを80回クリアしよう
mst.mission.2210116._title,ライブを90回クリアしよう
mst.mission.2210116._detail,ライブを90回クリアしよう
mst.mission.2210117._title,ライブを100回クリアしよう
mst.mission.2210117._detail,ライブを100回クリアしよう
mst.mission.2210118._title,ライブを125回クリアしよう
mst.mission.2210118._detail,ライブを125回クリアしよう
mst.mission.2210119._title,ライブを150回クリアしよう
mst.mission.2210119._detail,ライブを150回クリアしよう
mst.mission.2210120._title,ライブを200回クリアしよう
mst.mission.2210120._detail,ライブを200回クリアしよう
mst.mission.2210121._title,ライブを250回クリアしよう
mst.mission.2210121._detail,ライブを250回クリアしよう
mst.mission.2210122._title,ライブを300回クリアしよう
mst.mission.2210122._detail,ライブを300回クリアしよう
mst.mission.2210123._title,ライブを350回クリアしよう
mst.mission.2210123._detail,ライブを350回クリアしよう
mst.mission.2210124._title,ライブを400回クリアしよう
mst.mission.2210124._detail,ライブを400回クリアしよう
mst.mission.2210125._title,ライブを450回クリアしよう
mst.mission.2210125._detail,ライブを450回クリアしよう
mst.mission.2210126._title,ライブを500回クリアしよう
mst.mission.2210126._detail,ライブを500回クリアしよう
mst.mission.2210127._title,イベント曲をフルコンボしよう
mst.mission.2210127._detail,イベント曲をフルコンボしよう
mst.mission.2210128._title,楽曲『MIRACLE NEW STORY』の難易度NORMAL以上でスコア50000を達成しよう
mst.mission.2210128._detail,楽曲『MIRACLE NEW STORY』の難易度NORMAL以上でスコア50000を達成しよう
mst.mission.2210129._title,楽曲『MIRACLE NEW STORY』の難易度HARD以上でスコア200000を達成しよう
mst.mission.2210129._detail,楽曲『MIRACLE NEW STORY』の難易度HARD以上でスコア200000を達成しよう
mst.mission.2210130._title,楽曲『MIRACLE NEW STORY』の難易度EXPERT以上でスコア300000を達成しよう
mst.mission.2210130._detail,楽曲『MIRACLE NEW STORY』の難易度EXPERT以上でスコア300000を達成しよう
mst.mission.2210131._title,イベントにログインしよう　※非表示
mst.mission.2210131._detail,イベントにログインしよう　※非表示
mst.mission.2210132._title,イベントptを5000pt集めよう　※非表示
mst.mission.2210132._detail,イベントptを5000pt集めよう　※非表示
mst.mission.2210133._title,イベントptを12000pt集めよう　※非表示
mst.mission.2210133._detail,イベントptを12000pt集めよう　※非表示
mst.mission.2210134._title,イベントptを20000pt集めよう　※非表示
mst.mission.2210134._detail,イベントptを20000pt集めよう　※非表示
mst.mission.2210135._title,イベントptを30000pt集めよう　※非表示
mst.mission.2210135._detail,イベントptを30000pt集めよう　※非表示
mst.mission.2310201._title,イベントptを100pt集めよう
mst.mission.2310201._detail,イベントptを100pt集めよう
mst.mission.2310202._title,イベントptを1000pt集めよう
mst.mission.2310202._detail,イベントptを1000pt集めよう
mst.mission.2310203._title,イベントptを5000pt集めよう
mst.mission.2310203._detail,イベントptを5000pt集めよう
mst.mission.2310204._title,イベントptを10000pt集めよう
mst.mission.2310204._detail,イベントptを10000pt集めよう
mst.mission.2310205._title,イベント曲をクリアしよう
mst.mission.2310205._detail,イベント曲をクリアしよう
mst.mission.2310206._title,イベント曲を3回クリアしよう
mst.mission.2310206._detail,イベント曲を3回クリアしよう
mst.mission.2310207._title,イベント曲を5回クリアしよう
mst.mission.2310207._detail,イベント曲を5回クリアしよう
mst.mission.2210208._title,ライブを10回クリアしよう
mst.mission.2210208._detail,ライブを10回クリアしよう
mst.mission.2210209._title,ライブを20回クリアしよう
mst.mission.2210209._detail,ライブを20回クリアしよう
mst.mission.2210210._title,ライブを30回クリアしよう
mst.mission.2210210._detail,ライブを30回クリアしよう
mst.mission.2210211._title,ライブを40回クリアしよう
mst.mission.2210211._detail,ライブを40回クリアしよう
mst.mission.2210212._title,ライブを50回クリアしよう
mst.mission.2210212._detail,ライブを50回クリアしよう
mst.mission.2210213._title,ライブを60回クリアしよう
mst.mission.2210213._detail,ライブを60回クリアしよう
mst.mission.2210214._title,ライブを70回クリアしよう
mst.mission.2210214._detail,ライブを70回クリアしよう
mst.mission.2210215._title,ライブを80回クリアしよう
mst.mission.2210215._detail,ライブを80回クリアしよう
mst.mission.2210216._title,ライブを90回クリアしよう
mst.mission.2210216._detail,ライブを90回クリアしよう
mst.mission.2210217._title,ライブを100回クリアしよう
mst.mission.2210217._detail,ライブを100回クリアしよう
mst.mission.2210218._title,ライブを125回クリアしよう
mst.mission.2210218._detail,ライブを125回クリアしよう
mst.mission.2210219._title,ライブを150回クリアしよう
mst.mission.2210219._detail,ライブを150回クリアしよう
mst.mission.2210220._title,ライブを200回クリアしよう
mst.mission.2210220._detail,ライブを200回クリアしよう
mst.mission.2210221._title,ライブを250回クリアしよう
mst.mission.2210221._detail,ライブを250回クリアしよう
mst.mission.2210222._title,ライブを300回クリアしよう
mst.mission.2210222._detail,ライブを300回クリアしよう
mst.mission.2210223._title,ライブを350回クリアしよう
mst.mission.2210223._detail,ライブを350回クリアしよう
mst.mission.2210224._title,ライブを400回クリアしよう
mst.mission.2210224._detail,ライブを400回クリアしよう
mst.mission.2210225._title,ライブを450回クリアしよう
mst.mission.2210225._detail,ライブを450回クリアしよう
mst.mission.2210226._title,ライブを500回クリアしよう
mst.mission.2210226._detail,ライブを500回クリアしよう
mst.mission.2210227._title,イベント曲をフルコンボしよう
mst.mission.2210227._detail,イベント曲をフルコンボしよう
mst.mission.2210228._title,楽曲『No brand girls』の難易度NORMAL以上でスコア50000を達成しよう
mst.mission.2210228._detail,楽曲『No brand girls』の難易度NORMAL以上でスコア50000を達成しよう
mst.mission.2210229._title,楽曲『No brand girls』の難易度HARD以上でスコア200000を達成しよう
mst.mission.2210229._detail,楽曲『No brand girls』の難易度HARD以上でスコア200000を達成しよう
mst.mission.2210230._title,楽曲『No brand girls』の難易度EXPERT以上でスコア300000を達成しよう
mst.mission.2210230._detail,楽曲『No brand girls』の難易度EXPERT以上でスコア300000を達成しよう
mst.mission.2210231._title,イベントにログインしよう　※非表示
mst.mission.2210231._detail,イベントにログインしよう　※非表示
mst.mission.2210232._title,イベントptを5000pt集めよう　※非表示
mst.mission.2210232._detail,イベントptを5000pt集めよう　※非表示
mst.mission.2210233._title,イベントptを12000pt集めよう　※非表示
mst.mission.2210233._detail,イベントptを12000pt集めよう　※非表示
mst.mission.2210234._title,イベントptを20000pt集めよう　※非表示
mst.mission.2210234._detail,イベントptを20000pt集めよう　※非表示
mst.mission.2210235._title,イベントptを30000pt集めよう　※非表示
mst.mission.2210235._detail,イベントptを30000pt集めよう　※非表示
mst.mission.2710301._title,イベントptを100pt集めよう
mst.mission.2710301._detail,イベントptを100pt集めよう
mst.mission.2710302._title,イベントptを4000pt集めよう
mst.mission.2710302._detail,イベントptを4000pt集めよう
mst.mission.2710303._title,イベントptを8000pt集めよう
mst.mission.2710303._detail,イベントptを8000pt集めよう
mst.mission.2610304._title,難易度NORMAL以上でライブをフルコンボしよう
mst.mission.2610304._detail,難易度NORMAL以上でライブをフルコンボしよう
mst.mission.2610305._title,難易度NORMAL以上でライブを3回フルコンボしよう
mst.mission.2610305._detail,難易度NORMAL以上でライブを3回フルコンボしよう
mst.mission.2610306._title,難易度NORMAL以上でライブを5回フルコンボしよう
mst.mission.2610306._detail,難易度NORMAL以上でライブを5回フルコンボしよう
mst.mission.2610307._title,ライブでスコア50000以上でクリアしよう
mst.mission.2610307._detail,ライブでスコア50000以上でクリアしよう
mst.mission.2610308._title,ライブでスコア100000以上でクリアしよう
mst.mission.2610308._detail,ライブでスコア100000以上でクリアしよう
mst.mission.2610309._title,ライブでスコア150000以上でクリアしよう
mst.mission.2610309._detail,ライブでスコア150000以上でクリアしよう
mst.mission.2610310._title,おまかせ選曲で選んだ楽曲を3回プレイしよう
mst.mission.2610310._detail,おまかせ選曲で選んだ楽曲を3回プレイしよう
mst.mission.2610311._title,おまかせ選曲で選んだ楽曲を5回プレイしよう
mst.mission.2610311._detail,おまかせ選曲で選んだ楽曲を5回プレイしよう
mst.mission.2610312._title,おまかせ選曲で選んだ楽曲を10回プレイしよう
mst.mission.2610312._detail,おまかせ選曲で選んだ楽曲を10回プレイしよう
mst.mission.2310401._title,イベントptを100pt集めよう
mst.mission.2310401._detail,イベントptを100pt集めよう
mst.mission.2310402._title,イベントptを1000pt集めよう
mst.mission.2310402._detail,イベントptを1000pt集めよう
mst.mission.2310403._title,イベントptを5000pt集めよう
mst.mission.2310403._detail,イベントptを5000pt集めよう
mst.mission.2310404._title,イベントptを10000pt集めよう
mst.mission.2310404._detail,イベントptを10000pt集めよう
mst.mission.2310405._title,ラブライブ！サンシャイン!!の楽曲をクリアしよう
mst.mission.2310405._detail,ラブライブ！サンシャイン!!の楽曲をクリアしよう
mst.mission.2310406._title,ラブライブ！サンシャイン!!の楽曲を3回クリアしよう
mst.mission.2310406._detail,ラブライブ！サンシャイン!!の楽曲を3回クリアしよう
mst.mission.2310407._title,ラブライブ！サンシャイン!!の楽曲を5回クリアしよう
mst.mission.2310407._detail,ラブライブ！サンシャイン!!の楽曲を5回クリアしよう
mst.mission.2210408._title,ライブを10回クリアしよう
mst.mission.2210408._detail,ライブを10回クリアしよう
mst.mission.2210409._title,ライブを20回クリアしよう
mst.mission.2210409._detail,ライブを20回クリアしよう
mst.mission.2210410._title,ライブを30回クリアしよう
mst.mission.2210410._detail,ライブを30回クリアしよう
mst.mission.2210411._title,ライブを40回クリアしよう
mst.mission.2210411._detail,ライブを40回クリアしよう
mst.mission.2210412._title,ライブを50回クリアしよう
mst.mission.2210412._detail,ライブを50回クリアしよう
mst.mission.2210413._title,ライブを60回クリアしよう
mst.mission.2210413._detail,ライブを60回クリアしよう
mst.mission.2210414._title,ライブを70回クリアしよう
mst.mission.2210414._detail,ライブを70回クリアしよう
mst.mission.2210415._title,ライブを80回クリアしよう
mst.mission.2210415._detail,ライブを80回クリアしよう
mst.mission.2210416._title,ライブを90回クリアしよう
mst.mission.2210416._detail,ライブを90回クリアしよう
mst.mission.2210417._title,ライブを100回クリアしよう
mst.mission.2210417._detail,ライブを100回クリアしよう
mst.mission.2210418._title,ライブを125回クリアしよう
mst.mission.2210418._detail,ライブを125回クリアしよう
mst.mission.2210419._title,ライブを150回クリアしよう
mst.mission.2210419._detail,ライブを150回クリアしよう
mst.mission.2210420._title,ライブを200回クリアしよう
mst.mission.2210420._detail,ライブを200回クリアしよう
mst.mission.2210421._title,ライブを250回クリアしよう
mst.mission.2210421._detail,ライブを250回クリアしよう
mst.mission.2210422._title,ライブを300回クリアしよう
mst.mission.2210422._detail,ライブを300回クリアしよう
mst.mission.2210423._title,ライブを350回クリアしよう
mst.mission.2210423._detail,ライブを350回クリアしよう
mst.mission.2210424._title,ライブを400回クリアしよう
mst.mission.2210424._detail,ライブを400回クリアしよう
mst.mission.2210425._title,ライブを450回クリアしよう
mst.mission.2210425._detail,ライブを450回クリアしよう
mst.mission.2210426._title,ライブを500回クリアしよう
mst.mission.2210426._detail,ライブを500回クリアしよう
mst.mission.2210427._title,イベント曲をフルコンボしよう
mst.mission.2210427._detail,イベント曲をフルコンボしよう
mst.mission.2210428._title,楽曲『君のこころは輝いてるかい？』の難易度NORMAL以上でスコア50000を達成しよう
mst.mission.2210428._detail,楽曲『君のこころは輝いてるかい？』の難易度NORMAL以上でスコア50000を達成しよう
mst.mission.2210429._title,楽曲『君のこころは輝いてるかい？』の難易度HARD以上でスコア200000を達成しよう
mst.mission.2210429._detail,楽曲『君のこころは輝いてるかい？』の難易度HARD以上でスコア200000を達成しよう
mst.mission.2210430._title,楽曲『君のこころは輝いてるかい？』の難易度EXPERT以上でスコア300000を達成しよう
mst.mission.2210430._detail,楽曲『君のこころは輝いてるかい？』の難易度EXPERT以上でスコア300000を達成しよう
mst.mission.2210431._title,イベントにログインしよう　※非表示
mst.mission.2210431._detail,イベントにログインしよう　※非表示
mst.mission.2210432._title,イベントptを5000pt集めよう　※非表示
mst.mission.2210432._detail,イベントptを5000pt集めよう　※非表示
mst.mission.2210433._title,イベントptを12000pt集めよう　※非表示
mst.mission.2210433._detail,イベントptを12000pt集めよう　※非表示
mst.mission.2210434._title,イベントptを20000pt集めよう　※非表示
mst.mission.2210434._detail,イベントptを20000pt集めよう　※非表示
mst.mission.2210435._title,イベントptを30000pt集めよう　※非表示
mst.mission.2210435._detail,イベントptを30000pt集めよう　※非表示
mst.mission.2710501._title,イベントptを100pt集めよう
mst.mission.2710501._detail,イベントptを100pt集めよう
mst.mission.2710502._title,イベントptを4000pt集めよう
mst.mission.2710502._detail,イベントptを4000pt集めよう
mst.mission.2710503._title,イベントptを8000pt集めよう
mst.mission.2710503._detail,イベントptを8000pt集めよう
mst.mission.2610504._title,難易度NORMAL以上でライブをフルコンボしよう
mst.mission.2610504._detail,難易度NORMAL以上でライブをフルコンボしよう
mst.mission.2610505._title,難易度NORMAL以上でライブを3回フルコンボしよう
mst.mission.2610505._detail,難易度NORMAL以上でライブを3回フルコンボしよう
mst.mission.2610506._title,難易度NORMAL以上でライブを5回フルコンボしよう
mst.mission.2610506._detail,難易度NORMAL以上でライブを5回フルコンボしよう
mst.mission.2610507._title,ライブでスコア50000以上でクリアしよう
mst.mission.2610507._detail,ライブでスコア50000以上でクリアしよう
mst.mission.2610508._title,ライブでスコア100000以上でクリアしよう
mst.mission.2610508._detail,ライブでスコア100000以上でクリアしよう
mst.mission.2610509._title,ライブでスコア150000以上でクリアしよう
mst.mission.2610509._detail,ライブでスコア150000以上でクリアしよう
mst.mission.2610510._title,おまかせ選曲で選んだ楽曲を3回プレイしよう
mst.mission.2610510._detail,おまかせ選曲で選んだ楽曲を3回プレイしよう
mst.mission.2610511._title,おまかせ選曲で選んだ楽曲を5回プレイしよう
mst.mission.2610511._detail,おまかせ選曲で選んだ楽曲を5回プレイしよう
mst.mission.2610512._title,おまかせ選曲で選んだ楽曲を10回プレイしよう
mst.mission.2610512._detail,おまかせ選曲で選んだ楽曲を10回プレイしよう
mst.mission.2310601._title,イベントptを100pt集めよう
mst.mission.2310601._detail,イベントptを100pt集めよう
mst.mission.2310602._title,イベントptを1000pt集めよう
mst.mission.2310602._detail,イベントptを1000pt集めよう
mst.mission.2310603._title,イベントptを5000pt集めよう
mst.mission.2310603._detail,イベントptを5000pt集めよう
mst.mission.2310604._title,イベントptを10000pt集めよう
mst.mission.2310604._detail,イベントptを10000pt集めよう
mst.mission.2310605._title,ラブライブ！虹ヶ咲学園スクールアイドル同好会の楽曲をクリアしよう
mst.mission.2310605._detail,ラブライブ！虹ヶ咲学園スクールアイドル同好会の楽曲をクリアしよう
mst.mission.2310606._title,ラブライブ！虹ヶ咲学園スクールアイドル同好会の楽曲を3回クリアしよう
mst.mission.2310606._detail,ラブライブ！虹ヶ咲学園スクールアイドル同好会の楽曲を3回クリアしよう
mst.mission.2310607._title,ラブライブ！虹ヶ咲学園スクールアイドル同好会の楽曲を5回クリアしよう
mst.mission.2310607._detail,ラブライブ！虹ヶ咲学園スクールアイドル同好会の楽曲を5回クリアしよう
mst.mission.2210608._title,ライブを10回クリアしよう
mst.mission.2210608._detail,ライブを10回クリアしよう
mst.mission.2210609._title,ライブを20回クリアしよう
mst.mission.2210609._detail,ライブを20回クリアしよう
mst.mission.2210610._title,ライブを30回クリアしよう
mst.mission.2210610._detail,ライブを30回クリアしよう
mst.mission.2210611._title,ライブを40回クリアしよう
mst.mission.2210611._detail,ライブを40回クリアしよう
mst.mission.2210612._title,ライブを50回クリアしよう
mst.mission.2210612._detail,ライブを50回クリアしよう
mst.mission.2210613._title,ライブを60回クリアしよう
mst.mission.2210613._detail,ライブを60回クリアしよう
mst.mission.2210614._title,ライブを70回クリアしよう
mst.mission.2210614._detail,ライブを70回クリアしよう
mst.mission.2210615._title,ライブを80回クリアしよう
mst.mission.2210615._detail,ライブを80回クリアしよう
mst.mission.2210616._title,ライブを90回クリアしよう
mst.mission.2210616._detail,ライブを90回クリアしよう
mst.mission.2210617._title,ライブを100回クリアしよう
mst.mission.2210617._detail,ライブを100回クリアしよう
mst.mission.2210618._title,ライブを125回クリアしよう
mst.mission.2210618._detail,ライブを125回クリアしよう
mst.mission.2210619._title,ライブを150回クリアしよう
mst.mission.2210619._detail,ライブを150回クリアしよう
mst.mission.2210620._title,ライブを200回クリアしよう
mst.mission.2210620._detail,ライブを200回クリアしよう
mst.mission.2210621._title,ライブを250回クリアしよう
mst.mission.2210621._detail,ライブを250回クリアしよう
mst.mission.2210622._title,ライブを300回クリアしよう
mst.mission.2210622._detail,ライブを300回クリアしよう
mst.mission.2210623._title,ライブを350回クリアしよう
mst.mission.2210623._detail,ライブを350回クリアしよう
mst.mission.2210624._title,ライブを400回クリアしよう
mst.mission.2210624._detail,ライブを400回クリアしよう
mst.mission.2210625._title,ライブを450回クリアしよう
mst.mission.2210625._detail,ライブを450回クリアしよう
mst.mission.2210626._title,ライブを500回クリアしよう
mst.mission.2210626._detail,ライブを500回クリアしよう
mst.mission.2210627._title,イベント曲をフルコンボしよう
mst.mission.2210627._detail,イベント曲をフルコンボしよう
mst.mission.2210628._title,楽曲『Just Believe!!!（12人 Ver.）』の難易度NORMAL以上でスコア50000を達成しよう
mst.mission.2210628._detail,楽曲『Just Believe!!!（12人 Ver.）』の難易度NORMAL以上でスコア50000を達成しよう
mst.mission.2210629._title,楽曲『Just Believe!!!（12人 Ver.）』の難易度HARD以上でスコア200000を達成しよう
mst.mission.2210629._detail,楽曲『Just Believe!!!（12人 Ver.）』の難易度HARD以上でスコア200000を達成しよう
mst.mission.2210630._title,楽曲『Just Believe!!!（12人 Ver.）』の難易度EXPERT以上でスコア300000を達成しよう
mst.mission.2210630._detail,楽曲『Just Believe!!!（12人 Ver.）』の難易度EXPERT以上でスコア300000を達成しよう
mst.mission.2210631._title,イベントにログインしよう　※非表示
mst.mission.2210631._detail,イベントにログインしよう　※非表示
mst.mission.2210632._title,イベントptを5000pt集めよう　※非表示
mst.mission.2210632._detail,イベントptを5000pt集めよう　※非表示
mst.mission.2210633._title,イベントptを12000pt集めよう　※非表示
mst.mission.2210633._detail,イベントptを12000pt集めよう　※非表示
mst.mission.2210634._title,イベントptを20000pt集めよう　※非表示
mst.mission.2210634._detail,イベントptを20000pt集めよう　※非表示
mst.mission.2210635._title,イベントptを30000pt集めよう　※非表示
mst.mission.2210635._detail,イベントptを30000pt集めよう　※非表示
mst.mission.2710701._title,イベントptを100pt集めよう
mst.mission.2710701._detail,イベントptを100pt集めよう
mst.mission.2710702._title,イベントptを4000pt集めよう
mst.mission.2710702._detail,イベントptを4000pt集めよう
mst.mission.2710703._title,イベントptを8000pt集めよう
mst.mission.2710703._detail,イベントptを8000pt集めよう
mst.mission.2610704._title,難易度NORMAL以上でライブをフルコンボしよう
mst.mission.2610704._detail,難易度NORMAL以上でライブをフルコンボしよう
mst.mission.2610705._title,難易度NORMAL以上でライブを3回フルコンボしよう
mst.mission.2610705._detail,難易度NORMAL以上でライブを3回フルコンボしよう
mst.mission.2610706._title,難易度NORMAL以上でライブを5回フルコンボしよう
mst.mission.2610706._detail,難易度NORMAL以上でライブを5回フルコンボしよう
mst.mission.2610707._title,ライブでスコア50000以上でクリアしよう
mst.mission.2610707._detail,ライブでスコア50000以上でクリアしよう
mst.mission.2610708._title,ライブでスコア100000以上でクリアしよう
mst.mission.2610708._detail,ライブでスコア100000以上でクリアしよう
mst.mission.2610709._title,ライブでスコア150000以上でクリアしよう
mst.mission.2610709._detail,ライブでスコア150000以上でクリアしよう
mst.mission.2610710._title,おまかせ選曲で選んだ楽曲を3回プレイしよう
mst.mission.2610710._detail,おまかせ選曲で選んだ楽曲を3回プレイしよう
mst.mission.2610711._title,おまかせ選曲で選んだ楽曲を5回プレイしよう
mst.mission.2610711._detail,おまかせ選曲で選んだ楽曲を5回プレイしよう
mst.mission.2610712._title,おまかせ選曲で選んだ楽曲を10回プレイしよう
mst.mission.2610712._detail,おまかせ選曲で選んだ楽曲を10回プレイしよう
mst.mission.2610713._title,ライブを10回クリアしよう
mst.mission.2610713._detail,ライブを10回クリアしよう
mst.mission.2610714._title,ライブを15回クリアしよう
mst.mission.2610714._detail,ライブを15回クリアしよう
mst.mission.2610715._title,ライブを20回クリアしよう
mst.mission.2610715._detail,ライブを20回クリアしよう
mst.mission.2610716._title,ライブを25回クリアしよう
mst.mission.2610716._detail,ライブを25回クリアしよう
mst.mission.2610717._title,ライブを30回クリアしよう
mst.mission.2610717._detail,ライブを30回クリアしよう
mst.mission.2610718._title,ライブを35回クリアしよう
mst.mission.2610718._detail,ライブを35回クリアしよう
mst.mission.2610719._title,ライブを40回クリアしよう
mst.mission.2610719._detail,ライブを40回クリアしよう
mst.mission.2610720._title,ライブを45回クリアしよう
mst.mission.2610720._detail,ライブを45回クリアしよう
mst.mission.2610721._title,ライブを50回クリアしよう
mst.mission.2610721._detail,ライブを50回クリアしよう
mst.mission.2310901._title,イベントptを100pt集めよう
mst.mission.2310901._detail,イベントptを100pt集めよう
mst.mission.2310902._title,イベントptを1000pt集めよう
mst.mission.2310902._detail,イベントptを1000pt集めよう
mst.mission.2310903._title,イベントptを5000pt集めよう
mst.mission.2310903._detail,イベントptを5000pt集めよう
mst.mission.2310904._title,イベントptを10000pt集めよう
mst.mission.2310904._detail,イベントptを10000pt集めよう
mst.mission.2310905._title,ラブライブ！スーパースター!!の楽曲をクリアしよう
mst.mission.2310905._detail,ラブライブ！スーパースター!!の楽曲をクリアしよう
mst.mission.2310906._title,ラブライブ！スーパースター!!の楽曲を3回クリアしよう
mst.mission.2310906._detail,ラブライブ！スーパースター!!の楽曲を3回クリアしよう
mst.mission.2310907._title,ラブライブ！スーパースター!!の楽曲を5回クリアしよう
mst.mission.2310907._detail,ラブライブ！スーパースター!!の楽曲を5回クリアしよう
mst.mission.2210908._title,ライブを10回クリアしよう
mst.mission.2210908._detail,ライブを10回クリアしよう
mst.mission.2210909._title,ライブを20回クリアしよう
mst.mission.2210909._detail,ライブを20回クリアしよう
mst.mission.2210910._title,ライブを30回クリアしよう
mst.mission.2210910._detail,ライブを30回クリアしよう
mst.mission.2210911._title,ライブを40回クリアしよう
mst.mission.2210911._detail,ライブを40回クリアしよう
mst.mission.2210912._title,ライブを50回クリアしよう
mst.mission.2210912._detail,ライブを50回クリアしよう
mst.mission.2210913._title,ライブを60回クリアしよう
mst.mission.2210913._detail,ライブを60回クリアしよう
mst.mission.2210914._title,ライブを70回クリアしよう
mst.mission.2210914._detail,ライブを70回クリアしよう
mst.mission.2210915._title,ライブを80回クリアしよう
mst.mission.2210915._detail,ライブを80回クリアしよう
mst.mission.2210916._title,ライブを90回クリアしよう
mst.mission.2210916._detail,ライブを90回クリアしよう
mst.mission.2210917._title,ライブを100回クリアしよう
mst.mission.2210917._detail,ライブを100回クリアしよう
mst.mission.2210918._title,ライブを125回クリアしよう
mst.mission.2210918._detail,ライブを125回クリアしよう
mst.mission.2210919._title,ライブを150回クリアしよう
mst.mission.2210919._detail,ライブを150回クリアしよう
mst.mission.2210920._title,ライブを200回クリアしよう
mst.mission.2210920._detail,ライブを200回クリアしよう
mst.mission.2210921._title,ライブを250回クリアしよう
mst.mission.2210921._detail,ライブを250回クリアしよう
mst.mission.2210922._title,ライブを300回クリアしよう
mst.mission.2210922._detail,ライブを300回クリアしよう
mst.mission.2210923._title,ライブを350回クリアしよう
mst.mission.2210923._detail,ライブを350回クリアしよう
mst.mission.2210924._title,ライブを400回クリアしよう
mst.mission.2210924._detail,ライブを400回クリアしよう
mst.mission.2210925._title,ライブを450回クリアしよう
mst.mission.2210925._detail,ライブを450回クリアしよう
mst.mission.2210926._title,ライブを500回クリアしよう
mst.mission.2210926._detail,ライブを500回クリアしよう
mst.mission.2210927._title,イベント曲をフルコンボしよう
mst.mission.2210927._detail,イベント曲をフルコンボしよう
mst.mission.2210928._title,楽曲『WE WILL‼』の難易度NORMAL以上でスコア50000を達成しよう
mst.mission.2210928._detail,楽曲『WE WILL‼』の難易度NORMAL以上でスコア50000を達成しよう
mst.mission.2210929._title,楽曲『WE WILL‼』の難易度HARD以上でスコア200000を達成しよう
mst.mission.2210929._detail,楽曲『WE WILL‼』の難易度HARD以上でスコア200000を達成しよう
mst.mission.2210930._title,楽曲『WE WILL‼』の難易度EXPERT以上でスコア300000を達成しよう
mst.mission.2210930._detail,楽曲『WE WILL‼』の難易度EXPERT以上でスコア300000を達成しよう
mst.mission.2210931._title,イベントにログインしよう　※非表示
mst.mission.2210931._detail,イベントにログインしよう　※非表示
mst.mission.2210932._title,イベントptを5000pt集めよう　※非表示
mst.mission.2210932._detail,イベントptを5000pt集めよう　※非表示
mst.mission.2210933._title,イベントptを12000pt集めよう　※非表示
mst.mission.2210933._detail,イベントptを12000pt集めよう　※非表示
mst.mission.2210934._title,イベントptを20000pt集めよう　※非表示
mst.mission.2210934._detail,イベントptを20000pt集めよう　※非表示
mst.mission.2210935._title,イベントptを30000pt集めよう　※非表示
mst.mission.2210935._detail,イベントptを30000pt集めよう　※非表示
mst.mission.2711001._title,イベントptを100pt集めよう
mst.mission.2711001._detail,イベントptを100pt集めよう
mst.mission.2711002._title,イベントptを4000pt集めよう
mst.mission.2711002._detail,イベントptを4000pt集めよう
mst.mission.2711003._title,イベントptを8000pt集めよう
mst.mission.2711003._detail,イベントptを8000pt集めよう
mst.mission.2611004._title,難易度NORMAL以上でライブをフルコンボしよう
mst.mission.2611004._detail,難易度NORMAL以上でライブをフルコンボしよう
mst.mission.2611005._title,難易度NORMAL以上でライブを3回フルコンボしよう
mst.mission.2611005._detail,難易度NORMAL以上でライブを3回フルコンボしよう
mst.mission.2611006._title,難易度NORMAL以上でライブを5回フルコンボしよう
mst.mission.2611006._detail,難易度NORMAL以上でライブを5回フルコンボしよう
mst.mission.2611007._title,ライブでスコア50000以上でクリアしよう
mst.mission.2611007._detail,ライブでスコア50000以上でクリアしよう
mst.mission.2611008._title,ライブでスコア100000以上でクリアしよう
mst.mission.2611008._detail,ライブでスコア100000以上でクリアしよう
mst.mission.2611009._title,ライブでスコア150000以上でクリアしよう
mst.mission.2611009._detail,ライブでスコア150000以上でクリアしよう
mst.mission.2611010._title,おまかせ選曲で選んだ楽曲を3回プレイしよう
mst.mission.2611010._detail,おまかせ選曲で選んだ楽曲を3回プレイしよう
mst.mission.2611011._title,おまかせ選曲で選んだ楽曲を5回プレイしよう
mst.mission.2611011._detail,おまかせ選曲で選んだ楽曲を5回プレイしよう
mst.mission.2611012._title,おまかせ選曲で選んだ楽曲を10回プレイしよう
mst.mission.2611012._detail,おまかせ選曲で選んだ楽曲を10回プレイしよう
mst.mission.2511101._title,イベントptを150pt集めよう
mst.mission.2511101._detail,イベントptを150pt集めよう
mst.mission.2511102._title,イベントptを1500pt集めよう
mst.mission.2511102._detail,イベントptを1500pt集めよう
mst.mission.2511103._title,イベントptを7500pt集めよう
mst.mission.2511103._detail,イベントptを7500pt集めよう
mst.mission.2511104._title,イベントptを15000pt集めよう
mst.mission.2511104._detail,イベントptを15000pt集めよう
mst.mission.2511105._title,おたすけメンバーとしてきょうりょくライブをクリアしよう
mst.mission.2511105._detail,おたすけメンバーとしてきょうりょくライブをクリアしよう
mst.mission.2511106._title,おたすけメンバーとして3回きょうりょくライブをクリアしよう
mst.mission.2511106._detail,おたすけメンバーとして3回きょうりょくライブをクリアしよう
mst.mission.2511107._title,おたすけメンバーとして5回きょうりょくライブをクリアしよう
mst.mission.2511107._detail,おたすけメンバーとして5回きょうりょくライブをクリアしよう
mst.mission.2411108._title,おたすけメンバーとして7回きょうりょくライブをクリアしよう
mst.mission.2411108._detail,おたすけメンバーとして7回きょうりょくライブをクリアしよう
mst.mission.2411109._title,おたすけメンバーとして10回きょうりょくライブをクリアしよう
mst.mission.2411109._detail,おたすけメンバーとして10回きょうりょくライブをクリアしよう
mst.mission.2411110._title,おたすけメンバーとして20回きょうりょくライブをクリアしよう
mst.mission.2411110._detail,おたすけメンバーとして20回きょうりょくライブをクリアしよう
mst.mission.2411111._title,おたすけメンバーとして30回きょうりょくライブをクリアしよう
mst.mission.2411111._detail,おたすけメンバーとして30回きょうりょくライブをクリアしよう
mst.mission.2411112._title,ライブを10回クリアしよう
mst.mission.2411112._detail,ライブを10回クリアしよう
mst.mission.2411113._title,ライブを20回クリアしよう
mst.mission.2411113._detail,ライブを20回クリアしよう
mst.mission.2411114._title,ライブを30回クリアしよう
mst.mission.2411114._detail,ライブを30回クリアしよう
mst.mission.2411115._title,ライブを40回クリアしよう
mst.mission.2411115._detail,ライブを40回クリアしよう
mst.mission.2411116._title,ライブを50回クリアしよう
mst.mission.2411116._detail,ライブを50回クリアしよう
mst.mission.2411117._title,ライブを60回クリアしよう
mst.mission.2411117._detail,ライブを60回クリアしよう
mst.mission.2411118._title,ライブを70回クリアしよう
mst.mission.2411118._detail,ライブを70回クリアしよう
mst.mission.2411119._title,ライブを80回クリアしよう
mst.mission.2411119._detail,ライブを80回クリアしよう
mst.mission.2411120._title,ライブを90回クリアしよう
mst.mission.2411120._detail,ライブを90回クリアしよう
mst.mission.2411121._title,ライブを100回クリアしよう
mst.mission.2411121._detail,ライブを100回クリアしよう
mst.mission.2411122._title,きょうりょくライブで3位以上を5回取ろう
mst.mission.2411122._detail,きょうりょくライブで3位以上を5回取ろう
mst.mission.2411123._title,きょうりょくライブで2位以上を3回取ろう
mst.mission.2411123._detail,きょうりょくライブで2位以上を3回取ろう
mst.mission.2411124._title,きょうりょくライブで1位以上を取ろう
mst.mission.2411124._detail,きょうりょくライブで1位以上を取ろう
mst.mission.2411125._title,マッチング人数4人以上できょうりょくライブをクリアしよう
mst.mission.2411125._detail,マッチング人数4人以上できょうりょくライブをクリアしよう
mst.mission.2411126._title,マッチング人数4人以上できょうりょくライブを3回クリアしよう
mst.mission.2411126._detail,マッチング人数4人以上できょうりょくライブを3回クリアしよう
mst.mission.2411127._title,マッチング人数4人以上できょうりょくライブを5回クリアしよう
mst.mission.2411127._detail,マッチング人数4人以上できょうりょくライブを5回クリアしよう
mst.mission.2411128._title,マッチング人数4人以上できょうりょくライブを10回クリアしよう
mst.mission.2411128._detail,マッチング人数4人以上できょうりょくライブを10回クリアしよう
mst.mission.2411129._title,マッチング人数4人以上できょうりょくライブを20回クリアしよう
mst.mission.2411129._detail,マッチング人数4人以上できょうりょくライブを20回クリアしよう
mst.mission.2411130._title,マッチング人数4人以上できょうりょくライブを30回クリアしよう
mst.mission.2411130._detail,マッチング人数4人以上できょうりょくライブを30回クリアしよう
mst.mission.2711201._title,イベントptを100pt集めよう
mst.mission.2711201._detail,イベントptを100pt集めよう
mst.mission.2711202._title,イベントptを4000pt集めよう
mst.mission.2711202._detail,イベントptを4000pt集めよう
mst.mission.2711203._title,イベントptを8000pt集めよう
mst.mission.2711203._detail,イベントptを8000pt集めよう
mst.mission.2611204._title,難易度NORMAL以上でライブをフルコンボしよう
mst.mission.2611204._detail,難易度NORMAL以上でライブをフルコンボしよう
mst.mission.2611205._title,難易度NORMAL以上でライブを3回フルコンボしよう
mst.mission.2611205._detail,難易度NORMAL以上でライブを3回フルコンボしよう
mst.mission.2611206._title,難易度NORMAL以上でライブを5回フルコンボしよう
mst.mission.2611206._detail,難易度NORMAL以上でライブを5回フルコンボしよう
mst.mission.2611207._title,ライブでスコア50000以上でクリアしよう
mst.mission.2611207._detail,ライブでスコア50000以上でクリアしよう
mst.mission.2611208._title,ライブでスコア100000以上でクリアしよう
mst.mission.2611208._detail,ライブでスコア100000以上でクリアしよう
mst.mission.2611209._title,ライブでスコア150000以上でクリアしよう
mst.mission.2611209._detail,ライブでスコア150000以上でクリアしよう
mst.mission.2611210._title,おまかせ選曲で選んだ楽曲を3回プレイしよう
mst.mission.2611210._detail,おまかせ選曲で選んだ楽曲を3回プレイしよう
mst.mission.2611211._title,おまかせ選曲で選んだ楽曲を5回プレイしよう
mst.mission.2611211._detail,おまかせ選曲で選んだ楽曲を5回プレイしよう
mst.mission.2611212._title,おまかせ選曲で選んだ楽曲を10回プレイしよう
mst.mission.2611212._detail,おまかせ選曲で選んだ楽曲を10回プレイしよう
mst.mission.2510801._title,イベントptを150pt集めよう
mst.mission.2510801._detail,イベントptを150pt集めよう
mst.mission.2510802._title,イベントptを1500pt集めよう
mst.mission.2510802._detail,イベントptを1500pt集めよう
mst.mission.2510803._title,イベントptを7500pt集めよう
mst.mission.2510803._detail,イベントptを7500pt集めよう
mst.mission.2510804._title,イベントptを15000pt集めよう
mst.mission.2510804._detail,イベントptを15000pt集めよう
mst.mission.2510805._title,おたすけメンバーとしてきょうりょくライブをクリアしよう
mst.mission.2510805._detail,おたすけメンバーとしてきょうりょくライブをクリアしよう
mst.mission.2510806._title,おたすけメンバーとして3回きょうりょくライブをクリアしよう
mst.mission.2510806._detail,おたすけメンバーとして3回きょうりょくライブをクリアしよう
mst.mission.2510807._title,おたすけメンバーとして5回きょうりょくライブをクリアしよう
mst.mission.2510807._detail,おたすけメンバーとして5回きょうりょくライブをクリアしよう
mst.mission.2410808._title,おたすけメンバーとして7回きょうりょくライブをクリアしよう
mst.mission.2410808._detail,おたすけメンバーとして7回きょうりょくライブをクリアしよう
mst.mission.2410809._title,おたすけメンバーとして10回きょうりょくライブをクリアしよう
mst.mission.2410809._detail,おたすけメンバーとして10回きょうりょくライブをクリアしよう
mst.mission.2410810._title,おたすけメンバーとして20回きょうりょくライブをクリアしよう
mst.mission.2410810._detail,おたすけメンバーとして20回きょうりょくライブをクリアしよう
mst.mission.2410811._title,おたすけメンバーとして30回きょうりょくライブをクリアしよう
mst.mission.2410811._detail,おたすけメンバーとして30回きょうりょくライブをクリアしよう
mst.mission.2410812._title,ライブを10回クリアしよう
mst.mission.2410812._detail,ライブを10回クリアしよう
mst.mission.2410813._title,ライブを20回クリアしよう
mst.mission.2410813._detail,ライブを20回クリアしよう
mst.mission.2410814._title,ライブを30回クリアしよう
mst.mission.2410814._detail,ライブを30回クリアしよう
mst.mission.2410815._title,ライブを40回クリアしよう
mst.mission.2410815._detail,ライブを40回クリアしよう
mst.mission.2410816._title,ライブを50回クリアしよう
mst.mission.2410816._detail,ライブを50回クリアしよう
mst.mission.2410817._title,ライブを60回クリアしよう
mst.mission.2410817._detail,ライブを60回クリアしよう
mst.mission.2410818._title,ライブを70回クリアしよう
mst.mission.2410818._detail,ライブを70回クリアしよう
mst.mission.2410819._title,ライブを80回クリアしよう
mst.mission.2410819._detail,ライブを80回クリアしよう
mst.mission.2410820._title,ライブを90回クリアしよう
mst.mission.2410820._detail,ライブを90回クリアしよう
mst.mission.2410821._title,ライブを100回クリアしよう
mst.mission.2410821._detail,ライブを100回クリアしよう
mst.mission.2410822._title,きょうりょくライブで3位以上を5回取ろう
mst.mission.2410822._detail,きょうりょくライブで3位以上を5回取ろう
mst.mission.2410823._title,きょうりょくライブで2位以上を3回取ろう
mst.mission.2410823._detail,きょうりょくライブで2位以上を3回取ろう
mst.mission.2410824._title,きょうりょくライブで1位以上を取ろう
mst.mission.2410824._detail,きょうりょくライブで1位以上を取ろう
mst.mission.2410825._title,マッチング人数4人以上できょうりょくライブをクリアしよう
mst.mission.2410825._detail,マッチング人数4人以上できょうりょくライブをクリアしよう
mst.mission.2410826._title,マッチング人数4人以上できょうりょくライブを3回クリアしよう
mst.mission.2410826._detail,マッチング人数4人以上できょうりょくライブを3回クリアしよう
mst.mission.2410827._title,マッチング人数4人以上できょうりょくライブを5回クリアしよう
mst.mission.2410827._detail,マッチング人数4人以上できょうりょくライブを5回クリアしよう
mst.mission.2410828._title,マッチング人数4人以上できょうりょくライブを10回クリアしよう
mst.mission.2410828._detail,マッチング人数4人以上できょうりょくライブを10回クリアしよう
mst.mission.2410829._title,マッチング人数4人以上できょうりょくライブを20回クリアしよう
mst.mission.2410829._detail,マッチング人数4人以上できょうりょくライブを20回クリアしよう
mst.mission.2410830._title,マッチング人数4人以上できょうりょくライブを30回クリアしよう
mst.mission.2410830._detail,マッチング人数4人以上できょうりょくライブを30回クリアしよう
mst.mission.2311301._title,イベントptを100pt集めよう
mst.mission.2311301._detail,イベントptを100pt集めよう
mst.mission.2311302._title,イベントptを1000pt集めよう
mst.mission.2311302._detail,イベントptを1000pt集めよう
mst.mission.2311303._title,イベントptを5000pt集めよう
mst.mission.2311303._detail,イベントptを5000pt集めよう
mst.mission.2311304._title,イベントptを10000pt集めよう
mst.mission.2311304._detail,イベントptを10000pt集めよう
mst.mission.2311305._title,ラブライブ！の楽曲をクリアしよう
mst.mission.2311305._detail,ラブライブ！の楽曲をクリアしよう
mst.mission.2311306._title,ラブライブ！の楽曲を3回クリアしよう
mst.mission.2311306._detail,ラブライブ！の楽曲を3回クリアしよう
mst.mission.2311307._title,ラブライブ！の楽曲を5回クリアしよう
mst.mission.2311307._detail,ラブライブ！の楽曲を5回クリアしよう
mst.mission.2211308._title,ライブを10回クリアしよう
mst.mission.2211308._detail,ライブを10回クリアしよう
mst.mission.2211309._title,ライブを20回クリアしよう
mst.mission.2211309._detail,ライブを20回クリアしよう
mst.mission.2211310._title,ライブを30回クリアしよう
mst.mission.2211310._detail,ライブを30回クリアしよう
mst.mission.2211311._title,ライブを40回クリアしよう
mst.mission.2211311._detail,ライブを40回クリアしよう
mst.mission.2211312._title,ライブを50回クリアしよう
mst.mission.2211312._detail,ライブを50回クリアしよう
mst.mission.2211313._title,ライブを60回クリアしよう
mst.mission.2211313._detail,ライブを60回クリアしよう
mst.mission.2211314._title,ライブを70回クリアしよう
mst.mission.2211314._detail,ライブを70回クリアしよう
mst.mission.2211315._title,ライブを80回クリアしよう
mst.mission.2211315._detail,ライブを80回クリアしよう
mst.mission.2211316._title,ライブを90回クリアしよう
mst.mission.2211316._detail,ライブを90回クリアしよう
mst.mission.2211317._title,ライブを100回クリアしよう
mst.mission.2211317._detail,ライブを100回クリアしよう
mst.mission.2211318._title,ライブを125回クリアしよう
mst.mission.2211318._detail,ライブを125回クリアしよう
mst.mission.2211319._title,ライブを150回クリアしよう
mst.mission.2211319._detail,ライブを150回クリアしよう
mst.mission.2211320._title,ライブを200回クリアしよう
mst.mission.2211320._detail,ライブを200回クリアしよう
mst.mission.2211321._title,ライブを250回クリアしよう
mst.mission.2211321._detail,ライブを250回クリアしよう
mst.mission.2211322._title,ライブを300回クリアしよう
mst.mission.2211322._detail,ライブを300回クリアしよう
mst.mission.2211323._title,ライブを350回クリアしよう
mst.mission.2211323._detail,ライブを350回クリアしよう
mst.mission.2211324._title,ライブを400回クリアしよう
mst.mission.2211324._detail,ライブを400回クリアしよう
mst.mission.2211325._title,ライブを450回クリアしよう
mst.mission.2211325._detail,ライブを450回クリアしよう
mst.mission.2211326._title,ライブを500回クリアしよう
mst.mission.2211326._detail,ライブを500回クリアしよう
mst.mission.2211327._title,イベント曲をフルコンボしよう
mst.mission.2211327._detail,イベント曲をフルコンボしよう
mst.mission.2211328._title,"楽曲『夏色えがおで1,2,Jump!』の難易度NORMAL以上でスコア50000を達成しよう"
mst.mission.2211328._detail,"楽曲『夏色えがおで1,2,Jump!』の難易度NORMAL以上でスコア50000を達成しよう"
mst.mission.2211329._title,"楽曲『夏色えがおで1,2,Jump!』の難易度HARD以上でスコア200000を達成しよう"
mst.mission.2211329._detail,"楽曲『夏色えがおで1,2,Jump!』の難易度HARD以上でスコア200000を達成しよう"
mst.mission.2211330._title,"楽曲『夏色えがおで1,2,Jump!』の難易度EXPERT以上でスコア300000を達成しよう"
mst.mission.2211330._detail,"楽曲『夏色えがおで1,2,Jump!』の難易度EXPERT以上でスコア300000を達成しよう"
mst.mission.2211331._title,イベントにログインしよう　※非表示
mst.mission.2211331._detail,イベントにログインしよう　※非表示
mst.mission.2211332._title,イベントptを5000pt集めよう　※非表示
mst.mission.2211332._detail,イベントptを5000pt集めよう　※非表示
mst.mission.2211333._title,イベントptを12000pt集めよう　※非表示
mst.mission.2211333._detail,イベントptを12000pt集めよう　※非表示
mst.mission.2211334._title,イベントptを20000pt集めよう　※非表示
mst.mission.2211334._detail,イベントptを20000pt集めよう　※非表示
mst.mission.2211335._title,イベントptを30000pt集めよう　※非表示
mst.mission.2211335._detail,イベントptを30000pt集めよう　※非表示
mst.mission.2711401._title,イベントptを100pt集めよう
mst.mission.2711401._detail,イベントptを100pt集めよう
mst.mission.2711402._title,イベントptを4000pt集めよう
mst.mission.2711402._detail,イベントptを4000pt集めよう
mst.mission.2711403._title,イベントptを8000pt集めよう
mst.mission.2711403._detail,イベントptを8000pt集めよう
mst.mission.2611404._title,難易度NORMAL以上でライブをフルコンボしよう
mst.mission.2611404._detail,難易度NORMAL以上でライブをフルコンボしよう
mst.mission.2611405._title,難易度NORMAL以上でライブを3回フルコンボしよう
mst.mission.2611405._detail,難易度NORMAL以上でライブを3回フルコンボしよう
mst.mission.2611406._title,難易度NORMAL以上でライブを5回フルコンボしよう
mst.mission.2611406._detail,難易度NORMAL以上でライブを5回フルコンボしよう
mst.mission.2611407._title,ライブでスコア50000以上でクリアしよう
mst.mission.2611407._detail,ライブでスコア50000以上でクリアしよう
mst.mission.2611408._title,ライブでスコア100000以上でクリアしよう
mst.mission.2611408._detail,ライブでスコア100000以上でクリアしよう
mst.mission.2611409._title,ライブでスコア150000以上でクリアしよう
mst.mission.2611409._detail,ライブでスコア150000以上でクリアしよう
mst.mission.2611410._title,おまかせ選曲で選んだ楽曲を3回プレイしよう
mst.mission.2611410._detail,おまかせ選曲で選んだ楽曲を3回プレイしよう
mst.mission.2611411._title,おまかせ選曲で選んだ楽曲を5回プレイしよう
mst.mission.2611411._detail,おまかせ選曲で選んだ楽曲を5回プレイしよう
mst.mission.2611412._title,おまかせ選曲で選んだ楽曲を10回プレイしよう
mst.mission.2611412._detail,おまかせ選曲で選んだ楽曲を10回プレイしよう
mst.mission.2511501._title,イベントptを150pt集めよう
mst.mission.2511501._detail,イベントptを150pt集めよう
mst.mission.2511502._title,イベントptを1500pt集めよう
mst.mission.2511502._detail,イベントptを1500pt集めよう
mst.mission.2511503._title,イベントptを7500pt集めよう
mst.mission.2511503._detail,イベントptを7500pt集めよう
mst.mission.2511504._title,イベントptを15000pt集めよう
mst.mission.2511504._detail,イベントptを15000pt集めよう
mst.mission.2511505._title,おたすけメンバーとしてきょうりょくライブをクリアしよう
mst.mission.2511505._detail,おたすけメンバーとしてきょうりょくライブをクリアしよう
mst.mission.2511506._title,おたすけメンバーとして3回きょうりょくライブをクリアしよう
mst.mission.2511506._detail,おたすけメンバーとして3回きょうりょくライブをクリアしよう
mst.mission.2511507._title,おたすけメンバーとして5回きょうりょくライブをクリアしよう
mst.mission.2511507._detail,おたすけメンバーとして5回きょうりょくライブをクリアしよう
mst.mission.2411508._title,おたすけメンバーとして7回きょうりょくライブをクリアしよう
mst.mission.2411508._detail,おたすけメンバーとして7回きょうりょくライブをクリアしよう
mst.mission.2411509._title,おたすけメンバーとして10回きょうりょくライブをクリアしよう
mst.mission.2411509._detail,おたすけメンバーとして10回きょうりょくライブをクリアしよう
mst.mission.2411510._title,おたすけメンバーとして20回きょうりょくライブをクリアしよう
mst.mission.2411510._detail,おたすけメンバーとして20回きょうりょくライブをクリアしよう
mst.mission.2411511._title,おたすけメンバーとして30回きょうりょくライブをクリアしよう
mst.mission.2411511._detail,おたすけメンバーとして30回きょうりょくライブをクリアしよう
mst.mission.2411512._title,ライブを10回クリアしよう
mst.mission.2411512._detail,ライブを10回クリアしよう
mst.mission.2411513._title,ライブを20回クリアしよう
mst.mission.2411513._detail,ライブを20回クリアしよう
mst.mission.2411514._title,ライブを30回クリアしよう
mst.mission.2411514._detail,ライブを30回クリアしよう
mst.mission.2411515._title,ライブを40回クリアしよう
mst.mission.2411515._detail,ライブを40回クリアしよう
mst.mission.2411516._title,ライブを50回クリアしよう
mst.mission.2411516._detail,ライブを50回クリアしよう
mst.mission.2411517._title,ライブを60回クリアしよう
mst.mission.2411517._detail,ライブを60回クリアしよう
mst.mission.2411518._title,ライブを70回クリアしよう
mst.mission.2411518._detail,ライブを70回クリアしよう
mst.mission.2411519._title,ライブを80回クリアしよう
mst.mission.2411519._detail,ライブを80回クリアしよう
mst.mission.2411520._title,ライブを90回クリアしよう
mst.mission.2411520._detail,ライブを90回クリアしよう
mst.mission.2411521._title,ライブを100回クリアしよう
mst.mission.2411521._detail,ライブを100回クリアしよう
mst.mission.2411522._title,きょうりょくライブで3位以上を5回取ろう
mst.mission.2411522._detail,きょうりょくライブで3位以上を5回取ろう
mst.mission.2411523._title,きょうりょくライブで2位以上を3回取ろう
mst.mission.2411523._detail,きょうりょくライブで2位以上を3回取ろう
mst.mission.2411524._title,きょうりょくライブで1位以上を取ろう
mst.mission.2411524._detail,きょうりょくライブで1位以上を取ろう
mst.mission.2411525._title,マッチング人数4人以上できょうりょくライブをクリアしよう
mst.mission.2411525._detail,マッチング人数4人以上できょうりょくライブをクリアしよう
mst.mission.2411526._title,マッチング人数4人以上できょうりょくライブを3回クリアしよう
mst.mission.2411526._detail,マッチング人数4人以上できょうりょくライブを3回クリアしよう
mst.mission.2411527._title,マッチング人数4人以上できょうりょくライブを5回クリアしよう
mst.mission.2411527._detail,マッチング人数4人以上できょうりょくライブを5回クリアしよう
mst.mission.2411528._title,マッチング人数4人以上できょうりょくライブを10回クリアしよう
mst.mission.2411528._detail,マッチング人数4人以上できょうりょくライブを10回クリアしよう
mst.mission.2411529._title,マッチング人数4人以上できょうりょくライブを20回クリアしよう
mst.mission.2411529._detail,マッチング人数4人以上できょうりょくライブを20回クリアしよう
mst.mission.2411530._title,マッチング人数4人以上できょうりょくライブを30回クリアしよう
mst.mission.2411530._detail,マッチング人数4人以上できょうりょくライブを30回クリアしよう
mst.mission.2711601._title,イベントptを100pt集めよう
mst.mission.2711601._detail,イベントptを100pt集めよう
mst.mission.2711602._title,イベントptを4000pt集めよう
mst.mission.2711602._detail,イベントptを4000pt集めよう
mst.mission.2711603._title,イベントptを8000pt集めよう
mst.mission.2711603._detail,イベントptを8000pt集めよう
mst.mission.2611604._title,難易度NORMAL以上でライブをフルコンボしよう
mst.mission.2611604._detail,難易度NORMAL以上でライブをフルコンボしよう
mst.mission.2611605._title,難易度NORMAL以上でライブを3回フルコンボしよう
mst.mission.2611605._detail,難易度NORMAL以上でライブを3回フルコンボしよう
mst.mission.2611606._title,難易度NORMAL以上でライブを5回フルコンボしよう
mst.mission.2611606._detail,難易度NORMAL以上でライブを5回フルコンボしよう
mst.mission.2611607._title,ライブでスコア50000以上でクリアしよう
mst.mission.2611607._detail,ライブでスコア50000以上でクリアしよう
mst.mission.2611608._title,ライブでスコア100000以上でクリアしよう
mst.mission.2611608._detail,ライブでスコア100000以上でクリアしよう
mst.mission.2611609._title,ライブでスコア150000以上でクリアしよう
mst.mission.2611609._detail,ライブでスコア150000以上でクリアしよう
mst.mission.2611610._title,おまかせ選曲で選んだ楽曲を3回プレイしよう
mst.mission.2611610._detail,おまかせ選曲で選んだ楽曲を3回プレイしよう
mst.mission.2611611._title,おまかせ選曲で選んだ楽曲を5回プレイしよう
mst.mission.2611611._detail,おまかせ選曲で選んだ楽曲を5回プレイしよう
mst.mission.2611612._title,おまかせ選曲で選んだ楽曲を10回プレイしよう
mst.mission.2611612._detail,おまかせ選曲で選んだ楽曲を10回プレイしよう
mst.mission.2311701._title,イベントptを100pt集めよう
mst.mission.2311701._detail,イベントptを100pt集めよう
mst.mission.2311702._title,イベントptを200pt集めよう
mst.mission.2311702._detail,イベントptを200pt集めよう
mst.mission.2311703._title,イベントptを1000pt集めよう
mst.mission.2311703._detail,イベントptを1000pt集めよう
mst.mission.2311704._title,イベントptを5000pt集めよう
mst.mission.2311704._detail,イベントptを5000pt集めよう
mst.mission.2311705._title,イベントptを10000pt集めよう
mst.mission.2311705._detail,イベントptを10000pt集めよう
mst.mission.2311706._title,ラブライブ！サンシャイン!!の楽曲をクリアしよう
mst.mission.2311706._detail,ラブライブ！サンシャイン!!の楽曲をクリアしよう
mst.mission.2311707._title,ラブライブ！サンシャイン!!の楽曲を3回クリアしよう
mst.mission.2311707._detail,ラブライブ！サンシャイン!!の楽曲を3回クリアしよう
mst.mission.2311708._title,ラブライブ！サンシャイン!!の楽曲を5回クリアしよう
mst.mission.2311708._detail,ラブライブ！サンシャイン!!の楽曲を5回クリアしよう
mst.mission.2211709._title,ライブを10回クリアしよう
mst.mission.2211709._detail,ライブを10回クリアしよう
mst.mission.2211710._title,ライブを20回クリアしよう
mst.mission.2211710._detail,ライブを20回クリアしよう
mst.mission.2211711._title,ライブを30回クリアしよう
mst.mission.2211711._detail,ライブを30回クリアしよう
mst.mission.2211712._title,ライブを40回クリアしよう
mst.mission.2211712._detail,ライブを40回クリアしよう
mst.mission.2211713._title,ライブを50回クリアしよう
mst.mission.2211713._detail,ライブを50回クリアしよう
mst.mission.2211714._title,ライブを60回クリアしよう
mst.mission.2211714._detail,ライブを60回クリアしよう
mst.mission.2211715._title,ライブを70回クリアしよう
mst.mission.2211715._detail,ライブを70回クリアしよう
mst.mission.2211716._title,ライブを80回クリアしよう
mst.mission.2211716._detail,ライブを80回クリアしよう
mst.mission.2211717._title,ライブを90回クリアしよう
mst.mission.2211717._detail,ライブを90回クリアしよう
mst.mission.2211718._title,ライブを100回クリアしよう
mst.mission.2211718._detail,ライブを100回クリアしよう
mst.mission.2211719._title,ライブを125回クリアしよう
mst.mission.2211719._detail,ライブを125回クリアしよう
mst.mission.2211720._title,ライブを150回クリアしよう
mst.mission.2211720._detail,ライブを150回クリアしよう
mst.mission.2211721._title,ライブを200回クリアしよう
mst.mission.2211721._detail,ライブを200回クリアしよう
mst.mission.2211722._title,ライブを250回クリアしよう
mst.mission.2211722._detail,ライブを250回クリアしよう
mst.mission.2211723._title,ライブを300回クリアしよう
mst.mission.2211723._detail,ライブを300回クリアしよう
mst.mission.2211724._title,ライブを350回クリアしよう
mst.mission.2211724._detail,ライブを350回クリアしよう
mst.mission.2211725._title,ライブを400回クリアしよう
mst.mission.2211725._detail,ライブを400回クリアしよう
mst.mission.2211726._title,ライブを450回クリアしよう
mst.mission.2211726._detail,ライブを450回クリアしよう
mst.mission.2211727._title,ライブを500回クリアしよう
mst.mission.2211727._detail,ライブを500回クリアしよう
mst.mission.2211728._title,イベント曲をフルコンボしよう
mst.mission.2211728._detail,イベント曲をフルコンボしよう
mst.mission.2211729._title,楽曲『MY舞☆TONIGHT』の難易度NORMAL以上でスコア50000を達成しよう
mst.mission.2211729._detail,楽曲『MY舞☆TONIGHT』の難易度NORMAL以上でスコア50000を達成しよう
mst.mission.2211730._title,楽曲『MY舞☆TONIGHT』の難易度HARD以上でスコア200000を達成しよう
mst.mission.2211730._detail,楽曲『MY舞☆TONIGHT』の難易度HARD以上でスコア200000を達成しよう
mst.mission.2211731._title,楽曲『MY舞☆TONIGHT』の難易度EXPERT以上でスコア300000を達成しよう
mst.mission.2211731._detail,楽曲『MY舞☆TONIGHT』の難易度EXPERT以上でスコア300000を達成しよう
mst.mission.2211732._title,アプリにログインしよう　※非表示
mst.mission.2211732._detail,アプリにログインしよう　※非表示
mst.mission.2211733._title,イベントptを5000pt集めよう　※非表示
mst.mission.2211733._detail,イベントptを5000pt集めよう　※非表示
mst.mission.2211734._title,イベントptを12000pt集めよう　※非表示
mst.mission.2211734._detail,イベントptを12000pt集めよう　※非表示
mst.mission.2211735._title,イベントptを20000pt集めよう　※非表示
mst.mission.2211735._detail,イベントptを20000pt集めよう　※非表示
mst.mission.2211736._title,イベントptを30000pt集めよう　※非表示
mst.mission.2211736._detail,イベントptを30000pt集めよう　※非表示
mst.mission.2711801._title,イベントptを100pt集めよう
mst.mission.2711801._detail,イベントptを100pt集めよう
mst.mission.2711802._title,イベントptを4000pt集めよう
mst.mission.2711802._detail,イベントptを4000pt集めよう
mst.mission.2711803._title,イベントptを8000pt集めよう
mst.mission.2711803._detail,イベントptを8000pt集めよう
mst.mission.2611804._title,難易度NORMAL以上でライブをフルコンボしよう
mst.mission.2611804._detail,難易度NORMAL以上でライブをフルコンボしよう
mst.mission.2611805._title,難易度NORMAL以上でライブを3回フルコンボしよう
mst.mission.2611805._detail,難易度NORMAL以上でライブを3回フルコンボしよう
mst.mission.2611806._title,難易度NORMAL以上でライブを5回フルコンボしよう
mst.mission.2611806._detail,難易度NORMAL以上でライブを5回フルコンボしよう
mst.mission.2611807._title,ライブでスコア50000以上でクリアしよう
mst.mission.2611807._detail,ライブでスコア50000以上でクリアしよう
mst.mission.2611808._title,ライブでスコア100000以上でクリアしよう
mst.mission.2611808._detail,ライブでスコア100000以上でクリアしよう
mst.mission.2611809._title,ライブでスコア150000以上でクリアしよう
mst.mission.2611809._detail,ライブでスコア150000以上でクリアしよう
mst.mission.2611810._title,おまかせ選曲で選んだ楽曲を3回プレイしよう
mst.mission.2611810._detail,おまかせ選曲で選んだ楽曲を3回プレイしよう
mst.mission.2611811._title,おまかせ選曲で選んだ楽曲を5回プレイしよう
mst.mission.2611811._detail,おまかせ選曲で選んだ楽曲を5回プレイしよう
mst.mission.2611812._title,おまかせ選曲で選んだ楽曲を10回プレイしよう
mst.mission.2611812._detail,おまかせ選曲で選んだ楽曲を10回プレイしよう
mst.mission.2511901._title,イベントptを150pt集めよう
mst.mission.2511901._detail,イベントptを150pt集めよう
mst.mission.2511902._title,イベントptを1500pt集めよう
mst.mission.2511902._detail,イベントptを1500pt集めよう
mst.mission.2511903._title,イベントptを7500pt集めよう
mst.mission.2511903._detail,イベントptを7500pt集めよう
mst.mission.2511904._title,イベントptを15000pt集めよう
mst.mission.2511904._detail,イベントptを15000pt集めよう
mst.mission.2511905._title,おたすけメンバーとしてきょうりょくライブをクリアしよう
mst.mission.2511905._detail,おたすけメンバーとしてきょうりょくライブをクリアしよう
mst.mission.2511906._title,おたすけメンバーとして3回きょうりょくライブをクリアしよう
mst.mission.2511906._detail,おたすけメンバーとして3回きょうりょくライブをクリアしよう
mst.mission.2511907._title,おたすけメンバーとして5回きょうりょくライブをクリアしよう
mst.mission.2511907._detail,おたすけメンバーとして5回きょうりょくライブをクリアしよう
mst.mission.2411908._title,おたすけメンバーとして7回きょうりょくライブをクリアしよう
mst.mission.2411908._detail,おたすけメンバーとして7回きょうりょくライブをクリアしよう
mst.mission.2411909._title,おたすけメンバーとして10回きょうりょくライブをクリアしよう
mst.mission.2411909._detail,おたすけメンバーとして10回きょうりょくライブをクリアしよう
mst.mission.2411910._title,おたすけメンバーとして20回きょうりょくライブをクリアしよう
mst.mission.2411910._detail,おたすけメンバーとして20回きょうりょくライブをクリアしよう
mst.mission.2411911._title,おたすけメンバーとして30回きょうりょくライブをクリアしよう
mst.mission.2411911._detail,おたすけメンバーとして30回きょうりょくライブをクリアしよう
mst.mission.2411912._title,ライブを10回クリアしよう
mst.mission.2411912._detail,ライブを10回クリアしよう
mst.mission.2411913._title,ライブを20回クリアしよう
mst.mission.2411913._detail,ライブを20回クリアしよう
mst.mission.2411914._title,ライブを30回クリアしよう
mst.mission.2411914._detail,ライブを30回クリアしよう
mst.mission.2411915._title,ライブを40回クリアしよう
mst.mission.2411915._detail,ライブを40回クリアしよう
mst.mission.2411916._title,ライブを50回クリアしよう
mst.mission.2411916._detail,ライブを50回クリアしよう
mst.mission.2411917._title,ライブを60回クリアしよう
mst.mission.2411917._detail,ライブを60回クリアしよう
mst.mission.2411918._title,ライブを70回クリアしよう
mst.mission.2411918._detail,ライブを70回クリアしよう
mst.mission.2411919._title,ライブを80回クリアしよう
mst.mission.2411919._detail,ライブを80回クリアしよう
mst.mission.2411920._title,ライブを90回クリアしよう
mst.mission.2411920._detail,ライブを90回クリアしよう
mst.mission.2411921._title,ライブを100回クリアしよう
mst.mission.2411921._detail,ライブを100回クリアしよう
mst.mission.2411922._title,きょうりょくライブで3位以上を5回取ろう
mst.mission.2411922._detail,きょうりょくライブで3位以上を5回取ろう
mst.mission.2411923._title,きょうりょくライブで2位以上を3回取ろう
mst.mission.2411923._detail,きょうりょくライブで2位以上を3回取ろう
mst.mission.2411924._title,きょうりょくライブで1位以上を取ろう
mst.mission.2411924._detail,きょうりょくライブで1位以上を取ろう
mst.mission.2411925._title,マッチング人数4人以上できょうりょくライブをクリアしよう
mst.mission.2411925._detail,マッチング人数4人以上できょうりょくライブをクリアしよう
mst.mission.2411926._title,マッチング人数4人以上できょうりょくライブを3回クリアしよう
mst.mission.2411926._detail,マッチング人数4人以上できょうりょくライブを3回クリアしよう
mst.mission.2411927._title,マッチング人数4人以上できょうりょくライブを5回クリアしよう
mst.mission.2411927._detail,マッチング人数4人以上できょうりょくライブを5回クリアしよう
mst.mission.2411928._title,マッチング人数4人以上できょうりょくライブを10回クリアしよう
mst.mission.2411928._detail,マッチング人数4人以上できょうりょくライブを10回クリアしよう
mst.mission.2411929._title,マッチング人数4人以上できょうりょくライブを20回クリアしよう
mst.mission.2411929._detail,マッチング人数4人以上できょうりょくライブを20回クリアしよう
mst.mission.2411930._title,マッチング人数4人以上できょうりょくライブを30回クリアしよう
mst.mission.2411930._detail,マッチング人数4人以上できょうりょくライブを30回クリアしよう
mst.mission.2712001._title,イベントptを100pt集めよう
mst.mission.2712001._detail,イベントptを100pt集めよう
mst.mission.2712002._title,イベントptを4000pt集めよう
mst.mission.2712002._detail,イベントptを4000pt集めよう
mst.mission.2712003._title,イベントptを8000pt集めよう
mst.mission.2712003._detail,イベントptを8000pt集めよう
mst.mission.2612004._title,難易度NORMAL以上でライブをフルコンボしよう
mst.mission.2612004._detail,難易度NORMAL以上でライブをフルコンボしよう
mst.mission.2612005._title,難易度NORMAL以上でライブを3回フルコンボしよう
mst.mission.2612005._detail,難易度NORMAL以上でライブを3回フルコンボしよう
mst.mission.2612006._title,難易度NORMAL以上でライブを5回フルコンボしよう
mst.mission.2612006._detail,難易度NORMAL以上でライブを5回フルコンボしよう
mst.mission.2612007._title,ライブでスコア50000以上でクリアしよう
mst.mission.2612007._detail,ライブでスコア50000以上でクリアしよう
mst.mission.2612008._title,ライブでスコア100000以上でクリアしよう
mst.mission.2612008._detail,ライブでスコア100000以上でクリアしよう
mst.mission.2612009._title,ライブでスコア150000以上でクリアしよう
mst.mission.2612009._detail,ライブでスコア150000以上でクリアしよう
mst.mission.2612010._title,おまかせ選曲で選んだ楽曲を3回プレイしよう
mst.mission.2612010._detail,おまかせ選曲で選んだ楽曲を3回プレイしよう
mst.mission.2612011._title,おまかせ選曲で選んだ楽曲を5回プレイしよう
mst.mission.2612011._detail,おまかせ選曲で選んだ楽曲を5回プレイしよう
mst.mission.2612012._title,おまかせ選曲で選んだ楽曲を10回プレイしよう
mst.mission.2612012._detail,おまかせ選曲で選んだ楽曲を10回プレイしよう
mst.mission.2312101._title,イベントptを100pt集めよう
mst.mission.2312101._detail,イベントptを100pt集めよう
mst.mission.2312102._title,イベントptを200pt集めよう
mst.mission.2312102._detail,イベントptを200pt集めよう
mst.mission.2312103._title,イベントptを1000pt集めよう
mst.mission.2312103._detail,イベントptを1000pt集めよう
mst.mission.2312104._title,イベントptを5000pt集めよう
mst.mission.2312104._detail,イベントptを5000pt集めよう
mst.mission.2312105._title,イベントptを10000pt集めよう
mst.mission.2312105._detail,イベントptを10000pt集めよう
mst.mission.2312106._title,ラブライブ！虹ヶ咲学園スクールアイドル同好会の楽曲をクリアしよう
mst.mission.2312106._detail,ラブライブ！虹ヶ咲学園スクールアイドル同好会の楽曲をクリアしよう
mst.mission.2312107._title,ラブライブ！虹ヶ咲学園スクールアイドル同好会の楽曲を3回クリアしよう
mst.mission.2312107._detail,ラブライブ！虹ヶ咲学園スクールアイドル同好会の楽曲を3回クリアしよう
mst.mission.2312108._title,ラブライブ！虹ヶ咲学園スクールアイドル同好会の楽曲を5回クリアしよう
mst.mission.2312108._detail,ラブライブ！虹ヶ咲学園スクールアイドル同好会の楽曲を5回クリアしよう
mst.mission.2212109._title,ライブを10回クリアしよう
mst.mission.2212109._detail,ライブを10回クリアしよう
mst.mission.2212110._title,ライブを20回クリアしよう
mst.mission.2212110._detail,ライブを20回クリアしよう
mst.mission.2212111._title,ライブを30回クリアしよう
mst.mission.2212111._detail,ライブを30回クリアしよう
mst.mission.2212112._title,ライブを40回クリアしよう
mst.mission.2212112._detail,ライブを40回クリアしよう
mst.mission.2212113._title,ライブを50回クリアしよう
mst.mission.2212113._detail,ライブを50回クリアしよう
mst.mission.2212114._title,ライブを60回クリアしよう
mst.mission.2212114._detail,ライブを60回クリアしよう
mst.mission.2212115._title,ライブを70回クリアしよう
mst.mission.2212115._detail,ライブを70回クリアしよう
mst.mission.2212116._title,ライブを80回クリアしよう
mst.mission.2212116._detail,ライブを80回クリアしよう
mst.mission.2212117._title,ライブを90回クリアしよう
mst.mission.2212117._detail,ライブを90回クリアしよう
mst.mission.2212118._title,ライブを100回クリアしよう
mst.mission.2212118._detail,ライブを100回クリアしよう
mst.mission.2212119._title,ライブを125回クリアしよう
mst.mission.2212119._detail,ライブを125回クリアしよう
mst.mission.2212120._title,ライブを150回クリアしよう
mst.mission.2212120._detail,ライブを150回クリアしよう
mst.mission.2212121._title,ライブを200回クリアしよう
mst.mission.2212121._detail,ライブを200回クリアしよう
mst.mission.2212122._title,ライブを250回クリアしよう
mst.mission.2212122._detail,ライブを250回クリアしよう
mst.mission.2212123._title,ライブを300回クリアしよう
mst.mission.2212123._detail,ライブを300回クリアしよう
mst.mission.2212124._title,ライブを350回クリアしよう
mst.mission.2212124._detail,ライブを350回クリアしよう
mst.mission.2212125._title,ライブを400回クリアしよう
mst.mission.2212125._detail,ライブを400回クリアしよう
mst.mission.2212126._title,ライブを450回クリアしよう
mst.mission.2212126._detail,ライブを450回クリアしよう
mst.mission.2212127._title,ライブを500回クリアしよう
mst.mission.2212127._detail,ライブを500回クリアしよう
mst.mission.2212128._title,イベント曲をフルコンボしよう
mst.mission.2212128._detail,イベント曲をフルコンボしよう
mst.mission.2212129._title,楽曲『Love U my friends（12人 Ver.）』の難易度NORMAL以上でスコア50000を達成しよう
mst.mission.2212129._detail,楽曲『Love U my friends（12人 Ver.）』の難易度NORMAL以上でスコア50000を達成しよう
mst.mission.2212130._title,楽曲『Love U my friends（12人 Ver.）』の難易度HARD以上でスコア200000を達成しよう
mst.mission.2212130._detail,楽曲『Love U my friends（12人 Ver.）』の難易度HARD以上でスコア200000を達成しよう
mst.mission.2212131._title,楽曲『Love U my friends（12人 Ver.）』の難易度EXPERT以上でスコア300000を達成しよう
mst.mission.2212131._detail,楽曲『Love U my friends（12人 Ver.）』の難易度EXPERT以上でスコア300000を達成しよう
mst.mission.2212132._title,アプリにログインしよう　※非表示
mst.mission.2212132._detail,アプリにログインしよう　※非表示
mst.mission.2212133._title,イベントptを5000pt集めよう　※非表示
mst.mission.2212133._detail,イベントptを5000pt集めよう　※非表示
mst.mission.2212134._title,イベントptを12000pt集めよう　※非表示
mst.mission.2212134._detail,イベントptを12000pt集めよう　※非表示
mst.mission.2212135._title,イベントptを20000pt集めよう　※非表示
mst.mission.2212135._detail,イベントptを20000pt集めよう　※非表示
mst.mission.2212136._title,イベントptを30000pt集めよう　※非表示
mst.mission.2212136._detail,イベントptを30000pt集めよう　※非表示
mst.mission.2712201._title,イベントptを100pt集めよう
mst.mission.2712201._detail,イベントptを100pt集めよう
mst.mission.2712202._title,イベントptを4000pt集めよう
mst.mission.2712202._detail,イベントptを4000pt集めよう
mst.mission.2712203._title,イベントptを8000pt集めよう
mst.mission.2712203._detail,イベントptを8000pt集めよう
mst.mission.2612204._title,難易度NORMAL以上でライブをフルコンボしよう
mst.mission.2612204._detail,難易度NORMAL以上でライブをフルコンボしよう
mst.mission.2612205._title,難易度NORMAL以上でライブを3回フルコンボしよう
mst.mission.2612205._detail,難易度NORMAL以上でライブを3回フルコンボしよう
mst.mission.2612206._title,難易度NORMAL以上でライブを5回フルコンボしよう
mst.mission.2612206._detail,難易度NORMAL以上でライブを5回フルコンボしよう
mst.mission.2612207._title,ライブでスコア50000以上でクリアしよう
mst.mission.2612207._detail,ライブでスコア50000以上でクリアしよう
mst.mission.2612208._title,ライブでスコア100000以上でクリアしよう
mst.mission.2612208._detail,ライブでスコア100000以上でクリアしよう
mst.mission.2612209._title,ライブでスコア150000以上でクリアしよう
mst.mission.2612209._detail,ライブでスコア150000以上でクリアしよう
mst.mission.2612210._title,おまかせ選曲で選んだ楽曲を3回プレイしよう
mst.mission.2612210._detail,おまかせ選曲で選んだ楽曲を3回プレイしよう
mst.mission.2612211._title,おまかせ選曲で選んだ楽曲を5回プレイしよう
mst.mission.2612211._detail,おまかせ選曲で選んだ楽曲を5回プレイしよう
mst.mission.2612212._title,おまかせ選曲で選んだ楽曲を10回プレイしよう
mst.mission.2612212._detail,おまかせ選曲で選んだ楽曲を10回プレイしよう
mst.mission.2312301._title,イベントptを100pt集めよう
mst.mission.2312301._detail,イベントptを100pt集めよう
mst.mission.2312302._title,イベントptを200pt集めよう
mst.mission.2312302._detail,イベントptを200pt集めよう
mst.mission.2312303._title,イベントptを1000pt集めよう
mst.mission.2312303._detail,イベントptを1000pt集めよう
mst.mission.2312304._title,イベントptを5000pt集めよう
mst.mission.2312304._detail,イベントptを5000pt集めよう
mst.mission.2312305._title,イベントptを10000pt集めよう
mst.mission.2312305._detail,イベントptを10000pt集めよう
mst.mission.2312306._title,ラブライブ！サンシャイン!!の楽曲をクリアしよう
mst.mission.2312306._detail,ラブライブ！サンシャイン!!の楽曲をクリアしよう
mst.mission.2312307._title,ラブライブ！サンシャイン!!の楽曲を3回クリアしよう
mst.mission.2312307._detail,ラブライブ！サンシャイン!!の楽曲を3回クリアしよう
mst.mission.2312308._title,ラブライブ！サンシャイン!!の楽曲を5回クリアしよう
mst.mission.2312308._detail,ラブライブ！サンシャイン!!の楽曲を5回クリアしよう
mst.mission.2212309._title,ライブを10回クリアしよう
mst.mission.2212309._detail,ライブを10回クリアしよう
mst.mission.2212310._title,ライブを20回クリアしよう
mst.mission.2212310._detail,ライブを20回クリアしよう
mst.mission.2212311._title,ライブを30回クリアしよう
mst.mission.2212311._detail,ライブを30回クリアしよう
mst.mission.2212312._title,ライブを40回クリアしよう
mst.mission.2212312._detail,ライブを40回クリアしよう
mst.mission.2212313._title,ライブを50回クリアしよう
mst.mission.2212313._detail,ライブを50回クリアしよう
mst.mission.2212314._title,ライブを60回クリアしよう
mst.mission.2212314._detail,ライブを60回クリアしよう
mst.mission.2212315._title,ライブを70回クリアしよう
mst.mission.2212315._detail,ライブを70回クリアしよう
mst.mission.2212316._title,ライブを80回クリアしよう
mst.mission.2212316._detail,ライブを80回クリアしよう
mst.mission.2212317._title,ライブを90回クリアしよう
mst.mission.2212317._detail,ライブを90回クリアしよう
mst.mission.2212318._title,ライブを100回クリアしよう
mst.mission.2212318._detail,ライブを100回クリアしよう
mst.mission.2212319._title,ライブを125回クリアしよう
mst.mission.2212319._detail,ライブを125回クリアしよう
mst.mission.2212320._title,ライブを150回クリアしよう
mst.mission.2212320._detail,ライブを150回クリアしよう
mst.mission.2212321._title,ライブを200回クリアしよう
mst.mission.2212321._detail,ライブを200回クリアしよう
mst.mission.2212322._title,ライブを250回クリアしよう
mst.mission.2212322._detail,ライブを250回クリアしよう
mst.mission.2212323._title,ライブを300回クリアしよう
mst.mission.2212323._detail,ライブを300回クリアしよう
mst.mission.2212324._title,ライブを350回クリアしよう
mst.mission.2212324._detail,ライブを350回クリアしよう
mst.mission.2212325._title,ライブを400回クリアしよう
mst.mission.2212325._detail,ライブを400回クリアしよう
mst.mission.2212326._title,ライブを450回クリアしよう
mst.mission.2212326._detail,ライブを450回クリアしよう
mst.mission.2212327._title,ライブを500回クリアしよう
mst.mission.2212327._detail,ライブを500回クリアしよう
mst.mission.2212328._title,イベント曲をフルコンボしよう
mst.mission.2212328._detail,イベント曲をフルコンボしよう
mst.mission.2212329._title,楽曲『WATER BLUE NEW WORLD』の難易度NORMAL以上でスコア50000を達成しよう
mst.mission.2212329._detail,楽曲『WATER BLUE NEW WORLD』の難易度NORMAL以上でスコア50000を達成しよう
mst.mission.2212330._title,楽曲『WATER BLUE NEW WORLD』の難易度HARD以上でスコア200000を達成しよう
mst.mission.2212330._detail,楽曲『WATER BLUE NEW WORLD』の難易度HARD以上でスコア200000を達成しよう
mst.mission.2212331._title,楽曲『WATER BLUE NEW WORLD』の難易度EXPERT以上でスコア300000を達成しよう
mst.mission.2212331._detail,楽曲『WATER BLUE NEW WORLD』の難易度EXPERT以上でスコア300000を達成しよう
mst.mission.2712401._title,イベントptを100pt集めよう
mst.mission.2712401._detail,イベントptを100pt集めよう
mst.mission.2712402._title,イベントptを4000pt集めよう
mst.mission.2712402._detail,イベントptを4000pt集めよう
mst.mission.2712403._title,イベントptを8000pt集めよう
mst.mission.2712403._detail,イベントptを8000pt集めよう
mst.mission.2612404._title,難易度NORMAL以上でライブをフルコンボしよう
mst.mission.2612404._detail,難易度NORMAL以上でライブをフルコンボしよう
mst.mission.2612405._title,難易度NORMAL以上でライブを3回フルコンボしよう
mst.mission.2612405._detail,難易度NORMAL以上でライブを3回フルコンボしよう
mst.mission.2612406._title,難易度NORMAL以上でライブを5回フルコンボしよう
mst.mission.2612406._detail,難易度NORMAL以上でライブを5回フルコンボしよう
mst.mission.2612407._title,ライブでスコア50000以上でクリアしよう
mst.mission.2612407._detail,ライブでスコア50000以上でクリアしよう
mst.mission.2612408._title,ライブでスコア100000以上でクリアしよう
mst.mission.2612408._detail,ライブでスコア100000以上でクリアしよう
mst.mission.2612409._title,ライブでスコア150000以上でクリアしよう
mst.mission.2612409._detail,ライブでスコア150000以上でクリアしよう
mst.mission.2612410._title,おまかせ選曲で選んだ楽曲を3回プレイしよう
mst.mission.2612410._detail,おまかせ選曲で選んだ楽曲を3回プレイしよう
mst.mission.2612411._title,おまかせ選曲で選んだ楽曲を5回プレイしよう
mst.mission.2612411._detail,おまかせ選曲で選んだ楽曲を5回プレイしよう
mst.mission.2612412._title,おまかせ選曲で選んだ楽曲を10回プレイしよう
mst.mission.2612412._detail,おまかせ選曲で選んだ楽曲を10回プレイしよう
mst.mission.2312501._title,イベントptを100pt集めよう
mst.mission.2312501._detail,イベントptを100pt集めよう
mst.mission.2312502._title,イベントptを200pt集めよう
mst.mission.2312502._detail,イベントptを200pt集めよう
mst.mission.2312503._title,イベントptを1000pt集めよう
mst.mission.2312503._detail,イベントptを1000pt集めよう
mst.mission.2312504._title,イベントptを5000pt集めよう
mst.mission.2312504._detail,イベントptを5000pt集めよう
mst.mission.2312505._title,イベントptを10000pt集めよう
mst.mission.2312505._detail,イベントptを10000pt集めよう
mst.mission.2312506._title,ラブライブ！スーパースター!!の楽曲をクリアしよう
mst.mission.2312506._detail,ラブライブ！スーパースター!!の楽曲をクリアしよう
mst.mission.2312507._title,ラブライブ！スーパースター!!の楽曲を3回クリアしよう
mst.mission.2312507._detail,ラブライブ！スーパースター!!の楽曲を3回クリアしよう
mst.mission.2312508._title,ラブライブ！スーパースター!!の楽曲を5回クリアしよう
mst.mission.2312508._detail,ラブライブ！スーパースター!!の楽曲を5回クリアしよう
mst.mission.2212509._title,ライブを10回クリアしよう
mst.mission.2212509._detail,ライブを10回クリアしよう
mst.mission.2212510._title,ライブを20回クリアしよう
mst.mission.2212510._detail,ライブを20回クリアしよう
mst.mission.2212511._title,ライブを30回クリアしよう
mst.mission.2212511._detail,ライブを30回クリアしよう
mst.mission.2212512._title,ライブを40回クリアしよう
mst.mission.2212512._detail,ライブを40回クリアしよう
mst.mission.2212513._title,ライブを50回クリアしよう
mst.mission.2212513._detail,ライブを50回クリアしよう
mst.mission.2212514._title,ライブを60回クリアしよう
mst.mission.2212514._detail,ライブを60回クリアしよう
mst.mission.2212515._title,ライブを70回クリアしよう
mst.mission.2212515._detail,ライブを70回クリアしよう
mst.mission.2212516._title,ライブを80回クリアしよう
mst.mission.2212516._detail,ライブを80回クリアしよう
mst.mission.2212517._title,ライブを90回クリアしよう
mst.mission.2212517._detail,ライブを90回クリアしよう
mst.mission.2212518._title,ライブを100回クリアしよう
mst.mission.2212518._detail,ライブを100回クリアしよう
mst.mission.2212519._title,ライブを125回クリアしよう
mst.mission.2212519._detail,ライブを125回クリアしよう
mst.mission.2212520._title,ライブを150回クリアしよう
mst.mission.2212520._detail,ライブを150回クリアしよう
mst.mission.2212521._title,ライブを200回クリアしよう
mst.mission.2212521._detail,ライブを200回クリアしよう
mst.mission.2212522._title,ライブを250回クリアしよう
mst.mission.2212522._detail,ライブを250回クリアしよう
mst.mission.2212523._title,ライブを300回クリアしよう
mst.mission.2212523._detail,ライブを300回クリアしよう
mst.mission.2212524._title,ライブを350回クリアしよう
mst.mission.2212524._detail,ライブを350回クリアしよう
mst.mission.2212525._title,ライブを400回クリアしよう
mst.mission.2212525._detail,ライブを400回クリアしよう
mst.mission.2212526._title,ライブを450回クリアしよう
mst.mission.2212526._detail,ライブを450回クリアしよう
mst.mission.2212527._title,ライブを500回クリアしよう
mst.mission.2212527._detail,ライブを500回クリアしよう
mst.mission.2212528._title,イベント曲をフルコンボしよう
mst.mission.2212528._detail,イベント曲をフルコンボしよう
mst.mission.2212529._title,楽曲『始まりは君の空』の難易度NORMAL以上でスコア50000を達成しよう
mst.mission.2212529._detail,楽曲『始まりは君の空』の難易度NORMAL以上でスコア50000を達成しよう
mst.mission.2212530._title,楽曲『始まりは君の空』の難易度HARD以上でスコア200000を達成しよう
mst.mission.2212530._detail,楽曲『始まりは君の空』の難易度HARD以上でスコア200000を達成しよう
mst.mission.2212531._title,楽曲『始まりは君の空』の難易度EXPERT以上でスコア300000を達成しよう
mst.mission.2212531._detail,楽曲『始まりは君の空』の難易度EXPERT以上でスコア300000を達成しよう
mst.mission.2212532._title,アプリにログインしよう　※非表示
mst.mission.2212532._detail,アプリにログインしよう　※非表示
mst.mission.2212533._title,イベントptを5000pt集めよう　※非表示
mst.mission.2212533._detail,イベントptを5000pt集めよう　※非表示
mst.mission.2212534._title,イベントptを12000pt集めよう　※非表示
mst.mission.2212534._detail,イベントptを12000pt集めよう　※非表示
mst.mission.2212535._title,イベントptを20000pt集めよう　※非表示
mst.mission.2212535._detail,イベントptを20000pt集めよう　※非表示
mst.mission.2212536._title,イベントptを30000pt集めよう　※非表示
mst.mission.2212536._detail,イベントptを30000pt集めよう　※非表示
mst.mission.2712601._title,イベントptを100pt集めよう
mst.mission.2712601._detail,イベントptを100pt集めよう
mst.mission.2712602._title,イベントptを4000pt集めよう
mst.mission.2712602._detail,イベントptを4000pt集めよう
mst.mission.2712603._title,イベントptを8000pt集めよう
mst.mission.2712603._detail,イベントptを8000pt集めよう
mst.mission.2612604._title,難易度NORMAL以上でライブをフルコンボしよう
mst.mission.2612604._detail,難易度NORMAL以上でライブをフルコンボしよう
mst.mission.2612605._title,難易度NORMAL以上でライブを3回フルコンボしよう
mst.mission.2612605._detail,難易度NORMAL以上でライブを3回フルコンボしよう
mst.mission.2612606._title,難易度NORMAL以上でライブを5回フルコンボしよう
mst.mission.2612606._detail,難易度NORMAL以上でライブを5回フルコンボしよう
mst.mission.2612607._title,ライブでスコア50000以上でクリアしよう
mst.mission.2612607._detail,ライブでスコア50000以上でクリアしよう
mst.mission.2612608._title,ライブでスコア100000以上でクリアしよう
mst.mission.2612608._detail,ライブでスコア100000以上でクリアしよう
mst.mission.2612609._title,ライブでスコア150000以上でクリアしよう
mst.mission.2612609._detail,ライブでスコア150000以上でクリアしよう
mst.mission.2612610._title,おまかせ選曲で選んだ楽曲を3回プレイしよう
mst.mission.2612610._detail,おまかせ選曲で選んだ楽曲を3回プレイしよう
mst.mission.2612611._title,おまかせ選曲で選んだ楽曲を5回プレイしよう
mst.mission.2612611._detail,おまかせ選曲で選んだ楽曲を5回プレイしよう
mst.mission.2612612._title,おまかせ選曲で選んだ楽曲を10回プレイしよう
mst.mission.2612612._detail,おまかせ選曲で選んだ楽曲を10回プレイしよう
mst.mission.3712701._title,イベントptを10pt集めよう
mst.mission.3712701._detail,イベントptを10pt集めよう
mst.mission.3712702._title,イベントptを20pt集めよう
mst.mission.3712702._detail,イベントptを20pt集めよう
mst.mission.3712703._title,イベントptを100pt集めよう
mst.mission.3712703._detail,イベントptを100pt集めよう
mst.mission.3712704._title,イベントptを500pt集めよう
mst.mission.3712704._detail,イベントptを500pt集めよう
mst.mission.3712705._title,イベントptを1000pt集めよう
mst.mission.3712705._detail,イベントptを1000pt集めよう
mst.mission.3712706._title,スターチャレンジイベントTOPからシェアしよう
mst.mission.3712706._detail,スターチャレンジイベントTOPからシェアしよう
mst.mission.3612707._title,ライブを10回クリアしよう
mst.mission.3612707._detail,ライブを10回クリアしよう
mst.mission.3612708._title,ライブを20回クリアしよう
mst.mission.3612708._detail,ライブを20回クリアしよう
mst.mission.3612709._title,ライブを30回クリアしよう
mst.mission.3612709._detail,ライブを30回クリアしよう
mst.mission.3612710._title,ライブを40回クリアしよう
mst.mission.3612710._detail,ライブを40回クリアしよう
mst.mission.3612711._title,ライブを50回クリアしよう
mst.mission.3612711._detail,ライブを50回クリアしよう
mst.mission.3612712._title,ライブを60回クリアしよう
mst.mission.3612712._detail,ライブを60回クリアしよう
mst.mission.3612713._title,ライブを70回クリアしよう
mst.mission.3612713._detail,ライブを70回クリアしよう
mst.mission.3612714._title,ライブを80回クリアしよう
mst.mission.3612714._detail,ライブを80回クリアしよう
mst.mission.3612715._title,ライブを90回クリアしよう
mst.mission.3612715._detail,ライブを90回クリアしよう
mst.mission.3612716._title,ライブを100回クリアしよう
mst.mission.3612716._detail,ライブを100回クリアしよう
mst.mission.2712801._title,イベントptを100pt集めよう
mst.mission.2712801._detail,イベントptを100pt集めよう
mst.mission.2712802._title,イベントptを4000pt集めよう
mst.mission.2712802._detail,イベントptを4000pt集めよう
mst.mission.2712803._title,イベントptを8000pt集めよう
mst.mission.2712803._detail,イベントptを8000pt集めよう
mst.mission.2612804._title,難易度NORMAL以上でライブをフルコンボしよう
mst.mission.2612804._detail,難易度NORMAL以上でライブをフルコンボしよう
mst.mission.2612805._title,難易度NORMAL以上でライブを3回フルコンボしよう
mst.mission.2612805._detail,難易度NORMAL以上でライブを3回フルコンボしよう
mst.mission.2612806._title,難易度NORMAL以上でライブを5回フルコンボしよう
mst.mission.2612806._detail,難易度NORMAL以上でライブを5回フルコンボしよう
mst.mission.2612807._title,ライブでスコア50000以上でクリアしよう
mst.mission.2612807._detail,ライブでスコア50000以上でクリアしよう
mst.mission.2612808._title,ライブでスコア100000以上でクリアしよう
mst.mission.2612808._detail,ライブでスコア100000以上でクリアしよう
mst.mission.2612809._title,ライブでスコア150000以上でクリアしよう
mst.mission.2612809._detail,ライブでスコア150000以上でクリアしよう
mst.mission.2612810._title,おまかせ選曲で選んだ楽曲を3回プレイしよう
mst.mission.2612810._detail,おまかせ選曲で選んだ楽曲を3回プレイしよう
mst.mission.2612811._title,おまかせ選曲で選んだ楽曲を5回プレイしよう
mst.mission.2612811._detail,おまかせ選曲で選んだ楽曲を5回プレイしよう
mst.mission.2612812._title,おまかせ選曲で選んだ楽曲を10回プレイしよう
mst.mission.2612812._detail,おまかせ選曲で選んだ楽曲を10回プレイしよう
mst.mission.2312901._title,イベントptを100pt集めよう
mst.mission.2312901._detail,イベントptを100pt集めよう
mst.mission.2312902._title,イベントptを200pt集めよう
mst.mission.2312902._detail,イベントptを200pt集めよう
mst.mission.2312903._title,イベントptを1000pt集めよう
mst.mission.2312903._detail,イベントptを1000pt集めよう
mst.mission.2312904._title,イベントptを5000pt集めよう
mst.mission.2312904._detail,イベントptを5000pt集めよう
mst.mission.2312905._title,イベントptを10000pt集めよう
mst.mission.2312905._detail,イベントptを10000pt集めよう
mst.mission.2312906._title,ラブライブ！の楽曲をクリアしよう
mst.mission.2312906._detail,ラブライブ！の楽曲をクリアしよう
mst.mission.2312907._title,ラブライブ！の楽曲を3回クリアしよう
mst.mission.2312907._detail,ラブライブ！の楽曲を3回クリアしよう
mst.mission.2312908._title,ラブライブ！の楽曲を5回クリアしよう
mst.mission.2312908._detail,ラブライブ！の楽曲を5回クリアしよう
mst.mission.2212909._title,ライブを10回クリアしよう
mst.mission.2212909._detail,ライブを10回クリアしよう
mst.mission.2212910._title,ライブを20回クリアしよう
mst.mission.2212910._detail,ライブを20回クリアしよう
mst.mission.2212911._title,ライブを30回クリアしよう
mst.mission.2212911._detail,ライブを30回クリアしよう
mst.mission.2212912._title,ライブを40回クリアしよう
mst.mission.2212912._detail,ライブを40回クリアしよう
mst.mission.2212913._title,ライブを50回クリアしよう
mst.mission.2212913._detail,ライブを50回クリアしよう
mst.mission.2212914._title,ライブを60回クリアしよう
mst.mission.2212914._detail,ライブを60回クリアしよう
mst.mission.2212915._title,ライブを70回クリアしよう
mst.mission.2212915._detail,ライブを70回クリアしよう
mst.mission.2212916._title,ライブを80回クリアしよう
mst.mission.2212916._detail,ライブを80回クリアしよう
mst.mission.2212917._title,ライブを90回クリアしよう
mst.mission.2212917._detail,ライブを90回クリアしよう
mst.mission.2212918._title,ライブを100回クリアしよう
mst.mission.2212918._detail,ライブを100回クリアしよう
mst.mission.2212919._title,ライブを125回クリアしよう
mst.mission.2212919._detail,ライブを125回クリアしよう
mst.mission.2212920._title,ライブを150回クリアしよう
mst.mission.2212920._detail,ライブを150回クリアしよう
mst.mission.2212921._title,ライブを200回クリアしよう
mst.mission.2212921._detail,ライブを200回クリアしよう
mst.mission.2212922._title,ライブを250回クリアしよう
mst.mission.2212922._detail,ライブを250回クリアしよう
mst.mission.2212923._title,ライブを300回クリアしよう
mst.mission.2212923._detail,ライブを300回クリアしよう
mst.mission.2212924._title,ライブを350回クリアしよう
mst.mission.2212924._detail,ライブを350回クリアしよう
mst.mission.2212925._title,ライブを400回クリアしよう
mst.mission.2212925._detail,ライブを400回クリアしよう
mst.mission.2212926._title,ライブを450回クリアしよう
mst.mission.2212926._detail,ライブを450回クリアしよう
mst.mission.2212927._title,ライブを500回クリアしよう
mst.mission.2212927._detail,ライブを500回クリアしよう
mst.mission.2212928._title,イベント曲をフルコンボしよう
mst.mission.2212928._detail,イベント曲をフルコンボしよう
mst.mission.2212929._title,楽曲『baby maybe 恋のボタン』の難易度NORMAL以上でスコア50000を達成しよう
mst.mission.2212929._detail,楽曲『baby maybe 恋のボタン』の難易度NORMAL以上でスコア50000を達成しよう
mst.mission.2212930._title,楽曲『baby maybe 恋のボタン』の難易度HARD以上でスコア200000を達成しよう
mst.mission.2212930._detail,楽曲『baby maybe 恋のボタン』の難易度HARD以上でスコア200000を達成しよう
mst.mission.2212931._title,楽曲『baby maybe 恋のボタン』の難易度EXPERT以上でスコア300000を達成しよう
mst.mission.2212931._detail,楽曲『baby maybe 恋のボタン』の難易度EXPERT以上でスコア300000を達成しよう
mst.mission.2212932._title,アプリにログインしよう　※非表示
mst.mission.2212932._detail,アプリにログインしよう　※非表示
mst.mission.2212933._title,イベントptを5000pt集めよう　※非表示
mst.mission.2212933._detail,イベントptを5000pt集めよう　※非表示
mst.mission.2212934._title,イベントptを12000pt集めよう　※非表示
mst.mission.2212934._detail,イベントptを12000pt集めよう　※非表示
mst.mission.2212935._title,イベントptを20000pt集めよう　※非表示
mst.mission.2212935._detail,イベントptを20000pt集めよう　※非表示
mst.mission.2212936._title,イベントptを30000pt集めよう　※非表示
mst.mission.2212936._detail,イベントptを30000pt集めよう　※非表示
mst.mission.2713001._title,イベントptを100pt集めよう
mst.mission.2713001._detail,イベントptを100pt集めよう
mst.mission.2713002._title,イベントptを4000pt集めよう
mst.mission.2713002._detail,イベントptを4000pt集めよう
mst.mission.2713003._title,イベントptを8000pt集めよう
mst.mission.2713003._detail,イベントptを8000pt集めよう
mst.mission.2613004._title,難易度NORMAL以上でライブをフルコンボしよう
mst.mission.2613004._detail,難易度NORMAL以上でライブをフルコンボしよう
mst.mission.2613005._title,難易度NORMAL以上でライブを3回フルコンボしよう
mst.mission.2613005._detail,難易度NORMAL以上でライブを3回フルコンボしよう
mst.mission.2613006._title,難易度NORMAL以上でライブを5回フルコンボしよう
mst.mission.2613006._detail,難易度NORMAL以上でライブを5回フルコンボしよう
mst.mission.2613007._title,ライブでスコア50000以上でクリアしよう
mst.mission.2613007._detail,ライブでスコア50000以上でクリアしよう
mst.mission.2613008._title,ライブでスコア100000以上でクリアしよう
mst.mission.2613008._detail,ライブでスコア100000以上でクリアしよう
mst.mission.2613009._title,ライブでスコア150000以上でクリアしよう
mst.mission.2613009._detail,ライブでスコア150000以上でクリアしよう
mst.mission.2613010._title,おまかせ選曲で選んだ楽曲を3回プレイしよう
mst.mission.2613010._detail,おまかせ選曲で選んだ楽曲を3回プレイしよう
mst.mission.2613011._title,おまかせ選曲で選んだ楽曲を5回プレイしよう
mst.mission.2613011._detail,おまかせ選曲で選んだ楽曲を5回プレイしよう
mst.mission.2613012._title,おまかせ選曲で選んだ楽曲を10回プレイしよう
mst.mission.2613012._detail,おまかせ選曲で選んだ楽曲を10回プレイしよう
mst.mission.2513101._title,イベントptを800pt集めよう
mst.mission.2513101._detail,イベントptを800pt集めよう
mst.mission.2513102._title,イベントptを1500pt集めよう
mst.mission.2513102._detail,イベントptを1500pt集めよう
mst.mission.2513103._title,イベントptを7500pt集めよう
mst.mission.2513103._detail,イベントptを7500pt集めよう
mst.mission.2513104._title,イベントptを15000pt集めよう
mst.mission.2513104._detail,イベントptを15000pt集めよう
mst.mission.2513105._title,イベントptを100pt集めよう
mst.mission.2513105._detail,イベントptを100pt集めよう
mst.mission.2513106._title,イベントptを150pt集めよう
mst.mission.2513106._detail,イベントptを150pt集めよう
mst.mission.2513107._title,イベントptを2500pt集めよう
mst.mission.2513107._detail,イベントptを2500pt集めよう
mst.mission.2413108._title,おたすけメンバーとして7回きょうりょくライブをクリアしよう
mst.mission.2413108._detail,おたすけメンバーとして7回きょうりょくライブをクリアしよう
mst.mission.2413109._title,おたすけメンバーとして10回きょうりょくライブをクリアしよう
mst.mission.2413109._detail,おたすけメンバーとして10回きょうりょくライブをクリアしよう
mst.mission.2413110._title,おたすけメンバーとして20回きょうりょくライブをクリアしよう
mst.mission.2413110._detail,おたすけメンバーとして20回きょうりょくライブをクリアしよう
mst.mission.2413111._title,おたすけメンバーとして30回きょうりょくライブをクリアしよう
mst.mission.2413111._detail,おたすけメンバーとして30回きょうりょくライブをクリアしよう
mst.mission.2413112._title,ライブを10回クリアしよう
mst.mission.2413112._detail,ライブを10回クリアしよう
mst.mission.2413113._title,ライブを20回クリアしよう
mst.mission.2413113._detail,ライブを20回クリアしよう
mst.mission.2413114._title,ライブを30回クリアしよう
mst.mission.2413114._detail,ライブを30回クリアしよう
mst.mission.2413115._title,ライブを40回クリアしよう
mst.mission.2413115._detail,ライブを40回クリアしよう
mst.mission.2413116._title,ライブを50回クリアしよう
mst.mission.2413116._detail,ライブを50回クリアしよう
mst.mission.2413117._title,ライブを60回クリアしよう
mst.mission.2413117._detail,ライブを60回クリアしよう
mst.mission.2413118._title,ライブを70回クリアしよう
mst.mission.2413118._detail,ライブを70回クリアしよう
mst.mission.2413119._title,ライブを80回クリアしよう
mst.mission.2413119._detail,ライブを80回クリアしよう
mst.mission.2413120._title,ライブを90回クリアしよう
mst.mission.2413120._detail,ライブを90回クリアしよう
mst.mission.2413121._title,ライブを100回クリアしよう
mst.mission.2413121._detail,ライブを100回クリアしよう
mst.mission.2413122._title,きょうりょくライブで3位以上を5回取ろう
mst.mission.2413122._detail,きょうりょくライブで3位以上を5回取ろう
mst.mission.2413123._title,きょうりょくライブで2位以上を3回取ろう
mst.mission.2413123._detail,きょうりょくライブで2位以上を3回取ろう
mst.mission.2413124._title,きょうりょくライブで1位以上を取ろう
mst.mission.2413124._detail,きょうりょくライブで1位以上を取ろう
mst.mission.2413125._title,マッチング人数4人以上できょうりょくライブをクリアしよう
mst.mission.2413125._detail,マッチング人数4人以上できょうりょくライブをクリアしよう
mst.mission.2413126._title,マッチング人数4人以上できょうりょくライブを3回クリアしよう
mst.mission.2413126._detail,マッチング人数4人以上できょうりょくライブを3回クリアしよう
mst.mission.2413127._title,マッチング人数4人以上できょうりょくライブを5回クリアしよう
mst.mission.2413127._detail,マッチング人数4人以上できょうりょくライブを5回クリアしよう
mst.mission.2413128._title,マッチング人数4人以上できょうりょくライブを10回クリアしよう
mst.mission.2413128._detail,マッチング人数4人以上できょうりょくライブを10回クリアしよう
mst.mission.2413129._title,マッチング人数4人以上できょうりょくライブを20回クリアしよう
mst.mission.2413129._detail,マッチング人数4人以上できょうりょくライブを20回クリアしよう
mst.mission.2413130._title,マッチング人数4人以上できょうりょくライブを30回クリアしよう
mst.mission.2413130._detail,マッチング人数4人以上できょうりょくライブを30回クリアしよう
mst.mission.2713201._title,イベントptを100pt集めよう
mst.mission.2713201._detail,イベントptを100pt集めよう
mst.mission.2713202._title,イベントptを4000pt集めよう
mst.mission.2713202._detail,イベントptを4000pt集めよう
mst.mission.2713203._title,イベントptを8000pt集めよう
mst.mission.2713203._detail,イベントptを8000pt集めよう
mst.mission.2613204._title,難易度NORMAL以上でライブをフルコンボしよう
mst.mission.2613204._detail,難易度NORMAL以上でライブをフルコンボしよう
mst.mission.2613205._title,難易度NORMAL以上でライブを3回フルコンボしよう
mst.mission.2613205._detail,難易度NORMAL以上でライブを3回フルコンボしよう
mst.mission.2613206._title,難易度NORMAL以上でライブを5回フルコンボしよう
mst.mission.2613206._detail,難易度NORMAL以上でライブを5回フルコンボしよう
mst.mission.2613207._title,ライブでスコア50000以上でクリアしよう
mst.mission.2613207._detail,ライブでスコア50000以上でクリアしよう
mst.mission.2613208._title,ライブでスコア100000以上でクリアしよう
mst.mission.2613208._detail,ライブでスコア100000以上でクリアしよう
mst.mission.2613209._title,ライブでスコア150000以上でクリアしよう
mst.mission.2613209._detail,ライブでスコア150000以上でクリアしよう
mst.mission.2613210._title,おまかせ選曲で選んだ楽曲を3回プレイしよう
mst.mission.2613210._detail,おまかせ選曲で選んだ楽曲を3回プレイしよう
mst.mission.2613211._title,おまかせ選曲で選んだ楽曲を5回プレイしよう
mst.mission.2613211._detail,おまかせ選曲で選んだ楽曲を5回プレイしよう
mst.mission.2613212._title,おまかせ選曲で選んだ楽曲を10回プレイしよう
mst.mission.2613212._detail,おまかせ選曲で選んだ楽曲を10回プレイしよう
mst.mission.2313301._title,イベントptを100pt集めよう
mst.mission.2313301._detail,イベントptを100pt集めよう
mst.mission.2313302._title,イベントptを200pt集めよう
mst.mission.2313302._detail,イベントptを200pt集めよう
mst.mission.2313303._title,イベントptを1000pt集めよう
mst.mission.2313303._detail,イベントptを1000pt集めよう
mst.mission.2313304._title,イベントptを5000pt集めよう
mst.mission.2313304._detail,イベントptを5000pt集めよう
mst.mission.2313305._title,イベントptを10000pt集めよう
mst.mission.2313305._detail,イベントptを10000pt集めよう
mst.mission.2313306._title,ラブライブ！サンシャイン!!の楽曲をクリアしよう
mst.mission.2313306._detail,ラブライブ！サンシャイン!!の楽曲をクリアしよう
mst.mission.2313307._title,ラブライブ！サンシャイン!!の楽曲を3回クリアしよう
mst.mission.2313307._detail,ラブライブ！サンシャイン!!の楽曲を3回クリアしよう
mst.mission.2313308._title,ラブライブ！サンシャイン!!の楽曲を5回クリアしよう
mst.mission.2313308._detail,ラブライブ！サンシャイン!!の楽曲を5回クリアしよう
mst.mission.2213309._title,ライブを10回クリアしよう
mst.mission.2213309._detail,ライブを10回クリアしよう
mst.mission.2213310._title,ライブを20回クリアしよう
mst.mission.2213310._detail,ライブを20回クリアしよう
mst.mission.2213311._title,ライブを30回クリアしよう
mst.mission.2213311._detail,ライブを30回クリアしよう
mst.mission.2213312._title,ライブを40回クリアしよう
mst.mission.2213312._detail,ライブを40回クリアしよう
mst.mission.2213313._title,ライブを50回クリアしよう
mst.mission.2213313._detail,ライブを50回クリアしよう
mst.mission.2213314._title,ライブを60回クリアしよう
mst.mission.2213314._detail,ライブを60回クリアしよう
mst.mission.2213315._title,ライブを70回クリアしよう
mst.mission.2213315._detail,ライブを70回クリアしよう
mst.mission.2213316._title,ライブを80回クリアしよう
mst.mission.2213316._detail,ライブを80回クリアしよう
mst.mission.2213317._title,ライブを90回クリアしよう
mst.mission.2213317._detail,ライブを90回クリアしよう
mst.mission.2213318._title,ライブを100回クリアしよう
mst.mission.2213318._detail,ライブを100回クリアしよう
mst.mission.2213319._title,ライブを125回クリアしよう
mst.mission.2213319._detail,ライブを125回クリアしよう
mst.mission.2213320._title,ライブを150回クリアしよう
mst.mission.2213320._detail,ライブを150回クリアしよう
mst.mission.2213321._title,ライブを200回クリアしよう
mst.mission.2213321._detail,ライブを200回クリアしよう
mst.mission.2213322._title,ライブを250回クリアしよう
mst.mission.2213322._detail,ライブを250回クリアしよう
mst.mission.2213323._title,ライブを300回クリアしよう
mst.mission.2213323._detail,ライブを300回クリアしよう
mst.mission.2213324._title,ライブを350回クリアしよう
mst.mission.2213324._detail,ライブを350回クリアしよう
mst.mission.2213325._title,ライブを400回クリアしよう
mst.mission.2213325._detail,ライブを400回クリアしよう
mst.mission.2213326._title,ライブを450回クリアしよう
mst.mission.2213326._detail,ライブを450回クリアしよう
mst.mission.2213327._title,ライブを500回クリアしよう
mst.mission.2213327._detail,ライブを500回クリアしよう
mst.mission.2213328._title,イベント曲をフルコンボしよう
mst.mission.2213328._detail,イベント曲をフルコンボしよう
mst.mission.2213329._title,楽曲『青空Jumping Heart』の難易度NORMAL以上でスコア50000を達成しよう
mst.mission.2213329._detail,楽曲『青空Jumping Heart』の難易度NORMAL以上でスコア50000を達成しよう
mst.mission.2213330._title,楽曲『青空Jumping Heart』の難易度HARD以上でスコア200000を達成しよう
mst.mission.2213330._detail,楽曲『青空Jumping Heart』の難易度HARD以上でスコア200000を達成しよう
mst.mission.2213331._title,楽曲『青空Jumping Heart』の難易度EXPERT以上でスコア300000を達成しよう
mst.mission.2213331._detail,楽曲『青空Jumping Heart』の難易度EXPERT以上でスコア300000を達成しよう
mst.mission.2213332._title,アプリにログインしよう　※非表示
mst.mission.2213332._detail,アプリにログインしよう　※非表示
mst.mission.2213333._title,イベントptを5000pt集めよう　※非表示
mst.mission.2213333._detail,イベントptを5000pt集めよう　※非表示
mst.mission.2213334._title,イベントptを12000pt集めよう　※非表示
mst.mission.2213334._detail,イベントptを12000pt集めよう　※非表示
mst.mission.2213335._title,イベントptを20000pt集めよう　※非表示
mst.mission.2213335._detail,イベントptを20000pt集めよう　※非表示
mst.mission.2213336._title,イベントptを30000pt集めよう　※非表示
mst.mission.2213336._detail,イベントptを30000pt集めよう　※非表示
mst.mission.2713401._title,イベントptを100pt集めよう
mst.mission.2713401._detail,イベントptを100pt集めよう
mst.mission.2713402._title,イベントptを4000pt集めよう
mst.mission.2713402._detail,イベントptを4000pt集めよう
mst.mission.2713403._title,イベントptを8000pt集めよう
mst.mission.2713403._detail,イベントptを8000pt集めよう
mst.mission.2613404._title,難易度NORMAL以上でライブをフルコンボしよう
mst.mission.2613404._detail,難易度NORMAL以上でライブをフルコンボしよう
mst.mission.2613405._title,難易度NORMAL以上でライブを3回フルコンボしよう
mst.mission.2613405._detail,難易度NORMAL以上でライブを3回フルコンボしよう
mst.mission.2613406._title,難易度NORMAL以上でライブを5回フルコンボしよう
mst.mission.2613406._detail,難易度NORMAL以上でライブを5回フルコンボしよう
mst.mission.2613407._title,ライブでスコア50000以上でクリアしよう
mst.mission.2613407._detail,ライブでスコア50000以上でクリアしよう
mst.mission.2613408._title,ライブでスコア100000以上でクリアしよう
mst.mission.2613408._detail,ライブでスコア100000以上でクリアしよう
mst.mission.2613409._title,ライブでスコア150000以上でクリアしよう
mst.mission.2613409._detail,ライブでスコア150000以上でクリアしよう
mst.mission.2613410._title,おまかせ選曲で選んだ楽曲を3回プレイしよう
mst.mission.2613410._detail,おまかせ選曲で選んだ楽曲を3回プレイしよう
mst.mission.2613411._title,おまかせ選曲で選んだ楽曲を5回プレイしよう
mst.mission.2613411._detail,おまかせ選曲で選んだ楽曲を5回プレイしよう
mst.mission.2613412._title,おまかせ選曲で選んだ楽曲を10回プレイしよう
mst.mission.2613412._detail,おまかせ選曲で選んだ楽曲を10回プレイしよう
mst.mission.3713501._title,イベントptを10pt集めよう
mst.mission.3713501._detail,イベントptを10pt集めよう
mst.mission.3713502._title,イベントptを20pt集めよう
mst.mission.3713502._detail,イベントptを20pt集めよう
mst.mission.3713503._title,イベントptを100pt集めよう
mst.mission.3713503._detail,イベントptを100pt集めよう
mst.mission.3713504._title,イベントptを500pt集めよう
mst.mission.3713504._detail,イベントptを500pt集めよう
mst.mission.3713505._title,イベントptを1000pt集めよう
mst.mission.3713505._detail,イベントptを1000pt集めよう
mst.mission.3713506._title,ライブをクリアしよう
mst.mission.3713506._detail,ライブをクリアしよう
mst.mission.3713507._title,ライブを3回クリアしよう
mst.mission.3713507._detail,ライブを3回クリアしよう
mst.mission.3713508._title,ライブを5回クリアしよう
mst.mission.3713508._detail,ライブを5回クリアしよう
mst.mission.3713509._title,ライブを10回クリアしよう
mst.mission.3713509._detail,ライブを10回クリアしよう
mst.mission.3713510._title,スターチャレンジイベントTOPからシェアしよう
mst.mission.3713510._detail,スターチャレンジイベントTOPからシェアしよう
mst.mission.3613511._title,ライブを10回クリアしよう
mst.mission.3613511._detail,ライブを10回クリアしよう
mst.mission.3613512._title,ライブを20回クリアしよう
mst.mission.3613512._detail,ライブを20回クリアしよう
mst.mission.3613513._title,ライブを30回クリアしよう
mst.mission.3613513._detail,ライブを30回クリアしよう
mst.mission.3613514._title,ライブを40回クリアしよう
mst.mission.3613514._detail,ライブを40回クリアしよう
mst.mission.3613515._title,ライブを50回クリアしよう
mst.mission.3613515._detail,ライブを50回クリアしよう
mst.mission.3613516._title,ライブを60回クリアしよう
mst.mission.3613516._detail,ライブを60回クリアしよう
mst.mission.3613517._title,ライブを70回クリアしよう
mst.mission.3613517._detail,ライブを70回クリアしよう
mst.mission.3613518._title,ライブを80回クリアしよう
mst.mission.3613518._detail,ライブを80回クリアしよう
mst.mission.3613519._title,ライブを90回クリアしよう
mst.mission.3613519._detail,ライブを90回クリアしよう
mst.mission.3613520._title,ライブを100回クリアしよう
mst.mission.3613520._detail,ライブを100回クリアしよう
mst.mission.2713601._title,イベントptを100pt集めよう
mst.mission.2713601._detail,イベントptを100pt集めよう
mst.mission.2713602._title,イベントptを4000pt集めよう
mst.mission.2713602._detail,イベントptを4000pt集めよう
mst.mission.2713603._title,イベントptを8000pt集めよう
mst.mission.2713603._detail,イベントptを8000pt集めよう
mst.mission.2613604._title,難易度NORMAL以上でライブをフルコンボしよう
mst.mission.2613604._detail,難易度NORMAL以上でライブをフルコンボしよう
mst.mission.2613605._title,難易度NORMAL以上でライブを3回フルコンボしよう
mst.mission.2613605._detail,難易度NORMAL以上でライブを3回フルコンボしよう
mst.mission.2613606._title,難易度NORMAL以上でライブを5回フルコンボしよう
mst.mission.2613606._detail,難易度NORMAL以上でライブを5回フルコンボしよう
mst.mission.2613607._title,ライブでスコア50000以上でクリアしよう
mst.mission.2613607._detail,ライブでスコア50000以上でクリアしよう
mst.mission.2613608._title,ライブでスコア100000以上でクリアしよう
mst.mission.2613608._detail,ライブでスコア100000以上でクリアしよう
mst.mission.2613609._title,ライブでスコア150000以上でクリアしよう
mst.mission.2613609._detail,ライブでスコア150000以上でクリアしよう
mst.mission.2613610._title,おまかせ選曲で選んだ楽曲を3回プレイしよう
mst.mission.2613610._detail,おまかせ選曲で選んだ楽曲を3回プレイしよう
mst.mission.2613611._title,おまかせ選曲で選んだ楽曲を5回プレイしよう
mst.mission.2613611._detail,おまかせ選曲で選んだ楽曲を5回プレイしよう
mst.mission.2613612._title,おまかせ選曲で選んだ楽曲を10回プレイしよう
mst.mission.2613612._detail,おまかせ選曲で選んだ楽曲を10回プレイしよう
mst.mission.2313701._title,イベントptを100pt集めよう
mst.mission.2313701._detail,イベントptを100pt集めよう
mst.mission.2313702._title,イベントptを200pt集めよう
mst.mission.2313702._detail,イベントptを200pt集めよう
mst.mission.2313703._title,イベントptを1000pt集めよう
mst.mission.2313703._detail,イベントptを1000pt集めよう
mst.mission.2313704._title,イベントptを5000pt集めよう
mst.mission.2313704._detail,イベントptを5000pt集めよう
mst.mission.2313705._title,イベントptを10000pt集めよう
mst.mission.2313705._detail,イベントptを10000pt集めよう
mst.mission.2313706._title,ラブライブ！虹ヶ咲学園スクールアイドル同好会の楽曲をクリアしよう
mst.mission.2313706._detail,ラブライブ！虹ヶ咲学園スクールアイドル同好会の楽曲をクリアしよう
mst.mission.2313707._title,ラブライブ！虹ヶ咲学園スクールアイドル同好会の楽曲を3回クリアしよう
mst.mission.2313707._detail,ラブライブ！虹ヶ咲学園スクールアイドル同好会の楽曲を3回クリアしよう
mst.mission.2313708._title,ラブライブ！虹ヶ咲学園スクールアイドル同好会の楽曲を5回クリアしよう
mst.mission.2313708._detail,ラブライブ！虹ヶ咲学園スクールアイドル同好会の楽曲を5回クリアしよう
mst.mission.2213709._title,ライブを10回クリアしよう
mst.mission.2213709._detail,ライブを10回クリアしよう
mst.mission.2213710._title,ライブを20回クリアしよう
mst.mission.2213710._detail,ライブを20回クリアしよう
mst.mission.2213711._title,ライブを30回クリアしよう
mst.mission.2213711._detail,ライブを30回クリアしよう
mst.mission.2213712._title,ライブを40回クリアしよう
mst.mission.2213712._detail,ライブを40回クリアしよう
mst.mission.2213713._title,ライブを50回クリアしよう
mst.mission.2213713._detail,ライブを50回クリアしよう
mst.mission.2213714._title,ライブを60回クリアしよう
mst.mission.2213714._detail,ライブを60回クリアしよう
mst.mission.2213715._title,ライブを70回クリアしよう
mst.mission.2213715._detail,ライブを70回クリアしよう
mst.mission.2213716._title,ライブを80回クリアしよう
mst.mission.2213716._detail,ライブを80回クリアしよう
mst.mission.2213717._title,ライブを90回クリアしよう
mst.mission.2213717._detail,ライブを90回クリアしよう
mst.mission.2213718._title,ライブを100回クリアしよう
mst.mission.2213718._detail,ライブを100回クリアしよう
mst.mission.2213719._title,ライブを125回クリアしよう
mst.mission.2213719._detail,ライブを125回クリアしよう
mst.mission.2213720._title,ライブを150回クリアしよう
mst.mission.2213720._detail,ライブを150回クリアしよう
mst.mission.2213721._title,ライブを200回クリアしよう
mst.mission.2213721._detail,ライブを200回クリアしよう
mst.mission.2213722._title,ライブを250回クリアしよう
mst.mission.2213722._detail,ライブを250回クリアしよう
mst.mission.2213723._title,ライブを300回クリアしよう
mst.mission.2213723._detail,ライブを300回クリアしよう
mst.mission.2213724._title,ライブを350回クリアしよう
mst.mission.2213724._detail,ライブを350回クリアしよう
mst.mission.2213725._title,ライブを400回クリアしよう
mst.mission.2213725._detail,ライブを400回クリアしよう
mst.mission.2213726._title,ライブを450回クリアしよう
mst.mission.2213726._detail,ライブを450回クリアしよう
mst.mission.2213727._title,ライブを500回クリアしよう
mst.mission.2213727._detail,ライブを500回クリアしよう
mst.mission.2213728._title,イベント曲をフルコンボしよう
mst.mission.2213728._detail,イベント曲をフルコンボしよう
mst.mission.2213729._title,楽曲『TOKIMEKI Runners』の難易度NORMAL以上でスコア50000を達成しよう
mst.mission.2213729._detail,楽曲『TOKIMEKI Runners』の難易度NORMAL以上でスコア50000を達成しよう
mst.mission.2213730._title,楽曲『TOKIMEKI Runners』の難易度HARD以上でスコア200000を達成しよう
mst.mission.2213730._detail,楽曲『TOKIMEKI Runners』の難易度HARD以上でスコア200000を達成しよう
mst.mission.2213731._title,楽曲『TOKIMEKI Runners』の難易度EXPERT以上でスコア300000を達成しよう
mst.mission.2213731._detail,楽曲『TOKIMEKI Runners』の難易度EXPERT以上でスコア300000を達成しよう
mst.mission.2213732._title,アプリにログインしよう　※非表示
mst.mission.2213732._detail,アプリにログインしよう　※非表示
mst.mission.2213733._title,イベントptを5000pt集めよう　※非表示
mst.mission.2213733._detail,イベントptを5000pt集めよう　※非表示
mst.mission.2213734._title,イベントptを12000pt集めよう　※非表示
mst.mission.2213734._detail,イベントptを12000pt集めよう　※非表示
mst.mission.2213735._title,イベントptを20000pt集めよう　※非表示
mst.mission.2213735._detail,イベントptを20000pt集めよう　※非表示
mst.mission.2213736._title,イベントptを30000pt集めよう　※非表示
mst.mission.2213736._detail,イベントptを30000pt集めよう　※非表示
mst.mission.2713801._title,イベントptを100pt集めよう
mst.mission.2713801._detail,イベントptを100pt集めよう
mst.mission.2713802._title,イベントptを4000pt集めよう
mst.mission.2713802._detail,イベントptを4000pt集めよう
mst.mission.2713803._title,イベントptを8000pt集めよう
mst.mission.2713803._detail,イベントptを8000pt集めよう
mst.mission.2613804._title,難易度NORMAL以上でライブをフルコンボしよう
mst.mission.2613804._detail,難易度NORMAL以上でライブをフルコンボしよう
mst.mission.2613805._title,難易度NORMAL以上でライブを3回フルコンボしよう
mst.mission.2613805._detail,難易度NORMAL以上でライブを3回フルコンボしよう
mst.mission.2613806._title,難易度NORMAL以上でライブを5回フルコンボしよう
mst.mission.2613806._detail,難易度NORMAL以上でライブを5回フルコンボしよう
mst.mission.2613807._title,ライブでスコア50000以上でクリアしよう
mst.mission.2613807._detail,ライブでスコア50000以上でクリアしよう
mst.mission.2613808._title,ライブでスコア100000以上でクリアしよう
mst.mission.2613808._detail,ライブでスコア100000以上でクリアしよう
mst.mission.2613809._title,ライブでスコア150000以上でクリアしよう
mst.mission.2613809._detail,ライブでスコア150000以上でクリアしよう
mst.mission.2613810._title,おまかせ選曲で選んだ楽曲を3回プレイしよう
mst.mission.2613810._detail,おまかせ選曲で選んだ楽曲を3回プレイしよう
mst.mission.2613811._title,おまかせ選曲で選んだ楽曲を5回プレイしよう
mst.mission.2613811._detail,おまかせ選曲で選んだ楽曲を5回プレイしよう
mst.mission.2613812._title,おまかせ選曲で選んだ楽曲を10回プレイしよう
mst.mission.2613812._detail,おまかせ選曲で選んだ楽曲を10回プレイしよう
mst.mission.3713901._title,イベントptを10pt集めよう
mst.mission.3713901._detail,イベントptを10pt集めよう
mst.mission.3713902._title,イベントptを20pt集めよう
mst.mission.3713902._detail,イベントptを20pt集めよう
mst.mission.3713903._title,イベントptを100pt集めよう
mst.mission.3713903._detail,イベントptを100pt集めよう
mst.mission.3713904._title,イベントptを500pt集めよう
mst.mission.3713904._detail,イベントptを500pt集めよう
mst.mission.3713905._title,イベントptを1000pt集めよう
mst.mission.3713905._detail,イベントptを1000pt集めよう
mst.mission.3713906._title,ライブをクリアしよう
mst.mission.3713906._detail,ライブをクリアしよう
mst.mission.3713907._title,ライブを3回クリアしよう
mst.mission.3713907._detail,ライブを3回クリアしよう
mst.mission.3713908._title,ライブを5回クリアしよう
mst.mission.3713908._detail,ライブを5回クリアしよう
mst.mission.3713909._title,ライブを10回クリアしよう
mst.mission.3713909._detail,ライブを10回クリアしよう
mst.mission.3713910._title,スターチャレンジイベントTOPからシェアしよう
mst.mission.3713910._detail,スターチャレンジイベントTOPからシェアしよう
mst.mission.3613911._title,ライブを10回クリアしよう
mst.mission.3613911._detail,ライブを10回クリアしよう
mst.mission.3613912._title,ライブを20回クリアしよう
mst.mission.3613912._detail,ライブを20回クリアしよう
mst.mission.3613913._title,ライブを30回クリアしよう
mst.mission.3613913._detail,ライブを30回クリアしよう
mst.mission.3613914._title,ライブを40回クリアしよう
mst.mission.3613914._detail,ライブを40回クリアしよう
mst.mission.3613915._title,ライブを50回クリアしよう
mst.mission.3613915._detail,ライブを50回クリアしよう
mst.mission.3613916._title,ライブを60回クリアしよう
mst.mission.3613916._detail,ライブを60回クリアしよう
mst.mission.3613917._title,ライブを70回クリアしよう
mst.mission.3613917._detail,ライブを70回クリアしよう
mst.mission.3613918._title,ライブを80回クリアしよう
mst.mission.3613918._detail,ライブを80回クリアしよう
mst.mission.3613919._title,ライブを90回クリアしよう
mst.mission.3613919._detail,ライブを90回クリアしよう
mst.mission.3613920._title,ライブを100回クリアしよう
mst.mission.3613920._detail,ライブを100回クリアしよう
mst.mission.2714001._title,イベントptを100pt集めよう
mst.mission.2714001._detail,イベントptを100pt集めよう
mst.mission.2714002._title,イベントptを4000pt集めよう
mst.mission.2714002._detail,イベントptを4000pt集めよう
mst.mission.2714003._title,イベントptを8000pt集めよう
mst.mission.2714003._detail,イベントptを8000pt集めよう
mst.mission.2614004._title,難易度NORMAL以上でライブをフルコンボしよう
mst.mission.2614004._detail,難易度NORMAL以上でライブをフルコンボしよう
mst.mission.2614005._title,難易度NORMAL以上でライブを3回フルコンボしよう
mst.mission.2614005._detail,難易度NORMAL以上でライブを3回フルコンボしよう
mst.mission.2614006._title,難易度NORMAL以上でライブを5回フルコンボしよう
mst.mission.2614006._detail,難易度NORMAL以上でライブを5回フルコンボしよう
mst.mission.2614007._title,ライブでスコア50000以上でクリアしよう
mst.mission.2614007._detail,ライブでスコア50000以上でクリアしよう
mst.mission.2614008._title,ライブでスコア100000以上でクリアしよう
mst.mission.2614008._detail,ライブでスコア100000以上でクリアしよう
mst.mission.2614009._title,ライブでスコア150000以上でクリアしよう
mst.mission.2614009._detail,ライブでスコア150000以上でクリアしよう
mst.mission.2614010._title,おまかせ選曲で選んだ楽曲を3回プレイしよう
mst.mission.2614010._detail,おまかせ選曲で選んだ楽曲を3回プレイしよう
mst.mission.2614011._title,おまかせ選曲で選んだ楽曲を5回プレイしよう
mst.mission.2614011._detail,おまかせ選曲で選んだ楽曲を5回プレイしよう
mst.mission.2614012._title,おまかせ選曲で選んだ楽曲を10回プレイしよう
mst.mission.2614012._detail,おまかせ選曲で選んだ楽曲を10回プレイしよう
mst.mission.2314101._title,イベントptを100pt集めよう
mst.mission.2314101._detail,イベントptを100pt集めよう
mst.mission.2314102._title,イベントptを200pt集めよう
mst.mission.2314102._detail,イベントptを200pt集めよう
mst.mission.2314103._title,イベントptを1000pt集めよう
mst.mission.2314103._detail,イベントptを1000pt集めよう
mst.mission.2314104._title,イベントptを5000pt集めよう
mst.mission.2314104._detail,イベントptを5000pt集めよう
mst.mission.2314105._title,イベントptを10000pt集めよう
mst.mission.2314105._detail,イベントptを10000pt集めよう
mst.mission.2314106._title,ラブライブ！スーパースター!!の楽曲をクリアしよう
mst.mission.2314106._detail,ラブライブ！スーパースター!!の楽曲をクリアしよう
mst.mission.2314107._title,ラブライブ！スーパースター!!の楽曲を3回クリアしよう
mst.mission.2314107._detail,ラブライブ！スーパースター!!の楽曲を3回クリアしよう
mst.mission.2314108._title,ラブライブ！スーパースター!!の楽曲を5回クリアしよう
mst.mission.2314108._detail,ラブライブ！スーパースター!!の楽曲を5回クリアしよう
mst.mission.2214109._title,ライブを10回クリアしよう
mst.mission.2214109._detail,ライブを10回クリアしよう
mst.mission.2214110._title,ライブを20回クリアしよう
mst.mission.2214110._detail,ライブを20回クリアしよう
mst.mission.2214111._title,ライブを30回クリアしよう
mst.mission.2214111._detail,ライブを30回クリアしよう
mst.mission.2214112._title,ライブを40回クリアしよう
mst.mission.2214112._detail,ライブを40回クリアしよう
mst.mission.2214113._title,ライブを50回クリアしよう
mst.mission.2214113._detail,ライブを50回クリアしよう
mst.mission.2214114._title,ライブを60回クリアしよう
mst.mission.2214114._detail,ライブを60回クリアしよう
mst.mission.2214115._title,ライブを70回クリアしよう
mst.mission.2214115._detail,ライブを70回クリアしよう
mst.mission.2214116._title,ライブを80回クリアしよう
mst.mission.2214116._detail,ライブを80回クリアしよう
mst.mission.2214117._title,ライブを90回クリアしよう
mst.mission.2214117._detail,ライブを90回クリアしよう
mst.mission.2214118._title,ライブを100回クリアしよう
mst.mission.2214118._detail,ライブを100回クリアしよう
mst.mission.2214119._title,ライブを125回クリアしよう
mst.mission.2214119._detail,ライブを125回クリアしよう
mst.mission.2214120._title,ライブを150回クリアしよう
mst.mission.2214120._detail,ライブを150回クリアしよう
mst.mission.2214121._title,ライブを200回クリアしよう
mst.mission.2214121._detail,ライブを200回クリアしよう
mst.mission.2214122._title,ライブを250回クリアしよう
mst.mission.2214122._detail,ライブを250回クリアしよう
mst.mission.2214123._title,ライブを300回クリアしよう
mst.mission.2214123._detail,ライブを300回クリアしよう
mst.mission.2214124._title,ライブを350回クリアしよう
mst.mission.2214124._detail,ライブを350回クリアしよう
mst.mission.2214125._title,ライブを400回クリアしよう
mst.mission.2214125._detail,ライブを400回クリアしよう
mst.mission.2214126._title,ライブを450回クリアしよう
mst.mission.2214126._detail,ライブを450回クリアしよう
mst.mission.2214127._title,ライブを500回クリアしよう
mst.mission.2214127._detail,ライブを500回クリアしよう
mst.mission.2214128._title,イベント曲をフルコンボしよう
mst.mission.2214128._detail,イベント曲をフルコンボしよう
mst.mission.2214129._title,楽曲『ノンフィクション!!』の難易度NORMAL以上でスコア50000を達成しよう
mst.mission.2214129._detail,楽曲『ノンフィクション!!』の難易度NORMAL以上でスコア50000を達成しよう
mst.mission.2214130._title,楽曲『ノンフィクション!!』の難易度HARD以上でスコア200000を達成しよう
mst.mission.2214130._detail,楽曲『ノンフィクション!!』の難易度HARD以上でスコア200000を達成しよう
mst.mission.2214131._title,楽曲『ノンフィクション!!』の難易度EXPERT以上でスコア300000を達成しよう
mst.mission.2214131._detail,楽曲『ノンフィクション!!』の難易度EXPERT以上でスコア300000を達成しよう
mst.mission.2214132._title,アプリにログインしよう　※非表示
mst.mission.2214132._detail,アプリにログインしよう　※非表示
mst.mission.2214133._title,イベントptを5000pt集めよう　※非表示
mst.mission.2214133._detail,イベントptを5000pt集めよう　※非表示
mst.mission.2214134._title,イベントptを12000pt集めよう　※非表示
mst.mission.2214134._detail,イベントptを12000pt集めよう　※非表示
mst.mission.2214135._title,イベントptを20000pt集めよう　※非表示
mst.mission.2214135._detail,イベントptを20000pt集めよう　※非表示
mst.mission.2214136._title,イベントptを30000pt集めよう　※非表示
mst.mission.2214136._detail,イベントptを30000pt集めよう　※非表示
mst.mission.1653001._title,ログインしよう
mst.mission.1653001._detail,ログインしよう
mst.mission.1605001._title,ライブをクリアしよう
mst.mission.1605001._detail,ライブをクリアしよう
mst.mission.1662001._title,おまかせ選曲で選んだ楽曲をプレイしよう
mst.mission.1662001._detail,おまかせ選曲で選んだ楽曲をプレイしよう
mst.mission.1663001._title,アイテム勧誘をしよう
mst.mission.1663001._detail,勧誘をしよう
mst.mission.1660001._title,編成でいずれかの属性pの合計を27500以上にしよう
mst.mission.1660001._detail,編成で『N』属性pを合計27500以上にしよう
mst.mission.1614001._title,部員のレベルをアップしよう
mst.mission.1614001._detail,部員をレベル2以上にしよう
mst.mission.1666001._title,ライブオプションを設定しよう
mst.mission.1666001._detail,ライブオプションを設定しよう
mst.mission.1658001._title,いずれかの部員のキズナを10にしよう
mst.mission.1658001._detail,キズナを10以上にしよう
mst.mission.1661001._title,ホーム画面カスタムを編集しよう
mst.mission.1661001._detail,ホーム画面カスタムを編集しよう
mst.mission.1653002._title,2日間ログインしよう
mst.mission.1653002._detail,2日間ログインしよう
mst.mission.1605002._title,ライブを10回クリアしよう
mst.mission.1605002._detail,ライブを10回クリアしよう
mst.mission.1665001._title,おすすめリストを設定しよう
mst.mission.1665001._detail,おすすめリストを設定しよう
mst.mission.1664001._title,部員の特技レベルをアップしよう
mst.mission.1664001._detail,部員を特技レベル『N』以上にしよう
mst.mission.1658002._title,いずれかの部員のキズナを20にしよう
mst.mission.1658002._detail,キズナを20以上にしよう
mst.mission.1630001._title,ユニットに同一の属性を5人編成しよう
mst.mission.1630001._detail,『-』タイプが5人以上のデッキを作ろう
mst.mission.1606001._title,消費LPを2倍に設定しよう
mst.mission.1606001._detail,消費LPを2倍に設定しよう
mst.mission.1614002._title,3人の部員をレベル20以上にしよう
mst.mission.1614002._detail,3人の部員をレベル20以上にしよう
mst.mission.1663002._title,アイテム勧誘を2回しよう
mst.mission.1663002._detail,勧誘を20回しよう
mst.mission.1653003._title,3日間ログインしよう
mst.mission.1653003._detail,3日間ログインしよう
mst.mission.1605003._title,ライブを20回クリアしよう
mst.mission.1605003._detail,ライブを20回クリアしよう
mst.mission.1660002._title,編成でいずれかの属性pの合計を29000以上にしよう
mst.mission.1660002._detail,編成で『N』属性pを合計29000以上にしよう
mst.mission.1617001._title,部員を覚醒しよう
mst.mission.1617001._detail,いずれかのレアリティの部員を覚醒しよう
mst.mission.1658003._title,いずれかの部員のキズナを30にしよう
mst.mission.1658003._detail,キズナを30以上にしよう
mst.mission.1625001._title,アカウント引き継ぎ準備をしよう
mst.mission.1625001._detail,アカウント引き継ぎ準備をしよう
mst.mission.1614003._title,5人の部員をレベル30以上にしよう
mst.mission.1614003._detail,5人の部員をレベル30以上にしよう
mst.mission.1664002._title,3枚のカードを特技レベル2以上にしよう
mst.mission.1664002._detail,3人の部員を特技レベル『N』以上にしよう
mst.mission.1626001._title,公式Twitterアカウントをフォローしよう
mst.mission.1626001._detail,公式Twitterアカウントをフォローしよう
mst.mission.2900001._title,ライブを5回クリアしよう
mst.mission.2900001._detail,ライブを5回クリアしよう
mst.mission.2900002._title,ライブを10回クリアしよう
mst.mission.2900002._detail,ライブを10回クリアしよう
mst.mission.2900003._title,ライブを15回クリアしよう
mst.mission.2900003._detail,ライブを15回クリアしよう
mst.mission.2900004._title,ライブを20回クリアしよう
mst.mission.2900004._detail,ライブを20回クリアしよう
mst.mission.2900005._title,ライブを25回クリアしよう
mst.mission.2900005._detail,ライブを25回クリアしよう
mst.mission.2900006._title,ライブを30回クリアしよう
mst.mission.2900006._detail,ライブを30回クリアしよう
mst.mission.2900007._title,ライブを35回クリアしよう
mst.mission.2900007._detail,ライブを35回クリアしよう
mst.mission.2900008._title,ライブを40回クリアしよう
mst.mission.2900008._detail,ライブを40回クリアしよう
mst.mission.2900009._title,ライブを45回クリアしよう
mst.mission.2900009._detail,ライブを45回クリアしよう
mst.mission.2900010._title,ライブを50回クリアしよう
mst.mission.2900010._detail,ライブを50回クリアしよう
mst.mission.2900011._title,ライブを55回クリアしよう
mst.mission.2900011._detail,ライブを55回クリアしよう
mst.mission.2900012._title,ライブを60回クリアしよう
mst.mission.2900012._detail,ライブを60回クリアしよう
mst.mission.2900013._title,ライブを65回クリアしよう
mst.mission.2900013._detail,ライブを65回クリアしよう
mst.mission.2900014._title,ライブを70回クリアしよう
mst.mission.2900014._detail,ライブを70回クリアしよう
mst.mission.2900015._title,ライブを75回クリアしよう
mst.mission.2900015._detail,ライブを75回クリアしよう
mst.mission.2900016._title,ライブを80回クリアしよう
mst.mission.2900016._detail,ライブを80回クリアしよう
mst.mission.2900017._title,ライブを85回クリアしよう
mst.mission.2900017._detail,ライブを85回クリアしよう
mst.mission.2900018._title,ライブを90回クリアしよう
mst.mission.2900018._detail,ライブを90回クリアしよう
mst.mission.2900019._title,ライブを95回クリアしよう
mst.mission.2900019._detail,ライブを95回クリアしよう
mst.mission.2900020._title,ライブを100回クリアしよう
mst.mission.2900020._detail,ライブを100回クリアしよう
mst.mission.2900021._title,ライブを110回クリアしよう
mst.mission.2900021._detail,ライブを110回クリアしよう
mst.mission.2900022._title,ライブを120回クリアしよう
mst.mission.2900022._detail,ライブを120回クリアしよう
mst.mission.2900023._title,ライブを130回クリアしよう
mst.mission.2900023._detail,ライブを130回クリアしよう
mst.mission.2900024._title,ライブを140回クリアしよう
mst.mission.2900024._detail,ライブを140回クリアしよう
mst.mission.2900025._title,ライブを150回クリアしよう
mst.mission.2900025._detail,ライブを150回クリアしよう
mst.mission.2900026._title,ライブを160回クリアしよう
mst.mission.2900026._detail,ライブを160回クリアしよう
mst.mission.2900027._title,ライブを170回クリアしよう
mst.mission.2900027._detail,ライブを170回クリアしよう
mst.mission.2900028._title,ライブを180回クリアしよう
mst.mission.2900028._detail,ライブを180回クリアしよう
mst.mission.2900029._title,ライブを190回クリアしよう
mst.mission.2900029._detail,ライブを190回クリアしよう
mst.mission.2900030._title,ライブを200回クリアしよう
mst.mission.2900030._detail,ライブを200回クリアしよう
mst.mission.2900031._title,ライブを210回クリアしよう
mst.mission.2900031._detail,ライブを210回クリアしよう
mst.mission.2900032._title,ライブを220回クリアしよう
mst.mission.2900032._detail,ライブを220回クリアしよう
mst.mission.2900033._title,ライブを230回クリアしよう
mst.mission.2900033._detail,ライブを230回クリアしよう
mst.mission.2900034._title,ライブを240回クリアしよう
mst.mission.2900034._detail,ライブを240回クリアしよう
mst.mission.2900035._title,ライブを250回クリアしよう
mst.mission.2900035._detail,ライブを250回クリアしよう
mst.mission.2900036._title,ライブを260回クリアしよう
mst.mission.2900036._detail,ライブを260回クリアしよう
mst.mission.2900037._title,ライブを270回クリアしよう
mst.mission.2900037._detail,ライブを270回クリアしよう
mst.mission.2900038._title,ライブを280回クリアしよう
mst.mission.2900038._detail,ライブを280回クリアしよう
mst.mission.2900039._title,ライブを290回クリアしよう
mst.mission.2900039._detail,ライブを290回クリアしよう
mst.mission.2900040._title,ライブを300回クリアしよう
mst.mission.2900040._detail,ライブを300回クリアしよう
mst.mission.2900041._title,難易度NORMAL以上でライブを5回フルコンボしよう
mst.mission.2900041._detail,難易度NORMAL以上でライブを5回フルコンボしよう
mst.mission.2900042._title,難易度NORMAL以上でライブを10回フルコンボしよう
mst.mission.2900042._detail,難易度NORMAL以上でライブを10回フルコンボしよう
mst.mission.2900043._title,難易度NORMAL以上でライブを15回フルコンボしよう
mst.mission.2900043._detail,難易度NORMAL以上でライブを15回フルコンボしよう
mst.mission.2900044._title,難易度NORMAL以上でライブを20回フルコンボしよう
mst.mission.2900044._detail,難易度NORMAL以上でライブを20回フルコンボしよう
mst.mission.2900045._title,難易度NORMAL以上でライブを25回フルコンボしよう
mst.mission.2900045._detail,難易度NORMAL以上でライブを25回フルコンボしよう
mst.mission.2900046._title,難易度NORMAL以上でライブを30回フルコンボしよう
mst.mission.2900046._detail,難易度NORMAL以上でライブを30回フルコンボしよう
mst.mission.2900047._title,ラブライブ！の楽曲を10回クリアしよう
mst.mission.2900047._detail,ラブライブ！の楽曲を10回クリアしよう
mst.mission.2900048._title,ラブライブ！の楽曲を20回クリアしよう
mst.mission.2900048._detail,ラブライブ！の楽曲を20回クリアしよう
mst.mission.2900049._title,ラブライブ！の楽曲を30回クリアしよう
mst.mission.2900049._detail,ラブライブ！の楽曲を30回クリアしよう
mst.mission.2900050._title,ラブライブ！の楽曲を40回クリアしよう
mst.mission.2900050._detail,ラブライブ！の楽曲を40回クリアしよう
mst.mission.2900051._title,ラブライブ！の楽曲を50回クリアしよう
mst.mission.2900051._detail,ラブライブ！の楽曲を50回クリアしよう
mst.mission.2900052._title,ラブライブ！サンシャイン!!の楽曲を10回クリアしよう
mst.mission.2900052._detail,ラブライブ！サンシャイン!!の楽曲を10回クリアしよう
mst.mission.2900053._title,ラブライブ！サンシャイン!!の楽曲を20回クリアしよう
mst.mission.2900053._detail,ラブライブ！サンシャイン!!の楽曲を20回クリアしよう
mst.mission.2900054._title,ラブライブ！サンシャイン!!の楽曲を30回クリアしよう
mst.mission.2900054._detail,ラブライブ！サンシャイン!!の楽曲を30回クリアしよう
mst.mission.2900055._title,ラブライブ！サンシャイン!!の楽曲を40回クリアしよう
mst.mission.2900055._detail,ラブライブ！サンシャイン!!の楽曲を40回クリアしよう
mst.mission.2900056._title,ラブライブ！サンシャイン!!の楽曲を50回クリアしよう
mst.mission.2900056._detail,ラブライブ！サンシャイン!!の楽曲を50回クリアしよう
mst.mission.2900057._title,ラブライブ！虹ヶ咲学園スクールアイドル同好会の楽曲を10回クリアしよう
mst.mission.2900057._detail,ラブライブ！虹ヶ咲学園スクールアイドル同好会の楽曲を10回クリアしよう
mst.mission.2900058._title,ラブライブ！虹ヶ咲学園スクールアイドル同好会の楽曲を20回クリアしよう
mst.mission.2900058._detail,ラブライブ！虹ヶ咲学園スクールアイドル同好会の楽曲を20回クリアしよう
mst.mission.2900059._title,ラブライブ！虹ヶ咲学園スクールアイドル同好会の楽曲を30回クリアしよう
mst.mission.2900059._detail,ラブライブ！虹ヶ咲学園スクールアイドル同好会の楽曲を30回クリアしよう
mst.mission.2900060._title,ラブライブ！虹ヶ咲学園スクールアイドル同好会の楽曲を40回クリアしよう
mst.mission.2900060._detail,ラブライブ！虹ヶ咲学園スクールアイドル同好会の楽曲を40回クリアしよう
mst.mission.2900061._title,ラブライブ！虹ヶ咲学園スクールアイドル同好会の楽曲を50回クリアしよう
mst.mission.2900061._detail,ラブライブ！虹ヶ咲学園スクールアイドル同好会の楽曲を50回クリアしよう
mst.mission.2900062._title,ラブライブ！スーパースター!!の楽曲を10回クリアしよう
mst.mission.2900062._detail,ラブライブ！スーパースター!!の楽曲を10回クリアしよう
mst.mission.2900063._title,ラブライブ！スーパースター!!の楽曲を20回クリアしよう
mst.mission.2900063._detail,ラブライブ！スーパースター!!の楽曲を20回クリアしよう
mst.mission.2900064._title,ラブライブ！スーパースター!!の楽曲を30回クリアしよう
mst.mission.2900064._detail,ラブライブ！スーパースター!!の楽曲を30回クリアしよう
mst.mission.2900065._title,ラブライブ！スーパースター!!の楽曲を40回クリアしよう
mst.mission.2900065._detail,ラブライブ！スーパースター!!の楽曲を40回クリアしよう
mst.mission.2900066._title,ラブライブ！スーパースター!!の楽曲を50回クリアしよう
mst.mission.2900066._detail,ラブライブ！スーパースター!!の楽曲を50回クリアしよう
mst.mission.2900067._title,ラブライブ！蓮ノ空女学院スクールアイドルクラブの楽曲を10回クリアしよう
mst.mission.2900067._detail,ラブライブ！蓮ノ空女学院スクールアイドルクラブの楽曲を10回クリアしよう
mst.mission.3000068._title,ログインしよう
mst.mission.3000068._detail,ログインしよう
mst.mission.3000069._title,ライブを5回クリアしよう
mst.mission.3000069._detail,ライブを5回クリアしよう
mst.mission.3000070._title,ログインしよう
mst.mission.3000070._detail,ログインしよう
mst.mission.3000071._title,ライブをクリアしよう
mst.mission.3000071._detail,ライブをクリアしよう
mst.mission.3000072._title,ライブを2回クリアしよう
mst.mission.3000072._detail,ライブを2回クリアしよう
mst.mission.3000073._title,ライブを3回クリアしよう
mst.mission.3000073._detail,ライブを3回クリアしよう
mst.mission.3200074._title,ログインしよう
mst.mission.3200074._detail,ログインしよう
mst.mission.3200075._title,楽曲『Dancing stars on me!』の難易度NORMAL以上でスコア50000を達成しよう
mst.mission.3200075._detail,楽曲『Dancing stars on me!』の難易度NORMAL以上でスコア50000を達成しよう
mst.mission.3200076._title,楽曲『Aqours Pirates Desire』の難易度NORMAL以上でスコア50000を達成しよう
mst.mission.3200076._detail,楽曲『Aqours Pirates Desire』の難易度NORMAL以上でスコア50000を達成しよう
mst.mission.3200077._title,楽曲『Maze Town』の難易度NORMAL以上でスコア50000を達成しよう
mst.mission.3200077._detail,楽曲『Maze Town』の難易度NORMAL以上でスコア50000を達成しよう
mst.mission.3200078._title,楽曲『ユートピアマジック』の難易度NORMAL以上でスコア50000を達成しよう
mst.mission.3200078._detail,楽曲『ユートピアマジック』の難易度NORMAL以上でスコア50000を達成しよう
mst.mission.3300079._title,ライブを5回クリアしよう
mst.mission.3300079._detail,ライブを5回クリアしよう
mst.mission.3300080._title,ライブを10回クリアしよう
mst.mission.3300080._detail,ライブを10回クリアしよう
mst.mission.3300081._title,ライブを15回クリアしよう
mst.mission.3300081._detail,ライブを15回クリアしよう
mst.mission.3300082._title,ライブを20回クリアしよう
mst.mission.3300082._detail,ライブを20回クリアしよう
mst.mission.3300083._title,ライブを25回クリアしよう
mst.mission.3300083._detail,ライブを25回クリアしよう
mst.mission.3300084._title,ライブを30回クリアしよう
mst.mission.3300084._detail,ライブを30回クリアしよう
mst.mission.3300085._title,おまかせ選曲で選んだ楽曲をプレイしよう
mst.mission.3300085._detail,おまかせ選曲で選んだ楽曲をプレイしよう
mst.mission.3300086._title,おまかせ選曲で選んだ楽曲を2回プレイしよう
mst.mission.3300086._detail,おまかせ選曲で選んだ楽曲を2回プレイしよう
mst.mission.3300087._title,おまかせ選曲で選んだ楽曲を3回プレイしよう
mst.mission.3300087._detail,おまかせ選曲で選んだ楽曲を3回プレイしよう
mst.mission.2800088._title,ログインしよう
mst.mission.2800088._detail,ログインしよう
mst.mission.2800089._title,ライブを3回クリアしよう
mst.mission.2800089._detail,ライブを3回クリアしよう
mst.mission.2900090._title,ライブを10回クリアしよう
mst.mission.2900090._detail,ライブを10回クリアしよう
mst.mission.3000091._title,ログインしよう
mst.mission.3000091._detail,ログインしよう
mst.mission.3000092._title,ライブをクリアしよう
mst.mission.3000092._detail,ライブをクリアしよう
mst.mission.3000093._title,ライブを3回クリアしよう
mst.mission.3000093._detail,ライブを3回クリアしよう
mst.mission.3100094._title,ラブライブ！の楽曲を10回クリアしよう
mst.mission.3100094._detail,ラブライブ！の楽曲を10回クリアしよう
mst.mission.3100095._title,ラブライブ！サンシャイン!!の楽曲を10回クリアしよう
mst.mission.3100095._detail,ラブライブ！サンシャイン!!の楽曲を10回クリアしよう
mst.mission.3100096._title,ラブライブ！虹ヶ咲学園スクールアイドル同好会の楽曲を10回クリアしよう
mst.mission.3100096._detail,ラブライブ！虹ヶ咲学園スクールアイドル同好会の楽曲を10回クリアしよう
mst.mission.3100097._title,ラブライブ！スーパースター!!の楽曲を10回クリアしよう
mst.mission.3100097._detail,ラブライブ！スーパースター!!の楽曲を10回クリアしよう
mst.mission.3100098._title,ラブライブ！の楽曲を20回クリアしよう
mst.mission.3100098._detail,ラブライブ！の楽曲を20回クリアしよう
mst.mission.3100099._title,ラブライブ！サンシャイン!!の楽曲を20回クリアしよう
mst.mission.3100099._detail,ラブライブ！サンシャイン!!の楽曲を20回クリアしよう
mst.mission.3100100._title,ラブライブ！虹ヶ咲学園スクールアイドル同好会の楽曲を20回クリアしよう
mst.mission.3100100._detail,ラブライブ！虹ヶ咲学園スクールアイドル同好会の楽曲を20回クリアしよう
mst.mission.3100101._title,ラブライブ！スーパースター!!の楽曲を20回クリアしよう
mst.mission.3100101._detail,ラブライブ！スーパースター!!の楽曲を20回クリアしよう
mst.mission.3100102._title,ラブライブ！の楽曲を30回クリアしよう
mst.mission.3100102._detail,ラブライブ！の楽曲を30回クリアしよう
mst.mission.3100103._title,ラブライブ！サンシャイン!!の楽曲を30回クリアしよう
mst.mission.3100103._detail,ラブライブ！サンシャイン!!の楽曲を30回クリアしよう
mst.mission.3100104._title,ラブライブ！虹ヶ咲学園スクールアイドル同好会の楽曲を30回クリアしよう
mst.mission.3100104._detail,ラブライブ！虹ヶ咲学園スクールアイドル同好会の楽曲を30回クリアしよう
mst.mission.3100105._title,ラブライブ！スーパースター!!の楽曲を30回クリアしよう
mst.mission.3100105._detail,ラブライブ！スーパースター!!の楽曲を30回クリアしよう
mst.mission.3200106._title,ログインしよう
mst.mission.3200106._detail,ログインしよう
mst.mission.3200107._title,楽曲『秋のあなたの空遠く』の難易度NORMAL以上でスコア50000を達成しよう
mst.mission.3200107._detail,楽曲『秋のあなたの空遠く』の難易度NORMAL以上でスコア50000を達成しよう
mst.mission.3200108._title,楽曲『Aqours Pirates Desire』の難易度NORMAL以上でスコア50000を達成しよう
mst.mission.3200108._detail,楽曲『Aqours Pirates Desire』の難易度NORMAL以上でスコア50000を達成しよう
mst.mission.3200109._title,楽曲『Beautiful Moonlight』の難易度NORMAL以上でスコア50000を達成しよう
mst.mission.3200109._detail,楽曲『Beautiful Moonlight』の難易度NORMAL以上でスコア50000を達成しよう
mst.mission.3200110._title,"楽曲『Chance Day, Chance Way！』の難易度NORMAL以上でスコア50000を達成しよう"
mst.mission.3200110._detail,"楽曲『Chance Day, Chance Way！』の難易度NORMAL以上でスコア50000を達成しよう"
mst.mission.3300111._title,ライブを5回クリアしよう
mst.mission.3300111._detail,ライブを5回クリアしよう
mst.mission.3300112._title,ライブを10回クリアしよう
mst.mission.3300112._detail,ライブを10回クリアしよう
mst.mission.3300113._title,ライブを15回クリアしよう
mst.mission.3300113._detail,ライブを15回クリアしよう
mst.mission.3300114._title,ライブを20回クリアしよう
mst.mission.3300114._detail,ライブを20回クリアしよう
mst.mission.3300115._title,ライブを25回クリアしよう
mst.mission.3300115._detail,ライブを25回クリアしよう
mst.mission.3300116._title,ライブを30回クリアしよう
mst.mission.3300116._detail,ライブを30回クリアしよう
mst.mission.2800117._title,ログインしよう
mst.mission.2800117._detail,ログインしよう
mst.mission.2800118._title,ライブを3回クリアしよう
mst.mission.2800118._detail,ライブを3回クリアしよう
mst.mission.2900119._title,ライブを10回クリアしよう
mst.mission.2900119._detail,ライブを10回クリアしよう
mst.mission.3000120._title,ログインしよう
mst.mission.3000120._detail,ログインしよう
mst.mission.3000121._title,ライブを3回クリアしよう
mst.mission.3000121._detail,ライブを3回クリアしよう
mst.mission.3100122._title,ライブを10回クリアしよう
mst.mission.3100122._detail,ライブを10回クリアしよう
mst.mission.3300123._title,ライブをクリアしよう
mst.mission.3300123._detail,ライブをクリアしよう
mst.mission.3300124._title,ライブを2回クリアしよう
mst.mission.3300124._detail,ライブを2回クリアしよう
mst.mission.3300125._title,ライブを3回クリアしよう
mst.mission.3300125._detail,ライブを3回クリアしよう
mst.mission.3300126._title,ライブを4回クリアしよう
mst.mission.3300126._detail,ライブを4回クリアしよう
mst.mission.3300127._title,ライブを5回クリアしよう
mst.mission.3300127._detail,ライブを5回クリアしよう
mst.mission.3300128._title,ライブを6回クリアしよう
mst.mission.3300128._detail,ライブを6回クリアしよう
mst.mission.3300129._title,ライブを8回クリアしよう
mst.mission.3300129._detail,ライブを8回クリアしよう
mst.mission.3300130._title,ライブを10回クリアしよう
mst.mission.3300130._detail,ライブを10回クリアしよう
mst.mission.3300131._title,ライブを12回クリアしよう
mst.mission.3300131._detail,ライブを12回クリアしよう
mst.mission.3300132._title,ライブを15回クリアしよう
mst.mission.3300132._detail,ライブを15回クリアしよう
mst.mission.3300133._title,ライブを18回クリアしよう
mst.mission.3300133._detail,ライブを18回クリアしよう
mst.mission.3300134._title,ライブを21回クリアしよう
mst.mission.3300134._detail,ライブを21回クリアしよう
mst.mission.3300135._title,ライブを24回クリアしよう
mst.mission.3300135._detail,ライブを24回クリアしよう
mst.mission.3300136._title,ライブを27回クリアしよう
mst.mission.3300136._detail,ライブを27回クリアしよう
mst.mission.3300137._title,ライブを30回クリアしよう
mst.mission.3300137._detail,ライブを30回クリアしよう
mst.mission.3300138._title,ライブを33回クリアしよう
mst.mission.3300138._detail,ライブを33回クリアしよう
mst.mission.3300139._title,ライブを36回クリアしよう
mst.mission.3300139._detail,ライブを36回クリアしよう
mst.mission.3300140._title,ライブを40回クリアしよう
mst.mission.3300140._detail,ライブを40回クリアしよう
mst.mission.3300141._title,ライブを45回クリアしよう
mst.mission.3300141._detail,ライブを45回クリアしよう
mst.mission.3300142._title,ライブを50回クリアしよう
mst.mission.3300142._detail,ライブを50回クリアしよう
mst.mission.3300143._title,ライブを55回クリアしよう
mst.mission.3300143._detail,ライブを55回クリアしよう
mst.mission.3300144._title,ライブを60回クリアしよう
mst.mission.3300144._detail,ライブを60回クリアしよう
mst.mission.3300145._title,ライブを65回クリアしよう
mst.mission.3300145._detail,ライブを65回クリアしよう
mst.mission.3300146._title,ライブを70回クリアしよう
mst.mission.3300146._detail,ライブを70回クリアしよう
mst.mission.3300147._title,ライブを75回クリアしよう
mst.mission.3300147._detail,ライブを75回クリアしよう
mst.mission.3300148._title,ライブを80回クリアしよう
mst.mission.3300148._detail,ライブを80回クリアしよう
mst.mission.3300149._title,ライブを85回クリアしよう
mst.mission.3300149._detail,ライブを85回クリアしよう
mst.mission.3300150._title,ライブを90回クリアしよう
mst.mission.3300150._detail,ライブを90回クリアしよう
mst.mission.3300151._title,ライブを95回クリアしよう
mst.mission.3300151._detail,ライブを95回クリアしよう
mst.mission.3300152._title,ライブを100回クリアしよう
mst.mission.3300152._detail,ライブを100回クリアしよう
mst.mission.3300153._title,ライブを105回クリアしよう
mst.mission.3300153._detail,ライブを105回クリアしよう
mst.mission.3300154._title,ライブを110回クリアしよう
mst.mission.3300154._detail,ライブを110回クリアしよう
mst.mission.3300155._title,ライブを115回クリアしよう
mst.mission.3300155._detail,ライブを115回クリアしよう
mst.mission.3300156._title,ライブを120回クリアしよう
mst.mission.3300156._detail,ライブを120回クリアしよう
mst.mission.3300157._title,ライブを125回クリアしよう
mst.mission.3300157._detail,ライブを125回クリアしよう
mst.mission.3300158._title,ライブを130回クリアしよう
mst.mission.3300158._detail,ライブを130回クリアしよう
mst.mission.3300159._title,ライブを135回クリアしよう
mst.mission.3300159._detail,ライブを135回クリアしよう
mst.mission.3300160._title,ライブを140回クリアしよう
mst.mission.3300160._detail,ライブを140回クリアしよう
mst.mission.3300161._title,ライブを145回クリアしよう
mst.mission.3300161._detail,ライブを145回クリアしよう
mst.mission.3300162._title,ライブを150回クリアしよう
mst.mission.3300162._detail,ライブを150回クリアしよう
mst.mission.3300163._title,難易度NORMAL以上でライブをフルコンボしよう
mst.mission.3300163._detail,難易度NORMAL以上でライブをフルコンボしよう
mst.mission.3300164._title,難易度NORMAL以上でライブを3回フルコンボしよう
mst.mission.3300164._detail,難易度NORMAL以上でライブを3回フルコンボしよう
mst.mission.3300165._title,難易度NORMAL以上でライブを6回フルコンボしよう
mst.mission.3300165._detail,難易度NORMAL以上でライブを6回フルコンボしよう
mst.mission.3300166._title,難易度NORMAL以上でライブを9回フルコンボしよう
mst.mission.3300166._detail,難易度NORMAL以上でライブを9回フルコンボしよう
mst.mission.3300167._title,難易度NORMAL以上でライブを12回フルコンボしよう
mst.mission.3300167._detail,難易度NORMAL以上でライブを12回フルコンボしよう
mst.mission.3300168._title,難易度NORMAL以上でライブを15回フルコンボしよう
mst.mission.3300168._detail,難易度NORMAL以上でライブを15回フルコンボしよう
mst.mission.3300169._title,ラブライブ！の楽曲を5回クリアしよう
mst.mission.3300169._detail,ラブライブ！の楽曲を5回クリアしよう
mst.mission.3300170._title,ラブライブ！の楽曲を10回クリアしよう
mst.mission.3300170._detail,ラブライブ！の楽曲を10回クリアしよう
mst.mission.3300171._title,ラブライブ！の楽曲を15回クリアしよう
mst.mission.3300171._detail,ラブライブ！の楽曲を15回クリアしよう
mst.mission.3300172._title,ラブライブ！の楽曲を20回クリアしよう
mst.mission.3300172._detail,ラブライブ！の楽曲を20回クリアしよう
mst.mission.3300173._title,ラブライブ！の楽曲を30回クリアしよう
mst.mission.3300173._detail,ラブライブ！の楽曲を30回クリアしよう
mst.mission.3300174._title,ラブライブ！サンシャイン!!の楽曲を5回クリアしよう
mst.mission.3300174._detail,ラブライブ！サンシャイン!!の楽曲を5回クリアしよう
mst.mission.3300175._title,ラブライブ！サンシャイン!!の楽曲を10回クリアしよう
mst.mission.3300175._detail,ラブライブ！サンシャイン!!の楽曲を10回クリアしよう
mst.mission.3300176._title,ラブライブ！サンシャイン!!の楽曲を15回クリアしよう
mst.mission.3300176._detail,ラブライブ！サンシャイン!!の楽曲を15回クリアしよう
mst.mission.3300177._title,ラブライブ！サンシャイン!!の楽曲を20回クリアしよう
mst.mission.3300177._detail,ラブライブ！サンシャイン!!の楽曲を20回クリアしよう
mst.mission.3300178._title,ラブライブ！サンシャイン!!の楽曲を30回クリアしよう
mst.mission.3300178._detail,ラブライブ！サンシャイン!!の楽曲を30回クリアしよう
mst.mission.3300179._title,ラブライブ！虹ヶ咲学園スクールアイドル同好会の楽曲を5回クリアしよう
mst.mission.3300179._detail,ラブライブ！虹ヶ咲学園スクールアイドル同好会の楽曲を5回クリアしよう
mst.mission.3300180._title,ラブライブ！虹ヶ咲学園スクールアイドル同好会の楽曲を10回クリアしよう
mst.mission.3300180._detail,ラブライブ！虹ヶ咲学園スクールアイドル同好会の楽曲を10回クリアしよう
mst.mission.3300181._title,ラブライブ！虹ヶ咲学園スクールアイドル同好会の楽曲を15回クリアしよう
mst.mission.3300181._detail,ラブライブ！虹ヶ咲学園スクールアイドル同好会の楽曲を15回クリアしよう
mst.mission.3300182._title,ラブライブ！虹ヶ咲学園スクールアイドル同好会の楽曲を20回クリアしよう
mst.mission.3300182._detail,ラブライブ！虹ヶ咲学園スクールアイドル同好会の楽曲を20回クリアしよう
mst.mission.3300183._title,ラブライブ！虹ヶ咲学園スクールアイドル同好会の楽曲を30回クリアしよう
mst.mission.3300183._detail,ラブライブ！虹ヶ咲学園スクールアイドル同好会の楽曲を30回クリアしよう
mst.mission.3300184._title,ラブライブ！スーパースター!!の楽曲を5回クリアしよう
mst.mission.3300184._detail,ラブライブ！スーパースター!!の楽曲を5回クリアしよう
mst.mission.3300185._title,ラブライブ！スーパースター!!の楽曲を10回クリアしよう
mst.mission.3300185._detail,ラブライブ！スーパースター!!の楽曲を10回クリアしよう
mst.mission.3300186._title,ラブライブ！スーパースター!!の楽曲を15回クリアしよう
mst.mission.3300186._detail,ラブライブ！スーパースター!!の楽曲を15回クリアしよう
mst.mission.3300187._title,ラブライブ！スーパースター!!の楽曲を20回クリアしよう
mst.mission.3300187._detail,ラブライブ！スーパースター!!の楽曲を20回クリアしよう
mst.mission.3300188._title,ラブライブ！スーパースター!!の楽曲を30回クリアしよう
mst.mission.3300188._detail,ラブライブ！スーパースター!!の楽曲を30回クリアしよう
mst.mission.3300189._title,ラブライブ！蓮ノ空女学院スクールアイドルクラブの楽曲を5回クリアしよう
mst.mission.3300189._detail,ラブライブ！蓮ノ空女学院スクールアイドルクラブの楽曲を5回クリアしよう
mst.mission.3300190._title,ラブライブ！蓮ノ空女学院スクールアイドルクラブの楽曲を10回クリアしよう
mst.mission.3300190._detail,ラブライブ！蓮ノ空女学院スクールアイドルクラブの楽曲を10回クリアしよう
mst.mission.3300191._title,ラブライブ！蓮ノ空女学院スクールアイドルクラブの楽曲を15回クリアしよう
mst.mission.3300191._detail,ラブライブ！蓮ノ空女学院スクールアイドルクラブの楽曲を15回クリアしよう
mst.mission.3300192._title,ラブライブ！蓮ノ空女学院スクールアイドルクラブの楽曲を20回クリアしよう
mst.mission.3300192._detail,ラブライブ！蓮ノ空女学院スクールアイドルクラブの楽曲を20回クリアしよう
mst.mission.3300193._title,ラブライブ！蓮ノ空女学院スクールアイドルクラブの楽曲を30回クリアしよう
mst.mission.3300193._detail,ラブライブ！蓮ノ空女学院スクールアイドルクラブの楽曲を30回クリアしよう
mst.mission.3300194._title,幻日のヨハネ -SUNSHINE in the MIRROR-の楽曲をクリアしよう
mst.mission.3300194._detail,幻日のヨハネ -SUNSHINE in the MIRROR-の楽曲をクリアしよう
mst.mission.3300195._title,幻日のヨハネ -SUNSHINE in the MIRROR-の楽曲を2回クリアしよう
mst.mission.3300195._detail,幻日のヨハネ -SUNSHINE in the MIRROR-の楽曲を2回クリアしよう
mst.mission.3300196._title,幻日のヨハネ -SUNSHINE in the MIRROR-の楽曲を3回クリアしよう
mst.mission.3300196._detail,幻日のヨハネ -SUNSHINE in the MIRROR-の楽曲を3回クリアしよう
mst.mission.3300197._title,幻日のヨハネ -SUNSHINE in the MIRROR-の楽曲を4回クリアしよう
mst.mission.3300197._detail,幻日のヨハネ -SUNSHINE in the MIRROR-の楽曲を4回クリアしよう
mst.mission.3300198._title,幻日のヨハネ -SUNSHINE in the MIRROR-の楽曲を5回クリアしよう
mst.mission.3300198._detail,幻日のヨハネ -SUNSHINE in the MIRROR-の楽曲を5回クリアしよう
mst.mission.3300199._title,幻日のヨハネ -SUNSHINE in the MIRROR-の楽曲を6回クリアしよう
mst.mission.3300199._detail,幻日のヨハネ -SUNSHINE in the MIRROR-の楽曲を6回クリアしよう
mst.mission.3300200._title,幻日のヨハネ -SUNSHINE in the MIRROR-の楽曲を7回クリアしよう
mst.mission.3300200._detail,幻日のヨハネ -SUNSHINE in the MIRROR-の楽曲を7回クリアしよう
mst.mission.3300201._title,幻日のヨハネ -SUNSHINE in the MIRROR-の楽曲を8回クリアしよう
mst.mission.3300201._detail,幻日のヨハネ -SUNSHINE in the MIRROR-の楽曲を8回クリアしよう
mst.mission.3300202._title,幻日のヨハネ -SUNSHINE in the MIRROR-の楽曲を9回クリアしよう
mst.mission.3300202._detail,幻日のヨハネ -SUNSHINE in the MIRROR-の楽曲を9回クリアしよう
mst.mission.3300203._title,幻日のヨハネ -SUNSHINE in the MIRROR-の楽曲を10回クリアしよう
mst.mission.3300203._detail,幻日のヨハネ -SUNSHINE in the MIRROR-の楽曲を10回クリアしよう
mst.mission.2800204._title,ログインしよう
mst.mission.2800204._detail,ログインしよう
mst.mission.2800205._title,ライブをクリアしよう
mst.mission.2800205._detail,ライブをクリアしよう
mst.mission.2800206._title,ライブを3回クリアしよう
mst.mission.2800206._detail,ライブを3回クリアしよう
mst.mission.2900207._title,「年末年始記念！最大240回無料勧誘」をしよう
mst.mission.2900207._detail,「年末年始記念！最大240回無料勧誘」をしよう
mst.mission.2900208._title,ライブを5回クリアしよう
mst.mission.2900208._detail,ライブを5回クリアしよう
mst.mission.2900209._title,ライブを10回クリアしよう
mst.mission.2900209._detail,ライブを10回クリアしよう
mst.mission.2900210._title,ライブを15回クリアしよう
mst.mission.2900210._detail,ライブを15回クリアしよう
mst.mission.2900211._title,ライブを20回クリアしよう
mst.mission.2900211._detail,ライブを20回クリアしよう
mst.mission.2900212._title,ライブを25回クリアしよう
mst.mission.2900212._detail,ライブを25回クリアしよう
mst.mission.2900213._title,ライブを30回クリアしよう
mst.mission.2900213._detail,ライブを30回クリアしよう
mst.mission.2900214._title,おまかせ選曲で選んだ楽曲をプレイしよう
mst.mission.2900214._detail,おまかせ選曲で選んだ楽曲をプレイしよう
mst.mission.2900215._title,おまかせ選曲で選んだ楽曲を2回プレイしよう
mst.mission.2900215._detail,おまかせ選曲で選んだ楽曲を2回プレイしよう
mst.mission.2900216._title,おまかせ選曲で選んだ楽曲を3回プレイしよう
mst.mission.2900216._detail,おまかせ選曲で選んだ楽曲を3回プレイしよう
mst.mission.2900217._title,楽曲『New Year's March！(1~6月Ver.)』の難易度NORMAL以上でスコア50000を達成しよう
mst.mission.2900217._detail,楽曲『New Year's March！(1~6月Ver.)』の難易度NORMAL以上でスコア50000を達成しよう
mst.mission.2900218._title,楽曲『New Year's March！(7~12月Ver.)』の難易度NORMAL以上でスコア50000を達成しよう
mst.mission.2900218._detail,楽曲『New Year's March！(7~12月Ver.)』の難易度NORMAL以上でスコア50000を達成しよう
mst.mission.2900219._title,楽曲『New Year's March！(1~6月Ver.)』の難易度NORMAL以上でスコア150000を達成しよう
mst.mission.2900219._detail,楽曲『New Year's March！(1~6月Ver.)』の難易度NORMAL以上でスコア150000を達成しよう
mst.mission.2900220._title,楽曲『New Year's March！(7~12月Ver.)』の難易度NORMAL以上でスコア150000を達成しよう
mst.mission.2900220._detail,楽曲『New Year's March！(7~12月Ver.)』の難易度NORMAL以上でスコア150000を達成しよう
mst.mission.3100221._title,ライブを5回クリアしよう
mst.mission.3100221._detail,ライブを5回クリアしよう
mst.mission.3100222._title,ライブを10回クリアしよう
mst.mission.3100222._detail,ライブを10回クリアしよう
mst.mission.3100223._title,ライブを15回クリアしよう
mst.mission.3100223._detail,ライブを15回クリアしよう
mst.mission.3100224._title,ライブを20回クリアしよう
mst.mission.3100224._detail,ライブを20回クリアしよう
mst.mission.3100225._title,ライブを25回クリアしよう
mst.mission.3100225._detail,ライブを25回クリアしよう
mst.mission.3100226._title,ライブを30回クリアしよう
mst.mission.3100226._detail,ライブを30回クリアしよう
mst.mission.3100227._title,ライブを35回クリアしよう
mst.mission.3100227._detail,ライブを35回クリアしよう
mst.mission.3100228._title,ライブを40回クリアしよう
mst.mission.3100228._detail,ライブを40回クリアしよう
mst.mission.3100229._title,ライブを45回クリアしよう
mst.mission.3100229._detail,ライブを45回クリアしよう
mst.mission.3100230._title,ライブを50回クリアしよう
mst.mission.3100230._detail,ライブを50回クリアしよう
mst.mission.3100231._title,ライブを55回クリアしよう
mst.mission.3100231._detail,ライブを55回クリアしよう
mst.mission.3100232._title,ライブを60回クリアしよう
mst.mission.3100232._detail,ライブを60回クリアしよう
mst.mission.3100233._title,ライブを65回クリアしよう
mst.mission.3100233._detail,ライブを65回クリアしよう
mst.mission.3100234._title,ライブを70回クリアしよう
mst.mission.3100234._detail,ライブを70回クリアしよう
mst.mission.3100235._title,ライブを75回クリアしよう
mst.mission.3100235._detail,ライブを75回クリアしよう
mst.mission.3100236._title,ライブを80回クリアしよう
mst.mission.3100236._detail,ライブを80回クリアしよう
mst.mission.3100237._title,ライブを85回クリアしよう
mst.mission.3100237._detail,ライブを85回クリアしよう
mst.mission.3100238._title,ライブを90回クリアしよう
mst.mission.3100238._detail,ライブを90回クリアしよう
mst.mission.3100239._title,ライブを95回クリアしよう
mst.mission.3100239._detail,ライブを95回クリアしよう
mst.mission.3100240._title,ライブを100回クリアしよう
mst.mission.3100240._detail,ライブを100回クリアしよう
mst.mission.3100241._title,ライブを110回クリアしよう
mst.mission.3100241._detail,ライブを110回クリアしよう
mst.mission.3100242._title,ライブを120回クリアしよう
mst.mission.3100242._detail,ライブを120回クリアしよう
mst.mission.3100243._title,ライブを130回クリアしよう
mst.mission.3100243._detail,ライブを130回クリアしよう
mst.mission.3100244._title,ライブを140回クリアしよう
mst.mission.3100244._detail,ライブを140回クリアしよう
mst.mission.3100245._title,ライブを150回クリアしよう
mst.mission.3100245._detail,ライブを150回クリアしよう
mst.mission.3100246._title,ライブを160回クリアしよう
mst.mission.3100246._detail,ライブを160回クリアしよう
mst.mission.3100247._title,ライブを170回クリアしよう
mst.mission.3100247._detail,ライブを170回クリアしよう
mst.mission.3100248._title,ライブを180回クリアしよう
mst.mission.3100248._detail,ライブを180回クリアしよう
mst.mission.3100249._title,ライブを190回クリアしよう
mst.mission.3100249._detail,ライブを190回クリアしよう
mst.mission.3100250._title,ライブを200回クリアしよう
mst.mission.3100250._detail,ライブを200回クリアしよう
mst.mission.3100251._title,ライブを210回クリアしよう
mst.mission.3100251._detail,ライブを210回クリアしよう
mst.mission.3100252._title,ライブを220回クリアしよう
mst.mission.3100252._detail,ライブを220回クリアしよう
mst.mission.3100253._title,ライブを230回クリアしよう
mst.mission.3100253._detail,ライブを230回クリアしよう
mst.mission.3100254._title,ライブを240回クリアしよう
mst.mission.3100254._detail,ライブを240回クリアしよう
mst.mission.3100255._title,ライブを250回クリアしよう
mst.mission.3100255._detail,ライブを250回クリアしよう
mst.mission.3100256._title,ライブを260回クリアしよう
mst.mission.3100256._detail,ライブを260回クリアしよう
mst.mission.3100257._title,ライブを270回クリアしよう
mst.mission.3100257._detail,ライブを270回クリアしよう
mst.mission.3100258._title,ライブを280回クリアしよう
mst.mission.3100258._detail,ライブを280回クリアしよう
mst.mission.3100259._title,ライブを290回クリアしよう
mst.mission.3100259._detail,ライブを290回クリアしよう
mst.mission.3100260._title,ライブを300回クリアしよう
mst.mission.3100260._detail,ライブを300回クリアしよう
mst.mission.3100261._title,難易度NORMAL以上でライブを5回フルコンボしよう
mst.mission.3100261._detail,難易度NORMAL以上でライブを5回フルコンボしよう
mst.mission.3100262._title,難易度NORMAL以上でライブを10回フルコンボしよう
mst.mission.3100262._detail,難易度NORMAL以上でライブを10回フルコンボしよう
mst.mission.3100263._title,難易度NORMAL以上でライブを15回フルコンボしよう
mst.mission.3100263._detail,難易度NORMAL以上でライブを15回フルコンボしよう
mst.mission.3100264._title,難易度NORMAL以上でライブを20回フルコンボしよう
mst.mission.3100264._detail,難易度NORMAL以上でライブを20回フルコンボしよう
mst.mission.3100265._title,難易度NORMAL以上でライブを25回フルコンボしよう
mst.mission.3100265._detail,難易度NORMAL以上でライブを25回フルコンボしよう
mst.mission.3100266._title,難易度NORMAL以上でライブを30回フルコンボしよう
mst.mission.3100266._detail,難易度NORMAL以上でライブを30回フルコンボしよう
mst.mission.3100267._title,ラブライブ！の楽曲を5回クリアしよう
mst.mission.3100267._detail,ラブライブ！の楽曲を5回クリアしよう
mst.mission.3100268._title,ラブライブ！の楽曲を10回クリアしよう
mst.mission.3100268._detail,ラブライブ！の楽曲を10回クリアしよう
mst.mission.3100269._title,ラブライブ！の楽曲を20回クリアしよう
mst.mission.3100269._detail,ラブライブ！の楽曲を20回クリアしよう
mst.mission.3100270._title,ラブライブ！の楽曲を30回クリアしよう
mst.mission.3100270._detail,ラブライブ！の楽曲を30回クリアしよう
mst.mission.3100271._title,ラブライブ！の楽曲を40回クリアしよう
mst.mission.3100271._detail,ラブライブ！の楽曲を40回クリアしよう
mst.mission.3100272._title,ラブライブ！の楽曲を50回クリアしよう
mst.mission.3100272._detail,ラブライブ！の楽曲を50回クリアしよう
mst.mission.3100273._title,ラブライブ！の楽曲を60回クリアしよう
mst.mission.3100273._detail,ラブライブ！の楽曲を60回クリアしよう
mst.mission.3100274._title,ラブライブ！サンシャイン!!の楽曲を5回クリアしよう
mst.mission.3100274._detail,ラブライブ！サンシャイン!!の楽曲を5回クリアしよう
mst.mission.3100275._title,ラブライブ！サンシャイン!!の楽曲を10回クリアしよう
mst.mission.3100275._detail,ラブライブ！サンシャイン!!の楽曲を10回クリアしよう
mst.mission.3100276._title,ラブライブ！サンシャイン!!の楽曲を20回クリアしよう
mst.mission.3100276._detail,ラブライブ！サンシャイン!!の楽曲を20回クリアしよう
mst.mission.3100277._title,ラブライブ！サンシャイン!!の楽曲を30回クリアしよう
mst.mission.3100277._detail,ラブライブ！サンシャイン!!の楽曲を30回クリアしよう
mst.mission.3100278._title,ラブライブ！サンシャイン!!の楽曲を40回クリアしよう
mst.mission.3100278._detail,ラブライブ！サンシャイン!!の楽曲を40回クリアしよう
mst.mission.3100279._title,ラブライブ！サンシャイン!!の楽曲を50回クリアしよう
mst.mission.3100279._detail,ラブライブ！サンシャイン!!の楽曲を50回クリアしよう
mst.mission.3100280._title,ラブライブ！サンシャイン!!の楽曲を60回クリアしよう
mst.mission.3100280._detail,ラブライブ！サンシャイン!!の楽曲を60回クリアしよう
mst.mission.3100281._title,ラブライブ！虹ヶ咲学園スクールアイドル同好会の楽曲を5回クリアしよう
mst.mission.3100281._detail,ラブライブ！虹ヶ咲学園スクールアイドル同好会の楽曲を5回クリアしよう
mst.mission.3100282._title,ラブライブ！虹ヶ咲学園スクールアイドル同好会の楽曲を10回クリアしよう
mst.mission.3100282._detail,ラブライブ！虹ヶ咲学園スクールアイドル同好会の楽曲を10回クリアしよう
mst.mission.3100283._title,ラブライブ！虹ヶ咲学園スクールアイドル同好会の楽曲を20回クリアしよう
mst.mission.3100283._detail,ラブライブ！虹ヶ咲学園スクールアイドル同好会の楽曲を20回クリアしよう
mst.mission.3100284._title,ラブライブ！虹ヶ咲学園スクールアイドル同好会の楽曲を30回クリアしよう
mst.mission.3100284._detail,ラブライブ！虹ヶ咲学園スクールアイドル同好会の楽曲を30回クリアしよう
mst.mission.3100285._title,ラブライブ！虹ヶ咲学園スクールアイドル同好会の楽曲を40回クリアしよう
mst.mission.3100285._detail,ラブライブ！虹ヶ咲学園スクールアイドル同好会の楽曲を40回クリアしよう
mst.mission.3100286._title,ラブライブ！虹ヶ咲学園スクールアイドル同好会の楽曲を50回クリアしよう
mst.mission.3100286._detail,ラブライブ！虹ヶ咲学園スクールアイドル同好会の楽曲を50回クリアしよう
mst.mission.3100287._title,ラブライブ！虹ヶ咲学園スクールアイドル同好会の楽曲を60回クリアしよう
mst.mission.3100287._detail,ラブライブ！虹ヶ咲学園スクールアイドル同好会の楽曲を60回クリアしよう
mst.mission.3100288._title,ラブライブ！スーパースター!!の楽曲を5回クリアしよう
mst.mission.3100288._detail,ラブライブ！スーパースター!!の楽曲を5回クリアしよう
mst.mission.3100289._title,ラブライブ！スーパースター!!の楽曲を10回クリアしよう
mst.mission.3100289._detail,ラブライブ！スーパースター!!の楽曲を10回クリアしよう
mst.mission.3100290._title,ラブライブ！スーパースター!!の楽曲を20回クリアしよう
mst.mission.3100290._detail,ラブライブ！スーパースター!!の楽曲を20回クリアしよう
mst.mission.3100291._title,ラブライブ！スーパースター!!の楽曲を30回クリアしよう
mst.mission.3100291._detail,ラブライブ！スーパースター!!の楽曲を30回クリアしよう
mst.mission.3100292._title,ラブライブ！スーパースター!!の楽曲を40回クリアしよう
mst.mission.3100292._detail,ラブライブ！スーパースター!!の楽曲を40回クリアしよう
mst.mission.3100293._title,ラブライブ！スーパースター!!の楽曲を50回クリアしよう
mst.mission.3100293._detail,ラブライブ！スーパースター!!の楽曲を50回クリアしよう
mst.mission.3100294._title,ラブライブ！スーパースター!!の楽曲を60回クリアしよう
mst.mission.3100294._detail,ラブライブ！スーパースター!!の楽曲を60回クリアしよう
mst.mission.3100295._title,ラブライブ！蓮ノ空女学院スクールアイドルクラブの楽曲を5回クリアしよう
mst.mission.3100295._detail,ラブライブ！蓮ノ空女学院スクールアイドルクラブの楽曲を5回クリアしよう
mst.mission.3100296._title,ラブライブ！蓮ノ空女学院スクールアイドルクラブの楽曲を10回クリアしよう
mst.mission.3100296._detail,ラブライブ！蓮ノ空女学院スクールアイドルクラブの楽曲を10回クリアしよう
mst.mission.3100297._title,ラブライブ！蓮ノ空女学院スクールアイドルクラブの楽曲を20回クリアしよう
mst.mission.3100297._detail,ラブライブ！蓮ノ空女学院スクールアイドルクラブの楽曲を20回クリアしよう
mst.mission.3100298._title,ラブライブ！蓮ノ空女学院スクールアイドルクラブの楽曲を30回クリアしよう
mst.mission.3100298._detail,ラブライブ！蓮ノ空女学院スクールアイドルクラブの楽曲を30回クリアしよう
mst.mission.3100299._title,ラブライブ！蓮ノ空女学院スクールアイドルクラブの楽曲を40回クリアしよう
mst.mission.3100299._detail,ラブライブ！蓮ノ空女学院スクールアイドルクラブの楽曲を40回クリアしよう
mst.mission.3100300._title,ラブライブ！蓮ノ空女学院スクールアイドルクラブの楽曲を50回クリアしよう
mst.mission.3100300._detail,ラブライブ！蓮ノ空女学院スクールアイドルクラブの楽曲を50回クリアしよう
mst.mission.3100301._title,ラブライブ！蓮ノ空女学院スクールアイドルクラブの楽曲を60回クリアしよう
mst.mission.3100301._detail,ラブライブ！蓮ノ空女学院スクールアイドルクラブの楽曲を60回クリアしよう
mst.mission.3100302._title,幻日のヨハネ -SUNSHINE in the MIRROR-の楽曲を5回クリアしよう
mst.mission.3100302._detail,幻日のヨハネ -SUNSHINE in the MIRROR-の楽曲を5回クリアしよう
mst.mission.3100303._title,幻日のヨハネ -SUNSHINE in the MIRROR-の楽曲を10回クリアしよう
mst.mission.3100303._detail,幻日のヨハネ -SUNSHINE in the MIRROR-の楽曲を10回クリアしよう
mst.mission.3100304._title,幻日のヨハネ -SUNSHINE in the MIRROR-の楽曲を15回クリアしよう
mst.mission.3100304._detail,幻日のヨハネ -SUNSHINE in the MIRROR-の楽曲を15回クリアしよう
mst.mission.3100305._title,幻日のヨハネ -SUNSHINE in the MIRROR-の楽曲を20回クリアしよう
mst.mission.3100305._detail,幻日のヨハネ -SUNSHINE in the MIRROR-の楽曲を20回クリアしよう
mst.mission.3100306._title,幻日のヨハネ -SUNSHINE in the MIRROR-の楽曲を25回クリアしよう
mst.mission.3100306._detail,幻日のヨハネ -SUNSHINE in the MIRROR-の楽曲を25回クリアしよう
mst.mission.3300307._title,楽曲『もぎゅっと“love”で接近中！』の難易度NORMAL以上でスコア50000を達成しよう
mst.mission.3300307._detail,楽曲『もぎゅっと“love”で接近中！』の難易度NORMAL以上でスコア50000を達成しよう
mst.mission.3300308._title,楽曲『baby maybe 恋のボタン』の難易度NORMAL以上でスコア50000を達成しよう
mst.mission.3300308._detail,楽曲『baby maybe 恋のボタン』の難易度NORMAL以上でスコア50000を達成しよう
mst.mission.3300309._title,楽曲『嵐のなかの恋だから』の難易度NORMAL以上でスコア50000を達成しよう
mst.mission.3300309._detail,楽曲『嵐のなかの恋だから』の難易度NORMAL以上でスコア50000を達成しよう
mst.mission.3300310._title,楽曲『るてしキスキしてる』の難易度NORMAL以上でスコア50000を達成しよう
mst.mission.3300310._detail,楽曲『るてしキスキしてる』の難易度NORMAL以上でスコア50000を達成しよう
mst.mission.3300311._title,楽曲『愛してるばんざーい！』の難易度NORMAL以上でスコア50000を達成しよう
mst.mission.3300311._detail,楽曲『愛してるばんざーい！』の難易度NORMAL以上でスコア50000を達成しよう
mst.mission.3300312._title,楽曲『Love marginal』の難易度NORMAL以上でスコア50000を達成しよう
mst.mission.3300312._detail,楽曲『Love marginal』の難易度NORMAL以上でスコア50000を達成しよう
mst.mission.3300313._title,楽曲『ラブノベルス』の難易度NORMAL以上でスコア50000を達成しよう
mst.mission.3300313._detail,楽曲『ラブノベルス』の難易度NORMAL以上でスコア50000を達成しよう
mst.mission.3300314._title,楽曲『知らないLove＊教えてLove』の難易度NORMAL以上でスコア50000を達成しよう
mst.mission.3300314._detail,楽曲『知らないLove＊教えてLove』の難易度NORMAL以上でスコア50000を達成しよう
mst.mission.3300315._title,楽曲『sweet&sweet holiday』の難易度NORMAL以上でスコア50000を達成しよう
mst.mission.3300315._detail,楽曲『sweet&sweet holiday』の難易度NORMAL以上でスコア50000を達成しよう
mst.mission.3300316._title,楽曲『Cutie Panther』の難易度NORMAL以上でスコア50000を達成しよう
mst.mission.3300316._detail,楽曲『Cutie Panther』の難易度NORMAL以上でスコア50000を達成しよう
mst.mission.3300317._title,楽曲『春情ロマンティック』の難易度NORMAL以上でスコア50000を達成しよう
mst.mission.3300317._detail,楽曲『春情ロマンティック』の難易度NORMAL以上でスコア50000を達成しよう
mst.mission.3300318._title,楽曲『ぷわぷわーお！』の難易度NORMAL以上でスコア50000を達成しよう
mst.mission.3300318._detail,楽曲『ぷわぷわーお！』の難易度NORMAL以上でスコア50000を達成しよう
mst.mission.3300319._title,楽曲『PSYCHIC FIRE』の難易度NORMAL以上でスコア50000を達成しよう
mst.mission.3300319._detail,楽曲『PSYCHIC FIRE』の難易度NORMAL以上でスコア50000を達成しよう
mst.mission.3300320._title,楽曲『微熱からMystery』の難易度NORMAL以上でスコア50000を達成しよう
mst.mission.3300320._detail,楽曲『微熱からMystery』の難易度NORMAL以上でスコア50000を達成しよう
mst.mission.3300321._title,楽曲『恋になりたいAQUARIUM』の難易度NORMAL以上でスコア50000を達成しよう
mst.mission.3300321._detail,楽曲『恋になりたいAQUARIUM』の難易度NORMAL以上でスコア50000を達成しよう
mst.mission.3300322._title,楽曲『少女以上の恋がしたい』の難易度NORMAL以上でスコア50000を達成しよう
mst.mission.3300322._detail,楽曲『少女以上の恋がしたい』の難易度NORMAL以上でスコア50000を達成しよう
mst.mission.3300323._title,楽曲『JIMO-AI Dash!』の難易度NORMAL以上でスコア50000を達成しよう
mst.mission.3300323._detail,楽曲『JIMO-AI Dash!』の難易度NORMAL以上でスコア50000を達成しよう
mst.mission.3300324._title,楽曲『待ってて愛のうた』の難易度NORMAL以上でスコア50000を達成しよう
mst.mission.3300324._detail,楽曲『待ってて愛のうた』の難易度NORMAL以上でスコア50000を達成しよう
mst.mission.3300325._title,楽曲『“MY LIST” to you!』の難易度NORMAL以上でスコア50000を達成しよう
mst.mission.3300325._detail,楽曲『“MY LIST” to you!』の難易度NORMAL以上でスコア50000を達成しよう
mst.mission.3300326._title,楽曲『近未来ハッピーエンド』の難易度NORMAL以上でスコア50000を達成しよう
mst.mission.3300326._detail,楽曲『近未来ハッピーエンド』の難易度NORMAL以上でスコア50000を達成しよう
mst.mission.3300327._title,楽曲『トリコリコPLEASE!!』の難易度NORMAL以上でスコア50000を達成しよう
mst.mission.3300327._detail,楽曲『トリコリコPLEASE!!』の難易度NORMAL以上でスコア50000を達成しよう
mst.mission.3300328._title,"楽曲『Guilty Night, Guilty Kiss!』の難易度NORMAL以上でスコア50000を達成しよう"
mst.mission.3300328._detail,"楽曲『Guilty Night, Guilty Kiss!』の難易度NORMAL以上でスコア50000を達成しよう"
mst.mission.3300329._title,楽曲『コドク・テレポート』の難易度NORMAL以上でスコア50000を達成しよう
mst.mission.3300329._detail,楽曲『コドク・テレポート』の難易度NORMAL以上でスコア50000を達成しよう
mst.mission.3300330._title,楽曲『GALAXY HidE and SeeK』の難易度NORMAL以上でスコア50000を達成しよう
mst.mission.3300330._detail,楽曲『GALAXY HidE and SeeK』の難易度NORMAL以上でスコア50000を達成しよう
mst.mission.3300331._title,楽曲『Nameless Love Song』の難易度NORMAL以上でスコア50000を達成しよう
mst.mission.3300331._detail,楽曲『Nameless Love Song』の難易度NORMAL以上でスコア50000を達成しよう
mst.mission.3300332._title,楽曲『ある日…永遠みたいに！』の難易度NORMAL以上でスコア50000を達成しよう
mst.mission.3300332._detail,楽曲『ある日…永遠みたいに！』の難易度NORMAL以上でスコア50000を達成しよう
mst.mission.3300333._title,楽曲『空中恋愛論』の難易度NORMAL以上でスコア50000を達成しよう
mst.mission.3300333._detail,楽曲『空中恋愛論』の難易度NORMAL以上でスコア50000を達成しよう
mst.mission.3300334._title,楽曲『Deep Sea Cocoon』の難易度NORMAL以上でスコア50000を達成しよう
mst.mission.3300334._detail,楽曲『Deep Sea Cocoon』の難易度NORMAL以上でスコア50000を達成しよう
mst.mission.3300335._title,楽曲『Walking Dream』の難易度NORMAL以上でスコア50000を達成しよう
mst.mission.3300335._detail,楽曲『Walking Dream』の難易度NORMAL以上でスコア50000を達成しよう
mst.mission.3300336._title,楽曲『背伸びしたって』の難易度NORMAL以上でスコア50000を達成しよう
mst.mission.3300336._detail,楽曲『背伸びしたって』の難易度NORMAL以上でスコア50000を達成しよう
mst.mission.3300337._title,楽曲『小悪魔LOVE♡』の難易度NORMAL以上でスコア50000を達成しよう
mst.mission.3300337._detail,楽曲『小悪魔LOVE♡』の難易度NORMAL以上でスコア50000を達成しよう
mst.mission.3300338._title,楽曲『My Shadow』の難易度NORMAL以上でスコア50000を達成しよう
mst.mission.3300338._detail,楽曲『My Shadow』の難易度NORMAL以上でスコア50000を達成しよう
mst.mission.3300339._title,楽曲『Request for U』の難易度NORMAL以上でスコア50000を達成しよう
mst.mission.3300339._detail,楽曲『Request for U』の難易度NORMAL以上でスコア50000を達成しよう
mst.mission.3300340._title,楽曲『Cooking with Love』の難易度NORMAL以上でスコア50000を達成しよう
mst.mission.3300340._detail,楽曲『Cooking with Love』の難易度NORMAL以上でスコア50000を達成しよう
mst.mission.3300341._title,楽曲『チェリーボム』の難易度NORMAL以上でスコア50000を達成しよう
mst.mission.3300341._detail,楽曲『チェリーボム』の難易度NORMAL以上でスコア50000を達成しよう
mst.mission.3300342._title,楽曲『恋するSunflower』の難易度NORMAL以上でスコア50000を達成しよう
mst.mission.3300342._detail,楽曲『恋するSunflower』の難易度NORMAL以上でスコア50000を達成しよう
mst.mission.3300343._title,楽曲『私はマグネット』の難易度NORMAL以上でスコア50000を達成しよう
mst.mission.3300343._detail,楽曲『私はマグネット』の難易度NORMAL以上でスコア50000を達成しよう
mst.mission.3300344._title,楽曲『咬福論』の難易度NORMAL以上でスコア50000を達成しよう
mst.mission.3300344._detail,楽曲『咬福論』の難易度NORMAL以上でスコア50000を達成しよう
mst.mission.3300345._title,楽曲『Lemonade』の難易度NORMAL以上でスコア50000を達成しよう
mst.mission.3300345._detail,楽曲『Lemonade』の難易度NORMAL以上でスコア50000を達成しよう
mst.mission.3300346._title,楽曲『5201314』の難易度NORMAL以上でスコア50000を達成しよう
mst.mission.3300346._detail,楽曲『5201314』の難易度NORMAL以上でスコア50000を達成しよう
mst.mission.3300347._title,楽曲『Fly with You!!』の難易度NORMAL以上でスコア50000を達成しよう
mst.mission.3300347._detail,楽曲『Fly with You!!』の難易度NORMAL以上でスコア50000を達成しよう
mst.mission.3300348._title,楽曲『Love U my friends（12人 Ver.）』の難易度NORMAL以上でスコア50000を達成しよう
mst.mission.3300348._detail,楽曲『Love U my friends（12人 Ver.）』の難易度NORMAL以上でスコア50000を達成しよう
mst.mission.3300349._title,楽曲『この街でいまキミと』の難易度NORMAL以上でスコア50000を達成しよう
mst.mission.3300349._detail,楽曲『この街でいまキミと』の難易度NORMAL以上でスコア50000を達成しよう
mst.mission.3300350._title,楽曲『GOING UP』の難易度NORMAL以上でスコア50000を達成しよう
mst.mission.3300350._detail,楽曲『GOING UP』の難易度NORMAL以上でスコア50000を達成しよう
mst.mission.3300351._title,楽曲『常夏☆サンシャイン』の難易度NORMAL以上でスコア50000を達成しよう
mst.mission.3300351._detail,楽曲『常夏☆サンシャイン』の難易度NORMAL以上でスコア50000を達成しよう
mst.mission.3300352._title,楽曲『トゥ トゥ トゥ！』の難易度NORMAL以上でスコア50000を達成しよう
mst.mission.3300352._detail,楽曲『トゥ トゥ トゥ！』の難易度NORMAL以上でスコア50000を達成しよう
mst.mission.3300353._title,楽曲『Primary』の難易度NORMAL以上でスコア50000を達成しよう
mst.mission.3300353._detail,楽曲『Primary』の難易度NORMAL以上でスコア50000を達成しよう
mst.mission.3300354._title,楽曲『Shooting Voice!!』の難易度NORMAL以上でスコア50000を達成しよう
mst.mission.3300354._detail,楽曲『Shooting Voice!!』の難易度NORMAL以上でスコア50000を達成しよう
mst.mission.3300355._title,楽曲『未来の音が聴こえる』の難易度NORMAL以上でスコア50000を達成しよう
mst.mission.3300355._detail,楽曲『未来の音が聴こえる』の難易度NORMAL以上でスコア50000を達成しよう
mst.mission.3300356._title,楽曲『名前呼びあうように』の難易度NORMAL以上でスコア50000を達成しよう
mst.mission.3300356._detail,楽曲『名前呼びあうように』の難易度NORMAL以上でスコア50000を達成しよう
mst.mission.3300357._title,楽曲『Including you』の難易度NORMAL以上でスコア50000を達成しよう
mst.mission.3300357._detail,楽曲『Including you』の難易度NORMAL以上でスコア50000を達成しよう
mst.mission.3300358._title,楽曲『キラーキューン☆』の難易度NORMAL以上でスコア50000を達成しよう
mst.mission.3300358._detail,楽曲『キラーキューン☆』の難易度NORMAL以上でスコア50000を達成しよう
mst.mission.3300359._title,楽曲『シェキラ☆☆☆』の難易度NORMAL以上でスコア50000を達成しよう
mst.mission.3300359._detail,楽曲『シェキラ☆☆☆』の難易度NORMAL以上でスコア50000を達成しよう
mst.mission.3300360._title,楽曲『オルタネイト』の難易度NORMAL以上でスコア50000を達成しよう
mst.mission.3300360._detail,楽曲『オルタネイト』の難易度NORMAL以上でスコア50000を達成しよう
mst.mission.3300361._title,楽曲『ベロア』の難易度NORMAL以上でスコア50000を達成しよう
mst.mission.3300361._detail,楽曲『ベロア』の難易度NORMAL以上でスコア50000を達成しよう
mst.mission.3300362._title,楽曲『A Little Love』の難易度NORMAL以上でスコア50000を達成しよう
mst.mission.3300362._detail,楽曲『A Little Love』の難易度NORMAL以上でスコア50000を達成しよう
mst.mission.3300363._title,Liella!のメンバーを参加させて5回ライブしよう
mst.mission.3300363._detail,Liella!のメンバーを参加させて5回ライブしよう
mst.mission.3300364._title,Liella!のメンバーを参加させて10回ライブしよう
mst.mission.3300364._detail,Liella!のメンバーを参加させて10回ライブしよう
mst.mission.3300365._title,Liella!のメンバーを参加させて15回ライブしよう
mst.mission.3300365._detail,Liella!のメンバーを参加させて15回ライブしよう
mst.mission.3300366._title,Liella!のメンバーを参加させて20回ライブしよう
mst.mission.3300366._detail,Liella!のメンバーを参加させて20回ライブしよう
mst.mission.3300367._title,Liella!のメンバーを参加させて25回ライブしよう
mst.mission.3300367._detail,Liella!のメンバーを参加させて25回ライブしよう
mst.mission.3300368._title,Liella!のメンバーを参加させて30回ライブしよう
mst.mission.3300368._detail,Liella!のメンバーを参加させて30回ライブしよう
mst.mission.3300369._title,Liella!のメンバーを参加させて35回ライブしよう
mst.mission.3300369._detail,Liella!のメンバーを参加させて35回ライブしよう
mst.mission.3300370._title,Liella!のメンバーを参加させて40回ライブしよう
mst.mission.3300370._detail,Liella!のメンバーを参加させて40回ライブしよう
mst.mission.3300371._title,Liella!のメンバーを参加させて45回ライブしよう
mst.mission.3300371._detail,Liella!のメンバーを参加させて45回ライブしよう
mst.mission.3300372._title,Liella!のメンバーを参加させて50回ライブしよう
mst.mission.3300372._detail,Liella!のメンバーを参加させて50回ライブしよう
mst.mission.2900373._title,ライブを5回クリアしよう
mst.mission.2900373._detail,ライブを5回クリアしよう
mst.mission.2900374._title,ライブを10回クリアしよう
mst.mission.2900374._detail,ライブを10回クリアしよう
mst.mission.2900375._title,ライブを15回クリアしよう
mst.mission.2900375._detail,ライブを15回クリアしよう
mst.mission.2900376._title,ライブを20回クリアしよう
mst.mission.2900376._detail,ライブを20回クリアしよう
mst.mission.2900377._title,ライブを25回クリアしよう
mst.mission.2900377._detail,ライブを25回クリアしよう
mst.mission.2900378._title,ライブを30回クリアしよう
mst.mission.2900378._detail,ライブを30回クリアしよう
mst.mission.2900379._title,ライブを35回クリアしよう
mst.mission.2900379._detail,ライブを35回クリアしよう
mst.mission.2900380._title,ライブを40回クリアしよう
mst.mission.2900380._detail,ライブを40回クリアしよう
mst.mission.2900381._title,ライブを45回クリアしよう
mst.mission.2900381._detail,ライブを45回クリアしよう
mst.mission.2900382._title,ライブを50回クリアしよう
mst.mission.2900382._detail,ライブを50回クリアしよう
mst.mission.2900383._title,ライブを55回クリアしよう
mst.mission.2900383._detail,ライブを55回クリアしよう
mst.mission.2900384._title,ライブを60回クリアしよう
mst.mission.2900384._detail,ライブを60回クリアしよう
mst.mission.2900385._title,ライブを65回クリアしよう
mst.mission.2900385._detail,ライブを65回クリアしよう
mst.mission.2900386._title,ライブを70回クリアしよう
mst.mission.2900386._detail,ライブを70回クリアしよう
mst.mission.2900387._title,ライブを75回クリアしよう
mst.mission.2900387._detail,ライブを75回クリアしよう
mst.mission.2900388._title,ライブを80回クリアしよう
mst.mission.2900388._detail,ライブを80回クリアしよう
mst.mission.2900389._title,ライブを85回クリアしよう
mst.mission.2900389._detail,ライブを85回クリアしよう
mst.mission.2900390._title,ライブを90回クリアしよう
mst.mission.2900390._detail,ライブを90回クリアしよう
mst.mission.2900391._title,ライブを95回クリアしよう
mst.mission.2900391._detail,ライブを95回クリアしよう
mst.mission.2900392._title,ライブを100回クリアしよう
mst.mission.2900392._detail,ライブを100回クリアしよう
mst.mission.2900393._title,ライブを110回クリアしよう
mst.mission.2900393._detail,ライブを110回クリアしよう
mst.mission.2900394._title,ライブを120回クリアしよう
mst.mission.2900394._detail,ライブを120回クリアしよう
mst.mission.2900395._title,ライブを130回クリアしよう
mst.mission.2900395._detail,ライブを130回クリアしよう
mst.mission.2900396._title,ライブを140回クリアしよう
mst.mission.2900396._detail,ライブを140回クリアしよう
mst.mission.2900397._title,ライブを150回クリアしよう
mst.mission.2900397._detail,ライブを150回クリアしよう
mst.mission.2900398._title,ライブを160回クリアしよう
mst.mission.2900398._detail,ライブを160回クリアしよう
mst.mission.2900399._title,ライブを170回クリアしよう
mst.mission.2900399._detail,ライブを170回クリアしよう
mst.mission.2900400._title,ライブを180回クリアしよう
mst.mission.2900400._detail,ライブを180回クリアしよう
mst.mission.2900401._title,ライブを190回クリアしよう
mst.mission.2900401._detail,ライブを190回クリアしよう
mst.mission.2900402._title,ライブを200回クリアしよう
mst.mission.2900402._detail,ライブを200回クリアしよう
mst.mission.2900403._title,ライブを210回クリアしよう
mst.mission.2900403._detail,ライブを210回クリアしよう
mst.mission.2900404._title,ライブを220回クリアしよう
mst.mission.2900404._detail,ライブを220回クリアしよう
mst.mission.2900405._title,ライブを230回クリアしよう
mst.mission.2900405._detail,ライブを230回クリアしよう
mst.mission.2900406._title,ライブを240回クリアしよう
mst.mission.2900406._detail,ライブを240回クリアしよう
mst.mission.2900407._title,ライブを250回クリアしよう
mst.mission.2900407._detail,ライブを250回クリアしよう
mst.mission.2900408._title,ライブを260回クリアしよう
mst.mission.2900408._detail,ライブを260回クリアしよう
mst.mission.2900409._title,ライブを270回クリアしよう
mst.mission.2900409._detail,ライブを270回クリアしよう
mst.mission.2900410._title,ライブを280回クリアしよう
mst.mission.2900410._detail,ライブを280回クリアしよう
mst.mission.2900411._title,ライブを290回クリアしよう
mst.mission.2900411._detail,ライブを290回クリアしよう
mst.mission.2900412._title,ライブを300回クリアしよう
mst.mission.2900412._detail,ライブを300回クリアしよう
mst.mission.2900413._title,ライブを310回クリアしよう
mst.mission.2900413._detail,ライブを310回クリアしよう
mst.mission.2900414._title,ライブを320回クリアしよう
mst.mission.2900414._detail,ライブを320回クリアしよう
mst.mission.2900415._title,ライブを330回クリアしよう
mst.mission.2900415._detail,ライブを330回クリアしよう
mst.mission.2900416._title,ライブを340回クリアしよう
mst.mission.2900416._detail,ライブを340回クリアしよう
mst.mission.2900417._title,ライブを350回クリアしよう
mst.mission.2900417._detail,ライブを350回クリアしよう
mst.mission.2900418._title,ライブを360回クリアしよう
mst.mission.2900418._detail,ライブを360回クリアしよう
mst.mission.2900419._title,難易度NORMAL以上でライブを5回フルコンボしよう
mst.mission.2900419._detail,難易度NORMAL以上でライブを5回フルコンボしよう
mst.mission.2900420._title,難易度NORMAL以上でライブを10回フルコンボしよう
mst.mission.2900420._detail,難易度NORMAL以上でライブを10回フルコンボしよう
mst.mission.2900421._title,難易度NORMAL以上でライブを15回フルコンボしよう
mst.mission.2900421._detail,難易度NORMAL以上でライブを15回フルコンボしよう
mst.mission.2900422._title,難易度NORMAL以上でライブを20回フルコンボしよう
mst.mission.2900422._detail,難易度NORMAL以上でライブを20回フルコンボしよう
mst.mission.2900423._title,難易度NORMAL以上でライブを25回フルコンボしよう
mst.mission.2900423._detail,難易度NORMAL以上でライブを25回フルコンボしよう
mst.mission.2900424._title,難易度NORMAL以上でライブを30回フルコンボしよう
mst.mission.2900424._detail,難易度NORMAL以上でライブを30回フルコンボしよう
mst.mission.2900425._title,ラブライブ！の楽曲を5回クリアしよう
mst.mission.2900425._detail,ラブライブ！の楽曲を5回クリアしよう
mst.mission.2900426._title,ラブライブ！の楽曲を10回クリアしよう
mst.mission.2900426._detail,ラブライブ！の楽曲を10回クリアしよう
mst.mission.2900427._title,ラブライブ！の楽曲を20回クリアしよう
mst.mission.2900427._detail,ラブライブ！の楽曲を20回クリアしよう
mst.mission.2900428._title,ラブライブ！の楽曲を30回クリアしよう
mst.mission.2900428._detail,ラブライブ！の楽曲を30回クリアしよう
mst.mission.2900429._title,ラブライブ！の楽曲を40回クリアしよう
mst.mission.2900429._detail,ラブライブ！の楽曲を40回クリアしよう
mst.mission.2900430._title,ラブライブ！の楽曲を50回クリアしよう
mst.mission.2900430._detail,ラブライブ！の楽曲を50回クリアしよう
mst.mission.2900431._title,ラブライブ！の楽曲を60回クリアしよう
mst.mission.2900431._detail,ラブライブ！の楽曲を60回クリアしよう
mst.mission.2900432._title,ラブライブ！サンシャイン!!の楽曲を5回クリアしよう
mst.mission.2900432._detail,ラブライブ！サンシャイン!!の楽曲を5回クリアしよう
mst.mission.2900433._title,ラブライブ！サンシャイン!!の楽曲を10回クリアしよう
mst.mission.2900433._detail,ラブライブ！サンシャイン!!の楽曲を10回クリアしよう
mst.mission.2900434._title,ラブライブ！サンシャイン!!の楽曲を20回クリアしよう
mst.mission.2900434._detail,ラブライブ！サンシャイン!!の楽曲を20回クリアしよう
mst.mission.2900435._title,ラブライブ！サンシャイン!!の楽曲を30回クリアしよう
mst.mission.2900435._detail,ラブライブ！サンシャイン!!の楽曲を30回クリアしよう
mst.mission.2900436._title,ラブライブ！サンシャイン!!の楽曲を40回クリアしよう
mst.mission.2900436._detail,ラブライブ！サンシャイン!!の楽曲を40回クリアしよう
mst.mission.2900437._title,ラブライブ！サンシャイン!!の楽曲を50回クリアしよう
mst.mission.2900437._detail,ラブライブ！サンシャイン!!の楽曲を50回クリアしよう
mst.mission.2900438._title,ラブライブ！サンシャイン!!の楽曲を60回クリアしよう
mst.mission.2900438._detail,ラブライブ！サンシャイン!!の楽曲を60回クリアしよう
mst.mission.2900439._title,ラブライブ！虹ヶ咲学園スクールアイドル同好会の楽曲を5回クリアしよう
mst.mission.2900439._detail,ラブライブ！虹ヶ咲学園スクールアイドル同好会の楽曲を5回クリアしよう
mst.mission.2900440._title,ラブライブ！虹ヶ咲学園スクールアイドル同好会の楽曲を10回クリアしよう
mst.mission.2900440._detail,ラブライブ！虹ヶ咲学園スクールアイドル同好会の楽曲を10回クリアしよう
mst.mission.2900441._title,ラブライブ！虹ヶ咲学園スクールアイドル同好会の楽曲を20回クリアしよう
mst.mission.2900441._detail,ラブライブ！虹ヶ咲学園スクールアイドル同好会の楽曲を20回クリアしよう
mst.mission.2900442._title,ラブライブ！虹ヶ咲学園スクールアイドル同好会の楽曲を30回クリアしよう
mst.mission.2900442._detail,ラブライブ！虹ヶ咲学園スクールアイドル同好会の楽曲を30回クリアしよう
mst.mission.2900443._title,ラブライブ！虹ヶ咲学園スクールアイドル同好会の楽曲を40回クリアしよう
mst.mission.2900443._detail,ラブライブ！虹ヶ咲学園スクールアイドル同好会の楽曲を40回クリアしよう
mst.mission.2900444._title,ラブライブ！虹ヶ咲学園スクールアイドル同好会の楽曲を50回クリアしよう
mst.mission.2900444._detail,ラブライブ！虹ヶ咲学園スクールアイドル同好会の楽曲を50回クリアしよう
mst.mission.2900445._title,ラブライブ！虹ヶ咲学園スクールアイドル同好会の楽曲を60回クリアしよう
mst.mission.2900445._detail,ラブライブ！虹ヶ咲学園スクールアイドル同好会の楽曲を60回クリアしよう
mst.mission.2900446._title,ラブライブ！スーパースター!!の楽曲を5回クリアしよう
mst.mission.2900446._detail,ラブライブ！スーパースター!!の楽曲を5回クリアしよう
mst.mission.2900447._title,ラブライブ！スーパースター!!の楽曲を10回クリアしよう
mst.mission.2900447._detail,ラブライブ！スーパースター!!の楽曲を10回クリアしよう
mst.mission.2900448._title,ラブライブ！スーパースター!!の楽曲を20回クリアしよう
mst.mission.2900448._detail,ラブライブ！スーパースター!!の楽曲を20回クリアしよう
mst.mission.2900449._title,ラブライブ！スーパースター!!の楽曲を30回クリアしよう
mst.mission.2900449._detail,ラブライブ！スーパースター!!の楽曲を30回クリアしよう
mst.mission.2900450._title,ラブライブ！スーパースター!!の楽曲を40回クリアしよう
mst.mission.2900450._detail,ラブライブ！スーパースター!!の楽曲を40回クリアしよう
mst.mission.2900451._title,ラブライブ！スーパースター!!の楽曲を50回クリアしよう
mst.mission.2900451._detail,ラブライブ！スーパースター!!の楽曲を50回クリアしよう
mst.mission.2900452._title,ラブライブ！スーパースター!!の楽曲を60回クリアしよう
mst.mission.2900452._detail,ラブライブ！スーパースター!!の楽曲を60回クリアしよう
mst.mission.2900453._title,ラブライブ！蓮ノ空女学院スクールアイドルクラブの楽曲を5回クリアしよう
mst.mission.2900453._detail,ラブライブ！蓮ノ空女学院スクールアイドルクラブの楽曲を5回クリアしよう
mst.mission.2900454._title,ラブライブ！蓮ノ空女学院スクールアイドルクラブの楽曲を10回クリアしよう
mst.mission.2900454._detail,ラブライブ！蓮ノ空女学院スクールアイドルクラブの楽曲を10回クリアしよう
mst.mission.2900455._title,ラブライブ！蓮ノ空女学院スクールアイドルクラブの楽曲を20回クリアしよう
mst.mission.2900455._detail,ラブライブ！蓮ノ空女学院スクールアイドルクラブの楽曲を20回クリアしよう
mst.mission.2900456._title,ラブライブ！蓮ノ空女学院スクールアイドルクラブの楽曲を30回クリアしよう
mst.mission.2900456._detail,ラブライブ！蓮ノ空女学院スクールアイドルクラブの楽曲を30回クリアしよう
mst.mission.2900457._title,ラブライブ！蓮ノ空女学院スクールアイドルクラブの楽曲を40回クリアしよう
mst.mission.2900457._detail,ラブライブ！蓮ノ空女学院スクールアイドルクラブの楽曲を40回クリアしよう
mst.mission.2900458._title,ラブライブ！蓮ノ空女学院スクールアイドルクラブの楽曲を50回クリアしよう
mst.mission.2900458._detail,ラブライブ！蓮ノ空女学院スクールアイドルクラブの楽曲を50回クリアしよう
mst.mission.2900459._title,ラブライブ！蓮ノ空女学院スクールアイドルクラブの楽曲を60回クリアしよう
mst.mission.2900459._detail,ラブライブ！蓮ノ空女学院スクールアイドルクラブの楽曲を60回クリアしよう
mst.mission.2900460._title,幻日のヨハネ -SUNSHINE in the MIRROR-の楽曲を5回クリアしよう
mst.mission.2900460._detail,幻日のヨハネ -SUNSHINE in the MIRROR-の楽曲を5回クリアしよう
mst.mission.2900461._title,幻日のヨハネ -SUNSHINE in the MIRROR-の楽曲を10回クリアしよう
mst.mission.2900461._detail,幻日のヨハネ -SUNSHINE in the MIRROR-の楽曲を10回クリアしよう
mst.mission.2900462._title,幻日のヨハネ -SUNSHINE in the MIRROR-の楽曲を15回クリアしよう
mst.mission.2900462._detail,幻日のヨハネ -SUNSHINE in the MIRROR-の楽曲を15回クリアしよう
mst.mission.2900463._title,幻日のヨハネ -SUNSHINE in the MIRROR-の楽曲を20回クリアしよう
mst.mission.2900463._detail,幻日のヨハネ -SUNSHINE in the MIRROR-の楽曲を20回クリアしよう
mst.mission.2900464._title,幻日のヨハネ -SUNSHINE in the MIRROR-の楽曲を25回クリアしよう
mst.mission.2900464._detail,幻日のヨハネ -SUNSHINE in the MIRROR-の楽曲を25回クリアしよう
mst.mission.3300465._title,楽曲『僕らのLIVE 君とのLIFE』の難易度NORMAL以上でスコア50000を達成しよう
mst.mission.3300465._detail,楽曲『僕らのLIVE 君とのLIFE』の難易度NORMAL以上でスコア50000を達成しよう
mst.mission.3300466._title,楽曲『Snow halation』の難易度NORMAL以上でスコア50000を達成しよう
mst.mission.3300466._detail,楽曲『Snow halation』の難易度NORMAL以上でスコア50000を達成しよう
mst.mission.3300467._title,楽曲『僕らは今のなかで』の難易度NORMAL以上でスコア50000を達成しよう
mst.mission.3300467._detail,楽曲『僕らは今のなかで』の難易度NORMAL以上でスコア50000を達成しよう
mst.mission.3300468._title,楽曲『Private Wars』の難易度NORMAL以上でスコア50000を達成しよう
mst.mission.3300468._detail,楽曲『Private Wars』の難易度NORMAL以上でスコア50000を達成しよう
mst.mission.3300469._title,楽曲『きっと青春が聞こえる』の難易度NORMAL以上でスコア50000を達成しよう
mst.mission.3300469._detail,楽曲『きっと青春が聞こえる』の難易度NORMAL以上でスコア50000を達成しよう
mst.mission.3300470._title,楽曲『No brand girls』の難易度NORMAL以上でスコア50000を達成しよう
mst.mission.3300470._detail,楽曲『No brand girls』の難易度NORMAL以上でスコア50000を達成しよう
mst.mission.3300471._title,楽曲『それは僕たちの奇跡』の難易度NORMAL以上でスコア50000を達成しよう
mst.mission.3300471._detail,楽曲『それは僕たちの奇跡』の難易度NORMAL以上でスコア50000を達成しよう
mst.mission.3300472._title,楽曲『KiRa-KiRa Sensation!』の難易度NORMAL以上でスコア50000を達成しよう
mst.mission.3300472._detail,楽曲『KiRa-KiRa Sensation!』の難易度NORMAL以上でスコア50000を達成しよう
mst.mission.3300473._title,楽曲『Happy maker!』の難易度NORMAL以上でスコア50000を達成しよう
mst.mission.3300473._detail,楽曲『Happy maker!』の難易度NORMAL以上でスコア50000を達成しよう
mst.mission.3300474._title,楽曲『SUNNY DAY SONG』の難易度NORMAL以上でスコア50000を達成しよう
mst.mission.3300474._detail,楽曲『SUNNY DAY SONG』の難易度NORMAL以上でスコア50000を達成しよう
mst.mission.3300475._title,楽曲『僕たちはひとつの光』の難易度NORMAL以上でスコア50000を達成しよう
mst.mission.3300475._detail,楽曲『僕たちはひとつの光』の難易度NORMAL以上でスコア50000を達成しよう
mst.mission.3300476._title,楽曲『MOMENT RING』の難易度NORMAL以上でスコア50000を達成しよう
mst.mission.3300476._detail,楽曲『MOMENT RING』の難易度NORMAL以上でスコア50000を達成しよう
mst.mission.3300477._title,楽曲『A song for You! You? You!!』の難易度NORMAL以上でスコア50000を達成しよう
mst.mission.3300477._detail,楽曲『A song for You! You? You!!』の難易度NORMAL以上でスコア50000を達成しよう
mst.mission.3300478._title,楽曲『HEART to HEART!』の難易度NORMAL以上でスコア50000を達成しよう
mst.mission.3300478._detail,楽曲『HEART to HEART!』の難易度NORMAL以上でスコア50000を達成しよう
mst.mission.3300479._title,楽曲『嵐のなかの恋だから』の難易度NORMAL以上でスコア50000を達成しよう
mst.mission.3300479._detail,楽曲『嵐のなかの恋だから』の難易度NORMAL以上でスコア50000を達成しよう
mst.mission.3300480._title,楽曲『タカラモノズ』の難易度NORMAL以上でスコア50000を達成しよう
mst.mission.3300480._detail,楽曲『タカラモノズ』の難易度NORMAL以上でスコア50000を達成しよう
mst.mission.3300481._title,楽曲『君のこころは輝いてるかい？』の難易度NORMAL以上でスコア50000を達成しよう
mst.mission.3300481._detail,楽曲『君のこころは輝いてるかい？』の難易度NORMAL以上でスコア50000を達成しよう
mst.mission.3300482._title,楽曲『青空Jumping Heart』の難易度NORMAL以上でスコア50000を達成しよう
mst.mission.3300482._detail,楽曲『青空Jumping Heart』の難易度NORMAL以上でスコア50000を達成しよう
mst.mission.3300483._title,楽曲『ユメ語るよりユメ歌おう』の難易度NORMAL以上でスコア50000を達成しよう
mst.mission.3300483._detail,楽曲『ユメ語るよりユメ歌おう』の難易度NORMAL以上でスコア50000を達成しよう
mst.mission.3300484._title,楽曲『MIRAI TICKET』の難易度NORMAL以上でスコア50000を達成しよう
mst.mission.3300484._detail,楽曲『MIRAI TICKET』の難易度NORMAL以上でスコア50000を達成しよう
mst.mission.3300485._title,楽曲『HAPPY PARTY TRAIN』の難易度NORMAL以上でスコア50000を達成しよう
mst.mission.3300485._detail,楽曲『HAPPY PARTY TRAIN』の難易度NORMAL以上でスコア50000を達成しよう
mst.mission.3300486._title,楽曲『未来の僕らは知ってるよ』の難易度NORMAL以上でスコア50000を達成しよう
mst.mission.3300486._detail,楽曲『未来の僕らは知ってるよ』の難易度NORMAL以上でスコア50000を達成しよう
mst.mission.3300487._title,楽曲『WATER BLUE NEW WORLD』の難易度NORMAL以上でスコア50000を達成しよう
mst.mission.3300487._detail,楽曲『WATER BLUE NEW WORLD』の難易度NORMAL以上でスコア50000を達成しよう
mst.mission.3300488._title,楽曲『Believe again』の難易度NORMAL以上でスコア50000を達成しよう
mst.mission.3300488._detail,楽曲『Believe again』の難易度NORMAL以上でスコア50000を達成しよう
mst.mission.3300489._title,楽曲『Brightest Melody』の難易度NORMAL以上でスコア50000を達成しよう
mst.mission.3300489._detail,楽曲『Brightest Melody』の難易度NORMAL以上でスコア50000を達成しよう
mst.mission.3300490._title,楽曲『Deep Resonance』の難易度NORMAL以上でスコア50000を達成しよう
mst.mission.3300490._detail,楽曲『Deep Resonance』の難易度NORMAL以上でスコア50000を達成しよう
mst.mission.3300491._title,楽曲『未体験HORIZON』の難易度NORMAL以上でスコア50000を達成しよう
mst.mission.3300491._detail,楽曲『未体験HORIZON』の難易度NORMAL以上でスコア50000を達成しよう
mst.mission.3300492._title,楽曲『KOKORO Magic “A to Z”』の難易度NORMAL以上でスコア50000を達成しよう
mst.mission.3300492._detail,楽曲『KOKORO Magic “A to Z”』の難易度NORMAL以上でスコア50000を達成しよう
mst.mission.3300493._title,楽曲『DREAMY COLOR』の難易度NORMAL以上でスコア50000を達成しよう
mst.mission.3300493._detail,楽曲『DREAMY COLOR』の難易度NORMAL以上でスコア50000を達成しよう
mst.mission.3300494._title,楽曲『幻日ミステリウム』の難易度NORMAL以上でスコア50000を達成しよう
mst.mission.3300494._detail,楽曲『幻日ミステリウム』の難易度NORMAL以上でスコア50000を達成しよう
mst.mission.3300495._title,楽曲『想いよひとつになれ (9人Ver.)』の難易度NORMAL以上でスコア50000を達成しよう
mst.mission.3300495._detail,楽曲『想いよひとつになれ (9人Ver.)』の難易度NORMAL以上でスコア50000を達成しよう
mst.mission.3300496._title,楽曲『ジングルベルがとまらない』の難易度NORMAL以上でスコア50000を達成しよう
mst.mission.3300496._detail,楽曲『ジングルベルがとまらない』の難易度NORMAL以上でスコア50000を達成しよう
mst.mission.3300497._title,楽曲『TOKIMEKI Runners（12人 Ver.）』の難易度NORMAL以上でスコア50000を達成しよう
mst.mission.3300497._detail,楽曲『TOKIMEKI Runners（12人 Ver.）』の難易度NORMAL以上でスコア50000を達成しよう
mst.mission.3300498._title,楽曲『Dream with You』の難易度NORMAL以上でスコア50000を達成しよう
mst.mission.3300498._detail,楽曲『Dream with You』の難易度NORMAL以上でスコア50000を達成しよう
mst.mission.3300499._title,楽曲『無敵級*ビリーバー』の難易度NORMAL以上でスコア50000を達成しよう
mst.mission.3300499._detail,楽曲『無敵級*ビリーバー』の難易度NORMAL以上でスコア50000を達成しよう
mst.mission.3300500._title,楽曲『オードリー』の難易度NORMAL以上でスコア50000を達成しよう
mst.mission.3300500._detail,楽曲『オードリー』の難易度NORMAL以上でスコア50000を達成しよう
mst.mission.3300501._title,楽曲『VIVID WORLD』の難易度NORMAL以上でスコア50000を達成しよう
mst.mission.3300501._detail,楽曲『VIVID WORLD』の難易度NORMAL以上でスコア50000を達成しよう
mst.mission.3300502._title,楽曲『めっちゃGoing!!』の難易度NORMAL以上でスコア50000を達成しよう
mst.mission.3300502._detail,楽曲『めっちゃGoing!!』の難易度NORMAL以上でスコア50000を達成しよう
mst.mission.3300503._title,楽曲『Butterfly』の難易度NORMAL以上でスコア50000を達成しよう
mst.mission.3300503._detail,楽曲『Butterfly』の難易度NORMAL以上でスコア50000を達成しよう
mst.mission.3300504._title,楽曲『CHASE!』の難易度NORMAL以上でスコア50000を達成しよう
mst.mission.3300504._detail,楽曲『CHASE!』の難易度NORMAL以上でスコア50000を達成しよう
mst.mission.3300505._title,楽曲『哀温ノ詩』の難易度NORMAL以上でスコア50000を達成しよう
mst.mission.3300505._detail,楽曲『哀温ノ詩』の難易度NORMAL以上でスコア50000を達成しよう
mst.mission.3300506._title,楽曲『ツナガルコネクト』の難易度NORMAL以上でスコア50000を達成しよう
mst.mission.3300506._detail,楽曲『ツナガルコネクト』の難易度NORMAL以上でスコア50000を達成しよう
mst.mission.3300507._title,楽曲『翠いカナリア』の難易度NORMAL以上でスコア50000を達成しよう
mst.mission.3300507._detail,楽曲『翠いカナリア』の難易度NORMAL以上でスコア50000を達成しよう
mst.mission.3300508._title,楽曲『I'm Still...』の難易度NORMAL以上でスコア50000を達成しよう
mst.mission.3300508._detail,楽曲『I'm Still...』の難易度NORMAL以上でスコア50000を達成しよう
mst.mission.3300509._title,楽曲『Eutopia』の難易度NORMAL以上でスコア50000を達成しよう
mst.mission.3300509._detail,楽曲『Eutopia』の難易度NORMAL以上でスコア50000を達成しよう
mst.mission.3300510._title,楽曲『L！L！L！ (Love the Life We Live)』の難易度NORMAL以上でスコア50000を達成しよう
mst.mission.3300510._detail,楽曲『L！L！L！ (Love the Life We Live)』の難易度NORMAL以上でスコア50000を達成しよう
mst.mission.3300511._title,楽曲『New Year's March！(1~6月Ver.)』の難易度NORMAL以上でスコア50000を達成しよう
mst.mission.3300511._detail,楽曲『New Year's March！(1~6月Ver.)』の難易度NORMAL以上でスコア50000を達成しよう
mst.mission.3300512._title,楽曲『New Year's March！(7~12月Ver.)』の難易度NORMAL以上でスコア50000を達成しよう
mst.mission.3300512._detail,楽曲『New Year's March！(7~12月Ver.)』の難易度NORMAL以上でスコア50000を達成しよう
mst.mission.3300513._title,楽曲『始まりは君の空』の難易度NORMAL以上でスコア50000を達成しよう
mst.mission.3300513._detail,楽曲『始まりは君の空』の難易度NORMAL以上でスコア50000を達成しよう
mst.mission.3300514._title,楽曲『START!! True dreams』の難易度NORMAL以上でスコア50000を達成しよう
mst.mission.3300514._detail,楽曲『START!! True dreams』の難易度NORMAL以上でスコア50000を達成しよう
mst.mission.3300515._title,楽曲『未来予報ハレルヤ！』の難易度NORMAL以上でスコア50000を達成しよう
mst.mission.3300515._detail,楽曲『未来予報ハレルヤ！』の難易度NORMAL以上でスコア50000を達成しよう
mst.mission.3300516._title,楽曲『HOT PASSION!!』の難易度NORMAL以上でスコア50000を達成しよう
mst.mission.3300516._detail,楽曲『HOT PASSION!!』の難易度NORMAL以上でスコア50000を達成しよう
mst.mission.3300517._title,楽曲『未来は風のように』の難易度NORMAL以上でスコア50000を達成しよう
mst.mission.3300517._detail,楽曲『未来は風のように』の難易度NORMAL以上でスコア50000を達成しよう
mst.mission.3300518._title,楽曲『Starlight Prologue』の難易度NORMAL以上でスコア50000を達成しよう
mst.mission.3300518._detail,楽曲『Starlight Prologue』の難易度NORMAL以上でスコア50000を達成しよう
mst.mission.3300519._title,楽曲『WE WILL‼』の難易度NORMAL以上でスコア50000を達成しよう
mst.mission.3300519._detail,楽曲『WE WILL‼』の難易度NORMAL以上でスコア50000を達成しよう
mst.mission.3300520._title,楽曲『追いかける夢の先で』の難易度NORMAL以上でスコア50000を達成しよう
mst.mission.3300520._detail,楽曲『追いかける夢の先で』の難易度NORMAL以上でスコア50000を達成しよう
mst.mission.3300521._title,楽曲『Butterfly Wing』の難易度NORMAL以上でスコア50000を達成しよう
mst.mission.3300521._detail,楽曲『Butterfly Wing』の難易度NORMAL以上でスコア50000を達成しよう
mst.mission.3300522._title,楽曲『ビタミンSUMMER！』の難易度NORMAL以上でスコア50000を達成しよう
mst.mission.3300522._detail,楽曲『ビタミンSUMMER！』の難易度NORMAL以上でスコア50000を達成しよう
mst.mission.3300523._title,楽曲『Sing！Shine！Smile！』の難易度NORMAL以上でスコア50000を達成しよう
mst.mission.3300523._detail,楽曲『Sing！Shine！Smile！』の難易度NORMAL以上でスコア50000を達成しよう
mst.mission.3300524._title,楽曲『未来の音が聴こえる』の難易度NORMAL以上でスコア50000を達成しよう
mst.mission.3300524._detail,楽曲『未来の音が聴こえる』の難易度NORMAL以上でスコア50000を達成しよう
mst.mission.3300525._title,楽曲『UNIVERSE!!』の難易度NORMAL以上でスコア50000を達成しよう
mst.mission.3300525._detail,楽曲『UNIVERSE!!』の難易度NORMAL以上でスコア50000を達成しよう
mst.mission.3300526._title,楽曲『Jump Into the New World』の難易度NORMAL以上でスコア50000を達成しよう
mst.mission.3300526._detail,楽曲『Jump Into the New World』の難易度NORMAL以上でスコア50000を達成しよう
mst.mission.3300527._title,楽曲『私のSymphony ～2023Ver.～』の難易度NORMAL以上でスコア50000を達成しよう
mst.mission.3300527._detail,楽曲『私のSymphony ～2023Ver.～』の難易度NORMAL以上でスコア50000を達成しよう
mst.mission.3300528._title,楽曲『MIRACLE NEW STORY』の難易度NORMAL以上でスコア50000を達成しよう
mst.mission.3300528._detail,楽曲『MIRACLE NEW STORY』の難易度NORMAL以上でスコア50000を達成しよう
mst.mission.1073001._title,【ストーリー解放条件用】（非表示）
mst.mission.1073001._detail,ラブライブ！の楽曲を1回クリアする
mst.mission.1073002._title,【ストーリー解放条件用】（非表示）
mst.mission.1073002._detail,ラブライブ！の楽曲を10回クリアする
mst.mission.1073003._title,【ストーリー解放条件用】（非表示）
mst.mission.1073003._detail,ラブライブ！の楽曲を30回クリアする
mst.mission.1073004._title,【ストーリー解放条件用】（非表示）
mst.mission.1073004._detail,ラブライブ！の楽曲を50回クリアする
mst.mission.1073005._title,【ストーリー解放条件用】（非表示）
mst.mission.1073005._detail,ラブライブ！の楽曲を70回クリアする
mst.mission.1073006._title,【ストーリー解放条件用】（非表示）
mst.mission.1073006._detail,ラブライブ！サンシャイン!!の楽曲を1回クリアする
mst.mission.1073007._title,【ストーリー解放条件用】（非表示）
mst.mission.1073007._detail,ラブライブ！サンシャイン!!の楽曲を10回クリアする
mst.mission.1073008._title,【ストーリー解放条件用】（非表示）
mst.mission.1073008._detail,ラブライブ！サンシャイン!!の楽曲を30回クリアする
mst.mission.1073009._title,【ストーリー解放条件用】（非表示）
mst.mission.1073009._detail,ラブライブ！サンシャイン!!の楽曲を50回クリアする
mst.mission.1073010._title,【ストーリー解放条件用】（非表示）
mst.mission.1073010._detail,ラブライブ！サンシャイン!!の楽曲を70回クリアする
mst.mission.1073011._title,【ストーリー解放条件用】（非表示）
mst.mission.1073011._detail,ラブライブ！虹ヶ咲学園スクールアイドル同好会の楽曲を1回クリアする
mst.mission.1073012._title,【ストーリー解放条件用】（非表示）
mst.mission.1073012._detail,ラブライブ！虹ヶ咲学園スクールアイドル同好会の楽曲を2回クリアする
mst.mission.1073013._title,【ストーリー解放条件用】（非表示）
mst.mission.1073013._detail,ラブライブ！虹ヶ咲学園スクールアイドル同好会の楽曲を3回クリアする
mst.mission.1073014._title,【ストーリー解放条件用】（非表示）
mst.mission.1073014._detail,ラブライブ！虹ヶ咲学園スクールアイドル同好会の楽曲を4回クリアする
mst.mission.1073015._title,【ストーリー解放条件用】（非表示）
mst.mission.1073015._detail,ラブライブ！虹ヶ咲学園スクールアイドル同好会の楽曲を5回クリアする
mst.mission.1073016._title,【ストーリー解放条件用】（非表示）
mst.mission.1073016._detail,ラブライブ！スーパースター!!の楽曲を1回クリアする
mst.mission.1073017._title,【ストーリー解放条件用】（非表示）
mst.mission.1073017._detail,ラブライブ！スーパースター!!の楽曲を10回クリアする
mst.mission.1073018._title,【ストーリー解放条件用】（非表示）
mst.mission.1073018._detail,ラブライブ！スーパースター!!の楽曲を30回クリアする
mst.mission.1073019._title,【ストーリー解放条件用】（非表示）
mst.mission.1073019._detail,ラブライブ！スーパースター!!の楽曲を50回クリアする
mst.mission.1073020._title,【ストーリー解放条件用】（非表示）
mst.mission.1073020._detail,ラブライブ！スーパースター!!の楽曲を70回クリアする
mst.mission.1073021._title,【ストーリー解放条件用】（非表示）
mst.mission.1073021._detail,ラブライブ！サンシャイン!!の楽曲を50回クリアする
mst.mission.1073022._title,【ストーリー解放条件用】（非表示）
mst.mission.1073022._detail,ラブライブ！サンシャイン!!の楽曲を70回クリアする
mst.mission.1073023._title,【ストーリー解放条件用】（非表示）
mst.mission.1073023._detail,ラブライブ！スーパースター!!の楽曲を50回クリアする
mst.mission.1073024._title,【ストーリー解放条件用】（非表示）
mst.mission.1073024._detail,ラブライブ！スーパースター!!の楽曲を70回クリアする
mst.mission.1073025._title,【ストーリー解放条件用】（非表示）
mst.mission.1073025._detail,ラブライブ！虹ヶ咲学園スクールアイドル同好会の楽曲を10回クリアする
mst.mission.1073026._title,【ストーリー解放条件用】（非表示）
mst.mission.1073026._detail,ラブライブ！虹ヶ咲学園スクールアイドル同好会の楽曲を10回クリアする
mst.mission.1073027._title,【ストーリー解放条件用】（非表示）
mst.mission.1073027._detail,ラブライブ！虹ヶ咲学園スクールアイドル同好会の楽曲を10回クリアする
mst.mission.1073028._title,【ストーリー解放条件用】（非表示）
mst.mission.1073028._detail,ラブライブ！虹ヶ咲学園スクールアイドル同好会の楽曲を10回クリアする
mst.mission.1073029._title,【ストーリー解放条件用】（非表示）
mst.mission.1073029._detail,ラブライブ！虹ヶ咲学園スクールアイドル同好会の楽曲を10回クリアする
mst.mission.1073030._title,【ストーリー解放条件用】（非表示）
mst.mission.1073030._detail,ラブライブ！虹ヶ咲学園スクールアイドル同好会の楽曲を10回クリアする
mst.mission.1073031._title,【ストーリー解放条件用】（非表示）
mst.mission.1073031._detail,ラブライブ！虹ヶ咲学園スクールアイドル同好会の楽曲を10回クリアする
mst.mission.1073032._title,【ストーリー解放条件用】（非表示）
mst.mission.1073032._detail,ラブライブ！虹ヶ咲学園スクールアイドル同好会の楽曲を10回クリアする
mst.mission.1073033._title,【ストーリー解放条件用】（非表示）
mst.mission.1073033._detail,ラブライブ！虹ヶ咲学園スクールアイドル同好会の楽曲を10回クリアする
mst.mission.1073034._title,【ストーリー解放条件用】（非表示）
mst.mission.1073034._detail,ラブライブ！虹ヶ咲学園スクールアイドル同好会の楽曲を10回クリアする
mst.mission.1073035._title,【ストーリー解放条件用】（非表示）
mst.mission.1073035._detail,ラブライブ！虹ヶ咲学園スクールアイドル同好会の楽曲を10回クリアする
mst.mission.1073036._title,【ストーリー解放条件用】（非表示）
mst.mission.1073036._detail,ラブライブ！虹ヶ咲学園スクールアイドル同好会の楽曲を10回クリアする
mst.mission.1073037._title,【ストーリー解放条件用】（非表示）
mst.mission.1073037._detail,ラブライブ！虹ヶ咲学園スクールアイドル同好会の楽曲を15回クリアする
mst.mission.1073038._title,【ストーリー解放条件用】（非表示）
mst.mission.1073038._detail,ラブライブ！虹ヶ咲学園スクールアイドル同好会の楽曲を15回クリアする
mst.mission.1073039._title,【ストーリー解放条件用】（非表示）
mst.mission.1073039._detail,ラブライブ！虹ヶ咲学園スクールアイドル同好会の楽曲を15回クリアする
mst.mission.1073040._title,【ストーリー解放条件用】（非表示）
mst.mission.1073040._detail,ラブライブ！虹ヶ咲学園スクールアイドル同好会の楽曲を15回クリアする
mst.mission.1073041._title,【ストーリー解放条件用】（非表示）
mst.mission.1073041._detail,ラブライブ！虹ヶ咲学園スクールアイドル同好会の楽曲を15回クリアする
mst.mission.1073042._title,【ストーリー解放条件用】（非表示）
mst.mission.1073042._detail,ラブライブ！虹ヶ咲学園スクールアイドル同好会の楽曲を15回クリアする
mst.mission.1073043._title,【ストーリー解放条件用】（非表示）
mst.mission.1073043._detail,ラブライブ！虹ヶ咲学園スクールアイドル同好会の楽曲を15回クリアする
mst.mission.1073044._title,【ストーリー解放条件用】（非表示）
mst.mission.1073044._detail,ラブライブ！虹ヶ咲学園スクールアイドル同好会の楽曲を15回クリアする
mst.mission.1073045._title,【ストーリー解放条件用】（非表示）
mst.mission.1073045._detail,ラブライブ！虹ヶ咲学園スクールアイドル同好会の楽曲を15回クリアする
mst.mission.1073046._title,【ストーリー解放条件用】（非表示）
mst.mission.1073046._detail,ラブライブ！虹ヶ咲学園スクールアイドル同好会の楽曲を15回クリアする
mst.mission.1073047._title,【ストーリー解放条件用】（非表示）
mst.mission.1073047._detail,ラブライブ！虹ヶ咲学園スクールアイドル同好会の楽曲を15回クリアする
mst.mission.1073048._title,【ストーリー解放条件用】（非表示）
mst.mission.1073048._detail,ラブライブ！虹ヶ咲学園スクールアイドル同好会の楽曲を15回クリアする
mst.mission.1073049._title,【ストーリー解放条件用】（非表示）
mst.mission.1073049._detail,ラブライブ！虹ヶ咲学園スクールアイドル同好会の楽曲を20回クリアする
mst.mission.1073050._title,【ストーリー解放条件用】（非表示）
mst.mission.1073050._detail,ラブライブ！虹ヶ咲学園スクールアイドル同好会の楽曲を20回クリアする
mst.mission.1073051._title,【ストーリー解放条件用】（非表示）
mst.mission.1073051._detail,ラブライブ！虹ヶ咲学園スクールアイドル同好会の楽曲を20回クリアする
mst.mission.1073052._title,【ストーリー解放条件用】（非表示）
mst.mission.1073052._detail,ラブライブ！虹ヶ咲学園スクールアイドル同好会の楽曲を20回クリアする
mst.mission.1073053._title,【ストーリー解放条件用】（非表示）
mst.mission.1073053._detail,ラブライブ！虹ヶ咲学園スクールアイドル同好会の楽曲を20回クリアする
mst.mission.1073054._title,【ストーリー解放条件用】（非表示）
mst.mission.1073054._detail,ラブライブ！虹ヶ咲学園スクールアイドル同好会の楽曲を20回クリアする
mst.mission.1073055._title,【ストーリー解放条件用】（非表示）
mst.mission.1073055._detail,ラブライブ！虹ヶ咲学園スクールアイドル同好会の楽曲を20回クリアする
mst.mission.1073056._title,【ストーリー解放条件用】（非表示）
mst.mission.1073056._detail,ラブライブ！虹ヶ咲学園スクールアイドル同好会の楽曲を20回クリアする
mst.mission.1073057._title,【ストーリー解放条件用】（非表示）
mst.mission.1073057._detail,ラブライブ！虹ヶ咲学園スクールアイドル同好会の楽曲を20回クリアする
mst.mission.1073058._title,【ストーリー解放条件用】（非表示）
mst.mission.1073058._detail,ラブライブ！虹ヶ咲学園スクールアイドル同好会の楽曲を20回クリアする
mst.mission.1073059._title,【ストーリー解放条件用】（非表示）
mst.mission.1073059._detail,ラブライブ！虹ヶ咲学園スクールアイドル同好会の楽曲を20回クリアする
mst.mission.1073060._title,【ストーリー解放条件用】（非表示）
mst.mission.1073060._detail,ラブライブ！虹ヶ咲学園スクールアイドル同好会の楽曲を20回クリアする
mst.mission.1073061._title,【ストーリー解放条件用】（非表示）
mst.mission.1073061._detail,ラブライブ！の楽曲を90回クリアする
mst.mission.1073062._title,【ストーリー解放条件用】（非表示）
mst.mission.1073062._detail,ラブライブ！の楽曲を110回クリアする
mst.mission.1073063._title,【ストーリー解放条件用】（非表示）
mst.mission.1073063._detail,ラブライブ！の楽曲を130回クリアする
mst.mission.1073064._title,【ストーリー解放条件用】（非表示）
mst.mission.1073064._detail,ラブライブ！スーパースター!!の楽曲を10回クリアする
mst.mission.1073065._title,【ストーリー解放条件用】（非表示）
mst.mission.1073065._detail,ラブライブ！スーパースター!!の楽曲を15回クリアする
mst.mission.1073066._title,【ストーリー解放条件用】（非表示）
mst.mission.1073066._detail,ラブライブ！スーパースター!!の楽曲を20回クリアする
mst.mission.1805001._title,ライブをクリアしよう
mst.mission.1805001._detail,ライブをクリアしよう
mst.mission.1805002._title,ライブを2回クリアしよう
mst.mission.1805002._detail,ライブを2回クリアしよう
mst.mission.1805003._title,ライブを3回クリアしよう
mst.mission.1805003._detail,ライブを3回クリアしよう
mst.mission.1805004._title,ライブを4回クリアしよう
mst.mission.1805004._detail,ライブを4回クリアしよう
mst.mission.1805005._title,ライブを5回クリアしよう
mst.mission.1805005._detail,ライブを5回クリアしよう
mst.mission.1805006._title,ライブを6回クリアしよう
mst.mission.1805006._detail,ライブを6回クリアしよう
mst.mission.1805007._title,ライブを7回クリアしよう
mst.mission.1805007._detail,ライブを7回クリアしよう
mst.mission.1805008._title,ライブを8回クリアしよう
mst.mission.1805008._detail,ライブを8回クリアしよう
mst.mission.1805009._title,ライブを9回クリアしよう
mst.mission.1805009._detail,ライブを9回クリアしよう
mst.mission.1805010._title,ライブを10回クリアしよう
mst.mission.1805010._detail,ライブを10回クリアしよう
mst.mission.1805011._title,ライブを11回クリアしよう
mst.mission.1805011._detail,ライブを11回クリアしよう
mst.mission.1805012._title,ライブを12回クリアしよう
mst.mission.1805012._detail,ライブを12回クリアしよう
mst.mission.1805013._title,ライブを13回クリアしよう
mst.mission.1805013._detail,ライブを13回クリアしよう
mst.mission.1805014._title,ライブを14回クリアしよう
mst.mission.1805014._detail,ライブを14回クリアしよう
mst.mission.1805015._title,ライブを15回クリアしよう
mst.mission.1805015._detail,ライブを15回クリアしよう
mst.mission.1805016._title,ライブを16回クリアしよう
mst.mission.1805016._detail,ライブを16回クリアしよう
mst.mission.1805017._title,ライブを17回クリアしよう
mst.mission.1805017._detail,ライブを17回クリアしよう
mst.mission.1805018._title,ライブを18回クリアしよう
mst.mission.1805018._detail,ライブを18回クリアしよう
mst.mission.1805019._title,ライブを19回クリアしよう
mst.mission.1805019._detail,ライブを19回クリアしよう
mst.mission.1805020._title,ライブを20回クリアしよう
mst.mission.1805020._detail,ライブを20回クリアしよう
mst.mission.1805021._title,ライブを21回クリアしよう
mst.mission.1805021._detail,ライブを21回クリアしよう
mst.mission.1805022._title,ライブを22回クリアしよう
mst.mission.1805022._detail,ライブを22回クリアしよう
mst.mission.1805023._title,ライブを23回クリアしよう
mst.mission.1805023._detail,ライブを23回クリアしよう
mst.mission.1805024._title,ライブを24回クリアしよう
mst.mission.1805024._detail,ライブを24回クリアしよう
mst.mission.1805025._title,ライブを25回クリアしよう
mst.mission.1805025._detail,ライブを25回クリアしよう
mst.mission.1805026._title,ライブを28回クリアしよう
mst.mission.1805026._detail,ライブを28回クリアしよう
mst.mission.1805027._title,ライブを30回クリアしよう
mst.mission.1805027._detail,ライブを30回クリアしよう
mst.mission.1805028._title,ライブを33回クリアしよう
mst.mission.1805028._detail,ライブを33回クリアしよう
mst.mission.1805029._title,ライブを35回クリアしよう
mst.mission.1805029._detail,ライブを35回クリアしよう
mst.mission.1805030._title,ライブを38回クリアしよう
mst.mission.1805030._detail,ライブを38回クリアしよう
mst.mission.1805031._title,ライブを40回クリアしよう
mst.mission.1805031._detail,ライブを40回クリアしよう
mst.mission.1805032._title,ライブを43回クリアしよう
mst.mission.1805032._detail,ライブを43回クリアしよう
mst.mission.1805033._title,ライブを45回クリアしよう
mst.mission.1805033._detail,ライブを45回クリアしよう
mst.mission.1805034._title,ライブを48回クリアしよう
mst.mission.1805034._detail,ライブを48回クリアしよう
mst.mission.1805035._title,ライブを50回クリアしよう
mst.mission.1805035._detail,ライブを50回クリアしよう
