_key,_text
mst.title.4293000001._name,【称号】音ノ木坂学院生
mst.title.4293000001._detailText,国立音ノ木坂学院の生徒である証
mst.title.4293000002._name,【称号】スクフェス初心者
mst.title.4293000002._detailText,スクフェス始めました！
mst.title.4293000003._name,【称号】ライブ大好き！
mst.title.4293000003._detailText,たくさんのライブを行ったライブ好きに贈られる称号
mst.title.4293000004._name,【称号】FULL COMBO！
mst.title.4293000004._detailText,FULL COMBO！を繰り返したライブ巧者に贈られる称号
mst.title.4293000005._name,【称号】穂乃果推し
mst.title.4293000005._detailText,穂乃果ちゃんが大好き！そんな人のための称号
mst.title.4293000006._name,【称号】絵里推し
mst.title.4293000006._detailText,絵里ちゃんが大好き！そんな人のための称号
mst.title.4293000007._name,【称号】ことり推し
mst.title.4293000007._detailText,ことりちゃんが大好き！そんな人のための称号
mst.title.4293000008._name,【称号】海未推し
mst.title.4293000008._detailText,海未ちゃんが大好き！そんな人のための称号
mst.title.4293000009._name,【称号】凛推し
mst.title.4293000009._detailText,凛ちゃんが大好き！そんな人のための称号
mst.title.4293000010._name,【称号】真姫推し
mst.title.4293000010._detailText,真姫ちゃんが大好き！そんな人のための称号
mst.title.4293000011._name,【称号】希推し
mst.title.4293000011._detailText,希ちゃんが大好き！そんな人のための称号
mst.title.4293000012._name,【称号】花陽推し
mst.title.4293000012._detailText,花陽ちゃんが大好き！そんな人のための称号
mst.title.4293000013._name,【称号】にこ推し
mst.title.4293000013._detailText,にこちゃんが大好き！そんな人のための称号
mst.title.4293000014._name,【称号】Printemps
mst.title.4293000014._detailText,Printempsを応援する人のための称号
mst.title.4293000015._name,【称号】lily white
mst.title.4293000015._detailText,lily whiteを応援する人のための称号
mst.title.4293000016._name,【称号】BiBi
mst.title.4293000016._detailText,BiBiを応援する人のための称号
mst.title.4293000017._name,【称号】にぎやかアイドル研究部
mst.title.4293000017._detailText,たくさんの部員が集まるにぎやかなアイドル研究部
mst.title.4293000018._name,【称号】はなやかアイドル研究部
mst.title.4293000018._detailText,覚醒した部員が集まるはなやかなアイドル研究部
mst.title.4293000019._name,【称号】なかよしアイドル研究部
mst.title.4293000019._detailText,絆を深めた部員が集まるなかよしなアイドル研究部
mst.title.4293000020._name,【称号】がんばりアイドル研究部
mst.title.4293000020._detailText,レベルの高い部員が集まるがんばるアイドル研究部
mst.title.4293000021._name,【称号】友達できた！
mst.title.4293000021._detailText,たくさん友達ができました！
mst.title.4293000022._name,【称号】スカウトマスター
mst.title.4293000022._detailText,たくさんの部員を勧誘したスカウトのスペシャリストに贈られる称号
mst.title.4293000023._name,【称号】浦の星女学院生
mst.title.4293000023._detailText,私立浦の星女学院の生徒である証
mst.title.4293000901._name,スクフェス全国大会2016オンライン予選
mst.title.4293000901._detailText,スクフェス全国大会2016オンライン予選に参加した証
mst.title.4293000902._name,スクフェス全国大会2017オンライン予選
mst.title.4293000902._detailText,スクフェス全国大会2017オンライン予選に参加した証
mst.title.4293000024._name,【称号】音ノ木坂学院1年生
mst.title.4293000024._detailText,音ノ木坂学院の1年生を応援する人のための称号
mst.title.4293000025._name,【称号】音ノ木坂学院2年生
mst.title.4293000025._detailText,音ノ木坂学院の2年生を応援する人のための称号
mst.title.4293000026._name,【称号】音ノ木坂学院3年生
mst.title.4293000026._detailText,音ノ木坂学院の3年生を応援する人のための称号
mst.title.4293000027._name,【称号】浦の星女学院1年生
mst.title.4293000027._detailText,浦の星女学院の1年生を応援する人のための称号
mst.title.4293000028._name,【称号】浦の星女学院2年生
mst.title.4293000028._detailText,浦の星女学院の2年生を応援する人のための称号
mst.title.4293000029._name,【称号】浦の星女学院3年生
mst.title.4293000029._detailText,浦の星女学院の3年生を応援する人のための称号
mst.title.4293000030._name,【称号】千歌推し
mst.title.4293000030._detailText,千歌ちゃんが大好き！そんな人のための称号
mst.title.4293000031._name,【称号】梨子推し
mst.title.4293000031._detailText,梨子ちゃんが大好き！そんな人のための称号
mst.title.4293000032._name,【称号】果南推し
mst.title.4293000032._detailText,果南ちゃんが大好き！そんな人のための称号
mst.title.4293000033._name,【称号】ダイヤ推し
mst.title.4293000033._detailText,ダイヤちゃんが大好き！そんな人のための称号
mst.title.4293000034._name,【称号】曜推し
mst.title.4293000034._detailText,曜ちゃんが大好き！そんな人のための称号
mst.title.4293000035._name,【称号】善子推し
mst.title.4293000035._detailText,善子ちゃんが大好き！そんな人のための称号
mst.title.4293000036._name,【称号】花丸推し
mst.title.4293000036._detailText,花丸ちゃんが大好き！そんな人のための称号
mst.title.4293000037._name,【称号】鞠莉推し
mst.title.4293000037._detailText,鞠莉ちゃんが大好き！そんな人のための称号
mst.title.4293000038._name,【称号】ルビィ推し
mst.title.4293000038._detailText,ルビィちゃんが大好き！そんな人のための称号
mst.title.4293000039._name,【称号】CYaRon！
mst.title.4293000039._detailText,CYaRon！を応援する人のための称号
mst.title.4293000040._name,【称号】AZALEA
mst.title.4293000040._detailText,AZALEAを応援する人のための称号
mst.title.4293000041._name,【称号】Guilty Kiss
mst.title.4293000041._detailText,Guilty Kissを応援する人のための称号
mst.title.4293000042._name,【称号】Step! ZERO to ONE
mst.title.4293000042._detailText,Aqoursの1st LIVE開催を記念した特別な称号
mst.title.4293000043._name,スクフェス全国大会2017ファイナリスト
mst.title.4293000043._detailText,スクフェス全国大会2017ファイナリストに贈られる証
mst.title.4293000044._name,スクフェス全国大会2017第3位
mst.title.4293000044._detailText,スクフェス全国大会2017第3位入賞者に贈られる証
mst.title.4293000045._name,スクフェス全国大会2017準優勝
mst.title.4293000045._detailText,スクフェス全国大会2017準優勝者に贈られる証
mst.title.4293000046._name,スクフェス全国大会2017優勝
mst.title.4293000046._detailText,スクフェス全国大会2017優勝者に贈られる証
mst.title.4293000047._name,【称号】スクフェス4周年[μ's]
mst.title.4293000047._detailText,スクフェスの4周年を記念した特別な称号
mst.title.4293000048._name,【称号】スクフェス4周年[Aqours]
mst.title.4293000048._detailText,スクフェスの4周年を記念した特別な称号
mst.title.4293000049._name,【称号】スクフェス4周年
mst.title.4293000049._detailText,スクフェスの4周年を記念した特別な称号
mst.title.4293000050._name,スクフェス感謝祭2017
mst.title.4293000050._detailText,スクフェス感謝祭2017の開催を記念した称号
mst.title.4293000051._name,【称号】HAPPY PARTY TRAIN TOUR
mst.title.4293000051._detailText,Aqoursの2nd LIVE開催を記念した特別な称号
mst.title.4293000052._name,【称号】HAPPY PARTY TRAIN TOUR[NAGOYA]
mst.title.4293000052._detailText,Aqoursの2nd LIVE開催を記念した特別な称号
mst.title.4293000053._name,【称号】HAPPY PARTY TRAIN TOUR[KOBE]
mst.title.4293000053._detailText,Aqoursの2nd LIVE開催を記念した特別な称号
mst.title.4293000054._name,【称号】HAPPY PARTY TRAIN TOUR[SAITAMA]
mst.title.4293000054._detailText,Aqoursの2nd LIVE開催を記念した特別な称号
mst.title.4293000055._name,【称号】Aqoursクラブ活動 LIVE&FAN MEETING
mst.title.4293000055._detailText,Aqoursクラブ活動 LIVE&FAN MEETINGの開催を記念した特別な称号
mst.title.4293000056._name,Aqoursクラブ活動 LIVE&FAN MEETING[OSAKA]
mst.title.4293000056._detailText,Aqoursクラブ活動 LIVE&FAN MEETING[OSAKA]の開催を記念した特別な称号
mst.title.4293000057._name,Aqoursクラブ活動 LIVE&FAN MEETING[SAPPORO]
mst.title.4293000057._detailText,Aqoursクラブ活動 LIVE&FAN MEETING[SAPPORO]の開催を記念した特別な称号
mst.title.4293000058._name,Aqoursクラブ活動 LIVE&FAN MEETING[NUMAZU]
mst.title.4293000058._detailText,Aqoursクラブ活動 LIVE&FAN MEETING[NUMAZU]の開催を記念した特別な称号
mst.title.4293000059._name,Aqoursクラブ活動 LIVE&FAN MEETING[FUKUOKA]
mst.title.4293000059._detailText,Aqoursクラブ活動 LIVE&FAN MEETING[FUKUOKA]の開催を記念した特別な称号
mst.title.4293000060._name,Aqoursクラブ活動 LIVE&FAN MEETING[NAGOYA]
mst.title.4293000060._detailText,Aqoursクラブ活動 LIVE&FAN MEETING[NAGOYA]の開催を記念した特別な称号
mst.title.4293000061._name,Aqoursクラブ活動 LIVE&FAN MEETING[CHIBA]
mst.title.4293000061._detailText,Aqoursクラブ活動 LIVE&FAN MEETING[CHIBA]の開催を記念した特別な称号
mst.title.4293000062._name,【称号】スクフェスAC1周年
mst.title.4293000062._detailText,スクフェスACの1周年を記念した特別な称号
mst.title.4293000063._name,【称号】みとしー × スクフェス
mst.title.4293000063._detailText,伊豆・三津シーパラダイスとスクフェスのコラボを記念した特別な称号
mst.title.4293000064._name,【称号】みとしーに行ってきたよ！
mst.title.4293000064._detailText,伊豆・三津シーパラダイスへ遊びに行ってきた！
mst.title.4293000065._name,第3回おさんぽラリー[セイウチ]
mst.title.4293000065._detailText,第3回おさんぽラリーの1話をクリアした人に贈られる証
mst.title.4293000066._name,第3回おさんぽラリー[イルカモニュメント]
mst.title.4293000066._detailText,第3回おさんぽラリーの4話をクリアした人に贈られる証
mst.title.4293000067._name,第3回おさんぽラリー[うちっちークッキー]
mst.title.4293000067._detailText,第3回おさんぽラリーの7話をクリアした人に贈られる証
mst.title.4293000068._name,【称号】スクフェスAC1周年・穂乃果
mst.title.4293000068._detailText,スクフェスACの1周年を記念した穂乃果の特別な称号
mst.title.4293000069._name,【称号】スクフェスAC1周年・絵里
mst.title.4293000069._detailText,スクフェスACの1周年を記念した絵里の特別な称号
mst.title.4293000070._name,【称号】スクフェスAC1周年・ことり
mst.title.4293000070._detailText,スクフェスACの1周年を記念したことりの特別な称号
mst.title.4293000071._name,【称号】スクフェスAC1周年・海未
mst.title.4293000071._detailText,スクフェスACの1周年を記念した海未の特別な称号
mst.title.4293000072._name,【称号】スクフェスAC1周年・凛
mst.title.4293000072._detailText,スクフェスACの1周年を記念した凛の特別な称号
mst.title.4293000073._name,【称号】スクフェスAC1周年・真姫
mst.title.4293000073._detailText,スクフェスACの1周年を記念した真姫の特別な称号
mst.title.4293000074._name,【称号】スクフェスAC1周年・希
mst.title.4293000074._detailText,スクフェスACの1周年を記念した希の特別な称号
mst.title.4293000075._name,【称号】スクフェスAC1周年・花陽
mst.title.4293000075._detailText,スクフェスACの1周年を記念した花陽の特別な称号
mst.title.4293000076._name,【称号】スクフェスAC1周年・にこ
mst.title.4293000076._detailText,スクフェスACの1周年を記念したにこの特別な称号
mst.title.4293000077._name,穂乃果ちゃんお誕生日おめでとう！
mst.title.4293000077._detailText,8月3日は高坂穂乃果ちゃんのお誕生日♪
mst.title.4293000078._name,絵里ちゃんお誕生日おめでとう！
mst.title.4293000078._detailText,10月21日は絢瀬絵里ちゃんのお誕生日♪
mst.title.4293000079._name,ことりちゃんお誕生日おめでとう！
mst.title.4293000079._detailText,9月12日は南ことりちゃんのお誕生日♪
mst.title.4293000080._name,海未ちゃんお誕生日おめでとう！
mst.title.4293000080._detailText,3月15日は園田海未ちゃんのお誕生日♪
mst.title.4293000081._name,凛ちゃんお誕生日おめでとう！
mst.title.4293000081._detailText,11月1日は星空 凛ちゃんのお誕生日♪
mst.title.4293000082._name,真姫ちゃんお誕生日おめでとう！
mst.title.4293000082._detailText,4月19日は西木野真姫ちゃんのお誕生日♪
mst.title.4293000083._name,希ちゃんお誕生日おめでとう！
mst.title.4293000083._detailText,6月9日は東條 希ちゃんのお誕生日♪
mst.title.4293000084._name,花陽ちゃんお誕生日おめでとう！
mst.title.4293000084._detailText,1月17日は小泉花陽ちゃんのお誕生日♪
mst.title.4293000085._name,にこちゃんお誕生日おめでとう！
mst.title.4293000085._detailText,7月22日は矢澤にこちゃんのお誕生日♪
mst.title.4293000086._name,千歌ちゃんお誕生日おめでとう！
mst.title.4293000086._detailText,8月1日は高海千歌ちゃんのお誕生日♪
mst.title.4293000087._name,梨子ちゃんお誕生日おめでとう！
mst.title.4293000087._detailText,9月19日は桜内梨子ちゃんのお誕生日♪
mst.title.4293000088._name,果南ちゃんお誕生日おめでとう！
mst.title.4293000088._detailText,2月10日は松浦果南ちゃんのお誕生日♪
mst.title.4293000089._name,ダイヤちゃんお誕生日おめでとう！
mst.title.4293000089._detailText,1月1日は黒澤ダイヤちゃんのお誕生日♪
mst.title.4293000090._name,曜ちゃんお誕生日おめでとう！
mst.title.4293000090._detailText,4月17日は渡辺 曜ちゃんのお誕生日♪
mst.title.4293000091._name,善子ちゃんお誕生日おめでとう！
mst.title.4293000091._detailText,7月13日は津島善子ちゃんのお誕生日♪
mst.title.4293000092._name,花丸ちゃんお誕生日おめでとう！
mst.title.4293000092._detailText,3月4日は国木田花丸ちゃんのお誕生日♪
mst.title.4293000093._name,鞠莉ちゃんお誕生日おめでとう！
mst.title.4293000093._detailText,6月13日は小原鞠莉ちゃんのお誕生日♪
mst.title.4293000094._name,ルビィちゃんお誕生日おめでとう！
mst.title.4293000094._detailText,9月21日は黒澤ルビィちゃんのお誕生日♪
mst.title.4293000095._name,【称号】穂乃果ちゃんが気になる
mst.title.4293000095._detailText,穂乃果ちゃんのことが気になる…！そんな人のための称号
mst.title.4293000096._name,【称号】絵里ちゃんが気になる
mst.title.4293000096._detailText,絵里ちゃんのことが気になる…！そんな人のための称号
mst.title.4293000097._name,【称号】ことりちゃんが気になる
mst.title.4293000097._detailText,ことりちゃんのことが気になる…！そんな人のための称号
mst.title.4293000098._name,【称号】海未ちゃんが気になる
mst.title.4293000098._detailText,海未ちゃんのことが気になる…！そんな人のための称号
mst.title.4293000099._name,【称号】凛ちゃんが気になる
mst.title.4293000099._detailText,凛ちゃんのことが気になる…！そんな人のための称号
mst.title.4293000100._name,【称号】真姫ちゃんが気になる
mst.title.4293000100._detailText,真姫ちゃんのことが気になる…！そんな人のための称号
mst.title.4293000101._name,【称号】希ちゃんが気になる
mst.title.4293000101._detailText,希ちゃんのことが気になる…！そんな人のための称号
mst.title.4293000102._name,【称号】花陽ちゃんが気になる
mst.title.4293000102._detailText,花陽ちゃんのことが気になる…！そんな人のための称号
mst.title.4293000103._name,【称号】にこちゃんが気になる
mst.title.4293000103._detailText,にこちゃんのことが気になる…！そんな人のための称号
mst.title.4293000104._name,【称号】千歌ちゃんが気になる
mst.title.4293000104._detailText,千歌ちゃんのことが気になる…！そんな人のための称号
mst.title.4293000105._name,【称号】梨子ちゃんが気になる
mst.title.4293000105._detailText,梨子ちゃんのことが気になる…！そんな人のための称号
mst.title.4293000106._name,【称号】果南ちゃんが気になる
mst.title.4293000106._detailText,果南ちゃんのことが気になる…！そんな人のための称号
mst.title.4293000107._name,【称号】ダイヤちゃんが気になる
mst.title.4293000107._detailText,ダイヤちゃんのことが気になる…！そんな人のための称号
mst.title.4293000108._name,【称号】曜ちゃんが気になる
mst.title.4293000108._detailText,曜ちゃんのことが気になる…！そんな人のための称号
mst.title.4293000109._name,【称号】善子ちゃんが気になる
mst.title.4293000109._detailText,善子ちゃんのことが気になる…！そんな人のための称号
mst.title.4293000110._name,【称号】花丸ちゃんが気になる
mst.title.4293000110._detailText,花丸ちゃんのことが気になる…！そんな人のための称号
mst.title.4293000111._name,【称号】鞠莉ちゃんが気になる
mst.title.4293000111._detailText,鞠莉ちゃんのことが気になる…！そんな人のための称号
mst.title.4293000112._name,【称号】ルビィちゃんが気になる
mst.title.4293000112._detailText,ルビィちゃんのことが気になる…！そんな人のための称号
mst.title.4293000113._name,【称号】穂乃果激推し
mst.title.4293000113._detailText,いつも明るい太陽みたいなμ'sのリーダー！穂乃果ちゃんが大好きでたまらない人のための称号
mst.title.4293000114._name,【称号】絵里激推し
mst.title.4293000114._detailText,かしこくってかわいい！音ノ木坂の生徒会長絵里ちゃんが大好きでたまらない人のための称号
mst.title.4293000115._name,【称号】ことり激推し
mst.title.4293000115._detailText,あまーいケーキが大好きなμ'sの衣装担当ことりちゃんが大好きでたまらない人のための称号
mst.title.4293000116._name,【称号】海未激推し
mst.title.4293000116._detailText,文武両道！しっかり者の大和撫子な海未ちゃんが大好きでたまらない人のための称号
mst.title.4293000117._name,【称号】凛激推し
mst.title.4293000117._detailText,スポーツ得意！いつも元気いっぱいな凛ちゃんが大好きでたまらない人のための称号
mst.title.4293000118._name,【称号】真姫激推し
mst.title.4293000118._detailText,ツンデレお嬢様なμ'sの作曲担当真姫ちゃんが大好きでたまらない人のための称号
mst.title.4293000119._name,【称号】希激推し
mst.title.4293000119._detailText,占いが得意でミステリアスな雰囲気の希ちゃんが大好きでたまらない人のための称号
mst.title.4293000120._name,【称号】花陽激推し
mst.title.4293000120._detailText,おコメもアイドルも大好き！ちょっぴりシャイな花陽ちゃんが大好きでたまらない人のための称号
mst.title.4293000121._name,【称号】にこ激推し
mst.title.4293000121._detailText,実は家庭的でアイドル部部長のにこちゃんが大好きでたまらない人のための称号
mst.title.4293000122._name,【称号】千歌激推し
mst.title.4293000122._detailText,Aqoursのリーダー！旅館の末っ子で天真爛漫千歌ちゃんが大好きでたまらない人のための称号
mst.title.4293000123._name,【称号】梨子激推し
mst.title.4293000123._detailText,東京からの転校生でピアノが上手な梨子ちゃんが大好きでたまらない人のための称号
mst.title.4293000124._name,【称号】果南激推し
mst.title.4293000124._detailText,皆のお姉さん的存在で海を愛するダイバーの果南ちゃんが大好きでたまらない人のための称号
mst.title.4293000125._name,【称号】ダイヤ激推し
mst.title.4293000125._detailText,浦女の真面目な生徒会長！純和風なダイヤちゃんが大好きでたまらない人のための称号
mst.title.4293000126._name,【称号】曜激推し
mst.title.4293000126._detailText,高飛び込みのエース！将来の夢は船長！曜ちゃんが大好きでたまらない人のための称号
mst.title.4293000127._name,【称号】善子激推し
mst.title.4293000127._detailText,悪魔級不運の持ち主、孤高の堕天使善子ちゃんが大好きでたまらない人のための称号
mst.title.4293000128._name,【称号】花丸激推し
mst.title.4293000128._detailText,おっとりしている図書委員の文学少女花丸ちゃんが大好きでたまらない人のための称号
mst.title.4293000129._name,【称号】鞠莉激推し
mst.title.4293000129._detailText,恐れを知らない陽気なシャイニーガール！鞠莉ちゃんが大好きでたまらない人のための称号
mst.title.4293000130._name,【称号】ルビィ激推し
mst.title.4293000130._detailText,お姉ちゃんっ子で恥ずかしがり屋さんのルビィちゃんが大好きでたまらない人のための称号
mst.title.4293000131._name,【称号】μ's推し
mst.title.4293000131._detailText,μ'sが大好き！そんな人のための称号
mst.title.4293000132._name,【称号】μ's激推し
mst.title.4293000132._detailText,μ'sが大好きでたまらない人のための称号
mst.title.4293000133._name,【称号】音ノ木坂学院・アイドル研究部
mst.title.4293000133._detailText,音ノ木坂学院・アイドル研究部の部員である証
mst.title.4293000134._name,【称号】Aqours推し
mst.title.4293000134._detailText,Aqoursが大好き！そんな人のための称号
mst.title.4293000135._name,【称号】Aqours激推し
mst.title.4293000135._detailText,Aqoursが大好きでたまらない人のための称号
mst.title.4293000136._name,【称号】浦の星女学院・スクールアイドル部
mst.title.4293000136._detailText,浦の星女学院・スクールアイドル部の部員である証
mst.title.4293000137._name,【称号】ファイトだよ！
mst.title.4293000137._detailText,穂乃果ちゃんからひとこと！その1
mst.title.4293000138._name,【称号】ハラショー！
mst.title.4293000138._detailText,絵里ちゃんからひとこと！その1
mst.title.4293000139._name,【称号】ちゅんちゅん♪
mst.title.4293000139._detailText,ことりちゃんからひとこと！その1
mst.title.4293000140._name,【称号】ラブアローシュート！
mst.title.4293000140._detailText,海未ちゃんからひとこと！その1
mst.title.4293000141._name,【称号】にゃんにゃんにゃーん
mst.title.4293000141._detailText,凛ちゃんからひとこと！その1
mst.title.4293000142._name,【称号】なにそれ意味わかんない！
mst.title.4293000142._detailText,真姫ちゃんからひとこと！その1
mst.title.4293000143._name,【称号】スピリチュアルやね☆
mst.title.4293000143._detailText,希ちゃんからひとこと！その1
mst.title.4293000144._name,【称号】ダレカタスケテー
mst.title.4293000144._detailText,花陽ちゃんからひとこと！その1
mst.title.4293000145._name,【称号】にっこにっこにー♪
mst.title.4293000145._detailText,にこちゃんからひとこと！その1
mst.title.4293000146._name,【称号】奇跡だよーっ！
mst.title.4293000146._detailText,千歌ちゃんからひとこと！その1
mst.title.4293000147._name,【称号】梨子ちゃんビーム！
mst.title.4293000147._detailText,梨子ちゃんからひとこと！その1
mst.title.4293000148._name,【称号】ハグしよ♪
mst.title.4293000148._detailText,果南ちゃんからひとこと！その1
mst.title.4293000149._name,【称号】ぶっぶーですわ！
mst.title.4293000149._detailText,ダイヤちゃんからひとこと！その1
mst.title.4293000150._name,【称号】全速前進、ヨーソロー！
mst.title.4293000150._detailText,曜ちゃんからひとこと！その1
mst.title.4293000151._name,【称号】おいで、リトルデーモン♪
mst.title.4293000151._detailText,善子ちゃんからひとこと！その1
mst.title.4293000152._name,【称号】未来ずら〜！
mst.title.4293000152._detailText,花丸ちゃんからひとこと！その1
mst.title.4293000153._name,【称号】シャイニー☆
mst.title.4293000153._detailText,鞠莉ちゃんからひとこと！その1
mst.title.4293000154._name,【称号】がんばルビィ！
mst.title.4293000154._detailText,ルビィちゃんからひとこと！その1
mst.title.4293000903._name,【称号】スクフェス全国大会2018オンライン予選
mst.title.4293000903._detailText,スクフェス全国大会2018オンライン予選に参加した証
mst.title.4293000155._name,【称号】あわしまマリンパーク
mst.title.4293000155._detailText,あわしまマリンパークへ遊びに行ってきた！
mst.title.4293000156._name,【称号】孤島の水族館からの脱出
mst.title.4293000156._detailText,「リアル脱出ゲーム×ラブライブ！サンシャイン!!」スクフェスコラボを記念した特別な称号
mst.title.4293000157._name,第4回おさんぽラリー[フェリー]
mst.title.4293000157._detailText,第4回おさんぽラリーの1話をクリアした人に贈られる証
mst.title.4293000158._name,第4回おさんぽラリー[ペンギン]
mst.title.4293000158._detailText,第4回おさんぽラリーの4話をクリアした人に贈られる証
mst.title.4293000159._name,第4回おさんぽラリー[イセエビ]
mst.title.4293000159._detailText,第4回おさんぽラリーの6話をクリアした人に贈られる証
mst.title.4293000160._name,【称号】スクフェス5周年
mst.title.4293000160._detailText,スクフェスの5周年を記念した特別な称号
mst.title.4293000161._name,【称号】HAKODATE UNIT CARNIVAL
mst.title.4293000161._detailText,HAKODATE UNIT CARNIVALの開催を記念した称号
mst.title.4293000162._name,スクフェス感謝祭2018[大阪]
mst.title.4293000162._detailText,スクフェス感謝祭2018 大阪の開催を記念した称号
mst.title.4293000163._name,スクフェス感謝祭2018[沼津]
mst.title.4293000163._detailText,スクフェス感謝祭2018 沼津の開催を記念した称号
mst.title.4293000164._name,スクフェス感謝祭2018[東京]
mst.title.4293000164._detailText,スクフェス感謝祭2018 東京の開催を記念した称号
mst.title.4293000165._name,【称号】WONDERFUL STORIES[SAITAMA]
mst.title.4293000165._detailText,Aqoursの3rd LIVE開催を記念した特別な称号
mst.title.4293000166._name,【称号】WONDERFUL STORIES
mst.title.4293000166._detailText,Aqoursの3rd LIVE開催を記念した特別な称号
mst.title.4293000167._name,【称号】WONDERFUL STORIES[OSAKA]
mst.title.4293000167._detailText,Aqoursの3rd LIVE開催を記念した特別な称号
mst.title.4293000168._name,【称号】WONDERFUL STORIES[FUKUOKA]
mst.title.4293000168._detailText,Aqoursの3rd LIVE開催を記念した特別な称号
mst.title.4293000169._name,第5回おさんぽラリー[Aqours 3rd LoveLive! Tour]
mst.title.4293000169._detailText,第5回おさんぽラリーで指定ミッションを達成した人だけに贈られる記念の称号
mst.title.4293000170._name,スクフェス全国大会2018ファイナリスト
mst.title.4293000170._detailText,スクフェス全国大会2018ファイナリストに贈られる証
mst.title.4293000171._name,スクフェス全国大会2018第3位
mst.title.4293000171._detailText,スクフェス全国大会2018第3位入賞者に贈られる証
mst.title.4293000172._name,スクフェス全国大会2018準優勝
mst.title.4293000172._detailText,スクフェス全国大会2018準優勝者に贈られる証
mst.title.4293000173._name,スクフェス全国大会2018優勝
mst.title.4293000173._detailText,スクフェス全国大会2018優勝者に贈られる証
mst.title.4293000174._name,Aqoursクラブ活動 LIVE&FAN MEETING 2018
mst.title.4293000174._detailText,Aqours クラブ活動 LIVE & FAN MEETING 2018の開催を記念した特別な称号
mst.title.4293000175._name,Aqoursクラブ活動 LIVE&FAN MEETING 2018[旭川]
mst.title.4293000175._detailText,Aqours クラブ活動 LIVE & FAN MEETING 2018[旭川]の開催を記念した特別な称号
mst.title.4293000176._name,Aqoursクラブ活動 LIVE&FAN MEETING 2018[名古屋]
mst.title.4293000176._detailText,Aqours クラブ活動 LIVE & FAN MEETING 2018[名古屋]の開催を記念した特別な称号
mst.title.4293000177._name,Aqoursクラブ活動 LIVE&FAN MEETING 2018[松山]
mst.title.4293000177._detailText,Aqours クラブ活動 LIVE & FAN MEETING 2018[松山]の開催を記念した特別な称号
mst.title.4293000178._name,Aqoursクラブ活動 LIVE&FAN MEETING 2018[福岡]
mst.title.4293000178._detailText,Aqours クラブ活動 LIVE & FAN MEETING 2018[福岡]の開催を記念した特別な称号
mst.title.4293000179._name,Aqoursクラブ活動 LIVE&FAN MEETING 2018[仙台]
mst.title.4293000179._detailText,Aqours クラブ活動 LIVE & FAN MEETING 2018[仙台]の開催を記念した特別な称号
mst.title.4293000180._name,Aqoursクラブ活動 LIVE&FAN MEETING 2018[千葉]
mst.title.4293000180._detailText,Aqours クラブ活動 LIVE & FAN MEETING 2018[千葉]の開催を記念した特別な称号
mst.title.4293000181._name,Aqoursクラブ活動 LIVE&FAN MEETING 2018[広島]
mst.title.4293000181._detailText,Aqours クラブ活動 LIVE & FAN MEETING 2018[広島]の開催を記念した特別な称号
mst.title.4293000182._name,Aqoursクラブ活動 LIVE&FAN MEETING 2018[金沢]
mst.title.4293000182._detailText,Aqours クラブ活動 LIVE & FAN MEETING 2018[金沢]の開催を記念した特別な称号
mst.title.4293000183._name,Aqoursクラブ活動 LIVE&FAN MEETING 2018[沼津]
mst.title.4293000183._detailText,Aqours クラブ活動 LIVE & FAN MEETING 2018[沼津]の開催を記念した特別な称号
mst.title.4293000184._name,Aqoursクラブ活動 LIVE&FAN MEETING 2018[大阪]
mst.title.4293000184._detailText,Aqours クラブ活動 LIVE & FAN MEETING 2018[大阪]の開催を記念した特別な称号
mst.title.4293000185._name,Aqoursクラブ活動 LIVE&FAN MEETING 2018[東京]
mst.title.4293000185._detailText,Aqours クラブ活動 LIVE & FAN MEETING 2018[東京]の開催を記念した特別な称号
mst.title.4293000186._name,第6回おさんぽラリー[アキバ]
mst.title.4293000186._detailText,第6回おさんぽラリーで指定ミッションを達成した人だけに贈られる記念の称号
mst.title.4293000187._name,第6回おさんぽラリー[ほむまん]
mst.title.4293000187._detailText,穂乃果の実家・老舗和菓子店「穂むら」の名物
mst.title.4293000188._name,【称号】ぷちぐるラブライブ！
mst.title.4293000188._detailText,ぷちぐるラブライブ！とのコラボを記念した称号
mst.title.4293000189._name,【称号】ぷちぐるラブライブ！[穂乃果]
mst.title.4293000189._detailText,ぷちぐるラブライブ！とのコラボを記念した穂乃果ちゃんの称号
mst.title.4293000190._name,【称号】ぷちぐるラブライブ！[絵里]
mst.title.4293000190._detailText,ぷちぐるラブライブ！とのコラボを記念した絵里ちゃんの称号
mst.title.4293000191._name,【称号】ぷちぐるラブライブ！[ことり]
mst.title.4293000191._detailText,ぷちぐるラブライブ！とのコラボを記念したことりちゃんの称号
mst.title.4293000192._name,【称号】ぷちぐるラブライブ！[海未]
mst.title.4293000192._detailText,ぷちぐるラブライブ！とのコラボを記念した海未ちゃんの称号
mst.title.4293000193._name,【称号】ぷちぐるラブライブ！[凛]
mst.title.4293000193._detailText,ぷちぐるラブライブ！とのコラボを記念した凛ちゃんの称号
mst.title.4293000194._name,【称号】ぷちぐるラブライブ！[真姫]
mst.title.4293000194._detailText,ぷちぐるラブライブ！とのコラボを記念した真姫ちゃんの称号
mst.title.4293000195._name,【称号】ぷちぐるラブライブ！[希]
mst.title.4293000195._detailText,ぷちぐるラブライブ！とのコラボを記念した希ちゃんの称号
mst.title.4293000196._name,【称号】ぷちぐるラブライブ！[花陽]
mst.title.4293000196._detailText,ぷちぐるラブライブ！とのコラボを記念した花陽ちゃんの称号
mst.title.4293000197._name,【称号】ぷちぐるラブライブ！[にこ]
mst.title.4293000197._detailText,ぷちぐるラブライブ！とのコラボを記念したにこちゃんの称号
mst.title.4293000198._name,【称号】ぷちぐるラブライブ！[千歌]
mst.title.4293000198._detailText,ぷちぐるラブライブ！とのコラボを記念した千歌ちゃんの称号
mst.title.4293000199._name,【称号】ぷちぐるラブライブ！[梨子]
mst.title.4293000199._detailText,ぷちぐるラブライブ！とのコラボを記念した梨子ちゃんの称号
mst.title.4293000200._name,【称号】ぷちぐるラブライブ！[果南]
mst.title.4293000200._detailText,ぷちぐるラブライブ！とのコラボを記念した果南ちゃんの称号
mst.title.4293000201._name,【称号】ぷちぐるラブライブ！[ダイヤ]
mst.title.4293000201._detailText,ぷちぐるラブライブ！とのコラボを記念したダイヤちゃんの称号
mst.title.4293000202._name,【称号】ぷちぐるラブライブ！[曜]
mst.title.4293000202._detailText,ぷちぐるラブライブ！とのコラボを記念した曜ちゃんの称号
mst.title.4293000203._name,【称号】ぷちぐるラブライブ！[善子]
mst.title.4293000203._detailText,ぷちぐるラブライブ！とのコラボを記念した善子ちゃんの称号
mst.title.4293000204._name,【称号】ぷちぐるラブライブ！[花丸]
mst.title.4293000204._detailText,ぷちぐるラブライブ！とのコラボを記念した花丸ちゃんの称号
mst.title.4293000205._name,【称号】ぷちぐるラブライブ！[鞠莉]
mst.title.4293000205._detailText,ぷちぐるラブライブ！とのコラボを記念した鞠莉ちゃんの称号
mst.title.4293000206._name,【称号】ぷちぐるラブライブ！[ルビィ]
mst.title.4293000206._detailText,ぷちぐるラブライブ！とのコラボを記念したルビィちゃんの称号
mst.title.4293000207._name,【称号】Sailing to the Sunshine
mst.title.4293000207._detailText,Aqoursの4th LIVE開催を記念した特別な称号
mst.title.4293000208._name,【称号】Sailing to the Sunshine[TOKYO]
mst.title.4293000208._detailText,Aqoursの4th LIVE開催を記念した特別な称号
mst.title.4293000209._name,第7回おさんぽラリー[Sailing to the Sunshine]
mst.title.4293000209._detailText,第7回おさんぽラリーで指定ミッションを達成した人だけに贈られる記念の称号
mst.title.4293000210._name,第7回おさんぽラリー[No.10 フォームフィンガー]
mst.title.4293000210._detailText,メンバーと一緒にライブを盛り上げよう！あなたも10人目のAqoursメンバー♪
mst.title.4293000211._name,【称号】スクフェスAC Next Stage 稼働開始記念
mst.title.4293000211._detailText,スクフェスAC Next Stageの稼働開始を記念した特別な称号
mst.title.4293000212._name,【称号】スクフェスACサポーター[穂乃果]
mst.title.4293000212._detailText,スクフェスACを応援する穂乃果ちゃんの特別な称号
mst.title.4293000213._name,【称号】スクフェスACサポーター[絵里]
mst.title.4293000213._detailText,スクフェスACを応援する絵里ちゃんの特別な称号
mst.title.4293000214._name,【称号】スクフェスACサポーター[ことり]
mst.title.4293000214._detailText,スクフェスACを応援することりちゃんの特別な称号
mst.title.4293000215._name,【称号】スクフェスACサポーター[海未]
mst.title.4293000215._detailText,スクフェスACを応援する海未ちゃんの特別な称号
mst.title.4293000216._name,【称号】スクフェスACサポーター[凛]
mst.title.4293000216._detailText,スクフェスACを応援する凛ちゃんの特別な称号
mst.title.4293000217._name,【称号】スクフェスACサポーター[真姫]
mst.title.4293000217._detailText,スクフェスACを応援する真姫ちゃんの特別な称号
mst.title.4293000218._name,【称号】スクフェスACサポーター[希]
mst.title.4293000218._detailText,スクフェスACを応援する希ちゃんの特別な称号
mst.title.4293000219._name,【称号】スクフェスACサポーター[花陽]
mst.title.4293000219._detailText,スクフェスACを応援する花陽ちゃんの特別な称号
mst.title.4293000220._name,【称号】スクフェスACサポーター[にこ]
mst.title.4293000220._detailText,スクフェスACを応援するにこちゃんの特別な称号
mst.title.4293000221._name,【称号】スクフェスACサポーター[千歌]
mst.title.4293000221._detailText,スクフェスACを応援する千歌ちゃんの特別な称号
mst.title.4293000222._name,【称号】スクフェスACサポーター[梨子]
mst.title.4293000222._detailText,スクフェスACを応援する梨子ちゃんの特別な称号
mst.title.4293000223._name,【称号】スクフェスACサポーター[果南]
mst.title.4293000223._detailText,スクフェスACを応援する果南ちゃんの特別な称号
mst.title.4293000224._name,【称号】スクフェスACサポーター[ダイヤ]
mst.title.4293000224._detailText,スクフェスACを応援するダイヤちゃんの特別な称号
mst.title.4293000225._name,【称号】スクフェスACサポーター[曜]
mst.title.4293000225._detailText,スクフェスACを応援する曜ちゃんの特別な称号
mst.title.4293000226._name,【称号】スクフェスACサポーター[善子]
mst.title.4293000226._detailText,スクフェスACを応援する善子ちゃんの特別な称号
mst.title.4293000227._name,【称号】スクフェスACサポーター[花丸]
mst.title.4293000227._detailText,スクフェスACを応援する花丸ちゃんの特別な称号
mst.title.4293000228._name,【称号】スクフェスACサポーター[鞠莉]
mst.title.4293000228._detailText,スクフェスACを応援する鞠莉ちゃんの特別な称号
mst.title.4293000229._name,【称号】スクフェスACサポーター[ルビィ]
mst.title.4293000229._detailText,スクフェスACを応援するルビィちゃんの特別な称号
mst.title.4293000230._name,第8回おさんぽラリー[イタリア]
mst.title.4293000230._detailText,第8回おさんぽラリーで指定ミッションを達成した人だけに贈られる記念の称号
mst.title.4293000231._name,穂乃果ちゃん HAPPY BIRTHDAY！
mst.title.4293000231._detailText,8月3日は高坂穂乃果ちゃんのお誕生日♪
mst.title.4293000232._name,絵里ちゃん HAPPY BIRTHDAY！
mst.title.4293000232._detailText,10月21日は絢瀬絵里ちゃんのお誕生日♪
mst.title.4293000233._name,ことりちゃん HAPPY BIRTHDAY！
mst.title.4293000233._detailText,9月12日は南ことりちゃんのお誕生日♪
mst.title.4293000234._name,海未ちゃん HAPPY BIRTHDAY！
mst.title.4293000234._detailText,3月15日は園田海未ちゃんのお誕生日♪
mst.title.4293000235._name,凛ちゃん HAPPY BIRTHDAY！
mst.title.4293000235._detailText,11月1日は星空 凛ちゃんのお誕生日♪
mst.title.4293000236._name,真姫ちゃん HAPPY BIRTHDAY！
mst.title.4293000236._detailText,4月19日は西木野真姫ちゃんのお誕生日♪
mst.title.4293000237._name,希ちゃん HAPPY BIRTHDAY！
mst.title.4293000237._detailText,6月9日は東條 希ちゃんのお誕生日♪
mst.title.4293000238._name,花陽ちゃん HAPPY BIRTHDAY！
mst.title.4293000238._detailText,1月17日は小泉花陽ちゃんのお誕生日♪
mst.title.4293000239._name,にこちゃん HAPPY BIRTHDAY！
mst.title.4293000239._detailText,7月22日は矢澤にこちゃんのお誕生日♪
mst.title.4293000240._name,千歌ちゃん HAPPY BIRTHDAY！
mst.title.4293000240._detailText,8月1日は高海千歌ちゃんのお誕生日♪
mst.title.4293000241._name,梨子ちゃん HAPPY BIRTHDAY！
mst.title.4293000241._detailText,9月19日は桜内梨子ちゃんのお誕生日♪
mst.title.4293000242._name,果南ちゃん HAPPY BIRTHDAY！
mst.title.4293000242._detailText,2月10日は松浦果南ちゃんのお誕生日♪
mst.title.4293000243._name,ダイヤちゃん HAPPY BIRTHDAY！
mst.title.4293000243._detailText,1月1日は黒澤ダイヤちゃんのお誕生日♪
mst.title.4293000244._name,曜ちゃん HAPPY BIRTHDAY！
mst.title.4293000244._detailText,4月17日は渡辺 曜ちゃんのお誕生日♪
mst.title.4293000245._name,善子ちゃん HAPPY BIRTHDAY！
mst.title.4293000245._detailText,7月13日は津島善子ちゃんのお誕生日♪
mst.title.4293000246._name,花丸ちゃん HAPPY BIRTHDAY！
mst.title.4293000246._detailText,3月4日は国木田花丸ちゃんのお誕生日♪
mst.title.4293000247._name,鞠莉ちゃん HAPPY BIRTHDAY！
mst.title.4293000247._detailText,6月13日は小原鞠莉ちゃんのお誕生日♪
mst.title.4293000248._name,ルビィちゃん HAPPY BIRTHDAY！
mst.title.4293000248._detailText,9月21日は黒澤ルビィちゃんのお誕生日♪
mst.title.4293000249._name,μ'sのバレンタインプレゼント
mst.title.4293000249._detailText,μ'sからのバレンタインプレゼント♪
mst.title.4293000250._name,Aqoursのバレンタインプレゼント
mst.title.4293000250._detailText,Aqoursからのバレンタインプレゼント♪
mst.title.4293000251._name,穂乃果ちゃんのバレンタインプレゼント
mst.title.4293000251._detailText,穂乃果ちゃんからのバレンタインプレゼント♪
mst.title.4293000252._name,絵里ちゃんのバレンタインプレゼント
mst.title.4293000252._detailText,絵里ちゃんからのバレンタインプレゼント♪
mst.title.4293000253._name,ことりちゃんのバレンタインプレゼント
mst.title.4293000253._detailText,ことりちゃんからのバレンタインプレゼント♪
mst.title.4293000254._name,海未ちゃんのバレンタインプレゼント
mst.title.4293000254._detailText,海未ちゃんからのバレンタインプレゼント♪
mst.title.4293000255._name,凛ちゃんのバレンタインプレゼント
mst.title.4293000255._detailText,凛ちゃんからのバレンタインプレゼント♪
mst.title.4293000256._name,真姫ちゃんのバレンタインプレゼント
mst.title.4293000256._detailText,真姫ちゃんからのバレンタインプレゼント♪
mst.title.4293000257._name,希ちゃんのバレンタインプレゼント
mst.title.4293000257._detailText,希ちゃんからのバレンタインプレゼント♪
mst.title.4293000258._name,花陽ちゃんのバレンタインプレゼント
mst.title.4293000258._detailText,花陽ちゃんからのバレンタインプレゼント♪
mst.title.4293000259._name,にこちゃんのバレンタインプレゼント
mst.title.4293000259._detailText,にこちゃんからのバレンタインプレゼント♪
mst.title.4293000260._name,千歌ちゃんのバレンタインプレゼント
mst.title.4293000260._detailText,千歌ちゃんからのバレンタインプレゼント♪
mst.title.4293000261._name,梨子ちゃんのバレンタインプレゼント
mst.title.4293000261._detailText,梨子ちゃんからのバレンタインプレゼント♪
mst.title.4293000262._name,果南ちゃんのバレンタインプレゼント
mst.title.4293000262._detailText,果南ちゃんからのバレンタインプレゼント♪
mst.title.4293000263._name,ダイヤちゃんのバレンタインプレゼント
mst.title.4293000263._detailText,ダイヤちゃんからのバレンタインプレゼント♪
mst.title.4293000264._name,曜ちゃんのバレンタインプレゼント
mst.title.4293000264._detailText,曜ちゃんからのバレンタインプレゼント♪
mst.title.4293000265._name,善子ちゃんのバレンタインプレゼント
mst.title.4293000265._detailText,善子ちゃんからのバレンタインプレゼント♪
mst.title.4293000266._name,花丸ちゃんのバレンタインプレゼント
mst.title.4293000266._detailText,花丸ちゃんからのバレンタインプレゼント♪
mst.title.4293000267._name,鞠莉ちゃんのバレンタインプレゼント
mst.title.4293000267._detailText,鞠莉ちゃんからのバレンタインプレゼント♪
mst.title.4293000268._name,ルビィちゃんのバレンタインプレゼント
mst.title.4293000268._detailText,ルビィちゃんからのバレンタインプレゼント♪
mst.title.4293000269._name,【称号】Saint Snow
mst.title.4293000269._detailText,Saint Snowを応援する人のための称号
mst.title.4293000270._name,第9回おさんぽラリー[spring]
mst.title.4293000270._detailText,第9回おさんぽラリーで指定ミッションを達成した人だけに贈られる記念の称号
mst.title.4293000271._name,【称号】Aqoursアジアツアー[千葉]
mst.title.4293000271._detailText,Aqoursアジアツアー[千葉]の開催を記念した特別な称号
mst.title.4293000272._name,【称号】スクフェス6周年
mst.title.4293000272._detailText,スクフェスの6周年を記念した特別な称号
mst.title.4293000273._name,【称号】Next SPARKLING!!
mst.title.4293000273._detailText,Aqoursの5th LIVE開催を記念した特別な称号
mst.title.4293000274._name,第10回おさんぽラリー [流れ星]
mst.title.4293000274._detailText,第10回おさんぽラリーで指定ミッションを達成した人だけに贈られる記念の称号
mst.title.4293000275._name,第10回おさんぽラリー [宝探し]
mst.title.4293000275._detailText,島の伝説の本を記した著者が作った宝箱と地図
mst.title.4293000276._name,【称号】Aqours CLUB 2019
mst.title.4293000276._detailText,Aqours CLUB 2019を応援する人のための称号
mst.title.4293000277._name,【称号】ラブライブ！シリーズ9周年
mst.title.4293000277._detailText,ラブライブ！シリーズ9周年を記念した特別な称号
mst.title.4293000278._name,【称号】学校祭ライブ中止の危機からの脱出
mst.title.4293000278._detailText,「リアル脱出ゲーム×ラブライブ！サンシャイン!!」スクフェスコラボ第2弾を記念した特別な称号
mst.title.4293000904._name,【称号】スクフェス全国大会2019オンライン予選
mst.title.4293000904._detailText,スクフェス全国大会2019オンライン予選に参加した証
mst.title.4293000279._name,【称号】サマー・オブ・ラブライブ！2019
mst.title.4293000279._detailText,サマー・オブ・ラブライブ！2019の開催を記念した特別な称号
mst.title.4293000280._name,スクフェス全国大会2019ファイナリスト
mst.title.4293000280._detailText,スクフェス全国大会2019ファイナリストに贈られる証
mst.title.4293000281._name,スクフェス全国大会2019第3位
mst.title.4293000281._detailText,スクフェス全国大会2019第3位入賞者に贈られる証
mst.title.4293000282._name,スクフェス全国大会2019準優勝
mst.title.4293000282._detailText,スクフェス全国大会2019準優勝者に贈られる証
mst.title.4293000283._name,スクフェス全国大会2019優勝
mst.title.4293000283._detailText,スクフェス全国大会2019優勝者に贈られる証
mst.title.4293000284._name,【称号】Shadowverse×スクフェス
mst.title.4293000284._detailText,Shadowverseとスクフェスのコラボを記念した特別な称号
mst.title.4293000285._name,スクフェス全国大会2019リベンジ
mst.title.4293000285._detailText,スクフェス全国大会2019リベンジ枠参加者に贈られる証
mst.title.4293000286._name,【称号】さんま
mst.title.4293000286._detailText,秋の味覚！脂の乗ったさんま
mst.title.4293000287._name,【称号】やきいも
mst.title.4293000287._detailText,秋の味覚！ほくほくのやきいも
mst.title.4293000288._name,【称号】いちょう
mst.title.4293000288._detailText,秋を彩る♪黄色く色づいたいちょう
mst.title.4293000289._name,【称号】かえで
mst.title.4293000289._detailText,秋を彩る♪赤く色づいたかえで
mst.title.4293000290._name,【称号】おふとん
mst.title.4293000290._detailText,睡眠の秋♪寝心地よさそうなふかふかのおふとん
mst.title.4293000291._name,【称号】ベッド
mst.title.4293000291._detailText,睡眠の秋♪寝心地よさそうなふかふかのベッド
mst.title.4293000292._name,第11回おさんぽラリー[travel]
mst.title.4293000292._detailText,第11回おさんぽラリーで指定ミッションを達成した人だけに贈られる記念の称号
mst.title.4293000293._name,【称号】スクフェスAC3周年
mst.title.4293000293._detailText,スクフェスACの3周年を記念した特別な称号
mst.title.4293000294._name,μ'sのクリスマスツリー
mst.title.4293000294._detailText,μ'sのクリスマスツリー♪
mst.title.4293000295._name,Aqoursのクリスマスツリー
mst.title.4293000295._detailText,Aqoursのクリスマスツリー♪
mst.title.4293000296._name,穂乃果ちゃんのクリスマスプレゼント
mst.title.4293000296._detailText,穂乃果ちゃんからのクリスマスプレゼント♪
mst.title.4293000297._name,絵里ちゃんのクリスマスプレゼント
mst.title.4293000297._detailText,絵里ちゃんからのクリスマスプレゼント♪
mst.title.4293000298._name,ことりちゃんのクリスマスプレゼント
mst.title.4293000298._detailText,ことりちゃんからのクリスマスプレゼント♪
mst.title.4293000299._name,海未ちゃんのクリスマスプレゼント
mst.title.4293000299._detailText,海未ちゃんからのクリスマスプレゼント♪
mst.title.4293000300._name,凛ちゃんのクリスマスプレゼント
mst.title.4293000300._detailText,凛ちゃんからのクリスマスプレゼント♪
mst.title.4293000301._name,真姫ちゃんのクリスマスプレゼント
mst.title.4293000301._detailText,真姫ちゃんからのクリスマスプレゼント♪
mst.title.4293000302._name,希ちゃんのクリスマスプレゼント
mst.title.4293000302._detailText,希ちゃんからのクリスマスプレゼント♪
mst.title.4293000303._name,花陽ちゃんのクリスマスプレゼント
mst.title.4293000303._detailText,花陽ちゃんからのクリスマスプレゼント♪
mst.title.4293000304._name,にこちゃんのクリスマスプレゼント
mst.title.4293000304._detailText,にこちゃんからのクリスマスプレゼント♪
mst.title.4293000305._name,千歌ちゃんのクリスマスプレゼント
mst.title.4293000305._detailText,千歌ちゃんからのクリスマスプレゼント♪
mst.title.4293000306._name,梨子ちゃんのクリスマスプレゼント
mst.title.4293000306._detailText,梨子ちゃんからのクリスマスプレゼント♪
mst.title.4293000307._name,果南ちゃんのクリスマスプレゼント
mst.title.4293000307._detailText,果南ちゃんからのクリスマスプレゼント♪
mst.title.4293000308._name,ダイヤちゃんのクリスマスプレゼント
mst.title.4293000308._detailText,ダイヤちゃんからのクリスマスプレゼント♪
mst.title.4293000309._name,曜ちゃんのクリスマスプレゼント
mst.title.4293000309._detailText,曜ちゃんからのクリスマスプレゼント♪
mst.title.4293000310._name,善子ちゃんのクリスマスプレゼント
mst.title.4293000310._detailText,善子ちゃんからのクリスマスプレゼント♪
mst.title.4293000311._name,花丸ちゃんのクリスマスプレゼント
mst.title.4293000311._detailText,花丸ちゃんからのクリスマスプレゼント♪
mst.title.4293000312._name,鞠莉ちゃんのクリスマスプレゼント
mst.title.4293000312._detailText,鞠莉ちゃんからのクリスマスプレゼント♪
mst.title.4293000313._name,ルビィちゃんのクリスマスプレゼント
mst.title.4293000313._detailText,ルビィちゃんからのクリスマスプレゼント♪
mst.title.4293000314._name,【称号】あけましておめでとう！
mst.title.4293000314._detailText,新年を祝う称号鏡餅は12月28日から飾るといいみたい♪
mst.title.4293000315._name,【称号】今年もよろしくね[ねずみ]
mst.title.4293000315._detailText,新年を祝う称号ねずみ年の2020年もいい年になりますように♪
mst.title.4293000316._name,穂乃果ちゃんをお祝いしたい！
mst.title.4293000316._detailText,8月3日は高坂穂乃果ちゃんのお誕生日♪
mst.title.4293000317._name,絵里ちゃんをお祝いしたい！
mst.title.4293000317._detailText,10月21日は絢瀬絵里ちゃんのお誕生日♪
mst.title.4293000318._name,ことりちゃんをお祝いしたい！
mst.title.4293000318._detailText,9月12日は南ことりちゃんのお誕生日♪
mst.title.4293000319._name,海未ちゃんをお祝いしたい！
mst.title.4293000319._detailText,3月15日は園田海未ちゃんのお誕生日♪
mst.title.4293000320._name,凛ちゃんをお祝いしたい！
mst.title.4293000320._detailText,11月1日は星空 凛ちゃんのお誕生日♪
mst.title.4293000321._name,真姫ちゃんをお祝いしたい！
mst.title.4293000321._detailText,4月19日は西木野真姫ちゃんのお誕生日♪
mst.title.4293000322._name,希ちゃんをお祝いしたい！
mst.title.4293000322._detailText,6月9日は東條 希ちゃんのお誕生日♪
mst.title.4293000323._name,花陽ちゃんをお祝いしたい！
mst.title.4293000323._detailText,1月17日は小泉花陽ちゃんのお誕生日♪
mst.title.4293000324._name,にこちゃんをお祝いしたい！
mst.title.4293000324._detailText,7月22日は矢澤にこちゃんのお誕生日♪
mst.title.4293000325._name,千歌ちゃんをお祝いしたい！
mst.title.4293000325._detailText,8月1日は高海千歌ちゃんのお誕生日♪
mst.title.4293000326._name,梨子ちゃんをお祝いしたい！
mst.title.4293000326._detailText,9月19日は桜内梨子ちゃんのお誕生日♪
mst.title.4293000327._name,果南ちゃんをお祝いしたい！
mst.title.4293000327._detailText,2月10日は松浦果南ちゃんのお誕生日♪
mst.title.4293000328._name,ダイヤちゃんをお祝いしたい！
mst.title.4293000328._detailText,1月1日は黒澤ダイヤちゃんのお誕生日♪
mst.title.4293000329._name,曜ちゃんをお祝いしたい！
mst.title.4293000329._detailText,4月17日は渡辺 曜ちゃんのお誕生日♪
mst.title.4293000330._name,善子ちゃんをお祝いしたい！
mst.title.4293000330._detailText,7月13日は津島善子ちゃんのお誕生日♪
mst.title.4293000331._name,花丸ちゃんをお祝いしたい！
mst.title.4293000331._detailText,3月4日は国木田花丸ちゃんのお誕生日♪
mst.title.4293000332._name,鞠莉ちゃんをお祝いしたい！
mst.title.4293000332._detailText,6月13日は小原鞠莉ちゃんのお誕生日♪
mst.title.4293000333._name,ルビィちゃんをお祝いしたい！
mst.title.4293000333._detailText,9月21日は黒澤ルビィちゃんのお誕生日♪
mst.title.4293000334._name,【称号】ラブライブ！フェス
mst.title.4293000334._detailText,LoveLive! Series 9th Anniversaryラブライブ！フェスの開催を記念した特別な称号
mst.title.4293000335._name,Guilty Kiss First LOVELIVE! 〜New Romantic Sailors〜
mst.title.4293000335._detailText,Guilty Kiss First LOVELIVE!の開催を記念した特別な称号
mst.title.4293000336._name,CYaRon！ First LOVELIVE! 〜Braveheart Coaster〜
mst.title.4293000336._detailText,CYaRon！First LOVELIVE!の開催を記念した特別な称号
mst.title.4293000337._name,AZALEA First LOVELIVE! 〜Amazing Travel DNA〜
mst.title.4293000337._detailText,AZALEA First LOVELIVE!の開催を記念した特別な称号
mst.title.4293000338._name,【称号】ねこ[こたつ]
mst.title.4293000338._detailText,こたつでぬくもるねこ
mst.title.4293000339._name,【称号】いぬ[おそと]
mst.title.4293000339._detailText,元気に外を走り回るいぬ
mst.title.4293000340._name,【称号】雪だるま
mst.title.4293000340._detailText,雪で作られた「だるま」の形の雪像
mst.title.4293000341._name,【称号】雪うさぎ
mst.title.4293000341._detailText,雪で作られた「うさぎ」の形の雪像
mst.title.4293000342._name,【称号】ケーキ[7周年]
mst.title.4293000342._detailText,特別な日に食べたい、あまくておいしいケーキ
mst.title.4293000343._name,【称号】パフェ[7周年]
mst.title.4293000343._detailText,特別な日に食べたい、つめたくておいしいパフェ
mst.title.4293000344._name,【称号】バルーン[7周年]
mst.title.4293000344._detailText,パーティを彩る、ふわふわなバルーン
mst.title.4293000345._name,【称号】くす玉[7周年]
mst.title.4293000345._detailText,パーティを盛り上げる、豪華なくす玉
mst.title.4293000346._name,【称号】ありがとう！[7周年]
mst.title.4293000346._detailText,感謝の気持ちが込められたメッセージカード
mst.title.4293000347._name,【称号】おめでとう！[7周年]
mst.title.4293000347._detailText,祝福の気持ちが込められたメッセージカード
mst.title.4293000348._name,【称号】だいすき！[7周年]
mst.title.4293000348._detailText,好きの気持ちが込められたメッセージカード
mst.title.4293000349._name,【称号】スクフェス7周年
mst.title.4293000349._detailText,スクフェスの7周年を記念した特別な称号
mst.title.4293000350._name,【称号】Aqours結成5周年記念
mst.title.4293000350._detailText,Aqours 5th ANNIVERSARYAqours結成5周年を記念した特別な称号
mst.title.4293000351._name,【称号】PERFECT WORLD
mst.title.4293000351._detailText,UNIT LIVE ADVENTURE 2020 追加公演〜PERFECT WORLD〜の開催を記念した特別な称号
mst.title.4293000352._name,【称号】ユニットライブ応援大作戦！〜μ's〜
mst.title.4293000352._detailText,ユニットライブ応援大作戦！〜μ's〜を記念した特別な称号
mst.title.4293000353._name,【称号】ユニット対抗戦！〜Aqours〜
mst.title.4293000353._detailText,ユニット対抗戦！〜Aqours〜を記念した特別な称号
mst.title.4293000354._name,【称号】昆虫採集
mst.title.4293000354._detailText,夏に捕まえた大きく美しい人気の蝶
mst.title.4293000355._name,【称号】観察日記
mst.title.4293000355._detailText,夏の朝に咲くきれいな花
mst.title.4293000356._name,【称号】花火大会
mst.title.4293000356._detailText,夏の夜空に開く大輪の花
mst.title.4293000357._name,【称号】夏祭り
mst.title.4293000357._detailText,夏祭りの屋台で泳ぐ金魚と破れやすいポイ
mst.title.4293000358._name,【称号】海水浴
mst.title.4293000358._detailText,夏の砂浜に転がる冷えたスイカと手頃な棒
mst.title.4293000359._name,【称号】キャンプ
mst.title.4293000359._detailText,夏の夜に仲間と囲んだ焚き火
mst.title.4293000361._name,【称号】学園祭
mst.title.4293000361._detailText,非日常へといざなう学園祭のアーチ
mst.title.4293000362._name,【称号】修学旅行
mst.title.4293000362._detailText,仲間と共に訪れた思い出の舞台
mst.title.4293000363._name,【称号】十五夜
mst.title.4293000363._detailText,秋の夜空に浮かぶ中秋の名月
mst.title.4293000364._name,【称号】ハロウィン
mst.title.4293000364._detailText,秋の夜道を照らすカボチャのランタン
mst.title.4293000365._name,【称号】銀河の乙女アンドロメダ
mst.title.4293000365._detailText,第1回ライブ♪アリーナを制覇した証
mst.title.4293000366._name,【称号】全世界ユーザー数5000万人突破
mst.title.4293000366._detailText,全世界5000万人突破を記念した特別な称号
mst.title.4293000367._name,【称号】シリウスってシリアスみたい
mst.title.4293000367._detailText,第2回ライブ♪アリーナを制覇した証
mst.title.4293000368._name,【称号】スクフェスAC わいわい！Home Meeting!!
mst.title.4293000368._detailText,スクフェスAC わいわい！Home Meeting!!の発売日決定を記念した特別な称号
mst.title.4293000369._name,μ'sのクリスマス2020
mst.title.4293000369._detailText,μ'sメンバーと2020年のクリスマスを過ごした証♪
mst.title.4293000370._name,Aqoursのクリスマス2020
mst.title.4293000370._detailText,Aqoursメンバーと2020年のクリスマスを過ごした証♪
mst.title.4293000371._name,穂乃果ちゃんのクリスマスプレゼント2020
mst.title.4293000371._detailText,穂乃果ちゃんがクリスマスに贈ってくれたトナカイのぬいぐるみ♪
mst.title.4293000372._name,絵里ちゃんのクリスマスプレゼント2020
mst.title.4293000372._detailText,絵里ちゃんがクリスマスに贈ってくれたトナカイのぬいぐるみ♪
mst.title.4293000373._name,ことりちゃんのクリスマスプレゼント2020
mst.title.4293000373._detailText,ことりちゃんがクリスマスに贈ってくれたトナカイのぬいぐるみ♪
mst.title.4293000374._name,海未ちゃんのクリスマスプレゼント2020
mst.title.4293000374._detailText,海未ちゃんがクリスマスに贈ってくれたトナカイのぬいぐるみ♪
mst.title.4293000375._name,凛ちゃんのクリスマスプレゼント2020
mst.title.4293000375._detailText,凛ちゃんがクリスマスに贈ってくれたトナカイのぬいぐるみ♪
mst.title.4293000376._name,真姫ちゃんのクリスマスプレゼント2020
mst.title.4293000376._detailText,真姫ちゃんがクリスマスに贈ってくれたトナカイのぬいぐるみ♪
mst.title.4293000377._name,希ちゃんのクリスマスプレゼント2020
mst.title.4293000377._detailText,希ちゃんがクリスマスに贈ってくれたトナカイのぬいぐるみ♪
mst.title.4293000378._name,花陽ちゃんのクリスマスプレゼント2020
mst.title.4293000378._detailText,花陽ちゃんがクリスマスに贈ってくれたトナカイのぬいぐるみ♪
mst.title.4293000379._name,にこちゃんのクリスマスプレゼント2020
mst.title.4293000379._detailText,にこちゃんがクリスマスに贈ってくれたトナカイのぬいぐるみ♪
mst.title.4293000380._name,千歌ちゃんのクリスマスプレゼント2020
mst.title.4293000380._detailText,千歌ちゃんがクリスマスに贈ってくれたトナカイのぬいぐるみ♪
mst.title.4293000381._name,梨子ちゃんのクリスマスプレゼント2020
mst.title.4293000381._detailText,梨子ちゃんがクリスマスに贈ってくれたトナカイのぬいぐるみ♪
mst.title.4293000382._name,果南ちゃんのクリスマスプレゼント2020
mst.title.4293000382._detailText,果南ちゃんがクリスマスに贈ってくれたトナカイのぬいぐるみ♪
mst.title.4293000383._name,ダイヤちゃんのクリスマスプレゼント2020
mst.title.4293000383._detailText,ダイヤちゃんがクリスマスに贈ってくれたトナカイのぬいぐるみ♪
mst.title.4293000384._name,曜ちゃんのクリスマスプレゼント2020
mst.title.4293000384._detailText,曜ちゃんがクリスマスに贈ってくれたトナカイのぬいぐるみ♪
mst.title.4293000385._name,善子ちゃんのクリスマスプレゼント2020
mst.title.4293000385._detailText,善子ちゃんがクリスマスに贈ってくれたトナカイのぬいぐるみ♪
mst.title.4293000386._name,花丸ちゃんのクリスマスプレゼント2020
mst.title.4293000386._detailText,花丸ちゃんがクリスマスに贈ってくれたトナカイのぬいぐるみ♪
mst.title.4293000387._name,鞠莉ちゃんのクリスマスプレゼント2020
mst.title.4293000387._detailText,鞠莉ちゃんがクリスマスに贈ってくれたトナカイのぬいぐるみ♪
mst.title.4293000388._name,ルビィちゃんのクリスマスプレゼント2020
mst.title.4293000388._detailText,ルビィちゃんがクリスマスに贈ってくれたトナカイのぬいぐるみ♪
mst.title.4293000389._name,【称号】メリークリスマス2020
mst.title.4293000389._detailText,第1回スクフェス☆ミーティングで決定したクリスマス称号
mst.title.4293000390._name,【称号】モー突進！タウロスダッシュ
mst.title.4293000390._detailText,第3回ライブ♪アリーナを制覇した証
mst.title.4293000391._name,【称号】シーズン1 レジェンド
mst.title.4293000391._detailText,シーズン1のランキングマッチでレジェンドに到達した証
mst.title.4293000392._name,【称号】シーズン1 スター
mst.title.4293000392._detailText,シーズン1のランキングマッチでスターに到達した証
mst.title.4293000393._name,【称号】シーズン1 メジャー
mst.title.4293000393._detailText,シーズン1のランキングマッチでメジャーに到達した証
mst.title.4293000394._name,【称号】シーズン1 エリート
mst.title.4293000394._detailText,シーズン1のランキングマッチでエリートに到達した証
mst.title.4293000395._name,【称号】シーズン1 ルーキー
mst.title.4293000395._detailText,シーズン1のランキングマッチでルーキーに到達した証
mst.title.4293000396._name,【称号】シーズン1 デビュー
mst.title.4293000396._detailText,シーズン1のランキングマッチでデビューに到達した証
mst.title.4293000401._name,【称号】ラブライブ！サンシャイン!! Aqours COUNTDOWN LoveLive! 〜WHITE ISLAND〜
mst.title.4293000401._detailText,ラブライブ！サンシャイン!! Aqours COUNTDOWN LoveLive!〜WHITE ISLAND〜の開催を記念した特別な称号
mst.title.4293000397._name,【称号】スキー
mst.title.4293000397._detailText,ウィンタースポーツの王様！スキー
mst.title.4293000398._name,【称号】スノーボード
mst.title.4293000398._detailText,ウィンタースポーツの定番！スノーボード
mst.title.4293000399._name,【称号】凧揚げ
mst.title.4293000399._detailText,風を掴んで舞い上がれ！凧揚げ
mst.title.4293000400._name,【称号】羽根つき
mst.title.4293000400._detailText,何回ラリーできるかな？羽根つき
mst.title.4293000402._name,【称号】足りないふたごのチョコレート
mst.title.4293000402._detailText,第4回ライブ♪アリーナを制覇した証
mst.title.4293000403._name,バレンタインプレゼント2021[μ's]
mst.title.4293000403._detailText,μ'sメンバーと2021年のバレンタインデーを過ごした証♪
mst.title.4293000404._name,バレンタインプレゼント2021[Aqours]
mst.title.4293000404._detailText,Aqoursメンバーと2021年のバレンタインデーを過ごした証♪
mst.title.4293000405._name,バレンタインプレゼント2021[穂乃果]
mst.title.4293000405._detailText,穂乃果ちゃんからバレンタインデーにもらったプレゼント♪
mst.title.4293000406._name,バレンタインプレゼント2021[絵里]
mst.title.4293000406._detailText,絵里ちゃんからバレンタインデーにもらったプレゼント♪
mst.title.4293000407._name,バレンタインプレゼント2021[ことり]
mst.title.4293000407._detailText,ことりちゃんからバレンタインデーにもらったプレゼント♪
mst.title.4293000408._name,バレンタインプレゼント2021[海未]
mst.title.4293000408._detailText,海未ちゃんからバレンタインデーにもらったプレゼント♪
mst.title.4293000409._name,バレンタインプレゼント2021[凛]
mst.title.4293000409._detailText,凛ちゃんからバレンタインデーにもらったプレゼント♪
mst.title.4293000410._name,バレンタインプレゼント2021[真姫]
mst.title.4293000410._detailText,真姫ちゃんからバレンタインデーにもらったプレゼント♪
mst.title.4293000411._name,バレンタインプレゼント2021[希]
mst.title.4293000411._detailText,希ちゃんからバレンタインデーにもらったプレゼント♪
mst.title.4293000412._name,バレンタインプレゼント2021[花陽]
mst.title.4293000412._detailText,花陽ちゃんからバレンタインデーにもらったプレゼント♪
mst.title.4293000413._name,バレンタインプレゼント2021[にこ]
mst.title.4293000413._detailText,にこちゃんからバレンタインデーにもらったプレゼント♪
mst.title.4293000414._name,バレンタインプレゼント2021[千歌]
mst.title.4293000414._detailText,千歌ちゃんからバレンタインデーにもらったプレゼント♪
mst.title.4293000415._name,バレンタインプレゼント2021[梨子]
mst.title.4293000415._detailText,梨子ちゃんからバレンタインデーにもらったプレゼント♪
mst.title.4293000416._name,バレンタインプレゼント2021[果南]
mst.title.4293000416._detailText,果南ちゃんからバレンタインデーにもらったプレゼント♪
mst.title.4293000417._name,バレンタインプレゼント2021[ダイヤ]
mst.title.4293000417._detailText,ダイヤちゃんからバレンタインデーにもらったプレゼント♪
mst.title.4293000418._name,バレンタインプレゼント2021[曜]
mst.title.4293000418._detailText,曜ちゃんからバレンタインデーにもらったプレゼント♪
mst.title.4293000419._name,バレンタインプレゼント2021[善子]
mst.title.4293000419._detailText,善子ちゃんからバレンタインデーにもらったプレゼント♪
mst.title.4293000420._name,バレンタインプレゼント2021[花丸]
mst.title.4293000420._detailText,花丸ちゃんからバレンタインデーにもらったプレゼント♪
mst.title.4293000421._name,バレンタインプレゼント2021[鞠莉]
mst.title.4293000421._detailText,鞠莉ちゃんからバレンタインデーにもらったプレゼント♪
mst.title.4293000422._name,バレンタインプレゼント2021[ルビィ]
mst.title.4293000422._detailText,ルビィちゃんからバレンタインデーにもらったプレゼント♪
mst.title.4293000423._name,【称号】オトメ爛漫、春一番
mst.title.4293000423._detailText,第5回ライブ♪アリーナを制覇した証
mst.title.4293000424._name,【称号】ひな祭り
mst.title.4293000424._detailText,無病息災を祈って♪ひな祭り
mst.title.4293000425._name,【称号】エイプリルフール
mst.title.4293000425._detailText,ねぇ、びっくりした？エイプリルフール
mst.title.4293000426._name,【称号】潮干狩り
mst.title.4293000426._detailText,みんなで海に行こうね！潮干狩り
mst.title.4293000427._name,【称号】お花見
mst.title.4293000427._detailText,花もお団子も楽しんじゃおう！お花見
mst.title.4293000428._name,【称号】ポラリスショータイム！
mst.title.4293000428._detailText,第6回ライブ♪アリーナを制覇した証
mst.title.4293000429._name,【称号】しんちゃん THE MOVIE 2021
mst.title.4293000429._detailText,「映画クレヨンしんちゃん 謎メキ！花の天カス学園」とのコラボを記念した特別な称号
mst.title.4293000430._name,【称号】スクフェス8周年
mst.title.4293000430._detailText,スクフェスの8周年を記念した特別な称号
mst.title.4293000431._name,【称号】おめでとう！
mst.title.4293000431._detailText,祝福の気持ちが込められた花束
mst.title.4293000432._name,【称号】HAPPY！
mst.title.4293000432._detailText,幸せな気持ちが込められたハート
mst.title.4293000433._name,【称号】獅子もときめくってホントなの？
mst.title.4293000433._detailText,第7回ライブ♪アリーナを制覇した証
mst.title.4293000434._name,【称号】白のハートを射抜いちゃえ！
mst.title.4293000434._detailText,第8回ライブ♪アリーナを制覇した証
mst.title.4293000435._name,歩夢ちゃんをお祝いしたい！
mst.title.4293000435._detailText,3月1日は上原歩夢ちゃんのお誕生日♪
mst.title.4293000436._name,かすみちゃんをお祝いしたい！
mst.title.4293000436._detailText,1月23日は中須かすみちゃんのお誕生日♪
mst.title.4293000437._name,しずくちゃんをお祝いしたい！
mst.title.4293000437._detailText,4月3日は桜坂しずくちゃんのお誕生日♪
mst.title.4293000438._name,果林ちゃんをお祝いしたい！
mst.title.4293000438._detailText,6月29日は朝香果林ちゃんのお誕生日♪
mst.title.4293000439._name,愛ちゃんをお祝いしたい！
mst.title.4293000439._detailText,5月30日は宮下愛ちゃんのお誕生日♪
mst.title.4293000440._name,彼方ちゃんをお祝いしたい！
mst.title.4293000440._detailText,12月16日は近江彼方ちゃんのお誕生日♪
mst.title.4293000441._name,せつ菜ちゃんをお祝いしたい！
mst.title.4293000441._detailText,8月8日は優木せつ菜ちゃんのお誕生日♪
mst.title.4293000442._name,エマちゃんをお祝いしたい！
mst.title.4293000442._detailText,2月5日はエマ・ヴェルデちゃんのお誕生日♪
mst.title.4293000443._name,璃奈ちゃんをお祝いしたい！
mst.title.4293000443._detailText,11月13日は天王寺璃奈ちゃんのお誕生日♪
mst.title.4293000444._name,栞子ちゃんをお祝いしたい！
mst.title.4293000444._detailText,10月5日は三船栞子ちゃんのお誕生日♪
mst.title.4293000445._name,ランジュちゃんをお祝いしたい！
mst.title.4293000445._detailText,2月15日はショウ・ランジュちゃんのお誕生日♪
mst.title.4293000446._name,ミアちゃんをお祝いしたい！
mst.title.4293000446._detailText,12月6日はミア・テイラーちゃんのお誕生日♪
mst.title.4293000447._name,【称号】Aqours 5th Anniversary LoveLive! 〜LET'S GO WONDER TRIP〜
mst.title.4293000447._detailText,Aqours 5th Anniversary LoveLive! 〜LET'S GO WONDER TRIP〜の開催を記念した特別な称号
mst.title.4293000448._name,【称号】夢と希望の鍵
mst.title.4293000448._detailText,未来への扉を開ける夢と希望という名の鍵
mst.title.4293000449._name,【称号】未来∞チケット
mst.title.4293000449._detailText,無限の未来へ誘うチケット
mst.title.4293000450._name,【称号】ライブ
mst.title.4293000450._detailText,手に汗握るライブコンサート
mst.title.4293000451._name,【称号】絆
mst.title.4293000451._detailText,数多の苦楽が育むスクールアイドルとの絆
mst.title.4293000452._name,【称号】スクフェス全国大会2021
mst.title.4293000452._detailText,スクフェス全国大会2021の開催を記念した特別な称号
mst.title.4293000453._name,【称号】届いて！短冊レター
mst.title.4293000453._detailText,第9回ライブ♪アリーナを制覇した証
mst.title.4293000454._name,【称号】We Are Challengers Project
mst.title.4293000454._detailText,We Are Challengers Projectの始動を記念した特別な称号
mst.title.4293000459._name,【称号】イルカに会いたい！ワクワク体験♪
mst.title.4293000459._detailText,第10回ライブ♪アリーナを制覇した証
mst.title.4293000460._name,スクフェス全国大会2021 公式戦第4位
mst.title.4293000460._detailText,スクフェス全国大会2021公式戦第4位入賞者に贈られる証
mst.title.4293000461._name,スクフェス全国大会2021 公式戦第3位
mst.title.4293000461._detailText,スクフェス全国大会2021公式戦第3位入賞者に贈られる証
mst.title.4293000462._name,スクフェス全国大会2021 公式戦準優勝
mst.title.4293000462._detailText,スクフェス全国大会2021公式戦準優勝者に贈られる証
mst.title.4293000463._name,スクフェス全国大会2021 公式戦優勝
mst.title.4293000463._detailText,スクフェス全国大会2021公式戦優勝者に贈られる証
mst.title.4293000464._name,スクフェス全国大会2021 総力戦第4位
mst.title.4293000464._detailText,スクフェス全国大会2021総力戦第4位入賞者に贈られる証
mst.title.4293000465._name,スクフェス全国大会2021 総力戦第3位
mst.title.4293000465._detailText,スクフェス全国大会2021総力戦第3位入賞者に贈られる証
mst.title.4293000466._name,スクフェス全国大会2021 総力戦準優勝
mst.title.4293000466._detailText,スクフェス全国大会2021総力戦準優勝者に贈られる証
mst.title.4293000467._name,スクフェス全国大会2021 総力戦優勝
mst.title.4293000467._detailText,スクフェス全国大会2021総力戦優勝者に贈られる証
mst.title.4293000468._name,【称号】みちゃった！？ホントのお姫さま
mst.title.4293000468._detailText,第11回ライブ♪アリーナを制覇した証
mst.title.4293000469._name,【称号】スクフェスシリーズ感謝祭2021
mst.title.4293000469._detailText,スクフェスシリーズ感謝祭2021の開催を記念した特別な称号
mst.title.4293000470._name,【称号】赤とんぼ
mst.title.4293000470._detailText,夕焼け小焼けに浮かぶ赤とんぼ
mst.title.4293000471._name,【称号】栗
mst.title.4293000471._detailText,大きな木の下に転がる栗
mst.title.4293000473._name,【称号】秋茄子
mst.title.4293000473._detailText,美味しくて食べ過ぎが心配な茄子
mst.title.4293000474._name,【称号】甘柿
mst.title.4293000474._detailText,種から育てた見事な柿
mst.title.4293000472._name,【称号】Guilty Kiss 2nd LoveLive! 〜Return To Love ♡ Kiss Kiss Kiss〜
mst.title.4293000472._detailText,Guilty Kiss 2nd LoveLive! 〜Return To Love ♡ Kiss Kiss Kiss〜の開催を記念した特別な称号
mst.title.4293000476._name,【称号】CYaRon！2nd LoveLive! 〜大革命☆Wake Up Kingdom〜
mst.title.4293000476._detailText,CYaRon！2nd LoveLive! 〜大革命☆Wake Up Kingdom〜の開催を記念した特別な称号
mst.title.4293000479._name,【称号】やさしさはきつね日和！？
mst.title.4293000479._detailText,第12回ライブ♪アリーナを制覇した証
mst.title.4293000483._name,【称号】Liella! First LoveLive! Tour 〜Starlines〜 Day1
mst.title.4293000483._detailText,Liella! First LoveLive! Tour 〜Starlines〜の開催を記念した特別な称号
mst.title.4293000484._name,【称号】Liella! First LoveLive! Tour 〜Starlines〜 Day2
mst.title.4293000484._detailText,Liella! First LoveLive! Tour 〜Starlines〜の開催を記念した特別な称号
mst.title.4293000480._name,【称号】ペルソナシリーズコラボ
mst.title.4293000480._detailText,ペルソナシリーズコラボを記念した特別な称号
mst.title.4293000481._name,【称号】ペンタス・フェスティバル
mst.title.4293000481._detailText,ライブ♪アリーナペンタス・フェスティバルを達成した証
mst.title.4293000482._name,【称号】PERSONA 25th Anniversary
mst.title.4293000482._detailText,「ペルソナ」シリーズ誕生25周年を記念した特別な称号
mst.title.4293000485._name,【称号】AZALEA 2nd LoveLive! 〜Amazing Travel DNA Reboot〜
mst.title.4293000485._detailText,AZALEA 2nd LoveLive! 〜Amazing Travel DNA Reboot〜の開催を記念した特別な称号
mst.title.4293000486._name,【称号】灯そう！聖なる気持ち
mst.title.4293000486._detailText,第14回ライブ♪アリーナを制覇した証
mst.title.4293000487._name,【称号】除夜の鐘
mst.title.4293000487._detailText,ゆく年くる年に響く厳かな鐘の音12/31につけていると良いことがある予感がする
mst.title.4293000488._name,【称号】キズナでつながるゆく年くる年
mst.title.4293000488._detailText,第15回ライブ♪アリーナを制覇した証
mst.title.4293000489._name,【称号】まごころバレンタイン！
mst.title.4293000489._detailText,第16回ライブ♪アリーナを制覇した証
mst.title.4293000490._name,【称号】Aqours 6th LoveLive! 〜KU-RU-KU-RU Rock 'n' Roll TOUR〜 OCEAN STAGE
mst.title.4293000490._detailText,Aqours 6th LoveLive! 〜KU-RU-KU-RU Rock 'n' Roll TOUR〜OCEAN STAGEの開催を記念した特別な称号
mst.title.4293000491._name,バレンタインプレゼント2022[穂乃果]
mst.title.4293000491._detailText,穂乃果ちゃんからバレンタインデーにもらったプレゼント♪
mst.title.4293000492._name,バレンタインプレゼント2022[絵里]
mst.title.4293000492._detailText,絵里ちゃんからバレンタインデーにもらったプレゼント♪
mst.title.4293000493._name,バレンタインプレゼント2022[ことり]
mst.title.4293000493._detailText,ことりちゃんからバレンタインデーにもらったプレゼント♪
mst.title.4293000494._name,バレンタインプレゼント2022[海未]
mst.title.4293000494._detailText,海未ちゃんからバレンタインデーにもらったプレゼント♪
mst.title.4293000495._name,バレンタインプレゼント2022[凛]
mst.title.4293000495._detailText,凛ちゃんからバレンタインデーにもらったプレゼント♪
mst.title.4293000496._name,バレンタインプレゼント2022[真姫]
mst.title.4293000496._detailText,真姫ちゃんからバレンタインデーにもらったプレゼント♪
mst.title.4293000497._name,バレンタインプレゼント2022[希]
mst.title.4293000497._detailText,希ちゃんからバレンタインデーにもらったプレゼント♪
mst.title.4293000498._name,バレンタインプレゼント2022[花陽]
mst.title.4293000498._detailText,花陽ちゃんからバレンタインデーにもらったプレゼント♪
mst.title.4293000499._name,バレンタインプレゼント2022[にこ]
mst.title.4293000499._detailText,にこちゃんからバレンタインデーにもらったプレゼント♪
mst.title.4293000500._name,バレンタインプレゼント2022[千歌]
mst.title.4293000500._detailText,千歌ちゃんからバレンタインデーにもらったプレゼント♪
mst.title.4293000501._name,バレンタインプレゼント2022[梨子]
mst.title.4293000501._detailText,梨子ちゃんからバレンタインデーにもらったプレゼント♪
mst.title.4293000502._name,バレンタインプレゼント2022[果南]
mst.title.4293000502._detailText,果南ちゃんからバレンタインデーにもらったプレゼント♪
mst.title.4293000503._name,バレンタインプレゼント2022[ダイヤ]
mst.title.4293000503._detailText,ダイヤちゃんからバレンタインデーにもらったプレゼント♪
mst.title.4293000504._name,バレンタインプレゼント2022[曜]
mst.title.4293000504._detailText,曜ちゃんからバレンタインデーにもらったプレゼント♪
mst.title.4293000505._name,バレンタインプレゼント2022[善子]
mst.title.4293000505._detailText,善子ちゃんからバレンタインデーにもらったプレゼント♪
mst.title.4293000506._name,バレンタインプレゼント2022[花丸]
mst.title.4293000506._detailText,花丸ちゃんからバレンタインデーにもらったプレゼント♪
mst.title.4293000507._name,バレンタインプレゼント2022[鞠莉]
mst.title.4293000507._detailText,鞠莉ちゃんからバレンタインデーにもらったプレゼント♪
mst.title.4293000508._name,バレンタインプレゼント2022[ルビィ]
mst.title.4293000508._detailText,ルビィちゃんからバレンタインデーにもらったプレゼント♪
mst.title.4293000509._name,バレンタインプレゼント2022[μ's]
mst.title.4293000509._detailText,μ'sメンバーと2022年のバレンタインデーを過ごした証♪
mst.title.4293000510._name,バレンタインプレゼント2022[Aqours]
mst.title.4293000510._detailText,Aqoursメンバーと2022年のバレンタインデーを過ごした証♪
mst.title.4293000519._name,【称号】Aqours 6th LoveLive! 〜KU-RU-KU-RU Rock 'n' Roll TOUR〜 SUNNY STAGE
mst.title.4293000519._detailText,Aqours 6th LoveLive! 〜KU-RU-KU-RU Rock 'n' Roll TOUR〜SUNNY STAGEの開催を記念した特別な称号
mst.title.4293000520._name,【称号】驚き！桃の木！大人気！？
mst.title.4293000520._detailText,第17回ライブ♪アリーナを制覇した証
mst.title.4293000511._name,スクフェス全国大会2022 公式戦第4位
mst.title.4293000511._detailText,第8回スクフェス全国大会公式戦第4位入賞者に贈られる証
mst.title.4293000512._name,スクフェス全国大会2022 公式戦第3位
mst.title.4293000512._detailText,第8回スクフェス全国大会公式戦第3位入賞者に贈られる証
mst.title.4293000513._name,スクフェス全国大会2022 公式戦準優勝
mst.title.4293000513._detailText,第8回スクフェス全国大会公式戦準優勝者に贈られる証
mst.title.4293000514._name,スクフェス全国大会2022 公式戦優勝
mst.title.4293000514._detailText,第8回スクフェス全国大会公式戦優勝者に贈られる証
mst.title.4293000515._name,スクフェス全国大会2022 総力戦第4位
mst.title.4293000515._detailText,第8回スクフェス全国大会総力戦第4位入賞者に贈られる証
mst.title.4293000516._name,スクフェス全国大会2022 総力戦第3位
mst.title.4293000516._detailText,第8回スクフェス全国大会総力戦第3位入賞者に贈られる証
mst.title.4293000517._name,スクフェス全国大会2022 総力戦準優勝
mst.title.4293000517._detailText,第8回スクフェス全国大会総力戦準優勝者に贈られる証
mst.title.4293000518._name,スクフェス全国大会2022 総力戦優勝
mst.title.4293000518._detailText,第8回スクフェス全国大会総力戦優勝者に贈られる証
mst.title.4293000521._name,【称号】9周年記念メダル
mst.title.4293000521._detailText,スクフェス9周年を記念したメダルこの称号をつけて4/15を迎えると良いことがある予感がする
mst.title.4293000522._name,【称号】コードギアスコラボ
mst.title.4293000522._detailText,コードギアスコラボを記念した特別な称号
mst.title.4293000523._name,【称号】Nunnally in School Idol Festival
mst.title.4293000523._detailText,ライブ♪アリーナ「Nunnally in School Idol Festival」を達成した証
mst.title.4293000524._name,【称号】コードギアス 15th Anniversary
mst.title.4293000524._detailText,TV放送開始から15周年を記念した特別な称号
mst.title.4293000525._name,【称号】スクフェス9周年
mst.title.4293000525._detailText,スクフェスの9周年を記念した特別な称号
mst.title.4293000526._name,【称号】ぴっかぴかの中のぴっかぴか♪
mst.title.4293000526._detailText,第19回ライブ♪アリーナを制覇した証
mst.title.4293000527._name,【称号】ラブライブ！シリーズ×パ・リーグ6球団コラボ
mst.title.4293000527._detailText,ラブライブ！シリーズ×パ・リーグ6球団コラボを記念した特別な称号
mst.title.4293000528._name,【称号】輝け！Aqoursぬまづフェスティバル in よみうりランド
mst.title.4293000528._detailText,輝け！Aqoursぬまづフェスティバル in よみうりランドの開催を記念した特別な称号
mst.title.4293000529._name,【称号】ミライへアクセス
mst.title.4293000529._detailText,第20回ライブ♪アリーナを制覇した証
mst.title.4293000530._name,【称号】Liella! 2nd LoveLive! 〜What a Wonderful Dream!!〜
mst.title.4293000530._detailText,Liella! 2nd LoveLive! 〜What a Wonderful Dream!!〜の開催を記念した特別な称号
mst.title.4293000531._name,【称号】Liella! LIVE & FAN MEETING Tour
mst.title.4293000531._detailText,Liella! ライブ＆ファンミーティングツアーの開催を記念した特別な称号
mst.title.4293000532._name,【称号】Aqours 6th LoveLive! 〜KU-RU-KU-RU Rock 'n' Roll TOUR〜 WINDY STAGE
mst.title.4293000532._detailText,Aqours 6th LoveLive! 〜KU-RU-KU-RU Rock 'n' Roll TOUR〜WINDY STAGEの開催を記念した特別な称号
mst.title.4293000533._name,【称号】夢叶える日まで
mst.title.4293000533._detailText,第21回ライブ♪アリーナを制覇した証
mst.title.4293000534._name,【称号】鏡の中の私
mst.title.4293000534._detailText,第22回ライブ♪アリーナを制覇した証
mst.title.4293000535._name,【称号】Rank1100達成記念〜穂乃果ちゃん〜
mst.title.4293000535._detailText,Rank1100を記念した特別な称号
mst.title.4293000536._name,【称号】Rank1100達成記念〜絵里ちゃん〜
mst.title.4293000536._detailText,Rank1100を記念した特別な称号
mst.title.4293000537._name,【称号】Rank1100達成記念〜ことりちゃん〜
mst.title.4293000537._detailText,Rank1100を記念した特別な称号
mst.title.4293000538._name,【称号】Rank1100達成記念〜海未ちゃん〜
mst.title.4293000538._detailText,Rank1100を記念した特別な称号
mst.title.4293000539._name,【称号】Rank1100達成記念〜凛ちゃん〜
mst.title.4293000539._detailText,Rank1100を記念した特別な称号
mst.title.4293000540._name,【称号】Rank1100達成記念〜真姫ちゃん〜
mst.title.4293000540._detailText,Rank1100を記念した特別な称号
mst.title.4293000541._name,【称号】Rank1100達成記念〜希ちゃん〜
mst.title.4293000541._detailText,Rank1100を記念した特別な称号
mst.title.4293000542._name,【称号】Rank1100達成記念〜花陽ちゃん〜
mst.title.4293000542._detailText,Rank1100を記念した特別な称号
mst.title.4293000543._name,【称号】Rank1100達成記念〜にこちゃん〜
mst.title.4293000543._detailText,Rank1100を記念した特別な称号
mst.title.4293000544._name,【称号】Rank1100達成記念〜千歌ちゃん〜
mst.title.4293000544._detailText,Rank1100を記念した特別な称号
mst.title.4293000545._name,【称号】Rank1100達成記念〜梨子ちゃん〜
mst.title.4293000545._detailText,Rank1100を記念した特別な称号
mst.title.4293000546._name,【称号】Rank1100達成記念〜果南ちゃん〜
mst.title.4293000546._detailText,Rank1100を記念した特別な称号
mst.title.4293000547._name,【称号】Rank1100達成記念〜ダイヤちゃん〜
mst.title.4293000547._detailText,Rank1100を記念した特別な称号
mst.title.4293000548._name,【称号】Rank1100達成記念〜曜ちゃん〜
mst.title.4293000548._detailText,Rank1100を記念した特別な称号
mst.title.4293000549._name,【称号】Rank1100達成記念〜善子ちゃん〜
mst.title.4293000549._detailText,Rank1100を記念した特別な称号
mst.title.4293000550._name,【称号】Rank1100達成記念〜花丸ちゃん〜
mst.title.4293000550._detailText,Rank1100を記念した特別な称号
mst.title.4293000551._name,【称号】Rank1100達成記念〜鞠莉ちゃん〜
mst.title.4293000551._detailText,Rank1100を記念した特別な称号
mst.title.4293000552._name,【称号】Rank1100達成記念〜ルビィちゃん〜
mst.title.4293000552._detailText,Rank1100を記念した特別な称号
mst.title.4293000553._name,【称号】ラブライブ！サンシャイン!! 沼津地元愛まつり
mst.title.4293000553._detailText,ラブライブ！サンシャイン!! 沼津地元愛まつりの開催を記念した特別な称号
mst.title.4293000554._name,【称号】Aqours 無限大 WORLD☆プロジェクト
mst.title.4293000554._detailText,Aqours 無限大 WORLD☆プロジェクトの始動を記念した特別な称号
mst.title.4293000555._name,【称号】アスルクラロ沼津×ラブライブ！サンシャイン!!コラボユニフォーム着用
mst.title.4293000555._detailText,アスルクラロ沼津×ラブライブ！サンシャイン!!コラボユニフォーム着用試合の開催を記念した特別な称号
mst.title.4293000556._name,【称号】スクフェスシリーズ感謝祭2022
mst.title.4293000556._detailText,スクフェスシリーズ感謝祭2022の開催を記念した特別な称号
mst.title.4293000557._name,【称号】重なるストーリー
mst.title.4293000557._detailText,第23回ライブ♪アリーナを制覇した証
mst.title.4293000558._name,【称号】全ては私のために
mst.title.4293000558._detailText,第24回ライブ♪アリーナを制覇した証
mst.title.4293000559._name,【称号】お祭り・バリエーション
mst.title.4293000559._detailText,第25回ライブ♪アリーナを制覇した証
mst.title.4293000560._name,【称号】アルパカ
mst.title.4293000560._detailText,全世界ユーザー数5300万人突破を記念した特別な称号
mst.title.4293000561._name,【称号】しいたけ
mst.title.4293000561._detailText,全世界ユーザー数5300万人突破を記念した特別な称号
mst.title.4293000562._name,【称号】はんぺん
mst.title.4293000562._detailText,全世界ユーザー数5300万人突破を記念した特別な称号
mst.title.4293000563._name,【称号】マンマル
mst.title.4293000563._detailText,全世界ユーザー数5300万人突破を記念した特別な称号
mst.title.4293000564._name,【称号】ブシロード15周年記念
mst.title.4293000564._detailText,ブシロード15周年を記念した特別な称号
mst.title.4293000565._name,【称号】夢と夢のおはなし
mst.title.4293000565._detailText,第26回ライブ♪アリーナを制覇した証
mst.title.4293000566._name,【称号】SCHOOL IDOL MUSICAL
mst.title.4293000566._detailText,スクールアイドルミュージカル開催を記念した特別な称号
mst.title.4293000567._name,【称号】クリスマスマフラー
mst.title.4293000567._detailText,Aqoursからのクリスマスプレゼント〜2022〜<br>クリスマスにこの称号をつけて12/26を迎えると良いことがある予感がする
mst.title.4293000568._name,【称号】思い出のアルバム
mst.title.4293000568._detailText,Liella!が大掃除で見つけた思い出のアルバム〜2022〜<br>大晦日にこの称号をつけて1/1を迎えると良いことがある予感がする
mst.title.4293000569._name,【称号】大吉のおみくじ
mst.title.4293000569._detailText,μ'sが引いた大吉のおみくじ〜2023〜<br>三が日にこの称号をつけて1/4を迎えると良いことがある予感がする
mst.title.4293000570._name,【称号】世界の中心は私
mst.title.4293000570._detailText,第27回ライブ♪アリーナを制覇した証
mst.title.4293000571._name,【称号】贈り愛・恩返し
mst.title.4293000571._detailText,第28回ライブ♪アリーナを制覇した証
mst.title.4293000572._name,【称号】夢を追いかけて
mst.title.4293000572._detailText,第29回ライブ♪アリーナを制覇した証
mst.title.4293010001._name,【称号】ノービス
mst.title.4293010001._detailText,ノービスクラスであることを証明する称号
mst.title.4293010002._name,【称号】ノービス＋
mst.title.4293010002._detailText,ノービス＋クラスであることを証明する称号
mst.title.4293010003._name,【称号】ノービス＋＋
mst.title.4293010003._detailText,ノービス＋＋クラスであることを証明する称号
mst.title.4293010004._name,【称号】アドバンス
mst.title.4293010004._detailText,アドバンスクラスであることを証明する称号
mst.title.4293010005._name,【称号】アドバンス＋
mst.title.4293010005._detailText,アドバンス＋クラスであることを証明する称号
mst.title.4293010006._name,【称号】アドバンス＋＋
mst.title.4293010006._detailText,アドバンス＋＋クラスであることを証明する称号
mst.title.4293010007._name,【称号】エキスパート
mst.title.4293010007._detailText,エキスパートクラスであることを証明する称号
mst.title.4293010008._name,【称号】エキスパート＋
mst.title.4293010008._detailText,エキスパート＋クラスであることを証明する称号
mst.title.4293010009._name,【称号】エキスパート＋＋
mst.title.4293010009._detailText,エキスパート＋＋クラスであることを証明する称号
mst.title.4293010010._name,【称号】ロイヤルエキスパート
mst.title.4293010010._detailText,ロイヤルエキスパートクラスであることを証明する称号
mst.title.4293010011._name,【称号】マスター
mst.title.4293010011._detailText,マスタークラスであることを証明する称号
mst.title.4293999001._name,スクフェスグローバル
mst.title.4293999001._detailText,スクフェスグローバル版プレイヤーであることを証明する称号
mst.title.4293999002._name,スクフェスグローバル[μ's]
mst.title.4293999002._detailText,スクフェスグローバル版プレイヤーであることを証明する称号[μ's]
mst.title.4293999003._name,スクフェスグローバル[Aqours]
mst.title.4293999003._detailText,スクフェスグローバル版プレイヤーであることを証明する称号[Aqours]
mst.title.4293999004._name,WORLDイメージガール黒澤ルビィ
mst.title.4293999004._detailText,WORLDイメージガール黒澤ルビィちゃんを記念した特別な称号
mst.title.4293999005._name,WORLDイメージガール渡辺曜
mst.title.4293999005._detailText,WORLDイメージガール渡辺曜ちゃんを記念した特別な称号
mst.title.4293999006._name,WORLDイメージガール高海千歌
mst.title.4293999006._detailText,WORLDイメージガール高海千歌ちゃんを記念した特別な称号
mst.title.4293999008._name,WORLDイメージガール黒澤ダイヤ
mst.title.4293999008._detailText,WORLDイメージガール黒澤ダイヤちゃんを記念した特別な称号
mst.title.4293999009._name,μ'sサマーガール2018
mst.title.4293999009._detailText,μ'sサマーガール2018を記念した特別な称号
mst.title.4293999010._name,Aqoursサマーガール2018
mst.title.4293999010._detailText,Aqoursサマーガール2018を記念した特別な称号
mst.title.4293999011._name,ワールドラブライブ！ in LA
mst.title.4293999011._detailText,ラブライブ！サンシャイン!! Aqours World LoveLive! in LAの開催を記念した特別な称号
mst.title.4293999012._name,WORLDイメージガール松浦果南
mst.title.4293999012._detailText,WORLDイメージガール松浦果南ちゃんを記念した特別な称号
mst.title.4293999013._name,μ'sハロウィンガール2018
mst.title.4293999013._detailText,μ'sハロウィンガール2018を記念した特別な称号
mst.title.4293999014._name,Aqoursハロウィンガール2018
mst.title.4293999014._detailText,Aqoursハロウィンガール2018を記念した特別な称号
mst.title.4293999016._name,μ'sクリスマスガール2018
mst.title.4293999016._detailText,μ'sクリスマスガール2018を記念した特別な称号
mst.title.4293999017._name,Aqoursクリスマスガール2018
mst.title.4293999017._detailText,Aqoursクリスマスガール2018を記念した特別な称号
mst.title.4293999018._name,WORLDイメージガール桜内梨子
mst.title.4293999018._detailText,WORLDイメージガール桜内梨子ちゃんを記念した特別な称号
mst.title.4293999019._name,WORLDイメージガール津島善子
mst.title.4293999019._detailText,WORLDイメージガール津島善子ちゃんを記念した特別な称号
mst.title.4293999020._name,WORLDイメージガール国木田花丸
mst.title.4293999020._detailText,WORLDイメージガール国木田花丸ちゃんを記念した特別な称号
mst.title.4293999021._name,WORLDイメージガール小原鞠莉
mst.title.4293999021._detailText,WORLDイメージガール小原鞠莉ちゃんを記念した特別な称号
mst.title.4293999022._name,Aqoursワールドラブライブ！アジアツアー2019
mst.title.4293999022._detailText,ラブライブ！サンシャイン!! Aqours World LoveLive! アジアツアー2019の開催を記念した特別な称号
mst.title.4293999023._name,グローバル版5周年記念
mst.title.4293999023._detailText,スクフェスグローバル版5周年を記念した特別な称号
mst.title.4293999024._name,【称号】ラブライブ！シリーズ9周年
mst.title.4293999024._detailText,ラブライブ！シリーズ9周年を記念した特別な称号
mst.title.4293999025._name,Aqours ワールドラブライブ！ in LA
mst.title.4293999025._detailText,ラブライブ！サンシャイン!! Aqours World LoveLive! in LA 2019の開催を記念した特別な称号
mst.title.4293999026._name,【称号】サマー・オブ・ラブライブ！2019
mst.title.4293999026._detailText,サマー・オブ・ラブライブ！2019の開催を記念した特別な称号
mst.title.4293999027._name,ハロウィン2019
mst.title.4293999027._detailText,2019ハロウィンを記念した特別な称号
mst.title.4293999028._name,キャラエキスポUSA 2019
mst.title.4293999028._detailText,Chara Expo USA 2019を記念した特別な称号
mst.title.4293999029._name,ハッピーホリデー！2019
mst.title.4293999029._detailText,2019クリスマスシーズンを記念した特別な称号
mst.title.4293999030._name,ハッピーホリデー！2019
mst.title.4293999030._detailText,2019クリスマスシーズンを記念した特別な称号
mst.title.4293001300._name,Aqoursクラブ活動 LIVE&FAN MEETING
mst.title.4293001300._detailText,Aqoursクラブ活動 LIVE&FAN MEETINGの開催を記念した特別な称号
mst.title.4293999031._name,スクスタファン
mst.title.4293999031._detailText,スクスタファンのあなたのための称号
mst.title.4293999032._name,スクスタサポーター
mst.title.4293999032._detailText,スクスタをやりこんだあなたのための称号
mst.title.4293999033._name,スクスタマスター
mst.title.4293999033._detailText,スクスタを遊び尽くしたあなたのための称号
mst.title.2000001._name,Full Combo!
mst.title.2000001._detailText,初めてフルコンボを達成した証（難易度不問）
mst.title.2000002._name,Full Combo!×100
mst.title.2000002._detailText,100曲フルコンボを達成した証（難易度不問）
mst.title.2000003._name,Full Combo!×200
mst.title.2000003._detailText,200曲フルコンボを達成した証（難易度不問）
mst.title.2000004._name,Full Combo!×300
mst.title.2000004._detailText,300曲フルコンボを達成した証（難易度不問）
mst.title.2000005._name,Full Combo!×400
mst.title.2000005._detailText,400曲フルコンボを達成した証（難易度不問）
mst.title.2000006._name,Full Combo!×500
mst.title.2000006._detailText,500曲フルコンボを達成した証（難易度不問）
mst.title.2000007._name,リズムスキルのプロ
mst.title.2000007._detailText,初めて全perfectを達成した証（難易度不問）
mst.title.2000008._name,リズムスキルのマスター
mst.title.2000008._detailText,master難度の曲で初めて全perfectを達成した証
mst.title.2000009._name,話し上手
mst.title.2000009._detailText,チャットを50種類以上読み終わった
mst.title.2000010._name,ラブライブ！虹ヶ咲学園スクールアイドル同好会 NEXT SKY 公開1週目入場特典の称号
mst.title.2000010._detailText,ラブライブ！虹ヶ咲学園スクールアイドル同好会 NEXT SKY 公開1週目入場特典の称号
mst.title.2000011._name,ラブライブ！虹ヶ咲学園スクールアイドル同好会 NEXT SKY 公開2週目入場特典の称号
mst.title.2000011._detailText,ラブライブ！虹ヶ咲学園スクールアイドル同好会 NEXT SKY 公開2週目入場特典の称号
mst.title.2000012._name,ラブライブ！虹ヶ咲学園スクールアイドル同好会 NEXT SKY 公開3週目入場特典の称号
mst.title.2000012._detailText,ラブライブ！虹ヶ咲学園スクールアイドル同好会 NEXT SKY 公開3週目入場特典の称号
mst.title.2000013._name,ラブライブ！虹ヶ咲学園スクールアイドル同好会 NEXT SKY 公開4週目入場特典の称号
mst.title.2000013._detailText,ラブライブ！虹ヶ咲学園スクールアイドル同好会 NEXT SKY 公開4週目入場特典の称号
mst.title.2000014._name,スクフェスシリーズ感謝祭2023
mst.title.2000014._detailText,スクフェスシリーズ感謝祭2023の開催を記念した特別な称号
mst.title.2000015._name,スクフェスシリーズ感謝祭2023記念ステッカー クイズ大会参加の称号
mst.title.2000015._detailText,スクフェスシリーズ感謝祭2023記念ステッカー クイズ大会の参加を記念した特別な称号
mst.title.2000016._name,スクフェスシリーズ感謝祭2023記念ステッカー ゲーム大会参加の称号
mst.title.2000016._detailText,スクフェスシリーズ感謝祭2023記念ステッカー ゲーム大会の参加を記念した特別な称号
mst.title.2000017._name,スクールアイドルフェスティバル ALL STARS メタバースライブ参加！
mst.title.2000017._detailText,スクールアイドルフェスティバル ALL STARS メタバースライブ参加を記念した特別な称号
mst.title.2000018._name,スクールアイドルミュージカル
mst.title.2000018._detailText,スクールアイドルミュージカルの東京追加公演開催を記念した特別な称号
mst.title.2000019._name,ラブライブ！スーパースター!! Liella! 4th LoveLive! Tour ～brand new Sparkle～[千葉]
mst.title.2000019._detailText,ラブライブ！スーパースター!! Liella! 4th LoveLive! Tour ～brand new Sparkle～の千葉公演開催を記念した特別な称号
mst.title.2000020._name,ラブライブ！スーパースター!! Liella! 4th LoveLive! Tour ～brand new Sparkle～[愛知]
mst.title.2000020._detailText,ラブライブ！スーパースター!! Liella! 4th LoveLive! Tour ～brand new Sparkle～の愛知公演開催を記念した特別な称号
mst.title.2000021._name,ラブライブ！スーパースター!! Liella! 4th LoveLive! Tour ～brand new Sparkle～[東京]
mst.title.2000021._detailText,ラブライブ！スーパースター!! Liella! 4th LoveLive! Tour ～brand new Sparkle～の東京公演開催を記念した特別な称号
mst.title.2000022._name,Love You!!
mst.title.2000022._detailText,虹ヶ咲学園スクールアイドル同好会 5thアルバム「Fly with You!!」 初回盤の発売を記念した特別な称号
mst.title.2000023._name,コンプリートの証
mst.title.2000023._detailText,虹ヶ咲学園スクールアイドル同好会 UNIT LIVE! Blu-ray Memorial BOXの発売を記念した特別な称号
mst.title.2000024._name,ROLL ICE CREAM FACTORY ×スクフェス2♪コラボ
mst.title.2000024._detailText,ROLL ICE CREAM FACTORY ×スクフェス2♪コラボを記念した特別な称号
mst.title.2000027._name,沼津地元愛まつりの称号
mst.title.2000027._detailText,ラブライブ！サンシャイン!! 沼津地元愛まつり 2023を記念した特別な称号
mst.title.2000028._name,ラブライブ！スクールアイドルフェスティバル Aqours official illustration book５購入者特典の称号
mst.title.2000028._detailText,ラブライブ！スクールアイドルフェスティバル Aqours official illustration book５を記念した特別な称号
mst.title.2000029._name,洋服の青山×ニジガクコラボ称号
mst.title.2000029._detailText,洋服の青山×ニジガクコラボを記念した特別な称号
mst.title.2000030._name,幻日のヨハネ -The Story of the Sound of Heart-開催記念称号
mst.title.2000030._detailText,幻日のヨハネ -The Story of the Sound of Heart-開催を記念した特別な称号
mst.title.2000031._name,「ラブライブ！スクールアイドルフェスティバル ALL STARS　CompleteBook」特典称号
mst.title.2000031._detailText,「ラブライブ！スクールアイドルフェスティバル ALL STARS　CompleteBook」を記念した特別な称号
mst.title.2000034._name,ラブライブ！虹ヶ咲学園スクールアイドル同好会 6th Live! I love You ⇆ You love Me　愛知公演開催記念称号
mst.title.2000034._detailText,「ラブライブ！虹ヶ咲学園スクールアイドル同好会 6th Live! I love You ⇆ You love Me　愛知公演」開催を記念した特別な称号
mst.title.2000035._name,ラブライブ！虹ヶ咲学園スクールアイドル同好会 6th Live! I love You ⇆ You love Me　神奈川公演開催記念称号
mst.title.2000035._detailText,「ラブライブ！虹ヶ咲学園スクールアイドル同好会 6th Live! I love You ⇆ You love Me　神奈川公演」開催を記念した特別な称号
mst.title.2000036._name,異次元フェス アイドルマスター★♥ラブライブ！歌合戦開催記念称号
mst.title.2000036._detailText,異次元フェス アイドルマスター★♥ラブライブ！歌合戦開催を記念した特別な称号
mst.title.2000037._name,「スクールアイドルミュージカル　＜2024年公演＞」開催記念称号
mst.title.2000037._detailText,「スクールアイドルミュージカル　＜2024年公演＞」開催を記念した特別な称号
mst.title.2000038._name,スノーホワイトクリスマスキャンペーン開催記念称号
mst.title.2000038._detailText,メリークリスマス！
mst.title.2000039._name,「ラブライブ！スーパースター!! Liella! 5th LoveLive! ～Twinkle Triangle～＜福岡公演＞」開催記念称号
mst.title.2000039._detailText,「ラブライブ！スーパースター!! Liella! 5th LoveLive! ～Twinkle Triangle～＜福岡公演＞」開催を記念した特別な称号
mst.title.2000040._name,「ラブライブ！スーパースター!! Liella! 5th LoveLive! ～Twinkle Triangle～＜東京公演＞」開催記念称号
mst.title.2000040._detailText,「ラブライブ！スーパースター!! Liella! 5th LoveLive! ～Twinkle Triangle～＜東京公演＞」開催を記念した特別な称号
mst.title.2000041._name,2024年あけましておめでとう！称号
mst.title.2000041._detailText,2024年謹賀新年を祝した特別な称号
mst.title.2000042._name,「ラブライブ！TVアニメ放送10周年記念　LoveLive! Special Talk Session」開催記念称号
mst.title.2000042._detailText,「ラブライブ！TVアニメ放送10周年記念　LoveLive! Special Talk Session」開催を記念した特別な称号
mst.title.2000043._name,「LoveLive! Series Presents ユニット甲子園 2024」開催記念称号
mst.title.2000043._detailText,「LoveLive! Series Presents ユニット甲子園 2024」開催を記念した特別な称号
mst.title.2000044._name,「ラブライブ！TVアニメ放送10周年記念 LoveLive! Orchestra Concert」開催記念称号
mst.title.2000044._detailText,「ラブライブ！TVアニメ放送10周年記念 LoveLive! Orchestra Concert」開催を記念した特別な称号
mst.title.3000001._name,穂乃果推し
mst.title.3000001._detailText,穂乃果とキズナを深めた証
mst.title.3000002._name,絵里推し
mst.title.3000002._detailText,絵里とキズナを深めた証
mst.title.3000003._name,ことり推し
mst.title.3000003._detailText,ことりとキズナを深めた証
mst.title.3000004._name,海未推し
mst.title.3000004._detailText,海未とキズナを深めた証
mst.title.3000005._name,凛推し
mst.title.3000005._detailText,凛とキズナを深めた証
mst.title.3000006._name,真姫推し
mst.title.3000006._detailText,真姫とキズナを深めた証
mst.title.3000007._name,希推し
mst.title.3000007._detailText,希とキズナを深めた証
mst.title.3000008._name,花陽推し
mst.title.3000008._detailText,花陽とキズナを深めた証
mst.title.3000009._name,にこ推し
mst.title.3000009._detailText,にことキズナを深めた証
mst.title.3000010._name,千歌推し
mst.title.3000010._detailText,千歌とキズナを深めた証
mst.title.3000011._name,梨子推し
mst.title.3000011._detailText,梨子とキズナを深めた証
mst.title.3000012._name,果南推し
mst.title.3000012._detailText,果南とキズナを深めた証
mst.title.3000013._name,ダイヤ推し
mst.title.3000013._detailText,ダイヤとキズナを深めた証
mst.title.3000014._name,曜推し
mst.title.3000014._detailText,曜とキズナを深めた証
mst.title.3000015._name,善子推し
mst.title.3000015._detailText,善子とキズナを深めた証
mst.title.3000016._name,花丸推し
mst.title.3000016._detailText,花丸とキズナを深めた証
mst.title.3000017._name,鞠莉推し
mst.title.3000017._detailText,鞠莉とキズナを深めた証
mst.title.3000018._name,ルビィ推し
mst.title.3000018._detailText,ルビィとキズナを深めた証
mst.title.3000019._name,歩夢推し
mst.title.3000019._detailText,歩夢とキズナを深めた証
mst.title.3000020._name,かすみ推し
mst.title.3000020._detailText,かすみとキズナを深めた証
mst.title.3000021._name,しずく推し
mst.title.3000021._detailText,しずくとキズナを深めた証
mst.title.3000022._name,果林推し
mst.title.3000022._detailText,果林とキズナを深めた証
mst.title.3000023._name,愛推し
mst.title.3000023._detailText,愛とキズナを深めた証
mst.title.3000024._name,彼方推し
mst.title.3000024._detailText,彼方とキズナを深めた証
mst.title.3000025._name,せつ菜推し
mst.title.3000025._detailText,せつ菜とキズナを深めた証
mst.title.3000026._name,エマ推し
mst.title.3000026._detailText,エマとキズナを深めた証
mst.title.3000027._name,璃奈推し
mst.title.3000027._detailText,璃奈とキズナを深めた証
mst.title.3000028._name,栞子推し
mst.title.3000028._detailText,栞子とキズナを深めた証
mst.title.3000029._name,ミア推し
mst.title.3000029._detailText,ミアとキズナを深めた証
mst.title.3000030._name,嵐珠推し
mst.title.3000030._detailText,嵐珠とキズナを深めた証
mst.title.3000031._name,かのん推し
mst.title.3000031._detailText,かのんとキズナを深めた証
mst.title.3000032._name,可可推し
mst.title.3000032._detailText,可可とキズナを深めた証
mst.title.3000033._name,千砂都推し
mst.title.3000033._detailText,千砂都とキズナを深めた証
mst.title.3000034._name,すみれ推し
mst.title.3000034._detailText,すみれとキズナを深めた証
mst.title.3000035._name,恋推し
mst.title.3000035._detailText,恋とキズナを深めた証
mst.title.3000036._name,きな子推し
mst.title.3000036._detailText,きな子とキズナを深めた証
mst.title.3000037._name,メイ推し
mst.title.3000037._detailText,メイとキズナを深めた証
mst.title.3000038._name,四季推し
mst.title.3000038._detailText,四季とキズナを深めた証
mst.title.3000039._name,夏美推し
mst.title.3000039._detailText,夏美とキズナを深めた証
mst.title.3000040._name,穂乃果の友達
mst.title.3000040._detailText,穂乃果とよりキズナを深めた証
mst.title.3000041._name,絵里の友達
mst.title.3000041._detailText,絵里とよりキズナを深めた証
mst.title.3000042._name,ことりの友達
mst.title.3000042._detailText,ことりとよりキズナを深めた証
mst.title.3000043._name,海未の友達
mst.title.3000043._detailText,海未とよりキズナを深めた証
mst.title.3000044._name,凛の友達
mst.title.3000044._detailText,凛とよりキズナを深めた証
mst.title.3000045._name,真姫の友達
mst.title.3000045._detailText,真姫とよりキズナを深めた証
mst.title.3000046._name,希の友達
mst.title.3000046._detailText,希とよりキズナを深めた証
mst.title.3000047._name,花陽の友達
mst.title.3000047._detailText,花陽とよりキズナを深めた証
mst.title.3000048._name,にこの友達
mst.title.3000048._detailText,にことよりキズナを深めた証
mst.title.3000049._name,千歌の友達
mst.title.3000049._detailText,千歌とよりキズナを深めた証
mst.title.3000050._name,梨子の友達
mst.title.3000050._detailText,梨子とよりキズナを深めた証
mst.title.3000051._name,果南の友達
mst.title.3000051._detailText,果南とよりキズナを深めた証
mst.title.3000052._name,ダイヤの友達
mst.title.3000052._detailText,ダイヤとよりキズナを深めた証
mst.title.3000053._name,曜の友達
mst.title.3000053._detailText,曜とよりキズナを深めた証
mst.title.3000054._name,善子の友達
mst.title.3000054._detailText,善子とよりキズナを深めた証
mst.title.3000055._name,花丸の友達
mst.title.3000055._detailText,花丸とよりキズナを深めた証
mst.title.3000056._name,鞠莉の友達
mst.title.3000056._detailText,鞠莉とよりキズナを深めた証
mst.title.3000057._name,ルビィの友達
mst.title.3000057._detailText,ルビィとよりキズナを深めた証
mst.title.3000058._name,歩夢の友達
mst.title.3000058._detailText,歩夢とよりキズナを深めた証
mst.title.3000059._name,かすみの友達
mst.title.3000059._detailText,かすみとよりキズナを深めた証
mst.title.3000060._name,しずくの友達
mst.title.3000060._detailText,しずくとよりキズナを深めた証
mst.title.3000061._name,果林の友達
mst.title.3000061._detailText,果林とよりキズナを深めた証
mst.title.3000062._name,愛の友達
mst.title.3000062._detailText,愛とよりキズナを深めた証
mst.title.3000063._name,彼方の友達
mst.title.3000063._detailText,彼方とよりキズナを深めた証
mst.title.3000064._name,せつ菜の友達
mst.title.3000064._detailText,せつ菜とよりキズナを深めた証
mst.title.3000065._name,エマの友達
mst.title.3000065._detailText,エマとよりキズナを深めた証
mst.title.3000066._name,璃奈の友達
mst.title.3000066._detailText,璃奈とよりキズナを深めた証
mst.title.3000067._name,栞子の友達
mst.title.3000067._detailText,栞子とよりキズナを深めた証
mst.title.3000068._name,ミアの友達
mst.title.3000068._detailText,ミアとよりキズナを深めた証
mst.title.3000069._name,嵐珠の友達
mst.title.3000069._detailText,嵐珠とよりキズナを深めた証
mst.title.3000070._name,かのんの友達
mst.title.3000070._detailText,かのんとよりキズナを深めた証
mst.title.3000071._name,可可の友達
mst.title.3000071._detailText,可可とよりキズナを深めた証
mst.title.3000072._name,千砂都の友達
mst.title.3000072._detailText,千砂都とよりキズナを深めた証
mst.title.3000073._name,すみれの友達
mst.title.3000073._detailText,すみれとよりキズナを深めた証
mst.title.3000074._name,恋の友達
mst.title.3000074._detailText,恋とよりキズナを深めた証
mst.title.3000075._name,きな子の友達
mst.title.3000075._detailText,きな子とよりキズナを深めた証
mst.title.3000076._name,メイの友達
mst.title.3000076._detailText,メイとよりキズナを深めた証
mst.title.3000077._name,四季の友達
mst.title.3000077._detailText,四季とよりキズナを深めた証
mst.title.3000078._name,夏美の友達
mst.title.3000078._detailText,夏美とよりキズナを深めた証
mst.title.3000079._name,マルガレーテ推し
mst.title.3000079._detailText,マルガレーテとキズナを深めた証
mst.title.3000080._name,冬毬推し
mst.title.3000080._detailText,冬毬とキズナを深めた証
mst.title.3000081._name,マルガレーテの友達
mst.title.3000081._detailText,マルガレーテとよりキズナを深めた証
mst.title.3000082._name,冬毬の友達
mst.title.3000082._detailText,冬毬とよりキズナを深めた証
mst.title.4000001._name,スランプ脱出大作戦！ 穂乃果 TOP100
mst.title.4000001._detailText,スランプ脱出大作戦！ 穂乃果 TOP100
mst.title.4000002._name,スランプ脱出大作戦！ 絵里 TOP100
mst.title.4000002._detailText,スランプ脱出大作戦！ 絵里 TOP100
mst.title.4000003._name,スランプ脱出大作戦！ ことり TOP100
mst.title.4000003._detailText,スランプ脱出大作戦！ ことり TOP100
mst.title.4000004._name,スランプ脱出大作戦！ 海未 TOP100
mst.title.4000004._detailText,スランプ脱出大作戦！ 海未 TOP100
mst.title.4000005._name,スランプ脱出大作戦！ 凛 TOP100
mst.title.4000005._detailText,スランプ脱出大作戦！ 凛 TOP100
mst.title.4000006._name,スランプ脱出大作戦！ 真姫 TOP100
mst.title.4000006._detailText,スランプ脱出大作戦！ 真姫 TOP100
mst.title.4000007._name,スランプ脱出大作戦！ 希 TOP100
mst.title.4000007._detailText,スランプ脱出大作戦！ 希 TOP100
mst.title.4000008._name,スランプ脱出大作戦！ 花陽 TOP100
mst.title.4000008._detailText,スランプ脱出大作戦！ 花陽 TOP100
mst.title.4000009._name,スランプ脱出大作戦！ にこ TOP100
mst.title.4000009._detailText,スランプ脱出大作戦！ にこ TOP100
mst.title.4000010._name,スランプ脱出大作戦！ 千歌 TOP100
mst.title.4000010._detailText,スランプ脱出大作戦！ 千歌 TOP100
mst.title.4000011._name,スランプ脱出大作戦！ 梨子 TOP100
mst.title.4000011._detailText,スランプ脱出大作戦！ 梨子 TOP100
mst.title.4000012._name,スランプ脱出大作戦！ 果南 TOP100
mst.title.4000012._detailText,スランプ脱出大作戦！ 果南 TOP100
mst.title.4000013._name,スランプ脱出大作戦！ ダイヤ TOP100
mst.title.4000013._detailText,スランプ脱出大作戦！ ダイヤ TOP100
mst.title.4000014._name,スランプ脱出大作戦！ 曜 TOP100
mst.title.4000014._detailText,スランプ脱出大作戦！ 曜 TOP100
mst.title.4000015._name,スランプ脱出大作戦！ 善子 TOP100
mst.title.4000015._detailText,スランプ脱出大作戦！ 善子 TOP100
mst.title.4000016._name,スランプ脱出大作戦！ 花丸 TOP100
mst.title.4000016._detailText,スランプ脱出大作戦！ 花丸 TOP100
mst.title.4000017._name,スランプ脱出大作戦！ 鞠莉 TOP100
mst.title.4000017._detailText,スランプ脱出大作戦！ 鞠莉 TOP100
mst.title.4000018._name,スランプ脱出大作戦！ ルビィ TOP100
mst.title.4000018._detailText,スランプ脱出大作戦！ ルビィ TOP100
mst.title.4000019._name,スランプ脱出大作戦！ 歩夢 TOP100
mst.title.4000019._detailText,スランプ脱出大作戦！ 歩夢 TOP100
mst.title.4000020._name,スランプ脱出大作戦！ かすみ TOP100
mst.title.4000020._detailText,スランプ脱出大作戦！ かすみ TOP100
mst.title.4000021._name,スランプ脱出大作戦！ しずく TOP100
mst.title.4000021._detailText,スランプ脱出大作戦！ しずく TOP100
mst.title.4000022._name,スランプ脱出大作戦！ 果林 TOP100
mst.title.4000022._detailText,スランプ脱出大作戦！ 果林 TOP100
mst.title.4000023._name,スランプ脱出大作戦！ 愛 TOP100
mst.title.4000023._detailText,スランプ脱出大作戦！ 愛 TOP100
mst.title.4000024._name,スランプ脱出大作戦！ 彼方 TOP100
mst.title.4000024._detailText,スランプ脱出大作戦！ 彼方 TOP100
mst.title.4000025._name,スランプ脱出大作戦！ せつ菜 TOP100
mst.title.4000025._detailText,スランプ脱出大作戦！ せつ菜 TOP100
mst.title.4000026._name,スランプ脱出大作戦！ エマ TOP100
mst.title.4000026._detailText,スランプ脱出大作戦！ エマ TOP100
mst.title.4000027._name,スランプ脱出大作戦！ 璃奈 TOP100
mst.title.4000027._detailText,スランプ脱出大作戦！ 璃奈 TOP100
mst.title.4000028._name,スランプ脱出大作戦！ 栞子 TOP100
mst.title.4000028._detailText,スランプ脱出大作戦！ 栞子 TOP100
mst.title.4000029._name,スランプ脱出大作戦！ ミア TOP100
mst.title.4000029._detailText,スランプ脱出大作戦！ ミア TOP100
mst.title.4000030._name,スランプ脱出大作戦！ 嵐珠 TOP100
mst.title.4000030._detailText,スランプ脱出大作戦！ 嵐珠 TOP100
mst.title.4000031._name,スランプ脱出大作戦！ かのん TOP100
mst.title.4000031._detailText,スランプ脱出大作戦！ かのん TOP100
mst.title.4000032._name,スランプ脱出大作戦！ 可可 TOP100
mst.title.4000032._detailText,スランプ脱出大作戦！ 可可 TOP100
mst.title.4000033._name,スランプ脱出大作戦！ 千砂都 TOP100
mst.title.4000033._detailText,スランプ脱出大作戦！ 千砂都 TOP100
mst.title.4000034._name,スランプ脱出大作戦！ すみれ TOP100
mst.title.4000034._detailText,スランプ脱出大作戦！ すみれ TOP100
mst.title.4000035._name,スランプ脱出大作戦！ 恋 TOP100
mst.title.4000035._detailText,スランプ脱出大作戦！ 恋 TOP100
mst.title.4000036._name,スランプ脱出大作戦！ きな子 TOP100
mst.title.4000036._detailText,スランプ脱出大作戦！ きな子 TOP100
mst.title.4000037._name,スランプ脱出大作戦！ メイ TOP100
mst.title.4000037._detailText,スランプ脱出大作戦！ メイ TOP100
mst.title.4000038._name,スランプ脱出大作戦！ 四季 TOP100
mst.title.4000038._detailText,スランプ脱出大作戦！ 四季 TOP100
mst.title.4000039._name,スランプ脱出大作戦！ 夏美 TOP100
mst.title.4000039._detailText,スランプ脱出大作戦！ 夏美 TOP100
mst.title.4000040._name,スランプ脱出大作戦！ 穂乃果 TOP10000
mst.title.4000040._detailText,スランプ脱出大作戦！ 穂乃果 TOP10000
mst.title.4000041._name,スランプ脱出大作戦！ 絵里 TOP10000
mst.title.4000041._detailText,スランプ脱出大作戦！ 絵里 TOP10000
mst.title.4000042._name,スランプ脱出大作戦！ ことり TOP10000
mst.title.4000042._detailText,スランプ脱出大作戦！ ことり TOP10000
mst.title.4000043._name,スランプ脱出大作戦！ 海未 TOP10000
mst.title.4000043._detailText,スランプ脱出大作戦！ 海未 TOP10000
mst.title.4000044._name,スランプ脱出大作戦！ 凛 TOP10000
mst.title.4000044._detailText,スランプ脱出大作戦！ 凛 TOP10000
mst.title.4000045._name,スランプ脱出大作戦！ 真姫 TOP10000
mst.title.4000045._detailText,スランプ脱出大作戦！ 真姫 TOP10000
mst.title.4000046._name,スランプ脱出大作戦！ 希 TOP10000
mst.title.4000046._detailText,スランプ脱出大作戦！ 希 TOP10000
mst.title.4000047._name,スランプ脱出大作戦！ 花陽 TOP10000
mst.title.4000047._detailText,スランプ脱出大作戦！ 花陽 TOP10000
mst.title.4000048._name,スランプ脱出大作戦！ にこ TOP10000
mst.title.4000048._detailText,スランプ脱出大作戦！ にこ TOP10000
mst.title.4000049._name,スランプ脱出大作戦！ 千歌 TOP10000
mst.title.4000049._detailText,スランプ脱出大作戦！ 千歌 TOP10000
mst.title.4000050._name,スランプ脱出大作戦！ 梨子 TOP10000
mst.title.4000050._detailText,スランプ脱出大作戦！ 梨子 TOP10000
mst.title.4000051._name,スランプ脱出大作戦！ 果南 TOP10000
mst.title.4000051._detailText,スランプ脱出大作戦！ 果南 TOP10000
mst.title.4000052._name,スランプ脱出大作戦！ ダイヤ TOP10000
mst.title.4000052._detailText,スランプ脱出大作戦！ ダイヤ TOP10000
mst.title.4000053._name,スランプ脱出大作戦！ 曜 TOP10000
mst.title.4000053._detailText,スランプ脱出大作戦！ 曜 TOP10000
mst.title.4000054._name,スランプ脱出大作戦！ 善子 TOP10000
mst.title.4000054._detailText,スランプ脱出大作戦！ 善子 TOP10000
mst.title.4000055._name,スランプ脱出大作戦！ 花丸 TOP10000
mst.title.4000055._detailText,スランプ脱出大作戦！ 花丸 TOP10000
mst.title.4000056._name,スランプ脱出大作戦！ 鞠莉 TOP10000
mst.title.4000056._detailText,スランプ脱出大作戦！ 鞠莉 TOP10000
mst.title.4000057._name,スランプ脱出大作戦！ ルビィ TOP10000
mst.title.4000057._detailText,スランプ脱出大作戦！ ルビィ TOP10000
mst.title.4000058._name,スランプ脱出大作戦！ 歩夢 TOP10000
mst.title.4000058._detailText,スランプ脱出大作戦！ 歩夢 TOP10000
mst.title.4000059._name,スランプ脱出大作戦！ かすみ TOP10000
mst.title.4000059._detailText,スランプ脱出大作戦！ かすみ TOP10000
mst.title.4000060._name,スランプ脱出大作戦！ しずく TOP10000
mst.title.4000060._detailText,スランプ脱出大作戦！ しずく TOP10000
mst.title.4000061._name,スランプ脱出大作戦！ 果林 TOP10000
mst.title.4000061._detailText,スランプ脱出大作戦！ 果林 TOP10000
mst.title.4000062._name,スランプ脱出大作戦！ 愛 TOP10000
mst.title.4000062._detailText,スランプ脱出大作戦！ 愛 TOP10000
mst.title.4000063._name,スランプ脱出大作戦！ 彼方 TOP10000
mst.title.4000063._detailText,スランプ脱出大作戦！ 彼方 TOP10000
mst.title.4000064._name,スランプ脱出大作戦！ せつ菜 TOP10000
mst.title.4000064._detailText,スランプ脱出大作戦！ せつ菜 TOP10000
mst.title.4000065._name,スランプ脱出大作戦！ エマ TOP10000
mst.title.4000065._detailText,スランプ脱出大作戦！ エマ TOP10000
mst.title.4000066._name,スランプ脱出大作戦！ 璃奈 TOP10000
mst.title.4000066._detailText,スランプ脱出大作戦！ 璃奈 TOP10000
mst.title.4000067._name,スランプ脱出大作戦！ 栞子 TOP10000
mst.title.4000067._detailText,スランプ脱出大作戦！ 栞子 TOP10000
mst.title.4000068._name,スランプ脱出大作戦！ ミア TOP10000
mst.title.4000068._detailText,スランプ脱出大作戦！ ミア TOP10000
mst.title.4000069._name,スランプ脱出大作戦！ 嵐珠 TOP10000
mst.title.4000069._detailText,スランプ脱出大作戦！ 嵐珠 TOP10000
mst.title.4000070._name,スランプ脱出大作戦！ かのん TOP10000
mst.title.4000070._detailText,スランプ脱出大作戦！ かのん TOP10000
mst.title.4000071._name,スランプ脱出大作戦！ 可可 TOP10000
mst.title.4000071._detailText,スランプ脱出大作戦！ 可可 TOP10000
mst.title.4000072._name,スランプ脱出大作戦！ 千砂都 TOP10000
mst.title.4000072._detailText,スランプ脱出大作戦！ 千砂都 TOP10000
mst.title.4000073._name,スランプ脱出大作戦！ すみれ TOP10000
mst.title.4000073._detailText,スランプ脱出大作戦！ すみれ TOP10000
mst.title.4000074._name,スランプ脱出大作戦！ 恋 TOP10000
mst.title.4000074._detailText,スランプ脱出大作戦！ 恋 TOP10000
mst.title.4000075._name,スランプ脱出大作戦！ きな子 TOP10000
mst.title.4000075._detailText,スランプ脱出大作戦！ きな子 TOP10000
mst.title.4000076._name,スランプ脱出大作戦！ メイ TOP10000
mst.title.4000076._detailText,スランプ脱出大作戦！ メイ TOP10000
mst.title.4000077._name,スランプ脱出大作戦！ 四季 TOP10000
mst.title.4000077._detailText,スランプ脱出大作戦！ 四季 TOP10000
mst.title.4000078._name,スランプ脱出大作戦！ 夏美 TOP10000
mst.title.4000078._detailText,スランプ脱出大作戦！ 夏美 TOP10000
mst.title.4000079._name,スランプ脱出大作戦！ 穂乃果 TOP30000
mst.title.4000079._detailText,スランプ脱出大作戦！ 穂乃果 TOP30000
mst.title.4000080._name,スランプ脱出大作戦！ 絵里 TOP30000
mst.title.4000080._detailText,スランプ脱出大作戦！ 絵里 TOP30000
mst.title.4000081._name,スランプ脱出大作戦！ ことり TOP30000
mst.title.4000081._detailText,スランプ脱出大作戦！ ことり TOP30000
mst.title.4000082._name,スランプ脱出大作戦！ 海未 TOP30000
mst.title.4000082._detailText,スランプ脱出大作戦！ 海未 TOP30000
mst.title.4000083._name,スランプ脱出大作戦！ 凛 TOP30000
mst.title.4000083._detailText,スランプ脱出大作戦！ 凛 TOP30000
mst.title.4000084._name,スランプ脱出大作戦！ 真姫 TOP30000
mst.title.4000084._detailText,スランプ脱出大作戦！ 真姫 TOP30000
mst.title.4000085._name,スランプ脱出大作戦！ 希 TOP30000
mst.title.4000085._detailText,スランプ脱出大作戦！ 希 TOP30000
mst.title.4000086._name,スランプ脱出大作戦！ 花陽 TOP30000
mst.title.4000086._detailText,スランプ脱出大作戦！ 花陽 TOP30000
mst.title.4000087._name,スランプ脱出大作戦！ にこ TOP30000
mst.title.4000087._detailText,スランプ脱出大作戦！ にこ TOP30000
mst.title.4000088._name,スランプ脱出大作戦！ 千歌 TOP30000
mst.title.4000088._detailText,スランプ脱出大作戦！ 千歌 TOP30000
mst.title.4000089._name,スランプ脱出大作戦！ 梨子 TOP30000
mst.title.4000089._detailText,スランプ脱出大作戦！ 梨子 TOP30000
mst.title.4000090._name,スランプ脱出大作戦！ 果南 TOP30000
mst.title.4000090._detailText,スランプ脱出大作戦！ 果南 TOP30000
mst.title.4000091._name,スランプ脱出大作戦！ ダイヤ TOP30000
mst.title.4000091._detailText,スランプ脱出大作戦！ ダイヤ TOP30000
mst.title.4000092._name,スランプ脱出大作戦！ 曜 TOP30000
mst.title.4000092._detailText,スランプ脱出大作戦！ 曜 TOP30000
mst.title.4000093._name,スランプ脱出大作戦！ 善子 TOP30000
mst.title.4000093._detailText,スランプ脱出大作戦！ 善子 TOP30000
mst.title.4000094._name,スランプ脱出大作戦！ 花丸 TOP30000
mst.title.4000094._detailText,スランプ脱出大作戦！ 花丸 TOP30000
mst.title.4000095._name,スランプ脱出大作戦！ 鞠莉 TOP30000
mst.title.4000095._detailText,スランプ脱出大作戦！ 鞠莉 TOP30000
mst.title.4000096._name,スランプ脱出大作戦！ ルビィ TOP30000
mst.title.4000096._detailText,スランプ脱出大作戦！ ルビィ TOP30000
mst.title.4000097._name,スランプ脱出大作戦！ 歩夢 TOP30000
mst.title.4000097._detailText,スランプ脱出大作戦！ 歩夢 TOP30000
mst.title.4000098._name,スランプ脱出大作戦！ かすみ TOP30000
mst.title.4000098._detailText,スランプ脱出大作戦！ かすみ TOP30000
mst.title.4000099._name,スランプ脱出大作戦！ しずく TOP30000
mst.title.4000099._detailText,スランプ脱出大作戦！ しずく TOP30000
mst.title.4000100._name,スランプ脱出大作戦！ 果林 TOP30000
mst.title.4000100._detailText,スランプ脱出大作戦！ 果林 TOP30000
mst.title.4000101._name,スランプ脱出大作戦！ 愛 TOP30000
mst.title.4000101._detailText,スランプ脱出大作戦！ 愛 TOP30000
mst.title.4000102._name,スランプ脱出大作戦！ 彼方 TOP30000
mst.title.4000102._detailText,スランプ脱出大作戦！ 彼方 TOP30000
mst.title.4000103._name,スランプ脱出大作戦！ せつ菜 TOP30000
mst.title.4000103._detailText,スランプ脱出大作戦！ せつ菜 TOP30000
mst.title.4000104._name,スランプ脱出大作戦！ エマ TOP30000
mst.title.4000104._detailText,スランプ脱出大作戦！ エマ TOP30000
mst.title.4000105._name,スランプ脱出大作戦！ 璃奈 TOP30000
mst.title.4000105._detailText,スランプ脱出大作戦！ 璃奈 TOP30000
mst.title.4000106._name,スランプ脱出大作戦！ 栞子 TOP30000
mst.title.4000106._detailText,スランプ脱出大作戦！ 栞子 TOP30000
mst.title.4000107._name,スランプ脱出大作戦！ ミア TOP30000
mst.title.4000107._detailText,スランプ脱出大作戦！ ミア TOP30000
mst.title.4000108._name,スランプ脱出大作戦！ 嵐珠 TOP30000
mst.title.4000108._detailText,スランプ脱出大作戦！ 嵐珠 TOP30000
mst.title.4000109._name,スランプ脱出大作戦！ かのん TOP30000
mst.title.4000109._detailText,スランプ脱出大作戦！ かのん TOP30000
mst.title.4000110._name,スランプ脱出大作戦！ 可可 TOP30000
mst.title.4000110._detailText,スランプ脱出大作戦！ 可可 TOP30000
mst.title.4000111._name,スランプ脱出大作戦！ 千砂都 TOP30000
mst.title.4000111._detailText,スランプ脱出大作戦！ 千砂都 TOP30000
mst.title.4000112._name,スランプ脱出大作戦！ すみれ TOP30000
mst.title.4000112._detailText,スランプ脱出大作戦！ すみれ TOP30000
mst.title.4000113._name,スランプ脱出大作戦！ 恋 TOP30000
mst.title.4000113._detailText,スランプ脱出大作戦！ 恋 TOP30000
mst.title.4000114._name,スランプ脱出大作戦！ きな子 TOP30000
mst.title.4000114._detailText,スランプ脱出大作戦！ きな子 TOP30000
mst.title.4000115._name,スランプ脱出大作戦！ メイ TOP30000
mst.title.4000115._detailText,スランプ脱出大作戦！ メイ TOP30000
mst.title.4000116._name,スランプ脱出大作戦！ 四季 TOP30000
mst.title.4000116._detailText,スランプ脱出大作戦！ 四季 TOP30000
mst.title.4000117._name,スランプ脱出大作戦！ 夏美 TOP30000
mst.title.4000117._detailText,スランプ脱出大作戦！ 夏美 TOP30000
mst.title.4000118._name,私たちの街、撮ってみた 穂乃果 TOP100
mst.title.4000118._detailText,私たちの街、撮ってみた 穂乃果 TOP100
mst.title.4000119._name,私たちの街、撮ってみた 絵里 TOP100
mst.title.4000119._detailText,私たちの街、撮ってみた 絵里 TOP100
mst.title.4000120._name,私たちの街、撮ってみた ことり TOP100
mst.title.4000120._detailText,私たちの街、撮ってみた ことり TOP100
mst.title.4000121._name,私たちの街、撮ってみた 海未 TOP100
mst.title.4000121._detailText,私たちの街、撮ってみた 海未 TOP100
mst.title.4000122._name,私たちの街、撮ってみた 凛 TOP100
mst.title.4000122._detailText,私たちの街、撮ってみた 凛 TOP100
mst.title.4000123._name,私たちの街、撮ってみた 真姫 TOP100
mst.title.4000123._detailText,私たちの街、撮ってみた 真姫 TOP100
mst.title.4000124._name,私たちの街、撮ってみた 希 TOP100
mst.title.4000124._detailText,私たちの街、撮ってみた 希 TOP100
mst.title.4000125._name,私たちの街、撮ってみた 花陽 TOP100
mst.title.4000125._detailText,私たちの街、撮ってみた 花陽 TOP100
mst.title.4000126._name,私たちの街、撮ってみた にこ TOP100
mst.title.4000126._detailText,私たちの街、撮ってみた にこ TOP100
mst.title.4000127._name,私たちの街、撮ってみた 千歌 TOP100
mst.title.4000127._detailText,私たちの街、撮ってみた 千歌 TOP100
mst.title.4000128._name,私たちの街、撮ってみた 梨子 TOP100
mst.title.4000128._detailText,私たちの街、撮ってみた 梨子 TOP100
mst.title.4000129._name,私たちの街、撮ってみた 果南 TOP100
mst.title.4000129._detailText,私たちの街、撮ってみた 果南 TOP100
mst.title.4000130._name,私たちの街、撮ってみた ダイヤ TOP100
mst.title.4000130._detailText,私たちの街、撮ってみた ダイヤ TOP100
mst.title.4000131._name,私たちの街、撮ってみた 曜 TOP100
mst.title.4000131._detailText,私たちの街、撮ってみた 曜 TOP100
mst.title.4000132._name,私たちの街、撮ってみた 善子 TOP100
mst.title.4000132._detailText,私たちの街、撮ってみた 善子 TOP100
mst.title.4000133._name,私たちの街、撮ってみた 花丸 TOP100
mst.title.4000133._detailText,私たちの街、撮ってみた 花丸 TOP100
mst.title.4000134._name,私たちの街、撮ってみた 鞠莉 TOP100
mst.title.4000134._detailText,私たちの街、撮ってみた 鞠莉 TOP100
mst.title.4000135._name,私たちの街、撮ってみた ルビィ TOP100
mst.title.4000135._detailText,私たちの街、撮ってみた ルビィ TOP100
mst.title.4000136._name,私たちの街、撮ってみた 歩夢 TOP100
mst.title.4000136._detailText,私たちの街、撮ってみた 歩夢 TOP100
mst.title.4000137._name,私たちの街、撮ってみた かすみ TOP100
mst.title.4000137._detailText,私たちの街、撮ってみた かすみ TOP100
mst.title.4000138._name,私たちの街、撮ってみた しずく TOP100
mst.title.4000138._detailText,私たちの街、撮ってみた しずく TOP100
mst.title.4000139._name,私たちの街、撮ってみた 果林 TOP100
mst.title.4000139._detailText,私たちの街、撮ってみた 果林 TOP100
mst.title.4000140._name,私たちの街、撮ってみた 愛 TOP100
mst.title.4000140._detailText,私たちの街、撮ってみた 愛 TOP100
mst.title.4000141._name,私たちの街、撮ってみた 彼方 TOP100
mst.title.4000141._detailText,私たちの街、撮ってみた 彼方 TOP100
mst.title.4000142._name,私たちの街、撮ってみた せつ菜 TOP100
mst.title.4000142._detailText,私たちの街、撮ってみた せつ菜 TOP100
mst.title.4000143._name,私たちの街、撮ってみた エマ TOP100
mst.title.4000143._detailText,私たちの街、撮ってみた エマ TOP100
mst.title.4000144._name,私たちの街、撮ってみた 璃奈 TOP100
mst.title.4000144._detailText,私たちの街、撮ってみた 璃奈 TOP100
mst.title.4000145._name,私たちの街、撮ってみた 栞子 TOP100
mst.title.4000145._detailText,私たちの街、撮ってみた 栞子 TOP100
mst.title.4000146._name,私たちの街、撮ってみた ミア TOP100
mst.title.4000146._detailText,私たちの街、撮ってみた ミア TOP100
mst.title.4000147._name,私たちの街、撮ってみた 嵐珠 TOP100
mst.title.4000147._detailText,私たちの街、撮ってみた 嵐珠 TOP100
mst.title.4000148._name,私たちの街、撮ってみた かのん TOP100
mst.title.4000148._detailText,私たちの街、撮ってみた かのん TOP100
mst.title.4000149._name,私たちの街、撮ってみた 可可 TOP100
mst.title.4000149._detailText,私たちの街、撮ってみた 可可 TOP100
mst.title.4000150._name,私たちの街、撮ってみた 千砂都 TOP100
mst.title.4000150._detailText,私たちの街、撮ってみた 千砂都 TOP100
mst.title.4000151._name,私たちの街、撮ってみた すみれ TOP100
mst.title.4000151._detailText,私たちの街、撮ってみた すみれ TOP100
mst.title.4000152._name,私たちの街、撮ってみた 恋 TOP100
mst.title.4000152._detailText,私たちの街、撮ってみた 恋 TOP100
mst.title.4000153._name,私たちの街、撮ってみた きな子 TOP100
mst.title.4000153._detailText,私たちの街、撮ってみた きな子 TOP100
mst.title.4000154._name,私たちの街、撮ってみた メイ TOP100
mst.title.4000154._detailText,私たちの街、撮ってみた メイ TOP100
mst.title.4000155._name,私たちの街、撮ってみた 四季 TOP100
mst.title.4000155._detailText,私たちの街、撮ってみた 四季 TOP100
mst.title.4000156._name,私たちの街、撮ってみた 夏美 TOP100
mst.title.4000156._detailText,私たちの街、撮ってみた 夏美 TOP100
mst.title.4000157._name,私たちの街、撮ってみた 穂乃果 TOP10000
mst.title.4000157._detailText,私たちの街、撮ってみた 穂乃果 TOP10000
mst.title.4000158._name,私たちの街、撮ってみた 絵里 TOP10000
mst.title.4000158._detailText,私たちの街、撮ってみた 絵里 TOP10000
mst.title.4000159._name,私たちの街、撮ってみた ことり TOP10000
mst.title.4000159._detailText,私たちの街、撮ってみた ことり TOP10000
mst.title.4000160._name,私たちの街、撮ってみた 海未 TOP10000
mst.title.4000160._detailText,私たちの街、撮ってみた 海未 TOP10000
mst.title.4000161._name,私たちの街、撮ってみた 凛 TOP10000
mst.title.4000161._detailText,私たちの街、撮ってみた 凛 TOP10000
mst.title.4000162._name,私たちの街、撮ってみた 真姫 TOP10000
mst.title.4000162._detailText,私たちの街、撮ってみた 真姫 TOP10000
mst.title.4000163._name,私たちの街、撮ってみた 希 TOP10000
mst.title.4000163._detailText,私たちの街、撮ってみた 希 TOP10000
mst.title.4000164._name,私たちの街、撮ってみた 花陽 TOP10000
mst.title.4000164._detailText,私たちの街、撮ってみた 花陽 TOP10000
mst.title.4000165._name,私たちの街、撮ってみた にこ TOP10000
mst.title.4000165._detailText,私たちの街、撮ってみた にこ TOP10000
mst.title.4000166._name,私たちの街、撮ってみた 千歌 TOP10000
mst.title.4000166._detailText,私たちの街、撮ってみた 千歌 TOP10000
mst.title.4000167._name,私たちの街、撮ってみた 梨子 TOP10000
mst.title.4000167._detailText,私たちの街、撮ってみた 梨子 TOP10000
mst.title.4000168._name,私たちの街、撮ってみた 果南 TOP10000
mst.title.4000168._detailText,私たちの街、撮ってみた 果南 TOP10000
mst.title.4000169._name,私たちの街、撮ってみた ダイヤ TOP10000
mst.title.4000169._detailText,私たちの街、撮ってみた ダイヤ TOP10000
mst.title.4000170._name,私たちの街、撮ってみた 曜 TOP10000
mst.title.4000170._detailText,私たちの街、撮ってみた 曜 TOP10000
mst.title.4000171._name,私たちの街、撮ってみた 善子 TOP10000
mst.title.4000171._detailText,私たちの街、撮ってみた 善子 TOP10000
mst.title.4000172._name,私たちの街、撮ってみた 花丸 TOP10000
mst.title.4000172._detailText,私たちの街、撮ってみた 花丸 TOP10000
mst.title.4000173._name,私たちの街、撮ってみた 鞠莉 TOP10000
mst.title.4000173._detailText,私たちの街、撮ってみた 鞠莉 TOP10000
mst.title.4000174._name,私たちの街、撮ってみた ルビィ TOP10000
mst.title.4000174._detailText,私たちの街、撮ってみた ルビィ TOP10000
mst.title.4000175._name,私たちの街、撮ってみた 歩夢 TOP10000
mst.title.4000175._detailText,私たちの街、撮ってみた 歩夢 TOP10000
mst.title.4000176._name,私たちの街、撮ってみた かすみ TOP10000
mst.title.4000176._detailText,私たちの街、撮ってみた かすみ TOP10000
mst.title.4000177._name,私たちの街、撮ってみた しずく TOP10000
mst.title.4000177._detailText,私たちの街、撮ってみた しずく TOP10000
mst.title.4000178._name,私たちの街、撮ってみた 果林 TOP10000
mst.title.4000178._detailText,私たちの街、撮ってみた 果林 TOP10000
mst.title.4000179._name,私たちの街、撮ってみた 愛 TOP10000
mst.title.4000179._detailText,私たちの街、撮ってみた 愛 TOP10000
mst.title.4000180._name,私たちの街、撮ってみた 彼方 TOP10000
mst.title.4000180._detailText,私たちの街、撮ってみた 彼方 TOP10000
mst.title.4000181._name,私たちの街、撮ってみた せつ菜 TOP10000
mst.title.4000181._detailText,私たちの街、撮ってみた せつ菜 TOP10000
mst.title.4000182._name,私たちの街、撮ってみた エマ TOP10000
mst.title.4000182._detailText,私たちの街、撮ってみた エマ TOP10000
mst.title.4000183._name,私たちの街、撮ってみた 璃奈 TOP10000
mst.title.4000183._detailText,私たちの街、撮ってみた 璃奈 TOP10000
mst.title.4000184._name,私たちの街、撮ってみた 栞子 TOP10000
mst.title.4000184._detailText,私たちの街、撮ってみた 栞子 TOP10000
mst.title.4000185._name,私たちの街、撮ってみた ミア TOP10000
mst.title.4000185._detailText,私たちの街、撮ってみた ミア TOP10000
mst.title.4000186._name,私たちの街、撮ってみた 嵐珠 TOP10000
mst.title.4000186._detailText,私たちの街、撮ってみた 嵐珠 TOP10000
mst.title.4000187._name,私たちの街、撮ってみた かのん TOP10000
mst.title.4000187._detailText,私たちの街、撮ってみた かのん TOP10000
mst.title.4000188._name,私たちの街、撮ってみた 可可 TOP10000
mst.title.4000188._detailText,私たちの街、撮ってみた 可可 TOP10000
mst.title.4000189._name,私たちの街、撮ってみた 千砂都 TOP10000
mst.title.4000189._detailText,私たちの街、撮ってみた 千砂都 TOP10000
mst.title.4000190._name,私たちの街、撮ってみた すみれ TOP10000
mst.title.4000190._detailText,私たちの街、撮ってみた すみれ TOP10000
mst.title.4000191._name,私たちの街、撮ってみた 恋 TOP10000
mst.title.4000191._detailText,私たちの街、撮ってみた 恋 TOP10000
mst.title.4000192._name,私たちの街、撮ってみた きな子 TOP10000
mst.title.4000192._detailText,私たちの街、撮ってみた きな子 TOP10000
mst.title.4000193._name,私たちの街、撮ってみた メイ TOP10000
mst.title.4000193._detailText,私たちの街、撮ってみた メイ TOP10000
mst.title.4000194._name,私たちの街、撮ってみた 四季 TOP10000
mst.title.4000194._detailText,私たちの街、撮ってみた 四季 TOP10000
mst.title.4000195._name,私たちの街、撮ってみた 夏美 TOP10000
mst.title.4000195._detailText,私たちの街、撮ってみた 夏美 TOP10000
mst.title.4000196._name,私たちの街、撮ってみた 穂乃果 TOP30000
mst.title.4000196._detailText,私たちの街、撮ってみた 穂乃果 TOP30000
mst.title.4000197._name,私たちの街、撮ってみた 絵里 TOP30000
mst.title.4000197._detailText,私たちの街、撮ってみた 絵里 TOP30000
mst.title.4000198._name,私たちの街、撮ってみた ことり TOP30000
mst.title.4000198._detailText,私たちの街、撮ってみた ことり TOP30000
mst.title.4000199._name,私たちの街、撮ってみた 海未 TOP30000
mst.title.4000199._detailText,私たちの街、撮ってみた 海未 TOP30000
mst.title.4000200._name,私たちの街、撮ってみた 凛 TOP30000
mst.title.4000200._detailText,私たちの街、撮ってみた 凛 TOP30000
mst.title.4000201._name,私たちの街、撮ってみた 真姫 TOP30000
mst.title.4000201._detailText,私たちの街、撮ってみた 真姫 TOP30000
mst.title.4000202._name,私たちの街、撮ってみた 希 TOP30000
mst.title.4000202._detailText,私たちの街、撮ってみた 希 TOP30000
mst.title.4000203._name,私たちの街、撮ってみた 花陽 TOP30000
mst.title.4000203._detailText,私たちの街、撮ってみた 花陽 TOP30000
mst.title.4000204._name,私たちの街、撮ってみた にこ TOP30000
mst.title.4000204._detailText,私たちの街、撮ってみた にこ TOP30000
mst.title.4000205._name,私たちの街、撮ってみた 千歌 TOP30000
mst.title.4000205._detailText,私たちの街、撮ってみた 千歌 TOP30000
mst.title.4000206._name,私たちの街、撮ってみた 梨子 TOP30000
mst.title.4000206._detailText,私たちの街、撮ってみた 梨子 TOP30000
mst.title.4000207._name,私たちの街、撮ってみた 果南 TOP30000
mst.title.4000207._detailText,私たちの街、撮ってみた 果南 TOP30000
mst.title.4000208._name,私たちの街、撮ってみた ダイヤ TOP30000
mst.title.4000208._detailText,私たちの街、撮ってみた ダイヤ TOP30000
mst.title.4000209._name,私たちの街、撮ってみた 曜 TOP30000
mst.title.4000209._detailText,私たちの街、撮ってみた 曜 TOP30000
mst.title.4000210._name,私たちの街、撮ってみた 善子 TOP30000
mst.title.4000210._detailText,私たちの街、撮ってみた 善子 TOP30000
mst.title.4000211._name,私たちの街、撮ってみた 花丸 TOP30000
mst.title.4000211._detailText,私たちの街、撮ってみた 花丸 TOP30000
mst.title.4000212._name,私たちの街、撮ってみた 鞠莉 TOP30000
mst.title.4000212._detailText,私たちの街、撮ってみた 鞠莉 TOP30000
mst.title.4000213._name,私たちの街、撮ってみた ルビィ TOP30000
mst.title.4000213._detailText,私たちの街、撮ってみた ルビィ TOP30000
mst.title.4000214._name,私たちの街、撮ってみた 歩夢 TOP30000
mst.title.4000214._detailText,私たちの街、撮ってみた 歩夢 TOP30000
mst.title.4000215._name,私たちの街、撮ってみた かすみ TOP30000
mst.title.4000215._detailText,私たちの街、撮ってみた かすみ TOP30000
mst.title.4000216._name,私たちの街、撮ってみた しずく TOP30000
mst.title.4000216._detailText,私たちの街、撮ってみた しずく TOP30000
mst.title.4000217._name,私たちの街、撮ってみた 果林 TOP30000
mst.title.4000217._detailText,私たちの街、撮ってみた 果林 TOP30000
mst.title.4000218._name,私たちの街、撮ってみた 愛 TOP30000
mst.title.4000218._detailText,私たちの街、撮ってみた 愛 TOP30000
mst.title.4000219._name,私たちの街、撮ってみた 彼方 TOP30000
mst.title.4000219._detailText,私たちの街、撮ってみた 彼方 TOP30000
mst.title.4000220._name,私たちの街、撮ってみた せつ菜 TOP30000
mst.title.4000220._detailText,私たちの街、撮ってみた せつ菜 TOP30000
mst.title.4000221._name,私たちの街、撮ってみた エマ TOP30000
mst.title.4000221._detailText,私たちの街、撮ってみた エマ TOP30000
mst.title.4000222._name,私たちの街、撮ってみた 璃奈 TOP30000
mst.title.4000222._detailText,私たちの街、撮ってみた 璃奈 TOP30000
mst.title.4000223._name,私たちの街、撮ってみた 栞子 TOP30000
mst.title.4000223._detailText,私たちの街、撮ってみた 栞子 TOP30000
mst.title.4000224._name,私たちの街、撮ってみた ミア TOP30000
mst.title.4000224._detailText,私たちの街、撮ってみた ミア TOP30000
mst.title.4000225._name,私たちの街、撮ってみた 嵐珠 TOP30000
mst.title.4000225._detailText,私たちの街、撮ってみた 嵐珠 TOP30000
mst.title.4000226._name,私たちの街、撮ってみた かのん TOP30000
mst.title.4000226._detailText,私たちの街、撮ってみた かのん TOP30000
mst.title.4000227._name,私たちの街、撮ってみた 可可 TOP30000
mst.title.4000227._detailText,私たちの街、撮ってみた 可可 TOP30000
mst.title.4000228._name,私たちの街、撮ってみた 千砂都 TOP30000
mst.title.4000228._detailText,私たちの街、撮ってみた 千砂都 TOP30000
mst.title.4000229._name,私たちの街、撮ってみた すみれ TOP30000
mst.title.4000229._detailText,私たちの街、撮ってみた すみれ TOP30000
mst.title.4000230._name,私たちの街、撮ってみた 恋 TOP30000
mst.title.4000230._detailText,私たちの街、撮ってみた 恋 TOP30000
mst.title.4000231._name,私たちの街、撮ってみた きな子 TOP30000
mst.title.4000231._detailText,私たちの街、撮ってみた きな子 TOP30000
mst.title.4000232._name,私たちの街、撮ってみた メイ TOP30000
mst.title.4000232._detailText,私たちの街、撮ってみた メイ TOP30000
mst.title.4000233._name,私たちの街、撮ってみた 四季 TOP30000
mst.title.4000233._detailText,私たちの街、撮ってみた 四季 TOP30000
mst.title.4000234._name,私たちの街、撮ってみた 夏美 TOP30000
mst.title.4000234._detailText,私たちの街、撮ってみた 夏美 TOP30000
mst.title.4000235._name,沼津よいとこ　一度はおいで 穂乃果 TOP100
mst.title.4000235._detailText,沼津よいとこ　一度はおいで 穂乃果 TOP100
mst.title.4000236._name,沼津よいとこ　一度はおいで 絵里 TOP100
mst.title.4000236._detailText,沼津よいとこ　一度はおいで 絵里 TOP100
mst.title.4000237._name,沼津よいとこ　一度はおいで ことり TOP100
mst.title.4000237._detailText,沼津よいとこ　一度はおいで ことり TOP100
mst.title.4000238._name,沼津よいとこ　一度はおいで 海未 TOP100
mst.title.4000238._detailText,沼津よいとこ　一度はおいで 海未 TOP100
mst.title.4000239._name,沼津よいとこ　一度はおいで 凛 TOP100
mst.title.4000239._detailText,沼津よいとこ　一度はおいで 凛 TOP100
mst.title.4000240._name,沼津よいとこ　一度はおいで 真姫 TOP100
mst.title.4000240._detailText,沼津よいとこ　一度はおいで 真姫 TOP100
mst.title.4000241._name,沼津よいとこ　一度はおいで 希 TOP100
mst.title.4000241._detailText,沼津よいとこ　一度はおいで 希 TOP100
mst.title.4000242._name,沼津よいとこ　一度はおいで 花陽 TOP100
mst.title.4000242._detailText,沼津よいとこ　一度はおいで 花陽 TOP100
mst.title.4000243._name,沼津よいとこ　一度はおいで にこ TOP100
mst.title.4000243._detailText,沼津よいとこ　一度はおいで にこ TOP100
mst.title.4000244._name,沼津よいとこ　一度はおいで 千歌 TOP100
mst.title.4000244._detailText,沼津よいとこ　一度はおいで 千歌 TOP100
mst.title.4000245._name,沼津よいとこ　一度はおいで 梨子 TOP100
mst.title.4000245._detailText,沼津よいとこ　一度はおいで 梨子 TOP100
mst.title.4000246._name,沼津よいとこ　一度はおいで 果南 TOP100
mst.title.4000246._detailText,沼津よいとこ　一度はおいで 果南 TOP100
mst.title.4000247._name,沼津よいとこ　一度はおいで ダイヤ TOP100
mst.title.4000247._detailText,沼津よいとこ　一度はおいで ダイヤ TOP100
mst.title.4000248._name,沼津よいとこ　一度はおいで 曜 TOP100
mst.title.4000248._detailText,沼津よいとこ　一度はおいで 曜 TOP100
mst.title.4000249._name,沼津よいとこ　一度はおいで 善子 TOP100
mst.title.4000249._detailText,沼津よいとこ　一度はおいで 善子 TOP100
mst.title.4000250._name,沼津よいとこ　一度はおいで 花丸 TOP100
mst.title.4000250._detailText,沼津よいとこ　一度はおいで 花丸 TOP100
mst.title.4000251._name,沼津よいとこ　一度はおいで 鞠莉 TOP100
mst.title.4000251._detailText,沼津よいとこ　一度はおいで 鞠莉 TOP100
mst.title.4000252._name,沼津よいとこ　一度はおいで ルビィ TOP100
mst.title.4000252._detailText,沼津よいとこ　一度はおいで ルビィ TOP100
mst.title.4000253._name,沼津よいとこ　一度はおいで 歩夢 TOP100
mst.title.4000253._detailText,沼津よいとこ　一度はおいで 歩夢 TOP100
mst.title.4000254._name,沼津よいとこ　一度はおいで かすみ TOP100
mst.title.4000254._detailText,沼津よいとこ　一度はおいで かすみ TOP100
mst.title.4000255._name,沼津よいとこ　一度はおいで しずく TOP100
mst.title.4000255._detailText,沼津よいとこ　一度はおいで しずく TOP100
mst.title.4000256._name,沼津よいとこ　一度はおいで 果林 TOP100
mst.title.4000256._detailText,沼津よいとこ　一度はおいで 果林 TOP100
mst.title.4000257._name,沼津よいとこ　一度はおいで 愛 TOP100
mst.title.4000257._detailText,沼津よいとこ　一度はおいで 愛 TOP100
mst.title.4000258._name,沼津よいとこ　一度はおいで 彼方 TOP100
mst.title.4000258._detailText,沼津よいとこ　一度はおいで 彼方 TOP100
mst.title.4000259._name,沼津よいとこ　一度はおいで せつ菜 TOP100
mst.title.4000259._detailText,沼津よいとこ　一度はおいで せつ菜 TOP100
mst.title.4000260._name,沼津よいとこ　一度はおいで エマ TOP100
mst.title.4000260._detailText,沼津よいとこ　一度はおいで エマ TOP100
mst.title.4000261._name,沼津よいとこ　一度はおいで 璃奈 TOP100
mst.title.4000261._detailText,沼津よいとこ　一度はおいで 璃奈 TOP100
mst.title.4000262._name,沼津よいとこ　一度はおいで 栞子 TOP100
mst.title.4000262._detailText,沼津よいとこ　一度はおいで 栞子 TOP100
mst.title.4000263._name,沼津よいとこ　一度はおいで ミア TOP100
mst.title.4000263._detailText,沼津よいとこ　一度はおいで ミア TOP100
mst.title.4000264._name,沼津よいとこ　一度はおいで 嵐珠 TOP100
mst.title.4000264._detailText,沼津よいとこ　一度はおいで 嵐珠 TOP100
mst.title.4000265._name,沼津よいとこ　一度はおいで かのん TOP100
mst.title.4000265._detailText,沼津よいとこ　一度はおいで かのん TOP100
mst.title.4000266._name,沼津よいとこ　一度はおいで 可可 TOP100
mst.title.4000266._detailText,沼津よいとこ　一度はおいで 可可 TOP100
mst.title.4000267._name,沼津よいとこ　一度はおいで 千砂都 TOP100
mst.title.4000267._detailText,沼津よいとこ　一度はおいで 千砂都 TOP100
mst.title.4000268._name,沼津よいとこ　一度はおいで すみれ TOP100
mst.title.4000268._detailText,沼津よいとこ　一度はおいで すみれ TOP100
mst.title.4000269._name,沼津よいとこ　一度はおいで 恋 TOP100
mst.title.4000269._detailText,沼津よいとこ　一度はおいで 恋 TOP100
mst.title.4000270._name,沼津よいとこ　一度はおいで きな子 TOP100
mst.title.4000270._detailText,沼津よいとこ　一度はおいで きな子 TOP100
mst.title.4000271._name,沼津よいとこ　一度はおいで メイ TOP100
mst.title.4000271._detailText,沼津よいとこ　一度はおいで メイ TOP100
mst.title.4000272._name,沼津よいとこ　一度はおいで 四季 TOP100
mst.title.4000272._detailText,沼津よいとこ　一度はおいで 四季 TOP100
mst.title.4000273._name,沼津よいとこ　一度はおいで 夏美 TOP100
mst.title.4000273._detailText,沼津よいとこ　一度はおいで 夏美 TOP100
mst.title.4000274._name,沼津よいとこ　一度はおいで 穂乃果 TOP10000
mst.title.4000274._detailText,沼津よいとこ　一度はおいで 穂乃果 TOP10000
mst.title.4000275._name,沼津よいとこ　一度はおいで 絵里 TOP10000
mst.title.4000275._detailText,沼津よいとこ　一度はおいで 絵里 TOP10000
mst.title.4000276._name,沼津よいとこ　一度はおいで ことり TOP10000
mst.title.4000276._detailText,沼津よいとこ　一度はおいで ことり TOP10000
mst.title.4000277._name,沼津よいとこ　一度はおいで 海未 TOP10000
mst.title.4000277._detailText,沼津よいとこ　一度はおいで 海未 TOP10000
mst.title.4000278._name,沼津よいとこ　一度はおいで 凛 TOP10000
mst.title.4000278._detailText,沼津よいとこ　一度はおいで 凛 TOP10000
mst.title.4000279._name,沼津よいとこ　一度はおいで 真姫 TOP10000
mst.title.4000279._detailText,沼津よいとこ　一度はおいで 真姫 TOP10000
mst.title.4000280._name,沼津よいとこ　一度はおいで 希 TOP10000
mst.title.4000280._detailText,沼津よいとこ　一度はおいで 希 TOP10000
mst.title.4000281._name,沼津よいとこ　一度はおいで 花陽 TOP10000
mst.title.4000281._detailText,沼津よいとこ　一度はおいで 花陽 TOP10000
mst.title.4000282._name,沼津よいとこ　一度はおいで にこ TOP10000
mst.title.4000282._detailText,沼津よいとこ　一度はおいで にこ TOP10000
mst.title.4000283._name,沼津よいとこ　一度はおいで 千歌 TOP10000
mst.title.4000283._detailText,沼津よいとこ　一度はおいで 千歌 TOP10000
mst.title.4000284._name,沼津よいとこ　一度はおいで 梨子 TOP10000
mst.title.4000284._detailText,沼津よいとこ　一度はおいで 梨子 TOP10000
mst.title.4000285._name,沼津よいとこ　一度はおいで 果南 TOP10000
mst.title.4000285._detailText,沼津よいとこ　一度はおいで 果南 TOP10000
mst.title.4000286._name,沼津よいとこ　一度はおいで ダイヤ TOP10000
mst.title.4000286._detailText,沼津よいとこ　一度はおいで ダイヤ TOP10000
mst.title.4000287._name,沼津よいとこ　一度はおいで 曜 TOP10000
mst.title.4000287._detailText,沼津よいとこ　一度はおいで 曜 TOP10000
mst.title.4000288._name,沼津よいとこ　一度はおいで 善子 TOP10000
mst.title.4000288._detailText,沼津よいとこ　一度はおいで 善子 TOP10000
mst.title.4000289._name,沼津よいとこ　一度はおいで 花丸 TOP10000
mst.title.4000289._detailText,沼津よいとこ　一度はおいで 花丸 TOP10000
mst.title.4000290._name,沼津よいとこ　一度はおいで 鞠莉 TOP10000
mst.title.4000290._detailText,沼津よいとこ　一度はおいで 鞠莉 TOP10000
mst.title.4000291._name,沼津よいとこ　一度はおいで ルビィ TOP10000
mst.title.4000291._detailText,沼津よいとこ　一度はおいで ルビィ TOP10000
mst.title.4000292._name,沼津よいとこ　一度はおいで 歩夢 TOP10000
mst.title.4000292._detailText,沼津よいとこ　一度はおいで 歩夢 TOP10000
mst.title.4000293._name,沼津よいとこ　一度はおいで かすみ TOP10000
mst.title.4000293._detailText,沼津よいとこ　一度はおいで かすみ TOP10000
mst.title.4000294._name,沼津よいとこ　一度はおいで しずく TOP10000
mst.title.4000294._detailText,沼津よいとこ　一度はおいで しずく TOP10000
mst.title.4000295._name,沼津よいとこ　一度はおいで 果林 TOP10000
mst.title.4000295._detailText,沼津よいとこ　一度はおいで 果林 TOP10000
mst.title.4000296._name,沼津よいとこ　一度はおいで 愛 TOP10000
mst.title.4000296._detailText,沼津よいとこ　一度はおいで 愛 TOP10000
mst.title.4000297._name,沼津よいとこ　一度はおいで 彼方 TOP10000
mst.title.4000297._detailText,沼津よいとこ　一度はおいで 彼方 TOP10000
mst.title.4000298._name,沼津よいとこ　一度はおいで せつ菜 TOP10000
mst.title.4000298._detailText,沼津よいとこ　一度はおいで せつ菜 TOP10000
mst.title.4000299._name,沼津よいとこ　一度はおいで エマ TOP10000
mst.title.4000299._detailText,沼津よいとこ　一度はおいで エマ TOP10000
mst.title.4000300._name,沼津よいとこ　一度はおいで 璃奈 TOP10000
mst.title.4000300._detailText,沼津よいとこ　一度はおいで 璃奈 TOP10000
mst.title.4000301._name,沼津よいとこ　一度はおいで 栞子 TOP10000
mst.title.4000301._detailText,沼津よいとこ　一度はおいで 栞子 TOP10000
mst.title.4000302._name,沼津よいとこ　一度はおいで ミア TOP10000
mst.title.4000302._detailText,沼津よいとこ　一度はおいで ミア TOP10000
mst.title.4000303._name,沼津よいとこ　一度はおいで 嵐珠 TOP10000
mst.title.4000303._detailText,沼津よいとこ　一度はおいで 嵐珠 TOP10000
mst.title.4000304._name,沼津よいとこ　一度はおいで かのん TOP10000
mst.title.4000304._detailText,沼津よいとこ　一度はおいで かのん TOP10000
mst.title.4000305._name,沼津よいとこ　一度はおいで 可可 TOP10000
mst.title.4000305._detailText,沼津よいとこ　一度はおいで 可可 TOP10000
mst.title.4000306._name,沼津よいとこ　一度はおいで 千砂都 TOP10000
mst.title.4000306._detailText,沼津よいとこ　一度はおいで 千砂都 TOP10000
mst.title.4000307._name,沼津よいとこ　一度はおいで すみれ TOP10000
mst.title.4000307._detailText,沼津よいとこ　一度はおいで すみれ TOP10000
mst.title.4000308._name,沼津よいとこ　一度はおいで 恋 TOP10000
mst.title.4000308._detailText,沼津よいとこ　一度はおいで 恋 TOP10000
mst.title.4000309._name,沼津よいとこ　一度はおいで きな子 TOP10000
mst.title.4000309._detailText,沼津よいとこ　一度はおいで きな子 TOP10000
mst.title.4000310._name,沼津よいとこ　一度はおいで メイ TOP10000
mst.title.4000310._detailText,沼津よいとこ　一度はおいで メイ TOP10000
mst.title.4000311._name,沼津よいとこ　一度はおいで 四季 TOP10000
mst.title.4000311._detailText,沼津よいとこ　一度はおいで 四季 TOP10000
mst.title.4000312._name,沼津よいとこ　一度はおいで 夏美 TOP10000
mst.title.4000312._detailText,沼津よいとこ　一度はおいで 夏美 TOP10000
mst.title.4000313._name,沼津よいとこ　一度はおいで 穂乃果 TOP30000
mst.title.4000313._detailText,沼津よいとこ　一度はおいで 穂乃果 TOP30000
mst.title.4000314._name,沼津よいとこ　一度はおいで 絵里 TOP30000
mst.title.4000314._detailText,沼津よいとこ　一度はおいで 絵里 TOP30000
mst.title.4000315._name,沼津よいとこ　一度はおいで ことり TOP30000
mst.title.4000315._detailText,沼津よいとこ　一度はおいで ことり TOP30000
mst.title.4000316._name,沼津よいとこ　一度はおいで 海未 TOP30000
mst.title.4000316._detailText,沼津よいとこ　一度はおいで 海未 TOP30000
mst.title.4000317._name,沼津よいとこ　一度はおいで 凛 TOP30000
mst.title.4000317._detailText,沼津よいとこ　一度はおいで 凛 TOP30000
mst.title.4000318._name,沼津よいとこ　一度はおいで 真姫 TOP30000
mst.title.4000318._detailText,沼津よいとこ　一度はおいで 真姫 TOP30000
mst.title.4000319._name,沼津よいとこ　一度はおいで 希 TOP30000
mst.title.4000319._detailText,沼津よいとこ　一度はおいで 希 TOP30000
mst.title.4000320._name,沼津よいとこ　一度はおいで 花陽 TOP30000
mst.title.4000320._detailText,沼津よいとこ　一度はおいで 花陽 TOP30000
mst.title.4000321._name,沼津よいとこ　一度はおいで にこ TOP30000
mst.title.4000321._detailText,沼津よいとこ　一度はおいで にこ TOP30000
mst.title.4000322._name,沼津よいとこ　一度はおいで 千歌 TOP30000
mst.title.4000322._detailText,沼津よいとこ　一度はおいで 千歌 TOP30000
mst.title.4000323._name,沼津よいとこ　一度はおいで 梨子 TOP30000
mst.title.4000323._detailText,沼津よいとこ　一度はおいで 梨子 TOP30000
mst.title.4000324._name,沼津よいとこ　一度はおいで 果南 TOP30000
mst.title.4000324._detailText,沼津よいとこ　一度はおいで 果南 TOP30000
mst.title.4000325._name,沼津よいとこ　一度はおいで ダイヤ TOP30000
mst.title.4000325._detailText,沼津よいとこ　一度はおいで ダイヤ TOP30000
mst.title.4000326._name,沼津よいとこ　一度はおいで 曜 TOP30000
mst.title.4000326._detailText,沼津よいとこ　一度はおいで 曜 TOP30000
mst.title.4000327._name,沼津よいとこ　一度はおいで 善子 TOP30000
mst.title.4000327._detailText,沼津よいとこ　一度はおいで 善子 TOP30000
mst.title.4000328._name,沼津よいとこ　一度はおいで 花丸 TOP30000
mst.title.4000328._detailText,沼津よいとこ　一度はおいで 花丸 TOP30000
mst.title.4000329._name,沼津よいとこ　一度はおいで 鞠莉 TOP30000
mst.title.4000329._detailText,沼津よいとこ　一度はおいで 鞠莉 TOP30000
mst.title.4000330._name,沼津よいとこ　一度はおいで ルビィ TOP30000
mst.title.4000330._detailText,沼津よいとこ　一度はおいで ルビィ TOP30000
mst.title.4000331._name,沼津よいとこ　一度はおいで 歩夢 TOP30000
mst.title.4000331._detailText,沼津よいとこ　一度はおいで 歩夢 TOP30000
mst.title.4000332._name,沼津よいとこ　一度はおいで かすみ TOP30000
mst.title.4000332._detailText,沼津よいとこ　一度はおいで かすみ TOP30000
mst.title.4000333._name,沼津よいとこ　一度はおいで しずく TOP30000
mst.title.4000333._detailText,沼津よいとこ　一度はおいで しずく TOP30000
mst.title.4000334._name,沼津よいとこ　一度はおいで 果林 TOP30000
mst.title.4000334._detailText,沼津よいとこ　一度はおいで 果林 TOP30000
mst.title.4000335._name,沼津よいとこ　一度はおいで 愛 TOP30000
mst.title.4000335._detailText,沼津よいとこ　一度はおいで 愛 TOP30000
mst.title.4000336._name,沼津よいとこ　一度はおいで 彼方 TOP30000
mst.title.4000336._detailText,沼津よいとこ　一度はおいで 彼方 TOP30000
mst.title.4000337._name,沼津よいとこ　一度はおいで せつ菜 TOP30000
mst.title.4000337._detailText,沼津よいとこ　一度はおいで せつ菜 TOP30000
mst.title.4000338._name,沼津よいとこ　一度はおいで エマ TOP30000
mst.title.4000338._detailText,沼津よいとこ　一度はおいで エマ TOP30000
mst.title.4000339._name,沼津よいとこ　一度はおいで 璃奈 TOP30000
mst.title.4000339._detailText,沼津よいとこ　一度はおいで 璃奈 TOP30000
mst.title.4000340._name,沼津よいとこ　一度はおいで 栞子 TOP30000
mst.title.4000340._detailText,沼津よいとこ　一度はおいで 栞子 TOP30000
mst.title.4000341._name,沼津よいとこ　一度はおいで ミア TOP30000
mst.title.4000341._detailText,沼津よいとこ　一度はおいで ミア TOP30000
mst.title.4000342._name,沼津よいとこ　一度はおいで 嵐珠 TOP30000
mst.title.4000342._detailText,沼津よいとこ　一度はおいで 嵐珠 TOP30000
mst.title.4000343._name,沼津よいとこ　一度はおいで かのん TOP30000
mst.title.4000343._detailText,沼津よいとこ　一度はおいで かのん TOP30000
mst.title.4000344._name,沼津よいとこ　一度はおいで 可可 TOP30000
mst.title.4000344._detailText,沼津よいとこ　一度はおいで 可可 TOP30000
mst.title.4000345._name,沼津よいとこ　一度はおいで 千砂都 TOP30000
mst.title.4000345._detailText,沼津よいとこ　一度はおいで 千砂都 TOP30000
mst.title.4000346._name,沼津よいとこ　一度はおいで すみれ TOP30000
mst.title.4000346._detailText,沼津よいとこ　一度はおいで すみれ TOP30000
mst.title.4000347._name,沼津よいとこ　一度はおいで 恋 TOP30000
mst.title.4000347._detailText,沼津よいとこ　一度はおいで 恋 TOP30000
mst.title.4000348._name,沼津よいとこ　一度はおいで きな子 TOP30000
mst.title.4000348._detailText,沼津よいとこ　一度はおいで きな子 TOP30000
mst.title.4000349._name,沼津よいとこ　一度はおいで メイ TOP30000
mst.title.4000349._detailText,沼津よいとこ　一度はおいで メイ TOP30000
mst.title.4000350._name,沼津よいとこ　一度はおいで 四季 TOP30000
mst.title.4000350._detailText,沼津よいとこ　一度はおいで 四季 TOP30000
mst.title.4000351._name,沼津よいとこ　一度はおいで 夏美 TOP30000
mst.title.4000351._detailText,沼津よいとこ　一度はおいで 夏美 TOP30000
mst.title.4000352._name,描く　つながる　ネットワーク 穂乃果 TOP100
mst.title.4000352._detailText,描く　つながる　ネットワーク 穂乃果 TOP100
mst.title.4000353._name,描く　つながる　ネットワーク 絵里 TOP100
mst.title.4000353._detailText,描く　つながる　ネットワーク 絵里 TOP100
mst.title.4000354._name,描く　つながる　ネットワーク ことり TOP100
mst.title.4000354._detailText,描く　つながる　ネットワーク ことり TOP100
mst.title.4000355._name,描く　つながる　ネットワーク 海未 TOP100
mst.title.4000355._detailText,描く　つながる　ネットワーク 海未 TOP100
mst.title.4000356._name,描く　つながる　ネットワーク 凛 TOP100
mst.title.4000356._detailText,描く　つながる　ネットワーク 凛 TOP100
mst.title.4000357._name,描く　つながる　ネットワーク 真姫 TOP100
mst.title.4000357._detailText,描く　つながる　ネットワーク 真姫 TOP100
mst.title.4000358._name,描く　つながる　ネットワーク 希 TOP100
mst.title.4000358._detailText,描く　つながる　ネットワーク 希 TOP100
mst.title.4000359._name,描く　つながる　ネットワーク 花陽 TOP100
mst.title.4000359._detailText,描く　つながる　ネットワーク 花陽 TOP100
mst.title.4000360._name,描く　つながる　ネットワーク にこ TOP100
mst.title.4000360._detailText,描く　つながる　ネットワーク にこ TOP100
mst.title.4000361._name,描く　つながる　ネットワーク 千歌 TOP100
mst.title.4000361._detailText,描く　つながる　ネットワーク 千歌 TOP100
mst.title.4000362._name,描く　つながる　ネットワーク 梨子 TOP100
mst.title.4000362._detailText,描く　つながる　ネットワーク 梨子 TOP100
mst.title.4000363._name,描く　つながる　ネットワーク 果南 TOP100
mst.title.4000363._detailText,描く　つながる　ネットワーク 果南 TOP100
mst.title.4000364._name,描く　つながる　ネットワーク ダイヤ TOP100
mst.title.4000364._detailText,描く　つながる　ネットワーク ダイヤ TOP100
mst.title.4000365._name,描く　つながる　ネットワーク 曜 TOP100
mst.title.4000365._detailText,描く　つながる　ネットワーク 曜 TOP100
mst.title.4000366._name,描く　つながる　ネットワーク 善子 TOP100
mst.title.4000366._detailText,描く　つながる　ネットワーク 善子 TOP100
mst.title.4000367._name,描く　つながる　ネットワーク 花丸 TOP100
mst.title.4000367._detailText,描く　つながる　ネットワーク 花丸 TOP100
mst.title.4000368._name,描く　つながる　ネットワーク 鞠莉 TOP100
mst.title.4000368._detailText,描く　つながる　ネットワーク 鞠莉 TOP100
mst.title.4000369._name,描く　つながる　ネットワーク ルビィ TOP100
mst.title.4000369._detailText,描く　つながる　ネットワーク ルビィ TOP100
mst.title.4000370._name,描く　つながる　ネットワーク 歩夢 TOP100
mst.title.4000370._detailText,描く　つながる　ネットワーク 歩夢 TOP100
mst.title.4000371._name,描く　つながる　ネットワーク かすみ TOP100
mst.title.4000371._detailText,描く　つながる　ネットワーク かすみ TOP100
mst.title.4000372._name,描く　つながる　ネットワーク しずく TOP100
mst.title.4000372._detailText,描く　つながる　ネットワーク しずく TOP100
mst.title.4000373._name,描く　つながる　ネットワーク 果林 TOP100
mst.title.4000373._detailText,描く　つながる　ネットワーク 果林 TOP100
mst.title.4000374._name,描く　つながる　ネットワーク 愛 TOP100
mst.title.4000374._detailText,描く　つながる　ネットワーク 愛 TOP100
mst.title.4000375._name,描く　つながる　ネットワーク 彼方 TOP100
mst.title.4000375._detailText,描く　つながる　ネットワーク 彼方 TOP100
mst.title.4000376._name,描く　つながる　ネットワーク せつ菜 TOP100
mst.title.4000376._detailText,描く　つながる　ネットワーク せつ菜 TOP100
mst.title.4000377._name,描く　つながる　ネットワーク エマ TOP100
mst.title.4000377._detailText,描く　つながる　ネットワーク エマ TOP100
mst.title.4000378._name,描く　つながる　ネットワーク 璃奈 TOP100
mst.title.4000378._detailText,描く　つながる　ネットワーク 璃奈 TOP100
mst.title.4000379._name,描く　つながる　ネットワーク 栞子 TOP100
mst.title.4000379._detailText,描く　つながる　ネットワーク 栞子 TOP100
mst.title.4000380._name,描く　つながる　ネットワーク ミア TOP100
mst.title.4000380._detailText,描く　つながる　ネットワーク ミア TOP100
mst.title.4000381._name,描く　つながる　ネットワーク 嵐珠 TOP100
mst.title.4000381._detailText,描く　つながる　ネットワーク 嵐珠 TOP100
mst.title.4000382._name,描く　つながる　ネットワーク かのん TOP100
mst.title.4000382._detailText,描く　つながる　ネットワーク かのん TOP100
mst.title.4000383._name,描く　つながる　ネットワーク 可可 TOP100
mst.title.4000383._detailText,描く　つながる　ネットワーク 可可 TOP100
mst.title.4000384._name,描く　つながる　ネットワーク 千砂都 TOP100
mst.title.4000384._detailText,描く　つながる　ネットワーク 千砂都 TOP100
mst.title.4000385._name,描く　つながる　ネットワーク すみれ TOP100
mst.title.4000385._detailText,描く　つながる　ネットワーク すみれ TOP100
mst.title.4000386._name,描く　つながる　ネットワーク 恋 TOP100
mst.title.4000386._detailText,描く　つながる　ネットワーク 恋 TOP100
mst.title.4000387._name,描く　つながる　ネットワーク きな子 TOP100
mst.title.4000387._detailText,描く　つながる　ネットワーク きな子 TOP100
mst.title.4000388._name,描く　つながる　ネットワーク メイ TOP100
mst.title.4000388._detailText,描く　つながる　ネットワーク メイ TOP100
mst.title.4000389._name,描く　つながる　ネットワーク 四季 TOP100
mst.title.4000389._detailText,描く　つながる　ネットワーク 四季 TOP100
mst.title.4000390._name,描く　つながる　ネットワーク 夏美 TOP100
mst.title.4000390._detailText,描く　つながる　ネットワーク 夏美 TOP100
mst.title.4000391._name,描く　つながる　ネットワーク 穂乃果 TOP10000
mst.title.4000391._detailText,描く　つながる　ネットワーク 穂乃果 TOP10000
mst.title.4000392._name,描く　つながる　ネットワーク 絵里 TOP10000
mst.title.4000392._detailText,描く　つながる　ネットワーク 絵里 TOP10000
mst.title.4000393._name,描く　つながる　ネットワーク ことり TOP10000
mst.title.4000393._detailText,描く　つながる　ネットワーク ことり TOP10000
mst.title.4000394._name,描く　つながる　ネットワーク 海未 TOP10000
mst.title.4000394._detailText,描く　つながる　ネットワーク 海未 TOP10000
mst.title.4000395._name,描く　つながる　ネットワーク 凛 TOP10000
mst.title.4000395._detailText,描く　つながる　ネットワーク 凛 TOP10000
mst.title.4000396._name,描く　つながる　ネットワーク 真姫 TOP10000
mst.title.4000396._detailText,描く　つながる　ネットワーク 真姫 TOP10000
mst.title.4000397._name,描く　つながる　ネットワーク 希 TOP10000
mst.title.4000397._detailText,描く　つながる　ネットワーク 希 TOP10000
mst.title.4000398._name,描く　つながる　ネットワーク 花陽 TOP10000
mst.title.4000398._detailText,描く　つながる　ネットワーク 花陽 TOP10000
mst.title.4000399._name,描く　つながる　ネットワーク にこ TOP10000
mst.title.4000399._detailText,描く　つながる　ネットワーク にこ TOP10000
mst.title.4000400._name,描く　つながる　ネットワーク 千歌 TOP10000
mst.title.4000400._detailText,描く　つながる　ネットワーク 千歌 TOP10000
mst.title.4000401._name,描く　つながる　ネットワーク 梨子 TOP10000
mst.title.4000401._detailText,描く　つながる　ネットワーク 梨子 TOP10000
mst.title.4000402._name,描く　つながる　ネットワーク 果南 TOP10000
mst.title.4000402._detailText,描く　つながる　ネットワーク 果南 TOP10000
mst.title.4000403._name,描く　つながる　ネットワーク ダイヤ TOP10000
mst.title.4000403._detailText,描く　つながる　ネットワーク ダイヤ TOP10000
mst.title.4000404._name,描く　つながる　ネットワーク 曜 TOP10000
mst.title.4000404._detailText,描く　つながる　ネットワーク 曜 TOP10000
mst.title.4000405._name,描く　つながる　ネットワーク 善子 TOP10000
mst.title.4000405._detailText,描く　つながる　ネットワーク 善子 TOP10000
mst.title.4000406._name,描く　つながる　ネットワーク 花丸 TOP10000
mst.title.4000406._detailText,描く　つながる　ネットワーク 花丸 TOP10000
mst.title.4000407._name,描く　つながる　ネットワーク 鞠莉 TOP10000
mst.title.4000407._detailText,描く　つながる　ネットワーク 鞠莉 TOP10000
mst.title.4000408._name,描く　つながる　ネットワーク ルビィ TOP10000
mst.title.4000408._detailText,描く　つながる　ネットワーク ルビィ TOP10000
mst.title.4000409._name,描く　つながる　ネットワーク 歩夢 TOP10000
mst.title.4000409._detailText,描く　つながる　ネットワーク 歩夢 TOP10000
mst.title.4000410._name,描く　つながる　ネットワーク かすみ TOP10000
mst.title.4000410._detailText,描く　つながる　ネットワーク かすみ TOP10000
mst.title.4000411._name,描く　つながる　ネットワーク しずく TOP10000
mst.title.4000411._detailText,描く　つながる　ネットワーク しずく TOP10000
mst.title.4000412._name,描く　つながる　ネットワーク 果林 TOP10000
mst.title.4000412._detailText,描く　つながる　ネットワーク 果林 TOP10000
mst.title.4000413._name,描く　つながる　ネットワーク 愛 TOP10000
mst.title.4000413._detailText,描く　つながる　ネットワーク 愛 TOP10000
mst.title.4000414._name,描く　つながる　ネットワーク 彼方 TOP10000
mst.title.4000414._detailText,描く　つながる　ネットワーク 彼方 TOP10000
mst.title.4000415._name,描く　つながる　ネットワーク せつ菜 TOP10000
mst.title.4000415._detailText,描く　つながる　ネットワーク せつ菜 TOP10000
mst.title.4000416._name,描く　つながる　ネットワーク エマ TOP10000
mst.title.4000416._detailText,描く　つながる　ネットワーク エマ TOP10000
mst.title.4000417._name,描く　つながる　ネットワーク 璃奈 TOP10000
mst.title.4000417._detailText,描く　つながる　ネットワーク 璃奈 TOP10000
mst.title.4000418._name,描く　つながる　ネットワーク 栞子 TOP10000
mst.title.4000418._detailText,描く　つながる　ネットワーク 栞子 TOP10000
mst.title.4000419._name,描く　つながる　ネットワーク ミア TOP10000
mst.title.4000419._detailText,描く　つながる　ネットワーク ミア TOP10000
mst.title.4000420._name,描く　つながる　ネットワーク 嵐珠 TOP10000
mst.title.4000420._detailText,描く　つながる　ネットワーク 嵐珠 TOP10000
mst.title.4000421._name,描く　つながる　ネットワーク かのん TOP10000
mst.title.4000421._detailText,描く　つながる　ネットワーク かのん TOP10000
mst.title.4000422._name,描く　つながる　ネットワーク 可可 TOP10000
mst.title.4000422._detailText,描く　つながる　ネットワーク 可可 TOP10000
mst.title.4000423._name,描く　つながる　ネットワーク 千砂都 TOP10000
mst.title.4000423._detailText,描く　つながる　ネットワーク 千砂都 TOP10000
mst.title.4000424._name,描く　つながる　ネットワーク すみれ TOP10000
mst.title.4000424._detailText,描く　つながる　ネットワーク すみれ TOP10000
mst.title.4000425._name,描く　つながる　ネットワーク 恋 TOP10000
mst.title.4000425._detailText,描く　つながる　ネットワーク 恋 TOP10000
mst.title.4000426._name,描く　つながる　ネットワーク きな子 TOP10000
mst.title.4000426._detailText,描く　つながる　ネットワーク きな子 TOP10000
mst.title.4000427._name,描く　つながる　ネットワーク メイ TOP10000
mst.title.4000427._detailText,描く　つながる　ネットワーク メイ TOP10000
mst.title.4000428._name,描く　つながる　ネットワーク 四季 TOP10000
mst.title.4000428._detailText,描く　つながる　ネットワーク 四季 TOP10000
mst.title.4000429._name,描く　つながる　ネットワーク 夏美 TOP10000
mst.title.4000429._detailText,描く　つながる　ネットワーク 夏美 TOP10000
mst.title.4000430._name,描く　つながる　ネットワーク 穂乃果 TOP30000
mst.title.4000430._detailText,描く　つながる　ネットワーク 穂乃果 TOP30000
mst.title.4000431._name,描く　つながる　ネットワーク 絵里 TOP30000
mst.title.4000431._detailText,描く　つながる　ネットワーク 絵里 TOP30000
mst.title.4000432._name,描く　つながる　ネットワーク ことり TOP30000
mst.title.4000432._detailText,描く　つながる　ネットワーク ことり TOP30000
mst.title.4000433._name,描く　つながる　ネットワーク 海未 TOP30000
mst.title.4000433._detailText,描く　つながる　ネットワーク 海未 TOP30000
mst.title.4000434._name,描く　つながる　ネットワーク 凛 TOP30000
mst.title.4000434._detailText,描く　つながる　ネットワーク 凛 TOP30000
mst.title.4000435._name,描く　つながる　ネットワーク 真姫 TOP30000
mst.title.4000435._detailText,描く　つながる　ネットワーク 真姫 TOP30000
mst.title.4000436._name,描く　つながる　ネットワーク 希 TOP30000
mst.title.4000436._detailText,描く　つながる　ネットワーク 希 TOP30000
mst.title.4000437._name,描く　つながる　ネットワーク 花陽 TOP30000
mst.title.4000437._detailText,描く　つながる　ネットワーク 花陽 TOP30000
mst.title.4000438._name,描く　つながる　ネットワーク にこ TOP30000
mst.title.4000438._detailText,描く　つながる　ネットワーク にこ TOP30000
mst.title.4000439._name,描く　つながる　ネットワーク 千歌 TOP30000
mst.title.4000439._detailText,描く　つながる　ネットワーク 千歌 TOP30000
mst.title.4000440._name,描く　つながる　ネットワーク 梨子 TOP30000
mst.title.4000440._detailText,描く　つながる　ネットワーク 梨子 TOP30000
mst.title.4000441._name,描く　つながる　ネットワーク 果南 TOP30000
mst.title.4000441._detailText,描く　つながる　ネットワーク 果南 TOP30000
mst.title.4000442._name,描く　つながる　ネットワーク ダイヤ TOP30000
mst.title.4000442._detailText,描く　つながる　ネットワーク ダイヤ TOP30000
mst.title.4000443._name,描く　つながる　ネットワーク 曜 TOP30000
mst.title.4000443._detailText,描く　つながる　ネットワーク 曜 TOP30000
mst.title.4000444._name,描く　つながる　ネットワーク 善子 TOP30000
mst.title.4000444._detailText,描く　つながる　ネットワーク 善子 TOP30000
mst.title.4000445._name,描く　つながる　ネットワーク 花丸 TOP30000
mst.title.4000445._detailText,描く　つながる　ネットワーク 花丸 TOP30000
mst.title.4000446._name,描く　つながる　ネットワーク 鞠莉 TOP30000
mst.title.4000446._detailText,描く　つながる　ネットワーク 鞠莉 TOP30000
mst.title.4000447._name,描く　つながる　ネットワーク ルビィ TOP30000
mst.title.4000447._detailText,描く　つながる　ネットワーク ルビィ TOP30000
mst.title.4000448._name,描く　つながる　ネットワーク 歩夢 TOP30000
mst.title.4000448._detailText,描く　つながる　ネットワーク 歩夢 TOP30000
mst.title.4000449._name,描く　つながる　ネットワーク かすみ TOP30000
mst.title.4000449._detailText,描く　つながる　ネットワーク かすみ TOP30000
mst.title.4000450._name,描く　つながる　ネットワーク しずく TOP30000
mst.title.4000450._detailText,描く　つながる　ネットワーク しずく TOP30000
mst.title.4000451._name,描く　つながる　ネットワーク 果林 TOP30000
mst.title.4000451._detailText,描く　つながる　ネットワーク 果林 TOP30000
mst.title.4000452._name,描く　つながる　ネットワーク 愛 TOP30000
mst.title.4000452._detailText,描く　つながる　ネットワーク 愛 TOP30000
mst.title.4000453._name,描く　つながる　ネットワーク 彼方 TOP30000
mst.title.4000453._detailText,描く　つながる　ネットワーク 彼方 TOP30000
mst.title.4000454._name,描く　つながる　ネットワーク せつ菜 TOP30000
mst.title.4000454._detailText,描く　つながる　ネットワーク せつ菜 TOP30000
mst.title.4000455._name,描く　つながる　ネットワーク エマ TOP30000
mst.title.4000455._detailText,描く　つながる　ネットワーク エマ TOP30000
mst.title.4000456._name,描く　つながる　ネットワーク 璃奈 TOP30000
mst.title.4000456._detailText,描く　つながる　ネットワーク 璃奈 TOP30000
mst.title.4000457._name,描く　つながる　ネットワーク 栞子 TOP30000
mst.title.4000457._detailText,描く　つながる　ネットワーク 栞子 TOP30000
mst.title.4000458._name,描く　つながる　ネットワーク ミア TOP30000
mst.title.4000458._detailText,描く　つながる　ネットワーク ミア TOP30000
mst.title.4000459._name,描く　つながる　ネットワーク 嵐珠 TOP30000
mst.title.4000459._detailText,描く　つながる　ネットワーク 嵐珠 TOP30000
mst.title.4000460._name,描く　つながる　ネットワーク かのん TOP30000
mst.title.4000460._detailText,描く　つながる　ネットワーク かのん TOP30000
mst.title.4000461._name,描く　つながる　ネットワーク 可可 TOP30000
mst.title.4000461._detailText,描く　つながる　ネットワーク 可可 TOP30000
mst.title.4000462._name,描く　つながる　ネットワーク 千砂都 TOP30000
mst.title.4000462._detailText,描く　つながる　ネットワーク 千砂都 TOP30000
mst.title.4000463._name,描く　つながる　ネットワーク すみれ TOP30000
mst.title.4000463._detailText,描く　つながる　ネットワーク すみれ TOP30000
mst.title.4000464._name,描く　つながる　ネットワーク 恋 TOP30000
mst.title.4000464._detailText,描く　つながる　ネットワーク 恋 TOP30000
mst.title.4000465._name,描く　つながる　ネットワーク きな子 TOP30000
mst.title.4000465._detailText,描く　つながる　ネットワーク きな子 TOP30000
mst.title.4000466._name,描く　つながる　ネットワーク メイ TOP30000
mst.title.4000466._detailText,描く　つながる　ネットワーク メイ TOP30000
mst.title.4000467._name,描く　つながる　ネットワーク 四季 TOP30000
mst.title.4000467._detailText,描く　つながる　ネットワーク 四季 TOP30000
mst.title.4000468._name,描く　つながる　ネットワーク 夏美 TOP30000
mst.title.4000468._detailText,描く　つながる　ネットワーク 夏美 TOP30000
mst.title.4000469._name,カモメのトラブル宅配便 穂乃果 TOP100
mst.title.4000469._detailText,カモメのトラブル宅配便 穂乃果 TOP100
mst.title.4000470._name,カモメのトラブル宅配便 絵里 TOP100
mst.title.4000470._detailText,カモメのトラブル宅配便 絵里 TOP100
mst.title.4000471._name,カモメのトラブル宅配便 ことり TOP100
mst.title.4000471._detailText,カモメのトラブル宅配便 ことり TOP100
mst.title.4000472._name,カモメのトラブル宅配便 海未 TOP100
mst.title.4000472._detailText,カモメのトラブル宅配便 海未 TOP100
mst.title.4000473._name,カモメのトラブル宅配便 凛 TOP100
mst.title.4000473._detailText,カモメのトラブル宅配便 凛 TOP100
mst.title.4000474._name,カモメのトラブル宅配便 真姫 TOP100
mst.title.4000474._detailText,カモメのトラブル宅配便 真姫 TOP100
mst.title.4000475._name,カモメのトラブル宅配便 希 TOP100
mst.title.4000475._detailText,カモメのトラブル宅配便 希 TOP100
mst.title.4000476._name,カモメのトラブル宅配便 花陽 TOP100
mst.title.4000476._detailText,カモメのトラブル宅配便 花陽 TOP100
mst.title.4000477._name,カモメのトラブル宅配便 にこ TOP100
mst.title.4000477._detailText,カモメのトラブル宅配便 にこ TOP100
mst.title.4000478._name,カモメのトラブル宅配便 千歌 TOP100
mst.title.4000478._detailText,カモメのトラブル宅配便 千歌 TOP100
mst.title.4000479._name,カモメのトラブル宅配便 梨子 TOP100
mst.title.4000479._detailText,カモメのトラブル宅配便 梨子 TOP100
mst.title.4000480._name,カモメのトラブル宅配便 果南 TOP100
mst.title.4000480._detailText,カモメのトラブル宅配便 果南 TOP100
mst.title.4000481._name,カモメのトラブル宅配便 ダイヤ TOP100
mst.title.4000481._detailText,カモメのトラブル宅配便 ダイヤ TOP100
mst.title.4000482._name,カモメのトラブル宅配便 曜 TOP100
mst.title.4000482._detailText,カモメのトラブル宅配便 曜 TOP100
mst.title.4000483._name,カモメのトラブル宅配便 善子 TOP100
mst.title.4000483._detailText,カモメのトラブル宅配便 善子 TOP100
mst.title.4000484._name,カモメのトラブル宅配便 花丸 TOP100
mst.title.4000484._detailText,カモメのトラブル宅配便 花丸 TOP100
mst.title.4000485._name,カモメのトラブル宅配便 鞠莉 TOP100
mst.title.4000485._detailText,カモメのトラブル宅配便 鞠莉 TOP100
mst.title.4000486._name,カモメのトラブル宅配便 ルビィ TOP100
mst.title.4000486._detailText,カモメのトラブル宅配便 ルビィ TOP100
mst.title.4000487._name,カモメのトラブル宅配便 歩夢 TOP100
mst.title.4000487._detailText,カモメのトラブル宅配便 歩夢 TOP100
mst.title.4000488._name,カモメのトラブル宅配便 かすみ TOP100
mst.title.4000488._detailText,カモメのトラブル宅配便 かすみ TOP100
mst.title.4000489._name,カモメのトラブル宅配便 しずく TOP100
mst.title.4000489._detailText,カモメのトラブル宅配便 しずく TOP100
mst.title.4000490._name,カモメのトラブル宅配便 果林 TOP100
mst.title.4000490._detailText,カモメのトラブル宅配便 果林 TOP100
mst.title.4000491._name,カモメのトラブル宅配便 愛 TOP100
mst.title.4000491._detailText,カモメのトラブル宅配便 愛 TOP100
mst.title.4000492._name,カモメのトラブル宅配便 彼方 TOP100
mst.title.4000492._detailText,カモメのトラブル宅配便 彼方 TOP100
mst.title.4000493._name,カモメのトラブル宅配便 せつ菜 TOP100
mst.title.4000493._detailText,カモメのトラブル宅配便 せつ菜 TOP100
mst.title.4000494._name,カモメのトラブル宅配便 エマ TOP100
mst.title.4000494._detailText,カモメのトラブル宅配便 エマ TOP100
mst.title.4000495._name,カモメのトラブル宅配便 璃奈 TOP100
mst.title.4000495._detailText,カモメのトラブル宅配便 璃奈 TOP100
mst.title.4000496._name,カモメのトラブル宅配便 栞子 TOP100
mst.title.4000496._detailText,カモメのトラブル宅配便 栞子 TOP100
mst.title.4000497._name,カモメのトラブル宅配便 ミア TOP100
mst.title.4000497._detailText,カモメのトラブル宅配便 ミア TOP100
mst.title.4000498._name,カモメのトラブル宅配便 嵐珠 TOP100
mst.title.4000498._detailText,カモメのトラブル宅配便 嵐珠 TOP100
mst.title.4000499._name,カモメのトラブル宅配便 かのん TOP100
mst.title.4000499._detailText,カモメのトラブル宅配便 かのん TOP100
mst.title.4000500._name,カモメのトラブル宅配便 可可 TOP100
mst.title.4000500._detailText,カモメのトラブル宅配便 可可 TOP100
mst.title.4000501._name,カモメのトラブル宅配便 千砂都 TOP100
mst.title.4000501._detailText,カモメのトラブル宅配便 千砂都 TOP100
mst.title.4000502._name,カモメのトラブル宅配便 すみれ TOP100
mst.title.4000502._detailText,カモメのトラブル宅配便 すみれ TOP100
mst.title.4000503._name,カモメのトラブル宅配便 恋 TOP100
mst.title.4000503._detailText,カモメのトラブル宅配便 恋 TOP100
mst.title.4000504._name,カモメのトラブル宅配便 きな子 TOP100
mst.title.4000504._detailText,カモメのトラブル宅配便 きな子 TOP100
mst.title.4000505._name,カモメのトラブル宅配便 メイ TOP100
mst.title.4000505._detailText,カモメのトラブル宅配便 メイ TOP100
mst.title.4000506._name,カモメのトラブル宅配便 四季 TOP100
mst.title.4000506._detailText,カモメのトラブル宅配便 四季 TOP100
mst.title.4000507._name,カモメのトラブル宅配便 夏美 TOP100
mst.title.4000507._detailText,カモメのトラブル宅配便 夏美 TOP100
mst.title.4000508._name,カモメのトラブル宅配便 穂乃果 TOP300
mst.title.4000508._detailText,カモメのトラブル宅配便 穂乃果 TOP300
mst.title.4000509._name,カモメのトラブル宅配便 絵里 TOP300
mst.title.4000509._detailText,カモメのトラブル宅配便 絵里 TOP300
mst.title.4000510._name,カモメのトラブル宅配便 ことり TOP300
mst.title.4000510._detailText,カモメのトラブル宅配便 ことり TOP300
mst.title.4000511._name,カモメのトラブル宅配便 海未 TOP300
mst.title.4000511._detailText,カモメのトラブル宅配便 海未 TOP300
mst.title.4000512._name,カモメのトラブル宅配便 凛 TOP300
mst.title.4000512._detailText,カモメのトラブル宅配便 凛 TOP300
mst.title.4000513._name,カモメのトラブル宅配便 真姫 TOP300
mst.title.4000513._detailText,カモメのトラブル宅配便 真姫 TOP300
mst.title.4000514._name,カモメのトラブル宅配便 希 TOP300
mst.title.4000514._detailText,カモメのトラブル宅配便 希 TOP300
mst.title.4000515._name,カモメのトラブル宅配便 花陽 TOP300
mst.title.4000515._detailText,カモメのトラブル宅配便 花陽 TOP300
mst.title.4000516._name,カモメのトラブル宅配便 にこ TOP300
mst.title.4000516._detailText,カモメのトラブル宅配便 にこ TOP300
mst.title.4000517._name,カモメのトラブル宅配便 千歌 TOP300
mst.title.4000517._detailText,カモメのトラブル宅配便 千歌 TOP300
mst.title.4000518._name,カモメのトラブル宅配便 梨子 TOP300
mst.title.4000518._detailText,カモメのトラブル宅配便 梨子 TOP300
mst.title.4000519._name,カモメのトラブル宅配便 果南 TOP300
mst.title.4000519._detailText,カモメのトラブル宅配便 果南 TOP300
mst.title.4000520._name,カモメのトラブル宅配便 ダイヤ TOP300
mst.title.4000520._detailText,カモメのトラブル宅配便 ダイヤ TOP300
mst.title.4000521._name,カモメのトラブル宅配便 曜 TOP300
mst.title.4000521._detailText,カモメのトラブル宅配便 曜 TOP300
mst.title.4000522._name,カモメのトラブル宅配便 善子 TOP300
mst.title.4000522._detailText,カモメのトラブル宅配便 善子 TOP300
mst.title.4000523._name,カモメのトラブル宅配便 花丸 TOP300
mst.title.4000523._detailText,カモメのトラブル宅配便 花丸 TOP300
mst.title.4000524._name,カモメのトラブル宅配便 鞠莉 TOP300
mst.title.4000524._detailText,カモメのトラブル宅配便 鞠莉 TOP300
mst.title.4000525._name,カモメのトラブル宅配便 ルビィ TOP300
mst.title.4000525._detailText,カモメのトラブル宅配便 ルビィ TOP300
mst.title.4000526._name,カモメのトラブル宅配便 歩夢 TOP300
mst.title.4000526._detailText,カモメのトラブル宅配便 歩夢 TOP300
mst.title.4000527._name,カモメのトラブル宅配便 かすみ TOP300
mst.title.4000527._detailText,カモメのトラブル宅配便 かすみ TOP300
mst.title.4000528._name,カモメのトラブル宅配便 しずく TOP300
mst.title.4000528._detailText,カモメのトラブル宅配便 しずく TOP300
mst.title.4000529._name,カモメのトラブル宅配便 果林 TOP300
mst.title.4000529._detailText,カモメのトラブル宅配便 果林 TOP300
mst.title.4000530._name,カモメのトラブル宅配便 愛 TOP300
mst.title.4000530._detailText,カモメのトラブル宅配便 愛 TOP300
mst.title.4000531._name,カモメのトラブル宅配便 彼方 TOP300
mst.title.4000531._detailText,カモメのトラブル宅配便 彼方 TOP300
mst.title.4000532._name,カモメのトラブル宅配便 せつ菜 TOP300
mst.title.4000532._detailText,カモメのトラブル宅配便 せつ菜 TOP300
mst.title.4000533._name,カモメのトラブル宅配便 エマ TOP300
mst.title.4000533._detailText,カモメのトラブル宅配便 エマ TOP300
mst.title.4000534._name,カモメのトラブル宅配便 璃奈 TOP300
mst.title.4000534._detailText,カモメのトラブル宅配便 璃奈 TOP300
mst.title.4000535._name,カモメのトラブル宅配便 栞子 TOP300
mst.title.4000535._detailText,カモメのトラブル宅配便 栞子 TOP300
mst.title.4000536._name,カモメのトラブル宅配便 ミア TOP300
mst.title.4000536._detailText,カモメのトラブル宅配便 ミア TOP300
mst.title.4000537._name,カモメのトラブル宅配便 嵐珠 TOP300
mst.title.4000537._detailText,カモメのトラブル宅配便 嵐珠 TOP300
mst.title.4000538._name,カモメのトラブル宅配便 かのん TOP300
mst.title.4000538._detailText,カモメのトラブル宅配便 かのん TOP300
mst.title.4000539._name,カモメのトラブル宅配便 可可 TOP300
mst.title.4000539._detailText,カモメのトラブル宅配便 可可 TOP300
mst.title.4000540._name,カモメのトラブル宅配便 千砂都 TOP300
mst.title.4000540._detailText,カモメのトラブル宅配便 千砂都 TOP300
mst.title.4000541._name,カモメのトラブル宅配便 すみれ TOP300
mst.title.4000541._detailText,カモメのトラブル宅配便 すみれ TOP300
mst.title.4000542._name,カモメのトラブル宅配便 恋 TOP300
mst.title.4000542._detailText,カモメのトラブル宅配便 恋 TOP300
mst.title.4000543._name,カモメのトラブル宅配便 きな子 TOP300
mst.title.4000543._detailText,カモメのトラブル宅配便 きな子 TOP300
mst.title.4000544._name,カモメのトラブル宅配便 メイ TOP300
mst.title.4000544._detailText,カモメのトラブル宅配便 メイ TOP300
mst.title.4000545._name,カモメのトラブル宅配便 四季 TOP300
mst.title.4000545._detailText,カモメのトラブル宅配便 四季 TOP300
mst.title.4000546._name,カモメのトラブル宅配便 夏美 TOP300
mst.title.4000546._detailText,カモメのトラブル宅配便 夏美 TOP300
mst.title.4000547._name,カモメのトラブル宅配便 穂乃果 TOP1000
mst.title.4000547._detailText,カモメのトラブル宅配便 穂乃果 TOP1000
mst.title.4000548._name,カモメのトラブル宅配便 絵里 TOP1000
mst.title.4000548._detailText,カモメのトラブル宅配便 絵里 TOP1000
mst.title.4000549._name,カモメのトラブル宅配便 ことり TOP1000
mst.title.4000549._detailText,カモメのトラブル宅配便 ことり TOP1000
mst.title.4000550._name,カモメのトラブル宅配便 海未 TOP1000
mst.title.4000550._detailText,カモメのトラブル宅配便 海未 TOP1000
mst.title.4000551._name,カモメのトラブル宅配便 凛 TOP1000
mst.title.4000551._detailText,カモメのトラブル宅配便 凛 TOP1000
mst.title.4000552._name,カモメのトラブル宅配便 真姫 TOP1000
mst.title.4000552._detailText,カモメのトラブル宅配便 真姫 TOP1000
mst.title.4000553._name,カモメのトラブル宅配便 希 TOP1000
mst.title.4000553._detailText,カモメのトラブル宅配便 希 TOP1000
mst.title.4000554._name,カモメのトラブル宅配便 花陽 TOP1000
mst.title.4000554._detailText,カモメのトラブル宅配便 花陽 TOP1000
mst.title.4000555._name,カモメのトラブル宅配便 にこ TOP1000
mst.title.4000555._detailText,カモメのトラブル宅配便 にこ TOP1000
mst.title.4000556._name,カモメのトラブル宅配便 千歌 TOP1000
mst.title.4000556._detailText,カモメのトラブル宅配便 千歌 TOP1000
mst.title.4000557._name,カモメのトラブル宅配便 梨子 TOP1000
mst.title.4000557._detailText,カモメのトラブル宅配便 梨子 TOP1000
mst.title.4000558._name,カモメのトラブル宅配便 果南 TOP1000
mst.title.4000558._detailText,カモメのトラブル宅配便 果南 TOP1000
mst.title.4000559._name,カモメのトラブル宅配便 ダイヤ TOP1000
mst.title.4000559._detailText,カモメのトラブル宅配便 ダイヤ TOP1000
mst.title.4000560._name,カモメのトラブル宅配便 曜 TOP1000
mst.title.4000560._detailText,カモメのトラブル宅配便 曜 TOP1000
mst.title.4000561._name,カモメのトラブル宅配便 善子 TOP1000
mst.title.4000561._detailText,カモメのトラブル宅配便 善子 TOP1000
mst.title.4000562._name,カモメのトラブル宅配便 花丸 TOP1000
mst.title.4000562._detailText,カモメのトラブル宅配便 花丸 TOP1000
mst.title.4000563._name,カモメのトラブル宅配便 鞠莉 TOP1000
mst.title.4000563._detailText,カモメのトラブル宅配便 鞠莉 TOP1000
mst.title.4000564._name,カモメのトラブル宅配便 ルビィ TOP1000
mst.title.4000564._detailText,カモメのトラブル宅配便 ルビィ TOP1000
mst.title.4000565._name,カモメのトラブル宅配便 歩夢 TOP1000
mst.title.4000565._detailText,カモメのトラブル宅配便 歩夢 TOP1000
mst.title.4000566._name,カモメのトラブル宅配便 かすみ TOP1000
mst.title.4000566._detailText,カモメのトラブル宅配便 かすみ TOP1000
mst.title.4000567._name,カモメのトラブル宅配便 しずく TOP1000
mst.title.4000567._detailText,カモメのトラブル宅配便 しずく TOP1000
mst.title.4000568._name,カモメのトラブル宅配便 果林 TOP1000
mst.title.4000568._detailText,カモメのトラブル宅配便 果林 TOP1000
mst.title.4000569._name,カモメのトラブル宅配便 愛 TOP1000
mst.title.4000569._detailText,カモメのトラブル宅配便 愛 TOP1000
mst.title.4000570._name,カモメのトラブル宅配便 彼方 TOP1000
mst.title.4000570._detailText,カモメのトラブル宅配便 彼方 TOP1000
mst.title.4000571._name,カモメのトラブル宅配便 せつ菜 TOP1000
mst.title.4000571._detailText,カモメのトラブル宅配便 せつ菜 TOP1000
mst.title.4000572._name,カモメのトラブル宅配便 エマ TOP1000
mst.title.4000572._detailText,カモメのトラブル宅配便 エマ TOP1000
mst.title.4000573._name,カモメのトラブル宅配便 璃奈 TOP1000
mst.title.4000573._detailText,カモメのトラブル宅配便 璃奈 TOP1000
mst.title.4000574._name,カモメのトラブル宅配便 栞子 TOP1000
mst.title.4000574._detailText,カモメのトラブル宅配便 栞子 TOP1000
mst.title.4000575._name,カモメのトラブル宅配便 ミア TOP1000
mst.title.4000575._detailText,カモメのトラブル宅配便 ミア TOP1000
mst.title.4000576._name,カモメのトラブル宅配便 嵐珠 TOP1000
mst.title.4000576._detailText,カモメのトラブル宅配便 嵐珠 TOP1000
mst.title.4000577._name,カモメのトラブル宅配便 かのん TOP1000
mst.title.4000577._detailText,カモメのトラブル宅配便 かのん TOP1000
mst.title.4000578._name,カモメのトラブル宅配便 可可 TOP1000
mst.title.4000578._detailText,カモメのトラブル宅配便 可可 TOP1000
mst.title.4000579._name,カモメのトラブル宅配便 千砂都 TOP1000
mst.title.4000579._detailText,カモメのトラブル宅配便 千砂都 TOP1000
mst.title.4000580._name,カモメのトラブル宅配便 すみれ TOP1000
mst.title.4000580._detailText,カモメのトラブル宅配便 すみれ TOP1000
mst.title.4000581._name,カモメのトラブル宅配便 恋 TOP1000
mst.title.4000581._detailText,カモメのトラブル宅配便 恋 TOP1000
mst.title.4000582._name,カモメのトラブル宅配便 きな子 TOP1000
mst.title.4000582._detailText,カモメのトラブル宅配便 きな子 TOP1000
mst.title.4000583._name,カモメのトラブル宅配便 メイ TOP1000
mst.title.4000583._detailText,カモメのトラブル宅配便 メイ TOP1000
mst.title.4000584._name,カモメのトラブル宅配便 四季 TOP1000
mst.title.4000584._detailText,カモメのトラブル宅配便 四季 TOP1000
mst.title.4000585._name,カモメのトラブル宅配便 夏美 TOP1000
mst.title.4000585._detailText,カモメのトラブル宅配便 夏美 TOP1000
mst.title.4000586._name,勝利のフラッグは誰の手に 穂乃果 TOP100
mst.title.4000586._detailText,勝利のフラッグは誰の手に 穂乃果 TOP100
mst.title.4000587._name,勝利のフラッグは誰の手に 絵里 TOP100
mst.title.4000587._detailText,勝利のフラッグは誰の手に 絵里 TOP100
mst.title.4000588._name,勝利のフラッグは誰の手に ことり TOP100
mst.title.4000588._detailText,勝利のフラッグは誰の手に ことり TOP100
mst.title.4000589._name,勝利のフラッグは誰の手に 海未 TOP100
mst.title.4000589._detailText,勝利のフラッグは誰の手に 海未 TOP100
mst.title.4000590._name,勝利のフラッグは誰の手に 凛 TOP100
mst.title.4000590._detailText,勝利のフラッグは誰の手に 凛 TOP100
mst.title.4000591._name,勝利のフラッグは誰の手に 真姫 TOP100
mst.title.4000591._detailText,勝利のフラッグは誰の手に 真姫 TOP100
mst.title.4000592._name,勝利のフラッグは誰の手に 希 TOP100
mst.title.4000592._detailText,勝利のフラッグは誰の手に 希 TOP100
mst.title.4000593._name,勝利のフラッグは誰の手に 花陽 TOP100
mst.title.4000593._detailText,勝利のフラッグは誰の手に 花陽 TOP100
mst.title.4000594._name,勝利のフラッグは誰の手に にこ TOP100
mst.title.4000594._detailText,勝利のフラッグは誰の手に にこ TOP100
mst.title.4000595._name,勝利のフラッグは誰の手に 千歌 TOP100
mst.title.4000595._detailText,勝利のフラッグは誰の手に 千歌 TOP100
mst.title.4000596._name,勝利のフラッグは誰の手に 梨子 TOP100
mst.title.4000596._detailText,勝利のフラッグは誰の手に 梨子 TOP100
mst.title.4000597._name,勝利のフラッグは誰の手に 果南 TOP100
mst.title.4000597._detailText,勝利のフラッグは誰の手に 果南 TOP100
mst.title.4000598._name,勝利のフラッグは誰の手に ダイヤ TOP100
mst.title.4000598._detailText,勝利のフラッグは誰の手に ダイヤ TOP100
mst.title.4000599._name,勝利のフラッグは誰の手に 曜 TOP100
mst.title.4000599._detailText,勝利のフラッグは誰の手に 曜 TOP100
mst.title.4000600._name,勝利のフラッグは誰の手に 善子 TOP100
mst.title.4000600._detailText,勝利のフラッグは誰の手に 善子 TOP100
mst.title.4000601._name,勝利のフラッグは誰の手に 花丸 TOP100
mst.title.4000601._detailText,勝利のフラッグは誰の手に 花丸 TOP100
mst.title.4000602._name,勝利のフラッグは誰の手に 鞠莉 TOP100
mst.title.4000602._detailText,勝利のフラッグは誰の手に 鞠莉 TOP100
mst.title.4000603._name,勝利のフラッグは誰の手に ルビィ TOP100
mst.title.4000603._detailText,勝利のフラッグは誰の手に ルビィ TOP100
mst.title.4000604._name,勝利のフラッグは誰の手に 歩夢 TOP100
mst.title.4000604._detailText,勝利のフラッグは誰の手に 歩夢 TOP100
mst.title.4000605._name,勝利のフラッグは誰の手に かすみ TOP100
mst.title.4000605._detailText,勝利のフラッグは誰の手に かすみ TOP100
mst.title.4000606._name,勝利のフラッグは誰の手に しずく TOP100
mst.title.4000606._detailText,勝利のフラッグは誰の手に しずく TOP100
mst.title.4000607._name,勝利のフラッグは誰の手に 果林 TOP100
mst.title.4000607._detailText,勝利のフラッグは誰の手に 果林 TOP100
mst.title.4000608._name,勝利のフラッグは誰の手に 愛 TOP100
mst.title.4000608._detailText,勝利のフラッグは誰の手に 愛 TOP100
mst.title.4000609._name,勝利のフラッグは誰の手に 彼方 TOP100
mst.title.4000609._detailText,勝利のフラッグは誰の手に 彼方 TOP100
mst.title.4000610._name,勝利のフラッグは誰の手に せつ菜 TOP100
mst.title.4000610._detailText,勝利のフラッグは誰の手に せつ菜 TOP100
mst.title.4000611._name,勝利のフラッグは誰の手に エマ TOP100
mst.title.4000611._detailText,勝利のフラッグは誰の手に エマ TOP100
mst.title.4000612._name,勝利のフラッグは誰の手に 璃奈 TOP100
mst.title.4000612._detailText,勝利のフラッグは誰の手に 璃奈 TOP100
mst.title.4000613._name,勝利のフラッグは誰の手に 栞子 TOP100
mst.title.4000613._detailText,勝利のフラッグは誰の手に 栞子 TOP100
mst.title.4000614._name,勝利のフラッグは誰の手に ミア TOP100
mst.title.4000614._detailText,勝利のフラッグは誰の手に ミア TOP100
mst.title.4000615._name,勝利のフラッグは誰の手に 嵐珠 TOP100
mst.title.4000615._detailText,勝利のフラッグは誰の手に 嵐珠 TOP100
mst.title.4000616._name,勝利のフラッグは誰の手に かのん TOP100
mst.title.4000616._detailText,勝利のフラッグは誰の手に かのん TOP100
mst.title.4000617._name,勝利のフラッグは誰の手に 可可 TOP100
mst.title.4000617._detailText,勝利のフラッグは誰の手に 可可 TOP100
mst.title.4000618._name,勝利のフラッグは誰の手に 千砂都 TOP100
mst.title.4000618._detailText,勝利のフラッグは誰の手に 千砂都 TOP100
mst.title.4000619._name,勝利のフラッグは誰の手に すみれ TOP100
mst.title.4000619._detailText,勝利のフラッグは誰の手に すみれ TOP100
mst.title.4000620._name,勝利のフラッグは誰の手に 恋 TOP100
mst.title.4000620._detailText,勝利のフラッグは誰の手に 恋 TOP100
mst.title.4000621._name,勝利のフラッグは誰の手に きな子 TOP100
mst.title.4000621._detailText,勝利のフラッグは誰の手に きな子 TOP100
mst.title.4000622._name,勝利のフラッグは誰の手に メイ TOP100
mst.title.4000622._detailText,勝利のフラッグは誰の手に メイ TOP100
mst.title.4000623._name,勝利のフラッグは誰の手に 四季 TOP100
mst.title.4000623._detailText,勝利のフラッグは誰の手に 四季 TOP100
mst.title.4000624._name,勝利のフラッグは誰の手に 夏美 TOP100
mst.title.4000624._detailText,勝利のフラッグは誰の手に 夏美 TOP100
mst.title.4000625._name,勝利のフラッグは誰の手に 穂乃果 TOP300
mst.title.4000625._detailText,勝利のフラッグは誰の手に 穂乃果 TOP300
mst.title.4000626._name,勝利のフラッグは誰の手に 絵里 TOP300
mst.title.4000626._detailText,勝利のフラッグは誰の手に 絵里 TOP300
mst.title.4000627._name,勝利のフラッグは誰の手に ことり TOP300
mst.title.4000627._detailText,勝利のフラッグは誰の手に ことり TOP300
mst.title.4000628._name,勝利のフラッグは誰の手に 海未 TOP300
mst.title.4000628._detailText,勝利のフラッグは誰の手に 海未 TOP300
mst.title.4000629._name,勝利のフラッグは誰の手に 凛 TOP300
mst.title.4000629._detailText,勝利のフラッグは誰の手に 凛 TOP300
mst.title.4000630._name,勝利のフラッグは誰の手に 真姫 TOP300
mst.title.4000630._detailText,勝利のフラッグは誰の手に 真姫 TOP300
mst.title.4000631._name,勝利のフラッグは誰の手に 希 TOP300
mst.title.4000631._detailText,勝利のフラッグは誰の手に 希 TOP300
mst.title.4000632._name,勝利のフラッグは誰の手に 花陽 TOP300
mst.title.4000632._detailText,勝利のフラッグは誰の手に 花陽 TOP300
mst.title.4000633._name,勝利のフラッグは誰の手に にこ TOP300
mst.title.4000633._detailText,勝利のフラッグは誰の手に にこ TOP300
mst.title.4000634._name,勝利のフラッグは誰の手に 千歌 TOP300
mst.title.4000634._detailText,勝利のフラッグは誰の手に 千歌 TOP300
mst.title.4000635._name,勝利のフラッグは誰の手に 梨子 TOP300
mst.title.4000635._detailText,勝利のフラッグは誰の手に 梨子 TOP300
mst.title.4000636._name,勝利のフラッグは誰の手に 果南 TOP300
mst.title.4000636._detailText,勝利のフラッグは誰の手に 果南 TOP300
mst.title.4000637._name,勝利のフラッグは誰の手に ダイヤ TOP300
mst.title.4000637._detailText,勝利のフラッグは誰の手に ダイヤ TOP300
mst.title.4000638._name,勝利のフラッグは誰の手に 曜 TOP300
mst.title.4000638._detailText,勝利のフラッグは誰の手に 曜 TOP300
mst.title.4000639._name,勝利のフラッグは誰の手に 善子 TOP300
mst.title.4000639._detailText,勝利のフラッグは誰の手に 善子 TOP300
mst.title.4000640._name,勝利のフラッグは誰の手に 花丸 TOP300
mst.title.4000640._detailText,勝利のフラッグは誰の手に 花丸 TOP300
mst.title.4000641._name,勝利のフラッグは誰の手に 鞠莉 TOP300
mst.title.4000641._detailText,勝利のフラッグは誰の手に 鞠莉 TOP300
mst.title.4000642._name,勝利のフラッグは誰の手に ルビィ TOP300
mst.title.4000642._detailText,勝利のフラッグは誰の手に ルビィ TOP300
mst.title.4000643._name,勝利のフラッグは誰の手に 歩夢 TOP300
mst.title.4000643._detailText,勝利のフラッグは誰の手に 歩夢 TOP300
mst.title.4000644._name,勝利のフラッグは誰の手に かすみ TOP300
mst.title.4000644._detailText,勝利のフラッグは誰の手に かすみ TOP300
mst.title.4000645._name,勝利のフラッグは誰の手に しずく TOP300
mst.title.4000645._detailText,勝利のフラッグは誰の手に しずく TOP300
mst.title.4000646._name,勝利のフラッグは誰の手に 果林 TOP300
mst.title.4000646._detailText,勝利のフラッグは誰の手に 果林 TOP300
mst.title.4000647._name,勝利のフラッグは誰の手に 愛 TOP300
mst.title.4000647._detailText,勝利のフラッグは誰の手に 愛 TOP300
mst.title.4000648._name,勝利のフラッグは誰の手に 彼方 TOP300
mst.title.4000648._detailText,勝利のフラッグは誰の手に 彼方 TOP300
mst.title.4000649._name,勝利のフラッグは誰の手に せつ菜 TOP300
mst.title.4000649._detailText,勝利のフラッグは誰の手に せつ菜 TOP300
mst.title.4000650._name,勝利のフラッグは誰の手に エマ TOP300
mst.title.4000650._detailText,勝利のフラッグは誰の手に エマ TOP300
mst.title.4000651._name,勝利のフラッグは誰の手に 璃奈 TOP300
mst.title.4000651._detailText,勝利のフラッグは誰の手に 璃奈 TOP300
mst.title.4000652._name,勝利のフラッグは誰の手に 栞子 TOP300
mst.title.4000652._detailText,勝利のフラッグは誰の手に 栞子 TOP300
mst.title.4000653._name,勝利のフラッグは誰の手に ミア TOP300
mst.title.4000653._detailText,勝利のフラッグは誰の手に ミア TOP300
mst.title.4000654._name,勝利のフラッグは誰の手に 嵐珠 TOP300
mst.title.4000654._detailText,勝利のフラッグは誰の手に 嵐珠 TOP300
mst.title.4000655._name,勝利のフラッグは誰の手に かのん TOP300
mst.title.4000655._detailText,勝利のフラッグは誰の手に かのん TOP300
mst.title.4000656._name,勝利のフラッグは誰の手に 可可 TOP300
mst.title.4000656._detailText,勝利のフラッグは誰の手に 可可 TOP300
mst.title.4000657._name,勝利のフラッグは誰の手に 千砂都 TOP300
mst.title.4000657._detailText,勝利のフラッグは誰の手に 千砂都 TOP300
mst.title.4000658._name,勝利のフラッグは誰の手に すみれ TOP300
mst.title.4000658._detailText,勝利のフラッグは誰の手に すみれ TOP300
mst.title.4000659._name,勝利のフラッグは誰の手に 恋 TOP300
mst.title.4000659._detailText,勝利のフラッグは誰の手に 恋 TOP300
mst.title.4000660._name,勝利のフラッグは誰の手に きな子 TOP300
mst.title.4000660._detailText,勝利のフラッグは誰の手に きな子 TOP300
mst.title.4000661._name,勝利のフラッグは誰の手に メイ TOP300
mst.title.4000661._detailText,勝利のフラッグは誰の手に メイ TOP300
mst.title.4000662._name,勝利のフラッグは誰の手に 四季 TOP300
mst.title.4000662._detailText,勝利のフラッグは誰の手に 四季 TOP300
mst.title.4000663._name,勝利のフラッグは誰の手に 夏美 TOP300
mst.title.4000663._detailText,勝利のフラッグは誰の手に 夏美 TOP300
mst.title.4000664._name,勝利のフラッグは誰の手に 穂乃果 TOP1000
mst.title.4000664._detailText,勝利のフラッグは誰の手に 穂乃果 TOP1000
mst.title.4000665._name,勝利のフラッグは誰の手に 絵里 TOP1000
mst.title.4000665._detailText,勝利のフラッグは誰の手に 絵里 TOP1000
mst.title.4000666._name,勝利のフラッグは誰の手に ことり TOP1000
mst.title.4000666._detailText,勝利のフラッグは誰の手に ことり TOP1000
mst.title.4000667._name,勝利のフラッグは誰の手に 海未 TOP1000
mst.title.4000667._detailText,勝利のフラッグは誰の手に 海未 TOP1000
mst.title.4000668._name,勝利のフラッグは誰の手に 凛 TOP1000
mst.title.4000668._detailText,勝利のフラッグは誰の手に 凛 TOP1000
mst.title.4000669._name,勝利のフラッグは誰の手に 真姫 TOP1000
mst.title.4000669._detailText,勝利のフラッグは誰の手に 真姫 TOP1000
mst.title.4000670._name,勝利のフラッグは誰の手に 希 TOP1000
mst.title.4000670._detailText,勝利のフラッグは誰の手に 希 TOP1000
mst.title.4000671._name,勝利のフラッグは誰の手に 花陽 TOP1000
mst.title.4000671._detailText,勝利のフラッグは誰の手に 花陽 TOP1000
mst.title.4000672._name,勝利のフラッグは誰の手に にこ TOP1000
mst.title.4000672._detailText,勝利のフラッグは誰の手に にこ TOP1000
mst.title.4000673._name,勝利のフラッグは誰の手に 千歌 TOP1000
mst.title.4000673._detailText,勝利のフラッグは誰の手に 千歌 TOP1000
mst.title.4000674._name,勝利のフラッグは誰の手に 梨子 TOP1000
mst.title.4000674._detailText,勝利のフラッグは誰の手に 梨子 TOP1000
mst.title.4000675._name,勝利のフラッグは誰の手に 果南 TOP1000
mst.title.4000675._detailText,勝利のフラッグは誰の手に 果南 TOP1000
mst.title.4000676._name,勝利のフラッグは誰の手に ダイヤ TOP1000
mst.title.4000676._detailText,勝利のフラッグは誰の手に ダイヤ TOP1000
mst.title.4000677._name,勝利のフラッグは誰の手に 曜 TOP1000
mst.title.4000677._detailText,勝利のフラッグは誰の手に 曜 TOP1000
mst.title.4000678._name,勝利のフラッグは誰の手に 善子 TOP1000
mst.title.4000678._detailText,勝利のフラッグは誰の手に 善子 TOP1000
mst.title.4000679._name,勝利のフラッグは誰の手に 花丸 TOP1000
mst.title.4000679._detailText,勝利のフラッグは誰の手に 花丸 TOP1000
mst.title.4000680._name,勝利のフラッグは誰の手に 鞠莉 TOP1000
mst.title.4000680._detailText,勝利のフラッグは誰の手に 鞠莉 TOP1000
mst.title.4000681._name,勝利のフラッグは誰の手に ルビィ TOP1000
mst.title.4000681._detailText,勝利のフラッグは誰の手に ルビィ TOP1000
mst.title.4000682._name,勝利のフラッグは誰の手に 歩夢 TOP1000
mst.title.4000682._detailText,勝利のフラッグは誰の手に 歩夢 TOP1000
mst.title.4000683._name,勝利のフラッグは誰の手に かすみ TOP1000
mst.title.4000683._detailText,勝利のフラッグは誰の手に かすみ TOP1000
mst.title.4000684._name,勝利のフラッグは誰の手に しずく TOP1000
mst.title.4000684._detailText,勝利のフラッグは誰の手に しずく TOP1000
mst.title.4000685._name,勝利のフラッグは誰の手に 果林 TOP1000
mst.title.4000685._detailText,勝利のフラッグは誰の手に 果林 TOP1000
mst.title.4000686._name,勝利のフラッグは誰の手に 愛 TOP1000
mst.title.4000686._detailText,勝利のフラッグは誰の手に 愛 TOP1000
mst.title.4000687._name,勝利のフラッグは誰の手に 彼方 TOP1000
mst.title.4000687._detailText,勝利のフラッグは誰の手に 彼方 TOP1000
mst.title.4000688._name,勝利のフラッグは誰の手に せつ菜 TOP1000
mst.title.4000688._detailText,勝利のフラッグは誰の手に せつ菜 TOP1000
mst.title.4000689._name,勝利のフラッグは誰の手に エマ TOP1000
mst.title.4000689._detailText,勝利のフラッグは誰の手に エマ TOP1000
mst.title.4000690._name,勝利のフラッグは誰の手に 璃奈 TOP1000
mst.title.4000690._detailText,勝利のフラッグは誰の手に 璃奈 TOP1000
mst.title.4000691._name,勝利のフラッグは誰の手に 栞子 TOP1000
mst.title.4000691._detailText,勝利のフラッグは誰の手に 栞子 TOP1000
mst.title.4000692._name,勝利のフラッグは誰の手に ミア TOP1000
mst.title.4000692._detailText,勝利のフラッグは誰の手に ミア TOP1000
mst.title.4000693._name,勝利のフラッグは誰の手に 嵐珠 TOP1000
mst.title.4000693._detailText,勝利のフラッグは誰の手に 嵐珠 TOP1000
mst.title.4000694._name,勝利のフラッグは誰の手に かのん TOP1000
mst.title.4000694._detailText,勝利のフラッグは誰の手に かのん TOP1000
mst.title.4000695._name,勝利のフラッグは誰の手に 可可 TOP1000
mst.title.4000695._detailText,勝利のフラッグは誰の手に 可可 TOP1000
mst.title.4000696._name,勝利のフラッグは誰の手に 千砂都 TOP1000
mst.title.4000696._detailText,勝利のフラッグは誰の手に 千砂都 TOP1000
mst.title.4000697._name,勝利のフラッグは誰の手に すみれ TOP1000
mst.title.4000697._detailText,勝利のフラッグは誰の手に すみれ TOP1000
mst.title.4000698._name,勝利のフラッグは誰の手に 恋 TOP1000
mst.title.4000698._detailText,勝利のフラッグは誰の手に 恋 TOP1000
mst.title.4000699._name,勝利のフラッグは誰の手に きな子 TOP1000
mst.title.4000699._detailText,勝利のフラッグは誰の手に きな子 TOP1000
mst.title.4000700._name,勝利のフラッグは誰の手に メイ TOP1000
mst.title.4000700._detailText,勝利のフラッグは誰の手に メイ TOP1000
mst.title.4000701._name,勝利のフラッグは誰の手に 四季 TOP1000
mst.title.4000701._detailText,勝利のフラッグは誰の手に 四季 TOP1000
mst.title.4000702._name,勝利のフラッグは誰の手に 夏美 TOP1000
mst.title.4000702._detailText,勝利のフラッグは誰の手に 夏美 TOP1000
mst.title.4000703._name,銀色の月が輝く丘に降臨 穂乃果 TOP100
mst.title.4000703._detailText,銀色の月が輝く丘に降臨 穂乃果 TOP100
mst.title.4000704._name,銀色の月が輝く丘に降臨 絵里 TOP100
mst.title.4000704._detailText,銀色の月が輝く丘に降臨 絵里 TOP100
mst.title.4000705._name,銀色の月が輝く丘に降臨 ことり TOP100
mst.title.4000705._detailText,銀色の月が輝く丘に降臨 ことり TOP100
mst.title.4000706._name,銀色の月が輝く丘に降臨 海未 TOP100
mst.title.4000706._detailText,銀色の月が輝く丘に降臨 海未 TOP100
mst.title.4000707._name,銀色の月が輝く丘に降臨 凛 TOP100
mst.title.4000707._detailText,銀色の月が輝く丘に降臨 凛 TOP100
mst.title.4000708._name,銀色の月が輝く丘に降臨 真姫 TOP100
mst.title.4000708._detailText,銀色の月が輝く丘に降臨 真姫 TOP100
mst.title.4000709._name,銀色の月が輝く丘に降臨 希 TOP100
mst.title.4000709._detailText,銀色の月が輝く丘に降臨 希 TOP100
mst.title.4000710._name,銀色の月が輝く丘に降臨 花陽 TOP100
mst.title.4000710._detailText,銀色の月が輝く丘に降臨 花陽 TOP100
mst.title.4000711._name,銀色の月が輝く丘に降臨 にこ TOP100
mst.title.4000711._detailText,銀色の月が輝く丘に降臨 にこ TOP100
mst.title.4000712._name,銀色の月が輝く丘に降臨 千歌 TOP100
mst.title.4000712._detailText,銀色の月が輝く丘に降臨 千歌 TOP100
mst.title.4000713._name,銀色の月が輝く丘に降臨 梨子 TOP100
mst.title.4000713._detailText,銀色の月が輝く丘に降臨 梨子 TOP100
mst.title.4000714._name,銀色の月が輝く丘に降臨 果南 TOP100
mst.title.4000714._detailText,銀色の月が輝く丘に降臨 果南 TOP100
mst.title.4000715._name,銀色の月が輝く丘に降臨 ダイヤ TOP100
mst.title.4000715._detailText,銀色の月が輝く丘に降臨 ダイヤ TOP100
mst.title.4000716._name,銀色の月が輝く丘に降臨 曜 TOP100
mst.title.4000716._detailText,銀色の月が輝く丘に降臨 曜 TOP100
mst.title.4000717._name,銀色の月が輝く丘に降臨 善子 TOP100
mst.title.4000717._detailText,銀色の月が輝く丘に降臨 善子 TOP100
mst.title.4000718._name,銀色の月が輝く丘に降臨 花丸 TOP100
mst.title.4000718._detailText,銀色の月が輝く丘に降臨 花丸 TOP100
mst.title.4000719._name,銀色の月が輝く丘に降臨 鞠莉 TOP100
mst.title.4000719._detailText,銀色の月が輝く丘に降臨 鞠莉 TOP100
mst.title.4000720._name,銀色の月が輝く丘に降臨 ルビィ TOP100
mst.title.4000720._detailText,銀色の月が輝く丘に降臨 ルビィ TOP100
mst.title.4000721._name,銀色の月が輝く丘に降臨 歩夢 TOP100
mst.title.4000721._detailText,銀色の月が輝く丘に降臨 歩夢 TOP100
mst.title.4000722._name,銀色の月が輝く丘に降臨 かすみ TOP100
mst.title.4000722._detailText,銀色の月が輝く丘に降臨 かすみ TOP100
mst.title.4000723._name,銀色の月が輝く丘に降臨 しずく TOP100
mst.title.4000723._detailText,銀色の月が輝く丘に降臨 しずく TOP100
mst.title.4000724._name,銀色の月が輝く丘に降臨 果林 TOP100
mst.title.4000724._detailText,銀色の月が輝く丘に降臨 果林 TOP100
mst.title.4000725._name,銀色の月が輝く丘に降臨 愛 TOP100
mst.title.4000725._detailText,銀色の月が輝く丘に降臨 愛 TOP100
mst.title.4000726._name,銀色の月が輝く丘に降臨 彼方 TOP100
mst.title.4000726._detailText,銀色の月が輝く丘に降臨 彼方 TOP100
mst.title.4000727._name,銀色の月が輝く丘に降臨 せつ菜 TOP100
mst.title.4000727._detailText,銀色の月が輝く丘に降臨 せつ菜 TOP100
mst.title.4000728._name,銀色の月が輝く丘に降臨 エマ TOP100
mst.title.4000728._detailText,銀色の月が輝く丘に降臨 エマ TOP100
mst.title.4000729._name,銀色の月が輝く丘に降臨 璃奈 TOP100
mst.title.4000729._detailText,銀色の月が輝く丘に降臨 璃奈 TOP100
mst.title.4000730._name,銀色の月が輝く丘に降臨 栞子 TOP100
mst.title.4000730._detailText,銀色の月が輝く丘に降臨 栞子 TOP100
mst.title.4000731._name,銀色の月が輝く丘に降臨 ミア TOP100
mst.title.4000731._detailText,銀色の月が輝く丘に降臨 ミア TOP100
mst.title.4000732._name,銀色の月が輝く丘に降臨 嵐珠 TOP100
mst.title.4000732._detailText,銀色の月が輝く丘に降臨 嵐珠 TOP100
mst.title.4000733._name,銀色の月が輝く丘に降臨 かのん TOP100
mst.title.4000733._detailText,銀色の月が輝く丘に降臨 かのん TOP100
mst.title.4000734._name,銀色の月が輝く丘に降臨 可可 TOP100
mst.title.4000734._detailText,銀色の月が輝く丘に降臨 可可 TOP100
mst.title.4000735._name,銀色の月が輝く丘に降臨 千砂都 TOP100
mst.title.4000735._detailText,銀色の月が輝く丘に降臨 千砂都 TOP100
mst.title.4000736._name,銀色の月が輝く丘に降臨 すみれ TOP100
mst.title.4000736._detailText,銀色の月が輝く丘に降臨 すみれ TOP100
mst.title.4000737._name,銀色の月が輝く丘に降臨 恋 TOP100
mst.title.4000737._detailText,銀色の月が輝く丘に降臨 恋 TOP100
mst.title.4000738._name,銀色の月が輝く丘に降臨 きな子 TOP100
mst.title.4000738._detailText,銀色の月が輝く丘に降臨 きな子 TOP100
mst.title.4000739._name,銀色の月が輝く丘に降臨 メイ TOP100
mst.title.4000739._detailText,銀色の月が輝く丘に降臨 メイ TOP100
mst.title.4000740._name,銀色の月が輝く丘に降臨 四季 TOP100
mst.title.4000740._detailText,銀色の月が輝く丘に降臨 四季 TOP100
mst.title.4000741._name,銀色の月が輝く丘に降臨 夏美 TOP100
mst.title.4000741._detailText,銀色の月が輝く丘に降臨 夏美 TOP100
mst.title.4000742._name,銀色の月が輝く丘に降臨 穂乃果 TOP300
mst.title.4000742._detailText,銀色の月が輝く丘に降臨 穂乃果 TOP300
mst.title.4000743._name,銀色の月が輝く丘に降臨 絵里 TOP300
mst.title.4000743._detailText,銀色の月が輝く丘に降臨 絵里 TOP300
mst.title.4000744._name,銀色の月が輝く丘に降臨 ことり TOP300
mst.title.4000744._detailText,銀色の月が輝く丘に降臨 ことり TOP300
mst.title.4000745._name,銀色の月が輝く丘に降臨 海未 TOP300
mst.title.4000745._detailText,銀色の月が輝く丘に降臨 海未 TOP300
mst.title.4000746._name,銀色の月が輝く丘に降臨 凛 TOP300
mst.title.4000746._detailText,銀色の月が輝く丘に降臨 凛 TOP300
mst.title.4000747._name,銀色の月が輝く丘に降臨 真姫 TOP300
mst.title.4000747._detailText,銀色の月が輝く丘に降臨 真姫 TOP300
mst.title.4000748._name,銀色の月が輝く丘に降臨 希 TOP300
mst.title.4000748._detailText,銀色の月が輝く丘に降臨 希 TOP300
mst.title.4000749._name,銀色の月が輝く丘に降臨 花陽 TOP300
mst.title.4000749._detailText,銀色の月が輝く丘に降臨 花陽 TOP300
mst.title.4000750._name,銀色の月が輝く丘に降臨 にこ TOP300
mst.title.4000750._detailText,銀色の月が輝く丘に降臨 にこ TOP300
mst.title.4000751._name,銀色の月が輝く丘に降臨 千歌 TOP300
mst.title.4000751._detailText,銀色の月が輝く丘に降臨 千歌 TOP300
mst.title.4000752._name,銀色の月が輝く丘に降臨 梨子 TOP300
mst.title.4000752._detailText,銀色の月が輝く丘に降臨 梨子 TOP300
mst.title.4000753._name,銀色の月が輝く丘に降臨 果南 TOP300
mst.title.4000753._detailText,銀色の月が輝く丘に降臨 果南 TOP300
mst.title.4000754._name,銀色の月が輝く丘に降臨 ダイヤ TOP300
mst.title.4000754._detailText,銀色の月が輝く丘に降臨 ダイヤ TOP300
mst.title.4000755._name,銀色の月が輝く丘に降臨 曜 TOP300
mst.title.4000755._detailText,銀色の月が輝く丘に降臨 曜 TOP300
mst.title.4000756._name,銀色の月が輝く丘に降臨 善子 TOP300
mst.title.4000756._detailText,銀色の月が輝く丘に降臨 善子 TOP300
mst.title.4000757._name,銀色の月が輝く丘に降臨 花丸 TOP300
mst.title.4000757._detailText,銀色の月が輝く丘に降臨 花丸 TOP300
mst.title.4000758._name,銀色の月が輝く丘に降臨 鞠莉 TOP300
mst.title.4000758._detailText,銀色の月が輝く丘に降臨 鞠莉 TOP300
mst.title.4000759._name,銀色の月が輝く丘に降臨 ルビィ TOP300
mst.title.4000759._detailText,銀色の月が輝く丘に降臨 ルビィ TOP300
mst.title.4000760._name,銀色の月が輝く丘に降臨 歩夢 TOP300
mst.title.4000760._detailText,銀色の月が輝く丘に降臨 歩夢 TOP300
mst.title.4000761._name,銀色の月が輝く丘に降臨 かすみ TOP300
mst.title.4000761._detailText,銀色の月が輝く丘に降臨 かすみ TOP300
mst.title.4000762._name,銀色の月が輝く丘に降臨 しずく TOP300
mst.title.4000762._detailText,銀色の月が輝く丘に降臨 しずく TOP300
mst.title.4000763._name,銀色の月が輝く丘に降臨 果林 TOP300
mst.title.4000763._detailText,銀色の月が輝く丘に降臨 果林 TOP300
mst.title.4000764._name,銀色の月が輝く丘に降臨 愛 TOP300
mst.title.4000764._detailText,銀色の月が輝く丘に降臨 愛 TOP300
mst.title.4000765._name,銀色の月が輝く丘に降臨 彼方 TOP300
mst.title.4000765._detailText,銀色の月が輝く丘に降臨 彼方 TOP300
mst.title.4000766._name,銀色の月が輝く丘に降臨 せつ菜 TOP300
mst.title.4000766._detailText,銀色の月が輝く丘に降臨 せつ菜 TOP300
mst.title.4000767._name,銀色の月が輝く丘に降臨 エマ TOP300
mst.title.4000767._detailText,銀色の月が輝く丘に降臨 エマ TOP300
mst.title.4000768._name,銀色の月が輝く丘に降臨 璃奈 TOP300
mst.title.4000768._detailText,銀色の月が輝く丘に降臨 璃奈 TOP300
mst.title.4000769._name,銀色の月が輝く丘に降臨 栞子 TOP300
mst.title.4000769._detailText,銀色の月が輝く丘に降臨 栞子 TOP300
mst.title.4000770._name,銀色の月が輝く丘に降臨 ミア TOP300
mst.title.4000770._detailText,銀色の月が輝く丘に降臨 ミア TOP300
mst.title.4000771._name,銀色の月が輝く丘に降臨 嵐珠 TOP300
mst.title.4000771._detailText,銀色の月が輝く丘に降臨 嵐珠 TOP300
mst.title.4000772._name,銀色の月が輝く丘に降臨 かのん TOP300
mst.title.4000772._detailText,銀色の月が輝く丘に降臨 かのん TOP300
mst.title.4000773._name,銀色の月が輝く丘に降臨 可可 TOP300
mst.title.4000773._detailText,銀色の月が輝く丘に降臨 可可 TOP300
mst.title.4000774._name,銀色の月が輝く丘に降臨 千砂都 TOP300
mst.title.4000774._detailText,銀色の月が輝く丘に降臨 千砂都 TOP300
mst.title.4000775._name,銀色の月が輝く丘に降臨 すみれ TOP300
mst.title.4000775._detailText,銀色の月が輝く丘に降臨 すみれ TOP300
mst.title.4000776._name,銀色の月が輝く丘に降臨 恋 TOP300
mst.title.4000776._detailText,銀色の月が輝く丘に降臨 恋 TOP300
mst.title.4000777._name,銀色の月が輝く丘に降臨 きな子 TOP300
mst.title.4000777._detailText,銀色の月が輝く丘に降臨 きな子 TOP300
mst.title.4000778._name,銀色の月が輝く丘に降臨 メイ TOP300
mst.title.4000778._detailText,銀色の月が輝く丘に降臨 メイ TOP300
mst.title.4000779._name,銀色の月が輝く丘に降臨 四季 TOP300
mst.title.4000779._detailText,銀色の月が輝く丘に降臨 四季 TOP300
mst.title.4000780._name,銀色の月が輝く丘に降臨 夏美 TOP300
mst.title.4000780._detailText,銀色の月が輝く丘に降臨 夏美 TOP300
mst.title.4000781._name,銀色の月が輝く丘に降臨 穂乃果 TOP1000
mst.title.4000781._detailText,銀色の月が輝く丘に降臨 穂乃果 TOP1000
mst.title.4000782._name,銀色の月が輝く丘に降臨 絵里 TOP1000
mst.title.4000782._detailText,銀色の月が輝く丘に降臨 絵里 TOP1000
mst.title.4000783._name,銀色の月が輝く丘に降臨 ことり TOP1000
mst.title.4000783._detailText,銀色の月が輝く丘に降臨 ことり TOP1000
mst.title.4000784._name,銀色の月が輝く丘に降臨 海未 TOP1000
mst.title.4000784._detailText,銀色の月が輝く丘に降臨 海未 TOP1000
mst.title.4000785._name,銀色の月が輝く丘に降臨 凛 TOP1000
mst.title.4000785._detailText,銀色の月が輝く丘に降臨 凛 TOP1000
mst.title.4000786._name,銀色の月が輝く丘に降臨 真姫 TOP1000
mst.title.4000786._detailText,銀色の月が輝く丘に降臨 真姫 TOP1000
mst.title.4000787._name,銀色の月が輝く丘に降臨 希 TOP1000
mst.title.4000787._detailText,銀色の月が輝く丘に降臨 希 TOP1000
mst.title.4000788._name,銀色の月が輝く丘に降臨 花陽 TOP1000
mst.title.4000788._detailText,銀色の月が輝く丘に降臨 花陽 TOP1000
mst.title.4000789._name,銀色の月が輝く丘に降臨 にこ TOP1000
mst.title.4000789._detailText,銀色の月が輝く丘に降臨 にこ TOP1000
mst.title.4000790._name,銀色の月が輝く丘に降臨 千歌 TOP1000
mst.title.4000790._detailText,銀色の月が輝く丘に降臨 千歌 TOP1000
mst.title.4000791._name,銀色の月が輝く丘に降臨 梨子 TOP1000
mst.title.4000791._detailText,銀色の月が輝く丘に降臨 梨子 TOP1000
mst.title.4000792._name,銀色の月が輝く丘に降臨 果南 TOP1000
mst.title.4000792._detailText,銀色の月が輝く丘に降臨 果南 TOP1000
mst.title.4000793._name,銀色の月が輝く丘に降臨 ダイヤ TOP1000
mst.title.4000793._detailText,銀色の月が輝く丘に降臨 ダイヤ TOP1000
mst.title.4000794._name,銀色の月が輝く丘に降臨 曜 TOP1000
mst.title.4000794._detailText,銀色の月が輝く丘に降臨 曜 TOP1000
mst.title.4000795._name,銀色の月が輝く丘に降臨 善子 TOP1000
mst.title.4000795._detailText,銀色の月が輝く丘に降臨 善子 TOP1000
mst.title.4000796._name,銀色の月が輝く丘に降臨 花丸 TOP1000
mst.title.4000796._detailText,銀色の月が輝く丘に降臨 花丸 TOP1000
mst.title.4000797._name,銀色の月が輝く丘に降臨 鞠莉 TOP1000
mst.title.4000797._detailText,銀色の月が輝く丘に降臨 鞠莉 TOP1000
mst.title.4000798._name,銀色の月が輝く丘に降臨 ルビィ TOP1000
mst.title.4000798._detailText,銀色の月が輝く丘に降臨 ルビィ TOP1000
mst.title.4000799._name,銀色の月が輝く丘に降臨 歩夢 TOP1000
mst.title.4000799._detailText,銀色の月が輝く丘に降臨 歩夢 TOP1000
mst.title.4000800._name,銀色の月が輝く丘に降臨 かすみ TOP1000
mst.title.4000800._detailText,銀色の月が輝く丘に降臨 かすみ TOP1000
mst.title.4000801._name,銀色の月が輝く丘に降臨 しずく TOP1000
mst.title.4000801._detailText,銀色の月が輝く丘に降臨 しずく TOP1000
mst.title.4000802._name,銀色の月が輝く丘に降臨 果林 TOP1000
mst.title.4000802._detailText,銀色の月が輝く丘に降臨 果林 TOP1000
mst.title.4000803._name,銀色の月が輝く丘に降臨 愛 TOP1000
mst.title.4000803._detailText,銀色の月が輝く丘に降臨 愛 TOP1000
mst.title.4000804._name,銀色の月が輝く丘に降臨 彼方 TOP1000
mst.title.4000804._detailText,銀色の月が輝く丘に降臨 彼方 TOP1000
mst.title.4000805._name,銀色の月が輝く丘に降臨 せつ菜 TOP1000
mst.title.4000805._detailText,銀色の月が輝く丘に降臨 せつ菜 TOP1000
mst.title.4000806._name,銀色の月が輝く丘に降臨 エマ TOP1000
mst.title.4000806._detailText,銀色の月が輝く丘に降臨 エマ TOP1000
mst.title.4000807._name,銀色の月が輝く丘に降臨 璃奈 TOP1000
mst.title.4000807._detailText,銀色の月が輝く丘に降臨 璃奈 TOP1000
mst.title.4000808._name,銀色の月が輝く丘に降臨 栞子 TOP1000
mst.title.4000808._detailText,銀色の月が輝く丘に降臨 栞子 TOP1000
mst.title.4000809._name,銀色の月が輝く丘に降臨 ミア TOP1000
mst.title.4000809._detailText,銀色の月が輝く丘に降臨 ミア TOP1000
mst.title.4000810._name,銀色の月が輝く丘に降臨 嵐珠 TOP1000
mst.title.4000810._detailText,銀色の月が輝く丘に降臨 嵐珠 TOP1000
mst.title.4000811._name,銀色の月が輝く丘に降臨 かのん TOP1000
mst.title.4000811._detailText,銀色の月が輝く丘に降臨 かのん TOP1000
mst.title.4000812._name,銀色の月が輝く丘に降臨 可可 TOP1000
mst.title.4000812._detailText,銀色の月が輝く丘に降臨 可可 TOP1000
mst.title.4000813._name,銀色の月が輝く丘に降臨 千砂都 TOP1000
mst.title.4000813._detailText,銀色の月が輝く丘に降臨 千砂都 TOP1000
mst.title.4000814._name,銀色の月が輝く丘に降臨 すみれ TOP1000
mst.title.4000814._detailText,銀色の月が輝く丘に降臨 すみれ TOP1000
mst.title.4000815._name,銀色の月が輝く丘に降臨 恋 TOP1000
mst.title.4000815._detailText,銀色の月が輝く丘に降臨 恋 TOP1000
mst.title.4000816._name,銀色の月が輝く丘に降臨 きな子 TOP1000
mst.title.4000816._detailText,銀色の月が輝く丘に降臨 きな子 TOP1000
mst.title.4000817._name,銀色の月が輝く丘に降臨 メイ TOP1000
mst.title.4000817._detailText,銀色の月が輝く丘に降臨 メイ TOP1000
mst.title.4000818._name,銀色の月が輝く丘に降臨 四季 TOP1000
mst.title.4000818._detailText,銀色の月が輝く丘に降臨 四季 TOP1000
mst.title.4000819._name,銀色の月が輝く丘に降臨 夏美 TOP1000
mst.title.4000819._detailText,銀色の月が輝く丘に降臨 夏美 TOP1000
mst.title.4000820._name,何が飛び出す⁉Halloween 穂乃果 TOP100
mst.title.4000820._detailText,何が飛び出す⁉Halloween 穂乃果 TOP100
mst.title.4000821._name,何が飛び出す⁉Halloween 絵里 TOP100
mst.title.4000821._detailText,何が飛び出す⁉Halloween 絵里 TOP100
mst.title.4000822._name,何が飛び出す⁉Halloween ことり TOP100
mst.title.4000822._detailText,何が飛び出す⁉Halloween ことり TOP100
mst.title.4000823._name,何が飛び出す⁉Halloween 海未 TOP100
mst.title.4000823._detailText,何が飛び出す⁉Halloween 海未 TOP100
mst.title.4000824._name,何が飛び出す⁉Halloween 凛 TOP100
mst.title.4000824._detailText,何が飛び出す⁉Halloween 凛 TOP100
mst.title.4000825._name,何が飛び出す⁉Halloween 真姫 TOP100
mst.title.4000825._detailText,何が飛び出す⁉Halloween 真姫 TOP100
mst.title.4000826._name,何が飛び出す⁉Halloween 希 TOP100
mst.title.4000826._detailText,何が飛び出す⁉Halloween 希 TOP100
mst.title.4000827._name,何が飛び出す⁉Halloween 花陽 TOP100
mst.title.4000827._detailText,何が飛び出す⁉Halloween 花陽 TOP100
mst.title.4000828._name,何が飛び出す⁉Halloween にこ TOP100
mst.title.4000828._detailText,何が飛び出す⁉Halloween にこ TOP100
mst.title.4000829._name,何が飛び出す⁉Halloween 千歌 TOP100
mst.title.4000829._detailText,何が飛び出す⁉Halloween 千歌 TOP100
mst.title.4000830._name,何が飛び出す⁉Halloween 梨子 TOP100
mst.title.4000830._detailText,何が飛び出す⁉Halloween 梨子 TOP100
mst.title.4000831._name,何が飛び出す⁉Halloween 果南 TOP100
mst.title.4000831._detailText,何が飛び出す⁉Halloween 果南 TOP100
mst.title.4000832._name,何が飛び出す⁉Halloween ダイヤ TOP100
mst.title.4000832._detailText,何が飛び出す⁉Halloween ダイヤ TOP100
mst.title.4000833._name,何が飛び出す⁉Halloween 曜 TOP100
mst.title.4000833._detailText,何が飛び出す⁉Halloween 曜 TOP100
mst.title.4000834._name,何が飛び出す⁉Halloween 善子 TOP100
mst.title.4000834._detailText,何が飛び出す⁉Halloween 善子 TOP100
mst.title.4000835._name,何が飛び出す⁉Halloween 花丸 TOP100
mst.title.4000835._detailText,何が飛び出す⁉Halloween 花丸 TOP100
mst.title.4000836._name,何が飛び出す⁉Halloween 鞠莉 TOP100
mst.title.4000836._detailText,何が飛び出す⁉Halloween 鞠莉 TOP100
mst.title.4000837._name,何が飛び出す⁉Halloween ルビィ TOP100
mst.title.4000837._detailText,何が飛び出す⁉Halloween ルビィ TOP100
mst.title.4000838._name,何が飛び出す⁉Halloween 歩夢 TOP100
mst.title.4000838._detailText,何が飛び出す⁉Halloween 歩夢 TOP100
mst.title.4000839._name,何が飛び出す⁉Halloween かすみ TOP100
mst.title.4000839._detailText,何が飛び出す⁉Halloween かすみ TOP100
mst.title.4000840._name,何が飛び出す⁉Halloween しずく TOP100
mst.title.4000840._detailText,何が飛び出す⁉Halloween しずく TOP100
mst.title.4000841._name,何が飛び出す⁉Halloween 果林 TOP100
mst.title.4000841._detailText,何が飛び出す⁉Halloween 果林 TOP100
mst.title.4000842._name,何が飛び出す⁉Halloween 愛 TOP100
mst.title.4000842._detailText,何が飛び出す⁉Halloween 愛 TOP100
mst.title.4000843._name,何が飛び出す⁉Halloween 彼方 TOP100
mst.title.4000843._detailText,何が飛び出す⁉Halloween 彼方 TOP100
mst.title.4000844._name,何が飛び出す⁉Halloween せつ菜 TOP100
mst.title.4000844._detailText,何が飛び出す⁉Halloween せつ菜 TOP100
mst.title.4000845._name,何が飛び出す⁉Halloween エマ TOP100
mst.title.4000845._detailText,何が飛び出す⁉Halloween エマ TOP100
mst.title.4000846._name,何が飛び出す⁉Halloween 璃奈 TOP100
mst.title.4000846._detailText,何が飛び出す⁉Halloween 璃奈 TOP100
mst.title.4000847._name,何が飛び出す⁉Halloween 栞子 TOP100
mst.title.4000847._detailText,何が飛び出す⁉Halloween 栞子 TOP100
mst.title.4000848._name,何が飛び出す⁉Halloween ミア TOP100
mst.title.4000848._detailText,何が飛び出す⁉Halloween ミア TOP100
mst.title.4000849._name,何が飛び出す⁉Halloween 嵐珠 TOP100
mst.title.4000849._detailText,何が飛び出す⁉Halloween 嵐珠 TOP100
mst.title.4000850._name,何が飛び出す⁉Halloween かのん TOP100
mst.title.4000850._detailText,何が飛び出す⁉Halloween かのん TOP100
mst.title.4000851._name,何が飛び出す⁉Halloween 可可 TOP100
mst.title.4000851._detailText,何が飛び出す⁉Halloween 可可 TOP100
mst.title.4000852._name,何が飛び出す⁉Halloween 千砂都 TOP100
mst.title.4000852._detailText,何が飛び出す⁉Halloween 千砂都 TOP100
mst.title.4000853._name,何が飛び出す⁉Halloween すみれ TOP100
mst.title.4000853._detailText,何が飛び出す⁉Halloween すみれ TOP100
mst.title.4000854._name,何が飛び出す⁉Halloween 恋 TOP100
mst.title.4000854._detailText,何が飛び出す⁉Halloween 恋 TOP100
mst.title.4000855._name,何が飛び出す⁉Halloween きな子 TOP100
mst.title.4000855._detailText,何が飛び出す⁉Halloween きな子 TOP100
mst.title.4000856._name,何が飛び出す⁉Halloween メイ TOP100
mst.title.4000856._detailText,何が飛び出す⁉Halloween メイ TOP100
mst.title.4000857._name,何が飛び出す⁉Halloween 四季 TOP100
mst.title.4000857._detailText,何が飛び出す⁉Halloween 四季 TOP100
mst.title.4000858._name,何が飛び出す⁉Halloween 夏美 TOP100
mst.title.4000858._detailText,何が飛び出す⁉Halloween 夏美 TOP100
mst.title.4000859._name,何が飛び出す⁉Halloween 穂乃果 TOP300
mst.title.4000859._detailText,何が飛び出す⁉Halloween 穂乃果 TOP300
mst.title.4000860._name,何が飛び出す⁉Halloween 絵里 TOP300
mst.title.4000860._detailText,何が飛び出す⁉Halloween 絵里 TOP300
mst.title.4000861._name,何が飛び出す⁉Halloween ことり TOP300
mst.title.4000861._detailText,何が飛び出す⁉Halloween ことり TOP300
mst.title.4000862._name,何が飛び出す⁉Halloween 海未 TOP300
mst.title.4000862._detailText,何が飛び出す⁉Halloween 海未 TOP300
mst.title.4000863._name,何が飛び出す⁉Halloween 凛 TOP300
mst.title.4000863._detailText,何が飛び出す⁉Halloween 凛 TOP300
mst.title.4000864._name,何が飛び出す⁉Halloween 真姫 TOP300
mst.title.4000864._detailText,何が飛び出す⁉Halloween 真姫 TOP300
mst.title.4000865._name,何が飛び出す⁉Halloween 希 TOP300
mst.title.4000865._detailText,何が飛び出す⁉Halloween 希 TOP300
mst.title.4000866._name,何が飛び出す⁉Halloween 花陽 TOP300
mst.title.4000866._detailText,何が飛び出す⁉Halloween 花陽 TOP300
mst.title.4000867._name,何が飛び出す⁉Halloween にこ TOP300
mst.title.4000867._detailText,何が飛び出す⁉Halloween にこ TOP300
mst.title.4000868._name,何が飛び出す⁉Halloween 千歌 TOP300
mst.title.4000868._detailText,何が飛び出す⁉Halloween 千歌 TOP300
mst.title.4000869._name,何が飛び出す⁉Halloween 梨子 TOP300
mst.title.4000869._detailText,何が飛び出す⁉Halloween 梨子 TOP300
mst.title.4000870._name,何が飛び出す⁉Halloween 果南 TOP300
mst.title.4000870._detailText,何が飛び出す⁉Halloween 果南 TOP300
mst.title.4000871._name,何が飛び出す⁉Halloween ダイヤ TOP300
mst.title.4000871._detailText,何が飛び出す⁉Halloween ダイヤ TOP300
mst.title.4000872._name,何が飛び出す⁉Halloween 曜 TOP300
mst.title.4000872._detailText,何が飛び出す⁉Halloween 曜 TOP300
mst.title.4000873._name,何が飛び出す⁉Halloween 善子 TOP300
mst.title.4000873._detailText,何が飛び出す⁉Halloween 善子 TOP300
mst.title.4000874._name,何が飛び出す⁉Halloween 花丸 TOP300
mst.title.4000874._detailText,何が飛び出す⁉Halloween 花丸 TOP300
mst.title.4000875._name,何が飛び出す⁉Halloween 鞠莉 TOP300
mst.title.4000875._detailText,何が飛び出す⁉Halloween 鞠莉 TOP300
mst.title.4000876._name,何が飛び出す⁉Halloween ルビィ TOP300
mst.title.4000876._detailText,何が飛び出す⁉Halloween ルビィ TOP300
mst.title.4000877._name,何が飛び出す⁉Halloween 歩夢 TOP300
mst.title.4000877._detailText,何が飛び出す⁉Halloween 歩夢 TOP300
mst.title.4000878._name,何が飛び出す⁉Halloween かすみ TOP300
mst.title.4000878._detailText,何が飛び出す⁉Halloween かすみ TOP300
mst.title.4000879._name,何が飛び出す⁉Halloween しずく TOP300
mst.title.4000879._detailText,何が飛び出す⁉Halloween しずく TOP300
mst.title.4000880._name,何が飛び出す⁉Halloween 果林 TOP300
mst.title.4000880._detailText,何が飛び出す⁉Halloween 果林 TOP300
mst.title.4000881._name,何が飛び出す⁉Halloween 愛 TOP300
mst.title.4000881._detailText,何が飛び出す⁉Halloween 愛 TOP300
mst.title.4000882._name,何が飛び出す⁉Halloween 彼方 TOP300
mst.title.4000882._detailText,何が飛び出す⁉Halloween 彼方 TOP300
mst.title.4000883._name,何が飛び出す⁉Halloween せつ菜 TOP300
mst.title.4000883._detailText,何が飛び出す⁉Halloween せつ菜 TOP300
mst.title.4000884._name,何が飛び出す⁉Halloween エマ TOP300
mst.title.4000884._detailText,何が飛び出す⁉Halloween エマ TOP300
mst.title.4000885._name,何が飛び出す⁉Halloween 璃奈 TOP300
mst.title.4000885._detailText,何が飛び出す⁉Halloween 璃奈 TOP300
mst.title.4000886._name,何が飛び出す⁉Halloween 栞子 TOP300
mst.title.4000886._detailText,何が飛び出す⁉Halloween 栞子 TOP300
mst.title.4000887._name,何が飛び出す⁉Halloween ミア TOP300
mst.title.4000887._detailText,何が飛び出す⁉Halloween ミア TOP300
mst.title.4000888._name,何が飛び出す⁉Halloween 嵐珠 TOP300
mst.title.4000888._detailText,何が飛び出す⁉Halloween 嵐珠 TOP300
mst.title.4000889._name,何が飛び出す⁉Halloween かのん TOP300
mst.title.4000889._detailText,何が飛び出す⁉Halloween かのん TOP300
mst.title.4000890._name,何が飛び出す⁉Halloween 可可 TOP300
mst.title.4000890._detailText,何が飛び出す⁉Halloween 可可 TOP300
mst.title.4000891._name,何が飛び出す⁉Halloween 千砂都 TOP300
mst.title.4000891._detailText,何が飛び出す⁉Halloween 千砂都 TOP300
mst.title.4000892._name,何が飛び出す⁉Halloween すみれ TOP300
mst.title.4000892._detailText,何が飛び出す⁉Halloween すみれ TOP300
mst.title.4000893._name,何が飛び出す⁉Halloween 恋 TOP300
mst.title.4000893._detailText,何が飛び出す⁉Halloween 恋 TOP300
mst.title.4000894._name,何が飛び出す⁉Halloween きな子 TOP300
mst.title.4000894._detailText,何が飛び出す⁉Halloween きな子 TOP300
mst.title.4000895._name,何が飛び出す⁉Halloween メイ TOP300
mst.title.4000895._detailText,何が飛び出す⁉Halloween メイ TOP300
mst.title.4000896._name,何が飛び出す⁉Halloween 四季 TOP300
mst.title.4000896._detailText,何が飛び出す⁉Halloween 四季 TOP300
mst.title.4000897._name,何が飛び出す⁉Halloween 夏美 TOP300
mst.title.4000897._detailText,何が飛び出す⁉Halloween 夏美 TOP300
mst.title.4000898._name,何が飛び出す⁉Halloween 穂乃果 TOP1000
mst.title.4000898._detailText,何が飛び出す⁉Halloween 穂乃果 TOP1000
mst.title.4000899._name,何が飛び出す⁉Halloween 絵里 TOP1000
mst.title.4000899._detailText,何が飛び出す⁉Halloween 絵里 TOP1000
mst.title.4000900._name,何が飛び出す⁉Halloween ことり TOP1000
mst.title.4000900._detailText,何が飛び出す⁉Halloween ことり TOP1000
mst.title.4000901._name,何が飛び出す⁉Halloween 海未 TOP1000
mst.title.4000901._detailText,何が飛び出す⁉Halloween 海未 TOP1000
mst.title.4000902._name,何が飛び出す⁉Halloween 凛 TOP1000
mst.title.4000902._detailText,何が飛び出す⁉Halloween 凛 TOP1000
mst.title.4000903._name,何が飛び出す⁉Halloween 真姫 TOP1000
mst.title.4000903._detailText,何が飛び出す⁉Halloween 真姫 TOP1000
mst.title.4000904._name,何が飛び出す⁉Halloween 希 TOP1000
mst.title.4000904._detailText,何が飛び出す⁉Halloween 希 TOP1000
mst.title.4000905._name,何が飛び出す⁉Halloween 花陽 TOP1000
mst.title.4000905._detailText,何が飛び出す⁉Halloween 花陽 TOP1000
mst.title.4000906._name,何が飛び出す⁉Halloween にこ TOP1000
mst.title.4000906._detailText,何が飛び出す⁉Halloween にこ TOP1000
mst.title.4000907._name,何が飛び出す⁉Halloween 千歌 TOP1000
mst.title.4000907._detailText,何が飛び出す⁉Halloween 千歌 TOP1000
mst.title.4000908._name,何が飛び出す⁉Halloween 梨子 TOP1000
mst.title.4000908._detailText,何が飛び出す⁉Halloween 梨子 TOP1000
mst.title.4000909._name,何が飛び出す⁉Halloween 果南 TOP1000
mst.title.4000909._detailText,何が飛び出す⁉Halloween 果南 TOP1000
mst.title.4000910._name,何が飛び出す⁉Halloween ダイヤ TOP1000
mst.title.4000910._detailText,何が飛び出す⁉Halloween ダイヤ TOP1000
mst.title.4000911._name,何が飛び出す⁉Halloween 曜 TOP1000
mst.title.4000911._detailText,何が飛び出す⁉Halloween 曜 TOP1000
mst.title.4000912._name,何が飛び出す⁉Halloween 善子 TOP1000
mst.title.4000912._detailText,何が飛び出す⁉Halloween 善子 TOP1000
mst.title.4000913._name,何が飛び出す⁉Halloween 花丸 TOP1000
mst.title.4000913._detailText,何が飛び出す⁉Halloween 花丸 TOP1000
mst.title.4000914._name,何が飛び出す⁉Halloween 鞠莉 TOP1000
mst.title.4000914._detailText,何が飛び出す⁉Halloween 鞠莉 TOP1000
mst.title.4000915._name,何が飛び出す⁉Halloween ルビィ TOP1000
mst.title.4000915._detailText,何が飛び出す⁉Halloween ルビィ TOP1000
mst.title.4000916._name,何が飛び出す⁉Halloween 歩夢 TOP1000
mst.title.4000916._detailText,何が飛び出す⁉Halloween 歩夢 TOP1000
mst.title.4000917._name,何が飛び出す⁉Halloween かすみ TOP1000
mst.title.4000917._detailText,何が飛び出す⁉Halloween かすみ TOP1000
mst.title.4000918._name,何が飛び出す⁉Halloween しずく TOP1000
mst.title.4000918._detailText,何が飛び出す⁉Halloween しずく TOP1000
mst.title.4000919._name,何が飛び出す⁉Halloween 果林 TOP1000
mst.title.4000919._detailText,何が飛び出す⁉Halloween 果林 TOP1000
mst.title.4000920._name,何が飛び出す⁉Halloween 愛 TOP1000
mst.title.4000920._detailText,何が飛び出す⁉Halloween 愛 TOP1000
mst.title.4000921._name,何が飛び出す⁉Halloween 彼方 TOP1000
mst.title.4000921._detailText,何が飛び出す⁉Halloween 彼方 TOP1000
mst.title.4000922._name,何が飛び出す⁉Halloween せつ菜 TOP1000
mst.title.4000922._detailText,何が飛び出す⁉Halloween せつ菜 TOP1000
mst.title.4000923._name,何が飛び出す⁉Halloween エマ TOP1000
mst.title.4000923._detailText,何が飛び出す⁉Halloween エマ TOP1000
mst.title.4000924._name,何が飛び出す⁉Halloween 璃奈 TOP1000
mst.title.4000924._detailText,何が飛び出す⁉Halloween 璃奈 TOP1000
mst.title.4000925._name,何が飛び出す⁉Halloween 栞子 TOP1000
mst.title.4000925._detailText,何が飛び出す⁉Halloween 栞子 TOP1000
mst.title.4000926._name,何が飛び出す⁉Halloween ミア TOP1000
mst.title.4000926._detailText,何が飛び出す⁉Halloween ミア TOP1000
mst.title.4000927._name,何が飛び出す⁉Halloween 嵐珠 TOP1000
mst.title.4000927._detailText,何が飛び出す⁉Halloween 嵐珠 TOP1000
mst.title.4000928._name,何が飛び出す⁉Halloween かのん TOP1000
mst.title.4000928._detailText,何が飛び出す⁉Halloween かのん TOP1000
mst.title.4000929._name,何が飛び出す⁉Halloween 可可 TOP1000
mst.title.4000929._detailText,何が飛び出す⁉Halloween 可可 TOP1000
mst.title.4000930._name,何が飛び出す⁉Halloween 千砂都 TOP1000
mst.title.4000930._detailText,何が飛び出す⁉Halloween 千砂都 TOP1000
mst.title.4000931._name,何が飛び出す⁉Halloween すみれ TOP1000
mst.title.4000931._detailText,何が飛び出す⁉Halloween すみれ TOP1000
mst.title.4000932._name,何が飛び出す⁉Halloween 恋 TOP1000
mst.title.4000932._detailText,何が飛び出す⁉Halloween 恋 TOP1000
mst.title.4000933._name,何が飛び出す⁉Halloween きな子 TOP1000
mst.title.4000933._detailText,何が飛び出す⁉Halloween きな子 TOP1000
mst.title.4000934._name,何が飛び出す⁉Halloween メイ TOP1000
mst.title.4000934._detailText,何が飛び出す⁉Halloween メイ TOP1000
mst.title.4000935._name,何が飛び出す⁉Halloween 四季 TOP1000
mst.title.4000935._detailText,何が飛び出す⁉Halloween 四季 TOP1000
mst.title.4000936._name,何が飛び出す⁉Halloween 夏美 TOP1000
mst.title.4000936._detailText,何が飛び出す⁉Halloween 夏美 TOP1000
mst.title.4000937._name,ハーフアニバーサリー 穂乃果 TOP1
mst.title.4000937._detailText,ハーフアニバーサリー 穂乃果 TOP1
mst.title.4000938._name,ハーフアニバーサリー 絵里 TOP1
mst.title.4000938._detailText,ハーフアニバーサリー 絵里 TOP1
mst.title.4000939._name,ハーフアニバーサリー ことり TOP1
mst.title.4000939._detailText,ハーフアニバーサリー ことり TOP1
mst.title.4000940._name,ハーフアニバーサリー 海未 TOP1
mst.title.4000940._detailText,ハーフアニバーサリー 海未 TOP1
mst.title.4000941._name,ハーフアニバーサリー 凛 TOP1
mst.title.4000941._detailText,ハーフアニバーサリー 凛 TOP1
mst.title.4000942._name,ハーフアニバーサリー 真姫 TOP1
mst.title.4000942._detailText,ハーフアニバーサリー 真姫 TOP1
mst.title.4000943._name,ハーフアニバーサリー 希 TOP1
mst.title.4000943._detailText,ハーフアニバーサリー 希 TOP1
mst.title.4000944._name,ハーフアニバーサリー 花陽 TOP1
mst.title.4000944._detailText,ハーフアニバーサリー 花陽 TOP1
mst.title.4000945._name,ハーフアニバーサリー にこ TOP1
mst.title.4000945._detailText,ハーフアニバーサリー にこ TOP1
mst.title.4000946._name,ハーフアニバーサリー 千歌 TOP1
mst.title.4000946._detailText,ハーフアニバーサリー 千歌 TOP1
mst.title.4000947._name,ハーフアニバーサリー 梨子 TOP1
mst.title.4000947._detailText,ハーフアニバーサリー 梨子 TOP1
mst.title.4000948._name,ハーフアニバーサリー 果南 TOP1
mst.title.4000948._detailText,ハーフアニバーサリー 果南 TOP1
mst.title.4000949._name,ハーフアニバーサリー ダイヤ TOP1
mst.title.4000949._detailText,ハーフアニバーサリー ダイヤ TOP1
mst.title.4000950._name,ハーフアニバーサリー 曜 TOP1
mst.title.4000950._detailText,ハーフアニバーサリー 曜 TOP1
mst.title.4000951._name,ハーフアニバーサリー 善子 TOP1
mst.title.4000951._detailText,ハーフアニバーサリー 善子 TOP1
mst.title.4000952._name,ハーフアニバーサリー 花丸 TOP1
mst.title.4000952._detailText,ハーフアニバーサリー 花丸 TOP1
mst.title.4000953._name,ハーフアニバーサリー 鞠莉 TOP1
mst.title.4000953._detailText,ハーフアニバーサリー 鞠莉 TOP1
mst.title.4000954._name,ハーフアニバーサリー ルビィ TOP1
mst.title.4000954._detailText,ハーフアニバーサリー ルビィ TOP1
mst.title.4000955._name,ハーフアニバーサリー 歩夢 TOP1
mst.title.4000955._detailText,ハーフアニバーサリー 歩夢 TOP1
mst.title.4000956._name,ハーフアニバーサリー かすみ TOP1
mst.title.4000956._detailText,ハーフアニバーサリー かすみ TOP1
mst.title.4000957._name,ハーフアニバーサリー しずく TOP1
mst.title.4000957._detailText,ハーフアニバーサリー しずく TOP1
mst.title.4000958._name,ハーフアニバーサリー 果林 TOP1
mst.title.4000958._detailText,ハーフアニバーサリー 果林 TOP1
mst.title.4000959._name,ハーフアニバーサリー 愛 TOP1
mst.title.4000959._detailText,ハーフアニバーサリー 愛 TOP1
mst.title.4000960._name,ハーフアニバーサリー 彼方 TOP1
mst.title.4000960._detailText,ハーフアニバーサリー 彼方 TOP1
mst.title.4000961._name,ハーフアニバーサリー せつ菜 TOP1
mst.title.4000961._detailText,ハーフアニバーサリー せつ菜 TOP1
mst.title.4000962._name,ハーフアニバーサリー エマ TOP1
mst.title.4000962._detailText,ハーフアニバーサリー エマ TOP1
mst.title.4000963._name,ハーフアニバーサリー 璃奈 TOP1
mst.title.4000963._detailText,ハーフアニバーサリー 璃奈 TOP1
mst.title.4000964._name,ハーフアニバーサリー 栞子 TOP1
mst.title.4000964._detailText,ハーフアニバーサリー 栞子 TOP1
mst.title.4000965._name,ハーフアニバーサリー ミア TOP1
mst.title.4000965._detailText,ハーフアニバーサリー ミア TOP1
mst.title.4000966._name,ハーフアニバーサリー 嵐珠 TOP1
mst.title.4000966._detailText,ハーフアニバーサリー 嵐珠 TOP1
mst.title.4000967._name,ハーフアニバーサリー かのん TOP1
mst.title.4000967._detailText,ハーフアニバーサリー かのん TOP1
mst.title.4000968._name,ハーフアニバーサリー 可可 TOP1
mst.title.4000968._detailText,ハーフアニバーサリー 可可 TOP1
mst.title.4000969._name,ハーフアニバーサリー 千砂都 TOP1
mst.title.4000969._detailText,ハーフアニバーサリー 千砂都 TOP1
mst.title.4000970._name,ハーフアニバーサリー すみれ TOP1
mst.title.4000970._detailText,ハーフアニバーサリー すみれ TOP1
mst.title.4000971._name,ハーフアニバーサリー 恋 TOP1
mst.title.4000971._detailText,ハーフアニバーサリー 恋 TOP1
mst.title.4000972._name,ハーフアニバーサリー きな子 TOP1
mst.title.4000972._detailText,ハーフアニバーサリー きな子 TOP1
mst.title.4000973._name,ハーフアニバーサリー メイ TOP1
mst.title.4000973._detailText,ハーフアニバーサリー メイ TOP1
mst.title.4000974._name,ハーフアニバーサリー 四季 TOP1
mst.title.4000974._detailText,ハーフアニバーサリー 四季 TOP1
mst.title.4000975._name,ハーフアニバーサリー 夏美 TOP1
mst.title.4000975._detailText,ハーフアニバーサリー 夏美 TOP1
mst.title.4000976._name,ハーフアニバーサリー 穂乃果 TOP2
mst.title.4000976._detailText,ハーフアニバーサリー 穂乃果 TOP2
mst.title.4000977._name,ハーフアニバーサリー 絵里 TOP2
mst.title.4000977._detailText,ハーフアニバーサリー 絵里 TOP2
mst.title.4000978._name,ハーフアニバーサリー ことり TOP2
mst.title.4000978._detailText,ハーフアニバーサリー ことり TOP2
mst.title.4000979._name,ハーフアニバーサリー 海未 TOP2
mst.title.4000979._detailText,ハーフアニバーサリー 海未 TOP2
mst.title.4000980._name,ハーフアニバーサリー 凛 TOP2
mst.title.4000980._detailText,ハーフアニバーサリー 凛 TOP2
mst.title.4000981._name,ハーフアニバーサリー 真姫 TOP2
mst.title.4000981._detailText,ハーフアニバーサリー 真姫 TOP2
mst.title.4000982._name,ハーフアニバーサリー 希 TOP2
mst.title.4000982._detailText,ハーフアニバーサリー 希 TOP2
mst.title.4000983._name,ハーフアニバーサリー 花陽 TOP2
mst.title.4000983._detailText,ハーフアニバーサリー 花陽 TOP2
mst.title.4000984._name,ハーフアニバーサリー にこ TOP2
mst.title.4000984._detailText,ハーフアニバーサリー にこ TOP2
mst.title.4000985._name,ハーフアニバーサリー 千歌 TOP2
mst.title.4000985._detailText,ハーフアニバーサリー 千歌 TOP2
mst.title.4000986._name,ハーフアニバーサリー 梨子 TOP2
mst.title.4000986._detailText,ハーフアニバーサリー 梨子 TOP2
mst.title.4000987._name,ハーフアニバーサリー 果南 TOP2
mst.title.4000987._detailText,ハーフアニバーサリー 果南 TOP2
mst.title.4000988._name,ハーフアニバーサリー ダイヤ TOP2
mst.title.4000988._detailText,ハーフアニバーサリー ダイヤ TOP2
mst.title.4000989._name,ハーフアニバーサリー 曜 TOP2
mst.title.4000989._detailText,ハーフアニバーサリー 曜 TOP2
mst.title.4000990._name,ハーフアニバーサリー 善子 TOP2
mst.title.4000990._detailText,ハーフアニバーサリー 善子 TOP2
mst.title.4000991._name,ハーフアニバーサリー 花丸 TOP2
mst.title.4000991._detailText,ハーフアニバーサリー 花丸 TOP2
mst.title.4000992._name,ハーフアニバーサリー 鞠莉 TOP2
mst.title.4000992._detailText,ハーフアニバーサリー 鞠莉 TOP2
mst.title.4000993._name,ハーフアニバーサリー ルビィ TOP2
mst.title.4000993._detailText,ハーフアニバーサリー ルビィ TOP2
mst.title.4000994._name,ハーフアニバーサリー 歩夢 TOP2
mst.title.4000994._detailText,ハーフアニバーサリー 歩夢 TOP2
mst.title.4000995._name,ハーフアニバーサリー かすみ TOP2
mst.title.4000995._detailText,ハーフアニバーサリー かすみ TOP2
mst.title.4000996._name,ハーフアニバーサリー しずく TOP2
mst.title.4000996._detailText,ハーフアニバーサリー しずく TOP2
mst.title.4000997._name,ハーフアニバーサリー 果林 TOP2
mst.title.4000997._detailText,ハーフアニバーサリー 果林 TOP2
mst.title.4000998._name,ハーフアニバーサリー 愛 TOP2
mst.title.4000998._detailText,ハーフアニバーサリー 愛 TOP2
mst.title.4000999._name,ハーフアニバーサリー 彼方 TOP2
mst.title.4000999._detailText,ハーフアニバーサリー 彼方 TOP2
mst.title.4001000._name,ハーフアニバーサリー せつ菜 TOP2
mst.title.4001000._detailText,ハーフアニバーサリー せつ菜 TOP2
mst.title.4001001._name,ハーフアニバーサリー エマ TOP2
mst.title.4001001._detailText,ハーフアニバーサリー エマ TOP2
mst.title.4001002._name,ハーフアニバーサリー 璃奈 TOP2
mst.title.4001002._detailText,ハーフアニバーサリー 璃奈 TOP2
mst.title.4001003._name,ハーフアニバーサリー 栞子 TOP2
mst.title.4001003._detailText,ハーフアニバーサリー 栞子 TOP2
mst.title.4001004._name,ハーフアニバーサリー ミア TOP2
mst.title.4001004._detailText,ハーフアニバーサリー ミア TOP2
mst.title.4001005._name,ハーフアニバーサリー 嵐珠 TOP2
mst.title.4001005._detailText,ハーフアニバーサリー 嵐珠 TOP2
mst.title.4001006._name,ハーフアニバーサリー かのん TOP2
mst.title.4001006._detailText,ハーフアニバーサリー かのん TOP2
mst.title.4001007._name,ハーフアニバーサリー 可可 TOP2
mst.title.4001007._detailText,ハーフアニバーサリー 可可 TOP2
mst.title.4001008._name,ハーフアニバーサリー 千砂都 TOP2
mst.title.4001008._detailText,ハーフアニバーサリー 千砂都 TOP2
mst.title.4001009._name,ハーフアニバーサリー すみれ TOP2
mst.title.4001009._detailText,ハーフアニバーサリー すみれ TOP2
mst.title.4001010._name,ハーフアニバーサリー 恋 TOP2
mst.title.4001010._detailText,ハーフアニバーサリー 恋 TOP2
mst.title.4001011._name,ハーフアニバーサリー きな子 TOP2
mst.title.4001011._detailText,ハーフアニバーサリー きな子 TOP2
mst.title.4001012._name,ハーフアニバーサリー メイ TOP2
mst.title.4001012._detailText,ハーフアニバーサリー メイ TOP2
mst.title.4001013._name,ハーフアニバーサリー 四季 TOP2
mst.title.4001013._detailText,ハーフアニバーサリー 四季 TOP2
mst.title.4001014._name,ハーフアニバーサリー 夏美 TOP2
mst.title.4001014._detailText,ハーフアニバーサリー 夏美 TOP2
mst.title.4001015._name,ハーフアニバーサリー 穂乃果 TOP3
mst.title.4001015._detailText,ハーフアニバーサリー 穂乃果 TOP3
mst.title.4001016._name,ハーフアニバーサリー 絵里 TOP3
mst.title.4001016._detailText,ハーフアニバーサリー 絵里 TOP3
mst.title.4001017._name,ハーフアニバーサリー ことり TOP3
mst.title.4001017._detailText,ハーフアニバーサリー ことり TOP3
mst.title.4001018._name,ハーフアニバーサリー 海未 TOP3
mst.title.4001018._detailText,ハーフアニバーサリー 海未 TOP3
mst.title.4001019._name,ハーフアニバーサリー 凛 TOP3
mst.title.4001019._detailText,ハーフアニバーサリー 凛 TOP3
mst.title.4001020._name,ハーフアニバーサリー 真姫 TOP3
mst.title.4001020._detailText,ハーフアニバーサリー 真姫 TOP3
mst.title.4001021._name,ハーフアニバーサリー 希 TOP3
mst.title.4001021._detailText,ハーフアニバーサリー 希 TOP3
mst.title.4001022._name,ハーフアニバーサリー 花陽 TOP3
mst.title.4001022._detailText,ハーフアニバーサリー 花陽 TOP3
mst.title.4001023._name,ハーフアニバーサリー にこ TOP3
mst.title.4001023._detailText,ハーフアニバーサリー にこ TOP3
mst.title.4001024._name,ハーフアニバーサリー 千歌 TOP3
mst.title.4001024._detailText,ハーフアニバーサリー 千歌 TOP3
mst.title.4001025._name,ハーフアニバーサリー 梨子 TOP3
mst.title.4001025._detailText,ハーフアニバーサリー 梨子 TOP3
mst.title.4001026._name,ハーフアニバーサリー 果南 TOP3
mst.title.4001026._detailText,ハーフアニバーサリー 果南 TOP3
mst.title.4001027._name,ハーフアニバーサリー ダイヤ TOP3
mst.title.4001027._detailText,ハーフアニバーサリー ダイヤ TOP3
mst.title.4001028._name,ハーフアニバーサリー 曜 TOP3
mst.title.4001028._detailText,ハーフアニバーサリー 曜 TOP3
mst.title.4001029._name,ハーフアニバーサリー 善子 TOP3
mst.title.4001029._detailText,ハーフアニバーサリー 善子 TOP3
mst.title.4001030._name,ハーフアニバーサリー 花丸 TOP3
mst.title.4001030._detailText,ハーフアニバーサリー 花丸 TOP3
mst.title.4001031._name,ハーフアニバーサリー 鞠莉 TOP3
mst.title.4001031._detailText,ハーフアニバーサリー 鞠莉 TOP3
mst.title.4001032._name,ハーフアニバーサリー ルビィ TOP3
mst.title.4001032._detailText,ハーフアニバーサリー ルビィ TOP3
mst.title.4001033._name,ハーフアニバーサリー 歩夢 TOP3
mst.title.4001033._detailText,ハーフアニバーサリー 歩夢 TOP3
mst.title.4001034._name,ハーフアニバーサリー かすみ TOP3
mst.title.4001034._detailText,ハーフアニバーサリー かすみ TOP3
mst.title.4001035._name,ハーフアニバーサリー しずく TOP3
mst.title.4001035._detailText,ハーフアニバーサリー しずく TOP3
mst.title.4001036._name,ハーフアニバーサリー 果林 TOP3
mst.title.4001036._detailText,ハーフアニバーサリー 果林 TOP3
mst.title.4001037._name,ハーフアニバーサリー 愛 TOP3
mst.title.4001037._detailText,ハーフアニバーサリー 愛 TOP3
mst.title.4001038._name,ハーフアニバーサリー 彼方 TOP3
mst.title.4001038._detailText,ハーフアニバーサリー 彼方 TOP3
mst.title.4001039._name,ハーフアニバーサリー せつ菜 TOP3
mst.title.4001039._detailText,ハーフアニバーサリー せつ菜 TOP3
mst.title.4001040._name,ハーフアニバーサリー エマ TOP3
mst.title.4001040._detailText,ハーフアニバーサリー エマ TOP3
mst.title.4001041._name,ハーフアニバーサリー 璃奈 TOP3
mst.title.4001041._detailText,ハーフアニバーサリー 璃奈 TOP3
mst.title.4001042._name,ハーフアニバーサリー 栞子 TOP3
mst.title.4001042._detailText,ハーフアニバーサリー 栞子 TOP3
mst.title.4001043._name,ハーフアニバーサリー ミア TOP3
mst.title.4001043._detailText,ハーフアニバーサリー ミア TOP3
mst.title.4001044._name,ハーフアニバーサリー 嵐珠 TOP3
mst.title.4001044._detailText,ハーフアニバーサリー 嵐珠 TOP3
mst.title.4001045._name,ハーフアニバーサリー かのん TOP3
mst.title.4001045._detailText,ハーフアニバーサリー かのん TOP3
mst.title.4001046._name,ハーフアニバーサリー 可可 TOP3
mst.title.4001046._detailText,ハーフアニバーサリー 可可 TOP3
mst.title.4001047._name,ハーフアニバーサリー 千砂都 TOP3
mst.title.4001047._detailText,ハーフアニバーサリー 千砂都 TOP3
mst.title.4001048._name,ハーフアニバーサリー すみれ TOP3
mst.title.4001048._detailText,ハーフアニバーサリー すみれ TOP3
mst.title.4001049._name,ハーフアニバーサリー 恋 TOP3
mst.title.4001049._detailText,ハーフアニバーサリー 恋 TOP3
mst.title.4001050._name,ハーフアニバーサリー きな子 TOP3
mst.title.4001050._detailText,ハーフアニバーサリー きな子 TOP3
mst.title.4001051._name,ハーフアニバーサリー メイ TOP3
mst.title.4001051._detailText,ハーフアニバーサリー メイ TOP3
mst.title.4001052._name,ハーフアニバーサリー 四季 TOP3
mst.title.4001052._detailText,ハーフアニバーサリー 四季 TOP3
mst.title.4001053._name,ハーフアニバーサリー 夏美 TOP3
mst.title.4001053._detailText,ハーフアニバーサリー 夏美 TOP3
mst.title.4001054._name,ハーフアニバーサリー 穂乃果 TOP10
mst.title.4001054._detailText,ハーフアニバーサリー 穂乃果 TOP10
mst.title.4001055._name,ハーフアニバーサリー 絵里 TOP10
mst.title.4001055._detailText,ハーフアニバーサリー 絵里 TOP10
mst.title.4001056._name,ハーフアニバーサリー ことり TOP10
mst.title.4001056._detailText,ハーフアニバーサリー ことり TOP10
mst.title.4001057._name,ハーフアニバーサリー 海未 TOP10
mst.title.4001057._detailText,ハーフアニバーサリー 海未 TOP10
mst.title.4001058._name,ハーフアニバーサリー 凛 TOP10
mst.title.4001058._detailText,ハーフアニバーサリー 凛 TOP10
mst.title.4001059._name,ハーフアニバーサリー 真姫 TOP10
mst.title.4001059._detailText,ハーフアニバーサリー 真姫 TOP10
mst.title.4001060._name,ハーフアニバーサリー 希 TOP10
mst.title.4001060._detailText,ハーフアニバーサリー 希 TOP10
mst.title.4001061._name,ハーフアニバーサリー 花陽 TOP10
mst.title.4001061._detailText,ハーフアニバーサリー 花陽 TOP10
mst.title.4001062._name,ハーフアニバーサリー にこ TOP10
mst.title.4001062._detailText,ハーフアニバーサリー にこ TOP10
mst.title.4001063._name,ハーフアニバーサリー 千歌 TOP10
mst.title.4001063._detailText,ハーフアニバーサリー 千歌 TOP10
mst.title.4001064._name,ハーフアニバーサリー 梨子 TOP10
mst.title.4001064._detailText,ハーフアニバーサリー 梨子 TOP10
mst.title.4001065._name,ハーフアニバーサリー 果南 TOP10
mst.title.4001065._detailText,ハーフアニバーサリー 果南 TOP10
mst.title.4001066._name,ハーフアニバーサリー ダイヤ TOP10
mst.title.4001066._detailText,ハーフアニバーサリー ダイヤ TOP10
mst.title.4001067._name,ハーフアニバーサリー 曜 TOP10
mst.title.4001067._detailText,ハーフアニバーサリー 曜 TOP10
mst.title.4001068._name,ハーフアニバーサリー 善子 TOP10
mst.title.4001068._detailText,ハーフアニバーサリー 善子 TOP10
mst.title.4001069._name,ハーフアニバーサリー 花丸 TOP10
mst.title.4001069._detailText,ハーフアニバーサリー 花丸 TOP10
mst.title.4001070._name,ハーフアニバーサリー 鞠莉 TOP10
mst.title.4001070._detailText,ハーフアニバーサリー 鞠莉 TOP10
mst.title.4001071._name,ハーフアニバーサリー ルビィ TOP10
mst.title.4001071._detailText,ハーフアニバーサリー ルビィ TOP10
mst.title.4001072._name,ハーフアニバーサリー 歩夢 TOP10
mst.title.4001072._detailText,ハーフアニバーサリー 歩夢 TOP10
mst.title.4001073._name,ハーフアニバーサリー かすみ TOP10
mst.title.4001073._detailText,ハーフアニバーサリー かすみ TOP10
mst.title.4001074._name,ハーフアニバーサリー しずく TOP10
mst.title.4001074._detailText,ハーフアニバーサリー しずく TOP10
mst.title.4001075._name,ハーフアニバーサリー 果林 TOP10
mst.title.4001075._detailText,ハーフアニバーサリー 果林 TOP10
mst.title.4001076._name,ハーフアニバーサリー 愛 TOP10
mst.title.4001076._detailText,ハーフアニバーサリー 愛 TOP10
mst.title.4001077._name,ハーフアニバーサリー 彼方 TOP10
mst.title.4001077._detailText,ハーフアニバーサリー 彼方 TOP10
mst.title.4001078._name,ハーフアニバーサリー せつ菜 TOP10
mst.title.4001078._detailText,ハーフアニバーサリー せつ菜 TOP10
mst.title.4001079._name,ハーフアニバーサリー エマ TOP10
mst.title.4001079._detailText,ハーフアニバーサリー エマ TOP10
mst.title.4001080._name,ハーフアニバーサリー 璃奈 TOP10
mst.title.4001080._detailText,ハーフアニバーサリー 璃奈 TOP10
mst.title.4001081._name,ハーフアニバーサリー 栞子 TOP10
mst.title.4001081._detailText,ハーフアニバーサリー 栞子 TOP10
mst.title.4001082._name,ハーフアニバーサリー ミア TOP10
mst.title.4001082._detailText,ハーフアニバーサリー ミア TOP10
mst.title.4001083._name,ハーフアニバーサリー 嵐珠 TOP10
mst.title.4001083._detailText,ハーフアニバーサリー 嵐珠 TOP10
mst.title.4001084._name,ハーフアニバーサリー かのん TOP10
mst.title.4001084._detailText,ハーフアニバーサリー かのん TOP10
mst.title.4001085._name,ハーフアニバーサリー 可可 TOP10
mst.title.4001085._detailText,ハーフアニバーサリー 可可 TOP10
mst.title.4001086._name,ハーフアニバーサリー 千砂都 TOP10
mst.title.4001086._detailText,ハーフアニバーサリー 千砂都 TOP10
mst.title.4001087._name,ハーフアニバーサリー すみれ TOP10
mst.title.4001087._detailText,ハーフアニバーサリー すみれ TOP10
mst.title.4001088._name,ハーフアニバーサリー 恋 TOP10
mst.title.4001088._detailText,ハーフアニバーサリー 恋 TOP10
mst.title.4001089._name,ハーフアニバーサリー きな子 TOP10
mst.title.4001089._detailText,ハーフアニバーサリー きな子 TOP10
mst.title.4001090._name,ハーフアニバーサリー メイ TOP10
mst.title.4001090._detailText,ハーフアニバーサリー メイ TOP10
mst.title.4001091._name,ハーフアニバーサリー 四季 TOP10
mst.title.4001091._detailText,ハーフアニバーサリー 四季 TOP10
mst.title.4001092._name,ハーフアニバーサリー 夏美 TOP10
mst.title.4001092._detailText,ハーフアニバーサリー 夏美 TOP10
mst.title.4001093._name,ハーフアニバーサリー 穂乃果 TOP100
mst.title.4001093._detailText,ハーフアニバーサリー 穂乃果 TOP100
mst.title.4001094._name,ハーフアニバーサリー 絵里 TOP100
mst.title.4001094._detailText,ハーフアニバーサリー 絵里 TOP100
mst.title.4001095._name,ハーフアニバーサリー ことり TOP100
mst.title.4001095._detailText,ハーフアニバーサリー ことり TOP100
mst.title.4001096._name,ハーフアニバーサリー 海未 TOP100
mst.title.4001096._detailText,ハーフアニバーサリー 海未 TOP100
mst.title.4001097._name,ハーフアニバーサリー 凛 TOP100
mst.title.4001097._detailText,ハーフアニバーサリー 凛 TOP100
mst.title.4001098._name,ハーフアニバーサリー 真姫 TOP100
mst.title.4001098._detailText,ハーフアニバーサリー 真姫 TOP100
mst.title.4001099._name,ハーフアニバーサリー 希 TOP100
mst.title.4001099._detailText,ハーフアニバーサリー 希 TOP100
mst.title.4001100._name,ハーフアニバーサリー 花陽 TOP100
mst.title.4001100._detailText,ハーフアニバーサリー 花陽 TOP100
mst.title.4001101._name,ハーフアニバーサリー にこ TOP100
mst.title.4001101._detailText,ハーフアニバーサリー にこ TOP100
mst.title.4001102._name,ハーフアニバーサリー 千歌 TOP100
mst.title.4001102._detailText,ハーフアニバーサリー 千歌 TOP100
mst.title.4001103._name,ハーフアニバーサリー 梨子 TOP100
mst.title.4001103._detailText,ハーフアニバーサリー 梨子 TOP100
mst.title.4001104._name,ハーフアニバーサリー 果南 TOP100
mst.title.4001104._detailText,ハーフアニバーサリー 果南 TOP100
mst.title.4001105._name,ハーフアニバーサリー ダイヤ TOP100
mst.title.4001105._detailText,ハーフアニバーサリー ダイヤ TOP100
mst.title.4001106._name,ハーフアニバーサリー 曜 TOP100
mst.title.4001106._detailText,ハーフアニバーサリー 曜 TOP100
mst.title.4001107._name,ハーフアニバーサリー 善子 TOP100
mst.title.4001107._detailText,ハーフアニバーサリー 善子 TOP100
mst.title.4001108._name,ハーフアニバーサリー 花丸 TOP100
mst.title.4001108._detailText,ハーフアニバーサリー 花丸 TOP100
mst.title.4001109._name,ハーフアニバーサリー 鞠莉 TOP100
mst.title.4001109._detailText,ハーフアニバーサリー 鞠莉 TOP100
mst.title.4001110._name,ハーフアニバーサリー ルビィ TOP100
mst.title.4001110._detailText,ハーフアニバーサリー ルビィ TOP100
mst.title.4001111._name,ハーフアニバーサリー 歩夢 TOP100
mst.title.4001111._detailText,ハーフアニバーサリー 歩夢 TOP100
mst.title.4001112._name,ハーフアニバーサリー かすみ TOP100
mst.title.4001112._detailText,ハーフアニバーサリー かすみ TOP100
mst.title.4001113._name,ハーフアニバーサリー しずく TOP100
mst.title.4001113._detailText,ハーフアニバーサリー しずく TOP100
mst.title.4001114._name,ハーフアニバーサリー 果林 TOP100
mst.title.4001114._detailText,ハーフアニバーサリー 果林 TOP100
mst.title.4001115._name,ハーフアニバーサリー 愛 TOP100
mst.title.4001115._detailText,ハーフアニバーサリー 愛 TOP100
mst.title.4001116._name,ハーフアニバーサリー 彼方 TOP100
mst.title.4001116._detailText,ハーフアニバーサリー 彼方 TOP100
mst.title.4001117._name,ハーフアニバーサリー せつ菜 TOP100
mst.title.4001117._detailText,ハーフアニバーサリー せつ菜 TOP100
mst.title.4001118._name,ハーフアニバーサリー エマ TOP100
mst.title.4001118._detailText,ハーフアニバーサリー エマ TOP100
mst.title.4001119._name,ハーフアニバーサリー 璃奈 TOP100
mst.title.4001119._detailText,ハーフアニバーサリー 璃奈 TOP100
mst.title.4001120._name,ハーフアニバーサリー 栞子 TOP100
mst.title.4001120._detailText,ハーフアニバーサリー 栞子 TOP100
mst.title.4001121._name,ハーフアニバーサリー ミア TOP100
mst.title.4001121._detailText,ハーフアニバーサリー ミア TOP100
mst.title.4001122._name,ハーフアニバーサリー 嵐珠 TOP100
mst.title.4001122._detailText,ハーフアニバーサリー 嵐珠 TOP100
mst.title.4001123._name,ハーフアニバーサリー かのん TOP100
mst.title.4001123._detailText,ハーフアニバーサリー かのん TOP100
mst.title.4001124._name,ハーフアニバーサリー 可可 TOP100
mst.title.4001124._detailText,ハーフアニバーサリー 可可 TOP100
mst.title.4001125._name,ハーフアニバーサリー 千砂都 TOP100
mst.title.4001125._detailText,ハーフアニバーサリー 千砂都 TOP100
mst.title.4001126._name,ハーフアニバーサリー すみれ TOP100
mst.title.4001126._detailText,ハーフアニバーサリー すみれ TOP100
mst.title.4001127._name,ハーフアニバーサリー 恋 TOP100
mst.title.4001127._detailText,ハーフアニバーサリー 恋 TOP100
mst.title.4001128._name,ハーフアニバーサリー きな子 TOP100
mst.title.4001128._detailText,ハーフアニバーサリー きな子 TOP100
mst.title.4001129._name,ハーフアニバーサリー メイ TOP100
mst.title.4001129._detailText,ハーフアニバーサリー メイ TOP100
mst.title.4001130._name,ハーフアニバーサリー 四季 TOP100
mst.title.4001130._detailText,ハーフアニバーサリー 四季 TOP100
mst.title.4001131._name,ハーフアニバーサリー 夏美 TOP100
mst.title.4001131._detailText,ハーフアニバーサリー 夏美 TOP100
mst.title.4001132._name,ハーフアニバーサリー 穂乃果 TOP300
mst.title.4001132._detailText,ハーフアニバーサリー 穂乃果 TOP300
mst.title.4001133._name,ハーフアニバーサリー 絵里 TOP300
mst.title.4001133._detailText,ハーフアニバーサリー 絵里 TOP300
mst.title.4001134._name,ハーフアニバーサリー ことり TOP300
mst.title.4001134._detailText,ハーフアニバーサリー ことり TOP300
mst.title.4001135._name,ハーフアニバーサリー 海未 TOP300
mst.title.4001135._detailText,ハーフアニバーサリー 海未 TOP300
mst.title.4001136._name,ハーフアニバーサリー 凛 TOP300
mst.title.4001136._detailText,ハーフアニバーサリー 凛 TOP300
mst.title.4001137._name,ハーフアニバーサリー 真姫 TOP300
mst.title.4001137._detailText,ハーフアニバーサリー 真姫 TOP300
mst.title.4001138._name,ハーフアニバーサリー 希 TOP300
mst.title.4001138._detailText,ハーフアニバーサリー 希 TOP300
mst.title.4001139._name,ハーフアニバーサリー 花陽 TOP300
mst.title.4001139._detailText,ハーフアニバーサリー 花陽 TOP300
mst.title.4001140._name,ハーフアニバーサリー にこ TOP300
mst.title.4001140._detailText,ハーフアニバーサリー にこ TOP300
mst.title.4001141._name,ハーフアニバーサリー 千歌 TOP300
mst.title.4001141._detailText,ハーフアニバーサリー 千歌 TOP300
mst.title.4001142._name,ハーフアニバーサリー 梨子 TOP300
mst.title.4001142._detailText,ハーフアニバーサリー 梨子 TOP300
mst.title.4001143._name,ハーフアニバーサリー 果南 TOP300
mst.title.4001143._detailText,ハーフアニバーサリー 果南 TOP300
mst.title.4001144._name,ハーフアニバーサリー ダイヤ TOP300
mst.title.4001144._detailText,ハーフアニバーサリー ダイヤ TOP300
mst.title.4001145._name,ハーフアニバーサリー 曜 TOP300
mst.title.4001145._detailText,ハーフアニバーサリー 曜 TOP300
mst.title.4001146._name,ハーフアニバーサリー 善子 TOP300
mst.title.4001146._detailText,ハーフアニバーサリー 善子 TOP300
mst.title.4001147._name,ハーフアニバーサリー 花丸 TOP300
mst.title.4001147._detailText,ハーフアニバーサリー 花丸 TOP300
mst.title.4001148._name,ハーフアニバーサリー 鞠莉 TOP300
mst.title.4001148._detailText,ハーフアニバーサリー 鞠莉 TOP300
mst.title.4001149._name,ハーフアニバーサリー ルビィ TOP300
mst.title.4001149._detailText,ハーフアニバーサリー ルビィ TOP300
mst.title.4001150._name,ハーフアニバーサリー 歩夢 TOP300
mst.title.4001150._detailText,ハーフアニバーサリー 歩夢 TOP300
mst.title.4001151._name,ハーフアニバーサリー かすみ TOP300
mst.title.4001151._detailText,ハーフアニバーサリー かすみ TOP300
mst.title.4001152._name,ハーフアニバーサリー しずく TOP300
mst.title.4001152._detailText,ハーフアニバーサリー しずく TOP300
mst.title.4001153._name,ハーフアニバーサリー 果林 TOP300
mst.title.4001153._detailText,ハーフアニバーサリー 果林 TOP300
mst.title.4001154._name,ハーフアニバーサリー 愛 TOP300
mst.title.4001154._detailText,ハーフアニバーサリー 愛 TOP300
mst.title.4001155._name,ハーフアニバーサリー 彼方 TOP300
mst.title.4001155._detailText,ハーフアニバーサリー 彼方 TOP300
mst.title.4001156._name,ハーフアニバーサリー せつ菜 TOP300
mst.title.4001156._detailText,ハーフアニバーサリー せつ菜 TOP300
mst.title.4001157._name,ハーフアニバーサリー エマ TOP300
mst.title.4001157._detailText,ハーフアニバーサリー エマ TOP300
mst.title.4001158._name,ハーフアニバーサリー 璃奈 TOP300
mst.title.4001158._detailText,ハーフアニバーサリー 璃奈 TOP300
mst.title.4001159._name,ハーフアニバーサリー 栞子 TOP300
mst.title.4001159._detailText,ハーフアニバーサリー 栞子 TOP300
mst.title.4001160._name,ハーフアニバーサリー ミア TOP300
mst.title.4001160._detailText,ハーフアニバーサリー ミア TOP300
mst.title.4001161._name,ハーフアニバーサリー 嵐珠 TOP300
mst.title.4001161._detailText,ハーフアニバーサリー 嵐珠 TOP300
mst.title.4001162._name,ハーフアニバーサリー かのん TOP300
mst.title.4001162._detailText,ハーフアニバーサリー かのん TOP300
mst.title.4001163._name,ハーフアニバーサリー 可可 TOP300
mst.title.4001163._detailText,ハーフアニバーサリー 可可 TOP300
mst.title.4001164._name,ハーフアニバーサリー 千砂都 TOP300
mst.title.4001164._detailText,ハーフアニバーサリー 千砂都 TOP300
mst.title.4001165._name,ハーフアニバーサリー すみれ TOP300
mst.title.4001165._detailText,ハーフアニバーサリー すみれ TOP300
mst.title.4001166._name,ハーフアニバーサリー 恋 TOP300
mst.title.4001166._detailText,ハーフアニバーサリー 恋 TOP300
mst.title.4001167._name,ハーフアニバーサリー きな子 TOP300
mst.title.4001167._detailText,ハーフアニバーサリー きな子 TOP300
mst.title.4001168._name,ハーフアニバーサリー メイ TOP300
mst.title.4001168._detailText,ハーフアニバーサリー メイ TOP300
mst.title.4001169._name,ハーフアニバーサリー 四季 TOP300
mst.title.4001169._detailText,ハーフアニバーサリー 四季 TOP300
mst.title.4001170._name,ハーフアニバーサリー 夏美 TOP300
mst.title.4001170._detailText,ハーフアニバーサリー 夏美 TOP300
mst.title.4001171._name,ハーフアニバーサリー 穂乃果 TOP1000
mst.title.4001171._detailText,ハーフアニバーサリー 穂乃果 TOP1000
mst.title.4001172._name,ハーフアニバーサリー 絵里 TOP1000
mst.title.4001172._detailText,ハーフアニバーサリー 絵里 TOP1000
mst.title.4001173._name,ハーフアニバーサリー ことり TOP1000
mst.title.4001173._detailText,ハーフアニバーサリー ことり TOP1000
mst.title.4001174._name,ハーフアニバーサリー 海未 TOP1000
mst.title.4001174._detailText,ハーフアニバーサリー 海未 TOP1000
mst.title.4001175._name,ハーフアニバーサリー 凛 TOP1000
mst.title.4001175._detailText,ハーフアニバーサリー 凛 TOP1000
mst.title.4001176._name,ハーフアニバーサリー 真姫 TOP1000
mst.title.4001176._detailText,ハーフアニバーサリー 真姫 TOP1000
mst.title.4001177._name,ハーフアニバーサリー 希 TOP1000
mst.title.4001177._detailText,ハーフアニバーサリー 希 TOP1000
mst.title.4001178._name,ハーフアニバーサリー 花陽 TOP1000
mst.title.4001178._detailText,ハーフアニバーサリー 花陽 TOP1000
mst.title.4001179._name,ハーフアニバーサリー にこ TOP1000
mst.title.4001179._detailText,ハーフアニバーサリー にこ TOP1000
mst.title.4001180._name,ハーフアニバーサリー 千歌 TOP1000
mst.title.4001180._detailText,ハーフアニバーサリー 千歌 TOP1000
mst.title.4001181._name,ハーフアニバーサリー 梨子 TOP1000
mst.title.4001181._detailText,ハーフアニバーサリー 梨子 TOP1000
mst.title.4001182._name,ハーフアニバーサリー 果南 TOP1000
mst.title.4001182._detailText,ハーフアニバーサリー 果南 TOP1000
mst.title.4001183._name,ハーフアニバーサリー ダイヤ TOP1000
mst.title.4001183._detailText,ハーフアニバーサリー ダイヤ TOP1000
mst.title.4001184._name,ハーフアニバーサリー 曜 TOP1000
mst.title.4001184._detailText,ハーフアニバーサリー 曜 TOP1000
mst.title.4001185._name,ハーフアニバーサリー 善子 TOP1000
mst.title.4001185._detailText,ハーフアニバーサリー 善子 TOP1000
mst.title.4001186._name,ハーフアニバーサリー 花丸 TOP1000
mst.title.4001186._detailText,ハーフアニバーサリー 花丸 TOP1000
mst.title.4001187._name,ハーフアニバーサリー 鞠莉 TOP1000
mst.title.4001187._detailText,ハーフアニバーサリー 鞠莉 TOP1000
mst.title.4001188._name,ハーフアニバーサリー ルビィ TOP1000
mst.title.4001188._detailText,ハーフアニバーサリー ルビィ TOP1000
mst.title.4001189._name,ハーフアニバーサリー 歩夢 TOP1000
mst.title.4001189._detailText,ハーフアニバーサリー 歩夢 TOP1000
mst.title.4001190._name,ハーフアニバーサリー かすみ TOP1000
mst.title.4001190._detailText,ハーフアニバーサリー かすみ TOP1000
mst.title.4001191._name,ハーフアニバーサリー しずく TOP1000
mst.title.4001191._detailText,ハーフアニバーサリー しずく TOP1000
mst.title.4001192._name,ハーフアニバーサリー 果林 TOP1000
mst.title.4001192._detailText,ハーフアニバーサリー 果林 TOP1000
mst.title.4001193._name,ハーフアニバーサリー 愛 TOP1000
mst.title.4001193._detailText,ハーフアニバーサリー 愛 TOP1000
mst.title.4001194._name,ハーフアニバーサリー 彼方 TOP1000
mst.title.4001194._detailText,ハーフアニバーサリー 彼方 TOP1000
mst.title.4001195._name,ハーフアニバーサリー せつ菜 TOP1000
mst.title.4001195._detailText,ハーフアニバーサリー せつ菜 TOP1000
mst.title.4001196._name,ハーフアニバーサリー エマ TOP1000
mst.title.4001196._detailText,ハーフアニバーサリー エマ TOP1000
mst.title.4001197._name,ハーフアニバーサリー 璃奈 TOP1000
mst.title.4001197._detailText,ハーフアニバーサリー 璃奈 TOP1000
mst.title.4001198._name,ハーフアニバーサリー 栞子 TOP1000
mst.title.4001198._detailText,ハーフアニバーサリー 栞子 TOP1000
mst.title.4001199._name,ハーフアニバーサリー ミア TOP1000
mst.title.4001199._detailText,ハーフアニバーサリー ミア TOP1000
mst.title.4001200._name,ハーフアニバーサリー 嵐珠 TOP1000
mst.title.4001200._detailText,ハーフアニバーサリー 嵐珠 TOP1000
mst.title.4001201._name,ハーフアニバーサリー かのん TOP1000
mst.title.4001201._detailText,ハーフアニバーサリー かのん TOP1000
mst.title.4001202._name,ハーフアニバーサリー 可可 TOP1000
mst.title.4001202._detailText,ハーフアニバーサリー 可可 TOP1000
mst.title.4001203._name,ハーフアニバーサリー 千砂都 TOP1000
mst.title.4001203._detailText,ハーフアニバーサリー 千砂都 TOP1000
mst.title.4001204._name,ハーフアニバーサリー すみれ TOP1000
mst.title.4001204._detailText,ハーフアニバーサリー すみれ TOP1000
mst.title.4001205._name,ハーフアニバーサリー 恋 TOP1000
mst.title.4001205._detailText,ハーフアニバーサリー 恋 TOP1000
mst.title.4001206._name,ハーフアニバーサリー きな子 TOP1000
mst.title.4001206._detailText,ハーフアニバーサリー きな子 TOP1000
mst.title.4001207._name,ハーフアニバーサリー メイ TOP1000
mst.title.4001207._detailText,ハーフアニバーサリー メイ TOP1000
mst.title.4001208._name,ハーフアニバーサリー 四季 TOP1000
mst.title.4001208._detailText,ハーフアニバーサリー 四季 TOP1000
mst.title.4001209._name,ハーフアニバーサリー 夏美 TOP1000
mst.title.4001209._detailText,ハーフアニバーサリー 夏美 TOP1000
mst.title.4001210._name,Half Anniversaryの称号
mst.title.4001210._detailText,Half Anniversaryを記念した特別な称号
mst.title.4001211._name,ドキドキ！ 学校説明会 穂乃果 TOP100
mst.title.4001211._detailText,ドキドキ！ 学校説明会 穂乃果 TOP100
mst.title.4001212._name,ドキドキ！ 学校説明会 絵里 TOP100
mst.title.4001212._detailText,ドキドキ！ 学校説明会 絵里 TOP100
mst.title.4001213._name,ドキドキ！ 学校説明会 ことり TOP100
mst.title.4001213._detailText,ドキドキ！ 学校説明会 ことり TOP100
mst.title.4001214._name,ドキドキ！ 学校説明会 海未 TOP100
mst.title.4001214._detailText,ドキドキ！ 学校説明会 海未 TOP100
mst.title.4001215._name,ドキドキ！ 学校説明会 凛 TOP100
mst.title.4001215._detailText,ドキドキ！ 学校説明会 凛 TOP100
mst.title.4001216._name,ドキドキ！ 学校説明会 真姫 TOP100
mst.title.4001216._detailText,ドキドキ！ 学校説明会 真姫 TOP100
mst.title.4001217._name,ドキドキ！ 学校説明会 希 TOP100
mst.title.4001217._detailText,ドキドキ！ 学校説明会 希 TOP100
mst.title.4001218._name,ドキドキ！ 学校説明会 花陽 TOP100
mst.title.4001218._detailText,ドキドキ！ 学校説明会 花陽 TOP100
mst.title.4001219._name,ドキドキ！ 学校説明会 にこ TOP100
mst.title.4001219._detailText,ドキドキ！ 学校説明会 にこ TOP100
mst.title.4001220._name,ドキドキ！ 学校説明会 千歌 TOP100
mst.title.4001220._detailText,ドキドキ！ 学校説明会 千歌 TOP100
mst.title.4001221._name,ドキドキ！ 学校説明会 梨子 TOP100
mst.title.4001221._detailText,ドキドキ！ 学校説明会 梨子 TOP100
mst.title.4001222._name,ドキドキ！ 学校説明会 果南 TOP100
mst.title.4001222._detailText,ドキドキ！ 学校説明会 果南 TOP100
mst.title.4001223._name,ドキドキ！ 学校説明会 ダイヤ TOP100
mst.title.4001223._detailText,ドキドキ！ 学校説明会 ダイヤ TOP100
mst.title.4001224._name,ドキドキ！ 学校説明会 曜 TOP100
mst.title.4001224._detailText,ドキドキ！ 学校説明会 曜 TOP100
mst.title.4001225._name,ドキドキ！ 学校説明会 善子 TOP100
mst.title.4001225._detailText,ドキドキ！ 学校説明会 善子 TOP100
mst.title.4001226._name,ドキドキ！ 学校説明会 花丸 TOP100
mst.title.4001226._detailText,ドキドキ！ 学校説明会 花丸 TOP100
mst.title.4001227._name,ドキドキ！ 学校説明会 鞠莉 TOP100
mst.title.4001227._detailText,ドキドキ！ 学校説明会 鞠莉 TOP100
mst.title.4001228._name,ドキドキ！ 学校説明会 ルビィ TOP100
mst.title.4001228._detailText,ドキドキ！ 学校説明会 ルビィ TOP100
mst.title.4001229._name,ドキドキ！ 学校説明会 歩夢 TOP100
mst.title.4001229._detailText,ドキドキ！ 学校説明会 歩夢 TOP100
mst.title.4001230._name,ドキドキ！ 学校説明会 かすみ TOP100
mst.title.4001230._detailText,ドキドキ！ 学校説明会 かすみ TOP100
mst.title.4001231._name,ドキドキ！ 学校説明会 しずく TOP100
mst.title.4001231._detailText,ドキドキ！ 学校説明会 しずく TOP100
mst.title.4001232._name,ドキドキ！ 学校説明会 果林 TOP100
mst.title.4001232._detailText,ドキドキ！ 学校説明会 果林 TOP100
mst.title.4001233._name,ドキドキ！ 学校説明会 愛 TOP100
mst.title.4001233._detailText,ドキドキ！ 学校説明会 愛 TOP100
mst.title.4001234._name,ドキドキ！ 学校説明会 彼方 TOP100
mst.title.4001234._detailText,ドキドキ！ 学校説明会 彼方 TOP100
mst.title.4001235._name,ドキドキ！ 学校説明会 せつ菜 TOP100
mst.title.4001235._detailText,ドキドキ！ 学校説明会 せつ菜 TOP100
mst.title.4001236._name,ドキドキ！ 学校説明会 エマ TOP100
mst.title.4001236._detailText,ドキドキ！ 学校説明会 エマ TOP100
mst.title.4001237._name,ドキドキ！ 学校説明会 璃奈 TOP100
mst.title.4001237._detailText,ドキドキ！ 学校説明会 璃奈 TOP100
mst.title.4001238._name,ドキドキ！ 学校説明会 栞子 TOP100
mst.title.4001238._detailText,ドキドキ！ 学校説明会 栞子 TOP100
mst.title.4001239._name,ドキドキ！ 学校説明会 ミア TOP100
mst.title.4001239._detailText,ドキドキ！ 学校説明会 ミア TOP100
mst.title.4001240._name,ドキドキ！ 学校説明会 嵐珠 TOP100
mst.title.4001240._detailText,ドキドキ！ 学校説明会 嵐珠 TOP100
mst.title.4001241._name,ドキドキ！ 学校説明会 かのん TOP100
mst.title.4001241._detailText,ドキドキ！ 学校説明会 かのん TOP100
mst.title.4001242._name,ドキドキ！ 学校説明会 可可 TOP100
mst.title.4001242._detailText,ドキドキ！ 学校説明会 可可 TOP100
mst.title.4001243._name,ドキドキ！ 学校説明会 千砂都 TOP100
mst.title.4001243._detailText,ドキドキ！ 学校説明会 千砂都 TOP100
mst.title.4001244._name,ドキドキ！ 学校説明会 すみれ TOP100
mst.title.4001244._detailText,ドキドキ！ 学校説明会 すみれ TOP100
mst.title.4001245._name,ドキドキ！ 学校説明会 恋 TOP100
mst.title.4001245._detailText,ドキドキ！ 学校説明会 恋 TOP100
mst.title.4001246._name,ドキドキ！ 学校説明会 きな子 TOP100
mst.title.4001246._detailText,ドキドキ！ 学校説明会 きな子 TOP100
mst.title.4001247._name,ドキドキ！ 学校説明会 メイ TOP100
mst.title.4001247._detailText,ドキドキ！ 学校説明会 メイ TOP100
mst.title.4001248._name,ドキドキ！ 学校説明会 四季 TOP100
mst.title.4001248._detailText,ドキドキ！ 学校説明会 四季 TOP100
mst.title.4001249._name,ドキドキ！ 学校説明会 夏美 TOP100
mst.title.4001249._detailText,ドキドキ！ 学校説明会 夏美 TOP100
mst.title.4001250._name,ドキドキ！ 学校説明会 穂乃果 TOP300
mst.title.4001250._detailText,ドキドキ！ 学校説明会 穂乃果 TOP300
mst.title.4001251._name,ドキドキ！ 学校説明会 絵里 TOP300
mst.title.4001251._detailText,ドキドキ！ 学校説明会 絵里 TOP300
mst.title.4001252._name,ドキドキ！ 学校説明会 ことり TOP300
mst.title.4001252._detailText,ドキドキ！ 学校説明会 ことり TOP300
mst.title.4001253._name,ドキドキ！ 学校説明会 海未 TOP300
mst.title.4001253._detailText,ドキドキ！ 学校説明会 海未 TOP300
mst.title.4001254._name,ドキドキ！ 学校説明会 凛 TOP300
mst.title.4001254._detailText,ドキドキ！ 学校説明会 凛 TOP300
mst.title.4001255._name,ドキドキ！ 学校説明会 真姫 TOP300
mst.title.4001255._detailText,ドキドキ！ 学校説明会 真姫 TOP300
mst.title.4001256._name,ドキドキ！ 学校説明会 希 TOP300
mst.title.4001256._detailText,ドキドキ！ 学校説明会 希 TOP300
mst.title.4001257._name,ドキドキ！ 学校説明会 花陽 TOP300
mst.title.4001257._detailText,ドキドキ！ 学校説明会 花陽 TOP300
mst.title.4001258._name,ドキドキ！ 学校説明会 にこ TOP300
mst.title.4001258._detailText,ドキドキ！ 学校説明会 にこ TOP300
mst.title.4001259._name,ドキドキ！ 学校説明会 千歌 TOP300
mst.title.4001259._detailText,ドキドキ！ 学校説明会 千歌 TOP300
mst.title.4001260._name,ドキドキ！ 学校説明会 梨子 TOP300
mst.title.4001260._detailText,ドキドキ！ 学校説明会 梨子 TOP300
mst.title.4001261._name,ドキドキ！ 学校説明会 果南 TOP300
mst.title.4001261._detailText,ドキドキ！ 学校説明会 果南 TOP300
mst.title.4001262._name,ドキドキ！ 学校説明会 ダイヤ TOP300
mst.title.4001262._detailText,ドキドキ！ 学校説明会 ダイヤ TOP300
mst.title.4001263._name,ドキドキ！ 学校説明会 曜 TOP300
mst.title.4001263._detailText,ドキドキ！ 学校説明会 曜 TOP300
mst.title.4001264._name,ドキドキ！ 学校説明会 善子 TOP300
mst.title.4001264._detailText,ドキドキ！ 学校説明会 善子 TOP300
mst.title.4001265._name,ドキドキ！ 学校説明会 花丸 TOP300
mst.title.4001265._detailText,ドキドキ！ 学校説明会 花丸 TOP300
mst.title.4001266._name,ドキドキ！ 学校説明会 鞠莉 TOP300
mst.title.4001266._detailText,ドキドキ！ 学校説明会 鞠莉 TOP300
mst.title.4001267._name,ドキドキ！ 学校説明会 ルビィ TOP300
mst.title.4001267._detailText,ドキドキ！ 学校説明会 ルビィ TOP300
mst.title.4001268._name,ドキドキ！ 学校説明会 歩夢 TOP300
mst.title.4001268._detailText,ドキドキ！ 学校説明会 歩夢 TOP300
mst.title.4001269._name,ドキドキ！ 学校説明会 かすみ TOP300
mst.title.4001269._detailText,ドキドキ！ 学校説明会 かすみ TOP300
mst.title.4001270._name,ドキドキ！ 学校説明会 しずく TOP300
mst.title.4001270._detailText,ドキドキ！ 学校説明会 しずく TOP300
mst.title.4001271._name,ドキドキ！ 学校説明会 果林 TOP300
mst.title.4001271._detailText,ドキドキ！ 学校説明会 果林 TOP300
mst.title.4001272._name,ドキドキ！ 学校説明会 愛 TOP300
mst.title.4001272._detailText,ドキドキ！ 学校説明会 愛 TOP300
mst.title.4001273._name,ドキドキ！ 学校説明会 彼方 TOP300
mst.title.4001273._detailText,ドキドキ！ 学校説明会 彼方 TOP300
mst.title.4001274._name,ドキドキ！ 学校説明会 せつ菜 TOP300
mst.title.4001274._detailText,ドキドキ！ 学校説明会 せつ菜 TOP300
mst.title.4001275._name,ドキドキ！ 学校説明会 エマ TOP300
mst.title.4001275._detailText,ドキドキ！ 学校説明会 エマ TOP300
mst.title.4001276._name,ドキドキ！ 学校説明会 璃奈 TOP300
mst.title.4001276._detailText,ドキドキ！ 学校説明会 璃奈 TOP300
mst.title.4001277._name,ドキドキ！ 学校説明会 栞子 TOP300
mst.title.4001277._detailText,ドキドキ！ 学校説明会 栞子 TOP300
mst.title.4001278._name,ドキドキ！ 学校説明会 ミア TOP300
mst.title.4001278._detailText,ドキドキ！ 学校説明会 ミア TOP300
mst.title.4001279._name,ドキドキ！ 学校説明会 嵐珠 TOP300
mst.title.4001279._detailText,ドキドキ！ 学校説明会 嵐珠 TOP300
mst.title.4001280._name,ドキドキ！ 学校説明会 かのん TOP300
mst.title.4001280._detailText,ドキドキ！ 学校説明会 かのん TOP300
mst.title.4001281._name,ドキドキ！ 学校説明会 可可 TOP300
mst.title.4001281._detailText,ドキドキ！ 学校説明会 可可 TOP300
mst.title.4001282._name,ドキドキ！ 学校説明会 千砂都 TOP300
mst.title.4001282._detailText,ドキドキ！ 学校説明会 千砂都 TOP300
mst.title.4001283._name,ドキドキ！ 学校説明会 すみれ TOP300
mst.title.4001283._detailText,ドキドキ！ 学校説明会 すみれ TOP300
mst.title.4001284._name,ドキドキ！ 学校説明会 恋 TOP300
mst.title.4001284._detailText,ドキドキ！ 学校説明会 恋 TOP300
mst.title.4001285._name,ドキドキ！ 学校説明会 きな子 TOP300
mst.title.4001285._detailText,ドキドキ！ 学校説明会 きな子 TOP300
mst.title.4001286._name,ドキドキ！ 学校説明会 メイ TOP300
mst.title.4001286._detailText,ドキドキ！ 学校説明会 メイ TOP300
mst.title.4001287._name,ドキドキ！ 学校説明会 四季 TOP300
mst.title.4001287._detailText,ドキドキ！ 学校説明会 四季 TOP300
mst.title.4001288._name,ドキドキ！ 学校説明会 夏美 TOP300
mst.title.4001288._detailText,ドキドキ！ 学校説明会 夏美 TOP300
mst.title.4001289._name,ドキドキ！ 学校説明会 穂乃果 TOP1000
mst.title.4001289._detailText,ドキドキ！ 学校説明会 穂乃果 TOP1000
mst.title.4001290._name,ドキドキ！ 学校説明会 絵里 TOP1000
mst.title.4001290._detailText,ドキドキ！ 学校説明会 絵里 TOP1000
mst.title.4001291._name,ドキドキ！ 学校説明会 ことり TOP1000
mst.title.4001291._detailText,ドキドキ！ 学校説明会 ことり TOP1000
mst.title.4001292._name,ドキドキ！ 学校説明会 海未 TOP1000
mst.title.4001292._detailText,ドキドキ！ 学校説明会 海未 TOP1000
mst.title.4001293._name,ドキドキ！ 学校説明会 凛 TOP1000
mst.title.4001293._detailText,ドキドキ！ 学校説明会 凛 TOP1000
mst.title.4001294._name,ドキドキ！ 学校説明会 真姫 TOP1000
mst.title.4001294._detailText,ドキドキ！ 学校説明会 真姫 TOP1000
mst.title.4001295._name,ドキドキ！ 学校説明会 希 TOP1000
mst.title.4001295._detailText,ドキドキ！ 学校説明会 希 TOP1000
mst.title.4001296._name,ドキドキ！ 学校説明会 花陽 TOP1000
mst.title.4001296._detailText,ドキドキ！ 学校説明会 花陽 TOP1000
mst.title.4001297._name,ドキドキ！ 学校説明会 にこ TOP1000
mst.title.4001297._detailText,ドキドキ！ 学校説明会 にこ TOP1000
mst.title.4001298._name,ドキドキ！ 学校説明会 千歌 TOP1000
mst.title.4001298._detailText,ドキドキ！ 学校説明会 千歌 TOP1000
mst.title.4001299._name,ドキドキ！ 学校説明会 梨子 TOP1000
mst.title.4001299._detailText,ドキドキ！ 学校説明会 梨子 TOP1000
mst.title.4001300._name,ドキドキ！ 学校説明会 果南 TOP1000
mst.title.4001300._detailText,ドキドキ！ 学校説明会 果南 TOP1000
mst.title.4001301._name,ドキドキ！ 学校説明会 ダイヤ TOP1000
mst.title.4001301._detailText,ドキドキ！ 学校説明会 ダイヤ TOP1000
mst.title.4001302._name,ドキドキ！ 学校説明会 曜 TOP1000
mst.title.4001302._detailText,ドキドキ！ 学校説明会 曜 TOP1000
mst.title.4001303._name,ドキドキ！ 学校説明会 善子 TOP1000
mst.title.4001303._detailText,ドキドキ！ 学校説明会 善子 TOP1000
mst.title.4001304._name,ドキドキ！ 学校説明会 花丸 TOP1000
mst.title.4001304._detailText,ドキドキ！ 学校説明会 花丸 TOP1000
mst.title.4001305._name,ドキドキ！ 学校説明会 鞠莉 TOP1000
mst.title.4001305._detailText,ドキドキ！ 学校説明会 鞠莉 TOP1000
mst.title.4001306._name,ドキドキ！ 学校説明会 ルビィ TOP1000
mst.title.4001306._detailText,ドキドキ！ 学校説明会 ルビィ TOP1000
mst.title.4001307._name,ドキドキ！ 学校説明会 歩夢 TOP1000
mst.title.4001307._detailText,ドキドキ！ 学校説明会 歩夢 TOP1000
mst.title.4001308._name,ドキドキ！ 学校説明会 かすみ TOP1000
mst.title.4001308._detailText,ドキドキ！ 学校説明会 かすみ TOP1000
mst.title.4001309._name,ドキドキ！ 学校説明会 しずく TOP1000
mst.title.4001309._detailText,ドキドキ！ 学校説明会 しずく TOP1000
mst.title.4001310._name,ドキドキ！ 学校説明会 果林 TOP1000
mst.title.4001310._detailText,ドキドキ！ 学校説明会 果林 TOP1000
mst.title.4001311._name,ドキドキ！ 学校説明会 愛 TOP1000
mst.title.4001311._detailText,ドキドキ！ 学校説明会 愛 TOP1000
mst.title.4001312._name,ドキドキ！ 学校説明会 彼方 TOP1000
mst.title.4001312._detailText,ドキドキ！ 学校説明会 彼方 TOP1000
mst.title.4001313._name,ドキドキ！ 学校説明会 せつ菜 TOP1000
mst.title.4001313._detailText,ドキドキ！ 学校説明会 せつ菜 TOP1000
mst.title.4001314._name,ドキドキ！ 学校説明会 エマ TOP1000
mst.title.4001314._detailText,ドキドキ！ 学校説明会 エマ TOP1000
mst.title.4001315._name,ドキドキ！ 学校説明会 璃奈 TOP1000
mst.title.4001315._detailText,ドキドキ！ 学校説明会 璃奈 TOP1000
mst.title.4001316._name,ドキドキ！ 学校説明会 栞子 TOP1000
mst.title.4001316._detailText,ドキドキ！ 学校説明会 栞子 TOP1000
mst.title.4001317._name,ドキドキ！ 学校説明会 ミア TOP1000
mst.title.4001317._detailText,ドキドキ！ 学校説明会 ミア TOP1000
mst.title.4001318._name,ドキドキ！ 学校説明会 嵐珠 TOP1000
mst.title.4001318._detailText,ドキドキ！ 学校説明会 嵐珠 TOP1000
mst.title.4001319._name,ドキドキ！ 学校説明会 かのん TOP1000
mst.title.4001319._detailText,ドキドキ！ 学校説明会 かのん TOP1000
mst.title.4001320._name,ドキドキ！ 学校説明会 可可 TOP1000
mst.title.4001320._detailText,ドキドキ！ 学校説明会 可可 TOP1000
mst.title.4001321._name,ドキドキ！ 学校説明会 千砂都 TOP1000
mst.title.4001321._detailText,ドキドキ！ 学校説明会 千砂都 TOP1000
mst.title.4001322._name,ドキドキ！ 学校説明会 すみれ TOP1000
mst.title.4001322._detailText,ドキドキ！ 学校説明会 すみれ TOP1000
mst.title.4001323._name,ドキドキ！ 学校説明会 恋 TOP1000
mst.title.4001323._detailText,ドキドキ！ 学校説明会 恋 TOP1000
mst.title.4001324._name,ドキドキ！ 学校説明会 きな子 TOP1000
mst.title.4001324._detailText,ドキドキ！ 学校説明会 きな子 TOP1000
mst.title.4001325._name,ドキドキ！ 学校説明会 メイ TOP1000
mst.title.4001325._detailText,ドキドキ！ 学校説明会 メイ TOP1000
mst.title.4001326._name,ドキドキ！ 学校説明会 四季 TOP1000
mst.title.4001326._detailText,ドキドキ！ 学校説明会 四季 TOP1000
mst.title.4001327._name,ドキドキ！ 学校説明会 夏美 TOP1000
mst.title.4001327._detailText,ドキドキ！ 学校説明会 夏美 TOP1000
mst.title.4001328._name,クリパは何度だって最高！ 穂乃果 TOP100
mst.title.4001328._detailText,クリパは何度だって最高！ 穂乃果 TOP100
mst.title.4001329._name,クリパは何度だって最高！ 絵里 TOP100
mst.title.4001329._detailText,クリパは何度だって最高！ 絵里 TOP100
mst.title.4001330._name,クリパは何度だって最高！ ことり TOP100
mst.title.4001330._detailText,クリパは何度だって最高！ ことり TOP100
mst.title.4001331._name,クリパは何度だって最高！ 海未 TOP100
mst.title.4001331._detailText,クリパは何度だって最高！ 海未 TOP100
mst.title.4001332._name,クリパは何度だって最高！ 凛 TOP100
mst.title.4001332._detailText,クリパは何度だって最高！ 凛 TOP100
mst.title.4001333._name,クリパは何度だって最高！ 真姫 TOP100
mst.title.4001333._detailText,クリパは何度だって最高！ 真姫 TOP100
mst.title.4001334._name,クリパは何度だって最高！ 希 TOP100
mst.title.4001334._detailText,クリパは何度だって最高！ 希 TOP100
mst.title.4001335._name,クリパは何度だって最高！ 花陽 TOP100
mst.title.4001335._detailText,クリパは何度だって最高！ 花陽 TOP100
mst.title.4001336._name,クリパは何度だって最高！ にこ TOP100
mst.title.4001336._detailText,クリパは何度だって最高！ にこ TOP100
mst.title.4001337._name,クリパは何度だって最高！ 千歌 TOP100
mst.title.4001337._detailText,クリパは何度だって最高！ 千歌 TOP100
mst.title.4001338._name,クリパは何度だって最高！ 梨子 TOP100
mst.title.4001338._detailText,クリパは何度だって最高！ 梨子 TOP100
mst.title.4001339._name,クリパは何度だって最高！ 果南 TOP100
mst.title.4001339._detailText,クリパは何度だって最高！ 果南 TOP100
mst.title.4001340._name,クリパは何度だって最高！ ダイヤ TOP100
mst.title.4001340._detailText,クリパは何度だって最高！ ダイヤ TOP100
mst.title.4001341._name,クリパは何度だって最高！ 曜 TOP100
mst.title.4001341._detailText,クリパは何度だって最高！ 曜 TOP100
mst.title.4001342._name,クリパは何度だって最高！ 善子 TOP100
mst.title.4001342._detailText,クリパは何度だって最高！ 善子 TOP100
mst.title.4001343._name,クリパは何度だって最高！ 花丸 TOP100
mst.title.4001343._detailText,クリパは何度だって最高！ 花丸 TOP100
mst.title.4001344._name,クリパは何度だって最高！ 鞠莉 TOP100
mst.title.4001344._detailText,クリパは何度だって最高！ 鞠莉 TOP100
mst.title.4001345._name,クリパは何度だって最高！ ルビィ TOP100
mst.title.4001345._detailText,クリパは何度だって最高！ ルビィ TOP100
mst.title.4001346._name,クリパは何度だって最高！ 歩夢 TOP100
mst.title.4001346._detailText,クリパは何度だって最高！ 歩夢 TOP100
mst.title.4001347._name,クリパは何度だって最高！ かすみ TOP100
mst.title.4001347._detailText,クリパは何度だって最高！ かすみ TOP100
mst.title.4001348._name,クリパは何度だって最高！ しずく TOP100
mst.title.4001348._detailText,クリパは何度だって最高！ しずく TOP100
mst.title.4001349._name,クリパは何度だって最高！ 果林 TOP100
mst.title.4001349._detailText,クリパは何度だって最高！ 果林 TOP100
mst.title.4001350._name,クリパは何度だって最高！ 愛 TOP100
mst.title.4001350._detailText,クリパは何度だって最高！ 愛 TOP100
mst.title.4001351._name,クリパは何度だって最高！ 彼方 TOP100
mst.title.4001351._detailText,クリパは何度だって最高！ 彼方 TOP100
mst.title.4001352._name,クリパは何度だって最高！ せつ菜 TOP100
mst.title.4001352._detailText,クリパは何度だって最高！ せつ菜 TOP100
mst.title.4001353._name,クリパは何度だって最高！ エマ TOP100
mst.title.4001353._detailText,クリパは何度だって最高！ エマ TOP100
mst.title.4001354._name,クリパは何度だって最高！ 璃奈 TOP100
mst.title.4001354._detailText,クリパは何度だって最高！ 璃奈 TOP100
mst.title.4001355._name,クリパは何度だって最高！ 栞子 TOP100
mst.title.4001355._detailText,クリパは何度だって最高！ 栞子 TOP100
mst.title.4001356._name,クリパは何度だって最高！ ミア TOP100
mst.title.4001356._detailText,クリパは何度だって最高！ ミア TOP100
mst.title.4001357._name,クリパは何度だって最高！ 嵐珠 TOP100
mst.title.4001357._detailText,クリパは何度だって最高！ 嵐珠 TOP100
mst.title.4001358._name,クリパは何度だって最高！ かのん TOP100
mst.title.4001358._detailText,クリパは何度だって最高！ かのん TOP100
mst.title.4001359._name,クリパは何度だって最高！ 可可 TOP100
mst.title.4001359._detailText,クリパは何度だって最高！ 可可 TOP100
mst.title.4001360._name,クリパは何度だって最高！ 千砂都 TOP100
mst.title.4001360._detailText,クリパは何度だって最高！ 千砂都 TOP100
mst.title.4001361._name,クリパは何度だって最高！ すみれ TOP100
mst.title.4001361._detailText,クリパは何度だって最高！ すみれ TOP100
mst.title.4001362._name,クリパは何度だって最高！ 恋 TOP100
mst.title.4001362._detailText,クリパは何度だって最高！ 恋 TOP100
mst.title.4001363._name,クリパは何度だって最高！ きな子 TOP100
mst.title.4001363._detailText,クリパは何度だって最高！ きな子 TOP100
mst.title.4001364._name,クリパは何度だって最高！ メイ TOP100
mst.title.4001364._detailText,クリパは何度だって最高！ メイ TOP100
mst.title.4001365._name,クリパは何度だって最高！ 四季 TOP100
mst.title.4001365._detailText,クリパは何度だって最高！ 四季 TOP100
mst.title.4001366._name,クリパは何度だって最高！ 夏美 TOP100
mst.title.4001366._detailText,クリパは何度だって最高！ 夏美 TOP100
mst.title.4001367._name,クリパは何度だって最高！ 穂乃果 TOP300
mst.title.4001367._detailText,クリパは何度だって最高！ 穂乃果 TOP300
mst.title.4001368._name,クリパは何度だって最高！ 絵里 TOP300
mst.title.4001368._detailText,クリパは何度だって最高！ 絵里 TOP300
mst.title.4001369._name,クリパは何度だって最高！ ことり TOP300
mst.title.4001369._detailText,クリパは何度だって最高！ ことり TOP300
mst.title.4001370._name,クリパは何度だって最高！ 海未 TOP300
mst.title.4001370._detailText,クリパは何度だって最高！ 海未 TOP300
mst.title.4001371._name,クリパは何度だって最高！ 凛 TOP300
mst.title.4001371._detailText,クリパは何度だって最高！ 凛 TOP300
mst.title.4001372._name,クリパは何度だって最高！ 真姫 TOP300
mst.title.4001372._detailText,クリパは何度だって最高！ 真姫 TOP300
mst.title.4001373._name,クリパは何度だって最高！ 希 TOP300
mst.title.4001373._detailText,クリパは何度だって最高！ 希 TOP300
mst.title.4001374._name,クリパは何度だって最高！ 花陽 TOP300
mst.title.4001374._detailText,クリパは何度だって最高！ 花陽 TOP300
mst.title.4001375._name,クリパは何度だって最高！ にこ TOP300
mst.title.4001375._detailText,クリパは何度だって最高！ にこ TOP300
mst.title.4001376._name,クリパは何度だって最高！ 千歌 TOP300
mst.title.4001376._detailText,クリパは何度だって最高！ 千歌 TOP300
mst.title.4001377._name,クリパは何度だって最高！ 梨子 TOP300
mst.title.4001377._detailText,クリパは何度だって最高！ 梨子 TOP300
mst.title.4001378._name,クリパは何度だって最高！ 果南 TOP300
mst.title.4001378._detailText,クリパは何度だって最高！ 果南 TOP300
mst.title.4001379._name,クリパは何度だって最高！ ダイヤ TOP300
mst.title.4001379._detailText,クリパは何度だって最高！ ダイヤ TOP300
mst.title.4001380._name,クリパは何度だって最高！ 曜 TOP300
mst.title.4001380._detailText,クリパは何度だって最高！ 曜 TOP300
mst.title.4001381._name,クリパは何度だって最高！ 善子 TOP300
mst.title.4001381._detailText,クリパは何度だって最高！ 善子 TOP300
mst.title.4001382._name,クリパは何度だって最高！ 花丸 TOP300
mst.title.4001382._detailText,クリパは何度だって最高！ 花丸 TOP300
mst.title.4001383._name,クリパは何度だって最高！ 鞠莉 TOP300
mst.title.4001383._detailText,クリパは何度だって最高！ 鞠莉 TOP300
mst.title.4001384._name,クリパは何度だって最高！ ルビィ TOP300
mst.title.4001384._detailText,クリパは何度だって最高！ ルビィ TOP300
mst.title.4001385._name,クリパは何度だって最高！ 歩夢 TOP300
mst.title.4001385._detailText,クリパは何度だって最高！ 歩夢 TOP300
mst.title.4001386._name,クリパは何度だって最高！ かすみ TOP300
mst.title.4001386._detailText,クリパは何度だって最高！ かすみ TOP300
mst.title.4001387._name,クリパは何度だって最高！ しずく TOP300
mst.title.4001387._detailText,クリパは何度だって最高！ しずく TOP300
mst.title.4001388._name,クリパは何度だって最高！ 果林 TOP300
mst.title.4001388._detailText,クリパは何度だって最高！ 果林 TOP300
mst.title.4001389._name,クリパは何度だって最高！ 愛 TOP300
mst.title.4001389._detailText,クリパは何度だって最高！ 愛 TOP300
mst.title.4001390._name,クリパは何度だって最高！ 彼方 TOP300
mst.title.4001390._detailText,クリパは何度だって最高！ 彼方 TOP300
mst.title.4001391._name,クリパは何度だって最高！ せつ菜 TOP300
mst.title.4001391._detailText,クリパは何度だって最高！ せつ菜 TOP300
mst.title.4001392._name,クリパは何度だって最高！ エマ TOP300
mst.title.4001392._detailText,クリパは何度だって最高！ エマ TOP300
mst.title.4001393._name,クリパは何度だって最高！ 璃奈 TOP300
mst.title.4001393._detailText,クリパは何度だって最高！ 璃奈 TOP300
mst.title.4001394._name,クリパは何度だって最高！ 栞子 TOP300
mst.title.4001394._detailText,クリパは何度だって最高！ 栞子 TOP300
mst.title.4001395._name,クリパは何度だって最高！ ミア TOP300
mst.title.4001395._detailText,クリパは何度だって最高！ ミア TOP300
mst.title.4001396._name,クリパは何度だって最高！ 嵐珠 TOP300
mst.title.4001396._detailText,クリパは何度だって最高！ 嵐珠 TOP300
mst.title.4001397._name,クリパは何度だって最高！ かのん TOP300
mst.title.4001397._detailText,クリパは何度だって最高！ かのん TOP300
mst.title.4001398._name,クリパは何度だって最高！ 可可 TOP300
mst.title.4001398._detailText,クリパは何度だって最高！ 可可 TOP300
mst.title.4001399._name,クリパは何度だって最高！ 千砂都 TOP300
mst.title.4001399._detailText,クリパは何度だって最高！ 千砂都 TOP300
mst.title.4001400._name,クリパは何度だって最高！ すみれ TOP300
mst.title.4001400._detailText,クリパは何度だって最高！ すみれ TOP300
mst.title.4001401._name,クリパは何度だって最高！ 恋 TOP300
mst.title.4001401._detailText,クリパは何度だって最高！ 恋 TOP300
mst.title.4001402._name,クリパは何度だって最高！ きな子 TOP300
mst.title.4001402._detailText,クリパは何度だって最高！ きな子 TOP300
mst.title.4001403._name,クリパは何度だって最高！ メイ TOP300
mst.title.4001403._detailText,クリパは何度だって最高！ メイ TOP300
mst.title.4001404._name,クリパは何度だって最高！ 四季 TOP300
mst.title.4001404._detailText,クリパは何度だって最高！ 四季 TOP300
mst.title.4001405._name,クリパは何度だって最高！ 夏美 TOP300
mst.title.4001405._detailText,クリパは何度だって最高！ 夏美 TOP300
mst.title.4001406._name,クリパは何度だって最高！ 穂乃果 TOP1000
mst.title.4001406._detailText,クリパは何度だって最高！ 穂乃果 TOP1000
mst.title.4001407._name,クリパは何度だって最高！ 絵里 TOP1000
mst.title.4001407._detailText,クリパは何度だって最高！ 絵里 TOP1000
mst.title.4001408._name,クリパは何度だって最高！ ことり TOP1000
mst.title.4001408._detailText,クリパは何度だって最高！ ことり TOP1000
mst.title.4001409._name,クリパは何度だって最高！ 海未 TOP1000
mst.title.4001409._detailText,クリパは何度だって最高！ 海未 TOP1000
mst.title.4001410._name,クリパは何度だって最高！ 凛 TOP1000
mst.title.4001410._detailText,クリパは何度だって最高！ 凛 TOP1000
mst.title.4001411._name,クリパは何度だって最高！ 真姫 TOP1000
mst.title.4001411._detailText,クリパは何度だって最高！ 真姫 TOP1000
mst.title.4001412._name,クリパは何度だって最高！ 希 TOP1000
mst.title.4001412._detailText,クリパは何度だって最高！ 希 TOP1000
mst.title.4001413._name,クリパは何度だって最高！ 花陽 TOP1000
mst.title.4001413._detailText,クリパは何度だって最高！ 花陽 TOP1000
mst.title.4001414._name,クリパは何度だって最高！ にこ TOP1000
mst.title.4001414._detailText,クリパは何度だって最高！ にこ TOP1000
mst.title.4001415._name,クリパは何度だって最高！ 千歌 TOP1000
mst.title.4001415._detailText,クリパは何度だって最高！ 千歌 TOP1000
mst.title.4001416._name,クリパは何度だって最高！ 梨子 TOP1000
mst.title.4001416._detailText,クリパは何度だって最高！ 梨子 TOP1000
mst.title.4001417._name,クリパは何度だって最高！ 果南 TOP1000
mst.title.4001417._detailText,クリパは何度だって最高！ 果南 TOP1000
mst.title.4001418._name,クリパは何度だって最高！ ダイヤ TOP1000
mst.title.4001418._detailText,クリパは何度だって最高！ ダイヤ TOP1000
mst.title.4001419._name,クリパは何度だって最高！ 曜 TOP1000
mst.title.4001419._detailText,クリパは何度だって最高！ 曜 TOP1000
mst.title.4001420._name,クリパは何度だって最高！ 善子 TOP1000
mst.title.4001420._detailText,クリパは何度だって最高！ 善子 TOP1000
mst.title.4001421._name,クリパは何度だって最高！ 花丸 TOP1000
mst.title.4001421._detailText,クリパは何度だって最高！ 花丸 TOP1000
mst.title.4001422._name,クリパは何度だって最高！ 鞠莉 TOP1000
mst.title.4001422._detailText,クリパは何度だって最高！ 鞠莉 TOP1000
mst.title.4001423._name,クリパは何度だって最高！ ルビィ TOP1000
mst.title.4001423._detailText,クリパは何度だって最高！ ルビィ TOP1000
mst.title.4001424._name,クリパは何度だって最高！ 歩夢 TOP1000
mst.title.4001424._detailText,クリパは何度だって最高！ 歩夢 TOP1000
mst.title.4001425._name,クリパは何度だって最高！ かすみ TOP1000
mst.title.4001425._detailText,クリパは何度だって最高！ かすみ TOP1000
mst.title.4001426._name,クリパは何度だって最高！ しずく TOP1000
mst.title.4001426._detailText,クリパは何度だって最高！ しずく TOP1000
mst.title.4001427._name,クリパは何度だって最高！ 果林 TOP1000
mst.title.4001427._detailText,クリパは何度だって最高！ 果林 TOP1000
mst.title.4001428._name,クリパは何度だって最高！ 愛 TOP1000
mst.title.4001428._detailText,クリパは何度だって最高！ 愛 TOP1000
mst.title.4001429._name,クリパは何度だって最高！ 彼方 TOP1000
mst.title.4001429._detailText,クリパは何度だって最高！ 彼方 TOP1000
mst.title.4001430._name,クリパは何度だって最高！ せつ菜 TOP1000
mst.title.4001430._detailText,クリパは何度だって最高！ せつ菜 TOP1000
mst.title.4001431._name,クリパは何度だって最高！ エマ TOP1000
mst.title.4001431._detailText,クリパは何度だって最高！ エマ TOP1000
mst.title.4001432._name,クリパは何度だって最高！ 璃奈 TOP1000
mst.title.4001432._detailText,クリパは何度だって最高！ 璃奈 TOP1000
mst.title.4001433._name,クリパは何度だって最高！ 栞子 TOP1000
mst.title.4001433._detailText,クリパは何度だって最高！ 栞子 TOP1000
mst.title.4001434._name,クリパは何度だって最高！ ミア TOP1000
mst.title.4001434._detailText,クリパは何度だって最高！ ミア TOP1000
mst.title.4001435._name,クリパは何度だって最高！ 嵐珠 TOP1000
mst.title.4001435._detailText,クリパは何度だって最高！ 嵐珠 TOP1000
mst.title.4001436._name,クリパは何度だって最高！ かのん TOP1000
mst.title.4001436._detailText,クリパは何度だって最高！ かのん TOP1000
mst.title.4001437._name,クリパは何度だって最高！ 可可 TOP1000
mst.title.4001437._detailText,クリパは何度だって最高！ 可可 TOP1000
mst.title.4001438._name,クリパは何度だって最高！ 千砂都 TOP1000
mst.title.4001438._detailText,クリパは何度だって最高！ 千砂都 TOP1000
mst.title.4001439._name,クリパは何度だって最高！ すみれ TOP1000
mst.title.4001439._detailText,クリパは何度だって最高！ すみれ TOP1000
mst.title.4001440._name,クリパは何度だって最高！ 恋 TOP1000
mst.title.4001440._detailText,クリパは何度だって最高！ 恋 TOP1000
mst.title.4001441._name,クリパは何度だって最高！ きな子 TOP1000
mst.title.4001441._detailText,クリパは何度だって最高！ きな子 TOP1000
mst.title.4001442._name,クリパは何度だって最高！ メイ TOP1000
mst.title.4001442._detailText,クリパは何度だって最高！ メイ TOP1000
mst.title.4001443._name,クリパは何度だって最高！ 四季 TOP1000
mst.title.4001443._detailText,クリパは何度だって最高！ 四季 TOP1000
mst.title.4001444._name,クリパは何度だって最高！ 夏美 TOP1000
mst.title.4001444._detailText,クリパは何度だって最高！ 夏美 TOP1000
mst.title.4001445._name,淡島ハッピーニューイヤー！ 穂乃果 TOP1
mst.title.4001445._detailText,淡島ハッピーニューイヤー！ 穂乃果 TOP1
mst.title.4001446._name,淡島ハッピーニューイヤー！ 絵里 TOP1
mst.title.4001446._detailText,淡島ハッピーニューイヤー！ 絵里 TOP1
mst.title.4001447._name,淡島ハッピーニューイヤー！ ことり TOP1
mst.title.4001447._detailText,淡島ハッピーニューイヤー！ ことり TOP1
mst.title.4001448._name,淡島ハッピーニューイヤー！ 海未 TOP1
mst.title.4001448._detailText,淡島ハッピーニューイヤー！ 海未 TOP1
mst.title.4001449._name,淡島ハッピーニューイヤー！ 凛 TOP1
mst.title.4001449._detailText,淡島ハッピーニューイヤー！ 凛 TOP1
mst.title.4001450._name,淡島ハッピーニューイヤー！ 真姫 TOP1
mst.title.4001450._detailText,淡島ハッピーニューイヤー！ 真姫 TOP1
mst.title.4001451._name,淡島ハッピーニューイヤー！ 希 TOP1
mst.title.4001451._detailText,淡島ハッピーニューイヤー！ 希 TOP1
mst.title.4001452._name,淡島ハッピーニューイヤー！ 花陽 TOP1
mst.title.4001452._detailText,淡島ハッピーニューイヤー！ 花陽 TOP1
mst.title.4001453._name,淡島ハッピーニューイヤー！ にこ TOP1
mst.title.4001453._detailText,淡島ハッピーニューイヤー！ にこ TOP1
mst.title.4001454._name,淡島ハッピーニューイヤー！ 千歌 TOP1
mst.title.4001454._detailText,淡島ハッピーニューイヤー！ 千歌 TOP1
mst.title.4001455._name,淡島ハッピーニューイヤー！ 梨子 TOP1
mst.title.4001455._detailText,淡島ハッピーニューイヤー！ 梨子 TOP1
mst.title.4001456._name,淡島ハッピーニューイヤー！ 果南 TOP1
mst.title.4001456._detailText,淡島ハッピーニューイヤー！ 果南 TOP1
mst.title.4001457._name,淡島ハッピーニューイヤー！ ダイヤ TOP1
mst.title.4001457._detailText,淡島ハッピーニューイヤー！ ダイヤ TOP1
mst.title.4001458._name,淡島ハッピーニューイヤー！ 曜 TOP1
mst.title.4001458._detailText,淡島ハッピーニューイヤー！ 曜 TOP1
mst.title.4001459._name,淡島ハッピーニューイヤー！ 善子 TOP1
mst.title.4001459._detailText,淡島ハッピーニューイヤー！ 善子 TOP1
mst.title.4001460._name,淡島ハッピーニューイヤー！ 花丸 TOP1
mst.title.4001460._detailText,淡島ハッピーニューイヤー！ 花丸 TOP1
mst.title.4001461._name,淡島ハッピーニューイヤー！ 鞠莉 TOP1
mst.title.4001461._detailText,淡島ハッピーニューイヤー！ 鞠莉 TOP1
mst.title.4001462._name,淡島ハッピーニューイヤー！ ルビィ TOP1
mst.title.4001462._detailText,淡島ハッピーニューイヤー！ ルビィ TOP1
mst.title.4001463._name,淡島ハッピーニューイヤー！ 歩夢 TOP1
mst.title.4001463._detailText,淡島ハッピーニューイヤー！ 歩夢 TOP1
mst.title.4001464._name,淡島ハッピーニューイヤー！ かすみ TOP1
mst.title.4001464._detailText,淡島ハッピーニューイヤー！ かすみ TOP1
mst.title.4001465._name,淡島ハッピーニューイヤー！ しずく TOP1
mst.title.4001465._detailText,淡島ハッピーニューイヤー！ しずく TOP1
mst.title.4001466._name,淡島ハッピーニューイヤー！ 果林 TOP1
mst.title.4001466._detailText,淡島ハッピーニューイヤー！ 果林 TOP1
mst.title.4001467._name,淡島ハッピーニューイヤー！ 愛 TOP1
mst.title.4001467._detailText,淡島ハッピーニューイヤー！ 愛 TOP1
mst.title.4001468._name,淡島ハッピーニューイヤー！ 彼方 TOP1
mst.title.4001468._detailText,淡島ハッピーニューイヤー！ 彼方 TOP1
mst.title.4001469._name,淡島ハッピーニューイヤー！ せつ菜 TOP1
mst.title.4001469._detailText,淡島ハッピーニューイヤー！ せつ菜 TOP1
mst.title.4001470._name,淡島ハッピーニューイヤー！ エマ TOP1
mst.title.4001470._detailText,淡島ハッピーニューイヤー！ エマ TOP1
mst.title.4001471._name,淡島ハッピーニューイヤー！ 璃奈 TOP1
mst.title.4001471._detailText,淡島ハッピーニューイヤー！ 璃奈 TOP1
mst.title.4001472._name,淡島ハッピーニューイヤー！ 栞子 TOP1
mst.title.4001472._detailText,淡島ハッピーニューイヤー！ 栞子 TOP1
mst.title.4001473._name,淡島ハッピーニューイヤー！ ミア TOP1
mst.title.4001473._detailText,淡島ハッピーニューイヤー！ ミア TOP1
mst.title.4001474._name,淡島ハッピーニューイヤー！ 嵐珠 TOP1
mst.title.4001474._detailText,淡島ハッピーニューイヤー！ 嵐珠 TOP1
mst.title.4001475._name,淡島ハッピーニューイヤー！ かのん TOP1
mst.title.4001475._detailText,淡島ハッピーニューイヤー！ かのん TOP1
mst.title.4001476._name,淡島ハッピーニューイヤー！ 可可 TOP1
mst.title.4001476._detailText,淡島ハッピーニューイヤー！ 可可 TOP1
mst.title.4001477._name,淡島ハッピーニューイヤー！ 千砂都 TOP1
mst.title.4001477._detailText,淡島ハッピーニューイヤー！ 千砂都 TOP1
mst.title.4001478._name,淡島ハッピーニューイヤー！ すみれ TOP1
mst.title.4001478._detailText,淡島ハッピーニューイヤー！ すみれ TOP1
mst.title.4001479._name,淡島ハッピーニューイヤー！ 恋 TOP1
mst.title.4001479._detailText,淡島ハッピーニューイヤー！ 恋 TOP1
mst.title.4001480._name,淡島ハッピーニューイヤー！ きな子 TOP1
mst.title.4001480._detailText,淡島ハッピーニューイヤー！ きな子 TOP1
mst.title.4001481._name,淡島ハッピーニューイヤー！ メイ TOP1
mst.title.4001481._detailText,淡島ハッピーニューイヤー！ メイ TOP1
mst.title.4001482._name,淡島ハッピーニューイヤー！ 四季 TOP1
mst.title.4001482._detailText,淡島ハッピーニューイヤー！ 四季 TOP1
mst.title.4001483._name,淡島ハッピーニューイヤー！ 夏美 TOP1
mst.title.4001483._detailText,淡島ハッピーニューイヤー！ 夏美 TOP1
mst.title.4001484._name,淡島ハッピーニューイヤー！ マルガレーテ TOP1
mst.title.4001484._detailText,淡島ハッピーニューイヤー！ マルガレーテ TOP1
mst.title.4001485._name,淡島ハッピーニューイヤー！ 冬毬 TOP1
mst.title.4001485._detailText,淡島ハッピーニューイヤー！ 冬毬 TOP1
mst.title.4001486._name,淡島ハッピーニューイヤー！ 穂乃果 TOP2
mst.title.4001486._detailText,淡島ハッピーニューイヤー！ 穂乃果 TOP2
mst.title.4001487._name,淡島ハッピーニューイヤー！ 絵里 TOP2
mst.title.4001487._detailText,淡島ハッピーニューイヤー！ 絵里 TOP2
mst.title.4001488._name,淡島ハッピーニューイヤー！ ことり TOP2
mst.title.4001488._detailText,淡島ハッピーニューイヤー！ ことり TOP2
mst.title.4001489._name,淡島ハッピーニューイヤー！ 海未 TOP2
mst.title.4001489._detailText,淡島ハッピーニューイヤー！ 海未 TOP2
mst.title.4001490._name,淡島ハッピーニューイヤー！ 凛 TOP2
mst.title.4001490._detailText,淡島ハッピーニューイヤー！ 凛 TOP2
mst.title.4001491._name,淡島ハッピーニューイヤー！ 真姫 TOP2
mst.title.4001491._detailText,淡島ハッピーニューイヤー！ 真姫 TOP2
mst.title.4001492._name,淡島ハッピーニューイヤー！ 希 TOP2
mst.title.4001492._detailText,淡島ハッピーニューイヤー！ 希 TOP2
mst.title.4001493._name,淡島ハッピーニューイヤー！ 花陽 TOP2
mst.title.4001493._detailText,淡島ハッピーニューイヤー！ 花陽 TOP2
mst.title.4001494._name,淡島ハッピーニューイヤー！ にこ TOP2
mst.title.4001494._detailText,淡島ハッピーニューイヤー！ にこ TOP2
mst.title.4001495._name,淡島ハッピーニューイヤー！ 千歌 TOP2
mst.title.4001495._detailText,淡島ハッピーニューイヤー！ 千歌 TOP2
mst.title.4001496._name,淡島ハッピーニューイヤー！ 梨子 TOP2
mst.title.4001496._detailText,淡島ハッピーニューイヤー！ 梨子 TOP2
mst.title.4001497._name,淡島ハッピーニューイヤー！ 果南 TOP2
mst.title.4001497._detailText,淡島ハッピーニューイヤー！ 果南 TOP2
mst.title.4001498._name,淡島ハッピーニューイヤー！ ダイヤ TOP2
mst.title.4001498._detailText,淡島ハッピーニューイヤー！ ダイヤ TOP2
mst.title.4001499._name,淡島ハッピーニューイヤー！ 曜 TOP2
mst.title.4001499._detailText,淡島ハッピーニューイヤー！ 曜 TOP2
mst.title.4001500._name,淡島ハッピーニューイヤー！ 善子 TOP2
mst.title.4001500._detailText,淡島ハッピーニューイヤー！ 善子 TOP2
mst.title.4001501._name,淡島ハッピーニューイヤー！ 花丸 TOP2
mst.title.4001501._detailText,淡島ハッピーニューイヤー！ 花丸 TOP2
mst.title.4001502._name,淡島ハッピーニューイヤー！ 鞠莉 TOP2
mst.title.4001502._detailText,淡島ハッピーニューイヤー！ 鞠莉 TOP2
mst.title.4001503._name,淡島ハッピーニューイヤー！ ルビィ TOP2
mst.title.4001503._detailText,淡島ハッピーニューイヤー！ ルビィ TOP2
mst.title.4001504._name,淡島ハッピーニューイヤー！ 歩夢 TOP2
mst.title.4001504._detailText,淡島ハッピーニューイヤー！ 歩夢 TOP2
mst.title.4001505._name,淡島ハッピーニューイヤー！ かすみ TOP2
mst.title.4001505._detailText,淡島ハッピーニューイヤー！ かすみ TOP2
mst.title.4001506._name,淡島ハッピーニューイヤー！ しずく TOP2
mst.title.4001506._detailText,淡島ハッピーニューイヤー！ しずく TOP2
mst.title.4001507._name,淡島ハッピーニューイヤー！ 果林 TOP2
mst.title.4001507._detailText,淡島ハッピーニューイヤー！ 果林 TOP2
mst.title.4001508._name,淡島ハッピーニューイヤー！ 愛 TOP2
mst.title.4001508._detailText,淡島ハッピーニューイヤー！ 愛 TOP2
mst.title.4001509._name,淡島ハッピーニューイヤー！ 彼方 TOP2
mst.title.4001509._detailText,淡島ハッピーニューイヤー！ 彼方 TOP2
mst.title.4001510._name,淡島ハッピーニューイヤー！ せつ菜 TOP2
mst.title.4001510._detailText,淡島ハッピーニューイヤー！ せつ菜 TOP2
mst.title.4001511._name,淡島ハッピーニューイヤー！ エマ TOP2
mst.title.4001511._detailText,淡島ハッピーニューイヤー！ エマ TOP2
mst.title.4001512._name,淡島ハッピーニューイヤー！ 璃奈 TOP2
mst.title.4001512._detailText,淡島ハッピーニューイヤー！ 璃奈 TOP2
mst.title.4001513._name,淡島ハッピーニューイヤー！ 栞子 TOP2
mst.title.4001513._detailText,淡島ハッピーニューイヤー！ 栞子 TOP2
mst.title.4001514._name,淡島ハッピーニューイヤー！ ミア TOP2
mst.title.4001514._detailText,淡島ハッピーニューイヤー！ ミア TOP2
mst.title.4001515._name,淡島ハッピーニューイヤー！ 嵐珠 TOP2
mst.title.4001515._detailText,淡島ハッピーニューイヤー！ 嵐珠 TOP2
mst.title.4001516._name,淡島ハッピーニューイヤー！ かのん TOP2
mst.title.4001516._detailText,淡島ハッピーニューイヤー！ かのん TOP2
mst.title.4001517._name,淡島ハッピーニューイヤー！ 可可 TOP2
mst.title.4001517._detailText,淡島ハッピーニューイヤー！ 可可 TOP2
mst.title.4001518._name,淡島ハッピーニューイヤー！ 千砂都 TOP2
mst.title.4001518._detailText,淡島ハッピーニューイヤー！ 千砂都 TOP2
mst.title.4001519._name,淡島ハッピーニューイヤー！ すみれ TOP2
mst.title.4001519._detailText,淡島ハッピーニューイヤー！ すみれ TOP2
mst.title.4001520._name,淡島ハッピーニューイヤー！ 恋 TOP2
mst.title.4001520._detailText,淡島ハッピーニューイヤー！ 恋 TOP2
mst.title.4001521._name,淡島ハッピーニューイヤー！ きな子 TOP2
mst.title.4001521._detailText,淡島ハッピーニューイヤー！ きな子 TOP2
mst.title.4001522._name,淡島ハッピーニューイヤー！ メイ TOP2
mst.title.4001522._detailText,淡島ハッピーニューイヤー！ メイ TOP2
mst.title.4001523._name,淡島ハッピーニューイヤー！ 四季 TOP2
mst.title.4001523._detailText,淡島ハッピーニューイヤー！ 四季 TOP2
mst.title.4001524._name,淡島ハッピーニューイヤー！ 夏美 TOP2
mst.title.4001524._detailText,淡島ハッピーニューイヤー！ 夏美 TOP2
mst.title.4001525._name,淡島ハッピーニューイヤー！ マルガレーテ TOP2
mst.title.4001525._detailText,淡島ハッピーニューイヤー！ マルガレーテ TOP2
mst.title.4001526._name,淡島ハッピーニューイヤー！ 冬毬 TOP2
mst.title.4001526._detailText,淡島ハッピーニューイヤー！ 冬毬 TOP2
mst.title.4001527._name,淡島ハッピーニューイヤー！ 穂乃果 TOP3
mst.title.4001527._detailText,淡島ハッピーニューイヤー！ 穂乃果 TOP3
mst.title.4001528._name,淡島ハッピーニューイヤー！ 絵里 TOP3
mst.title.4001528._detailText,淡島ハッピーニューイヤー！ 絵里 TOP3
mst.title.4001529._name,淡島ハッピーニューイヤー！ ことり TOP3
mst.title.4001529._detailText,淡島ハッピーニューイヤー！ ことり TOP3
mst.title.4001530._name,淡島ハッピーニューイヤー！ 海未 TOP3
mst.title.4001530._detailText,淡島ハッピーニューイヤー！ 海未 TOP3
mst.title.4001531._name,淡島ハッピーニューイヤー！ 凛 TOP3
mst.title.4001531._detailText,淡島ハッピーニューイヤー！ 凛 TOP3
mst.title.4001532._name,淡島ハッピーニューイヤー！ 真姫 TOP3
mst.title.4001532._detailText,淡島ハッピーニューイヤー！ 真姫 TOP3
mst.title.4001533._name,淡島ハッピーニューイヤー！ 希 TOP3
mst.title.4001533._detailText,淡島ハッピーニューイヤー！ 希 TOP3
mst.title.4001534._name,淡島ハッピーニューイヤー！ 花陽 TOP3
mst.title.4001534._detailText,淡島ハッピーニューイヤー！ 花陽 TOP3
mst.title.4001535._name,淡島ハッピーニューイヤー！ にこ TOP3
mst.title.4001535._detailText,淡島ハッピーニューイヤー！ にこ TOP3
mst.title.4001536._name,淡島ハッピーニューイヤー！ 千歌 TOP3
mst.title.4001536._detailText,淡島ハッピーニューイヤー！ 千歌 TOP3
mst.title.4001537._name,淡島ハッピーニューイヤー！ 梨子 TOP3
mst.title.4001537._detailText,淡島ハッピーニューイヤー！ 梨子 TOP3
mst.title.4001538._name,淡島ハッピーニューイヤー！ 果南 TOP3
mst.title.4001538._detailText,淡島ハッピーニューイヤー！ 果南 TOP3
mst.title.4001539._name,淡島ハッピーニューイヤー！ ダイヤ TOP3
mst.title.4001539._detailText,淡島ハッピーニューイヤー！ ダイヤ TOP3
mst.title.4001540._name,淡島ハッピーニューイヤー！ 曜 TOP3
mst.title.4001540._detailText,淡島ハッピーニューイヤー！ 曜 TOP3
mst.title.4001541._name,淡島ハッピーニューイヤー！ 善子 TOP3
mst.title.4001541._detailText,淡島ハッピーニューイヤー！ 善子 TOP3
mst.title.4001542._name,淡島ハッピーニューイヤー！ 花丸 TOP3
mst.title.4001542._detailText,淡島ハッピーニューイヤー！ 花丸 TOP3
mst.title.4001543._name,淡島ハッピーニューイヤー！ 鞠莉 TOP3
mst.title.4001543._detailText,淡島ハッピーニューイヤー！ 鞠莉 TOP3
mst.title.4001544._name,淡島ハッピーニューイヤー！ ルビィ TOP3
mst.title.4001544._detailText,淡島ハッピーニューイヤー！ ルビィ TOP3
mst.title.4001545._name,淡島ハッピーニューイヤー！ 歩夢 TOP3
mst.title.4001545._detailText,淡島ハッピーニューイヤー！ 歩夢 TOP3
mst.title.4001546._name,淡島ハッピーニューイヤー！ かすみ TOP3
mst.title.4001546._detailText,淡島ハッピーニューイヤー！ かすみ TOP3
mst.title.4001547._name,淡島ハッピーニューイヤー！ しずく TOP3
mst.title.4001547._detailText,淡島ハッピーニューイヤー！ しずく TOP3
mst.title.4001548._name,淡島ハッピーニューイヤー！ 果林 TOP3
mst.title.4001548._detailText,淡島ハッピーニューイヤー！ 果林 TOP3
mst.title.4001549._name,淡島ハッピーニューイヤー！ 愛 TOP3
mst.title.4001549._detailText,淡島ハッピーニューイヤー！ 愛 TOP3
mst.title.4001550._name,淡島ハッピーニューイヤー！ 彼方 TOP3
mst.title.4001550._detailText,淡島ハッピーニューイヤー！ 彼方 TOP3
mst.title.4001551._name,淡島ハッピーニューイヤー！ せつ菜 TOP3
mst.title.4001551._detailText,淡島ハッピーニューイヤー！ せつ菜 TOP3
mst.title.4001552._name,淡島ハッピーニューイヤー！ エマ TOP3
mst.title.4001552._detailText,淡島ハッピーニューイヤー！ エマ TOP3
mst.title.4001553._name,淡島ハッピーニューイヤー！ 璃奈 TOP3
mst.title.4001553._detailText,淡島ハッピーニューイヤー！ 璃奈 TOP3
mst.title.4001554._name,淡島ハッピーニューイヤー！ 栞子 TOP3
mst.title.4001554._detailText,淡島ハッピーニューイヤー！ 栞子 TOP3
mst.title.4001555._name,淡島ハッピーニューイヤー！ ミア TOP3
mst.title.4001555._detailText,淡島ハッピーニューイヤー！ ミア TOP3
mst.title.4001556._name,淡島ハッピーニューイヤー！ 嵐珠 TOP3
mst.title.4001556._detailText,淡島ハッピーニューイヤー！ 嵐珠 TOP3
mst.title.4001557._name,淡島ハッピーニューイヤー！ かのん TOP3
mst.title.4001557._detailText,淡島ハッピーニューイヤー！ かのん TOP3
mst.title.4001558._name,淡島ハッピーニューイヤー！ 可可 TOP3
mst.title.4001558._detailText,淡島ハッピーニューイヤー！ 可可 TOP3
mst.title.4001559._name,淡島ハッピーニューイヤー！ 千砂都 TOP3
mst.title.4001559._detailText,淡島ハッピーニューイヤー！ 千砂都 TOP3
mst.title.4001560._name,淡島ハッピーニューイヤー！ すみれ TOP3
mst.title.4001560._detailText,淡島ハッピーニューイヤー！ すみれ TOP3
mst.title.4001561._name,淡島ハッピーニューイヤー！ 恋 TOP3
mst.title.4001561._detailText,淡島ハッピーニューイヤー！ 恋 TOP3
mst.title.4001562._name,淡島ハッピーニューイヤー！ きな子 TOP3
mst.title.4001562._detailText,淡島ハッピーニューイヤー！ きな子 TOP3
mst.title.4001563._name,淡島ハッピーニューイヤー！ メイ TOP3
mst.title.4001563._detailText,淡島ハッピーニューイヤー！ メイ TOP3
mst.title.4001564._name,淡島ハッピーニューイヤー！ 四季 TOP3
mst.title.4001564._detailText,淡島ハッピーニューイヤー！ 四季 TOP3
mst.title.4001565._name,淡島ハッピーニューイヤー！ 夏美 TOP3
mst.title.4001565._detailText,淡島ハッピーニューイヤー！ 夏美 TOP3
mst.title.4001566._name,淡島ハッピーニューイヤー！ マルガレーテ TOP3
mst.title.4001566._detailText,淡島ハッピーニューイヤー！ マルガレーテ TOP3
mst.title.4001567._name,淡島ハッピーニューイヤー！ 冬毬 TOP3
mst.title.4001567._detailText,淡島ハッピーニューイヤー！ 冬毬 TOP3
mst.title.4001568._name,淡島ハッピーニューイヤー！ 穂乃果 TOP10
mst.title.4001568._detailText,淡島ハッピーニューイヤー！ 穂乃果 TOP10
mst.title.4001569._name,淡島ハッピーニューイヤー！ 絵里 TOP10
mst.title.4001569._detailText,淡島ハッピーニューイヤー！ 絵里 TOP10
mst.title.4001570._name,淡島ハッピーニューイヤー！ ことり TOP10
mst.title.4001570._detailText,淡島ハッピーニューイヤー！ ことり TOP10
mst.title.4001571._name,淡島ハッピーニューイヤー！ 海未 TOP10
mst.title.4001571._detailText,淡島ハッピーニューイヤー！ 海未 TOP10
mst.title.4001572._name,淡島ハッピーニューイヤー！ 凛 TOP10
mst.title.4001572._detailText,淡島ハッピーニューイヤー！ 凛 TOP10
mst.title.4001573._name,淡島ハッピーニューイヤー！ 真姫 TOP10
mst.title.4001573._detailText,淡島ハッピーニューイヤー！ 真姫 TOP10
mst.title.4001574._name,淡島ハッピーニューイヤー！ 希 TOP10
mst.title.4001574._detailText,淡島ハッピーニューイヤー！ 希 TOP10
mst.title.4001575._name,淡島ハッピーニューイヤー！ 花陽 TOP10
mst.title.4001575._detailText,淡島ハッピーニューイヤー！ 花陽 TOP10
mst.title.4001576._name,淡島ハッピーニューイヤー！ にこ TOP10
mst.title.4001576._detailText,淡島ハッピーニューイヤー！ にこ TOP10
mst.title.4001577._name,淡島ハッピーニューイヤー！ 千歌 TOP10
mst.title.4001577._detailText,淡島ハッピーニューイヤー！ 千歌 TOP10
mst.title.4001578._name,淡島ハッピーニューイヤー！ 梨子 TOP10
mst.title.4001578._detailText,淡島ハッピーニューイヤー！ 梨子 TOP10
mst.title.4001579._name,淡島ハッピーニューイヤー！ 果南 TOP10
mst.title.4001579._detailText,淡島ハッピーニューイヤー！ 果南 TOP10
mst.title.4001580._name,淡島ハッピーニューイヤー！ ダイヤ TOP10
mst.title.4001580._detailText,淡島ハッピーニューイヤー！ ダイヤ TOP10
mst.title.4001581._name,淡島ハッピーニューイヤー！ 曜 TOP10
mst.title.4001581._detailText,淡島ハッピーニューイヤー！ 曜 TOP10
mst.title.4001582._name,淡島ハッピーニューイヤー！ 善子 TOP10
mst.title.4001582._detailText,淡島ハッピーニューイヤー！ 善子 TOP10
mst.title.4001583._name,淡島ハッピーニューイヤー！ 花丸 TOP10
mst.title.4001583._detailText,淡島ハッピーニューイヤー！ 花丸 TOP10
mst.title.4001584._name,淡島ハッピーニューイヤー！ 鞠莉 TOP10
mst.title.4001584._detailText,淡島ハッピーニューイヤー！ 鞠莉 TOP10
mst.title.4001585._name,淡島ハッピーニューイヤー！ ルビィ TOP10
mst.title.4001585._detailText,淡島ハッピーニューイヤー！ ルビィ TOP10
mst.title.4001586._name,淡島ハッピーニューイヤー！ 歩夢 TOP10
mst.title.4001586._detailText,淡島ハッピーニューイヤー！ 歩夢 TOP10
mst.title.4001587._name,淡島ハッピーニューイヤー！ かすみ TOP10
mst.title.4001587._detailText,淡島ハッピーニューイヤー！ かすみ TOP10
mst.title.4001588._name,淡島ハッピーニューイヤー！ しずく TOP10
mst.title.4001588._detailText,淡島ハッピーニューイヤー！ しずく TOP10
mst.title.4001589._name,淡島ハッピーニューイヤー！ 果林 TOP10
mst.title.4001589._detailText,淡島ハッピーニューイヤー！ 果林 TOP10
mst.title.4001590._name,淡島ハッピーニューイヤー！ 愛 TOP10
mst.title.4001590._detailText,淡島ハッピーニューイヤー！ 愛 TOP10
mst.title.4001591._name,淡島ハッピーニューイヤー！ 彼方 TOP10
mst.title.4001591._detailText,淡島ハッピーニューイヤー！ 彼方 TOP10
mst.title.4001592._name,淡島ハッピーニューイヤー！ せつ菜 TOP10
mst.title.4001592._detailText,淡島ハッピーニューイヤー！ せつ菜 TOP10
mst.title.4001593._name,淡島ハッピーニューイヤー！ エマ TOP10
mst.title.4001593._detailText,淡島ハッピーニューイヤー！ エマ TOP10
mst.title.4001594._name,淡島ハッピーニューイヤー！ 璃奈 TOP10
mst.title.4001594._detailText,淡島ハッピーニューイヤー！ 璃奈 TOP10
mst.title.4001595._name,淡島ハッピーニューイヤー！ 栞子 TOP10
mst.title.4001595._detailText,淡島ハッピーニューイヤー！ 栞子 TOP10
mst.title.4001596._name,淡島ハッピーニューイヤー！ ミア TOP10
mst.title.4001596._detailText,淡島ハッピーニューイヤー！ ミア TOP10
mst.title.4001597._name,淡島ハッピーニューイヤー！ 嵐珠 TOP10
mst.title.4001597._detailText,淡島ハッピーニューイヤー！ 嵐珠 TOP10
mst.title.4001598._name,淡島ハッピーニューイヤー！ かのん TOP10
mst.title.4001598._detailText,淡島ハッピーニューイヤー！ かのん TOP10
mst.title.4001599._name,淡島ハッピーニューイヤー！ 可可 TOP10
mst.title.4001599._detailText,淡島ハッピーニューイヤー！ 可可 TOP10
mst.title.4001600._name,淡島ハッピーニューイヤー！ 千砂都 TOP10
mst.title.4001600._detailText,淡島ハッピーニューイヤー！ 千砂都 TOP10
mst.title.4001601._name,淡島ハッピーニューイヤー！ すみれ TOP10
mst.title.4001601._detailText,淡島ハッピーニューイヤー！ すみれ TOP10
mst.title.4001602._name,淡島ハッピーニューイヤー！ 恋 TOP10
mst.title.4001602._detailText,淡島ハッピーニューイヤー！ 恋 TOP10
mst.title.4001603._name,淡島ハッピーニューイヤー！ きな子 TOP10
mst.title.4001603._detailText,淡島ハッピーニューイヤー！ きな子 TOP10
mst.title.4001604._name,淡島ハッピーニューイヤー！ メイ TOP10
mst.title.4001604._detailText,淡島ハッピーニューイヤー！ メイ TOP10
mst.title.4001605._name,淡島ハッピーニューイヤー！ 四季 TOP10
mst.title.4001605._detailText,淡島ハッピーニューイヤー！ 四季 TOP10
mst.title.4001606._name,淡島ハッピーニューイヤー！ 夏美 TOP10
mst.title.4001606._detailText,淡島ハッピーニューイヤー！ 夏美 TOP10
mst.title.4001607._name,淡島ハッピーニューイヤー！ マルガレーテ TOP10
mst.title.4001607._detailText,淡島ハッピーニューイヤー！ マルガレーテ TOP10
mst.title.4001608._name,淡島ハッピーニューイヤー！ 冬毬 TOP10
mst.title.4001608._detailText,淡島ハッピーニューイヤー！ 冬毬 TOP10
mst.title.4001609._name,淡島ハッピーニューイヤー！ 穂乃果 TOP100
mst.title.4001609._detailText,淡島ハッピーニューイヤー！ 穂乃果 TOP100
mst.title.4001610._name,淡島ハッピーニューイヤー！ 絵里 TOP100
mst.title.4001610._detailText,淡島ハッピーニューイヤー！ 絵里 TOP100
mst.title.4001611._name,淡島ハッピーニューイヤー！ ことり TOP100
mst.title.4001611._detailText,淡島ハッピーニューイヤー！ ことり TOP100
mst.title.4001612._name,淡島ハッピーニューイヤー！ 海未 TOP100
mst.title.4001612._detailText,淡島ハッピーニューイヤー！ 海未 TOP100
mst.title.4001613._name,淡島ハッピーニューイヤー！ 凛 TOP100
mst.title.4001613._detailText,淡島ハッピーニューイヤー！ 凛 TOP100
mst.title.4001614._name,淡島ハッピーニューイヤー！ 真姫 TOP100
mst.title.4001614._detailText,淡島ハッピーニューイヤー！ 真姫 TOP100
mst.title.4001615._name,淡島ハッピーニューイヤー！ 希 TOP100
mst.title.4001615._detailText,淡島ハッピーニューイヤー！ 希 TOP100
mst.title.4001616._name,淡島ハッピーニューイヤー！ 花陽 TOP100
mst.title.4001616._detailText,淡島ハッピーニューイヤー！ 花陽 TOP100
mst.title.4001617._name,淡島ハッピーニューイヤー！ にこ TOP100
mst.title.4001617._detailText,淡島ハッピーニューイヤー！ にこ TOP100
mst.title.4001618._name,淡島ハッピーニューイヤー！ 千歌 TOP100
mst.title.4001618._detailText,淡島ハッピーニューイヤー！ 千歌 TOP100
mst.title.4001619._name,淡島ハッピーニューイヤー！ 梨子 TOP100
mst.title.4001619._detailText,淡島ハッピーニューイヤー！ 梨子 TOP100
mst.title.4001620._name,淡島ハッピーニューイヤー！ 果南 TOP100
mst.title.4001620._detailText,淡島ハッピーニューイヤー！ 果南 TOP100
mst.title.4001621._name,淡島ハッピーニューイヤー！ ダイヤ TOP100
mst.title.4001621._detailText,淡島ハッピーニューイヤー！ ダイヤ TOP100
mst.title.4001622._name,淡島ハッピーニューイヤー！ 曜 TOP100
mst.title.4001622._detailText,淡島ハッピーニューイヤー！ 曜 TOP100
mst.title.4001623._name,淡島ハッピーニューイヤー！ 善子 TOP100
mst.title.4001623._detailText,淡島ハッピーニューイヤー！ 善子 TOP100
mst.title.4001624._name,淡島ハッピーニューイヤー！ 花丸 TOP100
mst.title.4001624._detailText,淡島ハッピーニューイヤー！ 花丸 TOP100
mst.title.4001625._name,淡島ハッピーニューイヤー！ 鞠莉 TOP100
mst.title.4001625._detailText,淡島ハッピーニューイヤー！ 鞠莉 TOP100
mst.title.4001626._name,淡島ハッピーニューイヤー！ ルビィ TOP100
mst.title.4001626._detailText,淡島ハッピーニューイヤー！ ルビィ TOP100
mst.title.4001627._name,淡島ハッピーニューイヤー！ 歩夢 TOP100
mst.title.4001627._detailText,淡島ハッピーニューイヤー！ 歩夢 TOP100
mst.title.4001628._name,淡島ハッピーニューイヤー！ かすみ TOP100
mst.title.4001628._detailText,淡島ハッピーニューイヤー！ かすみ TOP100
mst.title.4001629._name,淡島ハッピーニューイヤー！ しずく TOP100
mst.title.4001629._detailText,淡島ハッピーニューイヤー！ しずく TOP100
mst.title.4001630._name,淡島ハッピーニューイヤー！ 果林 TOP100
mst.title.4001630._detailText,淡島ハッピーニューイヤー！ 果林 TOP100
mst.title.4001631._name,淡島ハッピーニューイヤー！ 愛 TOP100
mst.title.4001631._detailText,淡島ハッピーニューイヤー！ 愛 TOP100
mst.title.4001632._name,淡島ハッピーニューイヤー！ 彼方 TOP100
mst.title.4001632._detailText,淡島ハッピーニューイヤー！ 彼方 TOP100
mst.title.4001633._name,淡島ハッピーニューイヤー！ せつ菜 TOP100
mst.title.4001633._detailText,淡島ハッピーニューイヤー！ せつ菜 TOP100
mst.title.4001634._name,淡島ハッピーニューイヤー！ エマ TOP100
mst.title.4001634._detailText,淡島ハッピーニューイヤー！ エマ TOP100
mst.title.4001635._name,淡島ハッピーニューイヤー！ 璃奈 TOP100
mst.title.4001635._detailText,淡島ハッピーニューイヤー！ 璃奈 TOP100
mst.title.4001636._name,淡島ハッピーニューイヤー！ 栞子 TOP100
mst.title.4001636._detailText,淡島ハッピーニューイヤー！ 栞子 TOP100
mst.title.4001637._name,淡島ハッピーニューイヤー！ ミア TOP100
mst.title.4001637._detailText,淡島ハッピーニューイヤー！ ミア TOP100
mst.title.4001638._name,淡島ハッピーニューイヤー！ 嵐珠 TOP100
mst.title.4001638._detailText,淡島ハッピーニューイヤー！ 嵐珠 TOP100
mst.title.4001639._name,淡島ハッピーニューイヤー！ かのん TOP100
mst.title.4001639._detailText,淡島ハッピーニューイヤー！ かのん TOP100
mst.title.4001640._name,淡島ハッピーニューイヤー！ 可可 TOP100
mst.title.4001640._detailText,淡島ハッピーニューイヤー！ 可可 TOP100
mst.title.4001641._name,淡島ハッピーニューイヤー！ 千砂都 TOP100
mst.title.4001641._detailText,淡島ハッピーニューイヤー！ 千砂都 TOP100
mst.title.4001642._name,淡島ハッピーニューイヤー！ すみれ TOP100
mst.title.4001642._detailText,淡島ハッピーニューイヤー！ すみれ TOP100
mst.title.4001643._name,淡島ハッピーニューイヤー！ 恋 TOP100
mst.title.4001643._detailText,淡島ハッピーニューイヤー！ 恋 TOP100
mst.title.4001644._name,淡島ハッピーニューイヤー！ きな子 TOP100
mst.title.4001644._detailText,淡島ハッピーニューイヤー！ きな子 TOP100
mst.title.4001645._name,淡島ハッピーニューイヤー！ メイ TOP100
mst.title.4001645._detailText,淡島ハッピーニューイヤー！ メイ TOP100
mst.title.4001646._name,淡島ハッピーニューイヤー！ 四季 TOP100
mst.title.4001646._detailText,淡島ハッピーニューイヤー！ 四季 TOP100
mst.title.4001647._name,淡島ハッピーニューイヤー！ 夏美 TOP100
mst.title.4001647._detailText,淡島ハッピーニューイヤー！ 夏美 TOP100
mst.title.4001648._name,淡島ハッピーニューイヤー！ マルガレーテ TOP100
mst.title.4001648._detailText,淡島ハッピーニューイヤー！ マルガレーテ TOP100
mst.title.4001649._name,淡島ハッピーニューイヤー！ 冬毬 TOP100
mst.title.4001649._detailText,淡島ハッピーニューイヤー！ 冬毬 TOP100
mst.title.4001650._name,淡島ハッピーニューイヤー！ 穂乃果 TOP300
mst.title.4001650._detailText,淡島ハッピーニューイヤー！ 穂乃果 TOP300
mst.title.4001651._name,淡島ハッピーニューイヤー！ 絵里 TOP300
mst.title.4001651._detailText,淡島ハッピーニューイヤー！ 絵里 TOP300
mst.title.4001652._name,淡島ハッピーニューイヤー！ ことり TOP300
mst.title.4001652._detailText,淡島ハッピーニューイヤー！ ことり TOP300
mst.title.4001653._name,淡島ハッピーニューイヤー！ 海未 TOP300
mst.title.4001653._detailText,淡島ハッピーニューイヤー！ 海未 TOP300
mst.title.4001654._name,淡島ハッピーニューイヤー！ 凛 TOP300
mst.title.4001654._detailText,淡島ハッピーニューイヤー！ 凛 TOP300
mst.title.4001655._name,淡島ハッピーニューイヤー！ 真姫 TOP300
mst.title.4001655._detailText,淡島ハッピーニューイヤー！ 真姫 TOP300
mst.title.4001656._name,淡島ハッピーニューイヤー！ 希 TOP300
mst.title.4001656._detailText,淡島ハッピーニューイヤー！ 希 TOP300
mst.title.4001657._name,淡島ハッピーニューイヤー！ 花陽 TOP300
mst.title.4001657._detailText,淡島ハッピーニューイヤー！ 花陽 TOP300
mst.title.4001658._name,淡島ハッピーニューイヤー！ にこ TOP300
mst.title.4001658._detailText,淡島ハッピーニューイヤー！ にこ TOP300
mst.title.4001659._name,淡島ハッピーニューイヤー！ 千歌 TOP300
mst.title.4001659._detailText,淡島ハッピーニューイヤー！ 千歌 TOP300
mst.title.4001660._name,淡島ハッピーニューイヤー！ 梨子 TOP300
mst.title.4001660._detailText,淡島ハッピーニューイヤー！ 梨子 TOP300
mst.title.4001661._name,淡島ハッピーニューイヤー！ 果南 TOP300
mst.title.4001661._detailText,淡島ハッピーニューイヤー！ 果南 TOP300
mst.title.4001662._name,淡島ハッピーニューイヤー！ ダイヤ TOP300
mst.title.4001662._detailText,淡島ハッピーニューイヤー！ ダイヤ TOP300
mst.title.4001663._name,淡島ハッピーニューイヤー！ 曜 TOP300
mst.title.4001663._detailText,淡島ハッピーニューイヤー！ 曜 TOP300
mst.title.4001664._name,淡島ハッピーニューイヤー！ 善子 TOP300
mst.title.4001664._detailText,淡島ハッピーニューイヤー！ 善子 TOP300
mst.title.4001665._name,淡島ハッピーニューイヤー！ 花丸 TOP300
mst.title.4001665._detailText,淡島ハッピーニューイヤー！ 花丸 TOP300
mst.title.4001666._name,淡島ハッピーニューイヤー！ 鞠莉 TOP300
mst.title.4001666._detailText,淡島ハッピーニューイヤー！ 鞠莉 TOP300
mst.title.4001667._name,淡島ハッピーニューイヤー！ ルビィ TOP300
mst.title.4001667._detailText,淡島ハッピーニューイヤー！ ルビィ TOP300
mst.title.4001668._name,淡島ハッピーニューイヤー！ 歩夢 TOP300
mst.title.4001668._detailText,淡島ハッピーニューイヤー！ 歩夢 TOP300
mst.title.4001669._name,淡島ハッピーニューイヤー！ かすみ TOP300
mst.title.4001669._detailText,淡島ハッピーニューイヤー！ かすみ TOP300
mst.title.4001670._name,淡島ハッピーニューイヤー！ しずく TOP300
mst.title.4001670._detailText,淡島ハッピーニューイヤー！ しずく TOP300
mst.title.4001671._name,淡島ハッピーニューイヤー！ 果林 TOP300
mst.title.4001671._detailText,淡島ハッピーニューイヤー！ 果林 TOP300
mst.title.4001672._name,淡島ハッピーニューイヤー！ 愛 TOP300
mst.title.4001672._detailText,淡島ハッピーニューイヤー！ 愛 TOP300
mst.title.4001673._name,淡島ハッピーニューイヤー！ 彼方 TOP300
mst.title.4001673._detailText,淡島ハッピーニューイヤー！ 彼方 TOP300
mst.title.4001674._name,淡島ハッピーニューイヤー！ せつ菜 TOP300
mst.title.4001674._detailText,淡島ハッピーニューイヤー！ せつ菜 TOP300
mst.title.4001675._name,淡島ハッピーニューイヤー！ エマ TOP300
mst.title.4001675._detailText,淡島ハッピーニューイヤー！ エマ TOP300
mst.title.4001676._name,淡島ハッピーニューイヤー！ 璃奈 TOP300
mst.title.4001676._detailText,淡島ハッピーニューイヤー！ 璃奈 TOP300
mst.title.4001677._name,淡島ハッピーニューイヤー！ 栞子 TOP300
mst.title.4001677._detailText,淡島ハッピーニューイヤー！ 栞子 TOP300
mst.title.4001678._name,淡島ハッピーニューイヤー！ ミア TOP300
mst.title.4001678._detailText,淡島ハッピーニューイヤー！ ミア TOP300
mst.title.4001679._name,淡島ハッピーニューイヤー！ 嵐珠 TOP300
mst.title.4001679._detailText,淡島ハッピーニューイヤー！ 嵐珠 TOP300
mst.title.4001680._name,淡島ハッピーニューイヤー！ かのん TOP300
mst.title.4001680._detailText,淡島ハッピーニューイヤー！ かのん TOP300
mst.title.4001681._name,淡島ハッピーニューイヤー！ 可可 TOP300
mst.title.4001681._detailText,淡島ハッピーニューイヤー！ 可可 TOP300
mst.title.4001682._name,淡島ハッピーニューイヤー！ 千砂都 TOP300
mst.title.4001682._detailText,淡島ハッピーニューイヤー！ 千砂都 TOP300
mst.title.4001683._name,淡島ハッピーニューイヤー！ すみれ TOP300
mst.title.4001683._detailText,淡島ハッピーニューイヤー！ すみれ TOP300
mst.title.4001684._name,淡島ハッピーニューイヤー！ 恋 TOP300
mst.title.4001684._detailText,淡島ハッピーニューイヤー！ 恋 TOP300
mst.title.4001685._name,淡島ハッピーニューイヤー！ きな子 TOP300
mst.title.4001685._detailText,淡島ハッピーニューイヤー！ きな子 TOP300
mst.title.4001686._name,淡島ハッピーニューイヤー！ メイ TOP300
mst.title.4001686._detailText,淡島ハッピーニューイヤー！ メイ TOP300
mst.title.4001687._name,淡島ハッピーニューイヤー！ 四季 TOP300
mst.title.4001687._detailText,淡島ハッピーニューイヤー！ 四季 TOP300
mst.title.4001688._name,淡島ハッピーニューイヤー！ 夏美 TOP300
mst.title.4001688._detailText,淡島ハッピーニューイヤー！ 夏美 TOP300
mst.title.4001689._name,淡島ハッピーニューイヤー！ マルガレーテ TOP300
mst.title.4001689._detailText,淡島ハッピーニューイヤー！ マルガレーテ TOP300
mst.title.4001690._name,淡島ハッピーニューイヤー！ 冬毬 TOP300
mst.title.4001690._detailText,淡島ハッピーニューイヤー！ 冬毬 TOP300
mst.title.4001691._name,淡島ハッピーニューイヤー！ 穂乃果 TOP1000
mst.title.4001691._detailText,淡島ハッピーニューイヤー！ 穂乃果 TOP1000
mst.title.4001692._name,淡島ハッピーニューイヤー！ 絵里 TOP1000
mst.title.4001692._detailText,淡島ハッピーニューイヤー！ 絵里 TOP1000
mst.title.4001693._name,淡島ハッピーニューイヤー！ ことり TOP1000
mst.title.4001693._detailText,淡島ハッピーニューイヤー！ ことり TOP1000
mst.title.4001694._name,淡島ハッピーニューイヤー！ 海未 TOP1000
mst.title.4001694._detailText,淡島ハッピーニューイヤー！ 海未 TOP1000
mst.title.4001695._name,淡島ハッピーニューイヤー！ 凛 TOP1000
mst.title.4001695._detailText,淡島ハッピーニューイヤー！ 凛 TOP1000
mst.title.4001696._name,淡島ハッピーニューイヤー！ 真姫 TOP1000
mst.title.4001696._detailText,淡島ハッピーニューイヤー！ 真姫 TOP1000
mst.title.4001697._name,淡島ハッピーニューイヤー！ 希 TOP1000
mst.title.4001697._detailText,淡島ハッピーニューイヤー！ 希 TOP1000
mst.title.4001698._name,淡島ハッピーニューイヤー！ 花陽 TOP1000
mst.title.4001698._detailText,淡島ハッピーニューイヤー！ 花陽 TOP1000
mst.title.4001699._name,淡島ハッピーニューイヤー！ にこ TOP1000
mst.title.4001699._detailText,淡島ハッピーニューイヤー！ にこ TOP1000
mst.title.4001700._name,淡島ハッピーニューイヤー！ 千歌 TOP1000
mst.title.4001700._detailText,淡島ハッピーニューイヤー！ 千歌 TOP1000
mst.title.4001701._name,淡島ハッピーニューイヤー！ 梨子 TOP1000
mst.title.4001701._detailText,淡島ハッピーニューイヤー！ 梨子 TOP1000
mst.title.4001702._name,淡島ハッピーニューイヤー！ 果南 TOP1000
mst.title.4001702._detailText,淡島ハッピーニューイヤー！ 果南 TOP1000
mst.title.4001703._name,淡島ハッピーニューイヤー！ ダイヤ TOP1000
mst.title.4001703._detailText,淡島ハッピーニューイヤー！ ダイヤ TOP1000
mst.title.4001704._name,淡島ハッピーニューイヤー！ 曜 TOP1000
mst.title.4001704._detailText,淡島ハッピーニューイヤー！ 曜 TOP1000
mst.title.4001705._name,淡島ハッピーニューイヤー！ 善子 TOP1000
mst.title.4001705._detailText,淡島ハッピーニューイヤー！ 善子 TOP1000
mst.title.4001706._name,淡島ハッピーニューイヤー！ 花丸 TOP1000
mst.title.4001706._detailText,淡島ハッピーニューイヤー！ 花丸 TOP1000
mst.title.4001707._name,淡島ハッピーニューイヤー！ 鞠莉 TOP1000
mst.title.4001707._detailText,淡島ハッピーニューイヤー！ 鞠莉 TOP1000
mst.title.4001708._name,淡島ハッピーニューイヤー！ ルビィ TOP1000
mst.title.4001708._detailText,淡島ハッピーニューイヤー！ ルビィ TOP1000
mst.title.4001709._name,淡島ハッピーニューイヤー！ 歩夢 TOP1000
mst.title.4001709._detailText,淡島ハッピーニューイヤー！ 歩夢 TOP1000
mst.title.4001710._name,淡島ハッピーニューイヤー！ かすみ TOP1000
mst.title.4001710._detailText,淡島ハッピーニューイヤー！ かすみ TOP1000
mst.title.4001711._name,淡島ハッピーニューイヤー！ しずく TOP1000
mst.title.4001711._detailText,淡島ハッピーニューイヤー！ しずく TOP1000
mst.title.4001712._name,淡島ハッピーニューイヤー！ 果林 TOP1000
mst.title.4001712._detailText,淡島ハッピーニューイヤー！ 果林 TOP1000
mst.title.4001713._name,淡島ハッピーニューイヤー！ 愛 TOP1000
mst.title.4001713._detailText,淡島ハッピーニューイヤー！ 愛 TOP1000
mst.title.4001714._name,淡島ハッピーニューイヤー！ 彼方 TOP1000
mst.title.4001714._detailText,淡島ハッピーニューイヤー！ 彼方 TOP1000
mst.title.4001715._name,淡島ハッピーニューイヤー！ せつ菜 TOP1000
mst.title.4001715._detailText,淡島ハッピーニューイヤー！ せつ菜 TOP1000
mst.title.4001716._name,淡島ハッピーニューイヤー！ エマ TOP1000
mst.title.4001716._detailText,淡島ハッピーニューイヤー！ エマ TOP1000
mst.title.4001717._name,淡島ハッピーニューイヤー！ 璃奈 TOP1000
mst.title.4001717._detailText,淡島ハッピーニューイヤー！ 璃奈 TOP1000
mst.title.4001718._name,淡島ハッピーニューイヤー！ 栞子 TOP1000
mst.title.4001718._detailText,淡島ハッピーニューイヤー！ 栞子 TOP1000
mst.title.4001719._name,淡島ハッピーニューイヤー！ ミア TOP1000
mst.title.4001719._detailText,淡島ハッピーニューイヤー！ ミア TOP1000
mst.title.4001720._name,淡島ハッピーニューイヤー！ 嵐珠 TOP1000
mst.title.4001720._detailText,淡島ハッピーニューイヤー！ 嵐珠 TOP1000
mst.title.4001721._name,淡島ハッピーニューイヤー！ かのん TOP1000
mst.title.4001721._detailText,淡島ハッピーニューイヤー！ かのん TOP1000
mst.title.4001722._name,淡島ハッピーニューイヤー！ 可可 TOP1000
mst.title.4001722._detailText,淡島ハッピーニューイヤー！ 可可 TOP1000
mst.title.4001723._name,淡島ハッピーニューイヤー！ 千砂都 TOP1000
mst.title.4001723._detailText,淡島ハッピーニューイヤー！ 千砂都 TOP1000
mst.title.4001724._name,淡島ハッピーニューイヤー！ すみれ TOP1000
mst.title.4001724._detailText,淡島ハッピーニューイヤー！ すみれ TOP1000
mst.title.4001725._name,淡島ハッピーニューイヤー！ 恋 TOP1000
mst.title.4001725._detailText,淡島ハッピーニューイヤー！ 恋 TOP1000
mst.title.4001726._name,淡島ハッピーニューイヤー！ きな子 TOP1000
mst.title.4001726._detailText,淡島ハッピーニューイヤー！ きな子 TOP1000
mst.title.4001727._name,淡島ハッピーニューイヤー！ メイ TOP1000
mst.title.4001727._detailText,淡島ハッピーニューイヤー！ メイ TOP1000
mst.title.4001728._name,淡島ハッピーニューイヤー！ 四季 TOP1000
mst.title.4001728._detailText,淡島ハッピーニューイヤー！ 四季 TOP1000
mst.title.4001729._name,淡島ハッピーニューイヤー！ 夏美 TOP1000
mst.title.4001729._detailText,淡島ハッピーニューイヤー！ 夏美 TOP1000
mst.title.4001730._name,淡島ハッピーニューイヤー！ マルガレーテ TOP1000
mst.title.4001730._detailText,淡島ハッピーニューイヤー！ マルガレーテ TOP1000
mst.title.4001731._name,淡島ハッピーニューイヤー！ 冬毬 TOP1000
mst.title.4001731._detailText,淡島ハッピーニューイヤー！ 冬毬 TOP1000
mst.title.4001732._name,ラブライブ！スクールアイドルフェスティバル2 MIRACLE LIVE! TOP1
mst.title.4001732._detailText,ラブライブ！スクールアイドルフェスティバル2 MIRACLE LIVE! TOP1
mst.title.4001733._name,ラブライブ！スクールアイドルフェスティバル2 MIRACLE LIVE! TOP2
mst.title.4001733._detailText,ラブライブ！スクールアイドルフェスティバル2 MIRACLE LIVE! TOP2
mst.title.4001734._name,ラブライブ！スクールアイドルフェスティバル2 MIRACLE LIVE! TOP3
mst.title.4001734._detailText,ラブライブ！スクールアイドルフェスティバル2 MIRACLE LIVE! TOP3
mst.title.4001735._name,ラブライブ！スクールアイドルフェスティバル2 MIRACLE LIVE! TOP4
mst.title.4001735._detailText,ラブライブ！スクールアイドルフェスティバル2 MIRACLE LIVE! TOP4
mst.title.4001736._name,ラブライブ！スクールアイドルフェスティバル2 MIRACLE LIVE! TOP5
mst.title.4001736._detailText,ラブライブ！スクールアイドルフェスティバル2 MIRACLE LIVE! TOP5
mst.title.4001737._name,ラブライブ！スクールアイドルフェスティバル2 MIRACLE LIVE! TOP6
mst.title.4001737._detailText,ラブライブ！スクールアイドルフェスティバル2 MIRACLE LIVE! TOP6
mst.title.4001738._name,ラブライブ！スクールアイドルフェスティバル2 MIRACLE LIVE! TOP7
mst.title.4001738._detailText,ラブライブ！スクールアイドルフェスティバル2 MIRACLE LIVE! TOP7
mst.title.4001739._name,ラブライブ！スクールアイドルフェスティバル2 MIRACLE LIVE! TOP8
mst.title.4001739._detailText,ラブライブ！スクールアイドルフェスティバル2 MIRACLE LIVE! TOP8
mst.title.4001740._name,ラブライブ！スクールアイドルフェスティバル2 MIRACLE LIVE! TOP9
mst.title.4001740._detailText,ラブライブ！スクールアイドルフェスティバル2 MIRACLE LIVE! TOP9
mst.title.4001741._name,ラブライブ！スクールアイドルフェスティバル2 MIRACLE LIVE! TOP10
mst.title.4001741._detailText,ラブライブ！スクールアイドルフェスティバル2 MIRACLE LIVE! TOP10
mst.title.4001742._name,ラブライブ！スクールアイドルフェスティバル2 MIRACLE LIVE! TOP11
mst.title.4001742._detailText,ラブライブ！スクールアイドルフェスティバル2 MIRACLE LIVE! TOP11
mst.title.4001743._name,ラブライブ！スクールアイドルフェスティバル2 MIRACLE LIVE! TOP12
mst.title.4001743._detailText,ラブライブ！スクールアイドルフェスティバル2 MIRACLE LIVE! TOP12
mst.title.4001744._name,ラブライブ！スクールアイドルフェスティバル2 MIRACLE LIVE! TOP13
mst.title.4001744._detailText,ラブライブ！スクールアイドルフェスティバル2 MIRACLE LIVE! TOP13
mst.title.4001745._name,ラブライブ！スクールアイドルフェスティバル2 MIRACLE LIVE! TOP14
mst.title.4001745._detailText,ラブライブ！スクールアイドルフェスティバル2 MIRACLE LIVE! TOP14
mst.title.4001746._name,ラブライブ！スクールアイドルフェスティバル2 MIRACLE LIVE! TOP15
mst.title.4001746._detailText,ラブライブ！スクールアイドルフェスティバル2 MIRACLE LIVE! TOP15
mst.title.4001747._name,ラブライブ！スクールアイドルフェスティバル2 MIRACLE LIVE! TOP16
mst.title.4001747._detailText,ラブライブ！スクールアイドルフェスティバル2 MIRACLE LIVE! TOP16
mst.title.4001748._name,ラブライブ！スクールアイドルフェスティバル2 MIRACLE LIVE! TOP17
mst.title.4001748._detailText,ラブライブ！スクールアイドルフェスティバル2 MIRACLE LIVE! TOP17
mst.title.4001749._name,ラブライブ！スクールアイドルフェスティバル2 MIRACLE LIVE! TOP18
mst.title.4001749._detailText,ラブライブ！スクールアイドルフェスティバル2 MIRACLE LIVE! TOP18
mst.title.4001750._name,ラブライブ！スクールアイドルフェスティバル2 MIRACLE LIVE! TOP19
mst.title.4001750._detailText,ラブライブ！スクールアイドルフェスティバル2 MIRACLE LIVE! TOP19
mst.title.4001751._name,ラブライブ！スクールアイドルフェスティバル2 MIRACLE LIVE! TOP20
mst.title.4001751._detailText,ラブライブ！スクールアイドルフェスティバル2 MIRACLE LIVE! TOP20
mst.title.4001752._name,ラブライブ！スクールアイドルフェスティバル2 MIRACLE LIVE! TOP100
mst.title.4001752._detailText,ラブライブ！スクールアイドルフェスティバル2 MIRACLE LIVE! TOP100
mst.title.4001753._name,ラブライブ！スクールアイドルフェスティバル2 MIRACLE LIVE! TOP300
mst.title.4001753._detailText,ラブライブ！スクールアイドルフェスティバル2 MIRACLE LIVE! TOP300
mst.title.4001754._name,ラブライブ！スクールアイドルフェスティバル2 MIRACLE LIVE! TOP1000
mst.title.4001754._detailText,ラブライブ！スクールアイドルフェスティバル2 MIRACLE LIVE! TOP1000
mst.title.4001755._name,ラブライブ！スクールアイドルフェスティバル2 MIRACLE LIVE! 穂乃果 TOP1
mst.title.4001755._detailText,ラブライブ！スクールアイドルフェスティバル2 MIRACLE LIVE! 穂乃果 TOP1
mst.title.4001756._name,ラブライブ！スクールアイドルフェスティバル2 MIRACLE LIVE! 絵里 TOP1
mst.title.4001756._detailText,ラブライブ！スクールアイドルフェスティバル2 MIRACLE LIVE! 絵里 TOP1
mst.title.4001757._name,ラブライブ！スクールアイドルフェスティバル2 MIRACLE LIVE! ことり TOP1
mst.title.4001757._detailText,ラブライブ！スクールアイドルフェスティバル2 MIRACLE LIVE! ことり TOP1
mst.title.4001758._name,ラブライブ！スクールアイドルフェスティバル2 MIRACLE LIVE! 海未 TOP1
mst.title.4001758._detailText,ラブライブ！スクールアイドルフェスティバル2 MIRACLE LIVE! 海未 TOP1
mst.title.4001759._name,ラブライブ！スクールアイドルフェスティバル2 MIRACLE LIVE! 凛 TOP1
mst.title.4001759._detailText,ラブライブ！スクールアイドルフェスティバル2 MIRACLE LIVE! 凛 TOP1
mst.title.4001760._name,ラブライブ！スクールアイドルフェスティバル2 MIRACLE LIVE! 真姫 TOP1
mst.title.4001760._detailText,ラブライブ！スクールアイドルフェスティバル2 MIRACLE LIVE! 真姫 TOP1
mst.title.4001761._name,ラブライブ！スクールアイドルフェスティバル2 MIRACLE LIVE! 希 TOP1
mst.title.4001761._detailText,ラブライブ！スクールアイドルフェスティバル2 MIRACLE LIVE! 希 TOP1
mst.title.4001762._name,ラブライブ！スクールアイドルフェスティバル2 MIRACLE LIVE! 花陽 TOP1
mst.title.4001762._detailText,ラブライブ！スクールアイドルフェスティバル2 MIRACLE LIVE! 花陽 TOP1
mst.title.4001763._name,ラブライブ！スクールアイドルフェスティバル2 MIRACLE LIVE! にこ TOP1
mst.title.4001763._detailText,ラブライブ！スクールアイドルフェスティバル2 MIRACLE LIVE! にこ TOP1
mst.title.4001764._name,ラブライブ！スクールアイドルフェスティバル2 MIRACLE LIVE! 千歌 TOP1
mst.title.4001764._detailText,ラブライブ！スクールアイドルフェスティバル2 MIRACLE LIVE! 千歌 TOP1
mst.title.4001765._name,ラブライブ！スクールアイドルフェスティバル2 MIRACLE LIVE! 梨子 TOP1
mst.title.4001765._detailText,ラブライブ！スクールアイドルフェスティバル2 MIRACLE LIVE! 梨子 TOP1
mst.title.4001766._name,ラブライブ！スクールアイドルフェスティバル2 MIRACLE LIVE! 果南 TOP1
mst.title.4001766._detailText,ラブライブ！スクールアイドルフェスティバル2 MIRACLE LIVE! 果南 TOP1
mst.title.4001767._name,ラブライブ！スクールアイドルフェスティバル2 MIRACLE LIVE! ダイヤ TOP1
mst.title.4001767._detailText,ラブライブ！スクールアイドルフェスティバル2 MIRACLE LIVE! ダイヤ TOP1
mst.title.4001768._name,ラブライブ！スクールアイドルフェスティバル2 MIRACLE LIVE! 曜 TOP1
mst.title.4001768._detailText,ラブライブ！スクールアイドルフェスティバル2 MIRACLE LIVE! 曜 TOP1
mst.title.4001769._name,ラブライブ！スクールアイドルフェスティバル2 MIRACLE LIVE! 善子 TOP1
mst.title.4001769._detailText,ラブライブ！スクールアイドルフェスティバル2 MIRACLE LIVE! 善子 TOP1
mst.title.4001770._name,ラブライブ！スクールアイドルフェスティバル2 MIRACLE LIVE! 花丸 TOP1
mst.title.4001770._detailText,ラブライブ！スクールアイドルフェスティバル2 MIRACLE LIVE! 花丸 TOP1
mst.title.4001771._name,ラブライブ！スクールアイドルフェスティバル2 MIRACLE LIVE! 鞠莉 TOP1
mst.title.4001771._detailText,ラブライブ！スクールアイドルフェスティバル2 MIRACLE LIVE! 鞠莉 TOP1
mst.title.4001772._name,ラブライブ！スクールアイドルフェスティバル2 MIRACLE LIVE! ルビィ TOP1
mst.title.4001772._detailText,ラブライブ！スクールアイドルフェスティバル2 MIRACLE LIVE! ルビィ TOP1
mst.title.4001773._name,ラブライブ！スクールアイドルフェスティバル2 MIRACLE LIVE! 歩夢 TOP1
mst.title.4001773._detailText,ラブライブ！スクールアイドルフェスティバル2 MIRACLE LIVE! 歩夢 TOP1
mst.title.4001774._name,ラブライブ！スクールアイドルフェスティバル2 MIRACLE LIVE! かすみ TOP1
mst.title.4001774._detailText,ラブライブ！スクールアイドルフェスティバル2 MIRACLE LIVE! かすみ TOP1
mst.title.4001775._name,ラブライブ！スクールアイドルフェスティバル2 MIRACLE LIVE! しずく TOP1
mst.title.4001775._detailText,ラブライブ！スクールアイドルフェスティバル2 MIRACLE LIVE! しずく TOP1
mst.title.4001776._name,ラブライブ！スクールアイドルフェスティバル2 MIRACLE LIVE! 果林 TOP1
mst.title.4001776._detailText,ラブライブ！スクールアイドルフェスティバル2 MIRACLE LIVE! 果林 TOP1
mst.title.4001777._name,ラブライブ！スクールアイドルフェスティバル2 MIRACLE LIVE! 愛 TOP1
mst.title.4001777._detailText,ラブライブ！スクールアイドルフェスティバル2 MIRACLE LIVE! 愛 TOP1
mst.title.4001778._name,ラブライブ！スクールアイドルフェスティバル2 MIRACLE LIVE! 彼方 TOP1
mst.title.4001778._detailText,ラブライブ！スクールアイドルフェスティバル2 MIRACLE LIVE! 彼方 TOP1
mst.title.4001779._name,ラブライブ！スクールアイドルフェスティバル2 MIRACLE LIVE! せつ菜 TOP1
mst.title.4001779._detailText,ラブライブ！スクールアイドルフェスティバル2 MIRACLE LIVE! せつ菜 TOP1
mst.title.4001780._name,ラブライブ！スクールアイドルフェスティバル2 MIRACLE LIVE! エマ TOP1
mst.title.4001780._detailText,ラブライブ！スクールアイドルフェスティバル2 MIRACLE LIVE! エマ TOP1
mst.title.4001781._name,ラブライブ！スクールアイドルフェスティバル2 MIRACLE LIVE! 璃奈 TOP1
mst.title.4001781._detailText,ラブライブ！スクールアイドルフェスティバル2 MIRACLE LIVE! 璃奈 TOP1
mst.title.4001782._name,ラブライブ！スクールアイドルフェスティバル2 MIRACLE LIVE! 栞子 TOP1
mst.title.4001782._detailText,ラブライブ！スクールアイドルフェスティバル2 MIRACLE LIVE! 栞子 TOP1
mst.title.4001783._name,ラブライブ！スクールアイドルフェスティバル2 MIRACLE LIVE! ミア TOP1
mst.title.4001783._detailText,ラブライブ！スクールアイドルフェスティバル2 MIRACLE LIVE! ミア TOP1
mst.title.4001784._name,ラブライブ！スクールアイドルフェスティバル2 MIRACLE LIVE! 嵐珠 TOP1
mst.title.4001784._detailText,ラブライブ！スクールアイドルフェスティバル2 MIRACLE LIVE! 嵐珠 TOP1
mst.title.4001785._name,ラブライブ！スクールアイドルフェスティバル2 MIRACLE LIVE! かのん TOP1
mst.title.4001785._detailText,ラブライブ！スクールアイドルフェスティバル2 MIRACLE LIVE! かのん TOP1
mst.title.4001786._name,ラブライブ！スクールアイドルフェスティバル2 MIRACLE LIVE! 可可 TOP1
mst.title.4001786._detailText,ラブライブ！スクールアイドルフェスティバル2 MIRACLE LIVE! 可可 TOP1
mst.title.4001787._name,ラブライブ！スクールアイドルフェスティバル2 MIRACLE LIVE! 千砂都 TOP1
mst.title.4001787._detailText,ラブライブ！スクールアイドルフェスティバル2 MIRACLE LIVE! 千砂都 TOP1
mst.title.4001788._name,ラブライブ！スクールアイドルフェスティバル2 MIRACLE LIVE! すみれ TOP1
mst.title.4001788._detailText,ラブライブ！スクールアイドルフェスティバル2 MIRACLE LIVE! すみれ TOP1
mst.title.4001789._name,ラブライブ！スクールアイドルフェスティバル2 MIRACLE LIVE! 恋 TOP1
mst.title.4001789._detailText,ラブライブ！スクールアイドルフェスティバル2 MIRACLE LIVE! 恋 TOP1
mst.title.4001790._name,ラブライブ！スクールアイドルフェスティバル2 MIRACLE LIVE! きな子 TOP1
mst.title.4001790._detailText,ラブライブ！スクールアイドルフェスティバル2 MIRACLE LIVE! きな子 TOP1
mst.title.4001791._name,ラブライブ！スクールアイドルフェスティバル2 MIRACLE LIVE! メイ TOP1
mst.title.4001791._detailText,ラブライブ！スクールアイドルフェスティバル2 MIRACLE LIVE! メイ TOP1
mst.title.4001792._name,ラブライブ！スクールアイドルフェスティバル2 MIRACLE LIVE! 四季 TOP1
mst.title.4001792._detailText,ラブライブ！スクールアイドルフェスティバル2 MIRACLE LIVE! 四季 TOP1
mst.title.4001793._name,ラブライブ！スクールアイドルフェスティバル2 MIRACLE LIVE! 夏美 TOP1
mst.title.4001793._detailText,ラブライブ！スクールアイドルフェスティバル2 MIRACLE LIVE! 夏美 TOP1
mst.title.4001794._name,ラブライブ！スクールアイドルフェスティバル2 MIRACLE LIVE! マルガレーテ TOP1
mst.title.4001794._detailText,ラブライブ！スクールアイドルフェスティバル2 MIRACLE LIVE! マルガレーテ TOP1
mst.title.4001795._name,ラブライブ！スクールアイドルフェスティバル2 MIRACLE LIVE! 冬毬 TOP1
mst.title.4001795._detailText,ラブライブ！スクールアイドルフェスティバル2 MIRACLE LIVE! 冬毬 TOP1
mst.title.4001796._name,ラブライブ！スクールアイドルフェスティバル2 MIRACLE LIVE! 穂乃果 TOP2
mst.title.4001796._detailText,ラブライブ！スクールアイドルフェスティバル2 MIRACLE LIVE! 穂乃果 TOP2
mst.title.4001797._name,ラブライブ！スクールアイドルフェスティバル2 MIRACLE LIVE! 絵里 TOP2
mst.title.4001797._detailText,ラブライブ！スクールアイドルフェスティバル2 MIRACLE LIVE! 絵里 TOP2
mst.title.4001798._name,ラブライブ！スクールアイドルフェスティバル2 MIRACLE LIVE! ことり TOP2
mst.title.4001798._detailText,ラブライブ！スクールアイドルフェスティバル2 MIRACLE LIVE! ことり TOP2
mst.title.4001799._name,ラブライブ！スクールアイドルフェスティバル2 MIRACLE LIVE! 海未 TOP2
mst.title.4001799._detailText,ラブライブ！スクールアイドルフェスティバル2 MIRACLE LIVE! 海未 TOP2
mst.title.4001800._name,ラブライブ！スクールアイドルフェスティバル2 MIRACLE LIVE! 凛 TOP2
mst.title.4001800._detailText,ラブライブ！スクールアイドルフェスティバル2 MIRACLE LIVE! 凛 TOP2
mst.title.4001801._name,ラブライブ！スクールアイドルフェスティバル2 MIRACLE LIVE! 真姫 TOP2
mst.title.4001801._detailText,ラブライブ！スクールアイドルフェスティバル2 MIRACLE LIVE! 真姫 TOP2
mst.title.4001802._name,ラブライブ！スクールアイドルフェスティバル2 MIRACLE LIVE! 希 TOP2
mst.title.4001802._detailText,ラブライブ！スクールアイドルフェスティバル2 MIRACLE LIVE! 希 TOP2
mst.title.4001803._name,ラブライブ！スクールアイドルフェスティバル2 MIRACLE LIVE! 花陽 TOP2
mst.title.4001803._detailText,ラブライブ！スクールアイドルフェスティバル2 MIRACLE LIVE! 花陽 TOP2
mst.title.4001804._name,ラブライブ！スクールアイドルフェスティバル2 MIRACLE LIVE! にこ TOP2
mst.title.4001804._detailText,ラブライブ！スクールアイドルフェスティバル2 MIRACLE LIVE! にこ TOP2
mst.title.4001805._name,ラブライブ！スクールアイドルフェスティバル2 MIRACLE LIVE! 千歌 TOP2
mst.title.4001805._detailText,ラブライブ！スクールアイドルフェスティバル2 MIRACLE LIVE! 千歌 TOP2
mst.title.4001806._name,ラブライブ！スクールアイドルフェスティバル2 MIRACLE LIVE! 梨子 TOP2
mst.title.4001806._detailText,ラブライブ！スクールアイドルフェスティバル2 MIRACLE LIVE! 梨子 TOP2
mst.title.4001807._name,ラブライブ！スクールアイドルフェスティバル2 MIRACLE LIVE! 果南 TOP2
mst.title.4001807._detailText,ラブライブ！スクールアイドルフェスティバル2 MIRACLE LIVE! 果南 TOP2
mst.title.4001808._name,ラブライブ！スクールアイドルフェスティバル2 MIRACLE LIVE! ダイヤ TOP2
mst.title.4001808._detailText,ラブライブ！スクールアイドルフェスティバル2 MIRACLE LIVE! ダイヤ TOP2
mst.title.4001809._name,ラブライブ！スクールアイドルフェスティバル2 MIRACLE LIVE! 曜 TOP2
mst.title.4001809._detailText,ラブライブ！スクールアイドルフェスティバル2 MIRACLE LIVE! 曜 TOP2
mst.title.4001810._name,ラブライブ！スクールアイドルフェスティバル2 MIRACLE LIVE! 善子 TOP2
mst.title.4001810._detailText,ラブライブ！スクールアイドルフェスティバル2 MIRACLE LIVE! 善子 TOP2
mst.title.4001811._name,ラブライブ！スクールアイドルフェスティバル2 MIRACLE LIVE! 花丸 TOP2
mst.title.4001811._detailText,ラブライブ！スクールアイドルフェスティバル2 MIRACLE LIVE! 花丸 TOP2
mst.title.4001812._name,ラブライブ！スクールアイドルフェスティバル2 MIRACLE LIVE! 鞠莉 TOP2
mst.title.4001812._detailText,ラブライブ！スクールアイドルフェスティバル2 MIRACLE LIVE! 鞠莉 TOP2
mst.title.4001813._name,ラブライブ！スクールアイドルフェスティバル2 MIRACLE LIVE! ルビィ TOP2
mst.title.4001813._detailText,ラブライブ！スクールアイドルフェスティバル2 MIRACLE LIVE! ルビィ TOP2
mst.title.4001814._name,ラブライブ！スクールアイドルフェスティバル2 MIRACLE LIVE! 歩夢 TOP2
mst.title.4001814._detailText,ラブライブ！スクールアイドルフェスティバル2 MIRACLE LIVE! 歩夢 TOP2
mst.title.4001815._name,ラブライブ！スクールアイドルフェスティバル2 MIRACLE LIVE! かすみ TOP2
mst.title.4001815._detailText,ラブライブ！スクールアイドルフェスティバル2 MIRACLE LIVE! かすみ TOP2
mst.title.4001816._name,ラブライブ！スクールアイドルフェスティバル2 MIRACLE LIVE! しずく TOP2
mst.title.4001816._detailText,ラブライブ！スクールアイドルフェスティバル2 MIRACLE LIVE! しずく TOP2
mst.title.4001817._name,ラブライブ！スクールアイドルフェスティバル2 MIRACLE LIVE! 果林 TOP2
mst.title.4001817._detailText,ラブライブ！スクールアイドルフェスティバル2 MIRACLE LIVE! 果林 TOP2
mst.title.4001818._name,ラブライブ！スクールアイドルフェスティバル2 MIRACLE LIVE! 愛 TOP2
mst.title.4001818._detailText,ラブライブ！スクールアイドルフェスティバル2 MIRACLE LIVE! 愛 TOP2
mst.title.4001819._name,ラブライブ！スクールアイドルフェスティバル2 MIRACLE LIVE! 彼方 TOP2
mst.title.4001819._detailText,ラブライブ！スクールアイドルフェスティバル2 MIRACLE LIVE! 彼方 TOP2
mst.title.4001820._name,ラブライブ！スクールアイドルフェスティバル2 MIRACLE LIVE! せつ菜 TOP2
mst.title.4001820._detailText,ラブライブ！スクールアイドルフェスティバル2 MIRACLE LIVE! せつ菜 TOP2
mst.title.4001821._name,ラブライブ！スクールアイドルフェスティバル2 MIRACLE LIVE! エマ TOP2
mst.title.4001821._detailText,ラブライブ！スクールアイドルフェスティバル2 MIRACLE LIVE! エマ TOP2
mst.title.4001822._name,ラブライブ！スクールアイドルフェスティバル2 MIRACLE LIVE! 璃奈 TOP2
mst.title.4001822._detailText,ラブライブ！スクールアイドルフェスティバル2 MIRACLE LIVE! 璃奈 TOP2
mst.title.4001823._name,ラブライブ！スクールアイドルフェスティバル2 MIRACLE LIVE! 栞子 TOP2
mst.title.4001823._detailText,ラブライブ！スクールアイドルフェスティバル2 MIRACLE LIVE! 栞子 TOP2
mst.title.4001824._name,ラブライブ！スクールアイドルフェスティバル2 MIRACLE LIVE! ミア TOP2
mst.title.4001824._detailText,ラブライブ！スクールアイドルフェスティバル2 MIRACLE LIVE! ミア TOP2
mst.title.4001825._name,ラブライブ！スクールアイドルフェスティバル2 MIRACLE LIVE! 嵐珠 TOP2
mst.title.4001825._detailText,ラブライブ！スクールアイドルフェスティバル2 MIRACLE LIVE! 嵐珠 TOP2
mst.title.4001826._name,ラブライブ！スクールアイドルフェスティバル2 MIRACLE LIVE! かのん TOP2
mst.title.4001826._detailText,ラブライブ！スクールアイドルフェスティバル2 MIRACLE LIVE! かのん TOP2
mst.title.4001827._name,ラブライブ！スクールアイドルフェスティバル2 MIRACLE LIVE! 可可 TOP2
mst.title.4001827._detailText,ラブライブ！スクールアイドルフェスティバル2 MIRACLE LIVE! 可可 TOP2
mst.title.4001828._name,ラブライブ！スクールアイドルフェスティバル2 MIRACLE LIVE! 千砂都 TOP2
mst.title.4001828._detailText,ラブライブ！スクールアイドルフェスティバル2 MIRACLE LIVE! 千砂都 TOP2
mst.title.4001829._name,ラブライブ！スクールアイドルフェスティバル2 MIRACLE LIVE! すみれ TOP2
mst.title.4001829._detailText,ラブライブ！スクールアイドルフェスティバル2 MIRACLE LIVE! すみれ TOP2
mst.title.4001830._name,ラブライブ！スクールアイドルフェスティバル2 MIRACLE LIVE! 恋 TOP2
mst.title.4001830._detailText,ラブライブ！スクールアイドルフェスティバル2 MIRACLE LIVE! 恋 TOP2
mst.title.4001831._name,ラブライブ！スクールアイドルフェスティバル2 MIRACLE LIVE! きな子 TOP2
mst.title.4001831._detailText,ラブライブ！スクールアイドルフェスティバル2 MIRACLE LIVE! きな子 TOP2
mst.title.4001832._name,ラブライブ！スクールアイドルフェスティバル2 MIRACLE LIVE! メイ TOP2
mst.title.4001832._detailText,ラブライブ！スクールアイドルフェスティバル2 MIRACLE LIVE! メイ TOP2
mst.title.4001833._name,ラブライブ！スクールアイドルフェスティバル2 MIRACLE LIVE! 四季 TOP2
mst.title.4001833._detailText,ラブライブ！スクールアイドルフェスティバル2 MIRACLE LIVE! 四季 TOP2
mst.title.4001834._name,ラブライブ！スクールアイドルフェスティバル2 MIRACLE LIVE! 夏美 TOP2
mst.title.4001834._detailText,ラブライブ！スクールアイドルフェスティバル2 MIRACLE LIVE! 夏美 TOP2
mst.title.4001835._name,ラブライブ！スクールアイドルフェスティバル2 MIRACLE LIVE! マルガレーテ TOP2
mst.title.4001835._detailText,ラブライブ！スクールアイドルフェスティバル2 MIRACLE LIVE! マルガレーテ TOP2
mst.title.4001836._name,ラブライブ！スクールアイドルフェスティバル2 MIRACLE LIVE! 冬毬 TOP2
mst.title.4001836._detailText,ラブライブ！スクールアイドルフェスティバル2 MIRACLE LIVE! 冬毬 TOP2
mst.title.4001837._name,ラブライブ！スクールアイドルフェスティバル2 MIRACLE LIVE! 穂乃果 TOP3
mst.title.4001837._detailText,ラブライブ！スクールアイドルフェスティバル2 MIRACLE LIVE! 穂乃果 TOP3
mst.title.4001838._name,ラブライブ！スクールアイドルフェスティバル2 MIRACLE LIVE! 絵里 TOP3
mst.title.4001838._detailText,ラブライブ！スクールアイドルフェスティバル2 MIRACLE LIVE! 絵里 TOP3
mst.title.4001839._name,ラブライブ！スクールアイドルフェスティバル2 MIRACLE LIVE! ことり TOP3
mst.title.4001839._detailText,ラブライブ！スクールアイドルフェスティバル2 MIRACLE LIVE! ことり TOP3
mst.title.4001840._name,ラブライブ！スクールアイドルフェスティバル2 MIRACLE LIVE! 海未 TOP3
mst.title.4001840._detailText,ラブライブ！スクールアイドルフェスティバル2 MIRACLE LIVE! 海未 TOP3
mst.title.4001841._name,ラブライブ！スクールアイドルフェスティバル2 MIRACLE LIVE! 凛 TOP3
mst.title.4001841._detailText,ラブライブ！スクールアイドルフェスティバル2 MIRACLE LIVE! 凛 TOP3
mst.title.4001842._name,ラブライブ！スクールアイドルフェスティバル2 MIRACLE LIVE! 真姫 TOP3
mst.title.4001842._detailText,ラブライブ！スクールアイドルフェスティバル2 MIRACLE LIVE! 真姫 TOP3
mst.title.4001843._name,ラブライブ！スクールアイドルフェスティバル2 MIRACLE LIVE! 希 TOP3
mst.title.4001843._detailText,ラブライブ！スクールアイドルフェスティバル2 MIRACLE LIVE! 希 TOP3
mst.title.4001844._name,ラブライブ！スクールアイドルフェスティバル2 MIRACLE LIVE! 花陽 TOP3
mst.title.4001844._detailText,ラブライブ！スクールアイドルフェスティバル2 MIRACLE LIVE! 花陽 TOP3
mst.title.4001845._name,ラブライブ！スクールアイドルフェスティバル2 MIRACLE LIVE! にこ TOP3
mst.title.4001845._detailText,ラブライブ！スクールアイドルフェスティバル2 MIRACLE LIVE! にこ TOP3
mst.title.4001846._name,ラブライブ！スクールアイドルフェスティバル2 MIRACLE LIVE! 千歌 TOP3
mst.title.4001846._detailText,ラブライブ！スクールアイドルフェスティバル2 MIRACLE LIVE! 千歌 TOP3
mst.title.4001847._name,ラブライブ！スクールアイドルフェスティバル2 MIRACLE LIVE! 梨子 TOP3
mst.title.4001847._detailText,ラブライブ！スクールアイドルフェスティバル2 MIRACLE LIVE! 梨子 TOP3
mst.title.4001848._name,ラブライブ！スクールアイドルフェスティバル2 MIRACLE LIVE! 果南 TOP3
mst.title.4001848._detailText,ラブライブ！スクールアイドルフェスティバル2 MIRACLE LIVE! 果南 TOP3
mst.title.4001849._name,ラブライブ！スクールアイドルフェスティバル2 MIRACLE LIVE! ダイヤ TOP3
mst.title.4001849._detailText,ラブライブ！スクールアイドルフェスティバル2 MIRACLE LIVE! ダイヤ TOP3
mst.title.4001850._name,ラブライブ！スクールアイドルフェスティバル2 MIRACLE LIVE! 曜 TOP3
mst.title.4001850._detailText,ラブライブ！スクールアイドルフェスティバル2 MIRACLE LIVE! 曜 TOP3
mst.title.4001851._name,ラブライブ！スクールアイドルフェスティバル2 MIRACLE LIVE! 善子 TOP3
mst.title.4001851._detailText,ラブライブ！スクールアイドルフェスティバル2 MIRACLE LIVE! 善子 TOP3
mst.title.4001852._name,ラブライブ！スクールアイドルフェスティバル2 MIRACLE LIVE! 花丸 TOP3
mst.title.4001852._detailText,ラブライブ！スクールアイドルフェスティバル2 MIRACLE LIVE! 花丸 TOP3
mst.title.4001853._name,ラブライブ！スクールアイドルフェスティバル2 MIRACLE LIVE! 鞠莉 TOP3
mst.title.4001853._detailText,ラブライブ！スクールアイドルフェスティバル2 MIRACLE LIVE! 鞠莉 TOP3
mst.title.4001854._name,ラブライブ！スクールアイドルフェスティバル2 MIRACLE LIVE! ルビィ TOP3
mst.title.4001854._detailText,ラブライブ！スクールアイドルフェスティバル2 MIRACLE LIVE! ルビィ TOP3
mst.title.4001855._name,ラブライブ！スクールアイドルフェスティバル2 MIRACLE LIVE! 歩夢 TOP3
mst.title.4001855._detailText,ラブライブ！スクールアイドルフェスティバル2 MIRACLE LIVE! 歩夢 TOP3
mst.title.4001856._name,ラブライブ！スクールアイドルフェスティバル2 MIRACLE LIVE! かすみ TOP3
mst.title.4001856._detailText,ラブライブ！スクールアイドルフェスティバル2 MIRACLE LIVE! かすみ TOP3
mst.title.4001857._name,ラブライブ！スクールアイドルフェスティバル2 MIRACLE LIVE! しずく TOP3
mst.title.4001857._detailText,ラブライブ！スクールアイドルフェスティバル2 MIRACLE LIVE! しずく TOP3
mst.title.4001858._name,ラブライブ！スクールアイドルフェスティバル2 MIRACLE LIVE! 果林 TOP3
mst.title.4001858._detailText,ラブライブ！スクールアイドルフェスティバル2 MIRACLE LIVE! 果林 TOP3
mst.title.4001859._name,ラブライブ！スクールアイドルフェスティバル2 MIRACLE LIVE! 愛 TOP3
mst.title.4001859._detailText,ラブライブ！スクールアイドルフェスティバル2 MIRACLE LIVE! 愛 TOP3
mst.title.4001860._name,ラブライブ！スクールアイドルフェスティバル2 MIRACLE LIVE! 彼方 TOP3
mst.title.4001860._detailText,ラブライブ！スクールアイドルフェスティバル2 MIRACLE LIVE! 彼方 TOP3
mst.title.4001861._name,ラブライブ！スクールアイドルフェスティバル2 MIRACLE LIVE! せつ菜 TOP3
mst.title.4001861._detailText,ラブライブ！スクールアイドルフェスティバル2 MIRACLE LIVE! せつ菜 TOP3
mst.title.4001862._name,ラブライブ！スクールアイドルフェスティバル2 MIRACLE LIVE! エマ TOP3
mst.title.4001862._detailText,ラブライブ！スクールアイドルフェスティバル2 MIRACLE LIVE! エマ TOP3
mst.title.4001863._name,ラブライブ！スクールアイドルフェスティバル2 MIRACLE LIVE! 璃奈 TOP3
mst.title.4001863._detailText,ラブライブ！スクールアイドルフェスティバル2 MIRACLE LIVE! 璃奈 TOP3
mst.title.4001864._name,ラブライブ！スクールアイドルフェスティバル2 MIRACLE LIVE! 栞子 TOP3
mst.title.4001864._detailText,ラブライブ！スクールアイドルフェスティバル2 MIRACLE LIVE! 栞子 TOP3
mst.title.4001865._name,ラブライブ！スクールアイドルフェスティバル2 MIRACLE LIVE! ミア TOP3
mst.title.4001865._detailText,ラブライブ！スクールアイドルフェスティバル2 MIRACLE LIVE! ミア TOP3
mst.title.4001866._name,ラブライブ！スクールアイドルフェスティバル2 MIRACLE LIVE! 嵐珠 TOP3
mst.title.4001866._detailText,ラブライブ！スクールアイドルフェスティバル2 MIRACLE LIVE! 嵐珠 TOP3
mst.title.4001867._name,ラブライブ！スクールアイドルフェスティバル2 MIRACLE LIVE! かのん TOP3
mst.title.4001867._detailText,ラブライブ！スクールアイドルフェスティバル2 MIRACLE LIVE! かのん TOP3
mst.title.4001868._name,ラブライブ！スクールアイドルフェスティバル2 MIRACLE LIVE! 可可 TOP3
mst.title.4001868._detailText,ラブライブ！スクールアイドルフェスティバル2 MIRACLE LIVE! 可可 TOP3
mst.title.4001869._name,ラブライブ！スクールアイドルフェスティバル2 MIRACLE LIVE! 千砂都 TOP3
mst.title.4001869._detailText,ラブライブ！スクールアイドルフェスティバル2 MIRACLE LIVE! 千砂都 TOP3
mst.title.4001870._name,ラブライブ！スクールアイドルフェスティバル2 MIRACLE LIVE! すみれ TOP3
mst.title.4001870._detailText,ラブライブ！スクールアイドルフェスティバル2 MIRACLE LIVE! すみれ TOP3
mst.title.4001871._name,ラブライブ！スクールアイドルフェスティバル2 MIRACLE LIVE! 恋 TOP3
mst.title.4001871._detailText,ラブライブ！スクールアイドルフェスティバル2 MIRACLE LIVE! 恋 TOP3
mst.title.4001872._name,ラブライブ！スクールアイドルフェスティバル2 MIRACLE LIVE! きな子 TOP3
mst.title.4001872._detailText,ラブライブ！スクールアイドルフェスティバル2 MIRACLE LIVE! きな子 TOP3
mst.title.4001873._name,ラブライブ！スクールアイドルフェスティバル2 MIRACLE LIVE! メイ TOP3
mst.title.4001873._detailText,ラブライブ！スクールアイドルフェスティバル2 MIRACLE LIVE! メイ TOP3
mst.title.4001874._name,ラブライブ！スクールアイドルフェスティバル2 MIRACLE LIVE! 四季 TOP3
mst.title.4001874._detailText,ラブライブ！スクールアイドルフェスティバル2 MIRACLE LIVE! 四季 TOP3
mst.title.4001875._name,ラブライブ！スクールアイドルフェスティバル2 MIRACLE LIVE! 夏美 TOP3
mst.title.4001875._detailText,ラブライブ！スクールアイドルフェスティバル2 MIRACLE LIVE! 夏美 TOP3
mst.title.4001876._name,ラブライブ！スクールアイドルフェスティバル2 MIRACLE LIVE! マルガレーテ TOP3
mst.title.4001876._detailText,ラブライブ！スクールアイドルフェスティバル2 MIRACLE LIVE! マルガレーテ TOP3
mst.title.4001877._name,ラブライブ！スクールアイドルフェスティバル2 MIRACLE LIVE! 冬毬 TOP3
mst.title.4001877._detailText,ラブライブ！スクールアイドルフェスティバル2 MIRACLE LIVE! 冬毬 TOP3
mst.title.4001878._name,ラブライブ！スクールアイドルフェスティバル2 MIRACLE LIVE! 穂乃果 TOP10
mst.title.4001878._detailText,ラブライブ！スクールアイドルフェスティバル2 MIRACLE LIVE! 穂乃果 TOP10
mst.title.4001879._name,ラブライブ！スクールアイドルフェスティバル2 MIRACLE LIVE! 絵里 TOP10
mst.title.4001879._detailText,ラブライブ！スクールアイドルフェスティバル2 MIRACLE LIVE! 絵里 TOP10
mst.title.4001880._name,ラブライブ！スクールアイドルフェスティバル2 MIRACLE LIVE! ことり TOP10
mst.title.4001880._detailText,ラブライブ！スクールアイドルフェスティバル2 MIRACLE LIVE! ことり TOP10
mst.title.4001881._name,ラブライブ！スクールアイドルフェスティバル2 MIRACLE LIVE! 海未 TOP10
mst.title.4001881._detailText,ラブライブ！スクールアイドルフェスティバル2 MIRACLE LIVE! 海未 TOP10
mst.title.4001882._name,ラブライブ！スクールアイドルフェスティバル2 MIRACLE LIVE! 凛 TOP10
mst.title.4001882._detailText,ラブライブ！スクールアイドルフェスティバル2 MIRACLE LIVE! 凛 TOP10
mst.title.4001883._name,ラブライブ！スクールアイドルフェスティバル2 MIRACLE LIVE! 真姫 TOP10
mst.title.4001883._detailText,ラブライブ！スクールアイドルフェスティバル2 MIRACLE LIVE! 真姫 TOP10
mst.title.4001884._name,ラブライブ！スクールアイドルフェスティバル2 MIRACLE LIVE! 希 TOP10
mst.title.4001884._detailText,ラブライブ！スクールアイドルフェスティバル2 MIRACLE LIVE! 希 TOP10
mst.title.4001885._name,ラブライブ！スクールアイドルフェスティバル2 MIRACLE LIVE! 花陽 TOP10
mst.title.4001885._detailText,ラブライブ！スクールアイドルフェスティバル2 MIRACLE LIVE! 花陽 TOP10
mst.title.4001886._name,ラブライブ！スクールアイドルフェスティバル2 MIRACLE LIVE! にこ TOP10
mst.title.4001886._detailText,ラブライブ！スクールアイドルフェスティバル2 MIRACLE LIVE! にこ TOP10
mst.title.4001887._name,ラブライブ！スクールアイドルフェスティバル2 MIRACLE LIVE! 千歌 TOP10
mst.title.4001887._detailText,ラブライブ！スクールアイドルフェスティバル2 MIRACLE LIVE! 千歌 TOP10
mst.title.4001888._name,ラブライブ！スクールアイドルフェスティバル2 MIRACLE LIVE! 梨子 TOP10
mst.title.4001888._detailText,ラブライブ！スクールアイドルフェスティバル2 MIRACLE LIVE! 梨子 TOP10
mst.title.4001889._name,ラブライブ！スクールアイドルフェスティバル2 MIRACLE LIVE! 果南 TOP10
mst.title.4001889._detailText,ラブライブ！スクールアイドルフェスティバル2 MIRACLE LIVE! 果南 TOP10
mst.title.4001890._name,ラブライブ！スクールアイドルフェスティバル2 MIRACLE LIVE! ダイヤ TOP10
mst.title.4001890._detailText,ラブライブ！スクールアイドルフェスティバル2 MIRACLE LIVE! ダイヤ TOP10
mst.title.4001891._name,ラブライブ！スクールアイドルフェスティバル2 MIRACLE LIVE! 曜 TOP10
mst.title.4001891._detailText,ラブライブ！スクールアイドルフェスティバル2 MIRACLE LIVE! 曜 TOP10
mst.title.4001892._name,ラブライブ！スクールアイドルフェスティバル2 MIRACLE LIVE! 善子 TOP10
mst.title.4001892._detailText,ラブライブ！スクールアイドルフェスティバル2 MIRACLE LIVE! 善子 TOP10
mst.title.4001893._name,ラブライブ！スクールアイドルフェスティバル2 MIRACLE LIVE! 花丸 TOP10
mst.title.4001893._detailText,ラブライブ！スクールアイドルフェスティバル2 MIRACLE LIVE! 花丸 TOP10
mst.title.4001894._name,ラブライブ！スクールアイドルフェスティバル2 MIRACLE LIVE! 鞠莉 TOP10
mst.title.4001894._detailText,ラブライブ！スクールアイドルフェスティバル2 MIRACLE LIVE! 鞠莉 TOP10
mst.title.4001895._name,ラブライブ！スクールアイドルフェスティバル2 MIRACLE LIVE! ルビィ TOP10
mst.title.4001895._detailText,ラブライブ！スクールアイドルフェスティバル2 MIRACLE LIVE! ルビィ TOP10
mst.title.4001896._name,ラブライブ！スクールアイドルフェスティバル2 MIRACLE LIVE! 歩夢 TOP10
mst.title.4001896._detailText,ラブライブ！スクールアイドルフェスティバル2 MIRACLE LIVE! 歩夢 TOP10
mst.title.4001897._name,ラブライブ！スクールアイドルフェスティバル2 MIRACLE LIVE! かすみ TOP10
mst.title.4001897._detailText,ラブライブ！スクールアイドルフェスティバル2 MIRACLE LIVE! かすみ TOP10
mst.title.4001898._name,ラブライブ！スクールアイドルフェスティバル2 MIRACLE LIVE! しずく TOP10
mst.title.4001898._detailText,ラブライブ！スクールアイドルフェスティバル2 MIRACLE LIVE! しずく TOP10
mst.title.4001899._name,ラブライブ！スクールアイドルフェスティバル2 MIRACLE LIVE! 果林 TOP10
mst.title.4001899._detailText,ラブライブ！スクールアイドルフェスティバル2 MIRACLE LIVE! 果林 TOP10
mst.title.4001900._name,ラブライブ！スクールアイドルフェスティバル2 MIRACLE LIVE! 愛 TOP10
mst.title.4001900._detailText,ラブライブ！スクールアイドルフェスティバル2 MIRACLE LIVE! 愛 TOP10
mst.title.4001901._name,ラブライブ！スクールアイドルフェスティバル2 MIRACLE LIVE! 彼方 TOP10
mst.title.4001901._detailText,ラブライブ！スクールアイドルフェスティバル2 MIRACLE LIVE! 彼方 TOP10
mst.title.4001902._name,ラブライブ！スクールアイドルフェスティバル2 MIRACLE LIVE! せつ菜 TOP10
mst.title.4001902._detailText,ラブライブ！スクールアイドルフェスティバル2 MIRACLE LIVE! せつ菜 TOP10
mst.title.4001903._name,ラブライブ！スクールアイドルフェスティバル2 MIRACLE LIVE! エマ TOP10
mst.title.4001903._detailText,ラブライブ！スクールアイドルフェスティバル2 MIRACLE LIVE! エマ TOP10
mst.title.4001904._name,ラブライブ！スクールアイドルフェスティバル2 MIRACLE LIVE! 璃奈 TOP10
mst.title.4001904._detailText,ラブライブ！スクールアイドルフェスティバル2 MIRACLE LIVE! 璃奈 TOP10
mst.title.4001905._name,ラブライブ！スクールアイドルフェスティバル2 MIRACLE LIVE! 栞子 TOP10
mst.title.4001905._detailText,ラブライブ！スクールアイドルフェスティバル2 MIRACLE LIVE! 栞子 TOP10
mst.title.4001906._name,ラブライブ！スクールアイドルフェスティバル2 MIRACLE LIVE! ミア TOP10
mst.title.4001906._detailText,ラブライブ！スクールアイドルフェスティバル2 MIRACLE LIVE! ミア TOP10
mst.title.4001907._name,ラブライブ！スクールアイドルフェスティバル2 MIRACLE LIVE! 嵐珠 TOP10
mst.title.4001907._detailText,ラブライブ！スクールアイドルフェスティバル2 MIRACLE LIVE! 嵐珠 TOP10
mst.title.4001908._name,ラブライブ！スクールアイドルフェスティバル2 MIRACLE LIVE! かのん TOP10
mst.title.4001908._detailText,ラブライブ！スクールアイドルフェスティバル2 MIRACLE LIVE! かのん TOP10
mst.title.4001909._name,ラブライブ！スクールアイドルフェスティバル2 MIRACLE LIVE! 可可 TOP10
mst.title.4001909._detailText,ラブライブ！スクールアイドルフェスティバル2 MIRACLE LIVE! 可可 TOP10
mst.title.4001910._name,ラブライブ！スクールアイドルフェスティバル2 MIRACLE LIVE! 千砂都 TOP10
mst.title.4001910._detailText,ラブライブ！スクールアイドルフェスティバル2 MIRACLE LIVE! 千砂都 TOP10
mst.title.4001911._name,ラブライブ！スクールアイドルフェスティバル2 MIRACLE LIVE! すみれ TOP10
mst.title.4001911._detailText,ラブライブ！スクールアイドルフェスティバル2 MIRACLE LIVE! すみれ TOP10
mst.title.4001912._name,ラブライブ！スクールアイドルフェスティバル2 MIRACLE LIVE! 恋 TOP10
mst.title.4001912._detailText,ラブライブ！スクールアイドルフェスティバル2 MIRACLE LIVE! 恋 TOP10
mst.title.4001913._name,ラブライブ！スクールアイドルフェスティバル2 MIRACLE LIVE! きな子 TOP10
mst.title.4001913._detailText,ラブライブ！スクールアイドルフェスティバル2 MIRACLE LIVE! きな子 TOP10
mst.title.4001914._name,ラブライブ！スクールアイドルフェスティバル2 MIRACLE LIVE! メイ TOP10
mst.title.4001914._detailText,ラブライブ！スクールアイドルフェスティバル2 MIRACLE LIVE! メイ TOP10
mst.title.4001915._name,ラブライブ！スクールアイドルフェスティバル2 MIRACLE LIVE! 四季 TOP10
mst.title.4001915._detailText,ラブライブ！スクールアイドルフェスティバル2 MIRACLE LIVE! 四季 TOP10
mst.title.4001916._name,ラブライブ！スクールアイドルフェスティバル2 MIRACLE LIVE! 夏美 TOP10
mst.title.4001916._detailText,ラブライブ！スクールアイドルフェスティバル2 MIRACLE LIVE! 夏美 TOP10
mst.title.4001917._name,ラブライブ！スクールアイドルフェスティバル2 MIRACLE LIVE! マルガレーテ TOP10
mst.title.4001917._detailText,ラブライブ！スクールアイドルフェスティバル2 MIRACLE LIVE! マルガレーテ TOP10
mst.title.4001918._name,ラブライブ！スクールアイドルフェスティバル2 MIRACLE LIVE! 冬毬 TOP10
mst.title.4001918._detailText,ラブライブ！スクールアイドルフェスティバル2 MIRACLE LIVE! 冬毬 TOP10
mst.title.4001919._name,ラブライブ！スクールアイドルフェスティバル2 MIRACLE LIVE! 穂乃果 TOP100
mst.title.4001919._detailText,ラブライブ！スクールアイドルフェスティバル2 MIRACLE LIVE! 穂乃果 TOP100
mst.title.4001920._name,ラブライブ！スクールアイドルフェスティバル2 MIRACLE LIVE! 絵里 TOP100
mst.title.4001920._detailText,ラブライブ！スクールアイドルフェスティバル2 MIRACLE LIVE! 絵里 TOP100
mst.title.4001921._name,ラブライブ！スクールアイドルフェスティバル2 MIRACLE LIVE! ことり TOP100
mst.title.4001921._detailText,ラブライブ！スクールアイドルフェスティバル2 MIRACLE LIVE! ことり TOP100
mst.title.4001922._name,ラブライブ！スクールアイドルフェスティバル2 MIRACLE LIVE! 海未 TOP100
mst.title.4001922._detailText,ラブライブ！スクールアイドルフェスティバル2 MIRACLE LIVE! 海未 TOP100
mst.title.4001923._name,ラブライブ！スクールアイドルフェスティバル2 MIRACLE LIVE! 凛 TOP100
mst.title.4001923._detailText,ラブライブ！スクールアイドルフェスティバル2 MIRACLE LIVE! 凛 TOP100
mst.title.4001924._name,ラブライブ！スクールアイドルフェスティバル2 MIRACLE LIVE! 真姫 TOP100
mst.title.4001924._detailText,ラブライブ！スクールアイドルフェスティバル2 MIRACLE LIVE! 真姫 TOP100
mst.title.4001925._name,ラブライブ！スクールアイドルフェスティバル2 MIRACLE LIVE! 希 TOP100
mst.title.4001925._detailText,ラブライブ！スクールアイドルフェスティバル2 MIRACLE LIVE! 希 TOP100
mst.title.4001926._name,ラブライブ！スクールアイドルフェスティバル2 MIRACLE LIVE! 花陽 TOP100
mst.title.4001926._detailText,ラブライブ！スクールアイドルフェスティバル2 MIRACLE LIVE! 花陽 TOP100
mst.title.4001927._name,ラブライブ！スクールアイドルフェスティバル2 MIRACLE LIVE! にこ TOP100
mst.title.4001927._detailText,ラブライブ！スクールアイドルフェスティバル2 MIRACLE LIVE! にこ TOP100
mst.title.4001928._name,ラブライブ！スクールアイドルフェスティバル2 MIRACLE LIVE! 千歌 TOP100
mst.title.4001928._detailText,ラブライブ！スクールアイドルフェスティバル2 MIRACLE LIVE! 千歌 TOP100
mst.title.4001929._name,ラブライブ！スクールアイドルフェスティバル2 MIRACLE LIVE! 梨子 TOP100
mst.title.4001929._detailText,ラブライブ！スクールアイドルフェスティバル2 MIRACLE LIVE! 梨子 TOP100
mst.title.4001930._name,ラブライブ！スクールアイドルフェスティバル2 MIRACLE LIVE! 果南 TOP100
mst.title.4001930._detailText,ラブライブ！スクールアイドルフェスティバル2 MIRACLE LIVE! 果南 TOP100
mst.title.4001931._name,ラブライブ！スクールアイドルフェスティバル2 MIRACLE LIVE! ダイヤ TOP100
mst.title.4001931._detailText,ラブライブ！スクールアイドルフェスティバル2 MIRACLE LIVE! ダイヤ TOP100
mst.title.4001932._name,ラブライブ！スクールアイドルフェスティバル2 MIRACLE LIVE! 曜 TOP100
mst.title.4001932._detailText,ラブライブ！スクールアイドルフェスティバル2 MIRACLE LIVE! 曜 TOP100
mst.title.4001933._name,ラブライブ！スクールアイドルフェスティバル2 MIRACLE LIVE! 善子 TOP100
mst.title.4001933._detailText,ラブライブ！スクールアイドルフェスティバル2 MIRACLE LIVE! 善子 TOP100
mst.title.4001934._name,ラブライブ！スクールアイドルフェスティバル2 MIRACLE LIVE! 花丸 TOP100
mst.title.4001934._detailText,ラブライブ！スクールアイドルフェスティバル2 MIRACLE LIVE! 花丸 TOP100
mst.title.4001935._name,ラブライブ！スクールアイドルフェスティバル2 MIRACLE LIVE! 鞠莉 TOP100
mst.title.4001935._detailText,ラブライブ！スクールアイドルフェスティバル2 MIRACLE LIVE! 鞠莉 TOP100
mst.title.4001936._name,ラブライブ！スクールアイドルフェスティバル2 MIRACLE LIVE! ルビィ TOP100
mst.title.4001936._detailText,ラブライブ！スクールアイドルフェスティバル2 MIRACLE LIVE! ルビィ TOP100
mst.title.4001937._name,ラブライブ！スクールアイドルフェスティバル2 MIRACLE LIVE! 歩夢 TOP100
mst.title.4001937._detailText,ラブライブ！スクールアイドルフェスティバル2 MIRACLE LIVE! 歩夢 TOP100
mst.title.4001938._name,ラブライブ！スクールアイドルフェスティバル2 MIRACLE LIVE! かすみ TOP100
mst.title.4001938._detailText,ラブライブ！スクールアイドルフェスティバル2 MIRACLE LIVE! かすみ TOP100
mst.title.4001939._name,ラブライブ！スクールアイドルフェスティバル2 MIRACLE LIVE! しずく TOP100
mst.title.4001939._detailText,ラブライブ！スクールアイドルフェスティバル2 MIRACLE LIVE! しずく TOP100
mst.title.4001940._name,ラブライブ！スクールアイドルフェスティバル2 MIRACLE LIVE! 果林 TOP100
mst.title.4001940._detailText,ラブライブ！スクールアイドルフェスティバル2 MIRACLE LIVE! 果林 TOP100
mst.title.4001941._name,ラブライブ！スクールアイドルフェスティバル2 MIRACLE LIVE! 愛 TOP100
mst.title.4001941._detailText,ラブライブ！スクールアイドルフェスティバル2 MIRACLE LIVE! 愛 TOP100
mst.title.4001942._name,ラブライブ！スクールアイドルフェスティバル2 MIRACLE LIVE! 彼方 TOP100
mst.title.4001942._detailText,ラブライブ！スクールアイドルフェスティバル2 MIRACLE LIVE! 彼方 TOP100
mst.title.4001943._name,ラブライブ！スクールアイドルフェスティバル2 MIRACLE LIVE! せつ菜 TOP100
mst.title.4001943._detailText,ラブライブ！スクールアイドルフェスティバル2 MIRACLE LIVE! せつ菜 TOP100
mst.title.4001944._name,ラブライブ！スクールアイドルフェスティバル2 MIRACLE LIVE! エマ TOP100
mst.title.4001944._detailText,ラブライブ！スクールアイドルフェスティバル2 MIRACLE LIVE! エマ TOP100
mst.title.4001945._name,ラブライブ！スクールアイドルフェスティバル2 MIRACLE LIVE! 璃奈 TOP100
mst.title.4001945._detailText,ラブライブ！スクールアイドルフェスティバル2 MIRACLE LIVE! 璃奈 TOP100
mst.title.4001946._name,ラブライブ！スクールアイドルフェスティバル2 MIRACLE LIVE! 栞子 TOP100
mst.title.4001946._detailText,ラブライブ！スクールアイドルフェスティバル2 MIRACLE LIVE! 栞子 TOP100
mst.title.4001947._name,ラブライブ！スクールアイドルフェスティバル2 MIRACLE LIVE! ミア TOP100
mst.title.4001947._detailText,ラブライブ！スクールアイドルフェスティバル2 MIRACLE LIVE! ミア TOP100
mst.title.4001948._name,ラブライブ！スクールアイドルフェスティバル2 MIRACLE LIVE! 嵐珠 TOP100
mst.title.4001948._detailText,ラブライブ！スクールアイドルフェスティバル2 MIRACLE LIVE! 嵐珠 TOP100
mst.title.4001949._name,ラブライブ！スクールアイドルフェスティバル2 MIRACLE LIVE! かのん TOP100
mst.title.4001949._detailText,ラブライブ！スクールアイドルフェスティバル2 MIRACLE LIVE! かのん TOP100
mst.title.4001950._name,ラブライブ！スクールアイドルフェスティバル2 MIRACLE LIVE! 可可 TOP100
mst.title.4001950._detailText,ラブライブ！スクールアイドルフェスティバル2 MIRACLE LIVE! 可可 TOP100
mst.title.4001951._name,ラブライブ！スクールアイドルフェスティバル2 MIRACLE LIVE! 千砂都 TOP100
mst.title.4001951._detailText,ラブライブ！スクールアイドルフェスティバル2 MIRACLE LIVE! 千砂都 TOP100
mst.title.4001952._name,ラブライブ！スクールアイドルフェスティバル2 MIRACLE LIVE! すみれ TOP100
mst.title.4001952._detailText,ラブライブ！スクールアイドルフェスティバル2 MIRACLE LIVE! すみれ TOP100
mst.title.4001953._name,ラブライブ！スクールアイドルフェスティバル2 MIRACLE LIVE! 恋 TOP100
mst.title.4001953._detailText,ラブライブ！スクールアイドルフェスティバル2 MIRACLE LIVE! 恋 TOP100
mst.title.4001954._name,ラブライブ！スクールアイドルフェスティバル2 MIRACLE LIVE! きな子 TOP100
mst.title.4001954._detailText,ラブライブ！スクールアイドルフェスティバル2 MIRACLE LIVE! きな子 TOP100
mst.title.4001955._name,ラブライブ！スクールアイドルフェスティバル2 MIRACLE LIVE! メイ TOP100
mst.title.4001955._detailText,ラブライブ！スクールアイドルフェスティバル2 MIRACLE LIVE! メイ TOP100
mst.title.4001956._name,ラブライブ！スクールアイドルフェスティバル2 MIRACLE LIVE! 四季 TOP100
mst.title.4001956._detailText,ラブライブ！スクールアイドルフェスティバル2 MIRACLE LIVE! 四季 TOP100
mst.title.4001957._name,ラブライブ！スクールアイドルフェスティバル2 MIRACLE LIVE! 夏美 TOP100
mst.title.4001957._detailText,ラブライブ！スクールアイドルフェスティバル2 MIRACLE LIVE! 夏美 TOP100
mst.title.4001958._name,ラブライブ！スクールアイドルフェスティバル2 MIRACLE LIVE! マルガレーテ TOP100
mst.title.4001958._detailText,ラブライブ！スクールアイドルフェスティバル2 MIRACLE LIVE! マルガレーテ TOP100
mst.title.4001959._name,ラブライブ！スクールアイドルフェスティバル2 MIRACLE LIVE! 冬毬 TOP100
mst.title.4001959._detailText,ラブライブ！スクールアイドルフェスティバル2 MIRACLE LIVE! 冬毬 TOP100
mst.title.4001960._name,ラブライブ！スクールアイドルフェスティバル2 MIRACLE LIVE! 穂乃果 TOP300
mst.title.4001960._detailText,ラブライブ！スクールアイドルフェスティバル2 MIRACLE LIVE! 穂乃果 TOP300
mst.title.4001961._name,ラブライブ！スクールアイドルフェスティバル2 MIRACLE LIVE! 絵里 TOP300
mst.title.4001961._detailText,ラブライブ！スクールアイドルフェスティバル2 MIRACLE LIVE! 絵里 TOP300
mst.title.4001962._name,ラブライブ！スクールアイドルフェスティバル2 MIRACLE LIVE! ことり TOP300
mst.title.4001962._detailText,ラブライブ！スクールアイドルフェスティバル2 MIRACLE LIVE! ことり TOP300
mst.title.4001963._name,ラブライブ！スクールアイドルフェスティバル2 MIRACLE LIVE! 海未 TOP300
mst.title.4001963._detailText,ラブライブ！スクールアイドルフェスティバル2 MIRACLE LIVE! 海未 TOP300
mst.title.4001964._name,ラブライブ！スクールアイドルフェスティバル2 MIRACLE LIVE! 凛 TOP300
mst.title.4001964._detailText,ラブライブ！スクールアイドルフェスティバル2 MIRACLE LIVE! 凛 TOP300
mst.title.4001965._name,ラブライブ！スクールアイドルフェスティバル2 MIRACLE LIVE! 真姫 TOP300
mst.title.4001965._detailText,ラブライブ！スクールアイドルフェスティバル2 MIRACLE LIVE! 真姫 TOP300
mst.title.4001966._name,ラブライブ！スクールアイドルフェスティバル2 MIRACLE LIVE! 希 TOP300
mst.title.4001966._detailText,ラブライブ！スクールアイドルフェスティバル2 MIRACLE LIVE! 希 TOP300
mst.title.4001967._name,ラブライブ！スクールアイドルフェスティバル2 MIRACLE LIVE! 花陽 TOP300
mst.title.4001967._detailText,ラブライブ！スクールアイドルフェスティバル2 MIRACLE LIVE! 花陽 TOP300
mst.title.4001968._name,ラブライブ！スクールアイドルフェスティバル2 MIRACLE LIVE! にこ TOP300
mst.title.4001968._detailText,ラブライブ！スクールアイドルフェスティバル2 MIRACLE LIVE! にこ TOP300
mst.title.4001969._name,ラブライブ！スクールアイドルフェスティバル2 MIRACLE LIVE! 千歌 TOP300
mst.title.4001969._detailText,ラブライブ！スクールアイドルフェスティバル2 MIRACLE LIVE! 千歌 TOP300
mst.title.4001970._name,ラブライブ！スクールアイドルフェスティバル2 MIRACLE LIVE! 梨子 TOP300
mst.title.4001970._detailText,ラブライブ！スクールアイドルフェスティバル2 MIRACLE LIVE! 梨子 TOP300
mst.title.4001971._name,ラブライブ！スクールアイドルフェスティバル2 MIRACLE LIVE! 果南 TOP300
mst.title.4001971._detailText,ラブライブ！スクールアイドルフェスティバル2 MIRACLE LIVE! 果南 TOP300
mst.title.4001972._name,ラブライブ！スクールアイドルフェスティバル2 MIRACLE LIVE! ダイヤ TOP300
mst.title.4001972._detailText,ラブライブ！スクールアイドルフェスティバル2 MIRACLE LIVE! ダイヤ TOP300
mst.title.4001973._name,ラブライブ！スクールアイドルフェスティバル2 MIRACLE LIVE! 曜 TOP300
mst.title.4001973._detailText,ラブライブ！スクールアイドルフェスティバル2 MIRACLE LIVE! 曜 TOP300
mst.title.4001974._name,ラブライブ！スクールアイドルフェスティバル2 MIRACLE LIVE! 善子 TOP300
mst.title.4001974._detailText,ラブライブ！スクールアイドルフェスティバル2 MIRACLE LIVE! 善子 TOP300
mst.title.4001975._name,ラブライブ！スクールアイドルフェスティバル2 MIRACLE LIVE! 花丸 TOP300
mst.title.4001975._detailText,ラブライブ！スクールアイドルフェスティバル2 MIRACLE LIVE! 花丸 TOP300
mst.title.4001976._name,ラブライブ！スクールアイドルフェスティバル2 MIRACLE LIVE! 鞠莉 TOP300
mst.title.4001976._detailText,ラブライブ！スクールアイドルフェスティバル2 MIRACLE LIVE! 鞠莉 TOP300
mst.title.4001977._name,ラブライブ！スクールアイドルフェスティバル2 MIRACLE LIVE! ルビィ TOP300
mst.title.4001977._detailText,ラブライブ！スクールアイドルフェスティバル2 MIRACLE LIVE! ルビィ TOP300
mst.title.4001978._name,ラブライブ！スクールアイドルフェスティバル2 MIRACLE LIVE! 歩夢 TOP300
mst.title.4001978._detailText,ラブライブ！スクールアイドルフェスティバル2 MIRACLE LIVE! 歩夢 TOP300
mst.title.4001979._name,ラブライブ！スクールアイドルフェスティバル2 MIRACLE LIVE! かすみ TOP300
mst.title.4001979._detailText,ラブライブ！スクールアイドルフェスティバル2 MIRACLE LIVE! かすみ TOP300
mst.title.4001980._name,ラブライブ！スクールアイドルフェスティバル2 MIRACLE LIVE! しずく TOP300
mst.title.4001980._detailText,ラブライブ！スクールアイドルフェスティバル2 MIRACLE LIVE! しずく TOP300
mst.title.4001981._name,ラブライブ！スクールアイドルフェスティバル2 MIRACLE LIVE! 果林 TOP300
mst.title.4001981._detailText,ラブライブ！スクールアイドルフェスティバル2 MIRACLE LIVE! 果林 TOP300
mst.title.4001982._name,ラブライブ！スクールアイドルフェスティバル2 MIRACLE LIVE! 愛 TOP300
mst.title.4001982._detailText,ラブライブ！スクールアイドルフェスティバル2 MIRACLE LIVE! 愛 TOP300
mst.title.4001983._name,ラブライブ！スクールアイドルフェスティバル2 MIRACLE LIVE! 彼方 TOP300
mst.title.4001983._detailText,ラブライブ！スクールアイドルフェスティバル2 MIRACLE LIVE! 彼方 TOP300
mst.title.4001984._name,ラブライブ！スクールアイドルフェスティバル2 MIRACLE LIVE! せつ菜 TOP300
mst.title.4001984._detailText,ラブライブ！スクールアイドルフェスティバル2 MIRACLE LIVE! せつ菜 TOP300
mst.title.4001985._name,ラブライブ！スクールアイドルフェスティバル2 MIRACLE LIVE! エマ TOP300
mst.title.4001985._detailText,ラブライブ！スクールアイドルフェスティバル2 MIRACLE LIVE! エマ TOP300
mst.title.4001986._name,ラブライブ！スクールアイドルフェスティバル2 MIRACLE LIVE! 璃奈 TOP300
mst.title.4001986._detailText,ラブライブ！スクールアイドルフェスティバル2 MIRACLE LIVE! 璃奈 TOP300
mst.title.4001987._name,ラブライブ！スクールアイドルフェスティバル2 MIRACLE LIVE! 栞子 TOP300
mst.title.4001987._detailText,ラブライブ！スクールアイドルフェスティバル2 MIRACLE LIVE! 栞子 TOP300
mst.title.4001988._name,ラブライブ！スクールアイドルフェスティバル2 MIRACLE LIVE! ミア TOP300
mst.title.4001988._detailText,ラブライブ！スクールアイドルフェスティバル2 MIRACLE LIVE! ミア TOP300
mst.title.4001989._name,ラブライブ！スクールアイドルフェスティバル2 MIRACLE LIVE! 嵐珠 TOP300
mst.title.4001989._detailText,ラブライブ！スクールアイドルフェスティバル2 MIRACLE LIVE! 嵐珠 TOP300
mst.title.4001990._name,ラブライブ！スクールアイドルフェスティバル2 MIRACLE LIVE! かのん TOP300
mst.title.4001990._detailText,ラブライブ！スクールアイドルフェスティバル2 MIRACLE LIVE! かのん TOP300
mst.title.4001991._name,ラブライブ！スクールアイドルフェスティバル2 MIRACLE LIVE! 可可 TOP300
mst.title.4001991._detailText,ラブライブ！スクールアイドルフェスティバル2 MIRACLE LIVE! 可可 TOP300
mst.title.4001992._name,ラブライブ！スクールアイドルフェスティバル2 MIRACLE LIVE! 千砂都 TOP300
mst.title.4001992._detailText,ラブライブ！スクールアイドルフェスティバル2 MIRACLE LIVE! 千砂都 TOP300
mst.title.4001993._name,ラブライブ！スクールアイドルフェスティバル2 MIRACLE LIVE! すみれ TOP300
mst.title.4001993._detailText,ラブライブ！スクールアイドルフェスティバル2 MIRACLE LIVE! すみれ TOP300
mst.title.4001994._name,ラブライブ！スクールアイドルフェスティバル2 MIRACLE LIVE! 恋 TOP300
mst.title.4001994._detailText,ラブライブ！スクールアイドルフェスティバル2 MIRACLE LIVE! 恋 TOP300
mst.title.4001995._name,ラブライブ！スクールアイドルフェスティバル2 MIRACLE LIVE! きな子 TOP300
mst.title.4001995._detailText,ラブライブ！スクールアイドルフェスティバル2 MIRACLE LIVE! きな子 TOP300
mst.title.4001996._name,ラブライブ！スクールアイドルフェスティバル2 MIRACLE LIVE! メイ TOP300
mst.title.4001996._detailText,ラブライブ！スクールアイドルフェスティバル2 MIRACLE LIVE! メイ TOP300
mst.title.4001997._name,ラブライブ！スクールアイドルフェスティバル2 MIRACLE LIVE! 四季 TOP300
mst.title.4001997._detailText,ラブライブ！スクールアイドルフェスティバル2 MIRACLE LIVE! 四季 TOP300
mst.title.4001998._name,ラブライブ！スクールアイドルフェスティバル2 MIRACLE LIVE! 夏美 TOP300
mst.title.4001998._detailText,ラブライブ！スクールアイドルフェスティバル2 MIRACLE LIVE! 夏美 TOP300
mst.title.4001999._name,ラブライブ！スクールアイドルフェスティバル2 MIRACLE LIVE! マルガレーテ TOP300
mst.title.4001999._detailText,ラブライブ！スクールアイドルフェスティバル2 MIRACLE LIVE! マルガレーテ TOP300
mst.title.4002000._name,ラブライブ！スクールアイドルフェスティバル2 MIRACLE LIVE! 冬毬 TOP300
mst.title.4002000._detailText,ラブライブ！スクールアイドルフェスティバル2 MIRACLE LIVE! 冬毬 TOP300
mst.title.4002001._name,ラブライブ！スクールアイドルフェスティバル2 MIRACLE LIVE! 穂乃果 TOP1000
mst.title.4002001._detailText,ラブライブ！スクールアイドルフェスティバル2 MIRACLE LIVE! 穂乃果 TOP1000
mst.title.4002002._name,ラブライブ！スクールアイドルフェスティバル2 MIRACLE LIVE! 絵里 TOP1000
mst.title.4002002._detailText,ラブライブ！スクールアイドルフェスティバル2 MIRACLE LIVE! 絵里 TOP1000
mst.title.4002003._name,ラブライブ！スクールアイドルフェスティバル2 MIRACLE LIVE! ことり TOP1000
mst.title.4002003._detailText,ラブライブ！スクールアイドルフェスティバル2 MIRACLE LIVE! ことり TOP1000
mst.title.4002004._name,ラブライブ！スクールアイドルフェスティバル2 MIRACLE LIVE! 海未 TOP1000
mst.title.4002004._detailText,ラブライブ！スクールアイドルフェスティバル2 MIRACLE LIVE! 海未 TOP1000
mst.title.4002005._name,ラブライブ！スクールアイドルフェスティバル2 MIRACLE LIVE! 凛 TOP1000
mst.title.4002005._detailText,ラブライブ！スクールアイドルフェスティバル2 MIRACLE LIVE! 凛 TOP1000
mst.title.4002006._name,ラブライブ！スクールアイドルフェスティバル2 MIRACLE LIVE! 真姫 TOP1000
mst.title.4002006._detailText,ラブライブ！スクールアイドルフェスティバル2 MIRACLE LIVE! 真姫 TOP1000
mst.title.4002007._name,ラブライブ！スクールアイドルフェスティバル2 MIRACLE LIVE! 希 TOP1000
mst.title.4002007._detailText,ラブライブ！スクールアイドルフェスティバル2 MIRACLE LIVE! 希 TOP1000
mst.title.4002008._name,ラブライブ！スクールアイドルフェスティバル2 MIRACLE LIVE! 花陽 TOP1000
mst.title.4002008._detailText,ラブライブ！スクールアイドルフェスティバル2 MIRACLE LIVE! 花陽 TOP1000
mst.title.4002009._name,ラブライブ！スクールアイドルフェスティバル2 MIRACLE LIVE! にこ TOP1000
mst.title.4002009._detailText,ラブライブ！スクールアイドルフェスティバル2 MIRACLE LIVE! にこ TOP1000
mst.title.4002010._name,ラブライブ！スクールアイドルフェスティバル2 MIRACLE LIVE! 千歌 TOP1000
mst.title.4002010._detailText,ラブライブ！スクールアイドルフェスティバル2 MIRACLE LIVE! 千歌 TOP1000
mst.title.4002011._name,ラブライブ！スクールアイドルフェスティバル2 MIRACLE LIVE! 梨子 TOP1000
mst.title.4002011._detailText,ラブライブ！スクールアイドルフェスティバル2 MIRACLE LIVE! 梨子 TOP1000
mst.title.4002012._name,ラブライブ！スクールアイドルフェスティバル2 MIRACLE LIVE! 果南 TOP1000
mst.title.4002012._detailText,ラブライブ！スクールアイドルフェスティバル2 MIRACLE LIVE! 果南 TOP1000
mst.title.4002013._name,ラブライブ！スクールアイドルフェスティバル2 MIRACLE LIVE! ダイヤ TOP1000
mst.title.4002013._detailText,ラブライブ！スクールアイドルフェスティバル2 MIRACLE LIVE! ダイヤ TOP1000
mst.title.4002014._name,ラブライブ！スクールアイドルフェスティバル2 MIRACLE LIVE! 曜 TOP1000
mst.title.4002014._detailText,ラブライブ！スクールアイドルフェスティバル2 MIRACLE LIVE! 曜 TOP1000
mst.title.4002015._name,ラブライブ！スクールアイドルフェスティバル2 MIRACLE LIVE! 善子 TOP1000
mst.title.4002015._detailText,ラブライブ！スクールアイドルフェスティバル2 MIRACLE LIVE! 善子 TOP1000
mst.title.4002016._name,ラブライブ！スクールアイドルフェスティバル2 MIRACLE LIVE! 花丸 TOP1000
mst.title.4002016._detailText,ラブライブ！スクールアイドルフェスティバル2 MIRACLE LIVE! 花丸 TOP1000
mst.title.4002017._name,ラブライブ！スクールアイドルフェスティバル2 MIRACLE LIVE! 鞠莉 TOP1000
mst.title.4002017._detailText,ラブライブ！スクールアイドルフェスティバル2 MIRACLE LIVE! 鞠莉 TOP1000
mst.title.4002018._name,ラブライブ！スクールアイドルフェスティバル2 MIRACLE LIVE! ルビィ TOP1000
mst.title.4002018._detailText,ラブライブ！スクールアイドルフェスティバル2 MIRACLE LIVE! ルビィ TOP1000
mst.title.4002019._name,ラブライブ！スクールアイドルフェスティバル2 MIRACLE LIVE! 歩夢 TOP1000
mst.title.4002019._detailText,ラブライブ！スクールアイドルフェスティバル2 MIRACLE LIVE! 歩夢 TOP1000
mst.title.4002020._name,ラブライブ！スクールアイドルフェスティバル2 MIRACLE LIVE! かすみ TOP1000
mst.title.4002020._detailText,ラブライブ！スクールアイドルフェスティバル2 MIRACLE LIVE! かすみ TOP1000
mst.title.4002021._name,ラブライブ！スクールアイドルフェスティバル2 MIRACLE LIVE! しずく TOP1000
mst.title.4002021._detailText,ラブライブ！スクールアイドルフェスティバル2 MIRACLE LIVE! しずく TOP1000
mst.title.4002022._name,ラブライブ！スクールアイドルフェスティバル2 MIRACLE LIVE! 果林 TOP1000
mst.title.4002022._detailText,ラブライブ！スクールアイドルフェスティバル2 MIRACLE LIVE! 果林 TOP1000
mst.title.4002023._name,ラブライブ！スクールアイドルフェスティバル2 MIRACLE LIVE! 愛 TOP1000
mst.title.4002023._detailText,ラブライブ！スクールアイドルフェスティバル2 MIRACLE LIVE! 愛 TOP1000
mst.title.4002024._name,ラブライブ！スクールアイドルフェスティバル2 MIRACLE LIVE! 彼方 TOP1000
mst.title.4002024._detailText,ラブライブ！スクールアイドルフェスティバル2 MIRACLE LIVE! 彼方 TOP1000
mst.title.4002025._name,ラブライブ！スクールアイドルフェスティバル2 MIRACLE LIVE! せつ菜 TOP1000
mst.title.4002025._detailText,ラブライブ！スクールアイドルフェスティバル2 MIRACLE LIVE! せつ菜 TOP1000
mst.title.4002026._name,ラブライブ！スクールアイドルフェスティバル2 MIRACLE LIVE! エマ TOP1000
mst.title.4002026._detailText,ラブライブ！スクールアイドルフェスティバル2 MIRACLE LIVE! エマ TOP1000
mst.title.4002027._name,ラブライブ！スクールアイドルフェスティバル2 MIRACLE LIVE! 璃奈 TOP1000
mst.title.4002027._detailText,ラブライブ！スクールアイドルフェスティバル2 MIRACLE LIVE! 璃奈 TOP1000
mst.title.4002028._name,ラブライブ！スクールアイドルフェスティバル2 MIRACLE LIVE! 栞子 TOP1000
mst.title.4002028._detailText,ラブライブ！スクールアイドルフェスティバル2 MIRACLE LIVE! 栞子 TOP1000
mst.title.4002029._name,ラブライブ！スクールアイドルフェスティバル2 MIRACLE LIVE! ミア TOP1000
mst.title.4002029._detailText,ラブライブ！スクールアイドルフェスティバル2 MIRACLE LIVE! ミア TOP1000
mst.title.4002030._name,ラブライブ！スクールアイドルフェスティバル2 MIRACLE LIVE! 嵐珠 TOP1000
mst.title.4002030._detailText,ラブライブ！スクールアイドルフェスティバル2 MIRACLE LIVE! 嵐珠 TOP1000
mst.title.4002031._name,ラブライブ！スクールアイドルフェスティバル2 MIRACLE LIVE! かのん TOP1000
mst.title.4002031._detailText,ラブライブ！スクールアイドルフェスティバル2 MIRACLE LIVE! かのん TOP1000
mst.title.4002032._name,ラブライブ！スクールアイドルフェスティバル2 MIRACLE LIVE! 可可 TOP1000
mst.title.4002032._detailText,ラブライブ！スクールアイドルフェスティバル2 MIRACLE LIVE! 可可 TOP1000
mst.title.4002033._name,ラブライブ！スクールアイドルフェスティバル2 MIRACLE LIVE! 千砂都 TOP1000
mst.title.4002033._detailText,ラブライブ！スクールアイドルフェスティバル2 MIRACLE LIVE! 千砂都 TOP1000
mst.title.4002034._name,ラブライブ！スクールアイドルフェスティバル2 MIRACLE LIVE! すみれ TOP1000
mst.title.4002034._detailText,ラブライブ！スクールアイドルフェスティバル2 MIRACLE LIVE! すみれ TOP1000
mst.title.4002035._name,ラブライブ！スクールアイドルフェスティバル2 MIRACLE LIVE! 恋 TOP1000
mst.title.4002035._detailText,ラブライブ！スクールアイドルフェスティバル2 MIRACLE LIVE! 恋 TOP1000
mst.title.4002036._name,ラブライブ！スクールアイドルフェスティバル2 MIRACLE LIVE! きな子 TOP1000
mst.title.4002036._detailText,ラブライブ！スクールアイドルフェスティバル2 MIRACLE LIVE! きな子 TOP1000
mst.title.4002037._name,ラブライブ！スクールアイドルフェスティバル2 MIRACLE LIVE! メイ TOP1000
mst.title.4002037._detailText,ラブライブ！スクールアイドルフェスティバル2 MIRACLE LIVE! メイ TOP1000
mst.title.4002038._name,ラブライブ！スクールアイドルフェスティバル2 MIRACLE LIVE! 四季 TOP1000
mst.title.4002038._detailText,ラブライブ！スクールアイドルフェスティバル2 MIRACLE LIVE! 四季 TOP1000
mst.title.4002039._name,ラブライブ！スクールアイドルフェスティバル2 MIRACLE LIVE! 夏美 TOP1000
mst.title.4002039._detailText,ラブライブ！スクールアイドルフェスティバル2 MIRACLE LIVE! 夏美 TOP1000
mst.title.4002040._name,ラブライブ！スクールアイドルフェスティバル2 MIRACLE LIVE! マルガレーテ TOP1000
mst.title.4002040._detailText,ラブライブ！スクールアイドルフェスティバル2 MIRACLE LIVE! マルガレーテ TOP1000
mst.title.4002041._name,ラブライブ！スクールアイドルフェスティバル2 MIRACLE LIVE! 冬毬 TOP1000
mst.title.4002041._detailText,ラブライブ！スクールアイドルフェスティバル2 MIRACLE LIVE! 冬毬 TOP1000
mst.title.41000001._name,スターLv2 達成！
mst.title.41000001._detailText,スターLv2 達成を称える称号
mst.title.41000002._name,スターLv3 達成！
mst.title.41000002._detailText,スターLv3 達成を称える称号
mst.title.41000003._name,スターLv4 達成！
mst.title.41000003._detailText,スターLv4 達成を称える称号
mst.title.41000004._name,スターLv5 達成！
mst.title.41000004._detailText,スターLv5 達成を称える称号
mst.title.41000005._name,スターLv6 達成！
mst.title.41000005._detailText,スターLv6 達成を称える称号
mst.title.41000006._name,スターLv7 達成！
mst.title.41000006._detailText,スターLv7 達成を称える称号
mst.title.41000007._name,スターLv8 達成！
mst.title.41000007._detailText,スターLv8 達成を称える称号
mst.title.41000008._name,スターLv9 達成！
mst.title.41000008._detailText,スターLv9 達成を称える称号
mst.title.41000009._name,スターLv10 達成！
mst.title.41000009._detailText,スターLv10 達成を称える称号
mst.title.41000010._name,スターLv11 達成！
mst.title.41000010._detailText,スターLv11 達成を称える称号
mst.title.41000011._name,スターLv12 達成！
mst.title.41000011._detailText,スターLv12 達成を称える称号
mst.title.41000012._name,スターLv13 達成！
mst.title.41000012._detailText,スターLv13 達成を称える称号
mst.title.41000013._name,スターLv14 達成！
mst.title.41000013._detailText,スターLv14 達成を称える称号
mst.title.41000014._name,スターLv15 達成！
mst.title.41000014._detailText,スターLv15 達成を称える称号
mst.title.41000015._name,スターLv16 達成！
mst.title.41000015._detailText,スターLv16 達成を称える称号
mst.title.41000016._name,スターLv17 達成！
mst.title.41000016._detailText,スターLv17 達成を称える称号
mst.title.41000017._name,スターLv18 達成！
mst.title.41000017._detailText,スターLv18 達成を称える称号
mst.title.41000018._name,スターLv19 達成！
mst.title.41000018._detailText,スターLv19 達成を称える称号
mst.title.41000019._name,スターLv20 達成！
mst.title.41000019._detailText,スターLv20 達成を称える称号
mst.title.41000020._name,スターLv21 達成！
mst.title.41000020._detailText,スターLv21 達成を称える称号
mst.title.41000021._name,スターLv22 達成！
mst.title.41000021._detailText,スターLv22 達成を称える称号
mst.title.41000022._name,スターLv23 達成！
mst.title.41000022._detailText,スターLv23 達成を称える称号
mst.title.41000023._name,スターLv24 達成！
mst.title.41000023._detailText,スターLv24 達成を称える称号
mst.title.41000024._name,スターLv25 達成！
mst.title.41000024._detailText,スターLv25 達成を称える称号
mst.title.41000025._name,スターLv26 達成！
mst.title.41000025._detailText,スターLv26 達成を称える称号
mst.title.41000026._name,スターLv27 達成！
mst.title.41000026._detailText,スターLv27 達成を称える称号
mst.title.41000027._name,スターLv28 達成！
mst.title.41000027._detailText,スターLv28 達成を称える称号
mst.title.41000028._name,スターLv29 達成！
mst.title.41000028._detailText,スターLv29 達成を称える称号
mst.title.41000029._name,スターLv30 達成！
mst.title.41000029._detailText,スターLv30 達成を称える称号
mst.title.41000030._name,スターLv31 達成！
mst.title.41000030._detailText,スターLv31 達成を称える称号
mst.title.41000031._name,スターLv32 達成！
mst.title.41000031._detailText,スターLv32 達成を称える称号
mst.title.41000032._name,スターLv33 達成！
mst.title.41000032._detailText,スターLv33 達成を称える称号
mst.title.41000033._name,スターLv34 達成！
mst.title.41000033._detailText,スターLv34 達成を称える称号
mst.title.41000034._name,スターLv35 達成！
mst.title.41000034._detailText,スターLv35 達成を称える称号
mst.title.41000035._name,スターLv36 達成！
mst.title.41000035._detailText,スターLv36 達成を称える称号
mst.title.41000036._name,スターLv37 達成！
mst.title.41000036._detailText,スターLv37 達成を称える称号
mst.title.41000037._name,スターLv38 達成！
mst.title.41000037._detailText,スターLv38 達成を称える称号
mst.title.41000038._name,スターLv39 達成！
mst.title.41000038._detailText,スターLv39 達成を称える称号
mst.title.41000039._name,スターLv40 達成！
mst.title.41000039._detailText,スターLv40 達成を称える称号
mst.title.41000040._name,スターLv41 達成！
mst.title.41000040._detailText,スターLv41 達成を称える称号
mst.title.41000041._name,スターLv42 達成！
mst.title.41000041._detailText,スターLv42 達成を称える称号
mst.title.41000042._name,スターLv43 達成！
mst.title.41000042._detailText,スターLv43 達成を称える称号
mst.title.41000043._name,スターLv44 達成！
mst.title.41000043._detailText,スターLv44 達成を称える称号
mst.title.41000044._name,スターLv45 達成！
mst.title.41000044._detailText,スターLv45 達成を称える称号
mst.title.41000045._name,スターLv46 達成！
mst.title.41000045._detailText,スターLv46 達成を称える称号
mst.title.41000046._name,スターLv47 達成！
mst.title.41000046._detailText,スターLv47 達成を称える称号
mst.title.41000047._name,スターLv48 達成！
mst.title.41000047._detailText,スターLv48 達成を称える称号
mst.title.41000048._name,スターLv49 達成！
mst.title.41000048._detailText,スターLv49 達成を称える称号
mst.title.41000049._name,スターLv50 達成！
mst.title.41000049._detailText,スターLv50 達成を称える称号
mst.title.41000050._name,スターLv51 達成！
mst.title.41000050._detailText,スターLv51 達成を称える称号
mst.title.41000051._name,スターLv52 達成！
mst.title.41000051._detailText,スターLv52 達成を称える称号
mst.title.41000052._name,スターLv53 達成！
mst.title.41000052._detailText,スターLv53 達成を称える称号
mst.title.41000053._name,スターLv54 達成！
mst.title.41000053._detailText,スターLv54 達成を称える称号
mst.title.41000054._name,スターLv55 達成！
mst.title.41000054._detailText,スターLv55 達成を称える称号
mst.title.41000055._name,スターLv56 達成！
mst.title.41000055._detailText,スターLv56 達成を称える称号
mst.title.41000056._name,スターLv57 達成！
mst.title.41000056._detailText,スターLv57 達成を称える称号
mst.title.41000057._name,スターLv58 達成！
mst.title.41000057._detailText,スターLv58 達成を称える称号
mst.title.41000058._name,スターLv59 達成！
mst.title.41000058._detailText,スターLv59 達成を称える称号
mst.title.41000059._name,スターLv60 達成！
mst.title.41000059._detailText,スターLv60 達成を称える称号
mst.title.41000060._name,スターLv61 達成！
mst.title.41000060._detailText,スターLv61 達成を称える称号
mst.title.41000061._name,スターLv62 達成！
mst.title.41000061._detailText,スターLv62 達成を称える称号
mst.title.41000062._name,スターLv63 達成！
mst.title.41000062._detailText,スターLv63 達成を称える称号
mst.title.41000063._name,スターLv64 達成！
mst.title.41000063._detailText,スターLv64 達成を称える称号
mst.title.41000064._name,スターLv65 達成！
mst.title.41000064._detailText,スターLv65 達成を称える称号
mst.title.41000065._name,スターLv66 達成！
mst.title.41000065._detailText,スターLv66 達成を称える称号
mst.title.41000066._name,スターLv67 達成！
mst.title.41000066._detailText,スターLv67 達成を称える称号
mst.title.41000067._name,スターLv68 達成！
mst.title.41000067._detailText,スターLv68 達成を称える称号
mst.title.41000068._name,スターLv69 達成！
mst.title.41000068._detailText,スターLv69 達成を称える称号
mst.title.41000069._name,スターLv70 達成！
mst.title.41000069._detailText,スターLv70 達成を称える称号
mst.title.41000070._name,スターLv71 達成！
mst.title.41000070._detailText,スターLv71 達成を称える称号
mst.title.41000071._name,スターLv72 達成！
mst.title.41000071._detailText,スターLv72 達成を称える称号
mst.title.41000072._name,スターLv73 達成！
mst.title.41000072._detailText,スターLv73 達成を称える称号
mst.title.41000073._name,スターLv74 達成！
mst.title.41000073._detailText,スターLv74 達成を称える称号
mst.title.41000074._name,スターLv75 達成！
mst.title.41000074._detailText,スターLv75 達成を称える称号
mst.title.41000075._name,スターLv76 達成！
mst.title.41000075._detailText,スターLv76 達成を称える称号
mst.title.41000076._name,スターLv77 達成！
mst.title.41000076._detailText,スターLv77 達成を称える称号
mst.title.41000077._name,スターLv78 達成！
mst.title.41000077._detailText,スターLv78 達成を称える称号
mst.title.41000078._name,スターLv79 達成！
mst.title.41000078._detailText,スターLv79 達成を称える称号
mst.title.41000079._name,スターLv80 達成！
mst.title.41000079._detailText,スターLv80 達成を称える称号
