_key,_text
mst.lottery_caution.1110001._cautionText,请确认“登场概率”，以了解将要出现的偶像。<br>·在“周年纪念招募”活动中，可能会出现重复的偶像。<br>·登场概率已四舍五入到小数点后第五位。<br>因此，各个偶像的登场概率之和与总体的登场概率显示值之间可能存在差异。<br>·由于显示的关系，登场概率的总和可能不会达到 100%。<br>·“周年纪念招募”活动会根据登场概率进行单次抽卡。<br>例如，并非以提供概率为 1% 的成员在 100 次中必定加入的机制。<br>·请在登场概率标签中确认登场概率。<br>·即使在执行“周年纪念招募”活动后强制退出或断开连接，导致无法正常显示招募结果画面，招募也会被正确执行。请确认偶像列表和应援棒的数量。<br>·本次招募中出现的偶像，今后可能会再次出现。<br>·本次招募可能会重新开放。<br>·活动期间及内容可能会在没有事先通知的情况下进行更改。<br>·招募券可以通过屏幕右下角的“使用券进行招募”来使用。<br>·如果在“使用券进行招募”中未显示的券，则无法在本次招募中使用。<br>·对于已经加入的偶像，在第二次加入时，会根据稀有度获得应援棒。<br>R 级偶像：20 个<br>SR 级偶像：50 个<br>UR 级偶像：500 个<br>·获得的招募积分将在招募结束后自动转换为 1 本“技能书（中）”。
mst.lottery_caution.1110002._cautionText,请确认“登场成员”的“登场概率”。<br>・在“UR确定 纪念招募”活动中，可能会出现重复的偶像。<br>・登场概率已四舍五入到小数点后第五位。<br>因此，各成员的登场概率之和与整体登场概率的显示值可能存在差异。<br>・由于显示的关系，登场概率的总和不一定是100%。<br>・“UR确定 纪念招募”活动是根据登场概率进行单次抽卡。<br>例如，并非以提供概率为1%的成员在100次中必定加入一次。<br>・请在登场概率标签中确认登场概率。<br>・即使在执行“UR确定 纪念招募”活动后强制退出或断开连接，导致无法正常显示招募结果画面，招募也会被正确执行。请确认偶像列表和应援棒的数量。<br>・本次招募中出现的偶像，今后可能会再次出现。<br>・本次招募可能会重新开放。<br>・活动期间及内容可能会在没有事先通知的情况下进行更改。<br>・招募券可以通过屏幕右下角的“使用券进行招募”来使用。<br> 如果在“使用券进行招募”中未显示的券，则无法在本次招募中使用。<br>・对于已经加入的偶像，在第二次加入时，会根据稀有度获得应援棒。<br> R级偶像：20个<br> SR级偶像：50个<br> UR级偶像：500个<br>・获得的招募积分将在招募结束后自动转换为1本“技能书（中）”。
mst.lottery_caution.1110003._cautionText,请确认“登场成员”的“登场概率”。<br>·在“特别招募～放学后的原宿Liella!♡～”活动中，可能会出现重复的成员。<br>·登场概率已四舍五入到小数点后第五位。<br>因此，各个成员的登场概率之和与总体的登场概率显示值之间可能存在差异。<br>·由于显示的关系，登场概率的总和不一定是100%。<br>·“特别招募～放学后的原宿Liella!♡～”活动是根据登场概率进行每次抽卡。<br>例如，提供概率为1%的成员，并非保证在100次中一定会加入一次。<br>·请在“登场概率”标签页中确认登场概率。<br>·即使在执行“特别招募～放学后的原宿Liella!♡～”活动后强制关闭或断开连接，导致无法正常显示招募结果画面，招募也会被正确执行。请确认成员列表和应援棒的数量。<br>·本次招募中登场的成员，今后可能会再次出现。<br>·本次招募可能会重新开放。<br>·活动期间及内容可能会在没有预先通知的情况下进行更改。<br>·招募券可以通过屏幕右下角的“使用券进行招募”来使用。<br>·如果在“使用券进行招募”中未显示的券，则无法在本次招募中使用。<br>·已经加入的成员，在第二次加入时，会根据稀有度获得应援棒。<br>R级成员：20个<br>SR级成员：50个<br>UR级成员：500个<br>·获得的招募积分将在招募结束后自动转换为1本“技能书（中）”。
mst.lottery_caution.1110004._cautionText,·登场成员的概率请在“登场概率”处确认。<br>·在“普通招募”中，可能会出现重复的成员。<br>·登场概率已四舍五入到小数点后第五位。<br>因此，各成员的登场概率之和与总体的登场概率显示值之间可能存在差异。<br>·由于显示的关系，登场概率合计不一定是100%。<br>·“普通招募”是根据登场概率，每次进行抽卡。<br>例如，提供概率为1%的成员，并非保证在100次中一定会加入一次。<br>·关于登场概率，请在登场概率标签处确认。<br>·如果在执行“普通招募”后强制关闭或断线，导致无法正常显示招募结果画面，招募仍然会正确进行。请确认成员列表和获得的应援棒数量。<br>·本次招募中出现的成员，今后可能会再次出现。<br>·本次招募可能会重新开放。<br>·活动期间及内容可能随时更改，恕不另行通知。<br>·招募券可以通过屏幕右下角的“使用券进行招募”来使用。<br>在“使用券进行招募”中未显示的券，在本次招募中无法使用。<br>已经加入的成员，今后再次加入时，会根据稀有度获得应援棒。<br>R级成员：20个<br>SR级成员：50个<br>UR级成员：500个<br>·获得的招募积分将在招募结束后自动转换为“技能书（中）”1本。
mst.lottery_caution.1110005._cautionText,·登场成员的概率请在“登场概率”处确认。<br>·在“普通招募”中，可能会出现重复的成员。<br>·登场概率已四舍五入到小数点后第五位。<br>因此，各成员的登场概率之和与总体的登场概率显示值之间可能存在差异。<br>·由于显示的关系，登场概率合计不一定是100%。<br>·“普通招募”是根据登场概率，每次进行抽卡。<br>例如，提供概率为1%的成员，并非保证在100次中一定会加入一次。<br>·关于登场概率，请在登场概率标签处确认。<br>·如果在执行“普通招募”后强制关闭或断线，导致无法正常显示招募结果画面，招募仍然会正确进行。请确认成员列表和获得的应援棒数量。<br>·本次招募中出现的成员，今后可能会再次出现。<br>·本次招募可能会重新开放。<br>·活动期间及内容可能随时更改，恕不另行通知。<br>·招募券可以通过屏幕右下角的“使用券进行招募”来使用。<br>在“使用券进行招募”中未显示的券，在本次招募中无法使用。<br>已经加入的成员，今后再次加入时，会根据稀有度获得应援棒。<br>R级成员：20个<br>SR级成员：50个<br>UR级成员：500个<br>·获得的招募积分将在招募结束后自动转换为“技能书（中）”1本。
mst.lottery_caution.1110006._cautionText,·登场成员的概率请在“登场概率”处确认。<br>·在“普通招募”中，可能会出现重复的成员。<br>·登场概率已四舍五入到小数点后第五位。<br>因此，各成员的登场概率之和与总体的登场概率显示值之间可能存在差异。<br>·由于显示的关系，登场概率合计不一定是100%。<br>·“普通招募”是根据登场概率，每次进行抽卡。<br>例如，提供概率为1%的成员，并非保证在100次中一定会加入一次。<br>·关于登场概率，请在登场概率标签处确认。<br>·如果在执行“普通招募”后强制关闭或断线，导致无法正常显示招募结果画面，招募仍然会正确进行。请确认成员列表和获得的应援棒数量。<br>·本次招募中出现的成员，今后可能会再次出现。<br>·本次招募可能会重新开放。<br>·活动期间及内容可能随时更改，恕不另行通知。<br>·招募券可以通过屏幕右下角的“使用券进行招募”来使用。<br>在“使用券进行招募”中未显示的券，在本次招募中无法使用。<br>已经加入的成员，今后再次加入时，会根据稀有度获得应援棒。<br>R级成员：20个<br>SR级成员：50个<br>UR级成员：500个<br>·获得的招募积分将在招募结束后自动转换为“技能书（中）”1本。
mst.lottery_caution.1110007._cautionText,·登场成员的概率请在“登场概率”处确认。<br>·在“普通招募”中，可能会出现重复的成员。<br>·登场概率已四舍五入到小数点后第五位。<br>因此，各成员的登场概率之和与总体的登场概率显示值之间可能存在差异。<br>·由于显示的关系，登场概率合计不一定是100%。<br>·“普通招募”是根据登场概率，每次进行抽卡。<br>例如，提供概率为1%的成员，并非保证在100次中一定会加入一次。<br>·关于登场概率，请在登场概率标签处确认。<br>·如果在执行“普通招募”后强制关闭或断线，导致无法正常显示招募结果画面，招募仍然会正确进行。请确认成员列表和获得的应援棒数量。<br>·本次招募中出现的成员，今后可能会再次出现。<br>·本次招募可能会重新开放。<br>·活动期间及内容可能随时更改，恕不另行通知。<br>·招募券可以通过屏幕右下角的“使用券进行招募”来使用。<br>在“使用券进行招募”中未显示的券，在本次招募中无法使用。<br>已经加入的成员，今后再次加入时，会根据稀有度获得应援棒。<br>R级成员：20个<br>SR级成员：50个<br>UR级成员：500个<br>·获得的招募积分将在招募结束后自动转换为“技能书（中）”1本。
mst.lottery_caution.1110008._cautionText,·登场成员的概率请在“登场概率”处确认。<br>·在“普通招募”中，可能会出现重复的成员。<br>·登场概率已四舍五入到小数点后第五位。<br>因此，各成员的登场概率之和与总体的登场概率显示值之间可能存在差异。<br>·由于显示的关系，登场概率合计不一定是100%。<br>·“普通招募”是根据登场概率，每次进行抽卡。<br>例如，提供概率为1%的成员，并非保证在100次中一定会加入一次。<br>·关于登场概率，请在登场概率标签处确认。<br>·如果在执行“普通招募”后强制关闭或断线，导致无法正常显示招募结果画面，招募仍然会正确进行。请确认成员列表和获得的应援棒数量。<br>·本次招募中出现的成员，今后可能会再次出现。<br>·本次招募可能会重新开放。<br>·活动期间及内容可能随时更改，恕不另行通知。<br>·招募券可以通过屏幕右下角的“使用券进行招募”来使用。<br>在“使用券进行招募”中未显示的券，在本次招募中无法使用。<br>已经加入的成员，今后再次加入时，会根据稀有度获得应援棒。<br>R级成员：20个<br>SR级成员：50个<br>UR级成员：500个<br>·获得的招募积分将在招募结束后自动转换为“技能书（中）”1本。
mst.lottery_caution.1110009._cautionText,·登场成员的概率请在“登场概率”处确认。<br>·在“普通招募”中，可能会出现重复的成员。<br>·登场概率已四舍五入到小数点后第五位。<br>因此，各成员的登场概率之和与总体的登场概率显示值之间可能存在差异。<br>·由于显示的关系，登场概率合计不一定是100%。<br>·“普通招募”是根据登场概率，每次进行抽卡。<br>例如，提供概率为1%的成员，并非保证在100次中一定会加入一次。<br>·关于登场概率，请在登场概率标签处确认。<br>·如果在执行“普通招募”后强制关闭或断线，导致无法正常显示招募结果画面，招募仍然会正确进行。请确认成员列表和获得的应援棒数量。<br>·本次招募中出现的成员，今后可能会再次出现。<br>·本次招募可能会重新开放。<br>·活动期间及内容可能随时更改，恕不另行通知。<br>·招募券可以通过屏幕右下角的“使用券进行招募”来使用。<br>在“使用券进行招募”中未显示的券，在本次招募中无法使用。<br>已经加入的成员，今后再次加入时，会根据稀有度获得应援棒。<br>R级成员：20个<br>SR级成员：50个<br>UR级成员：500个<br>·获得的招募积分将在招募结束后自动转换为“技能书（中）”1本。
mst.lottery_caution.1110010._cautionText,·登场成员的概率请在“登场概率”处确认。<br>·在“普通招募”中，可能会出现重复的成员。<br>·登场概率已四舍五入到小数点后第五位。<br>因此，各成员的登场概率之和与总体的登场概率显示值之间可能存在差异。<br>·由于显示的关系，登场概率合计不一定是100%。<br>·“普通招募”是根据登场概率，每次进行抽卡。<br>例如，提供概率为1%的成员，并非保证在100次中一定会加入一次。<br>·关于登场概率，请在登场概率标签处确认。<br>·如果在执行“普通招募”后强制关闭或断线，导致无法正常显示招募结果画面，招募仍然会正确进行。请确认成员列表和获得的应援棒数量。<br>·本次招募中出现的成员，今后可能会再次出现。<br>·本次招募可能会重新开放。<br>·活动期间及内容可能随时更改，恕不另行通知。<br>·招募券可以通过屏幕右下角的“使用券进行招募”来使用。<br>在“使用券进行招募”中未显示的券，在本次招募中无法使用。<br>已经加入的成员，今后再次加入时，会根据稀有度获得应援棒。<br>R级成员：20个<br>SR级成员：50个<br>UR级成员：500个<br>·获得的招募积分将在招募结束后自动转换为“技能书（中）”1本。
mst.lottery_caution.1110011._cautionText,·登场成员的概率请在“登场概率”处确认。<br>·在“普通招募”中，可能会出现重复的成员。<br>·登场概率已四舍五入到小数点后第五位。<br>因此，各成员的登场概率之和与总体的登场概率显示值之间可能存在差异。<br>·由于显示的关系，登场概率合计不一定是100%。<br>·“普通招募”是根据登场概率，每次进行抽卡。<br>例如，提供概率为1%的成员，并非保证在100次中一定会加入一次。<br>·关于登场概率，请在登场概率标签处确认。<br>·如果在执行“普通招募”后强制关闭或断线，导致无法正常显示招募结果画面，招募仍然会正确进行。请确认成员列表和获得的应援棒数量。<br>·本次招募中出现的成员，今后可能会再次出现。<br>·本次招募可能会重新开放。<br>·活动期间及内容可能随时更改，恕不另行通知。<br>·招募券可以通过屏幕右下角的“使用券进行招募”来使用。<br>在“使用券进行招募”中未显示的券，在本次招募中无法使用。<br>已经加入的成员，今后再次加入时，会根据稀有度获得应援棒。<br>R级成员：20个<br>SR级成员：50个<br>UR级成员：500个<br>·获得的招募积分将在招募结束后自动转换为“技能书（中）”1本。
mst.lottery_caution.1110012._cautionText,·登场成员的概率请在“登场概率”处确认。<br>·在“普通招募”中，可能会出现重复的成员。<br>·登场概率已四舍五入到小数点后第五位。<br>因此，各成员的登场概率之和与总体的登场概率显示值之间可能存在差异。<br>·由于显示的关系，登场概率合计不一定是100%。<br>·“普通招募”是根据登场概率，每次进行抽卡。<br>例如，提供概率为1%的成员，并非保证在100次中一定会加入一次。<br>·关于登场概率，请在登场概率标签处确认。<br>·如果在执行“普通招募”后强制关闭或断线，导致无法正常显示招募结果画面，招募仍然会正确进行。请确认成员列表和获得的应援棒数量。<br>·本次招募中出现的成员，今后可能会再次出现。<br>·本次招募可能会重新开放。<br>·活动期间及内容可能随时更改，恕不另行通知。<br>·招募券可以通过屏幕右下角的“使用券进行招募”来使用。<br>在“使用券进行招募”中未显示的券，在本次招募中无法使用。<br>已经加入的成员，今后再次加入时，会根据稀有度获得应援棒。<br>R级成员：20个<br>SR级成员：50个<br>UR级成员：500个<br>·获得的招募积分将在招募结束后自动转换为“技能书（中）”1本。
mst.lottery_caution.1110013._cautionText,·登场成员的概率请在“登场概率”处确认。<br>·在“普通招募”中，可能会出现重复的成员。<br>·登场概率已四舍五入到小数点后第五位。<br>因此，各成员的登场概率之和与总体的登场概率显示值之间可能存在差异。<br>·由于显示的关系，登场概率合计不一定是100%。<br>·“普通招募”是根据登场概率，每次进行抽卡。<br>例如，提供概率为1%的成员，并非保证在100次中一定会加入一次。<br>·关于登场概率，请在登场概率标签处确认。<br>·如果在执行“普通招募”后强制关闭或断线，导致无法正常显示招募结果画面，招募仍然会正确进行。请确认成员列表和获得的应援棒数量。<br>·本次招募中出现的成员，今后可能会再次出现。<br>·本次招募可能会重新开放。<br>·活动期间及内容可能随时更改，恕不另行通知。<br>·招募券可以通过屏幕右下角的“使用券进行招募”来使用。<br>在“使用券进行招募”中未显示的券，在本次招募中无法使用。<br>已经加入的成员，今后再次加入时，会根据稀有度获得应援棒。<br>R级成员：20个<br>SR级成员：50个<br>UR级成员：500个<br>·获得的招募积分将在招募结束后自动转换为“技能书（中）”1本。
mst.lottery_caution.1110014._cautionText,·登场成员的概率请在“登场概率”处确认。<br>·在“普通招募”中，可能会出现重复的成员。<br>·登场概率已四舍五入到小数点后第五位。<br>因此，各成员的登场概率之和与总体的登场概率显示值之间可能存在差异。<br>·由于显示的关系，登场概率合计不一定是100%。<br>·“普通招募”是根据登场概率，每次进行抽卡。<br>例如，提供概率为1%的成员，并非保证在100次中一定会加入一次。<br>·关于登场概率，请在登场概率标签处确认。<br>·如果在执行“普通招募”后强制关闭或断线，导致无法正常显示招募结果画面，招募仍然会正确进行。请确认成员列表和获得的应援棒数量。<br>·本次招募中出现的成员，今后可能会再次出现。<br>·本次招募可能会重新开放。<br>·活动期间及内容可能随时更改，恕不另行通知。<br>·招募券可以通过屏幕右下角的“使用券进行招募”来使用。<br>在“使用券进行招募”中未显示的券，在本次招募中无法使用。<br>已经加入的成员，今后再次加入时，会根据稀有度获得应援棒。<br>R级成员：20个<br>SR级成员：50个<br>UR级成员：500个<br>·获得的招募积分将在招募结束后自动转换为“技能书（中）”1本。
mst.lottery_caution.1110015._cautionText,·登场成员的概率请在“登场概率”处确认。<br>·在“普通招募”中，可能会出现重复的成员。<br>·登场概率已四舍五入到小数点后第五位。<br>因此，各成员的登场概率之和与总体的登场概率显示值之间可能存在差异。<br>·由于显示的关系，登场概率合计不一定是100%。<br>·“普通招募”是根据登场概率，每次进行抽卡。<br>例如，提供概率为1%的成员，并非保证在100次中一定会加入一次。<br>·关于登场概率，请在登场概率标签处确认。<br>·如果在执行“普通招募”后强制关闭或断线，导致无法正常显示招募结果画面，招募仍然会正确进行。请确认成员列表和获得的应援棒数量。<br>·本次招募中出现的成员，今后可能会再次出现。<br>·本次招募可能会重新开放。<br>·活动期间及内容可能随时更改，恕不另行通知。<br>·招募券可以通过屏幕右下角的“使用券进行招募”来使用。<br>在“使用券进行招募”中未显示的券，在本次招募中无法使用。<br>已经加入的成员，今后再次加入时，会根据稀有度获得应援棒。<br>R级成员：20个<br>SR级成员：50个<br>UR级成员：500个<br>·获得的招募积分将在招募结束后自动转换为“技能书（中）”1本。
mst.lottery_caution.1110016._cautionText,·登场成员的概率请在“登场概率”处确认。<br>·在“普通招募”中，可能会出现重复的成员。<br>·登场概率已四舍五入到小数点后第五位。<br>因此，各成员的登场概率之和与总体的登场概率显示值之间可能存在差异。<br>·由于显示的关系，登场概率合计不一定是100%。<br>·“普通招募”是根据登场概率，每次进行抽卡。<br>例如，提供概率为1%的成员，并非保证在100次中一定会加入一次。<br>·关于登场概率，请在登场概率标签处确认。<br>·如果在执行“普通招募”后强制关闭或断线，导致无法正常显示招募结果画面，招募仍然会正确进行。请确认成员列表和获得的应援棒数量。<br>·本次招募中出现的成员，今后可能会再次出现。<br>·本次招募可能会重新开放。<br>·活动期间及内容可能随时更改，恕不另行通知。<br>·招募券可以通过屏幕右下角的“使用券进行招募”来使用。<br>在“使用券进行招募”中未显示的券，在本次招募中无法使用。<br>已经加入的成员，今后再次加入时，会根据稀有度获得应援棒。<br>R级成员：20个<br>SR级成员：50个<br>UR级成员：500个<br>·获得的招募积分将在招募结束后自动转换为“技能书（中）”1本。
mst.lottery_caution.1110017._cautionText,·登场成员的概率请在“登场概率”处确认。<br>·在“普通招募”中，可能会出现重复的成员。<br>·登场概率已四舍五入到小数点后第五位。<br>因此，各成员的登场概率之和与总体的登场概率显示值之间可能存在差异。<br>·由于显示的关系，登场概率合计不一定是100%。<br>·“普通招募”是根据登场概率，每次进行抽卡。<br>例如，提供概率为1%的成员，并非保证在100次中一定会加入一次。<br>·关于登场概率，请在登场概率标签处确认。<br>·如果在执行“普通招募”后强制关闭或断线，导致无法正常显示招募结果画面，招募仍然会正确进行。请确认成员列表和获得的应援棒数量。<br>·本次招募中出现的成员，今后可能会再次出现。<br>·本次招募可能会重新开放。<br>·活动期间及内容可能随时更改，恕不另行通知。<br>·招募券可以通过屏幕右下角的“使用券进行招募”来使用。<br>在“使用券进行招募”中未显示的券，在本次招募中无法使用。<br>已经加入的成员，今后再次加入时，会根据稀有度获得应援棒。<br>R级成员：20个<br>SR级成员：50个<br>UR级成员：500个<br>·获得的招募积分将在招募结束后自动转换为“技能书（中）”1本。
mst.lottery_caution.1110018._cautionText,·登场成员的概率请在“登场概率”处确认。<br>·在“普通招募”中，可能会出现重复的成员。<br>·登场概率已四舍五入到小数点后第五位。<br>因此，各成员的登场概率之和与总体的登场概率显示值之间可能存在差异。<br>·由于显示的关系，登场概率合计不一定是100%。<br>·“普通招募”是根据登场概率，每次进行抽卡。<br>例如，提供概率为1%的成员，并非保证在100次中一定会加入一次。<br>·关于登场概率，请在登场概率标签处确认。<br>·如果在执行“普通招募”后强制关闭或断线，导致无法正常显示招募结果画面，招募仍然会正确进行。请确认成员列表和获得的应援棒数量。<br>·本次招募中出现的成员，今后可能会再次出现。<br>·本次招募可能会重新开放。<br>·活动期间及内容可能随时更改，恕不另行通知。<br>·招募券可以通过屏幕右下角的“使用券进行招募”来使用。<br>在“使用券进行招募”中未显示的券，在本次招募中无法使用。<br>已经加入的成员，今后再次加入时，会根据稀有度获得应援棒。<br>R级成员：20个<br>SR级成员：50个<br>UR级成员：500个<br>·获得的招募积分将在招募结束后自动转换为“技能书（中）”1本。
mst.lottery_caution.1110019._cautionText,·登场成员的概率请在“登场概率”处确认。<br>·在“普通招募”中，可能会出现重复的成员。<br>·登场概率已四舍五入到小数点后第五位。<br>因此，各成员的登场概率之和与总体的登场概率显示值之间可能存在差异。<br>·由于显示的关系，登场概率合计不一定是100%。<br>·“普通招募”是根据登场概率，每次进行抽卡。<br>例如，提供概率为1%的成员，并非保证在100次中一定会加入一次。<br>·关于登场概率，请在登场概率标签处确认。<br>·如果在执行“普通招募”后强制关闭或断线，导致无法正常显示招募结果画面，招募仍然会正确进行。请确认成员列表和获得的应援棒数量。<br>·本次招募中出现的成员，今后可能会再次出现。<br>·本次招募可能会重新开放。<br>·活动期间及内容可能随时更改，恕不另行通知。<br>·招募券可以通过屏幕右下角的“使用券进行招募”来使用。<br>在“使用券进行招募”中未显示的券，在本次招募中无法使用。<br>已经加入的成员，今后再次加入时，会根据稀有度获得应援棒。<br>R级成员：20个<br>SR级成员：50个<br>UR级成员：500个<br>·获得的招募积分将在招募结束后自动转换为“技能书（中）”1本。
mst.lottery_caution.1110020._cautionText,·登场成员的概率请在“登场概率”处确认。<br>·在“普通招募”中，可能会出现重复的成员。<br>·登场概率已四舍五入到小数点后第五位。<br>因此，各成员的登场概率之和与总体的登场概率显示值之间可能存在差异。<br>·由于显示的关系，登场概率合计不一定是100%。<br>·“普通招募”是根据登场概率，每次进行抽卡。<br>例如，提供概率为1%的成员，并非保证在100次中一定会加入一次。<br>·关于登场概率，请在登场概率标签处确认。<br>·如果在执行“普通招募”后强制关闭或断线，导致无法正常显示招募结果画面，招募仍然会正确进行。请确认成员列表和获得的应援棒数量。<br>·本次招募中出现的成员，今后可能会再次出现。<br>·本次招募可能会重新开放。<br>·活动期间及内容可能随时更改，恕不另行通知。<br>·招募券可以通过屏幕右下角的“使用券进行招募”来使用。<br>在“使用券进行招募”中未显示的券，在本次招募中无法使用。<br>已经加入的成员，今后再次加入时，会根据稀有度获得应援棒。<br>R级成员：20个<br>SR级成员：50个<br>UR级成员：500个<br>·获得的招募积分将在招募结束后自动转换为“技能书（中）”1本。
mst.lottery_caution.1110021._cautionText,·登场成员的概率请在“登场概率”处确认。<br>·在“普通招募”中，可能会出现重复的成员。<br>·登场概率已四舍五入到小数点后第五位。<br>因此，各成员的登场概率之和与总体的登场概率显示值之间可能存在差异。<br>·由于显示的关系，登场概率合计不一定是100%。<br>·“普通招募”是根据登场概率，每次进行抽卡。<br>例如，提供概率为1%的成员，并非保证在100次中一定会加入一次。<br>·关于登场概率，请在登场概率标签处确认。<br>·如果在执行“普通招募”后强制关闭或断线，导致无法正常显示招募结果画面，招募仍然会正确进行。请确认成员列表和获得的应援棒数量。<br>·本次招募中出现的成员，今后可能会再次出现。<br>·本次招募可能会重新开放。<br>·活动期间及内容可能随时更改，恕不另行通知。<br>·招募券可以通过屏幕右下角的“使用券进行招募”来使用。<br>在“使用券进行招募”中未显示的券，在本次招募中无法使用。<br>已经加入的成员，今后再次加入时，会根据稀有度获得应援棒。<br>R级成员：20个<br>SR级成员：50个<br>UR级成员：500个<br>·获得的招募积分将在招募结束后自动转换为“技能书（中）”1本。
mst.lottery_caution.1110022._cautionText,·登场成员的概率请在“登场概率”处确认。<br>·在“普通招募”中，可能会出现重复的成员。<br>·登场概率已四舍五入到小数点后第五位。<br>因此，各成员的登场概率之和与总体的登场概率显示值之间可能存在差异。<br>·由于显示的关系，登场概率合计不一定是100%。<br>·“普通招募”是根据登场概率，每次进行抽卡。<br>例如，提供概率为1%的成员，并非保证在100次中一定会加入一次。<br>·关于登场概率，请在登场概率标签处确认。<br>·如果在执行“普通招募”后强制关闭或断线，导致无法正常显示招募结果画面，招募仍然会正确进行。请确认成员列表和获得的应援棒数量。<br>·本次招募中出现的成员，今后可能会再次出现。<br>·本次招募可能会重新开放。<br>·活动期间及内容可能随时更改，恕不另行通知。<br>·招募券可以通过屏幕右下角的“使用券进行招募”来使用。<br>在“使用券进行招募”中未显示的券，在本次招募中无法使用。<br>已经加入的成员，今后再次加入时，会根据稀有度获得应援棒。<br>R级成员：20个<br>SR级成员：50个<br>UR级成员：500个<br>·获得的招募积分将在招募结束后自动转换为“技能书（中）”1本。
mst.lottery_caution.1110023._cautionText,·登场成员的概率请在“登场概率”处确认。<br>·在“普通招募”中，可能会出现重复的成员。<br>·登场概率已四舍五入到小数点后第五位。<br>因此，各成员的登场概率之和与总体的登场概率显示值之间可能存在差异。<br>·由于显示的关系，登场概率合计不一定是100%。<br>·“普通招募”是根据登场概率，每次进行抽卡。<br>例如，提供概率为1%的成员，并非保证在100次中一定会加入一次。<br>·关于登场概率，请在登场概率标签处确认。<br>·如果在执行“普通招募”后强制关闭或断线，导致无法正常显示招募结果画面，招募仍然会正确进行。请确认成员列表和获得的应援棒数量。<br>·本次招募中出现的成员，今后可能会再次出现。<br>·本次招募可能会重新开放。<br>·活动期间及内容可能随时更改，恕不另行通知。<br>·招募券可以通过屏幕右下角的“使用券进行招募”来使用。<br>在“使用券进行招募”中未显示的券，在本次招募中无法使用。<br>已经加入的成员，今后再次加入时，会根据稀有度获得应援棒。<br>R级成员：20个<br>SR级成员：50个<br>UR级成员：500个<br>·获得的招募积分将在招募结束后自动转换为“技能书（中）”1本。
mst.lottery_caution.1110024._cautionText,·登场成员的概率请在“登场概率”处确认。<br>·在“普通招募”中，可能会出现重复的成员。<br>·登场概率已四舍五入到小数点后第五位。<br>因此，各成员的登场概率之和与总体的登场概率显示值之间可能存在差异。<br>·由于显示的关系，登场概率合计不一定是100%。<br>·“普通招募”是根据登场概率，每次进行抽卡。<br>例如，提供概率为1%的成员，并非保证在100次中一定会加入一次。<br>·关于登场概率，请在登场概率标签处确认。<br>·如果在执行“普通招募”后强制关闭或断线，导致无法正常显示招募结果画面，招募仍然会正确进行。请确认成员列表和获得的应援棒数量。<br>·本次招募中出现的成员，今后可能会再次出现。<br>·本次招募可能会重新开放。<br>·活动期间及内容可能随时更改，恕不另行通知。<br>·招募券可以通过屏幕右下角的“使用券进行招募”来使用。<br>在“使用券进行招募”中未显示的券，在本次招募中无法使用。<br>已经加入的成员，今后再次加入时，会根据稀有度获得应援棒。<br>R级成员：20个<br>SR级成员：50个<br>UR级成员：500个<br>·获得的招募积分将在招募结束后自动转换为“技能书（中）”1本。
mst.lottery_caution.2110001._cautionText,·登场偶像的概率请在“登场概率”处确认。<br>·“特别招募～与我们和这座城市～”中，登场的偶像可能会重复。<br>·登场概率已四舍五入到小数点后第五位。<br>因此，各个偶像的登场概率之和与整体登场概率的显示值可能会有所差异。<br>·由于显示的关系，登场概率的总和可能不会达到100%。<br>·“特别招募～与我们和这座城市～”会根据登场概率进行每次抽卡。<br>例如，提供概率为1%的成员，并非保证在100次中一定会加入一次。<br>·关于登场概率，请在登场概率标签处确认。<br>·如果在执行“特别招募～与我们和这座城市～”后强制关闭或断开连接，导致无法正常显示招募结果画面，但招募仍会正确进行。请确认偶像列表和应援棒的数量。<br>·本次招募中登场的偶像，今后可能会再次出现。<br>·本次招募可能会重新开放。<br>·活动期间及内容可能会在没有预先通知的情况下进行更改。<br>·招募券可以通过屏幕右下角的“使用券进行招募”来使用。<br> 在“使用券进行招募”中未显示的券，在本次招募中无法使用。<br>·已经加入的偶像，今后再次加入时，会根据稀有度获得应援棒。<br> R级偶像：20个<br> SR级偶像：50个<br> UR级偶像：500个<br>·获得的招募积分将在招募结束后自动转换为“技能书（中）”1本。
mst.lottery_caution.2110002._cautionText,请确认“登场成员”的“登场概率”。<br>・在“招募活动～宣传我们的商店街！～”中，可能会出现重复的偶像。<br>・登场概率已四舍五入到小数点后第五位。<br>因此，各个成员的登场概率之和与总体的登场概率显示值之间可能存在差异。<br>・由于显示的关系，登场概率的总和不一定是100%。<br>・“招募活动～宣传我们的商店街！～”是根据登场概率进行每次抽卡。<br>例如，并非以提供概率为1%的成员在100次中必定加入一次。<br>・请在登场概率标签中确认登场概率。<br>・即使在执行“招募活动～宣传我们的商店街！～”后强制退出或断开连接，导致无法正常显示招募结果画面，招募也会被正确执行。请确认成员列表和应援棒的数量。<br>・本次招募中登场的偶像，今后可能会再次出现。<br>・本次招募可能会重新开放。<br>・活动期间及内容可能会在没有事先通知的情况下进行更改。<br>・招募券可以通过屏幕右下角的“使用券进行招募”来使用。<br> 在“使用券进行招募”中未显示的券，在本次招募中无法使用。<br>・已经加入的偶像，今后再次加入时，会根据稀有度获得应援棒。<br> R级偶像：20个<br> SR级偶像：50个<br> UR级偶像：500个<br>・获得的招募积分将在招募结束后自动转换为1本“技能书（中）”。
mst.lottery_caution.2110003._cautionText,·登场成员的“登场概率”请在“登场概率”标签页确认。<br>·“特别招募～Live in Nature～”中，可能会出现重复的偶像。<br>·登场概率已四舍五入到小数点后第五位。<br>因此，各成员的登场概率之和与总体的登场概率显示值之间可能存在差异。<br>·由于显示的关系，登场概率合计不一定是100%。<br>·“特别招募～Live in Nature～”会根据登场概率进行每次抽卡。<br>例如，提供概率为1%的成员，并非保证在100次中一定会加入一次。<br>·关于登场概率，请在“登场概率”标签页确认。<br>·即使在执行“特别招募～Live in Nature～”后强制退出或断线，导致无法正常显示招募结果画面，招募也会被正确执行。请确认成员列表和应援棒的数量。<br>·本次招募中登场的偶像，今后可能会再次出现。<br>·本次招募可能会重新开放。<br>·活动期间及内容可能随时更改，恕不另行通知。<br>·招募券可以通过屏幕右下角的“使用招募券”进行使用。<br>在“使用招募券”中未显示的招募券，无法在本次招募中使用。<br>已经加入的偶像，今后再次加入时，会根据稀有度获得应援棒。<br>R级偶像：20个<br>SR级偶像：50个<br>UR级偶像：500个<br>·获得的招募积分将在招募结束后自动转换为“技能书（中）”1本。
mst.lottery_caution.2110004._cautionText,请确认“登场成员”的“登场概率”。<br>・在“特别招募～闪耀舞者～”活动中，可能会出现重复的成员。<br>・登场概率已四舍五入到小数点后第五位。<br>因此，各成员的登场概率之和与总体的登场概率显示值之间可能存在差异。<br>・由于显示的关系，登场概率的总和不一定是100%。<br>・“特别招募～闪耀舞者～”是根据登场概率进行每次抽卡。<br>例如，提供概率为1%的成员，并非保证在100次中一定会加入一次。<br>・关于登场概率，请在登场概率标签页中确认。<br>・即使在执行“特别招募～闪耀舞者～”后强制关闭或断开连接，导致无法正常显示招募结果画面，招募也会被正确执行。请确认成员列表和应援棒的数量。<br>・本次招募中登场的成员，今后可能会再次出现。<br>・本次招募可能会重新开放。<br>・活动期间及内容可能会在没有预先通知的情况下进行更改。<br>・招募券可以通过屏幕右下角的“使用券进行招募”来使用。<br> 在“使用券进行招募”中未显示的券，在本次招募中无法使用。<br>・对于已经加入的成员，今后再次加入时，会根据稀有度获得应援棒。<br> R级成员：20个<br> SR级成员：50个<br> UR级成员：500个<br>・获得的招募积分将在招募结束后自动转换为1本“技能书（中）”。
mst.lottery_caution.2110005._cautionText,请确认“登场成员”的“登场概率”。<br>・在“特别招募～闪耀舞者～”活动中，可能会出现重复的成员。<br>・登场概率已四舍五入到小数点后第五位。<br>因此，各成员的登场概率之和与总体的登场概率显示值之间可能存在差异。<br>・由于显示的关系，登场概率的总和不一定是100%。<br>・“特别招募～闪耀舞者～”是根据登场概率进行每次抽卡。<br>例如，提供概率为1%的成员，并非保证在100次中一定会加入一次。<br>・关于登场概率，请在登场概率标签页中确认。<br>・即使在执行“特别招募～闪耀舞者～”后强制关闭或断开连接，导致无法正常显示招募结果画面，招募也会被正确执行。请确认成员列表和应援棒的数量。<br>・本次招募中登场的成员，今后可能会再次出现。<br>・本次招募可能会重新开放。<br>・活动期间及内容可能会在没有预先通知的情况下进行更改。<br>・招募券可以通过屏幕右下角的“使用券进行招募”来使用。<br> 在“使用券进行招募”中未显示的券，在本次招募中无法使用。<br>・对于已经加入的成员，今后再次加入时，会根据稀有度获得应援棒。<br> R级成员：20个<br> SR级成员：50个<br> UR级成员：500个<br>・获得的招募积分将在招募结束后自动转换为1本“技能书（中）”。
mst.lottery_caution.2110006._cautionText,请确认“登场成员”的“登场概率”。<br>・在“特别招募～阳光明媚的夏日集训～”活动中，可能会出现重复的成员。<br>・登场概率已四舍五入到小数点后第五位。<br>因此，各个成员的登场概率之和与总体的登场概率显示值之间可能存在差异。<br>・由于显示的关系，登场概率的总和不一定是100%。<br>・“特别招募～阳光明媚的夏日集训～”是根据登场概率进行每次抽卡。<br>例如，并非以提供概率为1%的成员在100次中必定加入一次。<br>・请在登场概率标签中确认登场概率。<br>・即使在执行“特别招募～阳光明媚的夏日集训～”后强制退出或断开连接，导致无法正常显示招募结果画面，招募也会被正确执行。请确认成员列表和应援棒的数量。<br>・本次招募中登场的成员，今后可能会再次出现。<br>・本次招募可能会重新开放。<br>・活动期间及内容可能会在没有事先通知的情况下进行更改。<br>・招募券可以通过屏幕右下角的“使用券进行招募”来使用。<br> 如果在“使用券进行招募”中未显示的券，则无法在本次招募中使用。<br>・对于已经加入的成员，在第二次及以后加入时，会根据稀有度获得应援棒。<br> R级成员：20个<br> SR级成员：50个<br> UR级成员：500个<br>・获得的招募积分将在招募结束后自动转换为1本“技能书（中）”。
mst.lottery_caution.2110007._cautionText,请确认“登场成员”的“登场概率”。<br>・在“特别招募～阳光明媚的夏日集训～”活动中，可能会出现重复的成员。<br>・登场概率已四舍五入到小数点后第五位。<br>因此，各个成员的登场概率之和与总体的登场概率显示值之间可能存在差异。<br>・由于显示的关系，登场概率的总和不一定是100%。<br>・“特别招募～阳光明媚的夏日集训～”是根据登场概率进行每次抽卡。<br>例如，并非以提供概率为1%的成员在100次中必定加入一次。<br>・请在登场概率标签中确认登场概率。<br>・即使在执行“特别招募～阳光明媚的夏日集训～”后强制退出或断开连接，导致无法正常显示招募结果画面，招募也会被正确执行。请确认成员列表和应援棒的数量。<br>・本次招募中登场的成员，今后可能会再次出现。<br>・本次招募可能会重新开放。<br>・活动期间及内容可能会在没有事先通知的情况下进行更改。<br>・招募券可以通过屏幕右下角的“使用券进行招募”来使用。<br> 如果在“使用券进行招募”中未显示的券，则无法在本次招募中使用。<br>・对于已经加入的成员，在第二次及以后加入时，会根据稀有度获得应援棒。<br> R级成员：20个<br> SR级成员：50个<br> UR级成员：500个<br>・获得的招募积分将在招募结束后自动转换为1本“技能书（中）”。
mst.lottery_caution.2110008._cautionText,请确认“登场概率”以了解将要登场的成员。<br>・在“特别招募～盛夏的人鱼公主～”活动中，可能会出现重复的成员。<br>・登场概率已四舍五入到小数点后第五位。<br>因此，各个成员的登场概率之和与总体的登场概率显示值之间可能存在差异。<br>・由于显示的关系，登场概率的总和不一定是100%。<br>・“特别招募～盛夏的人鱼公主～”将根据登场概率进行每次抽卡。<br>例如，提供概率为1%的成员并不意味着在100次抽卡中一定会获得一次。<br>・请在登场概率标签中确认登场概率。<br>・即使在执行“特别招募～盛夏的人鱼公主～”后强制关闭或断开连接，导致无法正常显示招募结果画面，招募也会被正确执行。请确认成员列表和应援棒的数量。<br>・本次招募中登场的成员可能会在未来再次出现。<br>・本次招募可能会重新开放。<br>・活动期间及内容可能会在没有事先通知的情况下进行更改。<br>・招募券可以通过屏幕右下角的“使用券进行招募”来使用。<br> 如果在“使用券进行招募”中未显示的券，则无法在此次招募中使用。<br>・对于已经加入的成员，在第二次加入时，会根据稀有度获得应援棒。<br> R级成员：20个<br> SR级成员：50个<br> UR级成员：500个<br>・获得的招募积分将在招募结束后自动转换为1本“技能书（中）”。
mst.lottery_caution.2110009._cautionText,请确认“登场概率”以了解将要登场的成员。<br>・在“特别招募～盛夏的人鱼公主～”活动中，可能会出现重复的成员。<br>・登场概率已四舍五入到小数点后第五位。<br>因此，各个成员的登场概率之和与总体的登场概率显示值之间可能存在差异。<br>・由于显示的关系，登场概率的总和不一定是100%。<br>・“特别招募～盛夏的人鱼公主～”将根据登场概率进行每次抽卡。<br>例如，提供概率为1%的成员并不意味着在100次抽卡中一定会获得一次。<br>・请在登场概率标签中确认登场概率。<br>・即使在执行“特别招募～盛夏的人鱼公主～”后强制关闭或断开连接，导致无法正常显示招募结果画面，招募也会被正确执行。请确认成员列表和应援棒的数量。<br>・本次招募中登场的成员可能会在未来再次出现。<br>・本次招募可能会重新开放。<br>・活动期间及内容可能会在没有事先通知的情况下进行更改。<br>・招募券可以通过屏幕右下角的“使用券进行招募”来使用。<br> 如果在“使用券进行招募”中未显示的券，则无法在此次招募中使用。<br>・对于已经加入的成员，在第二次加入时，会根据稀有度获得应援棒。<br> R级成员：20个<br> SR级成员：50个<br> UR级成员：500个<br>・获得的招募积分将在招募结束后自动转换为1本“技能书（中）”。
mst.lottery_caution.2110010._cautionText,请确认“登场成员”的“登场概率”。<br>・在“特别招募～奔跑于沙滩的夏日大海～”活动中，可能会出现重复的成员。<br>・登场概率已四舍五入到小数点后第五位。<br>因此，各成员的登场概率之和与总体的登场概率显示值之间可能存在差异。<br>・由于显示的关系，登场概率的总和有时可能不是100%。<br>・“特别招募～奔跑于沙滩的夏日大海～”活动是根据登场概率进行每次抽卡。<br>例如，并非保证提供概率为1%的成员在100次中一定会加入。<br>・请在登场概率标签中确认登场概率。<br>・即使在执行“特别招募～奔跑于沙滩的夏日大海～”活动后强制退出或断开连接，导致无法正常显示招募结果画面，招募也会被正确执行。请确认成员列表和应援棒的数量。<br>・本次招募中登场的成员，今后可能会再次出现。<br>・本次招募可能会重新开放。<br>・活动期间及内容可能会在没有事先通知的情况下进行更改。<br>・招募券可以通过屏幕右下角的“使用券进行招募”来使用。<br> 如果在“使用券进行招募”中未显示的券，则无法在本次招募中使用。<br>・对于已经加入的成员，在第二次及以后加入时，会根据稀有度获得应援棒。<br> R级成员：20个<br> SR级成员：50个<br> UR级成员：500个<br>・获得的招募积分将在招募结束后自动转换为1本“技能书（中）”。
mst.lottery_caution.2110011._cautionText,请确认“登场成员”的“登场概率”。<br>・在“特别招募～奔跑于沙滩的夏日大海～”活动中，可能会出现重复的成员。<br>・登场概率已四舍五入到小数点后第五位。<br>因此，各成员的登场概率之和与总体的登场概率显示值之间可能存在差异。<br>・由于显示的关系，登场概率的总和有时可能不是100%。<br>・“特别招募～奔跑于沙滩的夏日大海～”活动是根据登场概率进行每次抽卡。<br>例如，并非保证提供概率为1%的成员在100次中一定会加入。<br>・请在登场概率标签中确认登场概率。<br>・即使在执行“特别招募～奔跑于沙滩的夏日大海～”活动后强制退出或断开连接，导致无法正常显示招募结果画面，招募也会被正确执行。请确认成员列表和应援棒的数量。<br>・本次招募中登场的成员，今后可能会再次出现。<br>・本次招募可能会重新开放。<br>・活动期间及内容可能会在没有事先通知的情况下进行更改。<br>・招募券可以通过屏幕右下角的“使用券进行招募”来使用。<br> 如果在“使用券进行招募”中未显示的券，则无法在本次招募中使用。<br>・对于已经加入的成员，在第二次及以后加入时，会根据稀有度获得应援棒。<br> R级成员：20个<br> SR级成员：50个<br> UR级成员：500个<br>・获得的招募积分将在招募结束后自动转换为1本“技能书（中）”。
mst.lottery_caution.2110012._cautionText,请确认“登场成员”的“登场概率”。<br>・在“特别招募～夏夜绽放的花朵～”活动中，可能会出现重复的成员。<br>・登场概率已四舍五入到小数点后第五位。<br>因此，各个成员的登场概率之和与总体的登场概率显示值之间可能存在差异。<br>・由于显示的关系，登场概率的总和不一定是100%。<br>・“特别招募～夏夜绽放的花朵～”将根据登场概率进行每次抽卡。<br>例如，提供概率为1%的成员并不意味着在100次抽卡中一定会获得一次。<br>・请在登场概率标签中确认登场概率。<br>・即使在执行“特别招募～夏夜绽放的花朵～”后强制退出或断开连接，导致无法正常显示招募结果画面，招募也会被正确执行。请确认成员列表和应援棒的数量。<br>・本次招募中登场的成员，今后可能会再次出现。<br>・本次招募可能会重新开放。<br>・活动期间及内容可能会在没有事先通知的情况下进行更改。<br>・招募券可以通过屏幕右下角的“使用券进行招募”来使用。<br> 如果在“使用券进行招募”中未显示的券，则无法在本次招募中使用。<br>・对于已经加入的成员，在第二次及以后加入时，可以根据稀有度获得应援棒。<br> R级成员：20个<br> SR级成员：50个<br> UR级成员：500个<br>・获得的招募积分将在招募结束后自动转换为1本“技能书（中）”。
mst.lottery_caution.2110013._cautionText,请确认“登场成员”的“登场概率”。<br>・在“特别招募～夏夜绽放的花朵～”活动中，可能会出现重复的成员。<br>・登场概率已四舍五入到小数点后第五位。<br>因此，各个成员的登场概率之和与总体的登场概率显示值之间可能存在差异。<br>・由于显示的关系，登场概率的总和不一定是100%。<br>・“特别招募～夏夜绽放的花朵～”将根据登场概率进行每次抽卡。<br>例如，提供概率为1%的成员并不意味着在100次抽卡中一定会获得一次。<br>・请在登场概率标签中确认登场概率。<br>・即使在执行“特别招募～夏夜绽放的花朵～”后强制退出或断开连接，导致无法正常显示招募结果画面，招募也会被正确执行。请确认成员列表和应援棒的数量。<br>・本次招募中登场的成员，今后可能会再次出现。<br>・本次招募可能会重新开放。<br>・活动期间及内容可能会在没有事先通知的情况下进行更改。<br>・招募券可以通过屏幕右下角的“使用券进行招募”来使用。<br> 如果在“使用券进行招募”中未显示的券，则无法在本次招募中使用。<br>・对于已经加入的成员，在第二次及以后加入时，可以根据稀有度获得应援棒。<br> R级成员：20个<br> SR级成员：50个<br> UR级成员：500个<br>・获得的招募积分将在招募结束后自动转换为1本“技能书（中）”。
mst.lottery_caution.2110014._cautionText,请确认“登场成员”的“登场概率”。<br>・在“特别招募～月夜闪耀的尾花～”活动中，可能会重复出现相同的偶像。<br>・登场概率已四舍五入到小数点后第五位。<br>因此，各成员的登场概率之和与总体的登场概率显示值之间可能存在差异。<br>・由于显示的关系，登场概率的总和不一定是100%。<br>・“特别招募～月夜闪耀的尾花～”将根据登场概率进行每次抽卡。<br>例如，并非保证提供概率为1%的成员在100次中一定会加入。<br>・请在登场概率标签中确认登场概率。<br>・即使在执行“特别招募～月夜闪耀的尾花～”后强制退出或断开连接，导致无法正常显示招募结果画面，招募也会被正确执行。请确认偶像列表和应援棒的数量。<br>・本次招募中登场的偶像，今后可能会再次出现。<br>・本次招募可能会重新开放。<br>・活动期间及内容可能会在没有事先通知的情况下进行更改。<br>・招募券可以通过屏幕右下角的“使用券进行招募”来使用。<br> 如果在“使用券进行招募”中未显示的券，则无法在本次招募中使用。<br>・对于已经加入的偶像，在第二次及以后加入时，会根据稀有度获得应援棒。<br> R级偶像：20个<br> SR级偶像：50个<br> UR级偶像：500个<br>・获得的招募积分将在招募结束后自动转换为1本“技能书（中）”。
mst.lottery_caution.2110015._cautionText,请确认“登场成员”的“登场概率”。<br>・在“特别招募～月夜闪耀的尾花～”活动中，可能会重复出现相同的偶像。<br>・登场概率已四舍五入到小数点后第五位。<br>因此，各成员的登场概率之和与总体的登场概率显示值之间可能存在差异。<br>・由于显示的关系，登场概率的总和不一定是100%。<br>・“特别招募～月夜闪耀的尾花～”将根据登场概率进行每次抽卡。<br>例如，并非保证提供概率为1%的成员在100次中一定会加入。<br>・请在登场概率标签中确认登场概率。<br>・即使在执行“特别招募～月夜闪耀的尾花～”后强制退出或断开连接，导致无法正常显示招募结果画面，招募也会被正确执行。请确认偶像列表和应援棒的数量。<br>・本次招募中登场的偶像，今后可能会再次出现。<br>・本次招募可能会重新开放。<br>・活动期间及内容可能会在没有事先通知的情况下进行更改。<br>・招募券可以通过屏幕右下角的“使用券进行招募”来使用。<br> 如果在“使用券进行招募”中未显示的券，则无法在本次招募中使用。<br>・对于已经加入的偶像，在第二次及以后加入时，会根据稀有度获得应援棒。<br> R级偶像：20个<br> SR级偶像：50个<br> UR级偶像：500个<br>・获得的招募积分将在招募结束后自动转换为1本“技能书（中）”。
mst.lottery_caution.2110016._cautionText,请确认“登场成员”的“登场概率”。<br>・在“特别招募～穿着浴衣，悠闲地逛街～”活动中，可能会重复出现相同的成员。<br>・登场概率已四舍五入到小数点后第五位。<br>因此，各成员的登场概率之和与总体的登场概率显示值之间可能存在差异。<br>・由于显示的关系，登场概率的总和不一定是100%。<br>・“特别招募～穿着浴衣，悠闲地逛街～”是根据登场概率进行每次抽卡。<br>例如，并非保证提供概率为1%的成员在100次中一定会加入。<br>・请在登场概率标签中确认登场概率。<br>・即使在执行“特别招募～穿着浴衣，悠闲地逛街～”后强制退出或断开连接，导致无法正常显示招募结果画面，招募也会被正确执行。请确认成员列表和应援棒的数量。<br>・今后可能会再次出现本次招募中的成员。<br>・本次招募可能会再次开放。<br>・活动期间及内容可能会在没有事先通知的情况下进行更改。<br>・招募券可以通过屏幕右下角的“使用券进行招募”来使用。<br> 如果在“使用券进行招募”中未显示的券，则无法在本次招募中使用。<br>・对于已经加入的成员，在第二次及以后加入时，会根据稀有度获得应援棒。<br> R级成员：20个<br> SR级成员：50个<br> UR级成员：500个<br>・获得的招募积分将在招募结束后自动转换为1本“技能书（中）”。
mst.lottery_caution.2110017._cautionText,请确认“登场成员”的“登场概率”。<br>・在“特别招募～穿着浴衣，悠闲地逛街～”活动中，可能会重复出现相同的成员。<br>・登场概率已四舍五入到小数点后第五位。<br>因此，各成员的登场概率之和与总体的登场概率显示值之间可能存在差异。<br>・由于显示的关系，登场概率的总和不一定是100%。<br>・“特别招募～穿着浴衣，悠闲地逛街～”是根据登场概率进行每次抽卡。<br>例如，并非保证提供概率为1%的成员在100次中一定会加入。<br>・请在登场概率标签中确认登场概率。<br>・即使在执行“特别招募～穿着浴衣，悠闲地逛街～”后强制退出或断开连接，导致无法正常显示招募结果画面，招募也会被正确执行。请确认成员列表和应援棒的数量。<br>・今后可能会再次出现本次招募中的成员。<br>・本次招募可能会再次开放。<br>・活动期间及内容可能会在没有事先通知的情况下进行更改。<br>・招募券可以通过屏幕右下角的“使用券进行招募”来使用。<br> 如果在“使用券进行招募”中未显示的券，则无法在本次招募中使用。<br>・对于已经加入的成员，在第二次及以后加入时，会根据稀有度获得应援棒。<br> R级成员：20个<br> SR级成员：50个<br> UR级成员：500个<br>・获得的招募积分将在招募结束后自动转换为1本“技能书（中）”。
mst.lottery_caution.2110018._cautionText,请确认“登场概率”以了解将要登场的成员。<br>・在“特别招募～不给糖就捣蛋！～”活动中，可能会重复出现相同的成员。<br>・登场概率已四舍五入到小数点后第五位。<br>因此，各个成员的登场概率之和与总体的登场概率显示值之间可能存在差异。<br>・由于显示原因，登场概率的总和可能不会达到 100%。<br>・“特别招募～不给糖就捣蛋！～”将根据登场概率进行每次抽卡。<br>例如，提供概率为 1% 的成员并不意味着在 100 次抽卡中一定会获得该成员。<br>请在“登场概率”标签页中确认登场概率。<br>・即使在执行“特别招募～不给糖就捣蛋！～”后强制关闭游戏或断开连接，导致无法正常显示招募结果画面，招募也会被正确执行。请确认成员列表和应援棒的数量。<br>・本次招募中登场的成员可能会在未来再次出现。<br>・本次招募可能会重新开放。<br>・活动期间及内容可能会在没有事先通知的情况下进行更改。<br>・招募券可以通过屏幕右下角的“使用券进行招募”来使用。<br>不在“使用券进行招募”中显示的券，在本次招募中将无法使用。<br>・对于已经加入的成员，在第二次加入时，会根据稀有度获得应援棒。<br>R 成员：20 个 <br>SR 成员：50 个 <br>UR 成员：500 个 <br>・获得的招募积分将在招募结束后自动转换为 1 本“技能书（中）”。
mst.lottery_caution.2110019._cautionText,请确认“登场概率”以了解将要登场的成员。<br>・在“特别招募～不给糖就捣蛋！～”活动中，可能会重复出现相同的成员。<br>・登场概率已四舍五入到小数点后第五位。<br>因此，各个成员的登场概率之和与总体的登场概率显示值之间可能存在差异。<br>・由于显示原因，登场概率的总和可能不会达到 100%。<br>・“特别招募～不给糖就捣蛋！～”将根据登场概率进行每次抽卡。<br>例如，提供概率为 1% 的成员并不意味着在 100 次抽卡中一定会获得该成员。<br>请在“登场概率”标签页中确认登场概率。<br>・即使在执行“特别招募～不给糖就捣蛋！～”后强制关闭游戏或断开连接，导致无法正常显示招募结果画面，招募也会被正确执行。请确认成员列表和应援棒的数量。<br>・本次招募中登场的成员可能会在未来再次出现。<br>・本次招募可能会重新开放。<br>・活动期间及内容可能会在没有事先通知的情况下进行更改。<br>・招募券可以通过屏幕右下角的“使用券进行招募”来使用。<br>不在“使用券进行招募”中显示的券，在本次招募中将无法使用。<br>・对于已经加入的成员，在第二次加入时，会根据稀有度获得应援棒。<br>R 成员：20 个 <br>SR 成员：50 个 <br>UR 成员：500 个 <br>・获得的招募积分将在招募结束后自动转换为 1 本“技能书（中）”。
mst.lottery_caution.2110020._cautionText,请确认“登场概率”以了解将要登场的成员。<br>·在“特别招募～Boo! Boo! 万圣节乐园～”活动中，可能会重复出现相同的成员。<br>·登场概率已四舍五入到小数点后第五位。<br>因此，各个成员的登场概率之和与总体的登场概率显示值之间可能存在差异。<br>·由于显示原因，登场概率的总和可能不会达到 100%。<br>·“特别招募～Boo! Boo! 万圣节乐园～”将根据登场概率进行每次抽卡。<br>例如，提供概率为 1% 的成员并不意味着在 100 次抽卡中一定会获得该成员。<br>·请在“登场概率”标签页中确认登场概率。<br>·即使在执行“特别招募～Boo! Boo! 万圣节乐园～”后强制退出或断开连接，导致无法正常显示招募结果画面，招募也会被正确执行。请确认成员列表和应援棒的数量。<br>·今后可能会再次出现本次招募中的成员。<br>·本次招募可能会重新开放。<br>·活动期间和内容可能会在没有事先通知的情况下进行更改。<br>·您可以使用屏幕右下角的“使用门票招募”功能来使用招募门票。<br>如果在“使用门票招募”中未显示的门票，则无法在此次招募中使用。<br>·对于已经加入的成员，在第二次加入时，您可以根据稀有度获得应援棒。<br>R 成员：20 个 <br>SR 成员：50 个 <br>UR 成员：500 个 <br>·获得的招募积分将在招募结束后自动转换为 1 本“技能书（中）”。
mst.lottery_caution.2110021._cautionText,请确认“登场概率”以了解将要登场的成员。<br>·在“特别招募～Boo! Boo! 万圣节乐园～”活动中，可能会重复出现相同的成员。<br>·登场概率已四舍五入到小数点后第五位。<br>因此，各个成员的登场概率之和与总体的登场概率显示值之间可能存在差异。<br>·由于显示原因，登场概率的总和可能不会达到 100%。<br>·“特别招募～Boo! Boo! 万圣节乐园～”将根据登场概率进行每次抽卡。<br>例如，提供概率为 1% 的成员并不意味着在 100 次抽卡中一定会获得该成员。<br>·请在“登场概率”标签页中确认登场概率。<br>·即使在执行“特别招募～Boo! Boo! 万圣节乐园～”后强制退出或断开连接，导致无法正常显示招募结果画面，招募也会被正确执行。请确认成员列表和应援棒的数量。<br>·今后可能会再次出现本次招募中的成员。<br>·本次招募可能会重新开放。<br>·活动期间和内容可能会在没有事先通知的情况下进行更改。<br>·您可以使用屏幕右下角的“使用门票招募”功能来使用招募门票。<br>如果在“使用门票招募”中未显示的门票，则无法在此次招募中使用。<br>·对于已经加入的成员，在第二次加入时，您可以根据稀有度获得应援棒。<br>R 成员：20 个 <br>SR 成员：50 个 <br>UR 成员：500 个 <br>·获得的招募积分将在招募结束后自动转换为 1 本“技能书（中）”。
mst.lottery_caution.2110022._cautionText,请确认“登场成员”的“登场概率”。<br>・在“特别招募～阳光进行曲乐队～”活动中，可能会出现重复的成员。<br>・登场概率已四舍五入到小数点后第五位。<br>因此，各个成员的登场概率之和与总体的登场概率显示值之间可能存在差异。<br>・由于显示的关系，登场概率的总和不一定是100%。<br>・“特别招募～阳光进行曲乐队～”是根据登场概率，每次进行抽卡。<br>例如，提供概率为1%的成员，并非保证在100次中一定会加入一次。<br>・关于登场概率，请在登场概率标签页中确认。<br>・如果在执行“特别招募～阳光进行曲乐队～”后强制关闭或断开连接，导致无法正常显示招募结果画面，招募仍然会正确执行。请确认成员列表和应援棒的数量。<br>・本次招募中登场的成员，今后可能会再次出现。<br>・本次招募可能会重新开放。<br>・活动期间及内容可能会在没有预先通知的情况下进行更改。<br>・招募券可以通过屏幕右下角的“使用券进行招募”来使用。<br> 如果在“使用券进行招募”中未显示的券，则无法在本次招募中使用。<br>・对于已经加入的成员，在第二次及以后加入时，会根据稀有度获得应援棒。<br> R级成员：20个<br> SR级成员：50个<br> UR级成员：500个<br>・获得的招募积分将在招募结束后自动转换为1个“技能书（中）”。
mst.lottery_caution.2110023._cautionText,请确认“登场成员”的“登场概率”。<br>・在“特别招募～阳光进行曲乐队～”活动中，可能会出现重复的成员。<br>・登场概率已四舍五入到小数点后第五位。<br>因此，各个成员的登场概率之和与总体的登场概率显示值之间可能存在差异。<br>・由于显示的关系，登场概率的总和不一定是100%。<br>・“特别招募～阳光进行曲乐队～”是根据登场概率，每次进行抽卡。<br>例如，提供概率为1%的成员，并非保证在100次中一定会加入一次。<br>・关于登场概率，请在登场概率标签页中确认。<br>・如果在执行“特别招募～阳光进行曲乐队～”后强制关闭或断开连接，导致无法正常显示招募结果画面，招募仍然会正确执行。请确认成员列表和应援棒的数量。<br>・本次招募中登场的成员，今后可能会再次出现。<br>・本次招募可能会重新开放。<br>・活动期间及内容可能会在没有预先通知的情况下进行更改。<br>・招募券可以通过屏幕右下角的“使用券进行招募”来使用。<br> 如果在“使用券进行招募”中未显示的券，则无法在本次招募中使用。<br>・对于已经加入的成员，在第二次及以后加入时，会根据稀有度获得应援棒。<br> R级成员：20个<br> SR级成员：50个<br> UR级成员：500个<br>・获得的招募积分将在招募结束后自动转换为1个“技能书（中）”。
mst.lottery_caution.2110024._cautionText,请确认“登场成员”的“登场概率”。<br>・在“特别招募～喵喵🐾女仆～”活动中，可能会出现重复的成员。<br>・登场概率已四舍五入到小数点后第五位。<br>因此，各个成员的登场概率之和与总体的登场概率显示值之间可能存在差异。<br>・由于显示的关系，登场概率的总和不一定是100%。<br>・“特别招募～喵喵🐾女仆～”是根据登场概率进行每次抽卡。<br>例如，提供概率为1%的成员，并非保证在100次中一定会加入一次。<br>・请在登场概率标签中确认登场概率。<br>・即使在执行“特别招募～喵喵🐾女仆～”后强制退出或断线，导致无法正常显示招募结果画面，招募也会被正确执行。请确认成员列表和应援棒的数量。<br>・本次招募中出现的成员，今后可能会再次出现。<br>・本次招募可能会再次开放。<br>・活动期间及内容可能会在没有预先通知的情况下进行更改。<br>・招募券可以通过屏幕右下角的“使用券进行招募”来使用。<br> 如果在“使用券进行招募”中未显示的券，则无法在本次招募中使用。<br>・对于已经加入的成员，在第二次及以后加入时，会根据稀有度获得应援棒。<br> R级成员：20个<br> SR级成员：50个<br> UR级成员：500个<br>・获得的招募积分将在招募结束后自动转换为1本“技能书（中）”。
mst.lottery_caution.2110025._cautionText,请确认“登场成员”的“登场概率”。<br>・在“特别招募～喵喵🐾女仆～”活动中，可能会出现重复的成员。<br>・登场概率已四舍五入到小数点后第五位。<br>因此，各个成员的登场概率之和与总体的登场概率显示值之间可能存在差异。<br>・由于显示的关系，登场概率的总和不一定是100%。<br>・“特别招募～喵喵🐾女仆～”是根据登场概率进行每次抽卡。<br>例如，提供概率为1%的成员，并非保证在100次中一定会加入一次。<br>・请在登场概率标签中确认登场概率。<br>・即使在执行“特别招募～喵喵🐾女仆～”后强制退出或断线，导致无法正常显示招募结果画面，招募也会被正确执行。请确认成员列表和应援棒的数量。<br>・本次招募中出现的成员，今后可能会再次出现。<br>・本次招募可能会再次开放。<br>・活动期间及内容可能会在没有预先通知的情况下进行更改。<br>・招募券可以通过屏幕右下角的“使用券进行招募”来使用。<br> 如果在“使用券进行招募”中未显示的券，则无法在本次招募中使用。<br>・对于已经加入的成员，在第二次及以后加入时，会根据稀有度获得应援棒。<br> R级成员：20个<br> SR级成员：50个<br> UR级成员：500个<br>・获得的招募积分将在招募结束后自动转换为1本“技能书（中）”。
mst.lottery_caution.2110026._cautionText,请确认“登场概率”以了解将要登场的成员。<br>・在“特别招募～大家一起度过圣诞节！～”活动中，可能会出现重复的成员。<br>・登场概率已四舍五入到小数点后第五位。<br>因此，各个成员的登场概率之和与总体的登场概率显示值之间可能存在差异。<br>・由于显示的关系，登场概率的总和有时可能不会达到100%。<br>・“特别招募～大家一起度过圣诞节！～”将根据登场概率进行每次抽卡。<br>例如，提供概率为1%的成员并不意味着在100次抽卡中一定会获得一次。<br>・请在登场概率标签中确认登场概率。<br>・即使在执行“特别招募～大家一起度过圣诞节！～”后强制关闭或断开连接，导致无法正常显示招募结果画面，招募也会被正确执行。请确认成员列表和应援棒的数量。<br>・本次招募中登场的成员可能会在未来再次出现。<br>・本次招募可能会重新开放。<br>・活动期间和内容可能会在没有事先通知的情况下进行更改。<br>・您可以使用屏幕右下角的“使用票券进行招募”功能来使用招募票券。<br>如果在“使用票券进行招募”中未显示的票券，则无法在此次招募中使用。<br>・对于已经加入的成员，在第二次加入时，您可以根据稀有度获得应援棒。<br>R级成员：20个<br>SR级成员：50个<br>UR级成员：500个<br>・获得的招募积分将在招募结束后自动转换为1本“技能书（中）”。
mst.lottery_caution.2110027._cautionText,请确认“登场概率”以了解将要登场的成员。<br>・在“特别招募～大家一起度过圣诞节！～”活动中，可能会出现重复的成员。<br>・登场概率已四舍五入到小数点后第五位。<br>因此，各个成员的登场概率之和与总体的登场概率显示值之间可能存在差异。<br>・由于显示的关系，登场概率的总和有时可能不会达到100%。<br>・“特别招募～大家一起度过圣诞节！～”将根据登场概率进行每次抽卡。<br>例如，提供概率为1%的成员并不意味着在100次抽卡中一定会获得一次。<br>・请在登场概率标签中确认登场概率。<br>・即使在执行“特别招募～大家一起度过圣诞节！～”后强制关闭或断开连接，导致无法正常显示招募结果画面，招募也会被正确执行。请确认成员列表和应援棒的数量。<br>・本次招募中登场的成员可能会在未来再次出现。<br>・本次招募可能会重新开放。<br>・活动期间和内容可能会在没有事先通知的情况下进行更改。<br>・您可以使用屏幕右下角的“使用票券进行招募”功能来使用招募票券。<br>如果在“使用票券进行招募”中未显示的票券，则无法在此次招募中使用。<br>・对于已经加入的成员，在第二次加入时，您可以根据稀有度获得应援棒。<br>R级成员：20个<br>SR级成员：50个<br>UR级成员：500个<br>・获得的招募积分将在招募结束后自动转换为1本“技能书（中）”。
mst.lottery_caution.2110028._cautionText,请确认“登场概率”以了解将要登场的成员。<br>·在“特别招募～雪祭的圣诞老人～”活动中，可能会出现重复的成员。<br>·登场概率已四舍五入到小数点后第五位。<br>因此，各个成员的登场概率之和与总体的登场概率显示值之间可能存在差异。<br>·由于显示的关系，登场概率的总和可能不会达到 100%。<br>·“特别招募～雪祭的圣诞老人～”将根据登场概率进行每次抽卡。<br>例如，提供概率为 1% 的成员并不意味着在 100 次中一定会加入一次。<br>·请在登场概率标签中确认登场概率。<br>·即使在执行“特别招募～雪祭的圣诞老人～”后强制关闭或断开连接，导致无法正常显示招募结果画面，招募也会被正确执行。请确认成员列表和应援棒的数量。<br>·本次招募中登场的成员可能会在未来再次出现。<br>·本次招募可能会重新开放。<br>·活动期间和内容可能会在没有事先通知的情况下进行更改。<br>·您可以使用屏幕右下角的“使用门票招募”功能来使用招募门票。<br>·如果在“使用门票招募”中未显示的门票，则无法在此次招募中使用。<br>·对于已经加入的成员，在第二次及以后加入时，您可以根据稀有度获得应援棒。<br>R 成员：20 个 <br>SR 成员：50 个 <br>UR 成员：500 个 <br>·获得的招募积分将在招募结束后自动转换为 1 本“技能书（中）”。
mst.lottery_caution.2110029._cautionText,请确认“登场概率”以了解将要登场的成员。<br>·在“特别招募～雪祭的圣诞老人～”活动中，可能会出现重复的成员。<br>·登场概率已四舍五入到小数点后第五位。<br>因此，各个成员的登场概率之和与总体的登场概率显示值之间可能存在差异。<br>·由于显示的关系，登场概率的总和可能不会达到 100%。<br>·“特别招募～雪祭的圣诞老人～”将根据登场概率进行每次抽卡。<br>例如，提供概率为 1% 的成员并不意味着在 100 次中一定会加入一次。<br>·请在登场概率标签中确认登场概率。<br>·即使在执行“特别招募～雪祭的圣诞老人～”后强制关闭或断开连接，导致无法正常显示招募结果画面，招募也会被正确执行。请确认成员列表和应援棒的数量。<br>·本次招募中登场的成员可能会在未来再次出现。<br>·本次招募可能会重新开放。<br>·活动期间和内容可能会在没有事先通知的情况下进行更改。<br>·您可以使用屏幕右下角的“使用门票招募”功能来使用招募门票。<br>·如果在“使用门票招募”中未显示的门票，则无法在此次招募中使用。<br>·对于已经加入的成员，在第二次及以后加入时，您可以根据稀有度获得应援棒。<br>R 成员：20 个 <br>SR 成员：50 个 <br>UR 成员：500 个 <br>·获得的招募积分将在招募结束后自动转换为 1 本“技能书（中）”。
mst.lottery_caution.2110030._cautionText,请确认“登场成员”的“登场概率”。<br>・在“特别招募～向大家送上新年祝福～”活动中，可能会出现重复的成员。<br>・登场概率已四舍五入到小数点后第五位。<br>因此，各成员的登场概率之和与总体的登场概率显示值之间可能存在差异。<br>・由于显示的关系，登场概率的总和不一定是100%。<br>・“特别招募～向大家送上新年祝福～”将根据登场概率进行每次抽卡。<br>例如，并非以提供概率为1%的成员在100次中必定加入一次。<br>・请在登场概率标签中确认登场概率。<br>・即使在执行“特别招募～向大家送上新年祝福～”后强制关闭或断开连接，导致无法正常显示招募结果画面，招募也会被正确执行。请确认成员列表和应援棒的数量。<br>・本次招募中登场的成员，今后可能会再次出现。<br>・本次招募可能会重新开放。<br>・活动期间及内容可能会在没有事先通知的情况下进行更改。<br>・招募券可以通过屏幕右下角的“使用券进行招募”来使用。<br> 如果在“使用券进行招募”中未显示的券，则无法在本次招募中使用。<br>・对于已经加入的成员，在第二次加入时，会根据稀有度获得应援棒。<br> R成员：20个<br> SR成员：50个<br> UR成员：500个<br>・获得的招募积分将在招募结束后自动转换为1本“技能书（中）”。
mst.lottery_caution.2110031._cautionText,请确认“登场成员”的“登场概率”。<br>・在“特别招募～向大家送上新年祝福～”活动中，可能会出现重复的成员。<br>・登场概率已四舍五入到小数点后第五位。<br>因此，各成员的登场概率之和与总体的登场概率显示值之间可能存在差异。<br>・由于显示的关系，登场概率的总和不一定是100%。<br>・“特别招募～向大家送上新年祝福～”将根据登场概率进行每次抽卡。<br>例如，并非以提供概率为1%的成员在100次中必定加入一次。<br>・请在登场概率标签中确认登场概率。<br>・即使在执行“特别招募～向大家送上新年祝福～”后强制关闭或断开连接，导致无法正常显示招募结果画面，招募也会被正确执行。请确认成员列表和应援棒的数量。<br>・本次招募中登场的成员，今后可能会再次出现。<br>・本次招募可能会重新开放。<br>・活动期间及内容可能会在没有事先通知的情况下进行更改。<br>・招募券可以通过屏幕右下角的“使用券进行招募”来使用。<br> 如果在“使用券进行招募”中未显示的券，则无法在本次招募中使用。<br>・对于已经加入的成员，在第二次加入时，会根据稀有度获得应援棒。<br> R成员：20个<br> SR成员：50个<br> UR成员：500个<br>・获得的招募积分将在招募结束后自动转换为1本“技能书（中）”。
mst.lottery_caution.2110032._cautionText,请确认“登场成员”的“登场概率”。<br>・在“特别招募～冰上仙女～”活动中，可能会出现重复的成员。<br>・登场概率已四舍五入到小数点后第五位。<br>因此，各成员的登场概率之和与总体的登场概率显示值之间可能存在差异。<br>・由于显示的关系，登场概率的总和不一定是100%。<br>・“特别招募～冰上仙女～”将根据登场概率进行每次抽卡。<br>例如，提供概率为1%的成员并不意味着在100次抽卡中一定会获得一次。<br>・请在“登场概率”标签页中确认登场概率。<br>・即使在执行“特别招募～冰上仙女～”后强制关闭或断开连接，导致无法正常显示招募结果画面，招募也会被正确执行。请确认成员列表和应援棒的数量。<br>・本次招募中出现的成员，今后可能会再次出现。<br>・本次招募可能会重新开放。<br>・活动期间及内容可能会在没有事先通知的情况下进行更改。<br>・招募券可以通过屏幕右下角的“使用券进行招募”来使用。<br> 在“使用券进行招募”中未显示的券，在本次招募中将无法使用。<br>・对于已经加入的成员，今后再次加入时，会根据稀有度获得应援棒。<br> R级成员：20个<br> SR级成员：50个<br> UR级成员：500个<br>・获得的招募积分将在招募结束后自动转换为1本“技能书（中）”。
mst.lottery_caution.2110033._cautionText,请确认“登场成员”的“登场概率”。<br>・在“特别招募～冰上仙女～”活动中，可能会出现重复的成员。<br>・登场概率已四舍五入到小数点后第五位。<br>因此，各成员的登场概率之和与总体的登场概率显示值之间可能存在差异。<br>・由于显示的关系，登场概率的总和不一定是100%。<br>・“特别招募～冰上仙女～”将根据登场概率进行每次抽卡。<br>例如，提供概率为1%的成员并不意味着在100次抽卡中一定会获得一次。<br>・请在“登场概率”标签页中确认登场概率。<br>・即使在执行“特别招募～冰上仙女～”后强制关闭或断开连接，导致无法正常显示招募结果画面，招募也会被正确执行。请确认成员列表和应援棒的数量。<br>・本次招募中出现的成员，今后可能会再次出现。<br>・本次招募可能会重新开放。<br>・活动期间及内容可能会在没有事先通知的情况下进行更改。<br>・招募券可以通过屏幕右下角的“使用券进行招募”来使用。<br> 在“使用券进行招募”中未显示的券，在本次招募中将无法使用。<br>・对于已经加入的成员，今后再次加入时，会根据稀有度获得应援棒。<br> R级成员：20个<br> SR级成员：50个<br> UR级成员：500个<br>・获得的招募积分将在招募结束后自动转换为1本“技能书（中）”。
mst.lottery_caution.2110034._cautionText,请确认“登场成员”的“登场概率”。<br>・在“特别招募～被爱囚禁的少女～”活动中，可能会出现重复的成员。<br>・登场概率已四舍五入到小数点后第五位。<br>因此，各成员的登场概率之和与总体的登场概率显示值之间可能存在差异。<br>・由于显示的关系，登场概率的总和不一定是100%。<br>・“特别招募～被爱囚禁的少女～”将根据登场概率进行每次抽卡。<br>例如，并非以提供概率为1%的成员在100次中必定加入一次。<br>・请在登场概率标签中确认登场概率。<br>・即使在执行“特别招募～被爱囚禁的少女～”后强制退出或断线，导致无法正常显示招募结果画面，招募也会正确进行。请确认成员列表和应援棒的数量。<br>・本次招募中出现的成员，今后可能会再次出现。<br>・本次招募可能会重新开放。<br>・活动期间及内容可能会在没有预先通知的情况下进行更改。<br>・招募券可以通过屏幕右下角的“使用券进行招募”来使用。<br> 如果在“使用券进行招募”中未显示的券，则无法在此次招募中使用。<br>・对于已经加入的成员，在第二次及以后加入时，会根据稀有度获得应援棒。<br> R级成员：20个<br> SR级成员：50个<br> UR级成员：500个<br>・获得的招募积分将在招募结束后自动转换为1本“技能书（中）”。
mst.lottery_caution.2110035._cautionText,请确认“登场成员”的“登场概率”。<br>・在“特别招募～被爱囚禁的少女～”活动中，可能会出现重复的成员。<br>・登场概率已四舍五入到小数点后第五位。<br>因此，各成员的登场概率之和与总体的登场概率显示值之间可能存在差异。<br>・由于显示的关系，登场概率的总和不一定是100%。<br>・“特别招募～被爱囚禁的少女～”将根据登场概率进行每次抽卡。<br>例如，并非以提供概率为1%的成员在100次中必定加入一次。<br>・请在登场概率标签中确认登场概率。<br>・即使在执行“特别招募～被爱囚禁的少女～”后强制退出或断线，导致无法正常显示招募结果画面，招募也会正确进行。请确认成员列表和应援棒的数量。<br>・本次招募中出现的成员，今后可能会再次出现。<br>・本次招募可能会重新开放。<br>・活动期间及内容可能会在没有预先通知的情况下进行更改。<br>・招募券可以通过屏幕右下角的“使用券进行招募”来使用。<br> 如果在“使用券进行招募”中未显示的券，则无法在此次招募中使用。<br>・对于已经加入的成员，在第二次及以后加入时，会根据稀有度获得应援棒。<br> R级成员：20个<br> SR级成员：50个<br> UR级成员：500个<br>・获得的招募积分将在招募结束后自动转换为1本“技能书（中）”。
mst.lottery_caution.2110036._cautionText,请确认“登场成员”的“登场概率”。<br>・在“特别招募～百鬼夜行之夜～”活动中，可能会出现重复的成员。<br>・登场概率已四舍五入到小数点后第五位。<br>因此，各个成员的登场概率总和与整体登场概率的显示值之间可能存在差异。<br>・由于显示的关系，登场概率的总和可能不会达到100%。<br>・“特别招募～百鬼夜行之夜～”将根据登场概率进行每次抽卡。<br>例如，并非以提供概率为1%的成员在100次中必定加入一次。<br>・请在登场概率标签中确认登场概率。<br>・即使在执行“特别招募～百鬼夜行之夜～”后强制退出或断开连接，导致无法正常显示招募结果画面，招募也会被正确执行。请确认成员列表和应援棒的数量。<br>・今后可能会再次出现本次招募中的成员。<br>・本次招募可能会再次开放。<br>・活动期间及内容可能会在没有事先通知的情况下进行更改。<br>・招募券可以通过屏幕右下角的“使用券进行招募”来使用。<br> 在“使用券进行招募”中未显示的券，在本次招募中将无法使用。<br>・对于已经加入的成员，今后再次加入时，将会根据稀有度获得应援棒。<br> R级成员：20个<br> SR级成员：50个<br> UR级成员：500个<br>・获得的招募积分将在招募结束后自动转换为1本“技能书（中）”。
mst.lottery_caution.2110037._cautionText,请确认“登场成员”的“登场概率”。<br>・在“特别招募～百鬼夜行之夜～”活动中，可能会出现重复的成员。<br>・登场概率已四舍五入到小数点后第五位。<br>因此，各个成员的登场概率总和与整体登场概率的显示值之间可能存在差异。<br>・由于显示的关系，登场概率的总和可能不会达到100%。<br>・“特别招募～百鬼夜行之夜～”将根据登场概率进行每次抽卡。<br>例如，并非以提供概率为1%的成员在100次中必定加入一次。<br>・请在登场概率标签中确认登场概率。<br>・即使在执行“特别招募～百鬼夜行之夜～”后强制退出或断开连接，导致无法正常显示招募结果画面，招募也会被正确执行。请确认成员列表和应援棒的数量。<br>・今后可能会再次出现本次招募中的成员。<br>・本次招募可能会再次开放。<br>・活动期间及内容可能会在没有事先通知的情况下进行更改。<br>・招募券可以通过屏幕右下角的“使用券进行招募”来使用。<br> 在“使用券进行招募”中未显示的券，在本次招募中将无法使用。<br>・对于已经加入的成员，今后再次加入时，将会根据稀有度获得应援棒。<br> R级成员：20个<br> SR级成员：50个<br> UR级成员：500个<br>・获得的招募积分将在招募结束后自动转换为1本“技能书（中）”。
mst.lottery_caution.2110038._cautionText,请确认“登场成员”的“登场概率”。<br>・在“特别招募～Y2K♡GALS～”中，可能会出现重复的成员。<br>・登场概率已四舍五入到小数点后第五位。<br>因此，各个成员的登场概率之和与总体的登场概率显示值之间可能存在差异。<br>・由于显示的关系，登场概率的总和不一定是100%。<br>・“特别招募～Y2K♡GALS～”是根据登场概率进行每次抽卡。<br>例如，提供概率为1%的成员，并非保证在100次中一定会加入一次。<br>・请在“登场概率”标签页确认登场概率。<br>・即使在执行“特别招募～Y2K♡GALS～”后强制退出或断线，导致无法正常显示招募结果画面，招募也会被正确执行。请确认成员列表和应援棒的数量。<br>・本次招募中登场的成员，今后可能会再次出现。<br>・本次招募可能会重新开放。<br>・活动期间及内容可能会在没有预先通知的情况下进行更改。<br>・招募券可以通过屏幕右下角的“使用券进行招募”来使用。<br> 如果在“使用券进行招募”中未显示的券，则无法在本次招募中使用。<br>・对于已经加入的成员，在第二次加入时，会根据稀有度获得应援棒。<br> R级成员：20个<br> SR级成员：50个<br> UR级成员：500个<br>・获得的招募积分将在招募结束后自动转换为1本“技能书（中）”。
mst.lottery_caution.2110039._cautionText,请确认“登场成员”的“登场概率”。<br>・在“特别招募～Y2K♡GALS～”中，可能会出现重复的成员。<br>・登场概率已四舍五入到小数点后第五位。<br>因此，各个成员的登场概率之和与总体的登场概率显示值之间可能存在差异。<br>・由于显示的关系，登场概率的总和不一定是100%。<br>・“特别招募～Y2K♡GALS～”是根据登场概率进行每次抽卡。<br>例如，提供概率为1%的成员，并非保证在100次中一定会加入一次。<br>・请在“登场概率”标签页确认登场概率。<br>・即使在执行“特别招募～Y2K♡GALS～”后强制退出或断线，导致无法正常显示招募结果画面，招募也会被正确执行。请确认成员列表和应援棒的数量。<br>・本次招募中登场的成员，今后可能会再次出现。<br>・本次招募可能会重新开放。<br>・活动期间及内容可能会在没有预先通知的情况下进行更改。<br>・招募券可以通过屏幕右下角的“使用券进行招募”来使用。<br> 如果在“使用券进行招募”中未显示的券，则无法在本次招募中使用。<br>・对于已经加入的成员，在第二次加入时，会根据稀有度获得应援棒。<br> R级成员：20个<br> SR级成员：50个<br> UR级成员：500个<br>・获得的招募积分将在招募结束后自动转换为1本“技能书（中）”。
mst.lottery_caution.3110001._cautionText,请确认“登场概率”以了解将要登场的成员。<br>・在“小野ん生日纪念招募～和谐之星～”活动中，可能会重复出现成员。<br>・登场概率已四舍五入到小数点后第五位。<br>因此，各个成员的登场概率总和与整体登场概率的显示值之间可能存在差异。<br>・由于显示的关系，登场概率的总和可能不会达到 100%。<br>・“小野ん生日纪念招募～和谐之星～”将根据登场概率进行每次抽卡。<br>例如，提供概率为 1% 的成员并不意味着在 100 次抽卡中一定会获得该成员。<br>・请在登场概率标签中确认登场概率。<br>・即使在执行“小野ん生日纪念招募～和谐之星～”后强制退出或断开连接，导致无法正常显示招募结果画面，招募也会被正确执行。请确认成员列表和应援棒的数量。<br>・今后可能会再次出现本次招募中的成员。<br>・本次招募可能会重新开放。<br>・活动期间和内容可能会在没有事先通知的情况下进行更改。<br>・您可以从屏幕右下角的“使用门票进行招募”来使用招募门票。<br> 如果在“使用门票进行招募”中未显示的门票，则无法在此次招募中使用。<br>・对于已经加入的成员，在第二次及以后加入时，您可以根据稀有度获得应援棒。<br> R 成员：20 个 <br> SR 成员：50 个 <br> UR 成员：500 个 <br>・获得的招募积分将在招募结束后自动转换为 1 本“技能书（中）”。
mst.lottery_caution.3110002._cautionText,·登场偶像的概率请在“登场概率”处确认。<br>·“爱酱生日纪念招募～彩色女主角们～”中，登场的偶像可能会重复。<br>·登场概率已四舍五入到小数点后第五位。<br>因此，各偶像的登场概率之和与总体的登场概率显示值可能会有差异。<br>·由于显示的关系，登场概率的总和可能不会达到100%。<br>·“爱酱生日纪念招募～彩色女主角们～”会根据登场概率进行每次抽卡。<br>例如，提供概率为1%的成员，并非保证在100次中一定会加入一次。<br>·关于登场概率，请在登场概率标签处确认。<br>·即使在执行“爱酱生日纪念招募～彩色女主角们～”后强制关闭或断线，导致无法正常显示招募结果画面，招募也会被正确执行。请确认偶像列表和应援棒的数量。<br>·本次招募中登场的偶像，今后可能会再次登场。<br>·本次招募可能会重新开放。<br>·活动期间及内容可能会在没有预先通知的情况下进行更改。<br>·招募券可以通过屏幕右下角的“使用券进行招募”来使用。<br> 在“使用券进行招募”中未显示的券，在本次招募中无法使用。<br>·已经加入的偶像，今后再次加入时，会根据稀有度获得应援棒。<br> R级偶像：20个<br> SR级偶像：50个<br> UR级偶像：500个<br>·获得的招募积分将在招募结束后自动转换为“技能书（中）”1本。
mst.lottery_caution.3110003._cautionText,·登场偶像的概率请在“登场概率”处确认。<br>·“希酱生日纪念招募～花束雨～”中，登场的偶像可能会重复。<br>·登场概率已四舍五入到小数点后第五位。<br>因此，各偶像的登场概率之和与总体的登场概率显示值之间可能存在差异。<br>·由于显示的关系，登场概率合计有时不会达到100%。<br>·“希酱生日纪念招募～花束雨～”基于登场概率进行每次抽卡。<br>例如，提供概率为1%的成员，并非保证在100次中必有1次加入。<br>·关于登场概率，请在登场概率标签处确认。<br>·即使在执行“希酱生日纪念招募～花束雨～”后强制退出或断线，导致无法正常显示招募结果画面，招募也会正确进行。请确认偶像列表和应援棒的数量。<br>·本次招募中登场的偶像，今后可能会再次登场。<br>·本次招募可能会重新开放。<br>·活动期间及内容可能随时更改，恕不另行通知。<br>·招募券可以通过屏幕右下角的“使用券进行招募”来使用。<br>在“使用券进行招募”中未显示的券，本次招募中无法使用。<br>已经加入的偶像，今后再次加入时，会根据稀有度获得应援棒。<br>R级偶像：20个<br>SR级偶像：50个<br>UR级偶像：500个<br>·获得的招募积分将在招募结束后自动转换为“技能书（中）”1本。
mst.lottery_caution.3110004._cautionText,请确认“登场成员”的“登场概率”。<br>・在“鞠莉生日纪念招募～妖精之翼～”活动中，可能会出现重复的成员。<br>・登场概率已四舍五入到小数点后第五位。<br>因此，各个成员的登场概率总和与整体登场概率的显示值之间可能存在差异。<br>・由于显示的关系，登场概率的总和不一定是100%。<br>・“鞠莉生日纪念招募～妖精之翼～”活动是根据登场概率进行每次抽卡。<br>例如，提供概率为1%的成员，并非保证在100次中一定会加入一次。<br>・请在登场概率标签中确认登场概率。<br>・即使在执行“鞠莉生日纪念招募～妖精之翼～”活动后强制退出或断开连接，导致无法正常显示招募结果画面，招募也会被正确执行。请确认成员列表和应援棒的数量。<br>・今后可能会再次出现本次招募中的成员。<br>・本次招募可能会再次开放。<br>・活动期间及内容可能会在没有事先通知的情况下进行更改。<br>・招募券可以通过屏幕右下角的“使用券进行招募”来使用。<br> 如果在“使用券进行招募”中未显示的券，则无法在本次招募中使用。<br>・对于已经加入的成员，在第二次及以后加入时，会根据稀有度获得应援棒。<br> R级成员：20个<br> SR级成员：50个<br> UR级成员：500个<br>・获得的招募积分将在招募结束后自动转换为1本“技能书（中）”。
mst.lottery_caution.3110005._cautionText,请确认“登场成员”的“登场概率”。<br>・在“四季生日纪念招募～和谐之星～”活动中，可能会出现重复的成员。<br>・登场概率已四舍五入到小数点后第五位。<br>因此，各个成员的登场概率总和与整体登场概率的显示值可能会有所差异。<br>・由于显示的关系，登场概率的总和可能不会达到100%。<br>・“四季生日纪念招募～和谐之星～”活动是根据登场概率进行单次抽卡。<br>例如，提供概率为1%的成员，并非保证在100次中一定会加入。<br>・请在登场概率标签中确认登场概率。<br>・即使在执行“四季生日纪念招募～和谐之星～”活动后强制退出或断开连接，导致无法正常显示招募结果画面，招募也会被正确执行。请确认成员列表和应援棒的数量。<br>・本次招募中登场的成员，今后可能会再次出现。<br>・本次招募可能会重新开放。<br>・活动期间及内容可能会在没有事先通知的情况下进行更改。<br>・招募券可以通过屏幕右下角的“使用招募券”来使用。<br> 如果在“使用招募券”中未显示的招募券，则无法在本次招募中使用。<br>・对于已经加入的成员，在第二次及以后加入时，会根据稀有度获得应援棒。<br> R级成员：20个<br> SR级成员：50个<br> UR级成员：500个<br>・获得的招募积分将在招募结束后自动转换为1本“技能书（中）”。
mst.lottery_caution.3110006._cautionText,请确认“登场成员”的“登场概率”。<br>・在“果林生日纪念招募～缤纷英雄～”活动中，可能会出现重复的成员。<br>・登场概率已四舍五入到小数点后第五位。<br>因此，各个成员的登场概率之和与总体的登场概率显示值之间可能存在差异。<br>・由于显示的关系，登场概率的总和不一定是100%。<br>・“果林生日纪念招募～缤纷英雄～”活动是根据登场概率进行每次抽卡。<br>例如，并非以提供概率为1%的成员在100次中必定加入一次。<br>・请在登场概率标签中确认登场概率。<br>・即使在执行“果林生日纪念招募～缤纷英雄～”活动后强制退出或断开连接，导致无法正常显示招募结果画面，招募也会被正确执行。请确认成员列表和应援棒的数量。<br>・今后可能会再次出现本次招募中的成员。<br>・本次招募可能会重新开放。<br>・活动期间及内容可能会在没有事先通知的情况下进行更改。<br>・招募券可以通过屏幕右下角的“使用券进行招募”来使用。<br> 如果在“使用券进行招募”中未显示的券，则无法在本次招募中使用。<br>・对于已经加入的成员，在第二次加入时，会根据稀有度获得应援棒。<br> R级成员：20个<br> SR级成员：50个<br> UR级成员：500个<br>・获得的招募积分将在招募结束后自动转换为1本“技能书（中）”。
mst.lottery_caution.3110007._cautionText,·登场成员的概率请在“登场概率”处确认。<br>·“善子生日纪念招募～妖精之翼～”中，登场的偶像可能会重复。<br>·登场概率已四舍五入到小数点后第五位。<br>因此，各成员的登场概率总和与整体登场概率的显示值可能存在差异。<br>·由于显示原因，登场概率的总和不一定是100%。<br>·“善子生日纪念招募～妖精之翼～”将根据登场概率进行每次抽卡。<br>例如，并非保证提供概率为1%的成员在100次中一定会加入。<br>·关于登场概率，请在登场概率标签处确认。<br>·即使在执行“善子生日纪念招募～妖精之翼～”后强制退出或断开连接，导致无法正常显示招募结果画面，招募也会正确进行。请确认偶像列表和应援棒的数量。<br>·本次招募中登场的偶像，今后可能会再次出现。<br>·本次招募可能会重新开放。<br>·活动期间及内容可能会在没有预先通知的情况下进行更改。<br>·招募券可以通过屏幕右下角的“使用券进行招募”来使用。<br>“使用券进行招募”中未显示的券，在本次招募中无法使用。<br>·已经加入的偶像，在第二次加入时，会根据稀有度获得应援棒。<br>R级偶像：20个<br>SR级偶像：50个<br>UR级偶像：500个<br>·获得的招募积分将在招募结束后自动转换为“技能书（中）”1本。
mst.lottery_caution.3110008._cautionText,请确认“登场成员”的“登场概率”。<br>・在“可可生日纪念招募～和谐之星～”活动中，可能会出现重复的成员。<br>・登场概率已四舍五入到小数点后第五位。<br>因此，各个成员的登场概率总和与整体登场概率的显示值可能会有所差异。<br>・由于显示的关系，登场概率的总和可能不会达到100%。<br>・“可可生日纪念招募～和谐之星～”活动是根据登场概率进行每次抽卡。<br>例如，并非以提供概率为1%的成员在100次中必定加入一次。<br>・请在登场概率标签中确认登场概率。<br>・即使在执行“可可生日纪念招募～和谐之星～”活动后强制退出或断开连接，导致无法正常显示招募结果画面，招募也会被正确执行。请确认成员列表和应援棒的数量。<br>・本次招募中登场的成员，今后可能会再次出现。<br>・本次招募可能会重新开放。<br>・活动期间及内容可能会在没有事先通知的情况下进行更改。<br>・招募券可以通过屏幕右下角的“使用券进行招募”来使用。<br> 在“使用券进行招募”中未显示的券，在本次招募中无法使用。<br>・已经加入的成员，今后再次加入时，会根据稀有度获得应援棒。<br> R级成员：20个<br> SR级成员：50个<br> UR级成员：500个<br>・获得的招募积分将在招募结束后自动转换为1本“技能书（中）”。
mst.lottery_caution.3110009._cautionText,请确认“登场成员”的“登场概率”。<br>・在“妮可生日纪念招募～花之雨～”活动中，可能会出现重复的成员。<br>・登场概率已四舍五入到小数点后第五位。<br>因此，各个成员的登场概率总和与整体登场概率的显示值可能会有所差异。<br>・由于显示原因，登场概率的总和可能不会达到100%。<br>・“妮可生日纪念招募～花之雨～”将根据登场概率进行每次抽卡。<br>例如，并非保证提供概率为1%的成员在100次抽卡中一定会加入。<br>・请在登场概率标签中确认登场概率。<br>・即使在执行“妮可生日纪念招募～花之雨～”后强制退出或断开连接，导致无法正常显示招募结果画面，招募也会被正确执行。请确认成员列表和应援棒的数量。<br>・本次招募中登场的成员，今后可能会再次出现。<br>・本次招募可能会重新开放。<br>・活动期间及内容可能会在没有事先通知的情况下进行更改。<br>・招募券可以通过屏幕右下角的“使用招募券”来使用。<br> 如果在“使用招募券”中未显示的招募券，则无法在本次招募中使用。<br>・对于已经加入的成员，在第二次及以后加入时，会根据稀有度获得应援棒。<br> R级成员：20个<br> SR级成员：50个<br> UR级成员：500个<br>・获得的招募积分将在招募结束后自动转换为1本“技能书（中）”。
mst.lottery_caution.3110010._cautionText,请确认“登场成员”的“登场概率”。<br>・在“千歌生日纪念招募～仙女之翼～”活动中，可能会出现重复的成员。<br>・登场概率已四舍五入到小数点后第五位。<br>因此，各个成员的登场概率总和与整体登场概率的显示值之间可能存在差异。<br>・由于显示的关系，登场概率的总和不一定是100%。<br>・“千歌生日纪念招募～仙女之翼～”活动是根据登场概率进行单次抽卡。<br>例如，提供概率为1%的成员，并非保证在100次中一定会加入一次。<br>・请在登场概率标签中确认登场概率。<br>・即使在执行“千歌生日纪念招募～仙女之翼～”活动后强制退出或断开连接，导致无法正常显示招募结果画面，招募也会被正确执行。请确认成员列表和应援棒的数量。<br>・本次招募中登场的成员，今后可能会再次出现。<br>・本次招募可能会重新开放。<br>・活动期间及内容可能会在没有事先通知的情况下进行更改。<br>・招募券可以通过屏幕右下角的“使用券进行招募”来使用。<br> 如果在“使用券进行招募”中未显示的券，则无法在本次招募中使用。<br>・对于已经加入的成员，在第二次及以后加入时，会根据稀有度获得应援棒。<br> R级成员：20个<br> SR级成员：50个<br> UR级成员：500个<br>・获得的招募积分将在招募结束后自动转换为1本“技能书（中）”。
mst.lottery_caution.3110011._cautionText,请确认“登场成员”的“登场概率”。<br>・在“穗乃果生日纪念招募～花瓣雨～”活动中，可能会出现重复的成员。<br>・登场概率已四舍五入到小数点后第五位。<br>因此，各个成员的登场概率之和与总体的登场概率显示值之间可能存在差异。<br>・由于显示的关系，登场概率的总和不一定是100%。<br>・“穗乃果生日纪念招募～花瓣雨～”活动是根据登场概率进行每次抽卡。<br>例如，提供概率为1%的成员，并非保证在100次中一定会加入一次。<br>・请在登场概率标签中确认登场概率。<br>・即使在执行“穗乃果生日纪念招募～花瓣雨～”活动后强制关闭或断开连接，导致无法正常显示招募结果画面，招募也会被正确执行。请确认成员列表和应援棒的数量。<br>・今后可能会再次出现本次招募中的成员。<br>・本次招募可能会重新开放。<br>・活动期间及内容可能会在没有事先通知的情况下进行更改。<br>・招募券可以通过屏幕右下角的“使用券进行招募”来使用。<br> 如果在“使用券进行招募”中未显示的券，则无法在本次招募中使用。<br>・对于已经加入的成员，在第二次及以后加入时，会根据稀有度获得应援棒。<br> R级成员：20个<br> SR级成员：50个<br> UR级成员：500个<br>・获得的招募积分将在招募结束后自动转换为1本“技能书（中）”。
mst.lottery_caution.3110012._cautionText,·登场偶像的概率请在“登场概率”处确认。<br>·“夏美生日纪念招募～和谐之星～”中，登场的偶像可能会重复。<br>·登场概率已四舍五入到小数点后第五位。<br>因此，各偶像的登场概率总和与整体登场概率的显示值可能存在差异。<br>·由于显示原因，登场概率的总和不一定是100%。<br>·“夏美生日纪念招募～和谐之星～”是根据登场概率进行单次抽卡。<br>例如，并非以提供概率为1%的成员在100次中必定加入一次。<br>·关于登场概率，请在登场概率标签处确认。<br>·即使在执行“夏美生日纪念招募～和谐之星～”后强制退出或断线，导致无法正常显示招募结果画面，招募也会正确进行。请确认偶像列表和应援棒的数量。<br>·本次招募中登场的偶像，今后可能会再次登场。<br>·本次招募可能会重新开放。<br>·活动期间及内容可能会在没有预先通知的情况下进行更改。<br>·招募券可以通过屏幕右下角的“使用券进行招募”来使用。<br> 在“使用券进行招募”中未显示的券，在本次招募中无法使用。<br>·已经加入的偶像，今后再次加入时，会根据稀有度获得应援棒。<br> R级偶像：20个<br> SR级偶像：50个<br> UR级偶像：500个<br>·获得的招募积分将在招募结束后自动转换为“技能书（中）”1本。
mst.lottery_caution.3110013._cautionText,请确认“登场成员”的“登场概率”。<br>・在“濑菜生日纪念招募～多彩英雄～”活动中，可能会出现重复的成员。<br>・登场概率已四舍五入到小数点后第五位。<br>因此，各个成员的登场概率之和与总体的登场概率显示值之间可能存在差异。<br>・由于显示的关系，登场概率的总和不一定是100%。<br>・“濑菜生日纪念招募～多彩英雄～”活动是根据登场概率进行每次抽卡。<br>例如，并非以提供概率为1%的成员在100次中必定加入一次。<br>・请在登场概率标签中确认登场概率。<br>・即使在执行“濑菜生日纪念招募～多彩英雄～”活动后强制退出或断开连接，导致无法正常显示招募结果画面，招募也会被正确执行。请确认成员列表和应援棒的数量。<br>・本次招募中登场的成员，今后可能会再次出现。<br>・本次招募可能会重新开放。<br>・活动期间及内容可能会在没有预先通知的情况下进行更改。<br>・招募券可以通过屏幕右下角的“使用券进行招募”来使用。<br> 如果在“使用券进行招募”中未显示的券，则无法在本次招募中使用。<br>・已经加入的成员在第二次加入时，会根据稀有度获得应援棒。<br> R级成员：20个<br> SR级成员：50个<br> UR级成员：500个<br>・获得的招募积分将在招募结束后自动转换为1本“技能书（中）”。
mst.lottery_caution.3110014._cautionText,请确认“登场成员”的“登场概率”。<br>・在“小鸟酱生日纪念招募～花之雨～”活动中，可能会出现重复的成员。<br>・登场概率已四舍五入到小数点后第五位。<br>因此，各个成员的登场概率总和与整体登场概率的显示值可能会有所差异。<br>・由于显示原因，登场概率的总和可能不会达到100%。<br>・“小鸟酱生日纪念招募～花之雨～”活动是根据登场概率进行每次抽卡。<br>例如，提供概率为1%的成员，并非保证在100次抽卡中一定会加入一次。<br>・请在登场概率标签中确认登场概率。<br>・即使在执行“小鸟酱生日纪念招募～花之雨～”活动后强制退出或断开连接，导致无法正常显示招募结果画面，招募也会被正确执行。请确认成员列表和应援棒的数量。<br>・本次招募中登场的成员，今后可能会再次出现。<br>・本次招募可能会重新开放。<br>・活动期间及内容可能会在没有事先通知的情况下进行更改。<br>・招募券可以通过屏幕右下角的“使用券进行招募”来使用。<br> 如果在“使用券进行招募”中未显示的券，则无法在本次招募中使用。<br>・对于已经加入的成员，在第二次及以后加入时，会根据稀有度获得应援棒。<br> R级成员：20个<br> SR级成员：50个<br> UR级成员：500个<br>・获得的招募积分将在招募结束后自动转换为1本“技能书（中）”。
mst.lottery_caution.3110015._cautionText,请确认“登场成员”的“登场概率”。<br>・在“梨子生日纪念招募～妖精之翼～”活动中，可能会出现重复的成员。<br>・登场概率已四舍五入到小数点后第五位。<br>因此，各个成员的登场概率总和与整体登场概率的显示值可能会有所差异。<br>・由于显示的关系，登场概率的总和可能不会达到100%。<br>・“梨子生日纪念招募～妖精之翼～”活动是根据登场概率进行单次抽卡。<br>例如，并非以提供概率为1%的成员在100次中必定加入一次。<br>・请在登场概率标签中确认登场概率。<br>・即使在执行“梨子生日纪念招募～妖精之翼～”活动后强制退出或断开连接，导致无法正常显示招募结果画面，招募也会被正确执行。请确认成员列表和应援棒的数量。<br>・今后可能会再次出现本次招募中的成员。<br>・本次招募可能会重新开放。<br>・活动期间及内容可能会在没有事先通知的情况下进行更改。<br>・招募券可以通过屏幕右下角的“使用券进行招募”来使用。<br> 如果在“使用券进行招募”中未显示的券，则无法在本次招募中使用。<br>・对于已经加入的成员，在第二次加入时，会根据稀有度获得应援棒。<br> R级成员：20个<br> SR级成员：50个<br> UR级成员：500个<br>・获得的招募积分将在招募结束后自动转换为1本“技能书（中）”。
mst.lottery_caution.3110016._cautionText,请确认“登场成员”的“登场概率”。<br>・在“露比生日纪念招募～妖精之翼～”活动中，可能会出现重复的成员。<br>・登场概率已四舍五入到小数点后第五位。<br>因此，各个成员的登场概率总和与整体登场概率的显示值之间可能存在差异。<br>・由于显示的关系，登场概率的总和不一定是100%。<br>・“露比生日纪念招募～妖精之翼～”是根据登场概率进行每次抽卡。<br>例如，提供概率为1%的成员，并非保证在100次中一定会加入一次。<br>・请在登场概率标签中确认登场概率。<br>・即使在执行“露比生日纪念招募～妖精之翼～”后强制退出或断开连接，导致无法正常显示招募结果画面，招募也会被正确执行。请确认成员列表和应援棒的数量。<br>・本次招募中登场的成员，今后可能会再次出现。<br>・本次招募可能会重新开放。<br>・活动期间及内容可能会在没有事先通知的情况下进行更改。<br>・招募券可以通过屏幕右下角的“使用券进行招募”来使用。<br> 在“使用券进行招募”中未显示的券，在本次招募中无法使用。<br>・已经加入的成员，今后再次加入时，会根据稀有度获得应援棒。<br> R级成员：20个<br> SR级成员：50个<br> UR级成员：500个<br>・获得的招募积分将在招募结束后自动转换为1本“技能书（中）”。
mst.lottery_caution.3110017._cautionText,请确认“登场成员”的“登场概率”。<br>・在“堇ちゃん生日纪念招募～和谐之星～”活动中，可能会出现重复的成员。<br>・登场概率已四舍五入到小数点后第五位。<br>因此，各个成员的登场概率总和与整体登场概率的显示值可能会有所差异。<br>・由于显示的关系，登场概率的总和可能不会达到100%。<br>・“堇ちゃん生日纪念招募～和谐之星～”活动是根据登场概率进行每次抽卡。<br>例如，提供概率为1%的成员，并非保证在100次中一定会加入一次。<br>・请在登场概率标签中确认登场概率。<br>・即使在执行“堇ちゃん生日纪念招募～和谐之星～”活动后强制退出或断开连接，导致无法正常显示招募结果画面，招募也会被正确执行。请确认成员列表和应援棒的数量。<br>・本次招募中登场的成员，今后可能会再次出现。<br>・本次招募可能会重新开放。<br>・活动期间及内容可能会在没有事先通知的情况下进行更改。<br>・招募券可以通过屏幕右下角的“使用券进行招募”来使用。<br> 在“使用券进行招募”中未显示的券，在本次招募中无法使用。<br>・已经加入的成员，今后再次加入时，会根据稀有度获得应援棒。<br> R级成员：20个<br> SR级成员：50个<br> UR级成员：500个<br>・获得的招募积分将在招募结束后自动转换为1本“技能书（中）”。
mst.lottery_caution.3110018._cautionText,请确认“登场成员”的“登场概率”。<br>・在“栞子生日纪念招募～多彩英雄～”活动中，可能会出现重复的成员。<br>・登场概率已四舍五入到小数点后第五位。<br>因此，各成员的登场概率之和与总体的登场概率显示值之间可能存在差异。<br>・由于显示的关系，登场概率的总和不一定是100%。<br>・“栞子生日纪念招募～多彩英雄～”活动是根据登场概率进行每次抽卡。<br>例如，并非以提供概率为1%的成员在100次中必定加入一次。<br>・请在登场概率标签中确认登场概率。<br>・即使在执行“栞子生日纪念招募～多彩英雄～”活动后强制退出或断开连接，导致无法正常显示招募结果画面，招募也会被正确执行。请确认成员列表和应援棒的数量。<br>・本次招募中登场的成员，今后可能会再次出现。<br>・本次招募可能会重新开放。<br>・活动期间及内容可能会在没有预先通知的情况下进行更改。<br>・招募券可以通过屏幕右下角的“使用券进行招募”来使用。<br> 如果在“使用券进行招募”中未显示的券，则无法在本次招募中使用。<br>・对于已经加入的成员，在第二次及以后加入时，会根据稀有度获得应援棒。<br> R级成员：20个<br> SR级成员：50个<br> UR级成员：500个<br>・获得的招募积分将在招募结束后自动转换为1本“技能书（中）”。
mst.lottery_caution.3110019._cautionText,请确认“登场成员”的“登场概率”。<br>・在“绘里生日纪念招募～花之雨～”活动中，可能会出现重复的成员。<br>・登场概率已四舍五入到小数点后第五位。<br>因此，各个成员的登场概率总和与整体登场概率的显示值可能会有所差异。<br>・由于显示的关系，登场概率的总和可能不会达到100%。<br>・“绘里生日纪念招募～花之雨～”活动是根据登场概率进行单次抽卡。<br>例如，提供概率为1%的成员，并非保证在100次中一定会加入。<br>・请在登场概率标签中确认登场概率。<br>・即使在执行“绘里生日纪念招募～花之雨～”活动后强制退出或断开连接，导致无法正常显示招募结果画面，招募也会被正确执行。请确认成员列表和应援棒的数量。<br>・本次招募中登场的成员，今后可能会再次出现。<br>・本次招募可能会重新开放。<br>・活动期间及内容可能会在没有事先通知的情况下进行更改。<br>・招募券可以通过屏幕右下角的“使用招募券”来使用。<br> 如果在“使用招募券”中未显示的招募券，则无法在本次招募中使用。<br>・对于已经加入的成员，在第二次及以后加入时，会根据稀有度获得应援棒。<br> R级成员：20个<br> SR级成员：50个<br> UR级成员：500个<br>・获得的招募积分将在招募结束后自动转换为1本“技能书（中）”。
mst.lottery_caution.3110020._cautionText,请确认“登场成员”的“登场概率”。<br>・在“美酱生日纪念招募～和谐之星～”活动中，可能会出现重复的成员。<br>・登场概率已四舍五入到小数点后第五位。<br>因此，各个成员的登场概率总和与整体登场概率的显示值可能会有所差异。<br>・由于显示的关系，登场概率的总和可能不会达到100%。<br>・“美酱生日纪念招募～和谐之星～”活动是根据登场概率进行每次抽卡。<br>例如，提供概率为1%的成员，并非保证在100次抽卡中一定会加入一次。<br>・请在登场概率标签中确认登场概率。<br>・即使在执行“美酱生日纪念招募～和谐之星～”活动后强制退出或断开连接，导致无法正常显示招募结果画面，招募也会被正确执行。请确认成员列表和应援棒的数量。<br>・本次招募中登场的成员，今后可能会再次出现。<br>・本次招募可能会重新开放。<br>・活动期间及内容可能会在没有事先通知的情况下进行更改。<br>・招募券可以通过屏幕右下角的“使用券进行招募”来使用。<br> 如果在“使用券进行招募”中未显示的券，则无法在本次招募中使用。<br>・已经加入的成员，在第二次加入时，会根据稀有度获得应援棒。<br> R级成员：20个<br> SR级成员：50个<br> UR级成员：500个<br>・获得的招募积分将在招募结束后自动转换为1本“技能书（中）”。
mst.lottery_caution.3110021._cautionText,请确认“登场成员”的“登场概率”。<br>・在“凛酱生日纪念招募～花之雨～”活动中，可能会出现重复的成员。<br>・登场概率已四舍五入到小数点后第五位。<br>因此，各个成员的登场概率总和与整体登场概率的显示值可能会有所差异。<br>・由于显示的关系，登场概率的总和可能不会达到100%。<br>・“凛酱生日纪念招募～花之雨～”活动是根据登场概率进行每次抽卡。<br>例如，提供概率为1%的成员，并非保证在100次中一定会加入一次。<br>・请在“登场概率”标签页确认登场概率。<br>・即使在执行“凛酱生日纪念招募～花之雨～”活动后强制退出或断开连接，导致无法正常显示招募结果画面，招募也会被正确执行。请确认成员列表和应援棒的数量。<br>・本次招募中登场的成员，今后可能会再次出现。<br>・本次招募可能会重新开放。<br>・活动期间及内容可能会在没有预先通知的情况下进行更改。<br>・招募券可以通过屏幕右下角的“使用招募券”来使用。<br> 如果在“使用招募券”中未显示的招募券，则无法在本次招募中使用。<br>・对于已经加入的成员，在第二次及以后加入时，会根据稀有度获得应援棒。<br> R级成员：20个<br> SR级成员：50个<br> UR级成员：500个<br>・获得的招募积分将在招募结束后自动转换为1本“技能书（中）”。
mst.lottery_caution.3110022._cautionText,请确认“登场成员”的“登场概率”。<br>・在“璃奈生日纪念招募～彩色英雄～”活动中，可能会出现重复的成员。<br>・登场概率已四舍五入到小数点后第五位。<br>因此，各个成员的登场概率之和与总体的登场概率显示值之间可能存在差异。<br>・由于显示的关系，登场概率的总和不一定是100%。<br>・“璃奈生日纪念招募～彩色英雄～”活动是根据登场概率进行单次抽卡。<br>例如，并非以提供概率为1%的成员在100次中必定加入一次。<br>・请在登场概率标签中确认登场概率。<br>・即使在执行“璃奈生日纪念招募～彩色英雄～”活动后强制退出或断开连接，导致无法正常显示招募结果画面，招募也会被正确执行。请确认成员列表和应援棒的数量。<br>・今后可能会再次出现本次招募中的成员。<br>・本次招募可能会重新开放。<br>・活动期间及内容可能会在没有事先通知的情况下进行更改。<br>・招募券可以通过屏幕右下角的“使用券进行招募”来使用。<br> 如果在“使用券进行招募”中未显示的券，则无法在本次招募中使用。<br>・对于已经加入的成员，在第二次加入时，会根据稀有度获得应援棒。<br> R级成员：20个<br> SR级成员：50个<br> UR级成员：500个<br>・获得的招募积分将在招募结束后自动转换为1本“技能书（中）”。
mst.lottery_caution.3110023._cautionText,·登场成员的概率请在“登场概率”处确认。<br>·“恋酱生日纪念招募～和谐之星～”中，登场的偶像可能会重复。<br>·登场概率已四舍五入到小数点后第五位。<br>因此，各个成员的登场概率总和与整体登场概率的显示值可能会有所差异。<br>·由于显示原因，登场概率的总和可能不会达到100%。<br>·“恋酱生日纪念招募～和谐之星～”将根据登场概率进行每次抽卡。<br>例如，提供概率为1%的成员，并非保证在100次中一定会加入一次。<br>·关于登场概率，请在登场概率标签处确认。<br>·即使在执行“恋酱生日纪念招募～和谐之星～”后强制关闭或断开连接，导致无法正常显示招募结果画面，招募也会正确进行。请确认偶像列表和应援棒的数量。<br>·本次招募中登场的偶像，今后可能会再次出现。<br>·本次招募可能会重新开放。<br>·活动期间及内容可能会在没有预先通知的情况下进行更改。<br>·招募券可以通过屏幕右下角的“使用券进行招募”来使用。<br> 在“使用券进行招募”中未显示的券，在本次招募中无法使用。<br>·已经加入的偶像，今后再次加入时，会根据稀有度获得应援棒。<br> R级偶像：20个<br> SR级偶像：50个<br> UR级偶像：500个<br>·获得的招募积分将在招募结束后自动转换为“技能书（中）”1本。
mst.lottery_caution.3110024._cautionText,·登场成员的概率请在“登场概率”处确认。<br>·“米娅生日纪念招募～彩色女主角们～”中，登场的偶像可能会重复。<br>·登场概率已四舍五入到小数点后第五位。<br>因此，各个成员的登场概率之和与总体的登场概率显示值可能会有差异。<br>·由于显示的关系，登场概率的总和可能不会达到100%。<br>·“米娅生日纪念招募～彩色女主角们～”是根据登场概率，每次进行抽卡。<br>例如，提供概率为1%的成员，并非保证在100次中一定会加入。<br>·关于登场概率，请在登场概率标签处确认。<br>·即使在执行“米娅生日纪念招募～彩色女主角们～”后强制结束或断线，导致无法正常显示招募结果画面，招募也会正确进行。请确认偶像列表和应援棒的数量。<br>·本次招募中登场的偶像，今后可能会再次登场。<br>·本次招募可能会重新发售。<br>·举办期间及内容可能会在没有预先通知的情况下进行更改。<br>·招募券可以通过屏幕右下角的“使用券进行招募”来使用。<br> 在“使用券进行招募”中未显示的券，在本次招募中无法使用。<br>·已经加入的偶像，今后再次加入时，会根据稀有度获得应援棒。<br> R级偶像：20个<br> SR级偶像：50个<br> UR级偶像：500个<br>·获得的招募积分将在招募结束后自动转换为“技能书（中）”1本。
mst.lottery_caution.3110025._cautionText,请确认“登场成员”的“登场概率”。<br>・在“彼方生日纪念招募～彩色女主角们～”中，可能会出现重复的成员。<br>・登场概率已四舍五入到小数点后第五位。<br>因此，各个成员的登场概率之和与总体的登场概率显示值之间可能存在差异。<br>・由于显示的关系，登场概率的总和不一定是100%。<br>・“彼方生日纪念招募～彩色女主角们～”是根据登场概率进行每次抽卡。<br>例如，并非以提供概率为1%的成员在100次中必定加入一次。<br>・请在登场概率标签中确认登场概率。<br>・即使在执行“彼方生日纪念招募～彩色女主角们～”后强制退出或断线，导致无法正常显示招募结果画面，招募也会被正确执行。请确认成员列表和应援棒的数量。<br>・今后可能会再次出现本次招募中的成员。<br>・本次招募可能会重新开放。<br>・活动期间及内容可能会在没有事先通知的情况下进行更改。<br>・招募券可以通过屏幕右下角的“使用券进行招募”来使用。<br> 如果在“使用券进行招募”中未显示的券，则无法在本次招募中使用。<br>・对于已经加入的成员，在第二次加入时，会根据稀有度获得应援棒。<br> R级成员：20个<br> SR级成员：50个<br> UR级成员：500个<br>・获得的招募积分将在招募结束后自动转换为1本“技能书（中）”。
mst.lottery_caution.3110026._cautionText,请确认“登场成员”的“登场概率”。<br>・在“冬毬生日纪念招募～和谐之星～”活动中，可能会出现重复的成员。<br>・登场概率已四舍五入到小数点后第五位。<br>因此，各个成员的登场概率总和与整体登场概率的显示值可能会有所差异。<br>・由于显示的关系，登场概率的总和可能不会达到100%。<br>・“冬毬生日纪念招募～和谐之星～”活动是根据登场概率进行单次抽卡。<br>例如，提供概率为1%的成员，并非保证在100次中一定会加入一次。<br>・请在登场概率标签中确认登场概率。<br>・即使在执行“冬毬生日纪念招募～和谐之星～”活动后强制退出或断开连接，导致无法正常显示招募结果画面，招募也会被正确执行。请确认成员列表和应援棒的数量。<br>・本次招募中登场的成员，今后可能会再次出现。<br>・本次招募可能会重新开放。<br>・活动期间及内容可能会在没有事先通知的情况下进行更改。<br>・招募券可以通过屏幕右下角的“使用招募券”来使用。<br> 如果在“使用招募券”中未显示的招募券，则无法在本次招募中使用。<br>・对于已经加入的成员，在第二次及以后加入时，会根据稀有度获得应援棒。<br> R级成员：20个<br> SR级成员：50个<br> UR级成员：500个<br>・获得的招募积分将在招募结束后自动转换为1本“技能书（中）”。
mst.lottery_caution.3110027._cautionText,请确认“登场成员”的“登场概率”。<br>・在“黛雅生日纪念招募～仙女之翼～”活动中，可能会出现重复的成员。<br>・登场概率已四舍五入到小数点后第五位。<br>因此，各个成员的登场概率总和与整体登场概率的显示值可能会有所差异。<br>・由于显示原因，登场概率的总和可能不会达到100%。<br>・“黛雅生日纪念招募～仙女之翼～”活动是根据登场概率进行单次抽卡。<br>例如，提供概率为1%的成员，并非保证在100次中一定会加入。<br>・请在登场概率标签中确认登场概率。<br>・即使在执行“黛雅生日纪念招募～仙女之翼～”活动后强制退出或断开连接，导致无法正常显示招募结果画面，招募也会被正确执行。请确认成员列表和应援棒的数量。<br>・本次招募中登场的成员，今后可能会再次出现。<br>・本次招募可能会重新开放。<br>・活动期间及内容可能会在没有事先通知的情况下进行更改。<br>・招募券可以通过屏幕右下角的“使用券进行招募”来使用。<br> 如果在“使用券进行招募”中未显示的券，则无法在本次招募中使用。<br>・对于已经加入的成员，在第二次及以后加入时，会根据稀有度获得应援棒。<br> R级成员：20个<br> SR级成员：50个<br> UR级成员：500个<br>・获得的招募积分将在招募结束后自动转换为1本“技能书（中）”。
mst.lottery_caution.3110028._cautionText,请确认“登场成员”的“登场概率”。<br>・在“花阳生日纪念招募～花之雨～”活动中，可能会出现重复的成员。<br>・登场概率已四舍五入到小数点后第五位。<br>因此，各个成员的登场概率总和与整体登场概率的显示值可能会有所差异。<br>・由于显示的关系，登场概率的总和可能不会达到100%。<br>・“花阳生日纪念招募～花之雨～”活动是根据登场概率进行每次抽卡。<br>例如，提供概率为1%的成员，并非保证在100次中一定会加入一次。<br>・请在登场概率标签中确认登场概率。<br>・即使在执行“花阳生日纪念招募～花之雨～”活动后强制退出或断开连接，导致无法正常显示招募结果画面，招募也会被正确执行。请确认成员列表和应援棒的数量。<br>・本次招募中登场的成员，今后可能会再次出现。<br>・本次招募可能会重新开放。<br>・活动期间及内容可能会在没有事先通知的情况下进行更改。<br>・招募券可以通过屏幕右下角的“使用招募券”来使用。<br> 如果在“使用招募券”中未显示的招募券，则无法在本次招募中使用。<br>・对于已经加入的成员，在第二次及以后加入时，会根据稀有度获得应援棒。<br> R级成员：20个<br> SR级成员：50个<br> UR级成员：500个<br>・获得的招募积分将在招募结束后自动转换为1本“技能书（中）”。
mst.lottery_caution.3110029._cautionText,请确认“登场成员”的“登场概率”。<br>・在“玛格丽特生日纪念招募～和谐之星～”活动中，可能会出现重复的成员。<br>・登场概率已四舍五入到小数点后第五位。<br>因此，各个成员的登场概率总和与整体登场概率的显示值可能会有所差异。<br>・由于显示的关系，登场概率的总和可能不会达到100%。<br>・“玛格丽特生日纪念招募～和谐之星～”活动是根据登场概率进行每次抽卡。<br>例如，提供概率为1%的成员，并非保证在100次中一定会加入一次。<br>・请在登场概率标签中确认登场概率。<br>・即使在执行“玛格丽特生日纪念招募～和谐之星～”活动后强制退出或断开连接，导致无法正常显示招募结果画面，招募也会被正确执行。请确认成员列表和应援棒的数量。<br>・本次招募中登场的成员，今后可能会再次出现。<br>・本次招募可能会重新开放。<br>・活动期间及内容可能会在没有事先通知的情况下进行更改。<br>・招募券可以通过屏幕右下角的“使用券进行招募”来使用。<br> 如果在“使用券进行招募”中未显示的券，则无法在本次招募中使用。<br>・对于已经加入的成员，在第二次及以后加入时，会根据稀有度获得应援棒。<br> R级成员：20个<br> SR级成员：50个<br> UR级成员：500个<br>・获得的招募积分将在招募结束后自动转换为1本“技能书（中）”。
mst.lottery_caution.3110030._cautionText,请确认“登场成员”的“登场概率”。<br>・在“かすみちゃんお誕生日記念勧誘～カラフルヒロインズ～”活动中，可能会出现重复的偶像。<br>・登场概率已四舍五入到小数点后第五位。<br>因此，各个偶像的登场概率之和与总体的登场概率显示值之间可能存在差异。<br>・由于显示的关系，登场概率的总和不一定是100%。<br>・“かすみちゃんお誕生日記念勧誘～カラフルヒロインズ～”活动是根据登场概率进行每次抽卡。<br>例如，提供概率为1%的成员，并非保证在100次中一定会加入一次。<br>・请在“登场概率”标签页确认登场概率。<br>・即使在执行“かすみちゃんお誕生日記念勧誘～カラフルヒロインズ～”活动后强制退出或断开连接，导致无法正常显示抽卡结果画面，抽卡也会被正确执行。请确认偶像列表和应援棒的数量。<br>・本次招募中登场的偶像，今后可能会再次出现。<br>・本次招募可能会重新开放。<br>・活动期间及内容可能会在没有预先通知的情况下进行更改。<br>・招募券可以通过屏幕右下角的“使用券进行招募”来使用。<br> 如果在“使用券进行招募”中未显示的券，则无法在本次招募中使用。<br>・对于已经加入的偶像，在第二次及以后加入时，会根据稀有度获得应援棒。<br> R级偶像：20个<br> SR级偶像：50个<br> UR级偶像：500个<br>・获得的招募积分将在招募结束后自动转换为1本“技能书（中）”。
mst.lottery_caution.3110031._cautionText,请确认“登场成员”的“登场概率”。<br>・在“艾玛生日纪念招募～彩色女主角们～”活动中，可能会出现重复的成员。<br>・登场概率已四舍五入到小数点后第五位。<br>因此，各个成员的登场概率之和与总体的登场概率显示值之间可能会存在差异。<br>・由于显示的关系，登场概率的总和可能不会达到100%。<br>・“艾玛生日纪念招募～彩色女主角们～”活动是根据登场概率进行每次抽卡。<br>例如，并非以提供概率为1%的成员在100次中必定加入一次。<br>・请在登场概率标签中确认登场概率。<br>・即使在执行“艾玛生日纪念招募～彩色女主角们～”活动后强制退出或断开连接，导致无法正常显示招募结果画面，招募也会被正确执行。请确认成员列表和应援棒的数量。<br>・本次招募中登场的成员，今后可能会再次出现。<br>・本次招募可能会重新开放。<br>・活动期间及内容可能会在没有事先通知的情况下进行更改。<br>・招募券可以通过屏幕右下角的“使用券进行招募”来使用。<br> 在“使用券进行招募”中未显示的券，在本次招募中无法使用。<br>・对于已经加入的成员，今后再次加入时，会根据稀有度获得应援棒。<br> R级成员：20个<br> SR级成员：50个<br> UR级成员：500个<br>・获得的招募积分将在招募结束后自动转换为1本“技能书（中）”。
mst.lottery_caution.3110032._cautionText,请确认“登场成员”的“登场概率”。<br>・在“果南生日纪念招募～仙女之翼～”活动中，可能会出现重复的成员。<br>・登场概率已四舍五入到小数点后第五位。<br>因此，各个成员的登场概率总和与整体登场概率的显示值可能会有所差异。<br>・由于显示的关系，登场概率的总和可能不会达到100%。<br>・“果南生日纪念招募～仙女之翼～”活动是根据登场概率进行单次抽卡。<br>例如，提供概率为1%的成员，并非保证在100次中一定会加入。<br>・请在登场概率标签中确认登场概率。<br>・即使在执行“果南生日纪念招募～仙女之翼～”活动后强制退出或断开连接，导致无法正常显示招募结果画面，招募也会被正确执行。请确认成员列表和应援棒的数量。<br>・本次招募中登场的偶像今后可能会再次出现。<br>・本次招募可能会重新开放。<br>・活动期间及内容可能会在没有事先通知的情况下进行更改。<br>・招募券可以通过屏幕右下角的“使用券进行招募”来使用。<br> 如果在“使用券进行招募”中未显示的券，则无法在本次招募中使用。<br>・对于已经加入的偶像，在第二次加入时，会根据稀有度获得应援棒。<br> R级偶像：20个<br> SR级偶像：50个<br> UR级偶像：500个<br>・获得的招募积分将在招募结束后自动转换为1本“技能书（中）”。
mst.lottery_caution.3110033._cautionText,请确认“登场成员”的“登场概率”。<br>・在“岚珠生日纪念招募～彩色英雄们～”活动中，可能会出现重复的成员。<br>・登场概率已四舍五入到小数点后第五位。<br>因此，各个成员的登场概率之和与总体的登场概率显示值之间可能存在差异。<br>・由于显示的关系，登场概率的总和不一定是100%。<br>・“岚珠生日纪念招募～彩色英雄们～”活动是根据登场概率进行每次抽卡。<br>例如，提供概率为1%的成员，并非保证在100次中一定会加入一次。<br>・请在登场概率标签中确认登场概率。<br>・即使在执行“岚珠生日纪念招募～彩色英雄们～”活动后强制退出或断线，导致无法正常显示招募结果画面，招募也会被正确执行。请确认成员列表和应援棒的数量。<br>・本次招募中登场的成员，今后可能会再次出现。<br>・本次招募可能会重新开放。<br>・活动期间及内容可能会在没有预先通知的情况下进行更改。<br>・招募券可以通过屏幕右下角的“使用券进行招募”来使用。<br> 如果在“使用券进行招募”中未显示的券，则无法在本次招募中使用。<br>・已经加入的成员，在第二次加入时，会根据稀有度获得应援棒。<br> R级成员：20个<br> SR级成员：50个<br> UR级成员：500个<br>・获得的招募积分将在招募结束后自动转换为1本“技能书（中）”。
mst.lottery_caution.3110034._cautionText,请确认“登场成员”的“出现概率”。<br>・在“千砂都生日纪念招募～和谐之星～”活动中，可能会重复出现相同的偶像。<br>・出现概率已四舍五入到小数点后第五位。<br>因此，各成员的出现概率总和与整体出现概率的显示值可能存在差异。<br>・由于显示原因，出现概率的总和不一定是100%。<br>・“千砂都生日纪念招募～和谐之星～”活动是根据出现概率进行单次抽卡。<br>例如，提供概率为1%的成员，并非保证在100次招募中一定会获得。<br>・请在出现概率标签页确认详细信息。<br>・即使在执行“千砂都生日纪念招募～和谐之星～”活动后强制退出或断线，导致无法正常显示招募结果画面，招募也会被正确执行。请确认偶像列表和应援棒的数量。<br>・本次招募中出现的偶像，今后可能会再次出现。<br>・本次招募可能会重新开放。<br>・活动期间及内容可能会在没有事先通知的情况下进行更改。<br>・招募券可以通过屏幕右下角的“使用招募券”按钮来使用。<br> 如果在“使用招募券”中未显示的招募券，则无法在本次招募中使用。<br>・对于已经加入的偶像，在第二次加入时，会根据稀有度获得应援棒。<br> R级偶像：20个<br> SR级偶像：50个<br> UR级偶像：500个<br>・获得的招募积分将在招募结束后自动转换为1本“技能书（中）”。
mst.lottery_caution.3110035._cautionText,请确认“登场成员”的“出现概率”。<br>・在“小梦生日纪念招募～多彩英雄～”活动中，可能会重复出现相同的偶像。<br>・出现概率已四舍五入到小数点后第五位。<br>因此，各个偶像的出现概率之和与总体的出现概率显示值之间可能存在差异。<br>・由于显示原因，出现概率的总和不一定是100%。<br>・“小梦生日纪念招募～多彩英雄～”活动是根据出现概率进行每次抽卡。<br>例如，提供概率为1%的成员，并非保证在100次招募中一定会加入一次。<br>・请在出现概率标签页确认详细信息。<br>・如果在执行“小梦生日纪念招募～多彩英雄～”活动后强制退出或断线，导致无法正常显示招募结果画面，但实际上招募已经正确进行。请确认偶像列表和应援棒的数量。<br>・本次招募中出现的偶像，今后可能会再次出现。<br>・本次招募可能会重新开放。<br>・活动期间及内容可能随时更改，恕不另行通知。<br>・招募券可以通过屏幕右下角的“使用券进行招募”来使用。<br>在“使用券进行招募”中未显示的券，在本次招募中无法使用。<br>・对于已经加入的偶像，今后再次加入时，会根据稀有度获得应援棒。<br>R级偶像：20个<br>SR级偶像：50个<br>UR级偶像：500个<br>・获得的招募积分将在招募结束后自动转换为1本“技能书（中）”。
mst.lottery_caution.3110036._cautionText,请确认“登场成员”的“登场概率”。<br>・在“花丸生日纪念招募～仙女之翼～”中，可能会出现重复的成员。<br>・登场概率已四舍五入到小数点后第五位。<br>因此，各个成员的登场概率总和与整体登场概率的显示值可能会有所差异。<br>・由于显示的关系，登场概率的总和可能不会达到100%。<br>・“花丸生日纪念招募～仙女之翼～”将根据登场概率进行每次抽卡。<br>例如，提供概率为1%的成员并不意味着在100次抽卡中一定会获得一次。<br>・请在登场概率标签中确认登场概率。<br>・即使在执行“花丸生日纪念招募～仙女之翼～”后强制关闭或断开连接，导致无法正常显示招募结果画面，招募也会被正确执行。请确认成员列表和应援棒的数量。<br>・本次招募中登场的偶像今后可能会再次出现。<br>・本次招募可能会重新开放。<br>・活动期间及内容可能会在没有事先通知的情况下进行更改。<br>・招募券可以通过屏幕右下角的“使用券进行招募”来使用。<br> 如果在“使用券进行招募”中未显示的券，则无法在此次招募中使用。<br>・对于已经加入的偶像，在第二次加入时，会根据稀有度获得应援棒。<br> R级偶像：20个<br> SR级偶像：50个<br> UR级偶像：500个<br>・获得的招募积分将在招募结束后自动转换为1本“技能书（中）”。
mst.lottery_caution.3110037._cautionText,请确认“登场成员”的“登场概率”。<br>・在“海未生日纪念招募～花束雨～”中，可能会出现重复的成员。<br>・登场概率已四舍五入到小数点后第五位。<br>因此，各个成员的登场概率之和与总体的登场概率显示值之间可能存在差异。<br>・由于显示的关系，登场概率的总和不一定是100%。<br>・“海未生日纪念招募～花束雨～”是根据登场概率进行单次抽卡。<br>例如，提供概率为1%的成员，并非保证在100次中一定会加入一次。<br>・请在“登场概率”标签页中确认登场概率。<br>・即使在执行“海未生日纪念招募～花束雨～”后强制退出或断线，导致无法正常显示招募结果画面，招募也会被正确执行。请确认成员列表和应援棒的数量。<br>・本次招募中登场的成员，今后可能会再次出现。<br>・本次招募可能会重新开放。<br>・活动期间及内容可能会在没有预先通知的情况下进行更改。<br>・招募券可以通过屏幕右下角的“使用券进行招募”来使用。<br> 如果在“使用券进行招募”中未显示的券，则无法在本次招募中使用。<br>・对于已经加入的成员，在第二次及以后加入时，会根据稀有度获得应援棒。<br> R级成员：20个<br> SR级成员：50个<br> UR级成员：500个<br>・获得的招募积分将在招募结束后自动转换为1本“技能书（中）”。
mst.lottery_caution.4110001._cautionText,请确认“登场成员”的“出现概率”。<br>・在“Smile限定！特别招募”活动中，可能会重复出现相同的偶像。<br>・出现概率已四舍五入到小数点后第五位。<br>因此，各个偶像的出现概率之和与总体的出现概率显示值之间可能存在差异。<br>・由于显示的关系，出现概率的总和不一定是100%。<br>・“Smile限定！特别招募”活动是根据出现概率，每次进行抽卡。<br>例如，提供概率为1%的成员，并非保证在100次中一定会加入一次。<br>・请在“出现概率”标签页中确认出现概率。<br>・如果在执行“Smile限定！特别招募”活动后强制退出或断线，导致无法正常显示招募结果画面，但招募仍然会正确进行。请确认偶像列表和获得的应援棒数量。<br>・本次招募中出现的偶像，今后可能会再次出现。<br>・本次招募可能会重新开放。<br>・活动期间及内容可能会在没有事先通知的情况下进行更改。<br>・招募券可以通过屏幕右下角的“使用券进行招募”来使用。<br> 如果在“使用券进行招募”中未显示的券，则无法在本次招募中使用。<br>・对于已经加入的偶像，在第二次加入时，会根据稀有度获得应援棒。<br> R级偶像：20个<br> SR级偶像：50个<br> UR级偶像：500个<br>・获得的招募积分将在招募结束后自动转换为1本“技能书（中）”。
mst.lottery_caution.4110002._cautionText,请确认“登场成员”的“出现概率”。<br>・在“Pure限定！特别招募”活动中，可能会重复出现相同的偶像。<br>・出现概率已四舍五入到小数点后第五位。<br>因此，各个偶像的出现概率之和与总体的出现概率显示值之间可能存在差异。<br>・由于显示的关系，出现概率的总和不一定是100%。<br>・“Pure限定！特别招募”活动是根据出现概率进行单次抽卡。<br>例如，提供概率为1%的成员，并非保证在100次中一定会加入一次。<br>・请在“出现概率”标签页中确认详细信息。<br>・即使在执行“Pure限定！特别招募”活动后强制关闭或断开连接，导致无法正常显示招募结果画面，招募也会被正确执行。请确认偶像列表和获得的应援棒数量。<br>・本次招募中出现的偶像，今后可能会再次出现。<br>・本次招募可能会重新开放。<br>・活动期间及内容可能会在没有事先通知的情况下进行更改。<br>・招募券可以通过屏幕右下角的“使用券进行招募”来使用。<br> 如果在“使用券进行招募”中未显示的券，则无法在本次招募中使用。<br>・对于已经加入的偶像，在第二次及之后加入时，会根据稀有度获得应援棒。<br> R级偶像：20个<br> SR级偶像：50个<br> UR级偶像：500个<br>・获得的招募积分将在招募结束后自动转换为1本“技能书（中）”。
mst.lottery_caution.4110003._cautionText,·登场偶像的概率请在“登场概率”处确认。<br>·“Cool限定！特别招募”中，登场的偶像可能会重复。<br>·登场概率已四舍五入到小数点后第五位。<br>因此，各偶像的登场概率之和与整体登场概率的显示值可能存在差异。<br>·由于显示原因，登场概率的总和不一定是100%。<br>·“Cool限定！特别招募”会根据登场概率进行每次抽卡。<br>例如，并非以提供概率为1%的成员在100次中必定加入一次。<br>·关于登场概率，请在登场概率标签处确认。<br>·即使在执行“Cool限定！特别招募”后强制退出或断开连接，导致无法正常显示招募结果画面，招募也会正确进行。请确认偶像列表和获得的应援棒数量。<br>·本次招募中登场的偶像，今后可能会再次登场。<br>·本次招募可能会重新开放。<br>·活动期间及内容可能会在没有预先通知的情况下进行更改。<br>·招募券可以通过屏幕右下角的“使用券进行招募”来使用。<br> 在“使用券进行招募”中未显示的券，在本次招募中无法使用。<br>·已经加入的偶像，今后再次加入时，会根据稀有度获得应援棒。<br> R级偶像：20个<br> SR级偶像：50个<br> UR级偶像：500个<br>·获得的招募积分将在招募结束后自动转换为“技能书（中）”1本。
mst.lottery_caution.4110004._cautionText,・登场偶像的概率请在“登场概率”处确认。<br>・“スクフェス系列感谢祭2023纪念 UR确定招募”中，登场的成员可能会重复。<br>・登场概率已四舍五入到小数点后第五位。<br>因此，各成员的登场概率之和与整体登场概率的显示值可能存在差异。<br>・由于显示的关系，登场概率的总和不一定是100%。<br>・“スクフェス系列感谢祭2023纪念 UR确定招募”会根据登场概率进行每次抽卡。<br>例如，提供概率为1%的成员，并非保证在100次中一定会加入一次。<br>・关于登场概率，请在登场概率标签处确认。<br>・即使在执行“スクフェス系列感谢祭2023纪念 UR确定招募”后强制关闭或断线，导致无法正常显示招募结果画面，招募也会被正确执行。请确认成员列表和应援棒的数量。<br>・本次招募中登场的成员，今后可能会再次登场。<br>・本次招募可能会重新开放。<br>・活动期间及内容可能会在没有预先通知的情况下进行更改。<br>・招募券可以通过屏幕右下角的“使用券进行招募”来使用。<br> 在“使用券进行招募”中未显示的券，本次招募中无法使用。<br>・已经加入的成员，今后再次加入时，会根据稀有度获得应援棒。<br> R成员：20个<br> SR成员：50个<br> UR成员：500个
mst.lottery_caution.4110005._cautionText,请确认“登场概率”以了解将要出现的偶像。<br>・在“Love Song Carnival纪念招募～步梦篇～”中，可能会出现重复的偶像。<br>・登场概率已四舍五入到小数点后第五位。<br>因此，各个偶像的登场概率之和与总体的登场概率显示值之间可能存在差异。<br>・由于显示的关系，登场概率的总和可能不会达到100%。<br>・“Love Song Carnival纪念招募～步梦篇～”将根据登场概率进行每次抽卡。<br>例如，提供概率为1%的成员并不意味着在100次中一定会加入一次。<br>・请在登场概率标签中确认登场概率。<br>・即使在执行“Love Song Carnival纪念招募～步梦篇～”后强制退出或断开连接，导致无法正常显示招募结果画面，招募也会被正确执行。请确认偶像列表和应援棒的数量。<br>・本次招募中出现的偶像可能会在未来再次出现。<br>・本次招募可能会重新开放。<br>・活动期间和内容可能会在没有事先通知的情况下进行更改。<br>・您可以使用屏幕右下角的“使用卡券进行招募”功能来使用招募票。<br>不在“使用卡券进行招募”中显示的卡券，在本次招募中将无法使用。<br>・对于已经加入的偶像，在第二次及以后加入时，您可以根据稀有度获得应援棒。<br>R级偶像：20个<br>SR级偶像：50个<br>UR级偶像：500个
mst.lottery_caution.4110006._cautionText,请确认“登场概率”以了解将要出现的成员。<br>・在“Love Song Carnival纪念招募～香澄篇～”中，可能会出现重复的成员。<br>・登场概率已四舍五入到小数点后第五位。<br>因此，各个成员的登场概率之和与整体登场概率的显示值之间可能存在差异。<br>・由于显示的关系，登场概率的总和可能不会达到100%。<br>・“Love Song Carnival纪念招募～香澄篇～”将根据登场概率进行每次抽卡。<br>例如，提供概率为1%的成员并不意味着在100次中一定会加入一次。<br>・请在登场概率标签中确认登场概率。<br>・即使在执行“Love Song Carnival纪念招募～香澄篇～”后强制关闭或断开连接，导致无法正常显示招募结果画面，招募也会被正确执行。请确认成员列表和获得的应援棒数量。<br>・本次招募中出现的成员可能会在未来再次出现。<br>・本次招募可能会重新开放。<br>・活动期间和内容可能会在没有事先通知的情况下进行更改。<br>・您可以使用屏幕右下角的“使用门票进行招募”功能来使用招募门票。<br> 如果在“使用门票进行招募”中未显示的门票，则无法在此次招募中使用。<br>・对于已经加入的成员，在第二次及以后加入时，您可以根据稀有度获得应援棒。<br> R级成员：20个<br> SR级成员：50个<br> UR级成员：500个
mst.lottery_caution.4110007._cautionText,・登场偶像请查看“登场概率”。<br>・“Love Song Carnival纪念招募～雫篇～”中，登场的偶像可能会重复。<br>・登场概率已四舍五入到小数点后第五位。<br>因此，各偶像的登场概率之和与整体登场概率的显示值可能存在差异。<br>・由于显示原因，登场概率的总和不一定是100%。<br>・“Love Song Carnival纪念招募～雫篇～”将根据登场概率进行每次抽卡。<br>例如，提供概率为1%的成员并非保证在100次中至少加入一次。<br>・关于登场概率，请在登场概率标签页中查看。<br>・即使在执行“Love Song Carnival纪念招募～雫篇～”后强制退出或断开连接，导致无法正常显示招募结果画面，招募也会被正确执行。请确认偶像列表和应援棒的数量。<br>・本次招募中登场的偶像，今后可能会再次出现。<br>・本次招募可能会重新开放。<br>・活动期间及内容可能会在没有事先通知的情况下进行更改。<br>・招募券可以通过屏幕右下角的“使用券进行招募”来使用。<br> 在“使用券进行招募”中未显示的券，在本次招募中无法使用。<br>・已经加入的偶像，今后再次加入时，会根据稀有度获得应援棒。<br> R级偶像：20个<br> SR级偶像：50个<br> UR级偶像：500个
mst.lottery_caution.4110008._cautionText,・登场偶像的概率请在“登场概率”处确认。<br>・“Love Song Carnival纪念招募～果林篇～”中，登场的偶像可能会重复。<br>・登场概率已四舍五入到小数点后第五位。<br>因此，各偶像的登场概率之和与整体登场概率的显示值可能会存在差异。<br>・由于显示的关系，登场概率的总和可能不会达到100%。<br>・“Love Song Carnival纪念招募～果林篇～”将根据登场概率进行每次抽卡。<br>例如，提供概率为1%的成员，并非保证在100次中必有1次加入。<br>・关于登场概率，请在登场概率标签处确认。<br>・即使在执行“Love Song Carnival纪念招募～果林篇～”后强制退出或断线，导致无法正常显示招募结果画面，招募也会被正确执行。请确认偶像列表和应援棒的数量。<br>・本次招募中登场的偶像，今后可能会再次登场。<br>・本次招募可能会重新开放。<br>・活动期间及内容可能会在没有预先通知的情况下进行更改。<br>・招募券可以通过屏幕右下角的“使用券进行招募”来使用。<br> 在“使用券进行招募”中未显示的券，在本次招募中无法使用。<br>・已经加入的偶像，今后再次加入时，会根据稀有度获得应援棒。<br> R级偶像：20个<br> SR级偶像：50个<br> UR级偶像：500个
mst.lottery_caution.4110009._cautionText,・登场偶像的概率请在“登场概率”处确认。<br>・“Love Song Carnival纪念招募～爱篇～”中，登场的偶像可能会重复。<br>・登场概率已四舍五入到小数点后第五位。<br>因此，各偶像的登场概率之和与整体登场概率的显示值可能会有所差异。<br>・由于显示原因，登场概率的总和可能不会达到100%。<br>・“Love Song Carnival纪念招募～爱篇～”将根据登场概率进行每次抽卡。<br>例如，提供概率为1%的成员，并非保证在100次中必有1次加入。<br>・关于登场概率，请在登场概率标签处确认。<br>・即使在执行“Love Song Carnival纪念招募～爱篇～”后强制退出或断开连接，导致无法正常显示招募结果画面，招募也会被正确执行。请确认偶像列表和应援棒的数量。<br>・本次招募中登场的偶像，今后可能会再次出现。<br>・本次招募可能会重新开放。<br>・活动期间及内容可能会在没有事先通知的情况下进行更改。<br>・招募券可以通过屏幕右下角的“使用券进行招募”来使用。<br> 在“使用券进行招募”中未显示的券，在本次招募中将无法使用。<br>・已经加入的偶像，今后再次加入时，会根据稀有度获得应援棒。<br> R级偶像：20个<br> SR级偶像：50个<br> UR级偶像：500个
mst.lottery_caution.4110010._cautionText,・登场的成员请在“登场概率”处确认。<br>・“Love Song Carnival纪念招募～彼方篇～”中，登场的成员可能会重复。<br>・登场概率已四舍五入到小数点后第五位。<br>因此，各个成员的登场概率之和与整体登场概率的显示值可能会有所差异。<br>・由于显示的关系，登场概率的总和可能不会达到100%。<br>・“Love Song Carnival纪念招募～彼方篇～”将根据登场概率进行每次抽卡。<br>例如，提供概率为1%的成员，并非保证在100次中必有1次加入。<br>・关于登场概率，请在登场概率标签处确认。<br>・即使在执行“Love Song Carnival纪念招募～彼方篇～”后强制退出或断线，导致无法正常显示招募结果画面，招募也会被正确执行。请确认成员列表和应援棒的数量。<br>・本次招募中登场的成员，今后可能会再次出现。<br>・本次招募可能会重新开放。<br>・活动期间及内容可能会在没有预先通知的情况下进行更改。<br>・招募券可以通过屏幕右下角的“使用券进行招募”来使用。<br> 在“使用券进行招募”中未显示的券，在本次招募中将无法使用。<br>・已经加入的成员，今后再次加入时，会根据稀有度获得应援棒。<br> R成员：20个<br> SR成员：50个<br> UR成员：500个
mst.lottery_caution.4110011._cautionText,・登场偶像的概率请在“登场概率”处确认。<br>・“Love Song Carnival纪念招募～濑菜篇～”中，登场的偶像可能会重复。<br>・登场概率已四舍五入到小数点后第五位。<br>因此，各偶像的登场概率之和与整体登场概率的显示值可能会存在差异。<br>・由于显示原因，登场概率的总和可能不会达到100%。<br>・“Love Song Carnival纪念招募～濑菜篇～”将根据登场概率进行每次抽卡。<br>例如，提供概率为1%的成员，并非保证在100次中一定会加入一次。<br>・关于登场概率，请在登场概率标签处确认。<br>・即使在执行“Love Song Carnival纪念招募～濑菜篇～”后强制退出或断开连接，导致无法正常显示招募结果画面，招募也会被正确执行。请确认偶像列表和应援棒的数量。<br>・本次招募中登场的偶像，今后可能会再次登场。<br>・本次招募可能会重新开放。<br>・活动期间及内容可能会在没有预先通知的情况下进行更改。<br>・招募券可以通过屏幕右下角的“使用券进行招募”来使用。<br> 在“使用券进行招募”中未显示的券，在本次招募中将无法使用。<br>・已经加入的偶像，今后再次加入时，会根据稀有度获得应援棒。<br> R级偶像：20个<br> SR级偶像：50个<br> UR级偶像：500个
mst.lottery_caution.4110012._cautionText,・登场偶像的概率请在“登场概率”处确认。<br>・“Love Song Carnival纪念招募～艾玛篇～”中，登场的偶像可能会重复。<br>・登场概率已四舍五入到小数点后第五位。<br>因此，各偶像的登场概率之和与整体登场概率的显示值可能存在差异。<br>・由于显示原因，登场概率的总和不一定是100%。<br>・“Love Song Carnival纪念招募～艾玛篇～”将根据登场概率进行每次抽卡。<br>例如，提供概率为1%的成员，并非保证在100次中必有1次加入。<br>・关于登场概率，请在登场概率标签处确认。<br>・即使在执行“Love Song Carnival纪念招募～艾玛篇～”后强制退出或断线，导致无法正常显示招募结果画面，招募也会正确进行。请确认偶像列表和获得的应援棒数量。<br>・本次招募中登场的偶像，今后可能会再次出现。<br>・本次招募可能会重新开放。<br>・活动期间及内容可能随时更改，恕不另行通知。<br>・招募券可以通过屏幕右下角的“使用券进行招募”来使用。<br> 在“使用券进行招募”中未显示的券，本次招募中无法使用。<br>・已经加入的偶像，今后再次加入时，会根据稀有度获得应援棒。<br> R级偶像：20个<br> SR级偶像：50个<br> UR级偶像：500个
mst.lottery_caution.4110013._cautionText,・登场成员的概率请在“登场概率”处确认。<br>・“Love Song Carnival纪念招募～璃奈篇～”中，登场的偶像可能会重复。<br>・登场概率已四舍五入到小数点后第五位。<br>因此，各成员的登场概率之和与整体登场概率的显示值可能会存在差异。<br>・由于显示原因，登场概率的总和可能不会达到100%。<br>・“Love Song Carnival纪念招募～璃奈篇～”将根据登场概率进行每次抽卡。<br>例如，提供概率为1%的成员，并非保证在100次中必有1次加入。<br>・关于登场概率，请在登场概率标签处确认。<br>・即使在执行“Love Song Carnival纪念招募～璃奈篇～”后强制退出或断线，导致无法正常显示招募结果画面，招募也会被正确执行。请确认成员列表和应援棒的数量。<br>・本次招募中登场的偶像，今后可能会再次登场。<br>・本次招募可能会重新开放。<br>・活动期间及内容可能会在没有预先通知的情况下进行更改。<br>・招募券可以通过屏幕右下角的“使用券进行招募”来使用。<br> 在“使用券进行招募”中未显示的券，在本次招募中将无法使用。<br>・已经加入的偶像，今后再次加入时，会根据稀有度获得应援棒。<br> R级偶像：20个<br> SR级偶像：50个<br> UR级偶像：500个
mst.lottery_caution.4110014._cautionText,・登场偶像的概率请在“登场概率”处确认。<br>・“Love Song Carnival纪念招募～栞子篇～”中，登场的偶像可能会重复。<br>・登场概率已四舍五入到小数点后第五位。<br>因此，各偶像的登场概率之和与整体登场概率的显示值可能会存在差异。<br>・由于显示的关系，登场概率的总和可能不会达到100%。<br>・“Love Song Carnival纪念招募～栞子篇～”将根据登场概率进行每次抽卡。<br>例如，并非以提供概率为1%的成员在100次中必定加入一次。<br>・关于登场概率，请在登场概率标签处确认。<br>・即使在执行“Love Song Carnival纪念招募～栞子篇～”后强制退出或断开连接，导致无法正常显示招募结果画面，招募也会正确进行。请确认偶像列表和应援棒的数量。<br>・本次招募中登场的偶像，今后可能会再次出现。<br>・本次招募可能会重新开放。<br>・活动期间及内容可能会在没有预先通知的情况下进行更改。<br>・招募券可以通过屏幕右下角的“使用券进行招募”来使用。<br> 在“使用券进行招募”中未显示的券，在本次招募中将无法使用。<br>・已经加入的偶像，今后再次加入时，会根据稀有度获得应援棒。<br> R级偶像：20个<br> SR级偶像：50个<br> UR级偶像：500个
mst.lottery_caution.4110015._cautionText,・登场偶像的概率请在“登场概率”处确认。<br>・“Love Song Carnival纪念招募～米娅篇～”中，登场的偶像可能会重复。<br>・登场概率已四舍五入到小数点后第五位。<br>因此，各偶像的登场概率之和与整体登场概率的显示值可能会有所差异。<br>・由于显示的关系，登场概率的总和可能不会达到100%。<br>・“Love Song Carnival纪念招募～米娅篇～”将根据登场概率进行每次抽卡。<br>例如，提供概率为1%的成员，并非保证在100次中必有1次加入。<br>・关于登场概率，请在登场概率标签处确认。<br>・即使在执行“Love Song Carnival纪念招募～米娅篇～”后强制退出或断线，导致无法正常显示招募结果画面，招募也会被正确执行。请确认偶像列表和应援棒的数量。<br>・本次招募中登场的偶像，今后可能会再次出现。<br>・本次招募可能会重新开放。<br>・活动期间及内容可能会在没有预先通知的情况下进行更改。<br>・招募券可以通过屏幕右下角的“使用券进行招募”来使用。<br> 在“使用券进行招募”中未显示的券，在本次招募中无法使用。<br>・已经加入的偶像，今后再次加入时，会根据稀有度获得应援棒。<br> R级偶像：20个<br> SR级偶像：50个<br> UR级偶像：500个
mst.lottery_caution.4110016._cautionText,请确认“登场成员”的“登场概率”。<br>・在“Love Song Carnival纪念招募～岚珠篇～”中，可能会出现重复的成员。<br>・登场概率已四舍五入到小数点后第五位。<br>因此，各个成员的登场概率之和与整体登场概率的显示值之间可能存在差异。<br>・由于显示的关系，登场概率的总和不一定是100%。<br>・“Love Song Carnival纪念招募～岚珠篇～”是根据登场概率进行单次抽卡。<br>例如，提供概率为1%的成员，并非保证在100次中至少加入一次。<br>・请在“登场概率”标签页中确认登场概率。<br>・即使在执行“Love Song Carnival纪念招募～岚珠篇～”后强制退出或断开连接，导致无法正常显示招募结果画面，招募也会被正确执行。请确认成员列表和应援棒的数量。<br>・本次招募中登场的成员，今后可能会再次出现。<br>・本次招募可能会重新开放。<br>・活动期间及内容可能会在没有事先通知的情况下进行更改。<br>・招募券可以通过屏幕右下角的“使用券进行招募”来使用。<br> 在“使用券进行招募”中未显示的券，在本次招募中无法使用。<br>・已经加入的成员，在第二次加入时，会根据稀有度获得应援棒。<br> R成员：20个<br> SR成员：50个<br> UR成员：500个
mst.lottery_caution.4110017._cautionText,请确认“登场概率”以了解将要出现的偶像。<br>・在“最多可免费抽取100次！周年纪念招募”中，可能会出现重复的偶像。<br>・登场概率已四舍五入到小数点后第五位。<br>因此，各个偶像的登场概率之和与总体的登场概率显示值之间可能存在差异。<br>・由于显示原因，登场概率的总和不一定是100%。<br>・“最多可免费抽取100次！周年纪念招募”将根据登场概率进行每次抽卡。<br>例如，提供概率为1%的成员并不意味着在100次抽卡中一定会加入一次。<br>・请在“登场概率”标签页中确认登场概率。<br>・即使在执行“最多可免费抽取100次！周年纪念招募”后强制关闭或断开连接，导致无法正常显示招募结果画面，招募也会被正确执行。请确认偶像列表和获得的应援棒数量。<br>・本次招募中出现的偶像可能会在未来再次出现。<br>・本次招募可能会重新开放。<br>・活动期间和内容可能会在没有事先通知的情况下进行更改。<br>・您可以使用屏幕右下角的“使用门票进行招募”功能来使用招募门票。<br> 如果在“使用门票进行招募”中未显示的门票，则无法在此次招募中使用。<br>・对于已经加入的偶像，在第二次加入时，您可以根据稀有度获得应援棒。<br> R级偶像：20个<br> SR级偶像：50个<br> UR级偶像：500个
mst.lottery_caution.4110019._cautionText,请确认“登场概率”以了解将要出现的偶像。<br>・在“UR确定 半周年纪念招募～μ's篇～”中，可能会出现重复的偶像。<br>・登场概率已四舍五入到小数点后第五位。<br>因此，各个偶像的登场概率之和与总体的登场概率显示值之间可能存在差异。<br>・由于显示的关系，登场概率的总和可能不会达到 100%。<br>・“UR确定 半周年纪念招募～μ's篇～”将根据登场概率进行单次抽卡。<br>例如，提供概率为 1% 的成员并非保证在 100 次中至少加入一次。<br>・请在“登场概率”标签页中确认登场概率。<br>・即使在执行“UR确定 半周年纪念招募～μ's篇～”后强制退出或断开连接，导致无法正常显示招募结果画面，招募也会被正确执行。请确认偶像列表和获得的应援棒数量。<br>・本次招募中出现的偶像，今后可能会再次出现。<br>・本次招募可能会重新开放。<br>・活动期间及内容可能会在没有事先通知的情况下进行更改。<br>・招募券可以通过屏幕右下角的“使用券进行招募”来使用。<br> 如果在“使用券进行招募”中未显示的券，则无法在此次招募中使用。<br>・对于已经加入的偶像，在第二次及之后加入时，会根据稀有度获得应援棒。<br> R 级偶像：20 个<br> SR 级偶像：50 个<br> UR 级偶像：500 个
mst.lottery_caution.4110020._cautionText,・登场偶像的概率请在“登场概率”处确认。<br>・“UR确定 半周年纪念招募～Aqours篇～”中，登场的偶像可能会重复。<br>・登场概率已四舍五入到小数点后第五位。<br>因此，各偶像的登场概率之和与整体登场概率的显示值可能存在差异。<br>・由于显示原因，登场概率的总和不一定是100%。<br>・“UR确定 半周年纪念招募～Aqours篇～”是根据登场概率进行单次抽卡。<br>例如，提供概率为1%的成员，并非保证在100次中必有1次加入。<br>・关于登场概率，请在登场概率标签处确认。<br>・即使在执行“UR确定 半周年纪念招募～Aqours篇～”后强制退出或断线，导致无法正常显示招募结果画面，招募也会正确进行。请确认偶像列表和应援棒的数量。<br>・本次招募中登场的偶像，今后可能会再次登场。<br>・本次招募可能会重新开放。<br>・活动期间及内容可能随时更改，恕不另行通知。<br>・招募券可以通过屏幕右下角的“使用券进行招募”来使用。<br> 在“使用券进行招募”中未显示的券，在本次招募中无法使用。<br>・已经加入的偶像，今后再次加入时，会根据稀有度获得应援棒。<br> R偶像：20个<br> SR偶像：50个<br> UR偶像：500个
mst.lottery_caution.4110021._cautionText,・登场偶像的概率请在“登场概率”处确认。<br>・“UR确定 半周年纪念招募～虹咲学园篇～”中，登场的偶像可能会重复。<br>・登场概率已四舍五入到小数点后第五位。<br>因此，各偶像的登场概率之和与整体登场概率的显示值可能存在差异。<br>・由于显示原因，登场概率的总和不一定是100%。<br>・“UR确定 半周年纪念招募～虹咲学园篇～”基于登场概率进行单次抽卡。<br>例如，并非以提供概率为1%的成员在100次中必定加入一次。<br>・关于登场概率，请在登场概率标签处确认。<br>・即使在执行“UR确定 半周年纪念招募～虹咲学园篇～”后强制退出或断线，导致无法正常显示招募结果画面，招募也会正确进行。请确认偶像列表和应援棒的数量。<br>・本次招募中登场的偶像，今后可能会再次登场。<br>・本次招募可能会重新开放。<br>・活动期间及内容可能随时更改，恕不另行通知。<br>・招募券可以通过屏幕右下角的“使用券进行招募”来使用。<br> 在“使用券进行招募”中未显示的券，本次招募中无法使用。<br>・已加入的偶像，今后再次加入时，会根据稀有度获得应援棒。<br> R级偶像：20个<br> SR级偶像：50个<br> UR级偶像：500个
mst.lottery_caution.4110022._cautionText,请确认“成员”的出现概率。<br>・在“UR确定 半周年纪念招募～Liella!篇～”中，可能会重复出现“偶像”。<br>・登场概率已四舍五入到小数点后第五位。<br>因此，各“成员”的登场概率之和与总体的登场概率显示值之间可能存在差异。<br>・由于显示的关系，登场概率的总和不一定是100%。<br>・“UR确定 半周年纪念招募～Liella!篇～”是根据登场概率进行每次抽卡。<br>例如，并非以提供概率为1%的“成员”，在100次中一定会加入。<br>请在“登场概率”标签页中确认登场概率。<br>・即使在执行“UR确定 半周年纪念招募～Liella!篇～”后强制退出或断线，导致无法正常显示招募结果画面，招募也会正确进行。请确认“成员”列表和获得的应援棒数量。<br>・本次招募中出现的“偶像”，今后可能会再次出现。<br>・本次招募可能会重新开放。<br>・举办期间及内容可能会在没有预先通知的情况下进行更改。<br>・招募券可以通过屏幕右下角的“使用券进行招募”来使用。<br> 如果在“使用券进行招募”中未显示的券，则无法在本次招募中使用。<br>・已经加入的“偶像”，在第二次及以后加入时，会根据稀有度获得应援棒。<br>R“成员”：20个<br>SR“成员”：50个<br>UR“成员”：500个
mst.lottery_caution.4110023._cautionText,・登场成员的概率请在“登场概率”处确认。<br>・“我的情歌篇 开幕纪念招募”中，登场的偶像可能会重复。<br>・登场概率已四舍五入到小数点后第五位。<br>因此，各成员的登场概率之和与整体登场概率的显示值可能存在差异。<br>・由于显示原因，登场概率的总和不一定是100%。<br>・“我的情歌篇 开幕纪念招募”是根据登场概率进行单次抽卡。<br>例如，提供概率为1%的成员，并非保证在100次中至少加入一次。<br>・关于登场概率，请在登场概率标签处确认。<br>・即使在执行“我的情歌篇 开幕纪念招募”后强制关闭或断开连接，导致无法正常显示招募结果画面，招募也会正确进行。请确认偶像列表和应援棒的数量。<br>・本次招募中登场的偶像，今后可能会再次出现。<br>・本次招募可能会重新开放。<br>・活动期间及内容可能会在没有预先通知的情况下进行更改。<br>・招募券可以通过屏幕右下角的“使用券进行招募”来使用。<br> 在“使用券进行招募”中未显示的券，在本次招募中无法使用。<br>・已经加入的偶像，今后再次加入时，会根据稀有度获得应援棒。<br> R级偶像：20个<br> SR级偶像：50个<br> UR级偶像：500个
mst.lottery_caution.4110024._cautionText,・登场偶像的概率请在“登场概率”处确认。<br>・“μ's限定！特别招募”中，登场的偶像可能会重复。<br>・登场概率已四舍五入到小数点后第五位。<br>因此，各偶像的登场概率之和与整体登场概率的显示值可能存在差异。<br>・由于显示原因，登场概率的总和不一定是100%。<br>・“μ's限定！特别招募”是根据登场概率进行每次抽卡。<br>例如，提供概率为1%的成员，并非保证在100次中至少加入一次。<br>・关于登场概率，请在登场概率标签处确认。<br>・即使在执行“μ's限定！特别招募”后强制退出或断线，导致无法正常显示招募结果画面，招募也会被正确执行。请确认偶像列表和获得的应援棒数量。<br>・本次招募中登场的偶像，今后可能会再次出现。<br>・本次招募可能会重新开放。<br>・活动期间及内容可能会在没有预先通知的情况下进行更改。<br>・招募券可以通过屏幕右下角的“使用券进行招募”来使用。<br> 在“使用券进行招募”中未显示的券，本次招募中无法使用。<br>・已经加入的偶像，今后再次加入时，会根据稀有度获得应援棒。<br> R级偶像：20个<br> SR级偶像：50个<br> UR级偶像：500个
mst.lottery_caution.4110025._cautionText,・登场偶像的概率请在“登场概率”处确认。<br>・“Aqours限定！招募活动”中，登场的偶像可能会重复。<br>・登场概率已四舍五入到小数点后第五位。<br>因此，各偶像的登场概率之和与整体登场概率的显示值可能存在差异。<br>・由于显示原因，登场概率的总和有时可能不是100%。<br>・“Aqours限定！招募活动”将根据登场概率进行每次抽卡。<br>例如，提供概率为1%的成员，并非保证在100次中至少加入一次。<br>・关于登场概率，请在登场概率标签处确认。<br>・即使在执行“Aqours限定！招募活动”后强制关闭或断开连接，导致无法正常显示招募结果画面，招募也会正确进行。请确认偶像列表和应援棒的数量。<br>・本次招募中登场的偶像，今后可能会再次出现。<br>・本次招募可能会重新开放。<br>・活动期间及内容可能会在没有事先通知的情况下进行更改。<br>・招募券可以通过屏幕右下角的“使用招募券”来使用。<br> 在“使用招募券”中未显示的招募券，在本次招募中无法使用。<br>・已经加入的偶像，今后再次加入时，会根据稀有度获得应援棒。<br> R级偶像：20个<br> SR级偶像：50个<br> UR级偶像：500个
mst.lottery_caution.4110026._cautionText,请确认“登场概率”以了解将要出现的偶像。<br>・在“UR必出 半周年纪念招募～庆典后夜～”中，可能会出现重复的偶像。<br>・登场概率已四舍五入到小数点后第五位。<br>因此，各个偶像的登场概率之和与总体的登场概率显示值之间可能存在差异。<br>・由于显示的关系，登场概率的总和不一定是100%。<br>・“UR必出 半周年纪念招募～庆典后夜～”是根据登场概率进行单次抽卡。<br>例如，提供概率为1%的成员，并非保证在100次中一定会加入一次。<br>・请在“登场概率”标签页中确认登场概率。<br>・即使在执行“UR必出 半周年纪念招募～庆典后夜～”后强制退出或断开连接，导致无法正常显示招募结果画面，招募也会被正确执行。请确认偶像列表和应援棒的数量。<br>・本次招募中出现的偶像，今后可能会再次出现。<br>・本次招募可能会重新开放。<br>・活动期间及内容可能会在没有事先通知的情况下进行更改。<br>・招募券可以通过屏幕右下角的“使用券进行招募”来使用。<br> 在“使用券进行招募”中未显示的券，在本次招募中将无法使用。<br>・对于已经加入的偶像，今后再次加入时，会根据稀有度获得应援棒。<br> R级偶像：20个<br> SR级偶像：50个<br> UR级偶像：500个
mst.lottery_caution.4110027._cautionText,请确认“登场概率”以了解将要出现的成员。<br>・在“幻日之耀 -The Story of the Sound of Heart- 纪念招募”中，可能会出现重复的成员。<br>・登场概率已四舍五入到小数点后第五位。<br>因此，各个成员的登场概率总和与整体登场概率的显示值之间可能存在差异。<br>・由于显示的关系，登场概率的总和不一定是 100%。<br>・“幻日之耀 -The Story of the Sound of Heart- 纪念招募”是根据登场概率进行每次抽卡。<br>例如，提供概率为 1% 的成员并不意味着在 100 次中一定会加入一次。<br>・请在“登场概率”标签页中确认登场概率。<br>・即使在执行“幻日之耀 -The Story of the Sound of Heart- 纪念招募”后，强制关闭或断开连接导致无法正常显示招募结果画面，招募也会被正确执行。请确认成员列表和应援棒的数量。<br>・本次招募中出现的成员可能会在未来再次出现。<br>・本次招募可能会重新开放。<br>・活动期间和内容可能会在没有事先通知的情况下进行更改。<br>・您可以使用屏幕右下角的“使用卡券招募”功能来使用招募卡券。<br> 如果在“使用卡券招募”中未显示的卡券，则无法在此次招募中使用。<br>・对于已经加入的成员，在第二次加入时，您可以根据稀有度获得应援棒。<br> R 成员：20 个 <br> SR 成员：50 个 <br> UR 成员：500 个
mst.lottery_caution.4110028._cautionText,・登场偶像的概率请在“登场概率”处确认。<br>・“一年级限定！特别招募”中，登场的偶像可能会重复。<br>・登场概率已四舍五入到小数点后第五位。<br>因此，各偶像的登场概率之和与整体登场概率的显示值可能存在差异。<br>・由于显示原因，登场概率的总和有时可能不是100%。<br>・“一年级限定！特别招募”将根据登场概率进行每次抽卡。<br>例如，提供概率为1%的成员，并非保证在100次中必有1次加入。<br>・关于登场概率，请在登场概率标签处确认。<br>・即使在执行“一年级限定！特别招募”后强制退出或断开连接，导致无法正常显示招募结果画面，招募也会被正确执行。请确认偶像列表和应援棒的数量。<br>・本次招募中登场的偶像，今后可能会再次登场。<br>・本次招募可能会重新开放。<br>・活动期间及内容可能会在没有预先通知的情况下进行更改。<br>・招募券可以通过屏幕右下角的“使用券进行招募”来使用。<br> 在“使用券进行招募”中未显示的券，在本次招募中无法使用。<br>・已经加入的偶像，今后再次加入时，会根据稀有度获得应援棒。<br> R级偶像：20个<br> SR级偶像：50个<br> UR级偶像：500个
mst.lottery_caution.4110029._cautionText,・登场的成员请在“登场概率”处确认。<br>・“2年级限定！特别招募”中，登场的成员可能会重复。<br>・登场概率已四舍五入到小数点后第五位。<br>因此，各个成员的登场概率之和与整体登场概率的显示值可能会存在差异。<br>・由于显示的关系，登场概率的总和可能不会达到100%。<br>・“2年级限定！特别招募”将根据登场概率进行每次抽卡。<br>例如，提供概率为1%的成员，并非保证在100次中一定会加入一次。<br>・关于登场概率，请在登场概率标签处确认。<br>・即使在执行“2年级限定！特别招募”后强制退出或断开连接，导致无法正常显示招募结果画面，招募也会被正确执行。请确认成员列表和应援棒的数量。<br>・本次招募中登场的成员，今后可能会再次出现。<br>・本次招募可能会重新开放。<br>・活动期间及内容可能会在没有预先通知的情况下进行更改。<br>・招募券可以通过屏幕右下角的“使用券进行招募”来使用。<br> 在“使用券进行招募”中未显示的券，在本次招募中无法使用。<br>・已经加入的成员，今后再次加入时，会根据稀有度获得应援棒。<br> R成员：20个<br> SR成员：50个<br> UR成员：500个
mst.lottery_caution.4110030._cautionText,・登场的成员请在“登场概率”处确认。<br>・“3年级限定！特别招募”中，登场的成员可能会重复。<br>・登场概率已四舍五入到小数点后第五位。<br>因此，各个成员的登场概率之和与整体登场概率的显示值可能会有所差异。<br>・由于显示的关系，登场概率的总和可能不会达到100%。<br>・“3年级限定！特别招募”将根据登场概率进行每次抽卡。<br>例如，提供概率为1%的成员，并非保证在100次中一定会加入一次。<br>・关于登场概率，请在登场概率标签处确认。<br>・即使在执行“3年级限定！特别招募”后强制退出或断开连接，导致无法正常显示招募结果画面，招募也会被正确执行。请确认成员列表和应援棒的数量。<br>・本次招募中登场的成员，今后可能会再次出现。<br>・本次招募可能会重新开放。<br>・活动期间及内容可能会在没有预先通知的情况下进行更改。<br>・招募券可以通过屏幕右下角的“使用券进行招募”来使用。<br> 在“使用券进行招募”中未显示的券，在本次招募中将无法使用。<br>・已经加入的成员，今后再次加入时，会根据稀有度获得应援棒。<br> R成员：20个<br> SR成员：50个<br> UR成员：500个
mst.lottery_caution.4110031._cautionText,请确认“登场成员”的“登场概率”。<br>・在“异次元祭 偶像大师 LoveLive！歌合战 纪念招募～Aqours篇～”中，登场的成员可能会重复。<br>・登场概率已四舍五入到小数点后第五位。<br>因此，各个成员的登场概率之和与整体登场概率的显示值可能会有所差异。<br>・由于显示的关系，登场概率的总和可能不会达到 100%。<br>・“异次元祭 偶像大师 LoveLive！歌合战 纪念招募～Aqours篇～”是根据登场概率进行每次抽卡。<br>例如，提供概率为 1% 的成员并非在 100 次中一定会加入一次。<br>・请在“登场概率”标签中确认登场概率。<br>・即使在执行“异次元祭 偶像大师 LoveLive！歌合战 纪念招募～Aqours篇～”后强制关闭或断开连接，导致无法正常显示招募结果画面，招募也会被正确执行。请确认成员列表和应援棒的数量。<br>・本次招募中登场的成员可能会在未来再次登场。<br>・本次招募可能会重新推出。<br>・活动期间及内容可能会在没有事先通知的情况下进行更改。<br>・招募券可以通过屏幕右下角的“使用券进行招募”来使用。<br>在“使用券进行招募”中未显示的券，在本次招募中将无法使用。<br>・已经加入的成员，今后再次加入时，会根据稀有度获得应援棒。<br>R 成员：20 个 <br>SR 成员：50 个 <br>UR 成员：500 个
mst.lottery_caution.4110032._cautionText,请确认“登场成员”的“登场概率”。<br>・在“异次元祭偶像大师 LoveLive！歌合战 纪念招募～虹咲学园篇～”中，可能会出现重复的成员。<br>・登场概率已四舍五入到小数点后第五位。<br>因此，各个成员的登场概率之和与整体登场概率的显示值之间可能存在差异。<br>・由于显示的关系，登场概率的总和不一定是100%。<br>・“异次元祭偶像大师 LoveLive！歌合战 纪念招募～虹咲学园篇～”是根据登场概率进行每次抽卡。<br>例如，并非以提供概率为1%的成员在100次中必定加入一次。<br>・请在“登场概率”标签页中确认登场概率。<br>・即使在执行“异次元祭偶像大师 LoveLive！歌合战 纪念招募～虹咲学园篇～”后，强制关闭或断开连接，导致正常显示招募结果画面时，招募也会正确进行。请确认成员列表和应援棒的数量。<br>・今后可能会再次出现本次招募中的成员。<br>・本次招募可能会重新开放。<br>・举办期间及内容可能会在没有事先通知的情况下进行更改。<br>・招募券可以通过屏幕右下角的“使用券进行招募”来使用。<br> 如果在“使用券进行招募”中未显示的券，则无法在本次招募中使用。<br>・已经加入的成员，在第二次加入时，会根据稀有度获得应援棒。<br> R成员：20个<br> SR成员：50个<br> UR成员：500个
mst.lottery_caution.4110033._cautionText,请确认“登场概率”以了解将要出现的成员。<br>・在“异次元祭偶像大师 LoveLive！歌合战 纪念招募～Liella!篇～”中，可能会出现重复的成员。<br>・登场概率已四舍五入到小数点后第五位。<br>因此，各个成员的登场概率之和与整体登场概率的显示值之间可能存在差异。<br>・由于显示原因，登场概率的总和可能不会达到 100%。<br>・“异次元祭偶像大师 LoveLive！歌合战 纪念招募～Liella!篇～”是根据登场概率进行每次抽卡。<br>例如，提供概率为 1% 的成员并不意味着在 100 次中一定会加入一次。<br>・请在“登场概率”选项卡中确认登场概率。<br>・即使在执行“异次元祭偶像大师 LoveLive！歌合战 纪念招募～Liella!篇～”后强制关闭或断开连接，导致无法正常显示招募结果画面，招募也会正确进行。请确认成员列表和应援棒的数量。<br>・本次招募中出现的成员可能会在未来再次出现。<br>・本次招募可能会重新推出。<br>・活动期间和内容可能会在没有事先通知的情况下进行更改。<br>・您可以使用屏幕右下角的“使用门票招募”功能来使用招募门票。<br> 如果在“使用门票招募”中未显示的门票，则无法在此次招募中使用。<br>・对于已经加入的成员，在第二次及以后加入时，您可以根据稀有度获得应援棒。<br> R 成员：20 个<br> SR 成员：50 个<br> UR 成员：500 个
mst.lottery_caution.4110034._cautionText,・登场偶像的概率请在“登场概率”处确认。<br>・“最多可免费240次！年末年初纪念招募”中，登场的偶像可能会重复。<br>・登场概率已四舍五入到小数点后第五位。<br>因此，各偶像的登场概率之和与整体登场概率的显示值可能存在差异。<br>・由于显示原因，登场概率的总和不一定是100%。<br>・“最多可免费240次！年末年初纪念招募”是根据登场概率进行单次抽卡。<br>例如，提供概率为1%的成员，并非保证在100次中必有1次加入。<br>・关于登场概率，请在登场概率标签处确认。<br>・即使在执行“最多可免费240次！年末年初纪念招募”后强制退出或断线，导致无法正常显示招募结果画面，招募也会被正确执行。请确认偶像列表和应援棒的数量。<br>・本次招募中登场的偶像，今后可能会再次出现。<br>・本次招募可能会重新推出。<br>・活动期间及内容可能随时更改，恕不另行通知。<br>・招募券可以通过屏幕右下角的“使用券进行招募”来使用。<br> 在“使用券进行招募”中未显示的券，本次招募中无法使用。<br>・已经加入的偶像，今后再次加入时，会根据稀有度获得应援棒。<br> R级偶像：20个<br> SR级偶像：50个<br> UR级偶像：500个
mst.lottery_caution.4110035._cautionText,请确认“登场概率”以了解将要出现的偶像。<br>・在“UR必出！年末年初特别招募”中，可能会出现重复的偶像。<br>・登场概率已四舍五入到小数点后第五位。<br>因此，各个偶像的登场概率之和与总体的登场概率显示值之间可能存在差异。<br>・由于显示的关系，登场概率的总和不一定是100%。<br>・“UR必出！年末年初特别招募”是根据登场概率进行每次抽卡。<br>例如，提供概率为1%的成员，并非保证在100次中至少加入一次。<br>・请在“登场概率”标签页中确认登场概率。<br>・即使在执行“UR必出！年末年初特别招募”后强制退出或断开连接，导致无法正常显示招募结果画面，招募也会被正确执行。请确认偶像列表和应援棒的数量。<br>・本次招募中出现的偶像，今后可能会再次出现。<br>・本次招募可能会重新开放。<br>・活动期间及内容可能会在没有事先通知的情况下进行更改。<br>・招募券可以通过屏幕右下角的“使用券进行招募”来使用。<br> 如果在“使用券进行招募”中未显示的券，则无法在此次招募中使用。<br>・对于已经加入的偶像，在第二次及之后加入时，会根据稀有度获得应援棒。<br> R级偶像：20个<br> SR级偶像：50个<br> UR级偶像：500个
mst.lottery_caution.4110036._cautionText,请确认“登场概率”以了解将要出现的偶像。<br>・在“新春初梦招募”中，可能会出现重复的偶像。<br>・登场概率已四舍五入到小数点后第五位。<br>因此，各个偶像的登场概率之和与总体的登场概率显示值之间可能存在差异。<br>・由于显示原因，登场概率的总和可能不会达到 100%。<br>・“新春初梦招募”将根据登场概率进行每次抽卡。<br>例如，提供概率为 1% 的成员并非保证在 100 次中至少加入一次。<br>・请在“登场概率”标签页中确认登场概率。<br>・即使在执行“新春初梦招募”后强制退出或断开连接，导致无法正常显示招募结果画面，招募也会被正确执行。请确认偶像列表和应援棒的数量。<br>・本次招募中出现的偶像，今后可能会再次出现。<br>・本次招募可能会重新开放。<br>・活动期间及内容可能会在没有事先通知的情况下进行更改。<br>・招募券可以通过屏幕右下角的“使用券进行招募”来使用。<br> 在“使用券进行招募”中未显示的券，在本次招募中将无法使用。<br>・已经加入的偶像，在第二次加入时，会根据稀有度获得应援棒。<br> R 偶像：20 个 <br> SR 偶像：50 个 <br> UR 偶像：500 个
mst.lottery_caution.4110037._cautionText,・登场偶像的概率请在“登场概率”处确认。<br>・在“UR确定！新春初梦招募”中，登场的偶像可能会重复。<br>・登场概率已四舍五入到小数点后第五位。<br>因此，各个偶像的登场概率之和与整体登场概率的显示值可能存在差异。<br>・由于显示的关系，登场概率的总和有时不会达到100%。<br>・“UR确定！新春初梦招募”是根据登场概率进行每次抽卡。<br>例如，提供概率为1%的成员，并非保证在100次中至少加入一次。<br>・关于登场概率，请在登场概率标签处确认。<br>・如果在执行“UR确定！新春初梦招募”后强制关闭或断开连接，导致无法正常显示招募结果画面，则招募仍会正确进行。请确认偶像列表和应援棒的数量。<br>・本次招募中登场的偶像，今后可能会再次出现。<br>・本次招募可能会重新开放。<br>・活动期间及内容可能会在没有事先通知的情况下进行更改。<br>・招募券可以通过屏幕右下角的“使用券进行招募”来使用。<br> 在“使用券进行招募”中未显示的券，在本次招募中无法使用。<br>・已经加入的偶像，今后再次加入时，会根据稀有度获得应援棒。<br> R级偶像：20个<br> SR级偶像：50个<br> UR级偶像：500个
mst.lottery_caution.4110038._cautionText,・登场偶像的概率请在“登场概率”处确认。<br>・“Love Song Carnival 招募”中，登场的偶像可能会重复。<br>・登场概率已四舍五入到小数点后第五位。<br>因此，各偶像的登场概率之和与整体登场概率的显示值可能存在差异。<br>・由于显示的关系，登场概率的总和有时不会达到 100%。<br>・“Love Song Carnival 招募”将根据登场概率进行每次抽卡。<br>例如，提供概率为 1% 的成员并非保证在 100 次中至少加入一次。<br>・关于登场概率，请在登场概率标签处确认。<br>・即使在执行“Love Song Carnival 招募”后强制退出或断开连接，导致无法正常显示招募结果画面，招募也会正确进行。请确认偶像列表和应援棒的数量。<br>・本次招募中登场的偶像，今后可能会再次出现。<br>・本次招募可能会重新开放。<br>・活动期间及内容可能会在没有事先通知的情况下进行更改。<br>・招募券可以通过屏幕右下角的“使用券进行招募”来使用。<br> 在“使用券进行招募”中未显示的券，在本次招募中无法使用。<br>・已经加入的偶像，今后再次加入时，会根据稀有度获得应援棒。<br> R 偶像：20 个 <br> SR 偶像：50 个 <br> UR 偶像：500 个
mst.lottery_caution.4110039._cautionText,・登场偶像的概率请在“登场概率”处确认。<br>・“スクフェス2 大感謝勧誘～μ's編～”中，登场的偶像可能会重复。<br>・登场概率已四舍五入到小数点后第五位。<br>因此，各偶像的登场概率之和与整体登场概率的显示值可能存在差异。<br>・由于显示的关系，登场概率的总和有时不会达到100%。<br>・“スクフェス2 大感謝勧誘～μ's編～”将根据登场概率进行每次抽卡。<br>例如，提供概率为1%的成员，并非保证在100次中一定会加入一次。<br>・关于登场概率，请在登场概率标签处确认。<br>・即使在执行“スクフェス2 大感謝勧誘～μ's編～”后强制关闭或断开连接，导致无法正常显示抽卡结果画面，抽卡也会被正确执行。请确认偶像列表和应援棒的数量。<br>・本次招募中登场的偶像，今后可能会再次登场。<br>・本次招募可能会重新开放。<br>・活动期间及内容可能会在没有预先通知的情况下进行更改。<br>・已经加入的偶像，在第二次加入时，会根据稀有度获得应援棒。<br> R偶像：20个<br> SR偶像：50个<br> UR偶像：500个
mst.lottery_caution.4110040._cautionText,・登场成员的概率请在“登场概率”处确认。<br>・“水团嘉年华招募”中，登场的偶像可能会重复。<br>・登场概率已四舍五入到小数点后第五位。<br>因此，各成员的登场概率之和与整体登场概率的显示值可能存在差异。<br>・由于显示的关系，登场概率的总和有时不会达到100%。<br>・“水团嘉年华招募”是根据登场概率进行每次抽卡。<br>例如，提供概率为1%的成员，并非保证在100次中至少加入一次。<br>・关于登场概率，请在登场概率标签处确认。<br>・即使在执行“水团嘉年华招募”后强制退出或断线，导致无法正常显示招募结果画面，招募也会被正确执行。请确认偶像列表和应援棒的数量。<br>・本次招募中登场的偶像，今后可能会再次出现。<br>・本次招募可能会重新开放。<br>・活动期间及内容可能会在没有事先通知的情况下进行更改。<br>・已经加入的偶像，在第二次加入时，会根据稀有度获得应援棒。<br> R级偶像：20个<br> SR级偶像：50个<br> UR级偶像：500个
mst.lottery_caution.4110041._cautionText,请确认“登场成员”的“登场概率”。<br>・在“スクフェス2 大感謝勧誘～ニジガク編～”中，可能会出现重复的成员。<br>・登场概率已四舍五入到小数点后第五位。<br>因此，各个成员的登场概率之和与整体登场概率的显示值之间可能存在差异。<br>・由于显示的关系，登场概率的总和有时可能不会达到 100%。<br>・“スクフェス2 大感謝勧誘～ニジガク編～”是根据登场概率进行单次抽卡。<br>例如，并非以提供概率为 1% 的成员在 100 次中必定加入的机制。<br>・请在“登场概率”标签页中确认登场概率。<br>・即使在执行“スクフェス2 大感謝勧誘～ニジガク編～”后强制关闭或断开连接，导致无法正常显示抽卡结果画面，抽卡也会被正确执行。请确认成员列表和应援棒的数量。<br>・本次活动中登场的成员，今后可能会再次出现。<br>・本次活动可能会重新推出。<br>・举办期间及内容可能会在没有预先通知的情况下进行更改。<br>・对于已经加入的成员，从第二次开始加入时，会根据稀有度获得应援棒。<br> R 成员：20 个 <br> SR 成员：50 个 <br> UR 成员：500 个
mst.lottery_caution.4110042._cautionText,请确认“登场概率”以了解将要出现的偶像。<br>・在“学园祭2 感恩招募～Liella!篇～”中，可能会重复出现相同的偶像。<br>・登场概率已四舍五入到小数点后第五位。<br>因此，各个偶像的登场概率之和与整体登场概率的显示值之间可能存在差异。<br>・由于显示的关系，登场概率的总和可能不会达到 100%。<br>・“学园祭2 感恩招募～Liella!篇～”基于登场概率进行每次抽卡。<br>例如，提供概率为 1% 的成员并非保证在 100 次抽卡中一定会加入一次。<br>・请在“登场概率”选项卡中确认登场概率。<br>・即使在执行“学园祭2 感恩招募～Liella!篇～”后强制关闭或断开连接，导致无法正常显示招募结果画面，招募也会被正确执行。请确认偶像列表和应援棒的数量。<br>・本次招募中出现的偶像可能会在未来再次出现。<br>・本次招募可能会重新开放。<br>・活动期间和内容可能会在没有事先通知的情况下进行更改。<br>・对于已经加入的偶像，今后再次加入时，会根据稀有度获得应援棒。<br> R 级偶像：20 个 <br> SR 级偶像：50 个 <br> UR 级偶像：500 个
mst.lottery_caution.4110043._cautionText,请确认“登场成员”的“登场概率”。<br>・在“特别招募”中，可能会出现重复的偶像。<br>・登场概率已四舍五入到小数点后第五位。<br>因此，各个成员的登场概率之和与总体的登场概率显示值之间可能存在差异。<br>・由于显示的关系，登场概率的总和不一定是100%。<br>・“特别招募”是根据登场概率进行每次抽卡。<br>例如，提供概率为1%的成员，并非在100次中一定会加入一次。<br>・请在“登场概率”标签页确认登场概率。<br>・即使在执行“特别招募”后强制退出或断开连接，导致无法正常显示招募结果画面，招募也会被正确执行。请确认偶像列表和应援棒的数量。<br>・本次招募中出现的偶像，今后可能会再次出现。<br>・本次招募可能会重新开放。<br>・活动期间及内容可能会在没有预先通知的情况下进行更改。<br>・可以使用屏幕右下角的“使用卡券招募”中的招募卡券。<br> 如果在“使用卡券招募”中未显示，则无法在此次招募中使用。<br>・已经加入的偶像在第二次加入时，会根据稀有度获得应援棒。<br> R级偶像：20个<br> SR级偶像：50个<br> UR级偶像：500个
mst.lottery_caution.4110044._cautionText,请确认“登场概率”以了解将要出现的偶像。<br>・在“校园偶像感谢祭 全员集合招募”中，可能会出现重复的偶像。<br>・登场概率已四舍五入到小数点后第五位。<br>因此，各个偶像的登场概率之和与整体登场概率的显示值之间可能存在差异。<br>・由于显示的关系，登场概率的总和可能不会达到 100%。<br>・“校园偶像感谢祭 全员集合招募”是根据登场概率进行单次抽卡。<br>例如，提供概率为 1% 的成员并不保证在 100 次中一定会加入一次。<br>・请在登场概率标签中确认登场概率。<br>・即使在执行“校园偶像感谢祭 全员集合招募”后强制关闭或断开连接，导致无法正常显示招募结果画面，招募也会被正确执行。请确认成员列表和应援棒的数量。<br>・本次招募中出现的偶像可能会在未来再次出现。<br>・本次招募可能会重新开放。<br>・举办期间及内容可能会在没有事先通知的情况下进行更改。<br>・已经加入的偶像，今后再次加入时，会根据稀有度获得应援棒。<br> R 偶像：20 个 <br> SR 偶像：50 个 <br> UR 偶像：500 个
mst.lottery_caution.5110001._cautionText,・关于登场偶像，请确认“登场概率”。<br>・“全员大集合！阶梯招募”各阶段的登场概率与所需Loveca数量不同。<br>・每次执行招募阶段前进1级，完成第5阶后返回第1阶。<br>・登场概率按小数点后第五位四舍五入计算。<br>・执行“全员大集合！阶梯招募”后，若因强制退出或网络断开导致未正常显示招募结果界面，招募仍视为已成功执行。请确认偶像列表及应援棒数量。<br>・已加入的偶像再次获得时，将按稀有度发放应援棒代替重复加入。<br> R级偶像：20个<br> SR级偶像：50个<br> UR级偶像：500个
mst.lottery_caution.7110002._cautionText,请确认“登场概率”以了解将要出现的偶像。<br>・在“スクフェス数据联动特典 票券招募”中，可能会重复出现相同的偶像。<br>・登场概率已四舍五入到小数点后第五位。<br>因此，各个偶像的登场概率之和与整体登场概率的显示值之间可能存在差异。<br>・由于显示原因，登场概率的总和不一定是100%。<br>・“スクフェス数据联动特典 票券招募”是根据登场概率进行抽卡。<br>例如，提供概率为1%的成员并不意味着在100次招募中一定会加入一次。<br>・请在登场概率标签中确认登场概率。<br>・即使在执行“スクフェス数据联动特典 票券招募”后强制关闭或断开连接，导致无法正常显示招募结果画面，招募也会被正确执行。请确认偶像列表和应援棒的数量。<br>・本次招募中出现的偶像可能会在未来再次出现。<br>・本次招募可能会重新开放。<br>・活动期间和内容可能会在没有事先通知的情况下进行更改。<br>・已经加入的偶像，在第二次加入时，会根据稀有度获得应援棒。<br> R级偶像：20个 <br> SR级偶像：50个 <br> UR级偶像：500个
mst.lottery_caution.7110003._cautionText,请确认“出现概率”以了解将要出现的偶像。<br>・在“スクスタ数据联动特典 卡券招募”中，可能会重复出现偶像。<br>・出现概率已四舍五入到小数点后第五位。<br>因此，各个偶像的出现概率之和与整体出现概率的显示值之间可能存在差异。<br>・由于显示的关系，出现概率的总和有时不会达到 100%。<br>・“スクスタ数据联动特典 卡券招募”是根据出现概率进行每次抽卡。<br>例如，并非以提供概率为 1% 的成员在 100 次中一定会加入的机制。<br>・请在出现概率标签中确认出现概率。<br>・即使在执行“スクスタ数据联动特典 卡券招募”后强制退出或断开连接，导致无法正常显示招募结果画面，招募也会正确进行。请确认偶像列表和应援棒的数量。<br>・本次招募中出现的偶像可能会在未来再次出现。<br>・本次招募可能会重新开放。<br>・举办期间及内容可能会在没有事先通知的情况下进行更改。<br>・已经加入的偶像，在第二次加入时，会根据稀有度获得应援棒。<br> R 偶像：20 个 <br> SR 偶像：50 个 <br> UR 偶像：500 个
mst.lottery_caution.8110001._cautionText,・掉落道具请查看「招募概要」。<br>・「道具招募」中掉落的道具可能会重复。<br>・执行「道具招募」后若强制退出或断线导致结果画面未正常显示，道具仍会成功获取。请查看道具列表确认。
mst.lottery_caution.8110002._cautionText,・掉落道具请查看「招募概要」。<br>・「道具招募」中掉落的道具可能会重复。<br>・执行「道具招募」后若强制退出或断线导致结果画面未正常显示，道具仍会成功获取。请查看道具列表确认。
mst.lottery_caution.8110004._cautionText,・掉落道具请查看「招募概要」。<br>・「道具招募」中掉落的道具可能会重复。<br>・执行「道具招募」后若强制退出或断线导致结果画面未正常显示，道具仍会成功获取。请查看道具列表确认。
mst.lottery_caution.8110005._cautionText,・掉落道具请查看「招募概要」。<br>・「道具招募」中掉落的道具可能会重复。<br>・执行「道具招募」后若强制退出或断线导致结果画面未正常显示，道具仍会成功获取。请查看道具列表确认。
mst.lottery_caution.8110006._cautionText,・掉落道具请查看「招募概要」。<br>・「道具招募」中掉落的道具可能会重复。<br>・执行「道具招募」后若强制退出或断线导致结果画面未正常显示，道具仍会成功获取。请查看道具列表确认。
mst.lottery_caution.9110001._cautionText,请查看“登场概率”，以了解将要登场的成员。<br>在“新手招募【高坂穗乃果】”活动中，可能会出现重复的成员。<br>登场概率已四舍五入到小数点后第五位。<br>因此，各个成员的登场概率之和与总体的登场概率显示值之间可能存在差异。<br>由于显示原因，登场概率的总和可能不会达到 100%。<br>“新手招募【高坂穗乃果】”活动会根据登场概率进行每次抽卡。<br>例如，提供概率为 1% 的成员并不意味着在 100 次抽卡中一定会获得一次。<br>请在登场概率标签中查看登场概率。<br>如果在执行“新手招募【高坂穗乃果】”活动后强制关闭或断开连接，导致结果画面无法正常显示，则招募仍会正确进行。请检查成员列表和应援棒的数量。<br>本次招募中出现的成员可能会在未来再次出现。<br>本次招募可能会重新开放。<br>举办期间和内容可能会在没有事先通知的情况下发生更改。<br>您可以使用屏幕右下角的“使用门票进行招募”功能来使用招募门票。<br>如果在“使用门票进行招募”中未显示的门票，则无法在此次招募中使用。<br>对于已经加入的成员，在第二次加入时，您可以根据稀有度获得应援棒。<br>R 成员：20 个 <br>SR 成员：50 个 <br>UR 成员：500 个 <br>获得的招募积分将在招募结束后自动转换为 1 本“技能书（中）”。
mst.lottery_caution.9110002._cautionText,请查看“登场概率”，以了解将要登场的成员。<br>在“教程招募【绚濑绘里】”中，可能会出现重复的成员。<br>登场概率已四舍五入到小数点后第五位。<br>因此，各个成员的登场概率之和与总体的登场概率显示值之间可能存在差异。<br>由于显示的关系，登场概率的总和不一定是 100%。<br>“教程招募【绚濑绘里】”将根据登场概率进行每次抽卡。<br>例如，提供概率为 1% 的成员并不意味着在 100 次中一定会加入一次。<br>请在登场概率标签中查看登场概率。<br>即使在执行“教程招募【绚濑绘里】”后强制关闭或断开连接，导致结果画面无法正常显示，招募也会被正确执行。请确认成员列表和应援棒的数量。<br>今后可能会再次出现本次招募中的成员。<br>本次招募可能会重新开放。<br>举办期间和内容可能会在没有事先通知的情况下进行更改。<br>您可以从屏幕右下角的“使用门票招募”来使用招募门票。<br>如果在“使用门票招募”中未显示的门票，则无法在此次招募中使用。<br>对于已经加入的成员，在第二次及以后加入时，您将根据稀有度获得应援棒。<br>R 成员：20 个 <br>SR 成员：50 个 <br>UR 成员：500 个 <br>获得的招募积分将在招募结束后自动转换为 1 本“技能书（中）”。
mst.lottery_caution.9110003._cautionText,请查看“出现概率”以了解将要出现的偶像。<br>·在“新手招募【南小鸟】”中，可能会重复出现相同的偶像。<br>·出现概率已四舍五入到小数点后第五位。<br>因此，各个偶像的出现概率之和与总体的出现概率显示值之间可能存在差异。<br>·由于显示原因，出现概率的总和可能不会达到 100%。<br>·“新手招募【南小鸟】”将根据出现概率进行每次抽卡。<br>例如，提供概率为 1% 的成员并不保证在 100 次中至少加入一次。<br>·请在出现概率标签页中查看详细信息。<br>·即使在执行“新手招募【南小鸟】”后强制关闭或断开连接，导致结果屏幕无法正常显示，招募也会被正确执行。请检查偶像列表和应援棒的数量。<br>·今后可能会再次出现本次招募中的偶像。<br>·本次招募可能会重新开放。<br>·活动期间和内容可能会在没有事先通知的情况下进行更改。<br>·您可以使用屏幕右下角的“使用门票招募”功能来使用招募门票。<br>·如果在“使用门票招募”中未显示的门票，则无法在此次招募中使用。<br>·对于已经加入的偶像，在第二次及以后加入时，您可以根据稀有度获得应援棒。<br>R 级偶像：20 个 <br>SR 级偶像：50 个 <br>UR 级偶像：500 个 <br>·获得的招募积分将在招募结束后自动转换为 1 本“技能书（中）”。
mst.lottery_caution.9110004._cautionText,请确认“登场成员”的“登场概率”。<br>・在“新手招募【园田海未】”中，可能会出现重复的成员。<br>・登场概率已四舍五入到小数点后第五位。<br>因此，各个成员的登场概率之和与总体的登场概率显示值之间可能存在差异。<br>・由于显示的关系，登场概率的总和不一定是100%。<br>・“新手招募【园田海未】”是根据登场概率进行每次抽卡。<br>例如，提供概率为1%的成员，并非保证在100次中一定会加入一次。<br>・请在“登场概率”标签页中确认登场概率。<br>・即使在执行“新手招募【园田海未】”后强制关闭或断开连接，导致无法正常显示招募结果画面，招募也会被正确执行。请确认成员列表和应援棒的数量。<br>・本次招募中出现的成员，今后可能会再次出现。<br>・本次招募可能会重新开放。<br>・活动期间及内容可能会在没有预先通知的情况下进行更改。<br>・招募券可以通过屏幕右下角的“使用券进行招募”来使用。<br> 在“使用券进行招募”中未显示的券，在本次招募中无法使用。<br>・对于已经加入的成员，今后再次加入时，会根据稀有度获得应援棒。<br> R级成员：20个<br> SR级成员：50个<br> UR级成员：500个<br>・获得的招募积分将在招募结束后自动转换为1本“技能书（中）”。
mst.lottery_caution.9110005._cautionText,请确认“登场成员”的“登场概率”。<br>・在“新手招募【星空凛】”中，可能会出现重复的成员。<br>・登场概率已四舍五入到小数点后第五位。<br>因此，各个成员的登场概率之和与总体的登场概率显示值之间可能存在差异。<br>・由于显示的关系，登场概率的总和不一定是100%。<br>・“新手招募【星空凛】”是根据登场概率进行每次抽卡。<br>例如，提供概率为1%的成员，并非保证在100次中一定会加入一次。<br>・请在“登场概率”标签页中确认登场概率。<br>・即使在执行“新手招募【星空凛】”后强制关闭或断开连接，导致无法正常显示招募结果画面，招募也会被正确执行。请确认成员列表和应援棒的数量。<br>・本次招募中出现的成员，今后可能会再次出现。<br>・本次招募可能会重新开放。<br>・活动期间及内容可能会在没有预先通知的情况下进行更改。<br>・招募券可以通过屏幕右下角的“使用招募券”来使用。<br> 在“使用招募券”中未显示的招募券，在本次招募中无法使用。<br>・对于已经加入的成员，今后再次加入时，会根据稀有度获得应援棒。<br> R级成员：20个<br> SR级成员：50个<br> UR级成员：500个<br>・获得的招募积分将在招募结束后自动转换为1本“技能书（中）”。
mst.lottery_caution.9110006._cautionText,请确认“登场成员”的“登场概率”。<br>・在“新手招募【西木野真姬】”中，可能会出现重复的成员。<br>・登场概率已四舍五入到小数点后第五位。<br>因此，各个成员的登场概率之和与总体的登场概率显示值之间可能存在差异。<br>・由于显示的关系，登场概率的总和不一定是100%。<br>・“新手招募【西木野真姬】”是根据登场概率进行每次抽卡。<br>例如，提供概率为1%的成员，并非保证在100次中一定会加入一次。<br>・请在“登场概率”标签页中确认登场概率。<br>・即使在执行“新手招募【西木野真姬】”后强制关闭或断开连接，导致无法正常显示招募结果画面，招募也会被正确执行。请确认成员列表和获得的应援棒数量。<br>・本次招募中登场的成员，今后可能会再次出现。<br>・本次招募可能会重新开放。<br>・活动期间及内容可能会在没有预先通知的情况下进行更改。<br>・招募券可以通过屏幕右下角的“使用券进行招募”来使用。<br> 如果在“使用券进行招募”中未显示的券，则无法在本次招募中使用。<br>・对于已经加入的成员，在第二次及以后加入时，会根据稀有度获得应援棒。<br> R级成员：20个<br> SR级成员：50个<br> UR级成员：500个<br>・获得的招募积分将在招募结束后自动转换为1本“技能书（中）”。
mst.lottery_caution.9110007._cautionText,·登场成员的概率请在“登场概率”处确认。<br>·“新手招募【东条希】”中，可能会出现重复的成员。<br>·登场概率已四舍五入到小数点后第五位。<br>因此，各成员的登场概率之和与总体的登场概率显示值之间可能存在差异。<br>·由于显示的关系，登场概率的总和不一定是100%。<br>·“新手招募【东条希】”会根据登场概率进行每次抽卡。<br>例如，并非以提供概率为1%的成员，在100次中必定加入一次。<br>·关于登场概率，请在登场概率标签处确认。<br>·即使在执行“新手招募【东条希】”后强制关闭或断线，导致无法正常显示招募结果画面，招募也会正确进行。请确认成员列表和应援棒的数量。<br>·本次招募中出现的成员，今后可能会再次出现。<br>·本次招募可能会重新开放。<br>·活动期间及内容可能会在没有预先通知的情况下进行更改。<br>·招募券可以通过屏幕右下角的“使用券进行招募”来使用。<br>在“使用券进行招募”中未显示的券，在本次招募中无法使用。<br>已经加入的成员，今后再次加入时，会根据稀有度获得应援棒。<br>R成员：20个<br>SR成员：50个<br>UR成员：500个<br>·获得的招募积分将在招募结束后自动转换为1本“技能书（中）”。
mst.lottery_caution.9110008._cautionText,请确认“登场成员”的“登场概率”。<br>・在“新手招募【小泉花阳】”中，可能会出现重复的成员。<br>・登场概率已四舍五入到小数点后第五位。<br>因此，各个成员的登场概率之和与总体的登场概率显示值之间可能存在差异。<br>・由于显示的关系，登场概率的总和不一定是100%。<br>・“新手招募【小泉花阳】”是根据登场概率进行每次抽卡。<br>例如，提供概率为1%的成员，并非保证在100次中一定会加入一次。<br>・请在“登场概率”标签页中确认登场概率。<br>・即使在执行“新手招募【小泉花阳】”后强制关闭或断开连接，导致无法正常显示招募结果画面，招募也会被正确执行。请确认成员列表和获得的应援棒数量。<br>・本次招募中登场的成员，今后可能会再次出现。<br>・本次招募可能会重新开放。<br>・活动期间及内容可能会在没有预先通知的情况下进行更改。<br>・招募券可以通过屏幕右下角的“使用券进行招募”来使用。<br> 在“使用券进行招募”中未显示的券，在本次招募中无法使用。<br>・对于已经加入的成员，今后再次加入时，会根据稀有度获得应援棒。<br> R级成员：20个<br> SR级成员：50个<br> UR级成员：500个<br>・获得的招募积分将在招募结束后自动转换为1本“技能书（中）”。
mst.lottery_caution.9110009._cautionText,请确认“登场成员”的“登场概率”。<br>·在“新手招募【矢泽妮可】”中，可能会出现重复的成员。<br>·登场概率已四舍五入到小数点后第五位。<br>因此，各个成员的登场概率之和与总体的登场概率显示值之间可能存在差异。<br>·由于显示的关系，登场概率的总和不一定是100%。<br>·“新手招募【矢泽妮可】”是根据登场概率进行每次抽卡。<br>例如，并非以提供概率为1%的成员在100次中必定加入一次。<br>·请在登场概率标签中确认登场概率。<br>·即使在执行“新手招募【矢泽妮可】”后强制关闭或断开连接，导致无法正常显示招募结果画面，招募也会被正确执行。请确认成员列表和应援棒的数量。<br>·今后可能会再次出现本次招募中的成员。<br>·本次招募可能会重新开放。<br>·举办期间及内容可能会在没有预先通知的情况下进行更改。<br>·招募券可以通过屏幕右下角的“使用券进行招募”来使用。<br>在“使用券进行招募”中未显示的券，在本次招募中将无法使用。<br>已经加入的成员，今后再次加入时，会根据稀有度获得应援棒。<br>R级成员：20个<br>SR级成员：50个<br>UR级成员：500个<br>·获得的招募积分将在招募结束后自动转换为1本“技能书（中）”。
mst.lottery_caution.9110010._cautionText,请确认“登场成员”的“登场概率”。<br>・在“新手招募【高海千歌】”中，可能会出现重复的成员。<br>・登场概率已四舍五入到小数点后第五位。<br>因此，各个成员的登场概率之和与总体的登场概率显示值之间可能存在差异。<br>・由于显示的关系，登场概率的总和不一定是100%。<br>・“新手招募【高海千歌】”是根据登场概率进行每次抽卡。<br>例如，并非以提供概率为1%的成员在100次中必定加入一次。<br>・请在“登场概率”标签页中确认登场概率。<br>・即使在执行“新手招募【高海千歌】”后强制关闭或断开连接，导致无法正常显示招募结果画面，招募也会被正确执行。请确认成员列表和应援棒的数量。<br>・本次招募中出现的成员，今后可能会再次出现。<br>・本次招募可能会重新开放。<br>・活动期间及内容可能会在没有事先通知的情况下进行更改。<br>・招募券可以通过屏幕右下角的“使用券进行招募”来使用。<br> 在“使用券进行招募”中未显示的券，在本次招募中无法使用。<br>・对于已经加入的成员，今后加入时，会根据稀有度获得应援棒。<br> R级成员：20个<br> SR级成员：50个<br> UR级成员：500个<br>・获得的招募积分将在招募结束后自动转换为1个“技能书（中）”。
mst.lottery_caution.9110011._cautionText,请确认“登场成员”的“登场概率”。<br>·在“新手招募【樱内梨子】”中，可能会出现重复的成员。<br>·登场概率已四舍五入到小数点后第五位。<br>因此，各个成员的登场概率之和与总体的登场概率显示值之间可能存在差异。<br>·由于显示的关系，登场概率的总和不一定是100%。<br>·“新手招募【樱内梨子】”是根据登场概率进行每次抽卡。<br>例如，提供概率为1%的成员，并非保证在100次中一定会加入一次。<br>·请在“登场概率”标签页中确认登场概率。<br>·即使在执行“新手招募【樱内梨子】”后强制关闭或断开连接，导致无法正常显示招募结果画面，招募也会被正确执行。请确认成员列表和应援棒的数量。<br>·今后可能会再次出现本次招募中的成员。<br>·本次招募可能会重新开放。<br>·活动期间及内容可能会在没有预先通知的情况下进行更改。<br>·招募券可以通过屏幕右下角的“使用券进行招募”来使用。<br>在“使用券进行招募”中未显示的券，在本次招募中无法使用。<br>·对于已经加入的成员，今后再次加入时，会根据稀有度获得应援棒。<br>R级成员：20个<br>SR级成员：50个<br>UR级成员：500个<br>·获得的招募积分将在招募结束后自动转换为1本“技能书（中）”。
mst.lottery_caution.9110012._cautionText,请确认“登场成员”的“登场概率”。<br>・在“新手招募【松浦果南】”中，可能会出现重复的成员。<br>・登场概率已四舍五入到小数点后第五位。<br>因此，各个成员的登场概率之和与总体的登场概率显示值之间可能存在差异。<br>・由于显示的关系，登场概率的总和不一定是100%。<br>・“新手招募【松浦果南】”是根据登场概率进行每次抽卡。<br>例如，提供概率为1%的成员，并非保证在100次中一定会加入一次。<br>・请在“登场概率”标签页中确认登场概率。<br>・即使在执行“新手招募【松浦果南】”后强制退出或断线，导致无法正常显示招募结果画面，招募也会被正确执行。请确认成员列表和应援棒的数量。<br>・本次招募中出现的成员，今后可能会再次出现。<br>・本次招募可能会重新开放。<br>・活动期间及内容可能会在没有预先通知的情况下进行更改。<br>・招募券可以通过屏幕右下角的“使用券进行招募”来使用。<br> 在“使用券进行招募”中未显示的券，在本次招募中无法使用。<br>・对于已经加入的成员，从第二次开始加入时，会根据稀有度获得应援棒。<br> R成员：20个<br> SR成员：50个<br> UR成员：500个<br>・获得的招募积分将在招募结束后自动转换为1本“技能书（中）”。
mst.lottery_caution.9110013._cautionText,请确认“登场成员”的“登场概率”。<br>·在“新手招募【黑泽黛雅】”中，可能会出现重复的成员。<br>·登场概率已四舍五入到小数点后第五位。<br>因此，各个成员的登场概率之和与整体登场概率的显示值之间可能存在差异。<br>·由于显示的关系，登场概率的总和不一定是100%。<br>·“新手招募【黑泽黛雅】”是根据登场概率进行每次抽卡。<br>例如，并非以提供概率为1%的成员在100次中必定加入一次。<br>·请在登场概率标签中确认登场概率。<br>·即使在执行“新手招募【黑泽黛雅】”后强制退出或断开连接，导致无法正常显示招募结果画面，招募也会被正确执行。请确认成员列表和应援棒的数量。<br>·今后可能会再次出现本次招募中的成员。<br>·本次招募可能会重新开放。<br>·举办期间及内容可能会在没有事先通知的情况下进行更改。<br>·招募券可以通过屏幕右下角的“使用券进行招募”来使用。<br>在“使用券进行招募”中未显示的券，在本次招募中将无法使用。<br>已经加入的成员，今后再次加入时，会根据稀有度获得应援棒。<br>R成员：20个<br>SR成员：50个<br>UR成员：500个<br>·获得的招募积分将在招募结束后自动转换为1本“技能书（中）”。
mst.lottery_caution.9110014._cautionText,请确认“登场成员”的“登场概率”。<br>·在“新手招募【渡边曜】”中，可能会出现重复的成员。<br>·登场概率已四舍五入到小数点后第五位。<br>因此，各个成员的登场概率之和与总体的登场概率显示值之间可能存在差异。<br>·由于显示的关系，登场概率的总和不一定是100%。<br>·“新手招募【渡边曜】”是根据登场概率进行每次抽卡。<br>例如，并非以提供概率为1%的成员在100次中必定加入一次。<br>·请在“登场概率”标签页中确认登场概率。<br>·即使在执行“新手招募【渡边曜】”后强制关闭或断开连接，导致无法正常显示招募结果画面，招募也会被正确执行。请确认成员列表和应援棒的数量。<br>·本次招募中出现的成员，今后可能会再次出现。<br>·本次招募可能会重新开放。<br>·活动期间及内容可能会在没有预先通知的情况下进行更改。<br>·招募券可以通过屏幕右下角的“使用券进行招募”来使用。<br>在“使用券进行招募”中未显示的券，在本次招募中无法使用。<br>已经加入的成员，今后再次加入时，会根据稀有度获得应援棒。<br>R级成员：20个<br>SR级成员：50个<br>UR级成员：500个<br>·获得的招募积分将在招募结束后自动转换为1本“技能书（中）”。
mst.lottery_caution.9110015._cautionText,请确认“登场成员”的“登场概率”。<br>・在“新手招募【津岛善子】”中，可能会出现重复的成员。<br>・登场概率已四舍五入到小数点后第五位。<br>因此，各个成员的登场概率之和与总体的登场概率显示值之间可能存在差异。<br>・由于显示的关系，登场概率的总和不一定是100%。<br>・“新手招募【津岛善子】”是根据登场概率进行每次抽卡。<br>例如，提供概率为1%的成员，并非保证在100次中一定会加入一次。<br>・请在“登场概率”标签页中确认登场概率。<br>・即使在执行“新手招募【津岛善子】”后强制退出或断线，导致无法正常显示招募结果画面，招募也会被正确执行。请确认成员列表和应援棒的数量。<br>・本次招募中出现的成员，今后可能会再次出现。<br>・本次招募可能会重新开放。<br>・活动期间及内容可能会在没有预先通知的情况下进行更改。<br>・招募券可以通过屏幕右下角的“使用券进行招募”来使用。<br> 如果在“使用券进行招募”中未显示的券，则无法在本次招募中使用。<br>・对于已经加入的成员，在第二次及以后加入时，会根据稀有度获得应援棒。<br> R级成员：20个<br> SR级成员：50个<br> UR级成员：500个<br>・获得的招募积分将在招募结束后自动转换为1本“技能书（中）”。
mst.lottery_caution.9110016._cautionText,请确认“登场成员”的“登场概率”。<br>·在“新手招募【国木田花丸】”中，可能会出现重复的成员。<br>·登场概率已四舍五入到小数点后第五位。<br>因此，各个成员的登场概率之和与总体的登场概率显示值之间可能存在差异。<br>·由于显示的关系，登场概率的总和不一定是100%。<br>·“新手招募【国木田花丸】”是根据登场概率进行每次抽卡。<br>例如，提供概率为1%的成员，并非保证在100次中一定会加入一次。<br>·请在“登场概率”标签页中确认登场概率。<br>·即使在执行“新手招募【国木田花丸】”后强制关闭或断开连接，导致无法正常显示招募结果画面，招募也会被正确执行。请确认成员列表和获得的应援棒数量。<br>·本次招募中登场的成员，今后可能会再次出现。<br>·本次招募可能会重新开放。<br>·活动期间及内容可能会在没有预先通知的情况下进行更改。<br>·招募券可以通过屏幕右下角的“使用券进行招募”来使用。<br>在“使用券进行招募”中未显示的券，在本次招募中无法使用。<br>已经加入的成员，今后再次加入时，会根据稀有度获得应援棒。<br>R级成员：20个<br>SR级成员：50个<br>UR级成员：500个<br>获得的招募积分将在招募结束后自动转换为1本“技能书（中）”。
mst.lottery_caution.9110017._cautionText,请确认“登场成员”的“登场概率”。<br>·在“新手招募【小原鞠莉】”中，可能会出现重复的成员。<br>·登场概率已四舍五入到小数点后第五位。<br>因此，各个成员的登场概率之和与总体的登场概率显示值之间可能存在差异。<br>·由于显示的关系，登场概率的总和不一定是100%。<br>·“新手招募【小原鞠莉】”是根据登场概率进行每次抽卡。<br>例如，提供概率为1%的成员，并非保证在100次中一定会加入一次。<br>·请在“登场概率”标签页中确认登场概率。<br>·即使在执行“新手招募【小原鞠莉】”后强制关闭或断开连接，导致无法正常显示招募结果画面，招募也会被正确执行。请确认成员列表和应援棒的数量。<br>·本次招募中出现的成员，今后可能会再次出现。<br>·本次招募可能会重新开放。<br>·活动期间及内容可能会在没有预先通知的情况下进行更改。<br>·招募券可以通过屏幕右下角的“使用券进行招募”来使用。<br>在“使用券进行招募”中未显示的券，在本次招募中无法使用。<br>已经加入的成员，今后再次加入时，会根据稀有度获得应援棒。<br>R级成员：20个<br>SR级成员：50个<br>UR级成员：500个<br>·获得的招募积分将在招募结束后自动转换为1本“技能书（中）”。
mst.lottery_caution.9110018._cautionText,请确认“登场成员”的“登场概率”。<br>・在“新手招募【黑泽露比】”中，可能会出现重复的成员。<br>・登场概率已四舍五入到小数点后第五位。<br>因此，各个成员的登场概率之和与总体的登场概率显示值之间可能存在差异。<br>・由于显示的关系，登场概率的总和不一定是100%。<br>・“新手招募【黑泽露比】”是根据登场概率进行每次抽卡。<br>例如，提供概率为1%的成员，并非保证在100次中一定会加入一次。<br>・请在“登场概率”标签页中确认登场概率。<br>・即使在执行“新手招募【黑泽露比】”后强制关闭或断开连接，导致无法正常显示招募结果画面，招募也会被正确执行。请确认成员列表和应援棒的数量。<br>・本次招募中出现的成员，今后可能会再次出现。<br>・本次招募可能会重新开放。<br>・活动期间及内容可能会在没有预先通知的情况下进行更改。<br>・招募券可以通过屏幕右下角的“使用券进行招募”来使用。<br> 在“使用券进行招募”中未显示的券，在本次招募中无法使用。<br>・对于已经加入的成员，今后再次加入时，会根据稀有度获得应援棒。<br> R级成员：20个<br> SR级成员：50个<br> UR级成员：500个<br>・获得的招募积分将在招募结束后自动转换为1本“技能书（中）”。
mst.lottery_caution.9110019._cautionText,请确认“登场成员”的“登场概率”。<br>・在“新手招募【上原步梦】”中，可能会出现重复的成员。<br>・登场概率已四舍五入到小数点后第五位。<br>因此，各个成员的登场概率之和与总体的登场概率显示值之间可能存在差异。<br>・由于显示的关系，登场概率的总和不一定是100%。<br>・“新手招募【上原步梦】”是根据登场概率进行每次抽卡。<br>例如，提供概率为1%的成员，并非保证在100次中一定会加入一次。<br>・请在“登场概率”标签页中确认登场概率。<br>・即使在执行“新手招募【上原步梦】”后强制关闭或断开连接，导致无法正常显示招募结果画面，招募也会被正确执行。请确认成员列表和应援棒的数量。<br>・本次招募中出现的成员，今后可能会再次出现。<br>・本次招募可能会重新开放。<br>・活动期间及内容可能会在没有预先通知的情况下进行更改。<br>・招募券可以通过屏幕右下角的“使用券进行招募”来使用。<br> 在“使用券进行招募”中未显示的券，在本次招募中无法使用。<br>・对于已经加入的成员，今后再次加入时，会根据稀有度获得应援棒。<br> R级成员：20个<br> SR级成员：50个<br> UR级成员：500个<br>・获得的招募积分将在招募结束后自动转换为1本“技能书（中）”。
mst.lottery_caution.9110020._cautionText,请确认“登场成员”的“登场概率”。<br>・在“新手招募【中须霞】”中，可能会出现重复的成员。<br>・登场概率已四舍五入到小数点后第五位。<br>因此，各个成员的登场概率之和与总体的登场概率显示值之间可能存在差异。<br>・由于显示的关系，登场概率的总和不一定是100%。<br>・“新手招募【中须霞】”是根据登场概率进行每次抽卡。<br>例如，并非以提供概率为1%的成员在100次中必定加入一次。<br>・请在“登场概率”标签页中确认登场概率。<br>・即使在执行“新手招募【中须霞】”后强制退出或断线，导致无法正常显示招募结果画面，招募也会被正确执行。请确认成员列表和应援棒的数量。<br>・本次招募中出现的成员，今后可能会再次出现。<br>・本次招募可能会重新开放。<br>・活动期间及内容可能会在没有预先通知的情况下进行更改。<br>・招募券可以通过屏幕右下角的“使用券进行招募”来使用。<br> 在“使用券进行招募”中未显示的券，在本次招募中无法使用。<br>・对于已经加入的成员，今后再次加入时，会根据稀有度获得应援棒。<br> R级成员：20个<br> SR级成员：50个<br> UR级成员：500个<br>・获得的招募积分将在招募结束后自动转换为1本“技能书（中）”。
mst.lottery_caution.9110021._cautionText,请确认“登场成员”的“登场概率”。<br>·在“新手招募【樱坂雫】”中，可能会出现重复的成员。<br>·登场概率已四舍五入到小数点后第五位。<br>因此，各个成员的登场概率之和与总体的登场概率显示值之间可能存在差异。<br>·由于显示的关系，登场概率的总和不一定是100%。<br>·“新手招募【樱坂雫】”是根据登场概率进行每次抽卡。<br>例如，并非以提供概率为1%的成员在100次中必定加入一次。<br>·请在“登场概率”标签页中确认登场概率。<br>·即使在执行“新手招募【樱坂雫】”后强制退出或断开连接，导致无法正常显示招募结果画面，招募也会被正确执行。请确认成员列表和应援棒的数量。<br>·今后可能会再次出现本次招募中的成员。<br>·本次招募可能会重新开放。<br>·活动期间及内容可能会在没有事先通知的情况下进行更改。<br>·可以使用屏幕右下角的“使用门票招募”功能来使用招募门票。<br>在“使用门票招募”中未显示的门票，在本次招募中将无法使用。<br>已经加入的成员，今后再次加入时，会根据稀有度获得应援棒。<br>R级成员：20个<br>SR级成员：50个<br>UR级成员：500个<br>获得的招募积分将在招募结束后自动转换为1本“技能书（中）”。
mst.lottery_caution.9110022._cautionText,请确认“登场成员”的“登场概率”。<br>·在“新手招募【朝香果林】”中，可能会出现重复的成员。<br>·登场概率已四舍五入到小数点后第五位。<br>因此，各个成员的登场概率之和与总体的登场概率显示值之间可能存在差异。<br>·由于显示的关系，登场概率的总和不一定是100%。<br>·“新手招募【朝香果林】”是根据登场概率进行每次抽卡。<br>例如，提供概率为1%的成员，并非保证在100次中一定会加入一次。<br>·请在“登场概率”标签页中确认登场概率。<br>·即使在执行“新手招募【朝香果林】”后强制关闭或断开连接，导致无法正常显示招募结果画面，招募也会被正确执行。请确认成员列表和应援棒的数量。<br>·本次招募中出现的成员，今后可能会再次出现。<br>·本次招募可能会重新开放。<br>·活动期间及内容可能会在没有预先通知的情况下进行更改。<br>·招募券可以通过屏幕右下角的“使用券进行招募”来使用。<br>在“使用券进行招募”中未显示的券，在本次招募中无法使用。<br>·已经加入的成员，今后再次加入时，会根据稀有度获得应援棒。<br>R级成员：20个<br>SR级成员：50个<br>UR级成员：500个<br>·获得的招募积分将在招募结束后自动转换为1本“技能书（中）”。
mst.lottery_caution.9110023._cautionText,请确认“登场成员”的“登场概率”。<br>·在“新手招募【宫下爱】”中，可能会出现重复的成员。<br>·登场概率已四舍五入到小数点后第五位。<br>因此，各个成员的登场概率之和与总体的登场概率显示值之间可能存在差异。<br>·由于显示的关系，登场概率的总和不一定是100%。<br>·“新手招募【宫下爱】”是根据登场概率进行每次抽卡。<br>例如，并非以提供概率为1%的成员在100次中必定加入一次。<br>·请在“登场概率”标签页中确认登场概率。<br>·即使在执行“新手招募【宫下爱】”后强制关闭或断开连接，导致无法正常显示招募结果画面，招募也会被正确执行。请确认成员列表和获得的应援棒数量。<br>·今后可能会再次出现本次招募中的成员。<br>·本次招募可能会重新开放。<br>·活动期间及内容可能会在没有事先通知的情况下进行更改。<br>·招募券可以通过屏幕右下角的“使用券进行招募”来使用。<br>在“使用券进行招募”中未显示的券，在本次招募中将无法使用。<br>·对于已经加入的成员，今后再次加入时，会根据稀有度获得应援棒。<br>R级成员：20个<br>SR级成员：50个<br>UR级成员：500个<br>·获得的招募积分将在招募结束后自动转换为1本“技能书（中）”。
mst.lottery_caution.9110024._cautionText,请确认“登场成员”的“登场概率”。<br>・在“新手招募【近江彼方】”中，可能会出现重复的成员。<br>・登场概率已四舍五入到小数点后第五位。<br>因此，各个成员的登场概率之和与总体的登场概率显示值之间可能存在差异。<br>・由于显示的关系，登场概率的总和不一定是100%。<br>・“新手招募【近江彼方】”是根据登场概率进行每次抽卡。<br>例如，提供概率为1%的成员，并非保证在100次中一定会加入一次。<br>・请在“登场概率”标签页中确认登场概率。<br>・即使在执行“新手招募【近江彼方】”后强制关闭或断开连接，导致无法正常显示招募结果画面，招募也会被正确执行。请确认成员列表和应援棒的数量。<br>・本次招募中出现的成员，今后可能会再次出现。<br>・本次招募可能会重新开放。<br>・活动期间及内容可能会在没有预先通知的情况下进行更改。<br>・招募券可以通过屏幕右下角的“使用券进行招募”来使用。<br> 在“使用券进行招募”中未显示的券，在本次招募中无法使用。<br>・对于已经加入的成员，今后再次加入时，会根据稀有度获得应援棒。<br> R级成员：20个<br> SR级成员：50个<br> UR级成员：500个<br>・获得的招募积分将在招募结束后自动转换为1本“技能书（中）”。
mst.lottery_caution.9110025._cautionText,请确认“登场成员”的“登场概率”。<br>“教程招募【优木雪菜】”中，可能会出现重复的成员。<br>登场概率已四舍五入到小数点后第五位。<br>因此，各成员的登场概率之和与总体的登场概率显示值之间可能存在差异。<br>由于显示的关系，登场概率的总和不一定是100%。<br>“教程招募【优木雪菜】”会根据登场概率进行每次抽卡。<br>例如，并非以提供概率为1%的成员在100次中必定加入一次。<br>请在“登场概率”标签页确认登场概率。<br>即使在执行“教程招募【优木雪菜】”后强制关闭或断开连接，导致正常显示招募结果画面时，“招募”仍会正确进行。请确认成员列表和应援棒的数量。<br>今后，本次招募中登场的成员可能会再次出现。<br>本次招募可能会重新开放。<br>活动期间及内容可能会在没有预先通知的情况下进行更改。<br>招募券可以通过屏幕右下角的“使用券进行招募”来使用。<br>如果在“使用券进行招募”中未显示的券，则无法在此次招募中使用。<br>对于已经加入的成员，今后再次加入时，会根据稀有度获得应援棒。<br>R级成员：20个<br>SR级成员：50个<br>UR级成员：500个<br>获得的招募积分将在招募结束后自动转换为1本“技能书（中）”。
mst.lottery_caution.9110026._cautionText,请确认“登场概率”以了解将要出现的成员。<br>·在“新手招募【艾玛·贝尔德】”中，可能会出现重复的成员。<br>·登场概率已四舍五入到小数点后第五位。<br>因此，各个成员的登场概率之和与总体的登场概率显示值之间可能存在差异。<br>·由于显示的关系，登场概率的总和可能不会达到 100%。<br>·“新手招募【艾玛·贝尔德】”将根据登场概率进行每次抽卡。<br>例如，并非以提供概率为 1% 的成员在 100 次中一定会加入的机制。<br>·请在“登场概率”标签页中确认登场概率。<br>·即使在执行“新手招募【艾玛·贝尔德】”后强制关闭或断开连接，导致无法正常显示招募结果画面，招募也会被正确执行。请确认成员列表和应援棒的数量。<br>·今后可能会再次出现本次招募中的成员。<br>·本次招募可能会重新开放。<br>·活动期间及内容可能会在没有事先通知的情况下进行更改。<br>·您可以从屏幕右下角的“使用门票进行招募”来使用招募门票。<br>·如果在“使用门票进行招募”中未显示的门票，则无法在此次招募中使用。<br>·对于已经加入的成员，在第二次及以后加入时，您可以根据稀有度获得应援棒。<br>R 成员：20 个 <br>SR 成员：50 个 <br>UR 成员：500 个 <br>·获得的招募积分将在招募结束后自动转换为 1 本“技能书（中）”。
mst.lottery_caution.9110027._cautionText,请确认“登场成员”的“登场概率”。<br>·在“新手招募【天王寺璃奈】”中，可能会出现重复的成员。<br>·登场概率已四舍五入到小数点后第五位。<br>因此，各个成员的登场概率之和与总体的登场概率显示值之间可能存在差异。<br>·由于显示的关系，登场概率的总和不一定是100%。<br>·“新手招募【天王寺璃奈】”是根据登场概率进行每次抽卡。<br>例如，提供概率为1%的成员，并非保证在100次中一定会加入一次。<br>·请在“登场概率”标签页中确认登场概率。<br>·即使在执行“新手招募【天王寺璃奈】”后强制关闭或断开连接，导致无法正常显示招募结果画面，招募也会被正确执行。请确认成员列表和应援棒的数量。<br>·今后可能会再次出现本次招募中的成员。<br>·本次招募可能会重新开放。<br>·活动期间及内容可能会在没有预先通知的情况下进行更改。<br>·招募券可以通过屏幕右下角的“使用券进行招募”来使用。<br>在“使用券进行招募”中未显示的券，在本次招募中无法使用。<br>已经加入的成员，今后再次加入时，会根据稀有度获得应援棒。<br>R成员：20个<br>SR成员：50个<br>UR成员：500个<br>·获得的招募积分将在招募结束后自动转换为1本“技能书（中）”。
mst.lottery_caution.9110028._cautionText,请确认“登场成员”的“登场概率”。<br>·在“新手招募【三船栞子】”中，可能会出现重复的成员。<br>·登场概率已四舍五入到小数点后第五位。<br>因此，各个成员的登场概率之和与总体的登场概率显示值之间可能存在差异。<br>·由于显示的关系，登场概率的总和不一定是100%。<br>·“新手招募【三船栞子】”是根据登场概率进行每次抽卡。<br>例如，提供概率为1%的成员，并非保证在100次中一定会加入一次。<br>·请在“登场概率”标签页中确认登场概率。<br>·即使在执行“新手招募【三船栞子】”后强制关闭或断开连接，导致无法正常显示招募结果画面，招募也会被正确执行。请确认成员列表和应援棒的数量。<br>·本次招募中出现的成员，今后可能会再次出现。<br>·本次招募可能会重新开放。<br>·活动期间及内容可能会在没有预先通知的情况下进行更改。<br>·招募券可以通过屏幕右下角的“使用券进行招募”来使用。<br>在“使用券进行招募”中未显示的券，在本次招募中无法使用。<br>·已经加入的成员，今后再次加入时，会根据稀有度获得应援棒。<br>R级成员：20个<br>SR级成员：50个<br>UR级成员：500个<br>·获得的招募积分将在招募结束后自动转换为1本“技能书（中）”。
mst.lottery_caution.9110029._cautionText,请确认“登场成员”的“登场概率”。<br>・在“新手招募【米娅·泰勒】”中，可能会出现重复的成员。<br>・登场概率已四舍五入到小数点后第五位。<br>因此，各个成员的登场概率之和与总体的登场概率显示值之间可能存在差异。<br>・由于显示的关系，登场概率的总和不一定是100%。<br>・“新手招募【米娅·泰勒】”是根据登场概率进行每次抽卡。<br>例如，提供概率为1%的成员，并非保证在100次中一定会加入一次。<br>・请在登场概率标签中确认登场概率。<br>・即使在执行“新手招募【米娅·泰勒】”后强制关闭或断开连接，导致无法正常显示招募结果画面，招募也会被正确执行。请确认成员列表和应援棒的数量。<br>・本次招募中登场的成员，今后可能会再次出现。<br>・本次招募可能会重新开放。<br>・活动期间及内容可能会在没有预先通知的情况下进行更改。<br>・招募券可以通过屏幕右下角的“使用券进行招募”来使用。<br> 在“使用券进行招募”中未显示的券，在本次招募中无法使用。<br>・对于已经加入的成员，今后再次加入时，会根据稀有度获得应援棒。<br> R成员：20个<br> SR成员：50个<br> UR成员：500个<br>・获得的招募积分将在招募结束后自动转换为1本“技能书（中）”。
mst.lottery_caution.9110030._cautionText,请确认“登场成员”的“登场概率”。<br>・在“新手招募【钟岚珠】”中，可能会出现重复的成员。<br>・登场概率已四舍五入到小数点后第五位。<br>因此，各个成员的登场概率之和与整体登场概率的显示值之间可能存在差异。<br>・由于显示的关系，登场概率的总和不一定是100%。<br>・“新手招募【钟岚珠】”是根据登场概率进行每次抽卡。<br>例如，提供概率为1%的成员，并非保证在100次中一定会加入一次。<br>・请在登场概率标签中确认登场概率。<br>・即使在执行“新手招募【钟岚珠】”后强制退出或断开连接，导致无法正常显示招募结果画面，招募也会被正确执行。请确认成员列表和应援棒的数量。<br>・本次招募中出现的成员，今后可能会再次出现。<br>・本次招募可能会重新开放。<br>・活动期间及内容可能会在没有预先通知的情况下进行更改。<br>・招募券可以通过屏幕右下角的“使用券进行招募”来使用。<br> 在“使用券进行招募”中未显示的券，在本次招募中无法使用。<br>・对于已经加入的成员，从第二次开始加入时，会根据稀有度获得应援棒。<br> R成员：20个<br> SR成员：50个<br> UR成员：500个<br>・获得的招募积分将在招募结束后自动转换为1本“技能书（中）”。
mst.lottery_caution.9110031._cautionText,·登场成员的概率请在“登场概率”处确认。<br>·“新手招募【澁谷かのん】”中，登场的成员可能会重复。<br>·登场概率已四舍五入到小数点后第五位。<br>因此，各成员的登场概率之和与总体的登场概率显示值可能存在差异。<br>·由于显示的关系，登场概率合计有时不会达到100%。<br>·“新手招募【澁谷かのん】”会根据登场概率进行每次抽卡。<br>例如，提供概率为1%的成员，并非保证在100次中必有1次加入。<br>·关于登场概率，请在登场概率标签处确认。<br>·即使在执行“新手招募【澁谷かのん】”后强制退出或断线，导致无法正常显示招募结果画面，招募也会正确进行。请确认成员列表和应援棒的数量。<br>·本次招募中登场的成员，今后可能会再次登场。<br>·本次招募可能会重新开放。<br>·活动期间及内容可能未经预告地变更。<br>·招募券可以通过屏幕右下角的“使用券进行招募”来使用。<br>在“使用券进行招募”中未显示的券，在本次招募中无法使用。<br>已经加入的成员，今后再次加入时，会根据稀有度获得应援棒。<br>R级成员：20个<br>SR级成员：50个<br>UR级成员：500个<br>·获得的招募积分将在招募结束后自动转换为“技能书（中）”1本。
mst.lottery_caution.9110032._cautionText,请确认“登场成员”的“登场概率”。<br>·在“新手招募【唐 可可】”中，可能会出现重复的成员。<br>·登场概率已四舍五入到小数点后第五位。<br>因此，各个成员的登场概率之和与总体的登场概率显示值之间可能存在差异。<br>·由于显示的关系，登场概率的总和不一定是100%。<br>·“新手招募【唐 可可】”是根据登场概率进行每次抽卡。<br>例如，提供概率为1%的成员，并非保证在100次中一定会加入一次。<br>·请在“登场概率”标签页中确认登场概率。<br>·即使在执行“新手招募【唐 可可】”后强制关闭或断开连接，导致无法正常显示招募结果画面，招募也会被正确执行。请确认成员列表和应援棒的数量。<br>·今后可能会再次出现本次招募中的成员。<br>·本次招募可能会重新开放。<br>·活动期间及内容可能会在没有预先通知的情况下进行更改。<br>·招募券可以通过屏幕右下角的“使用券进行招募”来使用。<br>在“使用券进行招募”中未显示的券，在本次招募中无法使用。<br>·对于已经加入的成员，今后再次加入时，会根据稀有度获得应援棒。<br>R级成员：20个<br>SR级成员：50个<br>UR级成员：500个<br>·获得的招募积分将在招募结束后自动转换为1本“技能书（中）”。
mst.lottery_caution.9110033._cautionText,请确认“登场成员”的“登场概率”。<br>・在“新手招募【岚千砂都】”中，可能会出现重复的成员。<br>・登场概率已四舍五入到小数点后第五位。<br>因此，各个成员的登场概率之和与总体的登场概率显示值之间可能存在差异。<br>・由于显示的关系，登场概率的总和不一定是100%。<br>・“新手招募【岚千砂都】”是根据登场概率进行每次抽卡。<br>例如，提供概率为1%的成员，并非保证在100次中一定会加入一次。<br>・关于登场概率，请在登场概率标签页中确认。<br>・即使在执行“新手招募【岚千砂都】”后强制退出或断线，导致无法正常显示招募结果画面，招募也会被正确执行。请确认成员列表和应援棒的数量。<br>・本次招募中登场的成员，今后可能会再次出现。<br>・本次招募可能会重新开放。<br>・活动期间及内容可能会在没有预先通知的情况下进行更改。<br>・招募券可以通过屏幕右下角的“使用券进行招募”来使用。<br> 在“使用券进行招募”中未显示的券，在本次招募中无法使用。<br>・对于已经加入的成员，今后再次加入时，会根据稀有度获得应援棒。<br> R级成员：20个<br> SR级成员：50个<br> UR级成员：500个<br>・获得的招募积分将在招募结束后自动转换为1本“技能书（中）”。
mst.lottery_caution.9110034._cautionText,请确认“登场成员”的“登场概率”。<br>・在“新手招募【平安名 すみれ】”中，可能会出现重复的成员。<br>・登场概率已四舍五入到小数点后第五位。<br>因此，各个成员的登场概率之和与总体的登场概率显示值之间可能存在差异。<br>・由于显示的关系，登场概率的总和不一定是100%。<br>・“新手招募【平安名 すみれ】”是根据登场概率进行每次抽卡。<br>例如，提供概率为1%的成员，并非保证在100次中一定会加入一次。<br>・请在“登场概率”标签页中确认登场概率。<br>・即使在执行“新手招募【平安名 すみれ】”后强制关闭或断开连接，导致无法正常显示招募结果画面，招募也会被正确执行。请确认成员列表和应援棒的数量。<br>・本次招募中登场的成员，今后可能会再次出现。<br>・本次招募可能会重新开放。<br>・活动期间及内容可能会在没有预先通知的情况下进行更改。<br>・招募券可以通过屏幕右下角的“使用券进行招募”来使用。<br> 在“使用券进行招募”中未显示的券，在本次招募中无法使用。<br>・对于已经加入的成员，今后再次加入时，会根据稀有度获得应援棒。<br> R级成员：20个<br> SR级成员：50个<br> UR级成员：500个<br>・获得的招募积分将在招募结束后自动转换为1本“技能书（中）”。
mst.lottery_caution.9110035._cautionText,请确认“登场概率”以了解将要登场的成员。<br>·在“新手招募【叶月恋】”中，可能会出现重复的成员。<br>·登场概率已四舍五入到小数点后第五位。<br>因此，各个成员的登场概率之和与总体的登场概率显示值之间可能存在差异。<br>·由于显示的关系，登场概率的总和不一定是100%。<br>·“新手招募【叶月恋】”将根据登场概率进行每次抽卡。<br>例如，提供概率为1%的成员并不意味着在100次中一定会加入一次。<br>·请在登场概率标签中确认登场概率。<br>·即使在执行“新手招募【叶月恋】”后强制关闭或断开连接，导致无法正常显示招募结果画面，招募也会被正确执行。请确认成员列表和应援棒的数量。<br>·今后可能会再次出现本次招募中的成员。<br>·本次招募可能会重新开放。<br>·活动期间和内容可能会在没有事先通知的情况下进行更改。<br>·您可以从屏幕右下角的“使用门票招募”来使用招募门票。<br>如果在“使用门票招募”中未显示的门票，则无法在此次招募中使用。<br>·对于已经加入的成员，在第二次及以后加入时，您将根据稀有度获得应援棒。<br>R级成员：20个<br>SR级成员：50个<br>UR级成员：500个<br>·获得的招募积分将在招募结束后自动转换为1本“技能书（中）”。
mst.lottery_caution.9110036._cautionText,请确认“登场成员”的“登场概率”。<br>・在“新手招募【樱小路 кина子】”中，可能会出现重复的成员。<br>・登场概率已四舍五入到小数点后第五位。<br>因此，各个成员的登场概率之和与总体的登场概率显示值之间可能存在差异。<br>・由于显示的关系，登场概率的总和不一定是100%。<br>・“新手招募【樱小路 кина子】”会根据登场概率进行每次抽卡。<br>例如，并非以提供概率为1%的成员在100次中必定加入一次。<br>・请在“登场概率”标签页中确认登场概率。<br>・即使在执行“新手招募【樱小路 кина子】”后强制关闭或断开连接，导致无法正常显示招募结果画面，招募也会被正确执行。请确认成员列表和应援棒的数量。<br>・本次招募中登场的成员，今后可能会再次出现。<br>・本次招募可能会重新开放。<br>・活动期间及内容可能会在没有预先通知的情况下进行更改。<br>・招募券可以通过屏幕右下角的“使用券进行招募”来使用。<br> 在“使用券进行招募”中未显示的券，在本次招募中无法使用。<br>・对于已经加入的成员，今后再次加入时，会根据稀有度获得应援棒。<br> R级成员：20个<br> SR级成员：50个<br> UR级成员：500个<br>・获得的招募积分将在招募结束后自动转换为1本“技能书（中）”。
mst.lottery_caution.9110037._cautionText,请确认“登场成员”的“登场概率”。<br>・在“新手招募【米女メイ】”中，可能会出现重复的成员。<br>・登场概率已四舍五入到小数点后第五位。<br>因此，各个成员的登场概率之和与总体的登场概率显示值之间可能存在差异。<br>・由于显示的关系，登场概率的总和不一定是100%。<br>・“新手招募【米女メイ】”是根据登场概率进行每次抽卡。<br>例如，提供概率为1%的成员，并非保证在100次中一定会加入一次。<br>・请在登场概率标签中确认登场概率。<br>・即使在执行“新手招募【米女メイ】”后强制关闭或断开连接，导致无法正常显示招募结果画面，招募也会被正确执行。请确认成员列表和应援棒的数量。<br>・本次招募中出现的成员，今后可能会再次出现。<br>・本次招募可能会重新开放。<br>・活动期间及内容可能会在没有预先通知的情况下进行更改。<br>・招募券可以通过屏幕右下角的“使用券进行招募”来使用。<br> 在“使用券进行招募”中未显示的券，在本次招募中无法使用。<br>・对于已经加入的成员，从第二次开始加入时，会根据稀有度获得应援棒。<br> R级成员：20个<br> SR级成员：50个<br> UR级成员：500个<br>・获得的招募积分将在招募结束后自动转换为1本“技能书（中）”。
mst.lottery_caution.9110038._cautionText,请确认“登场概率”以了解将要出现的成员。<br>·在“新手招募【若菜 四季】”活动中，可能会出现重复的成员。<br>·登场概率已四舍五入到小数点后第五位。<br>因此，各个成员的登场概率之和与整体登场概率的显示值之间可能存在差异。<br>·由于显示原因，登场概率的总和可能不会达到 100%。<br>·“新手招募【若菜 四季】”活动会根据登场概率进行每次抽卡。<br>例如，提供概率为 1% 的成员并不意味着在 100 次中一定会加入一次。<br>·请在登场概率标签中确认登场概率。<br>·即使在执行“新手招募【若菜 四季】”活动后强制关闭或断开连接，导致无法正常显示招募结果画面，招募也会被正确执行。请确认成员列表和应援棒的数量。<br>·今后可能会再次出现本次招募中的成员。<br>·本次招募可能会重新开放。<br>·活动期间和内容可能会在没有事先通知的情况下进行更改。<br>·您可以从屏幕右下角的“使用门票招募”来使用招募门票。<br>·如果在“使用门票招募”中未显示的门票，则无法在此次招募中使用。<br>·对于已经加入的成员，在第二次加入时，您将根据稀有度获得应援棒。<br>·R 成员：20 个 <br>·SR 成员：50 个 <br>·UR 成员：500 个 <br>·获得的招募积分将在招募结束后自动转换为 1 本“技能书（中）”。
mst.lottery_caution.9110039._cautionText,请确认“登场概率”以了解将要出现的成员。<br>・在“新手招募【鬼塚夏美】”活动中，可能会出现重复的成员。<br>・登场概率已四舍五入到小数点后第五位。<br>因此，各个成员的登场概率之和与整体登场概率的显示值之间可能存在差异。<br>・由于显示原因，登场概率的总和可能不会达到 100%。<br>・“新手招募【鬼塚夏美】”活动将根据登场概率进行每次抽卡。<br>例如，并非以提供概率为 1% 的成员在 100 次中必定加入的机制。<br>・请在登场概率标签中确认登场概率。<br>・即使在执行“新手招募【鬼塚夏美】”活动后强制退出或断开连接，导致无法正常显示招募结果画面，招募仍会正确进行。请确认成员列表和应援棒的数量。<br>・本次招募中出现的成员可能会在未来再次出现。<br>・本次招募可能会重新开放。<br>・活动期间及内容可能会在没有事先通知的情况下进行更改。<br>・您可以从屏幕右下角的“使用门票招募”来使用招募门票。<br> 如果在“使用门票招募”中未显示的门票，则无法在此次招募中使用。<br>・对于已经加入的成员，在第二次加入之后，您可以根据稀有度获得应援棒。<br> R 成员：20 个 <br> SR 成员：50 个 <br> UR 成员：500 个 <br>・获得的招募积分将在招募结束后自动转换为 1 本“技能书（中）”。
