_key,_text
mst.mission.1153001._title,登录4天
mst.mission.1153001._detail,登录四天
mst.mission.1153002._title,登录5天
mst.mission.1153002._detail,登录5天
mst.mission.1153003._title,登录10天
mst.mission.1153003._detail,登录10天
mst.mission.1153004._title,15天登录
mst.mission.1153004._detail,登录15天
mst.mission.1153005._title,20天登录
mst.mission.1153005._detail,登录20天
mst.mission.1153006._title,30天登录
mst.mission.1153006._detail,登录30天
mst.mission.1153007._title,40天登录
mst.mission.1153007._detail,登录40天
mst.mission.1153008._title,50天登录
mst.mission.1153008._detail,登录50天
mst.mission.1153009._title,60天登录
mst.mission.1153009._detail,登录60天
mst.mission.1153010._title,登录70天
mst.mission.1153010._detail,登录70天
mst.mission.1153011._title,登录80天
mst.mission.1153011._detail,登录80天
mst.mission.1153012._title,90天登录
mst.mission.1153012._detail,登录90天
mst.mission.1153013._title,登录100天
mst.mission.1153013._detail,登录100天
mst.mission.1153014._title,登录150天
mst.mission.1153014._detail,登录150天
mst.mission.1153015._title,登录200天
mst.mission.1153015._detail,登录200天
mst.mission.1153016._title,登录250天
mst.mission.1153016._detail,登录250天
mst.mission.1153017._title,300天登录
mst.mission.1153017._detail,登录300天
mst.mission.1153018._title,400天登录
mst.mission.1153018._detail,登录400天
mst.mission.1153019._title,登录500天
mst.mission.1153019._detail,登录500天
mst.mission.1105001._title,完成30次Live
mst.mission.1105001._detail,完成30次Live。
mst.mission.1105002._title,完成50次Live
mst.mission.1105002._detail,完成50次Live。
mst.mission.1105003._title,完成100次Live
mst.mission.1105003._detail,完成100次Live。
mst.mission.1105004._title,完成200次Live
mst.mission.1105004._detail,完成200次Live。
mst.mission.1105005._title,完成300场Live
mst.mission.1105005._detail,完成300次Live。
mst.mission.1105006._title,完成400次Live
mst.mission.1105006._detail,完成400次Live。
mst.mission.1105007._title,完成500次Live
mst.mission.1105007._detail,完成500次Live。
mst.mission.1105008._title,完成600次Live
mst.mission.1105008._detail,完成600次Live。
mst.mission.1105009._title,完成700场Live
mst.mission.1105009._detail,完成700次Live。
mst.mission.1105010._title,完成800场Live
mst.mission.1105010._detail,完成800次Live。
mst.mission.1105011._title,完成900场Live
mst.mission.1105011._detail,完成900次Live
mst.mission.1105012._title,完成1000场Live
mst.mission.1105012._detail,完成1000次Live。
mst.mission.1105013._title,完成2000次Live
mst.mission.1105013._detail,完成2000次Live
mst.mission.1105014._title,完成3000次Live
mst.mission.1105014._detail,完成3000次Live。
mst.mission.1105015._title,完成4000次Live
mst.mission.1105015._detail,完成4000次Live。
mst.mission.1105016._title,完成5000次Live
mst.mission.1105016._detail,完成 Live 5000 次
mst.mission.1105017._title,完成 Live 10000 次
mst.mission.1105017._detail,完成10000次Live
mst.mission.1101001._title,将玩家等级提升至10
mst.mission.1101001._detail,将玩家等级提升至10
mst.mission.1101002._title,提升玩家等级至20
mst.mission.1101002._detail,将玩家等级提升至20
mst.mission.1101003._title,将玩家等级提升至30
mst.mission.1101003._detail,将玩家等级提升至30
mst.mission.1101004._title,提升玩家等级至40
mst.mission.1101004._detail,将玩家等级提升至40
mst.mission.1101005._title,提升玩家等级至50
mst.mission.1101005._detail,将玩家等级提升至50
mst.mission.1101006._title,提升玩家等级至60
mst.mission.1101006._detail,将玩家等级提升至60
mst.mission.1101007._title,提升玩家等级至70
mst.mission.1101007._detail,将玩家等级提升至70
mst.mission.1101008._title,将玩家等级提升至80
mst.mission.1101008._detail,将玩家等级提升至80
mst.mission.1101009._title,提升玩家等级至90
mst.mission.1101009._detail,将玩家等级提升至90
mst.mission.1101010._title,将玩家等级提升至100
mst.mission.1101010._detail,将玩家等级提升至100
mst.mission.1101011._title,将玩家等级提升至110
mst.mission.1101011._detail,将玩家等级提升至110
mst.mission.1101012._title,将玩家等级提升至120
mst.mission.1101012._detail,将玩家等级提升至120
mst.mission.1101013._title,将玩家等级提升至130
mst.mission.1101013._detail,将玩家等级提升至130
mst.mission.1101014._title,将玩家等级提升至140
mst.mission.1101014._detail,将玩家等级提升至140
mst.mission.1101015._title,将玩家等级提升至150
mst.mission.1101015._detail,将玩家等级提升至150
mst.mission.1101016._title,将玩家等级提升至160
mst.mission.1101016._detail,将玩家等级提升至160
mst.mission.1101017._title,将玩家等级提升至170
mst.mission.1101017._detail,将玩家等级提升至170
mst.mission.1101018._title,将玩家等级提升至180
mst.mission.1101018._detail,将玩家等级提升至180
mst.mission.1101019._title,将玩家等级提升至190
mst.mission.1101019._detail,将玩家等级提升至190
mst.mission.1101020._title,将玩家等级提升至200
mst.mission.1101020._detail,将玩家等级提升至200
mst.mission.1101021._title,将玩家等级提升至210
mst.mission.1101021._detail,将玩家等级提升至210
mst.mission.1101022._title,将玩家等级提升至220
mst.mission.1101022._detail,将玩家等级提升至220
mst.mission.1101023._title,将玩家等级提升至230
mst.mission.1101023._detail,将玩家等级提升至230
mst.mission.1101024._title,将玩家等级提升至240
mst.mission.1101024._detail,将玩家等级提升至240
mst.mission.1101025._title,将玩家等级提升至250
mst.mission.1101025._detail,将玩家等级提升至250
mst.mission.1101026._title,将玩家等级提升至260
mst.mission.1101026._detail,将玩家等级提升至260
mst.mission.1101027._title,将玩家等级提升至270
mst.mission.1101027._detail,将玩家等级提升至270
mst.mission.1101028._title,将玩家等级提升至280
mst.mission.1101028._detail,将玩家等级提升至280
mst.mission.1101029._title,将玩家等级提升至290
mst.mission.1101029._detail,将玩家等级提升至290
mst.mission.1101030._title,提升玩家等级至300
mst.mission.1101030._detail,将玩家等级提升至300
mst.mission.1114001._title,将偶像提升到20级或以上
mst.mission.1114001._detail,使偶像达到等级20以上
mst.mission.1114002._title,提升2名偶像等级至20级以上
mst.mission.1114002._detail,使两个偶像达到20级以上
mst.mission.1114003._title,提升3名偶像等级至20级以上
mst.mission.1114003._detail,使3个偶像达到等级20以上
mst.mission.1114004._title,使4名偶像达到20级
mst.mission.1114004._detail,使4个偶像达到等级20以上
mst.mission.1114005._title,使5名偶像达到20级
mst.mission.1114005._detail,使5个偶像达到等级20以上
mst.mission.1114006._title,使6名偶像达到20级以上
mst.mission.1114006._detail,使6个偶像达到等级20以上
mst.mission.1114007._title,使7名偶像达到20级
mst.mission.1114007._detail,使7个偶像达到等级20以上
mst.mission.1114008._title,使8名偶像达到20级以上
mst.mission.1114008._detail,使8名偶像达到20级以上
mst.mission.1114009._title,使9名偶像达到20级
mst.mission.1114009._detail,使9个偶像达到等级20以上
mst.mission.1114010._title,使10名偶像达到20级
mst.mission.1114010._detail,使10个偶像达到等级20以上
mst.mission.1114011._title,使11名偶像达到20级
mst.mission.1114011._detail,使11个偶像达到等级20以上
mst.mission.1114012._title,使12名偶像达到20级
mst.mission.1114012._detail,使12个偶像达到等级20以上
mst.mission.1114013._title,使13名偶像达到20级
mst.mission.1114013._detail,使13个偶像达到20级以上
mst.mission.1114014._title,使14名偶像达到20级
mst.mission.1114014._detail,使14个偶像达到等级20以上
mst.mission.1114015._title,使15名偶像达到20级
mst.mission.1114015._detail,使15个偶像达到等级20以上
mst.mission.1114016._title,使16名偶像达到20级
mst.mission.1114016._detail,使16个偶像达到20级以上
mst.mission.1114017._title,使17名偶像达到20级
mst.mission.1114017._detail,使17个偶像达到等级20以上
mst.mission.1114018._title,使18名偶像达到20级
mst.mission.1114018._detail,使18名偶像达到20级
mst.mission.1114019._title,使19名偶像达到20级
mst.mission.1114019._detail,使19个偶像达到等级20以上
mst.mission.1114020._title,使20名偶像达到20级
mst.mission.1114020._detail,使20名偶像达到等级20以上
mst.mission.1114021._title,使21名偶像达到20级以上
mst.mission.1114021._detail,使21名偶像达到等级20以上
mst.mission.1114022._title,使22名偶像达到20级
mst.mission.1114022._detail,使22名偶像达到等级20以上
mst.mission.1114023._title,使23名偶像达到20级以上
mst.mission.1114023._detail,使23名偶像达到等级20以上
mst.mission.1114024._title,使24名偶像达到20级以上
mst.mission.1114024._detail,使24名偶像达到等级20以上
mst.mission.1114025._title,使25名偶像达到20级
mst.mission.1114025._detail,使25个偶像达到等级20以上
mst.mission.1114026._title,使26名偶像达到20级以上
mst.mission.1114026._detail,使26个偶像达到等级20以上
mst.mission.1114027._title,使27名偶像达到20级以上
mst.mission.1114027._detail,使27个偶像达到等级20以上
mst.mission.1114028._title,将偶像提升至等级40以上
mst.mission.1114028._detail,将位偶像提升至40级或以上
mst.mission.1114029._title,提升2名偶像至等级40以上
mst.mission.1114029._detail,使两个偶像达到40级以上
mst.mission.1114030._title,提升3名偶像等级至40级以上
mst.mission.1114030._detail,使3个偶像达到等级40以上
mst.mission.1114031._title,使4名偶像达到40级以上
mst.mission.1114031._detail,使4名偶像达到40级以上
mst.mission.1114032._title,使5名偶像达到40级以上
mst.mission.1114032._detail,使5个偶像达到40级以上
mst.mission.1114033._title,使6名偶像达到40级以上
mst.mission.1114033._detail,使6名偶像达到40级以上
mst.mission.1114034._title,使7名偶像达到40级以上
mst.mission.1114034._detail,使7个偶像达到等级40以上
mst.mission.1114035._title,使8名偶像达到40级
mst.mission.1114035._detail,使8名偶像达到40级以上
mst.mission.1114036._title,使9名偶像达到40级
mst.mission.1114036._detail,使9个偶像达到等级40以上
mst.mission.1114037._title,使10名偶像达到40级
mst.mission.1114037._detail,使10个偶像达到40级以上
mst.mission.1114038._title,使11名偶像达到40级
mst.mission.1114038._detail,使11个偶像达到40级以上
mst.mission.1114039._title,使12名偶像达到40级
mst.mission.1114039._detail,使12名偶像达到40级以上
mst.mission.1114040._title,使13名偶像达到40级
mst.mission.1114040._detail,使13个偶像达到40级以上
mst.mission.1114041._title,使14名偶像达到40级
mst.mission.1114041._detail,使14个偶像达到等级40以上
mst.mission.1114042._title,使15名偶像达到40级以上
mst.mission.1114042._detail,使15个偶像达到40级以上
mst.mission.1114043._title,使16名偶像达到40级
mst.mission.1114043._detail,使16个偶像达到40级以上
mst.mission.1114044._title,使17名偶像达到40级
mst.mission.1114044._detail,使17个偶像达到40级以上
mst.mission.1114045._title,使18名偶像达到40级
mst.mission.1114045._detail,使18个偶像达到40级以上
mst.mission.1114046._title,使19名偶像达到40级
mst.mission.1114046._detail,使19个偶像达到40级以上
mst.mission.1114047._title,使20名偶像达到40级
mst.mission.1114047._detail,使20名偶像达到40级以上
mst.mission.1114048._title,使21名偶像达到40级以上
mst.mission.1114048._detail,使21名偶像达到40级以上
mst.mission.1114049._title,使22名偶像达到40级
mst.mission.1114049._detail,使22个偶像达到等级40以上
mst.mission.1114050._title,使23名偶像达到40级
mst.mission.1114050._detail,使23个偶像达到40级以上
mst.mission.1114051._title,使24名偶像达到40级
mst.mission.1114051._detail,使24名偶像达到40级以上
mst.mission.1114052._title,使25名偶像达到40级
mst.mission.1114052._detail,使25个偶像达到等级40以上
mst.mission.1114053._title,使26名偶像达到40级以上
mst.mission.1114053._detail,使26个偶像达到等级40以上
mst.mission.1114054._title,使27名偶像达到40级以上
mst.mission.1114054._detail,使27个偶像达到等级40以上
mst.mission.1114055._title,提升位偶像等级至60级以上
mst.mission.1114055._detail,将位偶像提升至60级或以上
mst.mission.1114056._title,提升2名偶像至等级60以上
mst.mission.1114056._detail,使两个偶像达到60级以上
mst.mission.1114057._title,使3名偶像达到60级
mst.mission.1114057._detail,使3个偶像达到60级以上
mst.mission.1114058._title,使4名偶像达到60级以上
mst.mission.1114058._detail,使4个偶像达到60级以上
mst.mission.1114059._title,使5个偶像达到60级
mst.mission.1114059._detail,使5个偶像达到60级以上
mst.mission.1114060._title,使6名偶像达到60级以上
mst.mission.1114060._detail,使6名偶像达到60级以上
mst.mission.1114061._title,使7名偶像达到60级以上
mst.mission.1114061._detail,使7个偶像达到60级以上
mst.mission.1114062._title,使8名偶像达到60级
mst.mission.1114062._detail,使8名偶像达到60级以上
mst.mission.1114063._title,使9名偶像达到60级
mst.mission.1114063._detail,使9个偶像达到60级
mst.mission.1114064._title,提升10名偶像至60级以上
mst.mission.1114064._detail,使10个偶像达到60级
mst.mission.1114065._title,使11名偶像达到60级
mst.mission.1114065._detail,使11个偶像达到60级以上
mst.mission.1114066._title,使12名偶像达到60级
mst.mission.1114066._detail,使12名偶像达到60级
mst.mission.1114067._title,使13名偶像达到60级
mst.mission.1114067._detail,使13个偶像达到60级以上
mst.mission.1114068._title,使14名偶像达到60级
mst.mission.1114068._detail,使14个偶像达到60级以上
mst.mission.1114069._title,使15名偶像达到60级
mst.mission.1114069._detail,使15个偶像达到60级以上
mst.mission.1114070._title,使16名偶像达到60级
mst.mission.1114070._detail,使16个偶像达到60级以上
mst.mission.1114071._title,使17名偶像达到60级
mst.mission.1114071._detail,使17个偶像达到60级以上
mst.mission.1114072._title,使18名偶像达到60级
mst.mission.1114072._detail,使18个偶像达到60级以上
mst.mission.1114073._title,使19名偶像达到60级
mst.mission.1114073._detail,使19个偶像达到60级
mst.mission.1114074._title,使20名偶像达到60级
mst.mission.1114074._detail,使20名偶像达到60级
mst.mission.1114075._title,使21名偶像达到60级
mst.mission.1114075._detail,使21名偶像达到60级以上
mst.mission.1114076._title,使22名偶像达到60级
mst.mission.1114076._detail,使22名偶像达到60级以上
mst.mission.1114077._title,使23名偶像达到60级
mst.mission.1114077._detail,使23名偶像达到60级以上
mst.mission.1114078._title,使24名偶像达到60级
mst.mission.1114078._detail,使24名偶像达到60级以上
mst.mission.1114079._title,使25名偶像达到60级
mst.mission.1114079._detail,使25个偶像达到60级以上
mst.mission.1114080._title,使26名偶像达到60级
mst.mission.1114080._detail,使26个偶像达到60级以上
mst.mission.1114081._title,使27名偶像达到60级以上
mst.mission.1114081._detail,使27个偶像达到60级以上
mst.mission.1114082._title,提升位偶像等级至80级以上
mst.mission.1114082._detail,将位偶像提升至80级或以上
mst.mission.1114083._title,提升2名偶像至等级80以上
mst.mission.1114083._detail,使两个偶像达到80级以上
mst.mission.1114084._title,提升3名偶像等级至80级以上
mst.mission.1114084._detail,使3个偶像达到80级以上
mst.mission.1114085._title,使4名偶像达到80级以上
mst.mission.1114085._detail,使4个偶像达到80级以上
mst.mission.1114086._title,使5名偶像达到80级
mst.mission.1114086._detail,使5个偶像达到等级80以上
mst.mission.1114087._title,使6名偶像达到80级以上
mst.mission.1114087._detail,使6名偶像达到80级以上
mst.mission.1114088._title,使7名偶像达到80级以上
mst.mission.1114088._detail,使7个偶像达到等级80以上
mst.mission.1114089._title,使8名偶像达到80级以上
mst.mission.1114089._detail,使8名偶像达到80级以上
mst.mission.1114090._title,使9名偶像达到80级以上
mst.mission.1114090._detail,使9个偶像达到等级80以上
mst.mission.1114091._title,使10名偶像达到80级
mst.mission.1114091._detail,使10名偶像达到等级80以上
mst.mission.1114092._title,使11名偶像达到80级
mst.mission.1114092._detail,使11个偶像达到等级80以上
mst.mission.1114093._title,使12名偶像达到80级
mst.mission.1114093._detail,使12名偶像达到等级80以上
mst.mission.1114094._title,使13名偶像达到80级
mst.mission.1114094._detail,使13个偶像达到80级以上
mst.mission.1114095._title,使14名偶像达到80级
mst.mission.1114095._detail,使14个偶像达到等级80以上
mst.mission.1114096._title,使15名偶像达到80级
mst.mission.1114096._detail,使15个偶像达到等级80以上
mst.mission.1114097._title,使16名偶像达到80级以上
mst.mission.1114097._detail,使16个偶像达到80级以上
mst.mission.1114098._title,使17名偶像达到80级以上
mst.mission.1114098._detail,使17个偶像达到等级80以上
mst.mission.1114099._title,使18名偶像达到80级
mst.mission.1114099._detail,使18名偶像达到80级以上
mst.mission.1114100._title,使19名偶像达到80级
mst.mission.1114100._detail,使19个偶像达到80级以上
mst.mission.1114101._title,使20名偶像达到80级
mst.mission.1114101._detail,使20名偶像达到等级80以上
mst.mission.1114102._title,使21名偶像达到80级
mst.mission.1114102._detail,使21名偶像达到80级以上
mst.mission.1114103._title,使22名偶像达到80级
mst.mission.1114103._detail,使22名偶像达到等级80以上
mst.mission.1114104._title,使23名偶像达到80级
mst.mission.1114104._detail,使23个偶像达到80级以上
mst.mission.1114105._title,使24名偶像达到80级
mst.mission.1114105._detail,使24名偶像达到80级以上
mst.mission.1114106._title,使25名偶像达到80级
mst.mission.1114106._detail,使25个偶像达到等级80以上
mst.mission.1114107._title,使26名偶像达到80级
mst.mission.1114107._detail,使26个偶像达到等级80以上
mst.mission.1114108._title,提升27名偶像的等级至80或以上
mst.mission.1114108._detail,使27个偶像达到等级80以上
mst.mission.1114109._title,提升位偶像至等级100以上
mst.mission.1114109._detail,将偶像提升到100级以上
mst.mission.1114110._title,提升2名偶像至等级100以上
mst.mission.1114110._detail,使两个偶像达到100级以上
mst.mission.1114111._title,使3个偶像达到100级
mst.mission.1114111._detail,使3个偶像达到100级以上
mst.mission.1114112._title,使4名偶像达到100级
mst.mission.1114112._detail,使4个偶像达到100级
mst.mission.1114113._title,使5名偶像达到100级
mst.mission.1114113._detail,使5个偶像达到100级
mst.mission.1114114._title,使6名偶像达到100级
mst.mission.1114114._detail,使6个偶像达到等级100以上
mst.mission.1114115._title,使7名偶像达到100级
mst.mission.1114115._detail,使7个偶像达到100级以上
mst.mission.1114116._title,使8名偶像达到100级
mst.mission.1114116._detail,使8名偶像达到100级以上
mst.mission.1114117._title,使9名偶像达到100级
mst.mission.1114117._detail,使9个偶像达到100级
mst.mission.1114118._title,使10名偶像达到100级
mst.mission.1114118._detail,使10个偶像达到100级以上
mst.mission.1114119._title,使11名偶像达到100级
mst.mission.1114119._detail,使11个偶像达到等级100以上
mst.mission.1114120._title,使12名偶像达到100级
mst.mission.1114120._detail,使12名偶像达到100级
mst.mission.1114121._title,使13名偶像达到100级
mst.mission.1114121._detail,使13个偶像达到100级以上
mst.mission.1114122._title,使14名偶像达到100级
mst.mission.1114122._detail,使14个偶像达到100级以上
mst.mission.1114123._title,使15名偶像达到100级
mst.mission.1114123._detail,使15个偶像达到100级以上
mst.mission.1114124._title,使16名偶像达到100级
mst.mission.1114124._detail,使16个偶像达到100级以上
mst.mission.1114125._title,使17名偶像达到100级
mst.mission.1114125._detail,使17个偶像达到100级以上
mst.mission.1114126._title,使18名偶像达到100级
mst.mission.1114126._detail,使18名偶像达到100级以上
mst.mission.1114127._title,使19名偶像达到100级
mst.mission.1114127._detail,使19个偶像达到100级
mst.mission.1114128._title,使20名偶像达到100级
mst.mission.1114128._detail,使20名偶像达到等级100以上
mst.mission.1114129._title,使21名偶像达到100级
mst.mission.1114129._detail,使21个偶像达到等级100以上
mst.mission.1114130._title,使22名偶像达到100级
mst.mission.1114130._detail,使22个偶像达到等级100以上
mst.mission.1114131._title,使23名偶像达到100级
mst.mission.1114131._detail,使23个偶像达到100级以上
mst.mission.1114132._title,使24名偶像达到100级
mst.mission.1114132._detail,使24名偶像达到100级以上
mst.mission.1114133._title,使25名偶像达到100级
mst.mission.1114133._detail,使25个偶像达到100级以上
mst.mission.1114134._title,使26名偶像达到100级
mst.mission.1114134._detail,使26个偶像达到100级以上
mst.mission.1114135._title,使27名偶像达到100级
mst.mission.1114135._detail,让27名偶像达到等级100以上
mst.mission.1112001._title,收集30名偶像
mst.mission.1112001._detail,收集30名偶像
mst.mission.1112002._title,收集40名偶像
mst.mission.1112002._detail,收集40名偶像
mst.mission.1112003._title,偶像50人
mst.mission.1112003._detail,收集50名偶像
mst.mission.1112004._title,偶像60人
mst.mission.1112004._detail,集齐60名偶像
mst.mission.1112005._title,集齐70名偶像
mst.mission.1112005._detail,收集70名偶像
mst.mission.1112006._title,偶像80人
mst.mission.1112006._detail,收集80名偶像
mst.mission.1112007._title,偶像90人
mst.mission.1112007._detail,偶像，集齐90人
mst.mission.1112008._title,偶像100人
mst.mission.1112008._detail,收集100名偶像
mst.mission.1112009._title,偶像110人
mst.mission.1112009._detail,收集110名偶像
mst.mission.1112010._title,偶像120人
mst.mission.1112010._detail,收集120名偶像
mst.mission.1112011._title,收集130名偶像
mst.mission.1112011._detail,收集130名偶像
mst.mission.1112012._title,偶像140人
mst.mission.1112012._detail,收集140名偶像
mst.mission.1112013._title,偶像150人
mst.mission.1112013._detail,收集150名偶像
mst.mission.1112014._title,偶像160人
mst.mission.1112014._detail,收集160名偶像
mst.mission.1112015._title,偶像170人
mst.mission.1112015._detail,收集170名偶像
mst.mission.1112016._title,偶像180人
mst.mission.1112016._detail,收集180名偶像
mst.mission.1112017._title,偶像190人
mst.mission.1112017._detail,收集190名偶像
mst.mission.1112018._title,偶像200人
mst.mission.1112018._detail,收集200名偶像
mst.mission.1112019._title,偶像210人
mst.mission.1112019._detail,偶像210人
mst.mission.1112020._title,偶像220人
mst.mission.1112020._detail,收集220名偶像
mst.mission.1112021._title,偶像230人
mst.mission.1112021._detail,收集230名偶像
mst.mission.1112022._title,偶像240人
mst.mission.1112022._detail,收集240名偶像
mst.mission.1112023._title,偶像250人
mst.mission.1112023._detail,收集250名偶像
mst.mission.1112024._title,偶像260人
mst.mission.1112024._detail,收集260名偶像
mst.mission.1112025._title,偶像270人
mst.mission.1112025._detail,收集270名偶像
mst.mission.1112026._title,偶像280人
mst.mission.1112026._detail,收集280名偶像
mst.mission.1112027._title,偶像290人
mst.mission.1112027._detail,招募290名偶像
mst.mission.1112028._title,偶像300人
mst.mission.1112028._detail,收集300名偶像
mst.mission.1112029._title,偶像310人
mst.mission.1112029._detail,偶像310人
mst.mission.1112030._title,偶像320人
mst.mission.1112030._detail,收集320名偶像
mst.mission.1112031._title,偶像330人
mst.mission.1112031._detail,收集330名偶像
mst.mission.1112032._title,偶像340人
mst.mission.1112032._detail,偶像340人
mst.mission.1112033._title,偶像350人
mst.mission.1112033._detail,收集350名偶像
mst.mission.1121001._title,累计获得500000G
mst.mission.1121001._detail,累计获得500000G
mst.mission.1121002._title,累计获得1000000G
mst.mission.1121002._detail,累计获得1000000G
mst.mission.1121003._title,累计2000000G
mst.mission.1121003._detail,累计获得2000000G
mst.mission.1121004._title,累计3000000G
mst.mission.1121004._detail,累计3000000G
mst.mission.1121005._title,累计4000000G
mst.mission.1121005._detail,累计4000000G
mst.mission.1121006._title,累计5000000G
mst.mission.1121006._detail,累计获得5000000G
mst.mission.1121007._title,累计6000000G
mst.mission.1121007._detail,累计获得6000000G
mst.mission.1121008._title,累计7000000G
mst.mission.1121008._detail,累计获得7000000G
mst.mission.1121009._title,累计8000000G
mst.mission.1121009._detail,累计获得8000000G
mst.mission.1121010._title,累计9000000G
mst.mission.1121010._detail,累计获得9000000G
mst.mission.1121011._title,累计10000000G
mst.mission.1121011._detail,累计获得10000000G
mst.mission.1121012._title,累计20000000G
mst.mission.1121012._detail,累计获得20000000G
mst.mission.1121013._title,累计30000000G
mst.mission.1121013._detail,累计获得30000000G
mst.mission.1121014._title,累计40000000G
mst.mission.1121014._detail,累计40000000G
mst.mission.1121015._title,累计50000000G
mst.mission.1121015._detail,累计获得50000000G
mst.mission.1121016._title,累计60000000G
mst.mission.1121016._detail,累计获得60000000G
mst.mission.1121017._title,累计70000000G
mst.mission.1121017._detail,累计获得70000000G
mst.mission.1121018._title,累计85000000G
mst.mission.1121018._detail,累计获得85000000G
mst.mission.1121019._title,累计获得1亿G
mst.mission.1121019._detail,累计获得100000000G
mst.mission.1158001._title,与高坂穗乃香的好感度达到1500以上
mst.mission.1158001._detail,将《N》的好感度提升至1500以上。
mst.mission.1158002._title,与绚濑绘里的好感度达到1500以上
mst.mission.1158002._detail,将《N》的好感度提升至1500以上。
mst.mission.1158003._title,与南小鸟的好感度达到1500以上
mst.mission.1158003._detail,将《N》的好感度提升至1500以上。
mst.mission.1158004._title,园田海未的好感度达到1500以上
mst.mission.1158004._detail,将《N》的好感度提升至1500以上。
mst.mission.1158005._title,将与星空凛的好感度提升至1500以上
mst.mission.1158005._detail,将《N》的好感度提升至1500以上。
mst.mission.1158006._title,将与西木野真姬的好感度提升至1500以上
mst.mission.1158006._detail,将《N》的好感度提升至1500以上。
mst.mission.1158007._title,提升与东条希的好感度至1500以上
mst.mission.1158007._detail,将《N》的好感度提升至1500以上。
mst.mission.1158008._title,提升与小泉花阳的好感度至1500以上
mst.mission.1158008._detail,将《N》的好感度提升至1500以上。
mst.mission.1158009._title,提升与矢泽妮可的好感度至1500以上
mst.mission.1158009._detail,将《N》的好感度提升至1500以上。
mst.mission.1158010._title,提高与高海千歌的好感度至1500以上
mst.mission.1158010._detail,将《N》的好感度提升至1500以上。
mst.mission.1158011._title,提升与樱内梨子的好感度至1500以上
mst.mission.1158011._detail,将《N》的好感度提升至1500以上。
mst.mission.1158012._title,提升与的好感度至1500以上
mst.mission.1158012._detail,将《N》的好感度提升至1500以上。
mst.mission.1158013._title,提升与黑泽黛雅的好感度至1500以上
mst.mission.1158013._detail,将《N》的好感度提升至1500以上。
mst.mission.1158014._title,提升与渡边曜的好感度至1500以上
mst.mission.1158014._detail,将《N》的好感度提升至1500以上。
mst.mission.1158015._title,将与津岛善子的好感度提升至1500以上
mst.mission.1158015._detail,将《N》的好感度提升至1500以上。
mst.mission.1158016._title,提高与国木田花丸的好感度至1500以上
mst.mission.1158016._detail,将《N》的好感度提升至1500以上。
mst.mission.1158017._title,将与小原鞠莉的好感度提升至1500以上
mst.mission.1158017._detail,将《N》的好感度提升至1500以上。
mst.mission.1158018._title,黑泽露比的好感度达到1500以上
mst.mission.1158018._detail,将《N》的好感度提升至1500以上。
mst.mission.1158019._title,与上原步梦的好感度达到1500以上
mst.mission.1158019._detail,将《N》的好感度提升至1500以上。
mst.mission.1158020._title,与中须霞的好感度达到1500以上
mst.mission.1158020._detail,将《N》的好感度提升至1500以上。
mst.mission.1158021._title,提升与樱坂雫的好感度至1500以上
mst.mission.1158021._detail,将《N》的好感度提升至1500以上。
mst.mission.1158022._title,提高与朝香果林的好感度至1500以上
mst.mission.1158022._detail,将《N》的好感度提升至1500以上。
mst.mission.1158023._title,提升与宫下爱的好感度至1500以上
mst.mission.1158023._detail,将《N》的好感度提升至1500以上。
mst.mission.1158024._title,与近江彼方的好感度达到1500以上
mst.mission.1158024._detail,将《N》的好感度提升至1500以上。
mst.mission.1158025._title,与优木雪菜的好感度达到1500以上
mst.mission.1158025._detail,将《N》的好感度提升至1500以上。
mst.mission.1158026._title,与艾玛·维尔德的好感度达到1500以上
mst.mission.1158026._detail,将《N》的好感度提升至1500以上。
mst.mission.1158027._title,提升与天王寺璃奈的好感度至1500以上
mst.mission.1158027._detail,将《N》的好感度提升至1500以上。
mst.mission.1158028._title,提升与三船栞子的好感度至1500以上
mst.mission.1158028._detail,将《N》的好感度提升至1500以上。
mst.mission.1158029._title,与米娅·泰勒的好感度达到1500以上
mst.mission.1158029._detail,将《N》的好感度提升至1500以上。
mst.mission.1158030._title,提升与钟岚珠的好感度至1500以上
mst.mission.1158030._detail,将《N》的好感度提升至1500以上。
mst.mission.1158031._title,与的好感度达到1500以上
mst.mission.1158031._detail,将《N》的好感度提升至1500以上。
mst.mission.1158032._title,提升与唐可可的好感度至1500以上
mst.mission.1158032._detail,将《N》的好感度提升至1500以上。
mst.mission.1158033._title,岚千砂都的好感度达到1500以上
mst.mission.1158033._detail,将《N》的好感度提升至1500以上。
mst.mission.1158034._title,提升与平安名堇的好感度至1500以上
mst.mission.1158034._detail,将《N》的好感度提升至1500以上。
mst.mission.1158035._title,提升与叶月恋的好感度至1500以上
mst.mission.1158035._detail,将《N》的好感度提升至1500以上。
mst.mission.1158036._title,与樱小路кина子的好感度达到1500以上
mst.mission.1158036._detail,将《N》的好感度提升至1500以上。
mst.mission.1158037._title,与米女メイ的好感度达到1500以上
mst.mission.1158037._detail,将《N》的好感度提升至1500以上。
mst.mission.1158038._title,与若菜四季的好感度达到1500以上
mst.mission.1158038._detail,将《N》的好感度提升至1500以上。
mst.mission.1158039._title,与鬼塚夏美的好感度达到1500以上
mst.mission.1158039._detail,将《N》的好感度提升至1500以上。
mst.mission.1158040._title,将与高坂穗乃果的好感度提升至15000以上
mst.mission.1158040._detail,将“N”的好感度提升至15000以上。
mst.mission.1158041._title,与绚濑绘里的好感度达到15000以上
mst.mission.1158041._detail,将“N”的好感度提升至15000以上。
mst.mission.1158042._title,与南小鸟的好感度达到15000以上
mst.mission.1158042._detail,将“N”的好感度提升至15000以上。
mst.mission.1158043._title,园田海未的好感度达到15000以上
mst.mission.1158043._detail,将“N”的好感度提升至15000以上。
mst.mission.1158044._title,将与星空凛的好感度提升至15000以上
mst.mission.1158044._detail,将“N”的好感度提升至15000以上。
mst.mission.1158045._title,将与西木野真姬的好感度提升至15000以上
mst.mission.1158045._detail,将“N”的好感度提升至15000以上。
mst.mission.1158046._title,提升与东条希的好感度至15000以上
mst.mission.1158046._detail,将“N”的好感度提升至15000以上。
mst.mission.1158047._title,将与小泉花阳的好感度提升至15000以上
mst.mission.1158047._detail,将“N”的好感度提升至15000以上。
mst.mission.1158048._title,将与矢泽妮可的好感度提升至15000以上。
mst.mission.1158048._detail,将“N”的好感度提升至15000以上。
mst.mission.1158049._title,提高与高海千歌的好感度至15000以上
mst.mission.1158049._detail,将“N”的好感度提升至15000以上。
mst.mission.1158050._title,将与樱内梨子的好感度提升至15000以上
mst.mission.1158050._detail,将“N”的好感度提升至15000以上。
mst.mission.1158051._title,提升与的好感度至15000以上
mst.mission.1158051._detail,将“N”的好感度提升至15000以上。
mst.mission.1158052._title,提升与黑泽黛雅的好感度至15000以上
mst.mission.1158052._detail,将“N”的好感度提升至15000以上。
mst.mission.1158053._title,提升与渡边曜的好感度至15000以上
mst.mission.1158053._detail,将“N”的好感度提升至15000以上。
mst.mission.1158054._title,将与津岛善子的好感度提升至15000以上
mst.mission.1158054._detail,将“N”的好感度提升至15000以上。
mst.mission.1158055._title,将与国木田花丸的好感度提升至15000以上
mst.mission.1158055._detail,将“N”的好感度提升至15000以上。
mst.mission.1158056._title,将与小原鞠莉的好感度提升至15000以上
mst.mission.1158056._detail,将“N”的好感度提升至15000以上。
mst.mission.1158057._title,黑泽露比的好感度达到15000以上
mst.mission.1158057._detail,将“N”的好感度提升至15000以上。
mst.mission.1158058._title,提升与上原步梦的好感度至15000以上
mst.mission.1158058._detail,将“N”的好感度提升至15000以上。
mst.mission.1158059._title,与中须霞的好感度达到15000以上
mst.mission.1158059._detail,将“N”的好感度提升至15000以上。
mst.mission.1158060._title,与樱坂雫的好感度达到15000以上
mst.mission.1158060._detail,将“N”的好感度提升至15000以上。
mst.mission.1158061._title,提升与朝香果林的好感度至15000以上
mst.mission.1158061._detail,将“N”的好感度提升至15000以上。
mst.mission.1158062._title,提升与宫下爱的好感度至15000以上
mst.mission.1158062._detail,将“N”的好感度提升至15000以上。
mst.mission.1158063._title,与近江彼方的好感度达到15000以上
mst.mission.1158063._detail,将“N”的好感度提升至15000以上。
mst.mission.1158064._title,与优木雪菜的好感度达到15000以上
mst.mission.1158064._detail,将“N”的好感度提升至15000以上。
mst.mission.1158065._title,将与艾玛·维尔德的好感度提升至15000以上
mst.mission.1158065._detail,将“N”的好感度提升至15000以上。
mst.mission.1158066._title,将与天王寺璃奈的好感度提升至15000以上
mst.mission.1158066._detail,将“N”的好感度提升至15000以上。
mst.mission.1158067._title,将与三船栞子的好感度提升至15000以上
mst.mission.1158067._detail,将“N”的好感度提升至15000以上。
mst.mission.1158068._title,将与米娅·泰勒的好感度提升至15000以上
mst.mission.1158068._detail,将“N”的好感度提升至15000以上。
mst.mission.1158069._title,将与钟岚珠的好感度提升至15000以上
mst.mission.1158069._detail,将“N”的好感度提升至15000以上。
mst.mission.1158070._title,与的好感度达到15000以上
mst.mission.1158070._detail,将“N”的好感度提升至15000以上。
mst.mission.1158071._title,与唐可可的好感度达到15000以上
mst.mission.1158071._detail,将“N”的好感度提升至15000以上。
mst.mission.1158072._title,岚千砂都的好感度达到15000以上
mst.mission.1158072._detail,将“N”的好感度提升至15000以上。
mst.mission.1158073._title,将与平安名堇的好感度提升至15000以上
mst.mission.1158073._detail,将“N”的好感度提升至15000以上。
mst.mission.1158074._title,提升与叶月恋的好感度至15000以上
mst.mission.1158074._detail,将“N”的好感度提升至15000以上。
mst.mission.1158075._title,提升与樱小路кина子的好感度至15000以上
mst.mission.1158075._detail,将“N”的好感度提升至15000以上。
mst.mission.1158076._title,提升与米女メイ的好感度至15000以上
mst.mission.1158076._detail,将“N”的好感度提升至15000以上。
mst.mission.1158077._title,与若菜四季的好感度达到15000以上
mst.mission.1158077._detail,将“N”的好感度提升至15000以上。
mst.mission.1158078._title,将与鬼塚夏美的好感度提升至15000以上
mst.mission.1158078._detail,将“N”的好感度提升至15000以上。
mst.mission.1158079._title,与维也纳·玛格丽特的好感度达到1500以上
mst.mission.1158079._detail,将《N》的好感度提升至1500以上。
mst.mission.1158080._title,将与鬼塚冬毬的好感度提升至1500以上
mst.mission.1158080._detail,将《N》的好感度提升至1500以上。
mst.mission.1158081._title,提升与维也纳·玛格丽特的好感度至15000以上
mst.mission.1158081._detail,将“N”的好感度提升至15000以上。
mst.mission.1158082._title,与鬼塚冬毬的好感度达到15000
mst.mission.1158082._detail,将“N”的好感度提升至15000以上。
mst.mission.1176001._title,达成全连
mst.mission.1176001._detail,在难度NORMAL或更高时，达成Live的FULL COMBO。
mst.mission.1177001._title,达成 ALL PERFECT
mst.mission.1177002._title,在MASTER难度下达成ALL PERFECT
mst.mission.1169001._title,阅读50种聊天内容
mst.mission.1169001._detail,在难度0或更高时，达成50次ALL PERFECT。
mst.mission.1176002._title,达成100次完全连击
mst.mission.1176002._detail,在难度NORMAL或更高时，进行100次Live的Full Combo。
mst.mission.1176003._title,达成200次FULL COMBO
mst.mission.1176003._detail,在难度为NORMAL或更高的Live中，达成200次Full Combo。
mst.mission.1176004._title,达成300次FULL COMBO
mst.mission.1176004._detail,在难度为NORMAL或更高的Live中，达成300次Full Combo。
mst.mission.1176005._title,达成400次完全连击
mst.mission.1176005._detail,在难度为NORMAL或更高的Live中，达成400次FULL COMBO。
mst.mission.1176006._title,达成500首FULL COMBO
mst.mission.1176006._detail,在难度为NORMAL或更高的Live中，达成500次FULL COMBO。
mst.mission.2151001._title,获得偶像《你》
mst.mission.2151001._detail,获得偶像“凝视着你”。
mst.mission.2151002._title,获得偶像“甜蜜约会”。
mst.mission.2151002._detail,获得偶像“甜蜜约会”。
mst.mission.2151003._title,获得偶像“卖萌耍可爱”吧
mst.mission.2151003._detail,获得偶像“可爱又迷人”。
mst.mission.2151004._title,获得偶像“寻找特别的恋爱”
mst.mission.2151004._detail,获得偶像“寻找特别的爱情”吧
mst.mission.2151005._title,获得偶像“一起快乐”
mst.mission.2151005._detail,获得偶像《一起快乐吧》
mst.mission.2151006._title,获得偶像《一直想着你》
mst.mission.2151006._detail,获得偶像《一直想着你》
mst.mission.2151007._title,获得偶像《向大家传达爱》
mst.mission.2151007._detail,获得偶像《向大家传达爱》
mst.mission.2151008._title,偶像《记忆中的你》等你来拿
mst.mission.2151008._detail,获得偶像《记忆中的你》
mst.mission.2151009._title,获得偶像《致我最重要的人》
mst.mission.2151009._detail,获得偶像《致我最珍贵的人》
mst.mission.2151010._title,获得偶像《我的印》
mst.mission.2151010._detail,获得偶像《我的印》
mst.mission.2151011._title,获得偶像《怦然心动》
mst.mission.2151011._detail,获得偶像“怦然心动”吧
mst.mission.2151012._title,偶像“一起享受最棒的恋爱吧！”
mst.mission.2151012._detail,获得偶像“最棒的恋爱吧！”。
mst.mission.1958001._title,提升《N》的好感度
mst.mission.1958001._detail,提升《N》的好感度
mst.mission.1958002._title,提高《N》的好感度至1000以上
mst.mission.1958002._detail,将《N》的好感度提升至1000以上
mst.mission.1958003._title,提高《N》的好感度至2000以上
mst.mission.1958003._detail,将《N》的好感度提升至2000以上。
mst.mission.1958004._title,提高“N”的好感度至3500以上
mst.mission.1958004._detail,将《N》的好感度提升至3500以上。
mst.mission.1958005._title,将《N》的好感度提升至5000以上
mst.mission.1958005._detail,将《N》的好感度提升至5000以上。
mst.mission.1958006._title,提高“N”的好感度至6000以上
mst.mission.1958006._detail,将《N》的好感度提升至6000以上。
mst.mission.1958007._title,提高“N”的好感度至7000以上
mst.mission.1958007._detail,将《N》的好感度提升至7000以上
mst.mission.1958008._title,提高“N”的好感度至8000以上
mst.mission.1958008._detail,将《N》的好感度提升至8000以上。
mst.mission.1958009._title,提高“N”的好感度至9000以上
mst.mission.1958009._detail,将《N》的好感度提升至9000以上。
mst.mission.1958010._title,提高“N”的好感度至10000以上
mst.mission.1958010._detail,将《N》的好感度提升至10000以上
mst.mission.1958011._title,将《N》的好感度提升至11000以上
mst.mission.1958011._detail,将《N》的好感度提升至11000以上
mst.mission.1958012._title,将《N》的好感度提升至12500以上
mst.mission.1958012._detail,将《N》的好感度提升至12500以上。
mst.mission.1958013._title,将《N》的好感度提升至13000以上
mst.mission.1958013._detail,将《N》的好感度提升至13000以上。
mst.mission.1958014._title,提高“N”的好感度至13500以上
mst.mission.1958014._detail,将《N》的好感度提升至13500以上。
mst.mission.1958015._title,提高“N”的好感度至15000以上
mst.mission.1958015._detail,将“N”的好感度提升至15000以上。
mst.mission.1958016._title,提升《N》的好感度
mst.mission.1958016._detail,提升《N》的好感度
mst.mission.1958017._title,提高《N》的好感度至1000以上
mst.mission.1958017._detail,将《N》的好感度提升至1000以上
mst.mission.1958018._title,提高《N》的好感度至2000以上
mst.mission.1958018._detail,将《N》的好感度提升至2000以上。
mst.mission.1958019._title,提高“N”的好感度至3500以上
mst.mission.1958019._detail,将《N》的好感度提升至3500以上。
mst.mission.1958020._title,将《N》的好感度提升至5000以上
mst.mission.1958020._detail,将《N》的好感度提升至5000以上。
mst.mission.1958021._title,提高“N”的好感度至6000以上
mst.mission.1958021._detail,将《N》的好感度提升至6000以上。
mst.mission.1958022._title,提高“N”的好感度至7000以上
mst.mission.1958022._detail,将《N》的好感度提升至7000以上
mst.mission.1958023._title,提高“N”的好感度至8000以上
mst.mission.1958023._detail,将《N》的好感度提升至8000以上。
mst.mission.1958024._title,提高“N”的好感度至9000以上
mst.mission.1958024._detail,将《N》的好感度提升至9000以上。
mst.mission.1958025._title,提高“N”的好感度至10000以上
mst.mission.1958025._detail,将《N》的好感度提升至10000以上
mst.mission.1958026._title,将《N》的好感度提升至11000以上
mst.mission.1958026._detail,将《N》的好感度提升至11000以上
mst.mission.1958027._title,将《N》的好感度提升至12500以上
mst.mission.1958027._detail,将《N》的好感度提升至12500以上。
mst.mission.1958028._title,将《N》的好感度提升至13000以上
mst.mission.1958028._detail,将《N》的好感度提升至13000以上。
mst.mission.1958029._title,提高“N”的好感度至13500以上
mst.mission.1958029._detail,将《N》的好感度提升至13500以上。
mst.mission.1958030._title,提高“N”的好感度至15000以上
mst.mission.1958030._detail,将“N”的好感度提升至15000以上。
mst.mission.1958031._title,提升《N》的好感度
mst.mission.1958031._detail,提升《N》的好感度
mst.mission.1958032._title,提高《N》的好感度至1000以上
mst.mission.1958032._detail,将《N》的好感度提升至1000以上
mst.mission.1958033._title,提高《N》的好感度至2000以上
mst.mission.1958033._detail,将《N》的好感度提升至2000以上。
mst.mission.1958034._title,提高“N”的好感度至3500以上
mst.mission.1958034._detail,将《N》的好感度提升至3500以上。
mst.mission.1958035._title,将《N》的好感度提升至5000以上
mst.mission.1958035._detail,将《N》的好感度提升至5000以上。
mst.mission.1958036._title,提高“N”的好感度至6000以上
mst.mission.1958036._detail,将《N》的好感度提升至6000以上。
mst.mission.1958037._title,提高“N”的好感度至7000以上
mst.mission.1958037._detail,将《N》的好感度提升至7000以上
mst.mission.1958038._title,提高“N”的好感度至8000以上
mst.mission.1958038._detail,将《N》的好感度提升至8000以上。
mst.mission.1958039._title,提高“N”的好感度至9000以上
mst.mission.1958039._detail,将《N》的好感度提升至9000以上。
mst.mission.1958040._title,提高“N”的好感度至10000以上
mst.mission.1958040._detail,将《N》的好感度提升至10000以上
mst.mission.1958041._title,将《N》的好感度提升至11000以上
mst.mission.1958041._detail,将《N》的好感度提升至11000以上
mst.mission.1958042._title,将《N》的好感度提升至12500以上
mst.mission.1958042._detail,将《N》的好感度提升至12500以上。
mst.mission.1958043._title,将《N》的好感度提升至13000以上
mst.mission.1958043._detail,将《N》的好感度提升至13000以上。
mst.mission.1958044._title,提高“N”的好感度至13500以上
mst.mission.1958044._detail,将《N》的好感度提升至13500以上。
mst.mission.1958045._title,提高“N”的好感度至15000以上
mst.mission.1958045._detail,将“N”的好感度提升至15000以上。
mst.mission.1958046._title,提升《N》的好感度
mst.mission.1958046._detail,提升《N》的好感度
mst.mission.1958047._title,提高《N》的好感度至1000以上
mst.mission.1958047._detail,将《N》的好感度提升至1000以上
mst.mission.1958048._title,提高《N》的好感度至2000以上
mst.mission.1958048._detail,将《N》的好感度提升至2000以上。
mst.mission.1958049._title,提高“N”的好感度至3500以上
mst.mission.1958049._detail,将《N》的好感度提升至3500以上。
mst.mission.1958050._title,将《N》的好感度提升至5000以上
mst.mission.1958050._detail,将《N》的好感度提升至5000以上。
mst.mission.1958051._title,提高“N”的好感度至6000以上
mst.mission.1958051._detail,将《N》的好感度提升至6000以上。
mst.mission.1958052._title,提高“N”的好感度至7000以上
mst.mission.1958052._detail,将《N》的好感度提升至7000以上
mst.mission.1958053._title,提高“N”的好感度至8000以上
mst.mission.1958053._detail,将《N》的好感度提升至8000以上。
mst.mission.1958054._title,提高“N”的好感度至9000以上
mst.mission.1958054._detail,将《N》的好感度提升至9000以上。
mst.mission.1958055._title,提高“N”的好感度至10000以上
mst.mission.1958055._detail,将《N》的好感度提升至10000以上
mst.mission.1958056._title,将《N》的好感度提升至11000以上
mst.mission.1958056._detail,将《N》的好感度提升至11000以上
mst.mission.1958057._title,将《N》的好感度提升至12500以上
mst.mission.1958057._detail,将《N》的好感度提升至12500以上。
mst.mission.1958058._title,将《N》的好感度提升至13000以上
mst.mission.1958058._detail,将《N》的好感度提升至13000以上。
mst.mission.1958059._title,提高“N”的好感度至13500以上
mst.mission.1958059._detail,将《N》的好感度提升至13500以上。
mst.mission.1958060._title,提高“N”的好感度至15000以上
mst.mission.1958060._detail,将“N”的好感度提升至15000以上。
mst.mission.1958061._title,提升《N》的好感度
mst.mission.1958061._detail,提升《N》的好感度
mst.mission.1958062._title,提高《N》的好感度至1000以上
mst.mission.1958062._detail,将《N》的好感度提升至1000以上
mst.mission.1958063._title,提高《N》的好感度至2000以上
mst.mission.1958063._detail,将《N》的好感度提升至2000以上。
mst.mission.1958064._title,提高“N”的好感度至3500以上
mst.mission.1958064._detail,将《N》的好感度提升至3500以上。
mst.mission.1958065._title,将《N》的好感度提升至5000以上
mst.mission.1958065._detail,将《N》的好感度提升至5000以上。
mst.mission.1958066._title,提高“N”的好感度至6000以上
mst.mission.1958066._detail,将《N》的好感度提升至6000以上。
mst.mission.1958067._title,提高“N”的好感度至7000以上
mst.mission.1958067._detail,将《N》的好感度提升至7000以上
mst.mission.1958068._title,提高“N”的好感度至8000以上
mst.mission.1958068._detail,将《N》的好感度提升至8000以上。
mst.mission.1958069._title,提高“N”的好感度至9000以上
mst.mission.1958069._detail,将《N》的好感度提升至9000以上。
mst.mission.1958070._title,提高“N”的好感度至10000以上
mst.mission.1958070._detail,将《N》的好感度提升至10000以上
mst.mission.1958071._title,将《N》的好感度提升至11000以上
mst.mission.1958071._detail,将《N》的好感度提升至11000以上
mst.mission.1958072._title,将《N》的好感度提升至12500以上
mst.mission.1958072._detail,将《N》的好感度提升至12500以上。
mst.mission.1958073._title,将《N》的好感度提升至13000以上
mst.mission.1958073._detail,将《N》的好感度提升至13000以上。
mst.mission.1958074._title,提高“N”的好感度至13500以上
mst.mission.1958074._detail,将《N》的好感度提升至13500以上。
mst.mission.1958075._title,提高“N”的好感度至15000以上
mst.mission.1958075._detail,将“N”的好感度提升至15000以上。
mst.mission.1958076._title,提升《N》的好感度
mst.mission.1958076._detail,提升《N》的好感度
mst.mission.1958077._title,提高《N》的好感度至1000以上
mst.mission.1958077._detail,将《N》的好感度提升至1000以上
mst.mission.1958078._title,提高《N》的好感度至2000以上
mst.mission.1958078._detail,将《N》的好感度提升至2000以上。
mst.mission.1958079._title,提高“N”的好感度至3500以上
mst.mission.1958079._detail,将《N》的好感度提升至3500以上。
mst.mission.1958080._title,将《N》的好感度提升至5000以上
mst.mission.1958080._detail,将《N》的好感度提升至5000以上。
mst.mission.1958081._title,提高“N”的好感度至6000以上
mst.mission.1958081._detail,将《N》的好感度提升至6000以上。
mst.mission.1958082._title,提高“N”的好感度至7000以上
mst.mission.1958082._detail,将《N》的好感度提升至7000以上
mst.mission.1958083._title,提高“N”的好感度至8000以上
mst.mission.1958083._detail,将《N》的好感度提升至8000以上。
mst.mission.1958084._title,提高“N”的好感度至9000以上
mst.mission.1958084._detail,将《N》的好感度提升至9000以上。
mst.mission.1958085._title,提高“N”的好感度至10000以上
mst.mission.1958085._detail,将《N》的好感度提升至10000以上
mst.mission.1958086._title,将《N》的好感度提升至11000以上
mst.mission.1958086._detail,将《N》的好感度提升至11000以上
mst.mission.1958087._title,将《N》的好感度提升至12500以上
mst.mission.1958087._detail,将《N》的好感度提升至12500以上。
mst.mission.1958088._title,将《N》的好感度提升至13000以上
mst.mission.1958088._detail,将《N》的好感度提升至13000以上。
mst.mission.1958089._title,提高“N”的好感度至13500以上
mst.mission.1958089._detail,将《N》的好感度提升至13500以上。
mst.mission.1958090._title,提高“N”的好感度至15000以上
mst.mission.1958090._detail,将“N”的好感度提升至15000以上。
mst.mission.1958091._title,提升《N》的好感度
mst.mission.1958091._detail,提升《N》的好感度
mst.mission.1958092._title,提高《N》的好感度至1000以上
mst.mission.1958092._detail,将《N》的好感度提升至1000以上
mst.mission.1958093._title,提高《N》的好感度至2000以上
mst.mission.1958093._detail,将《N》的好感度提升至2000以上。
mst.mission.1958094._title,提高“N”的好感度至3500以上
mst.mission.1958094._detail,将《N》的好感度提升至3500以上。
mst.mission.1958095._title,将《N》的好感度提升至5000以上
mst.mission.1958095._detail,将《N》的好感度提升至5000以上。
mst.mission.1958096._title,提高“N”的好感度至6000以上
mst.mission.1958096._detail,将《N》的好感度提升至6000以上。
mst.mission.1958097._title,提高“N”的好感度至7000以上
mst.mission.1958097._detail,将《N》的好感度提升至7000以上
mst.mission.1958098._title,提高“N”的好感度至8000以上
mst.mission.1958098._detail,将《N》的好感度提升至8000以上。
mst.mission.1958099._title,提高“N”的好感度至9000以上
mst.mission.1958099._detail,将《N》的好感度提升至9000以上。
mst.mission.1958100._title,提高“N”的好感度至10000以上
mst.mission.1958100._detail,将《N》的好感度提升至10000以上
mst.mission.1958101._title,将《N》的好感度提升至11000以上
mst.mission.1958101._detail,将《N》的好感度提升至11000以上
mst.mission.1958102._title,将《N》的好感度提升至12500以上
mst.mission.1958102._detail,将《N》的好感度提升至12500以上。
mst.mission.1958103._title,将《N》的好感度提升至13000以上
mst.mission.1958103._detail,将《N》的好感度提升至13000以上。
mst.mission.1958104._title,提高“N”的好感度至13500以上
mst.mission.1958104._detail,将《N》的好感度提升至13500以上。
mst.mission.1958105._title,提高“N”的好感度至15000以上
mst.mission.1958105._detail,将“N”的好感度提升至15000以上。
mst.mission.1958106._title,提升《N》的好感度
mst.mission.1958106._detail,提升《N》的好感度
mst.mission.1958107._title,提高《N》的好感度至1000以上
mst.mission.1958107._detail,将《N》的好感度提升至1000以上
mst.mission.1958108._title,提高《N》的好感度至2000以上
mst.mission.1958108._detail,将《N》的好感度提升至2000以上。
mst.mission.1958109._title,提高“N”的好感度至3500以上
mst.mission.1958109._detail,将《N》的好感度提升至3500以上。
mst.mission.1958110._title,将《N》的好感度提升至5000以上
mst.mission.1958110._detail,将《N》的好感度提升至5000以上。
mst.mission.1958111._title,提高“N”的好感度至6000以上
mst.mission.1958111._detail,将《N》的好感度提升至6000以上。
mst.mission.1958112._title,提高“N”的好感度至7000以上
mst.mission.1958112._detail,将《N》的好感度提升至7000以上
mst.mission.1958113._title,提高“N”的好感度至8000以上
mst.mission.1958113._detail,将《N》的好感度提升至8000以上。
mst.mission.1958114._title,提高“N”的好感度至9000以上
mst.mission.1958114._detail,将《N》的好感度提升至9000以上。
mst.mission.1958115._title,提高“N”的好感度至10000以上
mst.mission.1958115._detail,将《N》的好感度提升至10000以上
mst.mission.1958116._title,将《N》的好感度提升至11000以上
mst.mission.1958116._detail,将《N》的好感度提升至11000以上
mst.mission.1958117._title,将《N》的好感度提升至12500以上
mst.mission.1958117._detail,将《N》的好感度提升至12500以上。
mst.mission.1958118._title,将《N》的好感度提升至13000以上
mst.mission.1958118._detail,将《N》的好感度提升至13000以上。
mst.mission.1958119._title,提高“N”的好感度至13500以上
mst.mission.1958119._detail,将《N》的好感度提升至13500以上。
mst.mission.1958120._title,提高“N”的好感度至15000以上
mst.mission.1958120._detail,将“N”的好感度提升至15000以上。
mst.mission.1958121._title,提升《N》的好感度
mst.mission.1958121._detail,提升《N》的好感度
mst.mission.1958122._title,提高《N》的好感度至1000以上
mst.mission.1958122._detail,将《N》的好感度提升至1000以上
mst.mission.1958123._title,提高《N》的好感度至2000以上
mst.mission.1958123._detail,将《N》的好感度提升至2000以上。
mst.mission.1958124._title,提高“N”的好感度至3500以上
mst.mission.1958124._detail,将《N》的好感度提升至3500以上。
mst.mission.1958125._title,将《N》的好感度提升至5000以上
mst.mission.1958125._detail,将《N》的好感度提升至5000以上。
mst.mission.1958126._title,提高“N”的好感度至6000以上
mst.mission.1958126._detail,将《N》的好感度提升至6000以上。
mst.mission.1958127._title,提高“N”的好感度至7000以上
mst.mission.1958127._detail,将《N》的好感度提升至7000以上
mst.mission.1958128._title,提高“N”的好感度至8000以上
mst.mission.1958128._detail,将《N》的好感度提升至8000以上。
mst.mission.1958129._title,提高“N”的好感度至9000以上
mst.mission.1958129._detail,将《N》的好感度提升至9000以上。
mst.mission.1958130._title,提高“N”的好感度至10000以上
mst.mission.1958130._detail,将《N》的好感度提升至10000以上
mst.mission.1958131._title,将《N》的好感度提升至11000以上
mst.mission.1958131._detail,将《N》的好感度提升至11000以上
mst.mission.1958132._title,将《N》的好感度提升至12500以上
mst.mission.1958132._detail,将《N》的好感度提升至12500以上。
mst.mission.1958133._title,将《N》的好感度提升至13000以上
mst.mission.1958133._detail,将《N》的好感度提升至13000以上。
mst.mission.1958134._title,提高“N”的好感度至13500以上
mst.mission.1958134._detail,将《N》的好感度提升至13500以上。
mst.mission.1958135._title,提高“N”的好感度至15000以上
mst.mission.1958135._detail,将“N”的好感度提升至15000以上。
mst.mission.1958136._title,提升《N》的好感度
mst.mission.1958136._detail,提升《N》的好感度
mst.mission.1958137._title,提高《N》的好感度至1000以上
mst.mission.1958137._detail,将《N》的好感度提升至1000以上
mst.mission.1958138._title,提高《N》的好感度至2000以上
mst.mission.1958138._detail,将《N》的好感度提升至2000以上。
mst.mission.1958139._title,提高“N”的好感度至3500以上
mst.mission.1958139._detail,将《N》的好感度提升至3500以上。
mst.mission.1958140._title,将《N》的好感度提升至5000以上
mst.mission.1958140._detail,将《N》的好感度提升至5000以上。
mst.mission.1958141._title,提高“N”的好感度至6000以上
mst.mission.1958141._detail,将《N》的好感度提升至6000以上。
mst.mission.1958142._title,提高“N”的好感度至7000以上
mst.mission.1958142._detail,将《N》的好感度提升至7000以上
mst.mission.1958143._title,提高“N”的好感度至8000以上
mst.mission.1958143._detail,将《N》的好感度提升至8000以上。
mst.mission.1958144._title,提高“N”的好感度至9000以上
mst.mission.1958144._detail,将《N》的好感度提升至9000以上。
mst.mission.1958145._title,提高“N”的好感度至10000以上
mst.mission.1958145._detail,将《N》的好感度提升至10000以上
mst.mission.1958146._title,将《N》的好感度提升至11000以上
mst.mission.1958146._detail,将《N》的好感度提升至11000以上
mst.mission.1958147._title,将《N》的好感度提升至12500以上
mst.mission.1958147._detail,将《N》的好感度提升至12500以上。
mst.mission.1958148._title,将《N》的好感度提升至13000以上
mst.mission.1958148._detail,将《N》的好感度提升至13000以上。
mst.mission.1958149._title,提高“N”的好感度至13500以上
mst.mission.1958149._detail,将《N》的好感度提升至13500以上。
mst.mission.1958150._title,提高“N”的好感度至15000以上
mst.mission.1958150._detail,将“N”的好感度提升至15000以上。
mst.mission.1958151._title,提升《N》的好感度
mst.mission.1958151._detail,提升《N》的好感度
mst.mission.1958152._title,提高《N》的好感度至1000以上
mst.mission.1958152._detail,将《N》的好感度提升至1000以上
mst.mission.1958153._title,提高《N》的好感度至2000以上
mst.mission.1958153._detail,将《N》的好感度提升至2000以上。
mst.mission.1958154._title,提高“N”的好感度至3500以上
mst.mission.1958154._detail,将《N》的好感度提升至3500以上。
mst.mission.1958155._title,将《N》的好感度提升至5000以上
mst.mission.1958155._detail,将《N》的好感度提升至5000以上。
mst.mission.1958156._title,提高“N”的好感度至6000以上
mst.mission.1958156._detail,将《N》的好感度提升至6000以上。
mst.mission.1958157._title,提高“N”的好感度至7000以上
mst.mission.1958157._detail,将《N》的好感度提升至7000以上
mst.mission.1958158._title,提高“N”的好感度至8000以上
mst.mission.1958158._detail,将《N》的好感度提升至8000以上。
mst.mission.1958159._title,提高“N”的好感度至9000以上
mst.mission.1958159._detail,将《N》的好感度提升至9000以上。
mst.mission.1958160._title,提高“N”的好感度至10000以上
mst.mission.1958160._detail,将《N》的好感度提升至10000以上
mst.mission.1958161._title,将《N》的好感度提升至11000以上
mst.mission.1958161._detail,将《N》的好感度提升至11000以上
mst.mission.1958162._title,将《N》的好感度提升至12500以上
mst.mission.1958162._detail,将《N》的好感度提升至12500以上。
mst.mission.1958163._title,将《N》的好感度提升至13000以上
mst.mission.1958163._detail,将《N》的好感度提升至13000以上。
mst.mission.1958164._title,提高“N”的好感度至13500以上
mst.mission.1958164._detail,将《N》的好感度提升至13500以上。
mst.mission.1958165._title,提高“N”的好感度至15000以上
mst.mission.1958165._detail,将“N”的好感度提升至15000以上。
mst.mission.1958166._title,提升《N》的好感度
mst.mission.1958166._detail,提升《N》的好感度
mst.mission.1958167._title,提高《N》的好感度至1000以上
mst.mission.1958167._detail,将《N》的好感度提升至1000以上
mst.mission.1958168._title,提高《N》的好感度至2000以上
mst.mission.1958168._detail,将《N》的好感度提升至2000以上。
mst.mission.1958169._title,提高“N”的好感度至3500以上
mst.mission.1958169._detail,将《N》的好感度提升至3500以上。
mst.mission.1958170._title,将《N》的好感度提升至5000以上
mst.mission.1958170._detail,将《N》的好感度提升至5000以上。
mst.mission.1958171._title,提高“N”的好感度至6000以上
mst.mission.1958171._detail,将《N》的好感度提升至6000以上。
mst.mission.1958172._title,提高“N”的好感度至7000以上
mst.mission.1958172._detail,将《N》的好感度提升至7000以上
mst.mission.1958173._title,提高“N”的好感度至8000以上
mst.mission.1958173._detail,将《N》的好感度提升至8000以上。
mst.mission.1958174._title,提高“N”的好感度至9000以上
mst.mission.1958174._detail,将《N》的好感度提升至9000以上。
mst.mission.1958175._title,提高“N”的好感度至10000以上
mst.mission.1958175._detail,将《N》的好感度提升至10000以上
mst.mission.1958176._title,将《N》的好感度提升至11000以上
mst.mission.1958176._detail,将《N》的好感度提升至11000以上
mst.mission.1958177._title,将《N》的好感度提升至12500以上
mst.mission.1958177._detail,将《N》的好感度提升至12500以上。
mst.mission.1958178._title,将《N》的好感度提升至13000以上
mst.mission.1958178._detail,将《N》的好感度提升至13000以上。
mst.mission.1958179._title,提高“N”的好感度至13500以上
mst.mission.1958179._detail,将《N》的好感度提升至13500以上。
mst.mission.1958180._title,提高“N”的好感度至15000以上
mst.mission.1958180._detail,将“N”的好感度提升至15000以上。
mst.mission.1958181._title,提升《N》的好感度
mst.mission.1958181._detail,提升《N》的好感度
mst.mission.1958182._title,提高《N》的好感度至1000以上
mst.mission.1958182._detail,将《N》的好感度提升至1000以上
mst.mission.1958183._title,提高《N》的好感度至2000以上
mst.mission.1958183._detail,将《N》的好感度提升至2000以上。
mst.mission.1958184._title,提高“N”的好感度至3500以上
mst.mission.1958184._detail,将《N》的好感度提升至3500以上。
mst.mission.1958185._title,将《N》的好感度提升至5000以上
mst.mission.1958185._detail,将《N》的好感度提升至5000以上。
mst.mission.1958186._title,提高“N”的好感度至6000以上
mst.mission.1958186._detail,将《N》的好感度提升至6000以上。
mst.mission.1958187._title,提高“N”的好感度至7000以上
mst.mission.1958187._detail,将《N》的好感度提升至7000以上
mst.mission.1958188._title,提高“N”的好感度至8000以上
mst.mission.1958188._detail,将《N》的好感度提升至8000以上。
mst.mission.1958189._title,提高“N”的好感度至9000以上
mst.mission.1958189._detail,将《N》的好感度提升至9000以上。
mst.mission.1958190._title,提高“N”的好感度至10000以上
mst.mission.1958190._detail,将《N》的好感度提升至10000以上
mst.mission.1958191._title,将《N》的好感度提升至11000以上
mst.mission.1958191._detail,将《N》的好感度提升至11000以上
mst.mission.1958192._title,将《N》的好感度提升至12500以上
mst.mission.1958192._detail,将《N》的好感度提升至12500以上。
mst.mission.1958193._title,将《N》的好感度提升至13000以上
mst.mission.1958193._detail,将《N》的好感度提升至13000以上。
mst.mission.1958194._title,提高“N”的好感度至13500以上
mst.mission.1958194._detail,将《N》的好感度提升至13500以上。
mst.mission.1958195._title,提高“N”的好感度至15000以上
mst.mission.1958195._detail,将“N”的好感度提升至15000以上。
mst.mission.1958196._title,提升《N》的好感度
mst.mission.1958196._detail,提升《N》的好感度
mst.mission.1958197._title,提高《N》的好感度至1000以上
mst.mission.1958197._detail,将《N》的好感度提升至1000以上
mst.mission.1958198._title,提高《N》的好感度至2000以上
mst.mission.1958198._detail,将《N》的好感度提升至2000以上。
mst.mission.1958199._title,提高“N”的好感度至3500以上
mst.mission.1958199._detail,将《N》的好感度提升至3500以上。
mst.mission.1958200._title,将《N》的好感度提升至5000以上
mst.mission.1958200._detail,将《N》的好感度提升至5000以上。
mst.mission.1958201._title,提高“N”的好感度至6000以上
mst.mission.1958201._detail,将《N》的好感度提升至6000以上。
mst.mission.1958202._title,提高“N”的好感度至7000以上
mst.mission.1958202._detail,将《N》的好感度提升至7000以上
mst.mission.1958203._title,提高“N”的好感度至8000以上
mst.mission.1958203._detail,将《N》的好感度提升至8000以上。
mst.mission.1958204._title,提高“N”的好感度至9000以上
mst.mission.1958204._detail,将《N》的好感度提升至9000以上。
mst.mission.1958205._title,提高“N”的好感度至10000以上
mst.mission.1958205._detail,将《N》的好感度提升至10000以上
mst.mission.1958206._title,将《N》的好感度提升至11000以上
mst.mission.1958206._detail,将《N》的好感度提升至11000以上
mst.mission.1958207._title,将《N》的好感度提升至12500以上
mst.mission.1958207._detail,将《N》的好感度提升至12500以上。
mst.mission.1958208._title,将《N》的好感度提升至13000以上
mst.mission.1958208._detail,将《N》的好感度提升至13000以上。
mst.mission.1958209._title,提高“N”的好感度至13500以上
mst.mission.1958209._detail,将《N》的好感度提升至13500以上。
mst.mission.1958210._title,提高“N”的好感度至15000以上
mst.mission.1958210._detail,将“N”的好感度提升至15000以上。
mst.mission.1958211._title,提升《N》的好感度
mst.mission.1958211._detail,提升《N》的好感度
mst.mission.1958212._title,提高《N》的好感度至1000以上
mst.mission.1958212._detail,将《N》的好感度提升至1000以上
mst.mission.1958213._title,提高《N》的好感度至2000以上
mst.mission.1958213._detail,将《N》的好感度提升至2000以上。
mst.mission.1958214._title,提高“N”的好感度至3500以上
mst.mission.1958214._detail,将《N》的好感度提升至3500以上。
mst.mission.1958215._title,将《N》的好感度提升至5000以上
mst.mission.1958215._detail,将《N》的好感度提升至5000以上。
mst.mission.1958216._title,提高“N”的好感度至6000以上
mst.mission.1958216._detail,将《N》的好感度提升至6000以上。
mst.mission.1958217._title,提高“N”的好感度至7000以上
mst.mission.1958217._detail,将《N》的好感度提升至7000以上
mst.mission.1958218._title,提高“N”的好感度至8000以上
mst.mission.1958218._detail,将《N》的好感度提升至8000以上。
mst.mission.1958219._title,提高“N”的好感度至9000以上
mst.mission.1958219._detail,将《N》的好感度提升至9000以上。
mst.mission.1958220._title,提高“N”的好感度至10000以上
mst.mission.1958220._detail,将《N》的好感度提升至10000以上
mst.mission.1958221._title,将《N》的好感度提升至11000以上
mst.mission.1958221._detail,将《N》的好感度提升至11000以上
mst.mission.1958222._title,将《N》的好感度提升至12500以上
mst.mission.1958222._detail,将《N》的好感度提升至12500以上。
mst.mission.1958223._title,将《N》的好感度提升至13000以上
mst.mission.1958223._detail,将《N》的好感度提升至13000以上。
mst.mission.1958224._title,提高“N”的好感度至13500以上
mst.mission.1958224._detail,将《N》的好感度提升至13500以上。
mst.mission.1958225._title,提高“N”的好感度至15000以上
mst.mission.1958225._detail,将“N”的好感度提升至15000以上。
mst.mission.1958226._title,提升《N》的好感度
mst.mission.1958226._detail,提升《N》的好感度
mst.mission.1958227._title,提高《N》的好感度至1000以上
mst.mission.1958227._detail,将《N》的好感度提升至1000以上
mst.mission.1958228._title,提高《N》的好感度至2000以上
mst.mission.1958228._detail,将《N》的好感度提升至2000以上。
mst.mission.1958229._title,提高“N”的好感度至3500以上
mst.mission.1958229._detail,将《N》的好感度提升至3500以上。
mst.mission.1958230._title,将《N》的好感度提升至5000以上
mst.mission.1958230._detail,将《N》的好感度提升至5000以上。
mst.mission.1958231._title,提高“N”的好感度至6000以上
mst.mission.1958231._detail,将《N》的好感度提升至6000以上。
mst.mission.1958232._title,提高“N”的好感度至7000以上
mst.mission.1958232._detail,将《N》的好感度提升至7000以上
mst.mission.1958233._title,提高“N”的好感度至8000以上
mst.mission.1958233._detail,将《N》的好感度提升至8000以上。
mst.mission.1958234._title,提高“N”的好感度至9000以上
mst.mission.1958234._detail,将《N》的好感度提升至9000以上。
mst.mission.1958235._title,提高“N”的好感度至10000以上
mst.mission.1958235._detail,将《N》的好感度提升至10000以上
mst.mission.1958236._title,将《N》的好感度提升至11000以上
mst.mission.1958236._detail,将《N》的好感度提升至11000以上
mst.mission.1958237._title,将《N》的好感度提升至12500以上
mst.mission.1958237._detail,将《N》的好感度提升至12500以上。
mst.mission.1958238._title,将《N》的好感度提升至13000以上
mst.mission.1958238._detail,将《N》的好感度提升至13000以上。
mst.mission.1958239._title,提高“N”的好感度至13500以上
mst.mission.1958239._detail,将《N》的好感度提升至13500以上。
mst.mission.1958240._title,提高“N”的好感度至15000以上
mst.mission.1958240._detail,将“N”的好感度提升至15000以上。
mst.mission.1958241._title,提升《N》的好感度
mst.mission.1958241._detail,提升《N》的好感度
mst.mission.1958242._title,提高《N》的好感度至1000以上
mst.mission.1958242._detail,将《N》的好感度提升至1000以上
mst.mission.1958243._title,提高《N》的好感度至2000以上
mst.mission.1958243._detail,将《N》的好感度提升至2000以上。
mst.mission.1958244._title,提高“N”的好感度至3500以上
mst.mission.1958244._detail,将《N》的好感度提升至3500以上。
mst.mission.1958245._title,将《N》的好感度提升至5000以上
mst.mission.1958245._detail,将《N》的好感度提升至5000以上。
mst.mission.1958246._title,提高“N”的好感度至6000以上
mst.mission.1958246._detail,将《N》的好感度提升至6000以上。
mst.mission.1958247._title,提高“N”的好感度至7000以上
mst.mission.1958247._detail,将《N》的好感度提升至7000以上
mst.mission.1958248._title,提高“N”的好感度至8000以上
mst.mission.1958248._detail,将《N》的好感度提升至8000以上。
mst.mission.1958249._title,提高“N”的好感度至9000以上
mst.mission.1958249._detail,将《N》的好感度提升至9000以上。
mst.mission.1958250._title,提高“N”的好感度至10000以上
mst.mission.1958250._detail,将《N》的好感度提升至10000以上
mst.mission.1958251._title,将《N》的好感度提升至11000以上
mst.mission.1958251._detail,将《N》的好感度提升至11000以上
mst.mission.1958252._title,将《N》的好感度提升至12500以上
mst.mission.1958252._detail,将《N》的好感度提升至12500以上。
mst.mission.1958253._title,将《N》的好感度提升至13000以上
mst.mission.1958253._detail,将《N》的好感度提升至13000以上。
mst.mission.1958254._title,提高“N”的好感度至13500以上
mst.mission.1958254._detail,将《N》的好感度提升至13500以上。
mst.mission.1958255._title,提高“N”的好感度至15000以上
mst.mission.1958255._detail,将“N”的好感度提升至15000以上。
mst.mission.1958256._title,提升《N》的好感度
mst.mission.1958256._detail,提升《N》的好感度
mst.mission.1958257._title,提高《N》的好感度至1000以上
mst.mission.1958257._detail,将《N》的好感度提升至1000以上
mst.mission.1958258._title,提高《N》的好感度至2000以上
mst.mission.1958258._detail,将《N》的好感度提升至2000以上。
mst.mission.1958259._title,提高“N”的好感度至3500以上
mst.mission.1958259._detail,将《N》的好感度提升至3500以上。
mst.mission.1958260._title,将《N》的好感度提升至5000以上
mst.mission.1958260._detail,将《N》的好感度提升至5000以上。
mst.mission.1958261._title,提高“N”的好感度至6000以上
mst.mission.1958261._detail,将《N》的好感度提升至6000以上。
mst.mission.1958262._title,提高“N”的好感度至7000以上
mst.mission.1958262._detail,将《N》的好感度提升至7000以上
mst.mission.1958263._title,提高“N”的好感度至8000以上
mst.mission.1958263._detail,将《N》的好感度提升至8000以上。
mst.mission.1958264._title,提高“N”的好感度至9000以上
mst.mission.1958264._detail,将《N》的好感度提升至9000以上。
mst.mission.1958265._title,提高“N”的好感度至10000以上
mst.mission.1958265._detail,将《N》的好感度提升至10000以上
mst.mission.1958266._title,将《N》的好感度提升至11000以上
mst.mission.1958266._detail,将《N》的好感度提升至11000以上
mst.mission.1958267._title,将《N》的好感度提升至12500以上
mst.mission.1958267._detail,将《N》的好感度提升至12500以上。
mst.mission.1958268._title,将《N》的好感度提升至13000以上
mst.mission.1958268._detail,将《N》的好感度提升至13000以上。
mst.mission.1958269._title,提高“N”的好感度至13500以上
mst.mission.1958269._detail,将《N》的好感度提升至13500以上。
mst.mission.1958270._title,提高“N”的好感度至15000以上
mst.mission.1958270._detail,将“N”的好感度提升至15000以上。
mst.mission.1958271._title,提升《N》的好感度
mst.mission.1958271._detail,提升《N》的好感度
mst.mission.1958272._title,提高《N》的好感度至1000以上
mst.mission.1958272._detail,将《N》的好感度提升至1000以上
mst.mission.1958273._title,提高《N》的好感度至2000以上
mst.mission.1958273._detail,将《N》的好感度提升至2000以上。
mst.mission.1958274._title,提高“N”的好感度至3500以上
mst.mission.1958274._detail,将《N》的好感度提升至3500以上。
mst.mission.1958275._title,将《N》的好感度提升至5000以上
mst.mission.1958275._detail,将《N》的好感度提升至5000以上。
mst.mission.1958276._title,提高“N”的好感度至6000以上
mst.mission.1958276._detail,将《N》的好感度提升至6000以上。
mst.mission.1958277._title,提高“N”的好感度至7000以上
mst.mission.1958277._detail,将《N》的好感度提升至7000以上
mst.mission.1958278._title,提高“N”的好感度至8000以上
mst.mission.1958278._detail,将《N》的好感度提升至8000以上。
mst.mission.1958279._title,提高“N”的好感度至9000以上
mst.mission.1958279._detail,将《N》的好感度提升至9000以上。
mst.mission.1958280._title,提高“N”的好感度至10000以上
mst.mission.1958280._detail,将《N》的好感度提升至10000以上
mst.mission.1958281._title,将《N》的好感度提升至11000以上
mst.mission.1958281._detail,将《N》的好感度提升至11000以上
mst.mission.1958282._title,将《N》的好感度提升至12500以上
mst.mission.1958282._detail,将《N》的好感度提升至12500以上。
mst.mission.1958283._title,将《N》的好感度提升至13000以上
mst.mission.1958283._detail,将《N》的好感度提升至13000以上。
mst.mission.1958284._title,提高“N”的好感度至13500以上
mst.mission.1958284._detail,将《N》的好感度提升至13500以上。
mst.mission.1958285._title,提高“N”的好感度至15000以上
mst.mission.1958285._detail,将“N”的好感度提升至15000以上。
mst.mission.1958286._title,提升《N》的好感度
mst.mission.1958286._detail,提升《N》的好感度
mst.mission.1958287._title,提高《N》的好感度至1000以上
mst.mission.1958287._detail,将《N》的好感度提升至1000以上
mst.mission.1958288._title,提高《N》的好感度至2000以上
mst.mission.1958288._detail,将《N》的好感度提升至2000以上。
mst.mission.1958289._title,提高“N”的好感度至3500以上
mst.mission.1958289._detail,将《N》的好感度提升至3500以上。
mst.mission.1958290._title,将《N》的好感度提升至5000以上
mst.mission.1958290._detail,将《N》的好感度提升至5000以上。
mst.mission.1958291._title,提高“N”的好感度至6000以上
mst.mission.1958291._detail,将《N》的好感度提升至6000以上。
mst.mission.1958292._title,提高“N”的好感度至7000以上
mst.mission.1958292._detail,将《N》的好感度提升至7000以上
mst.mission.1958293._title,提高“N”的好感度至8000以上
mst.mission.1958293._detail,将《N》的好感度提升至8000以上。
mst.mission.1958294._title,提高“N”的好感度至9000以上
mst.mission.1958294._detail,将《N》的好感度提升至9000以上。
mst.mission.1958295._title,提高“N”的好感度至10000以上
mst.mission.1958295._detail,将《N》的好感度提升至10000以上
mst.mission.1958296._title,将《N》的好感度提升至11000以上
mst.mission.1958296._detail,将《N》的好感度提升至11000以上
mst.mission.1958297._title,将《N》的好感度提升至12500以上
mst.mission.1958297._detail,将《N》的好感度提升至12500以上。
mst.mission.1958298._title,将《N》的好感度提升至13000以上
mst.mission.1958298._detail,将《N》的好感度提升至13000以上。
mst.mission.1958299._title,提高“N”的好感度至13500以上
mst.mission.1958299._detail,将《N》的好感度提升至13500以上。
mst.mission.1958300._title,提高“N”的好感度至15000以上
mst.mission.1958300._detail,将“N”的好感度提升至15000以上。
mst.mission.1958301._title,提升《N》的好感度
mst.mission.1958301._detail,提升《N》的好感度
mst.mission.1958302._title,提高《N》的好感度至1000以上
mst.mission.1958302._detail,将《N》的好感度提升至1000以上
mst.mission.1958303._title,提高《N》的好感度至2000以上
mst.mission.1958303._detail,将《N》的好感度提升至2000以上。
mst.mission.1958304._title,提高“N”的好感度至3500以上
mst.mission.1958304._detail,将《N》的好感度提升至3500以上。
mst.mission.1958305._title,将《N》的好感度提升至5000以上
mst.mission.1958305._detail,将《N》的好感度提升至5000以上。
mst.mission.1958306._title,提高“N”的好感度至6000以上
mst.mission.1958306._detail,将《N》的好感度提升至6000以上。
mst.mission.1958307._title,提高“N”的好感度至7000以上
mst.mission.1958307._detail,将《N》的好感度提升至7000以上
mst.mission.1958308._title,提高“N”的好感度至8000以上
mst.mission.1958308._detail,将《N》的好感度提升至8000以上。
mst.mission.1958309._title,提高“N”的好感度至9000以上
mst.mission.1958309._detail,将《N》的好感度提升至9000以上。
mst.mission.1958310._title,提高“N”的好感度至10000以上
mst.mission.1958310._detail,将《N》的好感度提升至10000以上
mst.mission.1958311._title,将《N》的好感度提升至11000以上
mst.mission.1958311._detail,将《N》的好感度提升至11000以上
mst.mission.1958312._title,将《N》的好感度提升至12500以上
mst.mission.1958312._detail,将《N》的好感度提升至12500以上。
mst.mission.1958313._title,将《N》的好感度提升至13000以上
mst.mission.1958313._detail,将《N》的好感度提升至13000以上。
mst.mission.1958314._title,提高“N”的好感度至13500以上
mst.mission.1958314._detail,将《N》的好感度提升至13500以上。
mst.mission.1958315._title,提高“N”的好感度至15000以上
mst.mission.1958315._detail,将“N”的好感度提升至15000以上。
mst.mission.1958316._title,提升《N》的好感度
mst.mission.1958316._detail,提升《N》的好感度
mst.mission.1958317._title,提高《N》的好感度至1000以上
mst.mission.1958317._detail,将《N》的好感度提升至1000以上
mst.mission.1958318._title,提高《N》的好感度至2000以上
mst.mission.1958318._detail,将《N》的好感度提升至2000以上。
mst.mission.1958319._title,提高“N”的好感度至3500以上
mst.mission.1958319._detail,将《N》的好感度提升至3500以上。
mst.mission.1958320._title,将《N》的好感度提升至5000以上
mst.mission.1958320._detail,将《N》的好感度提升至5000以上。
mst.mission.1958321._title,提高“N”的好感度至6000以上
mst.mission.1958321._detail,将《N》的好感度提升至6000以上。
mst.mission.1958322._title,提高“N”的好感度至7000以上
mst.mission.1958322._detail,将《N》的好感度提升至7000以上
mst.mission.1958323._title,提高“N”的好感度至8000以上
mst.mission.1958323._detail,将《N》的好感度提升至8000以上。
mst.mission.1958324._title,提高“N”的好感度至9000以上
mst.mission.1958324._detail,将《N》的好感度提升至9000以上。
mst.mission.1958325._title,提高“N”的好感度至10000以上
mst.mission.1958325._detail,将《N》的好感度提升至10000以上
mst.mission.1958326._title,将《N》的好感度提升至11000以上
mst.mission.1958326._detail,将《N》的好感度提升至11000以上
mst.mission.1958327._title,将《N》的好感度提升至12500以上
mst.mission.1958327._detail,将《N》的好感度提升至12500以上。
mst.mission.1958328._title,将《N》的好感度提升至13000以上
mst.mission.1958328._detail,将《N》的好感度提升至13000以上。
mst.mission.1958329._title,提高“N”的好感度至13500以上
mst.mission.1958329._detail,将《N》的好感度提升至13500以上。
mst.mission.1958330._title,提高“N”的好感度至15000以上
mst.mission.1958330._detail,将“N”的好感度提升至15000以上。
mst.mission.1958331._title,提升《N》的好感度
mst.mission.1958331._detail,提升《N》的好感度
mst.mission.1958332._title,提高《N》的好感度至1000以上
mst.mission.1958332._detail,将《N》的好感度提升至1000以上
mst.mission.1958333._title,提高《N》的好感度至2000以上
mst.mission.1958333._detail,将《N》的好感度提升至2000以上。
mst.mission.1958334._title,提高“N”的好感度至3500以上
mst.mission.1958334._detail,将《N》的好感度提升至3500以上。
mst.mission.1958335._title,将《N》的好感度提升至5000以上
mst.mission.1958335._detail,将《N》的好感度提升至5000以上。
mst.mission.1958336._title,提高“N”的好感度至6000以上
mst.mission.1958336._detail,将《N》的好感度提升至6000以上。
mst.mission.1958337._title,提高“N”的好感度至7000以上
mst.mission.1958337._detail,将《N》的好感度提升至7000以上
mst.mission.1958338._title,提高“N”的好感度至8000以上
mst.mission.1958338._detail,将《N》的好感度提升至8000以上。
mst.mission.1958339._title,提高“N”的好感度至9000以上
mst.mission.1958339._detail,将《N》的好感度提升至9000以上。
mst.mission.1958340._title,提高“N”的好感度至10000以上
mst.mission.1958340._detail,将《N》的好感度提升至10000以上
mst.mission.1958341._title,将《N》的好感度提升至11000以上
mst.mission.1958341._detail,将《N》的好感度提升至11000以上
mst.mission.1958342._title,将《N》的好感度提升至12500以上
mst.mission.1958342._detail,将《N》的好感度提升至12500以上。
mst.mission.1958343._title,将《N》的好感度提升至13000以上
mst.mission.1958343._detail,将《N》的好感度提升至13000以上。
mst.mission.1958344._title,提高“N”的好感度至13500以上
mst.mission.1958344._detail,将《N》的好感度提升至13500以上。
mst.mission.1958345._title,提高“N”的好感度至15000以上
mst.mission.1958345._detail,将“N”的好感度提升至15000以上。
mst.mission.1958346._title,提升《N》的好感度
mst.mission.1958346._detail,提升《N》的好感度
mst.mission.1958347._title,提高《N》的好感度至1000以上
mst.mission.1958347._detail,将《N》的好感度提升至1000以上
mst.mission.1958348._title,提高《N》的好感度至2000以上
mst.mission.1958348._detail,将《N》的好感度提升至2000以上。
mst.mission.1958349._title,提高“N”的好感度至3500以上
mst.mission.1958349._detail,将《N》的好感度提升至3500以上。
mst.mission.1958350._title,将《N》的好感度提升至5000以上
mst.mission.1958350._detail,将《N》的好感度提升至5000以上。
mst.mission.1958351._title,提高“N”的好感度至6000以上
mst.mission.1958351._detail,将《N》的好感度提升至6000以上。
mst.mission.1958352._title,提高“N”的好感度至7000以上
mst.mission.1958352._detail,将《N》的好感度提升至7000以上
mst.mission.1958353._title,提高“N”的好感度至8000以上
mst.mission.1958353._detail,将《N》的好感度提升至8000以上。
mst.mission.1958354._title,提高“N”的好感度至9000以上
mst.mission.1958354._detail,将《N》的好感度提升至9000以上。
mst.mission.1958355._title,提高“N”的好感度至10000以上
mst.mission.1958355._detail,将《N》的好感度提升至10000以上
mst.mission.1958356._title,将《N》的好感度提升至11000以上
mst.mission.1958356._detail,将《N》的好感度提升至11000以上
mst.mission.1958357._title,将《N》的好感度提升至12500以上
mst.mission.1958357._detail,将《N》的好感度提升至12500以上。
mst.mission.1958358._title,将《N》的好感度提升至13000以上
mst.mission.1958358._detail,将《N》的好感度提升至13000以上。
mst.mission.1958359._title,提高“N”的好感度至13500以上
mst.mission.1958359._detail,将《N》的好感度提升至13500以上。
mst.mission.1958360._title,提高“N”的好感度至15000以上
mst.mission.1958360._detail,将“N”的好感度提升至15000以上。
mst.mission.1958361._title,提升《N》的好感度
mst.mission.1958361._detail,提升《N》的好感度
mst.mission.1958362._title,提高《N》的好感度至1000以上
mst.mission.1958362._detail,将《N》的好感度提升至1000以上
mst.mission.1958363._title,提高《N》的好感度至2000以上
mst.mission.1958363._detail,将《N》的好感度提升至2000以上。
mst.mission.1958364._title,提高“N”的好感度至3500以上
mst.mission.1958364._detail,将《N》的好感度提升至3500以上。
mst.mission.1958365._title,将《N》的好感度提升至5000以上
mst.mission.1958365._detail,将《N》的好感度提升至5000以上。
mst.mission.1958366._title,提高“N”的好感度至6000以上
mst.mission.1958366._detail,将《N》的好感度提升至6000以上。
mst.mission.1958367._title,提高“N”的好感度至7000以上
mst.mission.1958367._detail,将《N》的好感度提升至7000以上
mst.mission.1958368._title,提高“N”的好感度至8000以上
mst.mission.1958368._detail,将《N》的好感度提升至8000以上。
mst.mission.1958369._title,提高“N”的好感度至9000以上
mst.mission.1958369._detail,将《N》的好感度提升至9000以上。
mst.mission.1958370._title,提高“N”的好感度至10000以上
mst.mission.1958370._detail,将《N》的好感度提升至10000以上
mst.mission.1958371._title,将《N》的好感度提升至11000以上
mst.mission.1958371._detail,将《N》的好感度提升至11000以上
mst.mission.1958372._title,将《N》的好感度提升至12500以上
mst.mission.1958372._detail,将《N》的好感度提升至12500以上。
mst.mission.1958373._title,将《N》的好感度提升至13000以上
mst.mission.1958373._detail,将《N》的好感度提升至13000以上。
mst.mission.1958374._title,提高“N”的好感度至13500以上
mst.mission.1958374._detail,将《N》的好感度提升至13500以上。
mst.mission.1958375._title,提高“N”的好感度至15000以上
mst.mission.1958375._detail,将“N”的好感度提升至15000以上。
mst.mission.1958376._title,提升《N》的好感度
mst.mission.1958376._detail,提升《N》的好感度
mst.mission.1958377._title,提高《N》的好感度至1000以上
mst.mission.1958377._detail,将《N》的好感度提升至1000以上
mst.mission.1958378._title,提高《N》的好感度至2000以上
mst.mission.1958378._detail,将《N》的好感度提升至2000以上。
mst.mission.1958379._title,提高“N”的好感度至3500以上
mst.mission.1958379._detail,将《N》的好感度提升至3500以上。
mst.mission.1958380._title,将《N》的好感度提升至5000以上
mst.mission.1958380._detail,将《N》的好感度提升至5000以上。
mst.mission.1958381._title,提高“N”的好感度至6000以上
mst.mission.1958381._detail,将《N》的好感度提升至6000以上。
mst.mission.1958382._title,提高“N”的好感度至7000以上
mst.mission.1958382._detail,将《N》的好感度提升至7000以上
mst.mission.1958383._title,提高“N”的好感度至8000以上
mst.mission.1958383._detail,将《N》的好感度提升至8000以上。
mst.mission.1958384._title,提高“N”的好感度至9000以上
mst.mission.1958384._detail,将《N》的好感度提升至9000以上。
mst.mission.1958385._title,提高“N”的好感度至10000以上
mst.mission.1958385._detail,将《N》的好感度提升至10000以上
mst.mission.1958386._title,将《N》的好感度提升至11000以上
mst.mission.1958386._detail,将《N》的好感度提升至11000以上
mst.mission.1958387._title,将《N》的好感度提升至12500以上
mst.mission.1958387._detail,将《N》的好感度提升至12500以上。
mst.mission.1958388._title,将《N》的好感度提升至13000以上
mst.mission.1958388._detail,将《N》的好感度提升至13000以上。
mst.mission.1958389._title,提高“N”的好感度至13500以上
mst.mission.1958389._detail,将《N》的好感度提升至13500以上。
mst.mission.1958390._title,提高“N”的好感度至15000以上
mst.mission.1958390._detail,将“N”的好感度提升至15000以上。
mst.mission.1958391._title,提升《N》的好感度
mst.mission.1958391._detail,提升《N》的好感度
mst.mission.1958392._title,提高《N》的好感度至1000以上
mst.mission.1958392._detail,将《N》的好感度提升至1000以上
mst.mission.1958393._title,提高《N》的好感度至2000以上
mst.mission.1958393._detail,将《N》的好感度提升至2000以上。
mst.mission.1958394._title,提高“N”的好感度至3500以上
mst.mission.1958394._detail,将《N》的好感度提升至3500以上。
mst.mission.1958395._title,将《N》的好感度提升至5000以上
mst.mission.1958395._detail,将《N》的好感度提升至5000以上。
mst.mission.1958396._title,提高“N”的好感度至6000以上
mst.mission.1958396._detail,将《N》的好感度提升至6000以上。
mst.mission.1958397._title,提高“N”的好感度至7000以上
mst.mission.1958397._detail,将《N》的好感度提升至7000以上
mst.mission.1958398._title,提高“N”的好感度至8000以上
mst.mission.1958398._detail,将《N》的好感度提升至8000以上。
mst.mission.1958399._title,提高“N”的好感度至9000以上
mst.mission.1958399._detail,将《N》的好感度提升至9000以上。
mst.mission.1958400._title,提高“N”的好感度至10000以上
mst.mission.1958400._detail,将《N》的好感度提升至10000以上
mst.mission.1958401._title,将《N》的好感度提升至11000以上
mst.mission.1958401._detail,将《N》的好感度提升至11000以上
mst.mission.1958402._title,将《N》的好感度提升至12500以上
mst.mission.1958402._detail,将《N》的好感度提升至12500以上。
mst.mission.1958403._title,将《N》的好感度提升至13000以上
mst.mission.1958403._detail,将《N》的好感度提升至13000以上。
mst.mission.1958404._title,提高“N”的好感度至13500以上
mst.mission.1958404._detail,将《N》的好感度提升至13500以上。
mst.mission.1958405._title,提高“N”的好感度至15000以上
mst.mission.1958405._detail,将“N”的好感度提升至15000以上。
mst.mission.1958406._title,提升《N》的好感度
mst.mission.1958406._detail,提升《N》的好感度
mst.mission.1958407._title,提高《N》的好感度至1000以上
mst.mission.1958407._detail,将《N》的好感度提升至1000以上
mst.mission.1958408._title,提高《N》的好感度至2000以上
mst.mission.1958408._detail,将《N》的好感度提升至2000以上。
mst.mission.1958409._title,提高“N”的好感度至3500以上
mst.mission.1958409._detail,将《N》的好感度提升至3500以上。
mst.mission.1958410._title,将《N》的好感度提升至5000以上
mst.mission.1958410._detail,将《N》的好感度提升至5000以上。
mst.mission.1958411._title,提高“N”的好感度至6000以上
mst.mission.1958411._detail,将《N》的好感度提升至6000以上。
mst.mission.1958412._title,提高“N”的好感度至7000以上
mst.mission.1958412._detail,将《N》的好感度提升至7000以上
mst.mission.1958413._title,提高“N”的好感度至8000以上
mst.mission.1958413._detail,将《N》的好感度提升至8000以上。
mst.mission.1958414._title,提高“N”的好感度至9000以上
mst.mission.1958414._detail,将《N》的好感度提升至9000以上。
mst.mission.1958415._title,提高“N”的好感度至10000以上
mst.mission.1958415._detail,将《N》的好感度提升至10000以上
mst.mission.1958416._title,将《N》的好感度提升至11000以上
mst.mission.1958416._detail,将《N》的好感度提升至11000以上
mst.mission.1958417._title,将《N》的好感度提升至12500以上
mst.mission.1958417._detail,将《N》的好感度提升至12500以上。
mst.mission.1958418._title,将《N》的好感度提升至13000以上
mst.mission.1958418._detail,将《N》的好感度提升至13000以上。
mst.mission.1958419._title,提高“N”的好感度至13500以上
mst.mission.1958419._detail,将《N》的好感度提升至13500以上。
mst.mission.1958420._title,提高“N”的好感度至15000以上
mst.mission.1958420._detail,将“N”的好感度提升至15000以上。
mst.mission.1958421._title,提升《N》的好感度
mst.mission.1958421._detail,提升《N》的好感度
mst.mission.1958422._title,提高《N》的好感度至1000以上
mst.mission.1958422._detail,将《N》的好感度提升至1000以上
mst.mission.1958423._title,提高《N》的好感度至2000以上
mst.mission.1958423._detail,将《N》的好感度提升至2000以上。
mst.mission.1958424._title,提高“N”的好感度至3500以上
mst.mission.1958424._detail,将《N》的好感度提升至3500以上。
mst.mission.1958425._title,将《N》的好感度提升至5000以上
mst.mission.1958425._detail,将《N》的好感度提升至5000以上。
mst.mission.1958426._title,提高“N”的好感度至6000以上
mst.mission.1958426._detail,将《N》的好感度提升至6000以上。
mst.mission.1958427._title,提高“N”的好感度至7000以上
mst.mission.1958427._detail,将《N》的好感度提升至7000以上
mst.mission.1958428._title,提高“N”的好感度至8000以上
mst.mission.1958428._detail,将《N》的好感度提升至8000以上。
mst.mission.1958429._title,提高“N”的好感度至9000以上
mst.mission.1958429._detail,将《N》的好感度提升至9000以上。
mst.mission.1958430._title,提高“N”的好感度至10000以上
mst.mission.1958430._detail,将《N》的好感度提升至10000以上
mst.mission.1958431._title,将《N》的好感度提升至11000以上
mst.mission.1958431._detail,将《N》的好感度提升至11000以上
mst.mission.1958432._title,将《N》的好感度提升至12500以上
mst.mission.1958432._detail,将《N》的好感度提升至12500以上。
mst.mission.1958433._title,将《N》的好感度提升至13000以上
mst.mission.1958433._detail,将《N》的好感度提升至13000以上。
mst.mission.1958434._title,提高“N”的好感度至13500以上
mst.mission.1958434._detail,将《N》的好感度提升至13500以上。
mst.mission.1958435._title,提高“N”的好感度至15000以上
mst.mission.1958435._detail,将“N”的好感度提升至15000以上。
mst.mission.1958436._title,提升《N》的好感度
mst.mission.1958436._detail,提升《N》的好感度
mst.mission.1958437._title,提高《N》的好感度至1000以上
mst.mission.1958437._detail,将《N》的好感度提升至1000以上
mst.mission.1958438._title,提高《N》的好感度至2000以上
mst.mission.1958438._detail,将《N》的好感度提升至2000以上。
mst.mission.1958439._title,提高“N”的好感度至3500以上
mst.mission.1958439._detail,将《N》的好感度提升至3500以上。
mst.mission.1958440._title,将《N》的好感度提升至5000以上
mst.mission.1958440._detail,将《N》的好感度提升至5000以上。
mst.mission.1958441._title,提高“N”的好感度至6000以上
mst.mission.1958441._detail,将《N》的好感度提升至6000以上。
mst.mission.1958442._title,提高“N”的好感度至7000以上
mst.mission.1958442._detail,将《N》的好感度提升至7000以上
mst.mission.1958443._title,提高“N”的好感度至8000以上
mst.mission.1958443._detail,将《N》的好感度提升至8000以上。
mst.mission.1958444._title,提高“N”的好感度至9000以上
mst.mission.1958444._detail,将《N》的好感度提升至9000以上。
mst.mission.1958445._title,提高“N”的好感度至10000以上
mst.mission.1958445._detail,将《N》的好感度提升至10000以上
mst.mission.1958446._title,将《N》的好感度提升至11000以上
mst.mission.1958446._detail,将《N》的好感度提升至11000以上
mst.mission.1958447._title,将《N》的好感度提升至12500以上
mst.mission.1958447._detail,将《N》的好感度提升至12500以上。
mst.mission.1958448._title,将《N》的好感度提升至13000以上
mst.mission.1958448._detail,将《N》的好感度提升至13000以上。
mst.mission.1958449._title,提高“N”的好感度至13500以上
mst.mission.1958449._detail,将《N》的好感度提升至13500以上。
mst.mission.1958450._title,提高“N”的好感度至15000以上
mst.mission.1958450._detail,将“N”的好感度提升至15000以上。
mst.mission.1958451._title,提升《N》的好感度
mst.mission.1958451._detail,提升《N》的好感度
mst.mission.1958452._title,提高《N》的好感度至1000以上
mst.mission.1958452._detail,将《N》的好感度提升至1000以上
mst.mission.1958453._title,提高《N》的好感度至2000以上
mst.mission.1958453._detail,将《N》的好感度提升至2000以上。
mst.mission.1958454._title,提高“N”的好感度至3500以上
mst.mission.1958454._detail,将《N》的好感度提升至3500以上。
mst.mission.1958455._title,将《N》的好感度提升至5000以上
mst.mission.1958455._detail,将《N》的好感度提升至5000以上。
mst.mission.1958456._title,提高“N”的好感度至6000以上
mst.mission.1958456._detail,将《N》的好感度提升至6000以上。
mst.mission.1958457._title,提高“N”的好感度至7000以上
mst.mission.1958457._detail,将《N》的好感度提升至7000以上
mst.mission.1958458._title,提高“N”的好感度至8000以上
mst.mission.1958458._detail,将《N》的好感度提升至8000以上。
mst.mission.1958459._title,提高“N”的好感度至9000以上
mst.mission.1958459._detail,将《N》的好感度提升至9000以上。
mst.mission.1958460._title,提高“N”的好感度至10000以上
mst.mission.1958460._detail,将《N》的好感度提升至10000以上
mst.mission.1958461._title,将《N》的好感度提升至11000以上
mst.mission.1958461._detail,将《N》的好感度提升至11000以上
mst.mission.1958462._title,将《N》的好感度提升至12500以上
mst.mission.1958462._detail,将《N》的好感度提升至12500以上。
mst.mission.1958463._title,将《N》的好感度提升至13000以上
mst.mission.1958463._detail,将《N》的好感度提升至13000以上。
mst.mission.1958464._title,提高“N”的好感度至13500以上
mst.mission.1958464._detail,将《N》的好感度提升至13500以上。
mst.mission.1958465._title,提高“N”的好感度至15000以上
mst.mission.1958465._detail,将“N”的好感度提升至15000以上。
mst.mission.1958466._title,提升《N》的好感度
mst.mission.1958466._detail,提升《N》的好感度
mst.mission.1958467._title,提高《N》的好感度至1000以上
mst.mission.1958467._detail,将《N》的好感度提升至1000以上
mst.mission.1958468._title,提高《N》的好感度至2000以上
mst.mission.1958468._detail,将《N》的好感度提升至2000以上。
mst.mission.1958469._title,提高“N”的好感度至3500以上
mst.mission.1958469._detail,将《N》的好感度提升至3500以上。
mst.mission.1958470._title,将《N》的好感度提升至5000以上
mst.mission.1958470._detail,将《N》的好感度提升至5000以上。
mst.mission.1958471._title,提高“N”的好感度至6000以上
mst.mission.1958471._detail,将《N》的好感度提升至6000以上。
mst.mission.1958472._title,提高“N”的好感度至7000以上
mst.mission.1958472._detail,将《N》的好感度提升至7000以上
mst.mission.1958473._title,提高“N”的好感度至8000以上
mst.mission.1958473._detail,将《N》的好感度提升至8000以上。
mst.mission.1958474._title,提高“N”的好感度至9000以上
mst.mission.1958474._detail,将《N》的好感度提升至9000以上。
mst.mission.1958475._title,提高“N”的好感度至10000以上
mst.mission.1958475._detail,将《N》的好感度提升至10000以上
mst.mission.1958476._title,将《N》的好感度提升至11000以上
mst.mission.1958476._detail,将《N》的好感度提升至11000以上
mst.mission.1958477._title,将《N》的好感度提升至12500以上
mst.mission.1958477._detail,将《N》的好感度提升至12500以上。
mst.mission.1958478._title,将《N》的好感度提升至13000以上
mst.mission.1958478._detail,将《N》的好感度提升至13000以上。
mst.mission.1958479._title,提高“N”的好感度至13500以上
mst.mission.1958479._detail,将《N》的好感度提升至13500以上。
mst.mission.1958480._title,提高“N”的好感度至15000以上
mst.mission.1958480._detail,将“N”的好感度提升至15000以上。
mst.mission.1958481._title,提升《N》的好感度
mst.mission.1958481._detail,提升《N》的好感度
mst.mission.1958482._title,提高《N》的好感度至1000以上
mst.mission.1958482._detail,将《N》的好感度提升至1000以上
mst.mission.1958483._title,提高《N》的好感度至2000以上
mst.mission.1958483._detail,将《N》的好感度提升至2000以上。
mst.mission.1958484._title,提高“N”的好感度至3500以上
mst.mission.1958484._detail,将《N》的好感度提升至3500以上。
mst.mission.1958485._title,将《N》的好感度提升至5000以上
mst.mission.1958485._detail,将《N》的好感度提升至5000以上。
mst.mission.1958486._title,提高“N”的好感度至6000以上
mst.mission.1958486._detail,将《N》的好感度提升至6000以上。
mst.mission.1958487._title,提高“N”的好感度至7000以上
mst.mission.1958487._detail,将《N》的好感度提升至7000以上
mst.mission.1958488._title,提高“N”的好感度至8000以上
mst.mission.1958488._detail,将《N》的好感度提升至8000以上。
mst.mission.1958489._title,提高“N”的好感度至9000以上
mst.mission.1958489._detail,将《N》的好感度提升至9000以上。
mst.mission.1958490._title,提高“N”的好感度至10000以上
mst.mission.1958490._detail,将《N》的好感度提升至10000以上
mst.mission.1958491._title,将《N》的好感度提升至11000以上
mst.mission.1958491._detail,将《N》的好感度提升至11000以上
mst.mission.1958492._title,将《N》的好感度提升至12500以上
mst.mission.1958492._detail,将《N》的好感度提升至12500以上。
mst.mission.1958493._title,将《N》的好感度提升至13000以上
mst.mission.1958493._detail,将《N》的好感度提升至13000以上。
mst.mission.1958494._title,提高“N”的好感度至13500以上
mst.mission.1958494._detail,将《N》的好感度提升至13500以上。
mst.mission.1958495._title,提高“N”的好感度至15000以上
mst.mission.1958495._detail,将“N”的好感度提升至15000以上。
mst.mission.1958496._title,提升《N》的好感度
mst.mission.1958496._detail,提升《N》的好感度
mst.mission.1958497._title,提高《N》的好感度至1000以上
mst.mission.1958497._detail,将《N》的好感度提升至1000以上
mst.mission.1958498._title,提高《N》的好感度至2000以上
mst.mission.1958498._detail,将《N》的好感度提升至2000以上。
mst.mission.1958499._title,提高“N”的好感度至3500以上
mst.mission.1958499._detail,将《N》的好感度提升至3500以上。
mst.mission.1958500._title,将《N》的好感度提升至5000以上
mst.mission.1958500._detail,将《N》的好感度提升至5000以上。
mst.mission.1958501._title,提高“N”的好感度至6000以上
mst.mission.1958501._detail,将《N》的好感度提升至6000以上。
mst.mission.1958502._title,提高“N”的好感度至7000以上
mst.mission.1958502._detail,将《N》的好感度提升至7000以上
mst.mission.1958503._title,提高“N”的好感度至8000以上
mst.mission.1958503._detail,将《N》的好感度提升至8000以上。
mst.mission.1958504._title,提高“N”的好感度至9000以上
mst.mission.1958504._detail,将《N》的好感度提升至9000以上。
mst.mission.1958505._title,提高“N”的好感度至10000以上
mst.mission.1958505._detail,将《N》的好感度提升至10000以上
mst.mission.1958506._title,将《N》的好感度提升至11000以上
mst.mission.1958506._detail,将《N》的好感度提升至11000以上
mst.mission.1958507._title,将《N》的好感度提升至12500以上
mst.mission.1958507._detail,将《N》的好感度提升至12500以上。
mst.mission.1958508._title,将《N》的好感度提升至13000以上
mst.mission.1958508._detail,将《N》的好感度提升至13000以上。
mst.mission.1958509._title,提高“N”的好感度至13500以上
mst.mission.1958509._detail,将《N》的好感度提升至13500以上。
mst.mission.1958510._title,提高“N”的好感度至15000以上
mst.mission.1958510._detail,将“N”的好感度提升至15000以上。
mst.mission.1958511._title,提升《N》的好感度
mst.mission.1958511._detail,提升《N》的好感度
mst.mission.1958512._title,提高《N》的好感度至1000以上
mst.mission.1958512._detail,将《N》的好感度提升至1000以上
mst.mission.1958513._title,提高《N》的好感度至2000以上
mst.mission.1958513._detail,将《N》的好感度提升至2000以上。
mst.mission.1958514._title,提高“N”的好感度至3500以上
mst.mission.1958514._detail,将《N》的好感度提升至3500以上。
mst.mission.1958515._title,将《N》的好感度提升至5000以上
mst.mission.1958515._detail,将《N》的好感度提升至5000以上。
mst.mission.1958516._title,提高“N”的好感度至6000以上
mst.mission.1958516._detail,将《N》的好感度提升至6000以上。
mst.mission.1958517._title,提高“N”的好感度至7000以上
mst.mission.1958517._detail,将《N》的好感度提升至7000以上
mst.mission.1958518._title,提高“N”的好感度至8000以上
mst.mission.1958518._detail,将《N》的好感度提升至8000以上。
mst.mission.1958519._title,提高“N”的好感度至9000以上
mst.mission.1958519._detail,将《N》的好感度提升至9000以上。
mst.mission.1958520._title,提高“N”的好感度至10000以上
mst.mission.1958520._detail,将《N》的好感度提升至10000以上
mst.mission.1958521._title,将《N》的好感度提升至11000以上
mst.mission.1958521._detail,将《N》的好感度提升至11000以上
mst.mission.1958522._title,将《N》的好感度提升至12500以上
mst.mission.1958522._detail,将《N》的好感度提升至12500以上。
mst.mission.1958523._title,将《N》的好感度提升至13000以上
mst.mission.1958523._detail,将《N》的好感度提升至13000以上。
mst.mission.1958524._title,提高“N”的好感度至13500以上
mst.mission.1958524._detail,将《N》的好感度提升至13500以上。
mst.mission.1958525._title,提高“N”的好感度至15000以上
mst.mission.1958525._detail,将“N”的好感度提升至15000以上。
mst.mission.1958526._title,提升《N》的好感度
mst.mission.1958526._detail,提升《N》的好感度
mst.mission.1958527._title,提高《N》的好感度至1000以上
mst.mission.1958527._detail,将《N》的好感度提升至1000以上
mst.mission.1958528._title,提高《N》的好感度至2000以上
mst.mission.1958528._detail,将《N》的好感度提升至2000以上。
mst.mission.1958529._title,提高“N”的好感度至3500以上
mst.mission.1958529._detail,将《N》的好感度提升至3500以上。
mst.mission.1958530._title,将《N》的好感度提升至5000以上
mst.mission.1958530._detail,将《N》的好感度提升至5000以上。
mst.mission.1958531._title,提高“N”的好感度至6000以上
mst.mission.1958531._detail,将《N》的好感度提升至6000以上。
mst.mission.1958532._title,提高“N”的好感度至7000以上
mst.mission.1958532._detail,将《N》的好感度提升至7000以上
mst.mission.1958533._title,提高“N”的好感度至8000以上
mst.mission.1958533._detail,将《N》的好感度提升至8000以上。
mst.mission.1958534._title,提高“N”的好感度至9000以上
mst.mission.1958534._detail,将《N》的好感度提升至9000以上。
mst.mission.1958535._title,提高“N”的好感度至10000以上
mst.mission.1958535._detail,将《N》的好感度提升至10000以上
mst.mission.1958536._title,将《N》的好感度提升至11000以上
mst.mission.1958536._detail,将《N》的好感度提升至11000以上
mst.mission.1958537._title,将《N》的好感度提升至12500以上
mst.mission.1958537._detail,将《N》的好感度提升至12500以上。
mst.mission.1958538._title,将《N》的好感度提升至13000以上
mst.mission.1958538._detail,将《N》的好感度提升至13000以上。
mst.mission.1958539._title,提高“N”的好感度至13500以上
mst.mission.1958539._detail,将《N》的好感度提升至13500以上。
mst.mission.1958540._title,提高“N”的好感度至15000以上
mst.mission.1958540._detail,将“N”的好感度提升至15000以上。
mst.mission.1958541._title,提升《N》的好感度
mst.mission.1958541._detail,提升《N》的好感度
mst.mission.1958542._title,提高《N》的好感度至1000以上
mst.mission.1958542._detail,将《N》的好感度提升至1000以上
mst.mission.1958543._title,提高《N》的好感度至2000以上
mst.mission.1958543._detail,将《N》的好感度提升至2000以上。
mst.mission.1958544._title,提高“N”的好感度至3500以上
mst.mission.1958544._detail,将《N》的好感度提升至3500以上。
mst.mission.1958545._title,将《N》的好感度提升至5000以上
mst.mission.1958545._detail,将《N》的好感度提升至5000以上。
mst.mission.1958546._title,提高“N”的好感度至6000以上
mst.mission.1958546._detail,将《N》的好感度提升至6000以上。
mst.mission.1958547._title,提高“N”的好感度至7000以上
mst.mission.1958547._detail,将《N》的好感度提升至7000以上
mst.mission.1958548._title,提高“N”的好感度至8000以上
mst.mission.1958548._detail,将《N》的好感度提升至8000以上。
mst.mission.1958549._title,提高“N”的好感度至9000以上
mst.mission.1958549._detail,将《N》的好感度提升至9000以上。
mst.mission.1958550._title,提高“N”的好感度至10000以上
mst.mission.1958550._detail,将《N》的好感度提升至10000以上
mst.mission.1958551._title,将《N》的好感度提升至11000以上
mst.mission.1958551._detail,将《N》的好感度提升至11000以上
mst.mission.1958552._title,将《N》的好感度提升至12500以上
mst.mission.1958552._detail,将《N》的好感度提升至12500以上。
mst.mission.1958553._title,将《N》的好感度提升至13000以上
mst.mission.1958553._detail,将《N》的好感度提升至13000以上。
mst.mission.1958554._title,提高“N”的好感度至13500以上
mst.mission.1958554._detail,将《N》的好感度提升至13500以上。
mst.mission.1958555._title,提高“N”的好感度至15000以上
mst.mission.1958555._detail,将“N”的好感度提升至15000以上。
mst.mission.1958556._title,提升《N》的好感度
mst.mission.1958556._detail,提升《N》的好感度
mst.mission.1958557._title,提高《N》的好感度至1000以上
mst.mission.1958557._detail,将《N》的好感度提升至1000以上
mst.mission.1958558._title,提高《N》的好感度至2000以上
mst.mission.1958558._detail,将《N》的好感度提升至2000以上。
mst.mission.1958559._title,提高“N”的好感度至3500以上
mst.mission.1958559._detail,将《N》的好感度提升至3500以上。
mst.mission.1958560._title,将《N》的好感度提升至5000以上
mst.mission.1958560._detail,将《N》的好感度提升至5000以上。
mst.mission.1958561._title,提高“N”的好感度至6000以上
mst.mission.1958561._detail,将《N》的好感度提升至6000以上。
mst.mission.1958562._title,提高“N”的好感度至7000以上
mst.mission.1958562._detail,将《N》的好感度提升至7000以上
mst.mission.1958563._title,提高“N”的好感度至8000以上
mst.mission.1958563._detail,将《N》的好感度提升至8000以上。
mst.mission.1958564._title,提高“N”的好感度至9000以上
mst.mission.1958564._detail,将《N》的好感度提升至9000以上。
mst.mission.1958565._title,提高“N”的好感度至10000以上
mst.mission.1958565._detail,将《N》的好感度提升至10000以上
mst.mission.1958566._title,将《N》的好感度提升至11000以上
mst.mission.1958566._detail,将《N》的好感度提升至11000以上
mst.mission.1958567._title,将《N》的好感度提升至12500以上
mst.mission.1958567._detail,将《N》的好感度提升至12500以上。
mst.mission.1958568._title,将《N》的好感度提升至13000以上
mst.mission.1958568._detail,将《N》的好感度提升至13000以上。
mst.mission.1958569._title,提高“N”的好感度至13500以上
mst.mission.1958569._detail,将《N》的好感度提升至13500以上。
mst.mission.1958570._title,提高“N”的好感度至15000以上
mst.mission.1958570._detail,将“N”的好感度提升至15000以上。
mst.mission.1958571._title,提升《N》的好感度
mst.mission.1958571._detail,提升《N》的好感度
mst.mission.1958572._title,提高《N》的好感度至1000以上
mst.mission.1958572._detail,将《N》的好感度提升至1000以上
mst.mission.1958573._title,提高《N》的好感度至2000以上
mst.mission.1958573._detail,将《N》的好感度提升至2000以上。
mst.mission.1958574._title,提高“N”的好感度至3500以上
mst.mission.1958574._detail,将《N》的好感度提升至3500以上。
mst.mission.1958575._title,将《N》的好感度提升至5000以上
mst.mission.1958575._detail,将《N》的好感度提升至5000以上。
mst.mission.1958576._title,提高“N”的好感度至6000以上
mst.mission.1958576._detail,将《N》的好感度提升至6000以上。
mst.mission.1958577._title,提高“N”的好感度至7000以上
mst.mission.1958577._detail,将《N》的好感度提升至7000以上
mst.mission.1958578._title,提高“N”的好感度至8000以上
mst.mission.1958578._detail,将《N》的好感度提升至8000以上。
mst.mission.1958579._title,提高“N”的好感度至9000以上
mst.mission.1958579._detail,将《N》的好感度提升至9000以上。
mst.mission.1958580._title,提高“N”的好感度至10000以上
mst.mission.1958580._detail,将《N》的好感度提升至10000以上
mst.mission.1958581._title,将《N》的好感度提升至11000以上
mst.mission.1958581._detail,将《N》的好感度提升至11000以上
mst.mission.1958582._title,将《N》的好感度提升至12500以上
mst.mission.1958582._detail,将《N》的好感度提升至12500以上。
mst.mission.1958583._title,将《N》的好感度提升至13000以上
mst.mission.1958583._detail,将《N》的好感度提升至13000以上。
mst.mission.1958584._title,提高“N”的好感度至13500以上
mst.mission.1958584._detail,将《N》的好感度提升至13500以上。
mst.mission.1958585._title,提高“N”的好感度至15000以上
mst.mission.1958585._detail,将“N”的好感度提升至15000以上。
mst.mission.1953032._title,登录吧
mst.mission.1953032._detail,登录吧
mst.mission.1953033._title,登录吧
mst.mission.1953033._detail,登录吧
mst.mission.1953034._title,登录吧
mst.mission.1953034._detail,登录吧
mst.mission.1953036._title,登录吧
mst.mission.1953036._detail,登录吧
mst.mission.1953038._title,登录吧
mst.mission.1953038._detail,登录吧
mst.mission.1953039._title,登录吧
mst.mission.1953039._detail,登录吧
mst.mission.1953040._title,登录吧
mst.mission.1953040._detail,登录吧
mst.mission.1953041._title,登录吧
mst.mission.1953041._detail,登录吧
mst.mission.1953042._title,登录吧
mst.mission.1953042._detail,登录吧
mst.mission.1953043._title,登录吧
mst.mission.1953043._detail,登录吧
mst.mission.1953044._title,登录吧
mst.mission.1953044._detail,登录吧
mst.mission.1953046._title,登录吧
mst.mission.1953046._detail,登录吧
mst.mission.1953048._title,登录吧
mst.mission.1953048._detail,登录吧
mst.mission.1953049._title,登录吧
mst.mission.1953049._detail,登录吧
mst.mission.1953051._title,登录吧
mst.mission.1953051._detail,登录吧
mst.mission.1953053._title,登录吧
mst.mission.1953053._detail,登录吧
mst.mission.1953054._title,登录吧
mst.mission.1953054._detail,登录吧
mst.mission.1953055._title,登录吧
mst.mission.1953055._detail,登录吧
mst.mission.1953056._title,登录吧
mst.mission.1953056._detail,登录吧
mst.mission.1953057._title,登录吧
mst.mission.1953057._detail,登录吧
mst.mission.1953058._title,登录吧
mst.mission.1953058._detail,登录吧
mst.mission.1953059._title,登录吧
mst.mission.1953059._detail,登录吧
mst.mission.1953060._title,登录吧
mst.mission.1953060._detail,登录吧
mst.mission.1953061._title,登录吧
mst.mission.1953061._detail,登录吧
mst.mission.1953062._title,登录吧
mst.mission.1953062._detail,登录吧
mst.mission.1953063._title,登录吧
mst.mission.1953063._detail,登录吧
mst.mission.1953064._title,登录吧
mst.mission.1953064._detail,登录吧
mst.mission.1953065._title,登录吧
mst.mission.1953065._detail,登录吧
mst.mission.1953066._title,登录吧
mst.mission.1953066._detail,登录吧
mst.mission.1953068._title,登录吧
mst.mission.1953068._detail,登录吧
mst.mission.1953069._title,登录吧
mst.mission.1953069._detail,登录吧
mst.mission.1953070._title,登录吧
mst.mission.1953070._detail,登录吧
mst.mission.1953071._title,登录吧
mst.mission.1953071._detail,登录吧
mst.mission.1953072._title,登录吧
mst.mission.1953072._detail,登录吧
mst.mission.1953074._title,登录吧
mst.mission.1953074._detail,登录吧
mst.mission.1953075._title,登录吧
mst.mission.1953075._detail,登录吧
mst.mission.1953076._title,登录吧
mst.mission.1953076._detail,登录吧
mst.mission.1953077._title,登录吧
mst.mission.1953077._detail,登录吧
mst.mission.1953078._title,登录吧
mst.mission.1953078._detail,登录吧
mst.mission.1953079._title,登录吧
mst.mission.1953079._detail,登录吧
mst.mission.1953080._title,登录吧
mst.mission.1953080._detail,登录吧
mst.mission.1953081._title,登录吧
mst.mission.1953081._detail,登录吧
mst.mission.1953082._title,登录吧
mst.mission.1953082._detail,登录吧
mst.mission.1953083._title,登录吧
mst.mission.1953083._detail,登录吧
mst.mission.1953084._title,登录吧
mst.mission.1953084._detail,登录吧
mst.mission.1953086._title,登录吧
mst.mission.1953086._detail,登录吧
mst.mission.1953087._title,登录吧
mst.mission.1953087._detail,登录吧
mst.mission.1953088._title,登录吧
mst.mission.1953088._detail,登录吧
mst.mission.1953089._title,登录吧
mst.mission.1953089._detail,登录吧
mst.mission.1953090._title,登录吧
mst.mission.1953090._detail,登录吧
mst.mission.1953091._title,登录吧
mst.mission.1953091._detail,登录吧
mst.mission.1953092._title,登录吧
mst.mission.1953092._detail,登录吧
mst.mission.1953093._title,登录吧
mst.mission.1953093._detail,登录吧
mst.mission.1953094._title,登录吧
mst.mission.1953094._detail,登录吧
mst.mission.1953095._title,登录吧
mst.mission.1953095._detail,登录吧
mst.mission.1953096._title,登录吧
mst.mission.1953096._detail,登录吧
mst.mission.1953098._title,登录吧
mst.mission.1953098._detail,登录吧
mst.mission.1953099._title,登录吧
mst.mission.1953099._detail,登录吧
mst.mission.1953100._title,登录吧
mst.mission.1953100._detail,登录吧
mst.mission.1953101._title,登录吧
mst.mission.1953101._detail,登录吧
mst.mission.1953102._title,登录吧
mst.mission.1953102._detail,登录吧
mst.mission.1953103._title,登录吧
mst.mission.1953103._detail,登录吧
mst.mission.1953104._title,登录吧
mst.mission.1953104._detail,登录吧
mst.mission.1953105._title,登录吧
mst.mission.1953105._detail,登录吧
mst.mission.1953106._title,登录吧
mst.mission.1953106._detail,登录吧
mst.mission.1953107._title,登录吧
mst.mission.1953107._detail,登录吧
mst.mission.1953108._title,登录吧
mst.mission.1953108._detail,登录吧
mst.mission.1953110._title,登录吧
mst.mission.1953110._detail,登录吧
mst.mission.1953111._title,登录吧
mst.mission.1953111._detail,登录吧
mst.mission.1953112._title,登录吧
mst.mission.1953112._detail,登录吧
mst.mission.1953113._title,登录吧
mst.mission.1953113._detail,登录吧
mst.mission.1953114._title,登录吧
mst.mission.1953114._detail,登录吧
mst.mission.1953115._title,登录吧
mst.mission.1953115._detail,登录吧
mst.mission.1953116._title,登录吧
mst.mission.1953116._detail,登录吧
mst.mission.1953117._title,登录吧
mst.mission.1953117._detail,登录吧
mst.mission.1953118._title,登录吧
mst.mission.1953118._detail,登录吧
mst.mission.1953119._title,登录吧
mst.mission.1953119._detail,登录吧
mst.mission.1953120._title,登录吧
mst.mission.1953120._detail,登录吧
mst.mission.1953122._title,登录吧
mst.mission.1953122._detail,登录吧
mst.mission.1953123._title,登录吧
mst.mission.1953123._detail,登录吧
mst.mission.1953124._title,登录吧
mst.mission.1953124._detail,登录吧
mst.mission.1953125._title,登录吧
mst.mission.1953125._detail,登录吧
mst.mission.1953126._title,登录吧
mst.mission.1953126._detail,登录吧
mst.mission.1953127._title,登录吧
mst.mission.1953127._detail,登录吧
mst.mission.1953128._title,登录吧
mst.mission.1953128._detail,登录吧
mst.mission.1953129._title,登录吧
mst.mission.1953129._detail,登录吧
mst.mission.1953130._title,登录吧
mst.mission.1953130._detail,登录吧
mst.mission.1953131._title,登录吧
mst.mission.1953131._detail,登录吧
mst.mission.1953132._title,登录吧
mst.mission.1953132._detail,登录吧
mst.mission.1953134._title,登录吧
mst.mission.1953134._detail,登录吧
mst.mission.1953135._title,登录吧
mst.mission.1953135._detail,登录吧
mst.mission.1953136._title,登录吧
mst.mission.1953136._detail,登录吧
mst.mission.1953137._title,登录吧
mst.mission.1953137._detail,登录吧
mst.mission.1953138._title,登录吧
mst.mission.1953138._detail,登录吧
mst.mission.1953139._title,登录吧
mst.mission.1953139._detail,登录吧
mst.mission.1953140._title,登录吧
mst.mission.1953140._detail,登录吧
mst.mission.1953141._title,登录吧
mst.mission.1953141._detail,登录吧
mst.mission.1953142._title,登录吧
mst.mission.1953142._detail,登录吧
mst.mission.1953143._title,登录吧
mst.mission.1953143._detail,登录吧
mst.mission.1953144._title,登录吧
mst.mission.1953144._detail,登录吧
mst.mission.1953146._title,登录吧
mst.mission.1953146._detail,登录吧
mst.mission.1953147._title,登录吧
mst.mission.1953147._detail,登录吧
mst.mission.1953148._title,登录吧
mst.mission.1953148._detail,登录吧
mst.mission.1953149._title,登录吧
mst.mission.1953149._detail,登录吧
mst.mission.1953150._title,登录吧
mst.mission.1953150._detail,登录吧
mst.mission.1953151._title,登录吧
mst.mission.1953151._detail,登录吧
mst.mission.1953152._title,登录吧
mst.mission.1953152._detail,登录吧
mst.mission.1953153._title,登录吧
mst.mission.1953153._detail,登录吧
mst.mission.1953154._title,登录吧
mst.mission.1953154._detail,登录吧
mst.mission.1953155._title,登录吧
mst.mission.1953155._detail,登录吧
mst.mission.1953156._title,登录吧
mst.mission.1953156._detail,登录吧
mst.mission.1953158._title,登录吧
mst.mission.1953158._detail,登录吧
mst.mission.1953159._title,登录吧
mst.mission.1953159._detail,登录吧
mst.mission.1953160._title,登录吧
mst.mission.1953160._detail,登录吧
mst.mission.1953161._title,登录吧
mst.mission.1953161._detail,登录吧
mst.mission.1953162._title,登录吧
mst.mission.1953162._detail,登录吧
mst.mission.1953163._title,登录吧
mst.mission.1953163._detail,登录吧
mst.mission.1953164._title,登录吧
mst.mission.1953164._detail,登录吧
mst.mission.1953165._title,登录吧
mst.mission.1953165._detail,登录吧
mst.mission.1953166._title,登录吧
mst.mission.1953166._detail,登录吧
mst.mission.1953167._title,登录吧
mst.mission.1953167._detail,登录吧
mst.mission.1953168._title,登录吧
mst.mission.1953168._detail,登录吧
mst.mission.1953170._title,登录吧
mst.mission.1953170._detail,登录吧
mst.mission.1953171._title,登录吧
mst.mission.1953171._detail,登录吧
mst.mission.1953172._title,登录吧
mst.mission.1953172._detail,登录吧
mst.mission.1953173._title,登录吧
mst.mission.1953173._detail,登录吧
mst.mission.1953174._title,登录吧
mst.mission.1953174._detail,登录吧
mst.mission.1953175._title,登录吧
mst.mission.1953175._detail,登录吧
mst.mission.1953176._title,登录吧
mst.mission.1953176._detail,登录吧
mst.mission.1953177._title,登录吧
mst.mission.1953177._detail,登录吧
mst.mission.1953178._title,登录吧
mst.mission.1953178._detail,登录吧
mst.mission.1967001._title,将101的总好感度提升至
mst.mission.1967001._detail,将101的总好感度提高到
mst.mission.1967002._title,将101的总好感度提高到10000以上
mst.mission.1967002._detail,将101的总好感度提高到10000以上
mst.mission.1967003._title,将101的总好感度提高到20000以上
mst.mission.1967003._detail,将101的总好感度提高到20000以上
mst.mission.1967004._title,将101的总好感度提高到30000以上
mst.mission.1967004._detail,将101的总好感度提高到30000以上
mst.mission.1967005._title,将101的总好感度提高到45000以上
mst.mission.1967005._detail,将101的总好感度提高到45000以上。
mst.mission.1967006._title,将101的总好感度提高到60000以上
mst.mission.1967006._detail,将101的总好感度提高到60000以上
mst.mission.1967007._title,将101的总好感度提高到80000以上
mst.mission.1967007._detail,将101的总好感度提高到80000以上
mst.mission.1967008._title,将101的总好感度提高到100000以上
mst.mission.1967008._detail,将101的总好感度提高到100000以上
mst.mission.1967009._title,将101的总好感度提高到115000以上
mst.mission.1967009._detail,将101的总好感度提高到115000以上
mst.mission.1967010._title,将101的总好感度提高到130000以上
mst.mission.1967010._detail,将101的总好感度提高到130000以上。
mst.mission.1967011._title,将101的总好感度提高到145000以上
mst.mission.1967011._detail,将101的总好感度提高到145000以上。
mst.mission.1967012._title,将101的总好感度提高到160000以上
mst.mission.1967012._detail,将101的总好感度提高到160000以上
mst.mission.1967013._title,将101的总好感度提高到175000以上
mst.mission.1967013._detail,将101的总好感度提高到175000以上。
mst.mission.1967014._title,将101的总好感度提高到190000以上
mst.mission.1967014._detail,将101的总好感度提高到190000以上
mst.mission.1967015._title,提高101的总好感度至205000以上
mst.mission.1967015._detail,将101的总好感度提高到205000以上
mst.mission.1953179._title,登录吧
mst.mission.1953179._detail,登录吧
mst.mission.1953182._title,登录吧
mst.mission.1953182._detail,登录吧
mst.mission.1953185._title,登录吧
mst.mission.1953185._detail,登录吧
mst.mission.1953188._title,登录吧
mst.mission.1953188._detail,登录吧
mst.mission.1953191._title,登录吧
mst.mission.1953191._detail,登录吧
mst.mission.1953192._title,登录吧
mst.mission.1953192._detail,登录吧
mst.mission.1953194._title,登录吧
mst.mission.1953194._detail,登录吧
mst.mission.1953195._title,登录吧
mst.mission.1953195._detail,登录吧
mst.mission.1953196._title,登录吧
mst.mission.1953196._detail,登录吧
mst.mission.1953197._title,登录吧
mst.mission.1953197._detail,登录吧
mst.mission.1953198._title,登录吧
mst.mission.1953198._detail,登录吧
mst.mission.1953199._title,登录吧
mst.mission.1953199._detail,登录吧
mst.mission.1953200._title,登录吧
mst.mission.1953200._detail,登录吧
mst.mission.1953201._title,登录吧
mst.mission.1953201._detail,登录吧
mst.mission.1953202._title,登录吧
mst.mission.1953202._detail,登录吧
mst.mission.1953203._title,登录吧
mst.mission.1953203._detail,登录吧
mst.mission.1953204._title,登录吧
mst.mission.1953204._detail,登录吧
mst.mission.1953206._title,登录吧
mst.mission.1953206._detail,登录吧
mst.mission.1953207._title,登录吧
mst.mission.1953207._detail,登录吧
mst.mission.1953208._title,登录吧
mst.mission.1953208._detail,登录吧
mst.mission.1953209._title,登录吧
mst.mission.1953209._detail,登录吧
mst.mission.1953210._title,登录吧
mst.mission.1953210._detail,登录吧
mst.mission.1953211._title,登录吧
mst.mission.1953211._detail,登录吧
mst.mission.1953212._title,登录吧
mst.mission.1953212._detail,登录吧
mst.mission.1953213._title,登录吧
mst.mission.1953213._detail,登录吧
mst.mission.1953214._title,登录吧
mst.mission.1953214._detail,登录吧
mst.mission.1953215._title,登录吧
mst.mission.1953215._detail,登录吧
mst.mission.1953216._title,登录吧
mst.mission.1953216._detail,登录吧
mst.mission.1953218._title,登录吧
mst.mission.1953218._detail,登录吧
mst.mission.1953219._title,登录吧
mst.mission.1953219._detail,登录吧
mst.mission.1953220._title,登录吧
mst.mission.1953220._detail,登录吧
mst.mission.1953221._title,登录吧
mst.mission.1953221._detail,登录吧
mst.mission.1953222._title,登录吧
mst.mission.1953222._detail,登录吧
mst.mission.1953223._title,登录吧
mst.mission.1953223._detail,登录吧
mst.mission.1953224._title,登录吧
mst.mission.1953224._detail,登录吧
mst.mission.1953225._title,登录吧
mst.mission.1953225._detail,登录吧
mst.mission.1953226._title,登录吧
mst.mission.1953226._detail,登录吧
mst.mission.1953227._title,登录吧
mst.mission.1953227._detail,登录吧
mst.mission.1953228._title,登录吧
mst.mission.1953228._detail,登录吧
mst.mission.1953230._title,登录吧
mst.mission.1953230._detail,登录吧
mst.mission.1953231._title,登录吧
mst.mission.1953231._detail,登录吧
mst.mission.1953232._title,登录吧
mst.mission.1953232._detail,登录吧
mst.mission.1953233._title,登录吧
mst.mission.1953233._detail,登录吧
mst.mission.1953234._title,登录吧
mst.mission.1953234._detail,登录吧
mst.mission.1953235._title,登录吧
mst.mission.1953235._detail,登录吧
mst.mission.1953236._title,登录吧
mst.mission.1953236._detail,登录吧
mst.mission.1953237._title,登录吧
mst.mission.1953237._detail,登录吧
mst.mission.1953238._title,登录吧
mst.mission.1953238._detail,登录吧
mst.mission.1953239._title,登录吧
mst.mission.1953239._detail,登录吧
mst.mission.1953240._title,登录吧
mst.mission.1953240._detail,登录吧
mst.mission.1953242._title,登录吧
mst.mission.1953242._detail,登录吧
mst.mission.1953243._title,登录吧
mst.mission.1953243._detail,登录吧
mst.mission.1953244._title,登录吧
mst.mission.1953244._detail,登录吧
mst.mission.1953245._title,登录吧
mst.mission.1953245._detail,登录吧
mst.mission.1953246._title,登录吧
mst.mission.1953246._detail,登录吧
mst.mission.1953247._title,登录吧
mst.mission.1953247._detail,登录吧
mst.mission.1953248._title,登录吧
mst.mission.1953248._detail,登录吧
mst.mission.1953249._title,登录吧
mst.mission.1953249._detail,登录吧
mst.mission.1953250._title,登录吧
mst.mission.1953250._detail,登录吧
mst.mission.1953251._title,登录吧
mst.mission.1953251._detail,登录吧
mst.mission.1953252._title,登录吧
mst.mission.1953252._detail,登录吧
mst.mission.1953254._title,登录吧
mst.mission.1953254._detail,登录吧
mst.mission.1953255._title,登录吧
mst.mission.1953255._detail,登录吧
mst.mission.1953256._title,登录吧
mst.mission.1953256._detail,登录吧
mst.mission.1953257._title,登录吧
mst.mission.1953257._detail,登录吧
mst.mission.1953258._title,登录吧
mst.mission.1953258._detail,登录吧
mst.mission.1953259._title,登录吧
mst.mission.1953259._detail,登录吧
mst.mission.1953260._title,登录吧
mst.mission.1953260._detail,登录吧
mst.mission.1953261._title,登录吧
mst.mission.1953261._detail,登录吧
mst.mission.1953262._title,登录吧
mst.mission.1953262._detail,登录吧
mst.mission.1953263._title,登录吧
mst.mission.1953263._detail,登录吧
mst.mission.1953264._title,登录吧
mst.mission.1953264._detail,登录吧
mst.mission.1953266._title,登录吧
mst.mission.1953266._detail,登录吧
mst.mission.1953267._title,登录吧
mst.mission.1953267._detail,登录吧
mst.mission.1953268._title,登录吧
mst.mission.1953268._detail,登录吧
mst.mission.1953269._title,登录吧
mst.mission.1953269._detail,登录吧
mst.mission.1953270._title,登录吧
mst.mission.1953270._detail,登录吧
mst.mission.1953271._title,登录吧
mst.mission.1953271._detail,登录吧
mst.mission.1953272._title,登录吧
mst.mission.1953272._detail,登录吧
mst.mission.1953273._title,登录吧
mst.mission.1953273._detail,登录吧
mst.mission.1953274._title,登录吧
mst.mission.1953274._detail,登录吧
mst.mission.1953275._title,登录吧
mst.mission.1953275._detail,登录吧
mst.mission.1953276._title,登录吧
mst.mission.1953276._detail,登录吧
mst.mission.1953278._title,登录吧
mst.mission.1953278._detail,登录吧
mst.mission.1953279._title,登录吧
mst.mission.1953279._detail,登录吧
mst.mission.1953280._title,登录吧
mst.mission.1953280._detail,登录吧
mst.mission.1953281._title,登录吧
mst.mission.1953281._detail,登录吧
mst.mission.1953282._title,登录吧
mst.mission.1953282._detail,登录吧
mst.mission.1953283._title,登录吧
mst.mission.1953283._detail,登录吧
mst.mission.1953284._title,登录吧
mst.mission.1953284._detail,登录吧
mst.mission.1953285._title,登录吧
mst.mission.1953285._detail,登录吧
mst.mission.1953286._title,登录吧
mst.mission.1953286._detail,登录吧
mst.mission.1953287._title,登录吧
mst.mission.1953287._detail,登录吧
mst.mission.1953288._title,登录吧
mst.mission.1953288._detail,登录吧
mst.mission.1953290._title,登录吧
mst.mission.1953290._detail,登录吧
mst.mission.1953291._title,登录吧
mst.mission.1953291._detail,登录吧
mst.mission.1953292._title,登录吧
mst.mission.1953292._detail,登录吧
mst.mission.1953293._title,登录吧
mst.mission.1953293._detail,登录吧
mst.mission.1953294._title,登录吧
mst.mission.1953294._detail,登录吧
mst.mission.1953295._title,登录吧
mst.mission.1953295._detail,登录吧
mst.mission.1953296._title,登录吧
mst.mission.1953296._detail,登录吧
mst.mission.1953297._title,登录吧
mst.mission.1953297._detail,登录吧
mst.mission.1953298._title,登录吧
mst.mission.1953298._detail,登录吧
mst.mission.1967016._title,提高201的总好感度
mst.mission.1967016._detail,将201的累计好感度提高到
mst.mission.1967017._title,提高201的总好感度至10000以上
mst.mission.1967017._detail,将201的总好感度提高到10000以上
mst.mission.1967018._title,将201的总好感度提高到20000以上
mst.mission.1967018._detail,将201的总好感度提高到20000以上
mst.mission.1967019._title,将201的总好感度提高到30000以上
mst.mission.1967019._detail,将201的总好感度提高到30000以上
mst.mission.1967020._title,将201的总好感度提高到45000以上
mst.mission.1967020._detail,将201的总好感度提高到45000以上
mst.mission.1967021._title,将201的总好感度提高到60000以上
mst.mission.1967021._detail,将201的总好感度提高到60000以上
mst.mission.1967022._title,将201的总好感度提高到80000以上
mst.mission.1967022._detail,将201的总好感度提高到80000以上
mst.mission.1967023._title,将201的总好感度提高到100000以上
mst.mission.1967023._detail,将201的总好感度提高到100000以上
mst.mission.1967024._title,将201的总好感度提高到115000以上
mst.mission.1967024._detail,将201的总好感度提高到115000以上。
mst.mission.1967025._title,将201的总好感度提高到130000以上
mst.mission.1967025._detail,将201的总好感度提高到130000以上。
mst.mission.1967026._title,将201的总好感度提高到145000以上
mst.mission.1967026._detail,将201的总好感度提高到145000以上。
mst.mission.1967027._title,将201的总好感度提高到160000以上
mst.mission.1967027._detail,将201的总好感度提高到160000以上
mst.mission.1967028._title,将201的总好感度提高到175000以上
mst.mission.1967028._detail,将201的总好感度提高到175000以上。
mst.mission.1967029._title,将201的总好感度提高到190000以上
mst.mission.1967029._detail,将201的总好感度提高到190000以上。
mst.mission.1967030._title,提高201的总好感度至205000以上
mst.mission.1967030._detail,将201的总好感度提高到205000以上
mst.mission.1953301._title,登录吧
mst.mission.1953301._detail,登录吧
mst.mission.1953306._title,登录吧
mst.mission.1953306._detail,登录吧
mst.mission.1953307._title,登录吧
mst.mission.1953307._detail,登录吧
mst.mission.1953311._title,登录吧
mst.mission.1953311._detail,登录吧
mst.mission.1953312._title,登录吧
mst.mission.1953312._detail,登录吧
mst.mission.1953314._title,登录吧
mst.mission.1953314._detail,登录吧
mst.mission.1953315._title,登录吧
mst.mission.1953315._detail,登录吧
mst.mission.1953316._title,登录吧
mst.mission.1953316._detail,登录吧
mst.mission.1953317._title,登录吧
mst.mission.1953317._detail,登录吧
mst.mission.1953318._title,登录吧
mst.mission.1953318._detail,登录吧
mst.mission.1953319._title,登录吧
mst.mission.1953319._detail,登录吧
mst.mission.1953320._title,登录吧
mst.mission.1953320._detail,登录吧
mst.mission.1953321._title,登录吧
mst.mission.1953321._detail,登录吧
mst.mission.1953322._title,登录吧
mst.mission.1953322._detail,登录吧
mst.mission.1953323._title,登录吧
mst.mission.1953323._detail,登录吧
mst.mission.1953324._title,登录吧
mst.mission.1953324._detail,登录吧
mst.mission.1953326._title,登录吧
mst.mission.1953326._detail,登录吧
mst.mission.1953327._title,登录吧
mst.mission.1953327._detail,登录吧
mst.mission.1953328._title,登录吧
mst.mission.1953328._detail,登录吧
mst.mission.1953329._title,登录吧
mst.mission.1953329._detail,登录吧
mst.mission.1953330._title,登录吧
mst.mission.1953330._detail,登录吧
mst.mission.1953331._title,登录吧
mst.mission.1953331._detail,登录吧
mst.mission.1953332._title,登录吧
mst.mission.1953332._detail,登录吧
mst.mission.1953333._title,登录吧
mst.mission.1953333._detail,登录吧
mst.mission.1953334._title,登录吧
mst.mission.1953334._detail,登录吧
mst.mission.1953335._title,登录吧
mst.mission.1953335._detail,登录吧
mst.mission.1953336._title,登录吧
mst.mission.1953336._detail,登录吧
mst.mission.1953338._title,登录吧
mst.mission.1953338._detail,登录吧
mst.mission.1953339._title,登录吧
mst.mission.1953339._detail,登录吧
mst.mission.1953340._title,登录吧
mst.mission.1953340._detail,登录吧
mst.mission.1953341._title,登录吧
mst.mission.1953341._detail,登录吧
mst.mission.1953342._title,登录吧
mst.mission.1953342._detail,登录吧
mst.mission.1953343._title,登录吧
mst.mission.1953343._detail,登录吧
mst.mission.1953344._title,登录吧
mst.mission.1953344._detail,登录吧
mst.mission.1953345._title,登录吧
mst.mission.1953345._detail,登录吧
mst.mission.1953346._title,登录吧
mst.mission.1953346._detail,登录吧
mst.mission.1953347._title,登录吧
mst.mission.1953347._detail,登录吧
mst.mission.1953348._title,登录吧
mst.mission.1953348._detail,登录吧
mst.mission.1953350._title,登录吧
mst.mission.1953350._detail,登录吧
mst.mission.1953351._title,登录吧
mst.mission.1953351._detail,登录吧
mst.mission.1953352._title,登录吧
mst.mission.1953352._detail,登录吧
mst.mission.1953353._title,登录吧
mst.mission.1953353._detail,登录吧
mst.mission.1953354._title,登录吧
mst.mission.1953354._detail,登录吧
mst.mission.1953355._title,登录吧
mst.mission.1953355._detail,登录吧
mst.mission.1953356._title,登录吧
mst.mission.1953356._detail,登录吧
mst.mission.1953357._title,登录吧
mst.mission.1953357._detail,登录吧
mst.mission.1953358._title,登录吧
mst.mission.1953358._detail,登录吧
mst.mission.1953359._title,登录吧
mst.mission.1953359._detail,登录吧
mst.mission.1953360._title,登录吧
mst.mission.1953360._detail,登录吧
mst.mission.1953362._title,登录吧
mst.mission.1953362._detail,登录吧
mst.mission.1953363._title,登录吧
mst.mission.1953363._detail,登录吧
mst.mission.1953364._title,登录吧
mst.mission.1953364._detail,登录吧
mst.mission.1953365._title,登录吧
mst.mission.1953365._detail,登录吧
mst.mission.1953366._title,登录吧
mst.mission.1953366._detail,登录吧
mst.mission.1953367._title,登录吧
mst.mission.1953367._detail,登录吧
mst.mission.1953368._title,登录吧
mst.mission.1953368._detail,登录吧
mst.mission.1953369._title,登录吧
mst.mission.1953369._detail,登录吧
mst.mission.1953370._title,登录吧
mst.mission.1953370._detail,登录吧
mst.mission.1953371._title,登录吧
mst.mission.1953371._detail,登录吧
mst.mission.1953372._title,登录吧
mst.mission.1953372._detail,登录吧
mst.mission.1953374._title,登录吧
mst.mission.1953374._detail,登录吧
mst.mission.1953375._title,登录吧
mst.mission.1953375._detail,登录吧
mst.mission.1953376._title,登录吧
mst.mission.1953376._detail,登录吧
mst.mission.1953377._title,登录吧
mst.mission.1953377._detail,登录吧
mst.mission.1953378._title,登录吧
mst.mission.1953378._detail,登录吧
mst.mission.1953379._title,登录吧
mst.mission.1953379._detail,登录吧
mst.mission.1953380._title,登录吧
mst.mission.1953380._detail,登录吧
mst.mission.1953381._title,登录吧
mst.mission.1953381._detail,登录吧
mst.mission.1953382._title,登录吧
mst.mission.1953382._detail,登录吧
mst.mission.1953383._title,登录吧
mst.mission.1953383._detail,登录吧
mst.mission.1953384._title,登录吧
mst.mission.1953384._detail,登录吧
mst.mission.1953386._title,登录吧
mst.mission.1953386._detail,登录吧
mst.mission.1953387._title,登录吧
mst.mission.1953387._detail,登录吧
mst.mission.1953388._title,登录吧
mst.mission.1953388._detail,登录吧
mst.mission.1953389._title,登录吧
mst.mission.1953389._detail,登录吧
mst.mission.1953390._title,登录吧
mst.mission.1953390._detail,登录吧
mst.mission.1953391._title,登录吧
mst.mission.1953391._detail,登录吧
mst.mission.1953392._title,登录吧
mst.mission.1953392._detail,登录吧
mst.mission.1953393._title,登录吧
mst.mission.1953393._detail,登录吧
mst.mission.1953394._title,登录吧
mst.mission.1953394._detail,登录吧
mst.mission.1953395._title,登录吧
mst.mission.1953395._detail,登录吧
mst.mission.1953396._title,登录吧
mst.mission.1953396._detail,登录吧
mst.mission.1953398._title,登录吧
mst.mission.1953398._detail,登录吧
mst.mission.1953399._title,登录吧
mst.mission.1953399._detail,登录吧
mst.mission.1953400._title,登录吧
mst.mission.1953400._detail,登录吧
mst.mission.1953401._title,登录吧
mst.mission.1953401._detail,登录吧
mst.mission.1953402._title,登录吧
mst.mission.1953402._detail,登录吧
mst.mission.1953403._title,登录吧
mst.mission.1953403._detail,登录吧
mst.mission.1953404._title,登录吧
mst.mission.1953404._detail,登录吧
mst.mission.1953405._title,登录吧
mst.mission.1953405._detail,登录吧
mst.mission.1953406._title,登录吧
mst.mission.1953406._detail,登录吧
mst.mission.1953407._title,登录吧
mst.mission.1953407._detail,登录吧
mst.mission.1953408._title,登录吧
mst.mission.1953408._detail,登录吧
mst.mission.1953410._title,登录吧
mst.mission.1953410._detail,登录吧
mst.mission.1953411._title,登录吧
mst.mission.1953411._detail,登录吧
mst.mission.1953412._title,登录吧
mst.mission.1953412._detail,登录吧
mst.mission.1953413._title,登录吧
mst.mission.1953413._detail,登录吧
mst.mission.1953414._title,登录吧
mst.mission.1953414._detail,登录吧
mst.mission.1953415._title,登录吧
mst.mission.1953415._detail,登录吧
mst.mission.1953416._title,登录吧
mst.mission.1953416._detail,登录吧
mst.mission.1953417._title,登录吧
mst.mission.1953417._detail,登录吧
mst.mission.1953418._title,登录吧
mst.mission.1953418._detail,登录吧
mst.mission.1953419._title,登录吧
mst.mission.1953419._detail,登录吧
mst.mission.1953420._title,登录吧
mst.mission.1953420._detail,登录吧
mst.mission.1953422._title,登录吧
mst.mission.1953422._detail,登录吧
mst.mission.1953423._title,登录吧
mst.mission.1953423._detail,登录吧
mst.mission.1953424._title,登录吧
mst.mission.1953424._detail,登录吧
mst.mission.1953425._title,登录吧
mst.mission.1953425._detail,登录吧
mst.mission.1953426._title,登录吧
mst.mission.1953426._detail,登录吧
mst.mission.1953427._title,登录吧
mst.mission.1953427._detail,登录吧
mst.mission.1953428._title,登录吧
mst.mission.1953428._detail,登录吧
mst.mission.1953429._title,登录吧
mst.mission.1953429._detail,登录吧
mst.mission.1953430._title,登录吧
mst.mission.1953430._detail,登录吧
mst.mission.1953431._title,登录吧
mst.mission.1953431._detail,登录吧
mst.mission.1953432._title,登录吧
mst.mission.1953432._detail,登录吧
mst.mission.1953434._title,登录吧
mst.mission.1953434._detail,登录吧
mst.mission.1953435._title,登录吧
mst.mission.1953435._detail,登录吧
mst.mission.1953436._title,登录吧
mst.mission.1953436._detail,登录吧
mst.mission.1953437._title,登录吧
mst.mission.1953437._detail,登录吧
mst.mission.1953438._title,登录吧
mst.mission.1953438._detail,登录吧
mst.mission.1953439._title,登录吧
mst.mission.1953439._detail,登录吧
mst.mission.1953440._title,登录吧
mst.mission.1953440._detail,登录吧
mst.mission.1953441._title,登录吧
mst.mission.1953441._detail,登录吧
mst.mission.1953442._title,登录吧
mst.mission.1953442._detail,登录吧
mst.mission.1953443._title,登录吧
mst.mission.1953443._detail,登录吧
mst.mission.1953444._title,登录吧
mst.mission.1953444._detail,登录吧
mst.mission.1953446._title,登录吧
mst.mission.1953446._detail,登录吧
mst.mission.1953447._title,登录吧
mst.mission.1953447._detail,登录吧
mst.mission.1953448._title,登录吧
mst.mission.1953448._detail,登录吧
mst.mission.1953449._title,登录吧
mst.mission.1953449._detail,登录吧
mst.mission.1953450._title,登录吧
mst.mission.1953450._detail,登录吧
mst.mission.1953451._title,登录吧
mst.mission.1953451._detail,登录吧
mst.mission.1953452._title,登录吧
mst.mission.1953452._detail,登录吧
mst.mission.1953453._title,登录吧
mst.mission.1953453._detail,登录吧
mst.mission.1953454._title,登录吧
mst.mission.1953454._detail,登录吧
mst.mission.1967031._title,达成301的总好感度
mst.mission.1967031._detail,达成301的总好感度
mst.mission.1967032._title,将301的总好感度提高到10000以上
mst.mission.1967032._detail,将301的总好感度提高到10000以上
mst.mission.1967033._title,将301的总好感度提高到20000以上
mst.mission.1967033._detail,将301的总好感度提高到20000以上
mst.mission.1967034._title,将301的总好感度提高到30000以上
mst.mission.1967034._detail,将301的总好感度提高到30000以上
mst.mission.1967035._title,将301的总好感度提高到45000以上
mst.mission.1967035._detail,将301的总好感度提高到45000以上。
mst.mission.1967036._title,将301的总好感度提高到60000以上
mst.mission.1967036._detail,将301的总好感度提高到60000以上。
mst.mission.1967037._title,将301的总好感度提高到80000以上
mst.mission.1967037._detail,将301的总好感度提高到80000以上
mst.mission.1967038._title,将301的总好感度提高到100000以上
mst.mission.1967038._detail,将301的总好感度提高到100000以上。
mst.mission.1967039._title,将301的总好感度提高到115000以上
mst.mission.1967039._detail,将301的总好感度提高到115000以上。
mst.mission.1967040._title,将301的总好感度提高到130000以上
mst.mission.1967040._detail,将301的总好感度提高到130000以上。
mst.mission.1967041._title,将301的总好感度提高到145000以上
mst.mission.1967041._detail,将301的总好感度提高到145000以上。
mst.mission.1967042._title,将301的总好感度提高到160000以上
mst.mission.1967042._detail,将301的总好感度提高到160000以上
mst.mission.1967043._title,将301的总好感度提高到175000以上
mst.mission.1967043._detail,将301的总好感度提高到175000以上。
mst.mission.1967044._title,将301的总好感度提高到190000以上
mst.mission.1967044._detail,将301的总好感度提高到190000以上。
mst.mission.1967045._title,将301的总好感度提高到205000以上
mst.mission.1967045._detail,将301的总好感度提高到205000以上
mst.mission.1953455._title,登录吧
mst.mission.1953455._detail,登录吧
mst.mission.1953458._title,登录吧
mst.mission.1953458._detail,登录吧
mst.mission.1953461._title,登录吧
mst.mission.1953461._detail,登录吧
mst.mission.1953464._title,登录吧
mst.mission.1953464._detail,登录吧
mst.mission.1953465._title,登录吧
mst.mission.1953465._detail,登录吧
mst.mission.1953467._title,登录吧
mst.mission.1953467._detail,登录吧
mst.mission.1953468._title,登录吧
mst.mission.1953468._detail,登录吧
mst.mission.1953470._title,登录吧
mst.mission.1953470._detail,登录吧
mst.mission.1953471._title,登录吧
mst.mission.1953471._detail,登录吧
mst.mission.1953472._title,登录吧
mst.mission.1953472._detail,登录吧
mst.mission.1953473._title,登录吧
mst.mission.1953473._detail,登录吧
mst.mission.1953474._title,登录吧
mst.mission.1953474._detail,登录吧
mst.mission.1953475._title,登录吧
mst.mission.1953475._detail,登录吧
mst.mission.1953476._title,登录吧
mst.mission.1953476._detail,登录吧
mst.mission.1953477._title,登录吧
mst.mission.1953477._detail,登录吧
mst.mission.1953478._title,登录吧
mst.mission.1953478._detail,登录吧
mst.mission.1953479._title,登录吧
mst.mission.1953479._detail,登录吧
mst.mission.1953480._title,登录吧
mst.mission.1953480._detail,登录吧
mst.mission.1953482._title,登录吧
mst.mission.1953482._detail,登录吧
mst.mission.1953483._title,登录吧
mst.mission.1953483._detail,登录吧
mst.mission.1953484._title,登录吧
mst.mission.1953484._detail,登录吧
mst.mission.1953485._title,登录吧
mst.mission.1953485._detail,登录吧
mst.mission.1953486._title,登录吧
mst.mission.1953486._detail,登录吧
mst.mission.1953487._title,登录吧
mst.mission.1953487._detail,登录吧
mst.mission.1953488._title,登录吧
mst.mission.1953488._detail,登录吧
mst.mission.1953489._title,登录吧
mst.mission.1953489._detail,登录吧
mst.mission.1953490._title,登录吧
mst.mission.1953490._detail,登录吧
mst.mission.1953491._title,登录吧
mst.mission.1953491._detail,登录吧
mst.mission.1953492._title,登录吧
mst.mission.1953492._detail,登录吧
mst.mission.1953494._title,登录吧
mst.mission.1953494._detail,登录吧
mst.mission.1953495._title,登录吧
mst.mission.1953495._detail,登录吧
mst.mission.1953496._title,登录吧
mst.mission.1953496._detail,登录吧
mst.mission.1953497._title,登录吧
mst.mission.1953497._detail,登录吧
mst.mission.1953498._title,登录吧
mst.mission.1953498._detail,登录吧
mst.mission.1953499._title,登录吧
mst.mission.1953499._detail,登录吧
mst.mission.1953500._title,登录吧
mst.mission.1953500._detail,登录吧
mst.mission.1953501._title,登录吧
mst.mission.1953501._detail,登录吧
mst.mission.1953502._title,登录吧
mst.mission.1953502._detail,登录吧
mst.mission.1953503._title,登录吧
mst.mission.1953503._detail,登录吧
mst.mission.1953504._title,登录吧
mst.mission.1953504._detail,登录吧
mst.mission.1953506._title,登录吧
mst.mission.1953506._detail,登录吧
mst.mission.1953507._title,登录吧
mst.mission.1953507._detail,登录吧
mst.mission.1953508._title,登录吧
mst.mission.1953508._detail,登录吧
mst.mission.1953509._title,登录吧
mst.mission.1953509._detail,登录吧
mst.mission.1953510._title,登录吧
mst.mission.1953510._detail,登录吧
mst.mission.1953511._title,登录吧
mst.mission.1953511._detail,登录吧
mst.mission.1953512._title,登录吧
mst.mission.1953512._detail,登录吧
mst.mission.1953513._title,登录吧
mst.mission.1953513._detail,登录吧
mst.mission.1953514._title,登录吧
mst.mission.1953514._detail,登录吧
mst.mission.1953515._title,登录吧
mst.mission.1953515._detail,登录吧
mst.mission.1953516._title,登录吧
mst.mission.1953516._detail,登录吧
mst.mission.1953518._title,登录吧
mst.mission.1953518._detail,登录吧
mst.mission.1953519._title,登录吧
mst.mission.1953519._detail,登录吧
mst.mission.1953520._title,登录吧
mst.mission.1953520._detail,登录吧
mst.mission.1953521._title,登录吧
mst.mission.1953521._detail,登录吧
mst.mission.1953522._title,登录吧
mst.mission.1953522._detail,登录吧
mst.mission.1953523._title,登录吧
mst.mission.1953523._detail,登录吧
mst.mission.1953524._title,登录吧
mst.mission.1953524._detail,登录吧
mst.mission.1953525._title,登录吧
mst.mission.1953525._detail,登录吧
mst.mission.1953526._title,登录吧
mst.mission.1953526._detail,登录吧
mst.mission.1953527._title,登录吧
mst.mission.1953527._detail,登录吧
mst.mission.1953528._title,登录吧
mst.mission.1953528._detail,登录吧
mst.mission.1953530._title,登录吧
mst.mission.1953530._detail,登录吧
mst.mission.1953531._title,登录吧
mst.mission.1953531._detail,登录吧
mst.mission.1953532._title,登录吧
mst.mission.1953532._detail,登录吧
mst.mission.1953533._title,登录吧
mst.mission.1953533._detail,登录吧
mst.mission.1953534._title,登录吧
mst.mission.1953534._detail,登录吧
mst.mission.1953535._title,登录吧
mst.mission.1953535._detail,登录吧
mst.mission.1953536._title,登录吧
mst.mission.1953536._detail,登录吧
mst.mission.1953537._title,登录吧
mst.mission.1953537._detail,登录吧
mst.mission.1953538._title,登录吧
mst.mission.1953538._detail,登录吧
mst.mission.1953539._title,登录吧
mst.mission.1953539._detail,登录吧
mst.mission.1953540._title,登录吧
mst.mission.1953540._detail,登录吧
mst.mission.1953542._title,登录吧
mst.mission.1953542._detail,登录吧
mst.mission.1953543._title,登录吧
mst.mission.1953543._detail,登录吧
mst.mission.1953544._title,登录吧
mst.mission.1953544._detail,登录吧
mst.mission.1953545._title,登录吧
mst.mission.1953545._detail,登录吧
mst.mission.1953546._title,登录吧
mst.mission.1953546._detail,登录吧
mst.mission.1953547._title,登录吧
mst.mission.1953547._detail,登录吧
mst.mission.1953548._title,登录吧
mst.mission.1953548._detail,登录吧
mst.mission.1953549._title,登录吧
mst.mission.1953549._detail,登录吧
mst.mission.1953550._title,登录吧
mst.mission.1953550._detail,登录吧
mst.mission.1953551._title,登录吧
mst.mission.1953551._detail,登录吧
mst.mission.1953552._title,登录吧
mst.mission.1953552._detail,登录吧
mst.mission.1953554._title,登录吧
mst.mission.1953554._detail,登录吧
mst.mission.1953555._title,登录吧
mst.mission.1953555._detail,登录吧
mst.mission.1953556._title,登录吧
mst.mission.1953556._detail,登录吧
mst.mission.1953557._title,登录吧
mst.mission.1953557._detail,登录吧
mst.mission.1953558._title,登录吧
mst.mission.1953558._detail,登录吧
mst.mission.1953559._title,登录吧
mst.mission.1953559._detail,登录吧
mst.mission.1953560._title,登录吧
mst.mission.1953560._detail,登录吧
mst.mission.1953561._title,登录吧
mst.mission.1953561._detail,登录吧
mst.mission.1953562._title,登录吧
mst.mission.1953562._detail,登录吧
mst.mission.1953563._title,登录吧
mst.mission.1953563._detail,登录吧
mst.mission.1953564._title,登录吧
mst.mission.1953564._detail,登录吧
mst.mission.1953566._title,登录吧
mst.mission.1953566._detail,登录吧
mst.mission.1953567._title,登录吧
mst.mission.1953567._detail,登录吧
mst.mission.1953568._title,登录吧
mst.mission.1953568._detail,登录吧
mst.mission.1953569._title,登录吧
mst.mission.1953569._detail,登录吧
mst.mission.1953570._title,登录吧
mst.mission.1953570._detail,登录吧
mst.mission.1953571._title,登录吧
mst.mission.1953571._detail,登录吧
mst.mission.1953572._title,登录吧
mst.mission.1953572._detail,登录吧
mst.mission.1953573._title,登录吧
mst.mission.1953573._detail,登录吧
mst.mission.1953574._title,登录吧
mst.mission.1953574._detail,登录吧
mst.mission.1967046._title,达到400总好感度
mst.mission.1967046._detail,达到400的总好感度
mst.mission.1967047._title,将总好感度提升至10000以上
mst.mission.1967047._detail,将总好感度提升至10000以上
mst.mission.1967048._title,将总好感度提升至20000以上
mst.mission.1967048._detail,将总好感度提升至20000以上
mst.mission.1967049._title,将400的总好感度提高到30000以上
mst.mission.1967049._detail,将总好感度提升至30000以上
mst.mission.1967050._title,将400的总好感度提升至45000以上
mst.mission.1967050._detail,将总好感度提升至45000以上
mst.mission.1967051._title,将总好感度提高到60000以上
mst.mission.1967051._detail,将总好感度提升至60000以上
mst.mission.1967052._title,将400的总好感度提高到80000以上
mst.mission.1967052._detail,将总好感度提升至80000以上
mst.mission.1967053._title,将400的总好感度提高到100000以上
mst.mission.1967053._detail,将总好感度提高到100000以上
mst.mission.1967054._title,将400的总好感度提升至115000以上
mst.mission.1967054._detail,将总好感度提高到115000以上
mst.mission.1967055._title,将400的总好感度提高到130000以上
mst.mission.1967055._detail,将总好感度提高到130000以上
mst.mission.1967056._title,将400的总好感度提高到145000以上
mst.mission.1967056._detail,将总好感度提高到145000以上
mst.mission.1967057._title,将400的总好感度提高到160000以上
mst.mission.1967057._detail,将总好感度提高到160000以上
mst.mission.1967058._title,将400的总好感度提高到175000以上
mst.mission.1967058._detail,将总好感度提高到175000以上
mst.mission.1967059._title,将总好感度提高到190000以上
mst.mission.1967059._detail,将总好感度提高到190000以上
mst.mission.1967060._title,将总好感度提高到205000以上
mst.mission.1967060._detail,将总好感度提高到205000以上
mst.mission.1951001._title,获得偶像《幸福的苹果派》
mst.mission.1951001._detail,获得偶像“幸福的苹果派”
mst.mission.1950001._title,觉醒偶像《幸福的苹果派》
mst.mission.1950001._detail,觉醒偶像《幸福的苹果派》
mst.mission.1953577._title,登录吧
mst.mission.1953577._detail,登录吧
mst.mission.1953578._title,登录吧
mst.mission.1953578._detail,登录吧
mst.mission.1953579._title,登录吧
mst.mission.1953579._detail,登录吧
mst.mission.1953583._title,登录吧
mst.mission.1953583._detail,登录吧
mst.mission.1951002._title,获得偶像“惊喜烧烤”
mst.mission.1951002._detail,获得偶像“惊喜烧烤”。
mst.mission.1950002._title,觉醒偶像“惊喜烧烤”
mst.mission.1950002._detail,觉醒偶像“惊喜烧烤”
mst.mission.1951003._title,获得偶像《雫滴る紫陽花》
mst.mission.1951003._detail,获得偶像“雫滴る紫陽花”
mst.mission.1950003._title,觉醒偶像《雫滴る紫陽花》
mst.mission.1950003._detail,觉醒偶像“雫滴る紫陽花”
mst.mission.1951004._title,获得偶像《雨季生日》
mst.mission.1951004._detail,获得偶像《雨季生日》。
mst.mission.1950004._title,觉醒偶像《雨季生日》
mst.mission.1950004._detail,觉醒偶像《雨日生日》。
mst.mission.1951005._title,获得偶像“独角虫蛋糕”
mst.mission.1951005._detail,获得偶像“独角虫蛋糕”
mst.mission.1950005._title,觉醒偶像《独角虫蛋糕》
mst.mission.1950005._detail,觉醒偶像“锹形虫蛋糕”
mst.mission.1951006._title,获得偶像“从早晨开始的惊喜！”
mst.mission.1951006._detail,获得偶像“从早上的惊喜！”。
mst.mission.1950006._title,觉醒偶像《从早晨开始的惊喜！》
mst.mission.1950006._detail,觉醒偶像“从早晨开始的惊喜！”。
mst.mission.1951007._title,获得偶像《感谢之情》
mst.mission.1951007._detail,获得偶像“带着感谢的心情”吧
mst.mission.1950007._title,觉醒偶像《感谢之情》
mst.mission.1950007._detail,觉醒偶像《感谢之情》
mst.mission.1951008._title,获得偶像《车站前回响的二重奏》
mst.mission.1951008._detail,获得偶像《车站前回响的二重奏》
mst.mission.1950008._title,觉醒偶像《在车站前回响的二重奏》
mst.mission.1950008._detail,觉醒偶像《在车站前回响的连弹》
mst.mission.1951009._title,获得偶像《萨尼帕惊喜》
mst.mission.1951009._detail,获得偶像“萨尼帕惊喜”
mst.mission.1950009._title,觉醒偶像《萨尼帕惊喜》
mst.mission.1950009._detail,觉醒偶像“萨尼帕惊喜”
mst.mission.1951010._title,获得偶像《巴士摇摆》
mst.mission.1951010._detail,获得偶像《巴士摇摆曲》。
mst.mission.1950010._title,觉醒偶像《在巴士中摇摆》
mst.mission.1950010._detail,觉醒偶像《在巴士中摇摆》
mst.mission.1951011._title,获得偶像《来自青梅竹马的信》
mst.mission.1951011._detail,获得偶像“来自青梅竹马的信”。
mst.mission.1950011._title,觉醒偶像《来自青梅竹马的信》
mst.mission.1950011._detail,觉醒偶像“来自青梅竹马的信”
mst.mission.1951012._title,获得偶像“Anikara Party”
mst.mission.1951012._detail,获得偶像“Anikara Party”
mst.mission.1950012._title,觉醒偶像《Anikara Party》
mst.mission.1950012._detail,觉醒偶像“Anikara Party”
mst.mission.1951013._title,获得偶像“抓住长鼻子”
mst.mission.1951013._detail,获得偶像《抓住长鼻子》。
mst.mission.1950013._title,觉醒偶像《抓住长鼻子》
mst.mission.1950013._detail,觉醒偶像《抓住长鼻子》
mst.mission.1953585._title,登录吧
mst.mission.1953585._detail,登录吧
mst.mission.1951014._title,获得偶像“两人一起Cosplay♡”
mst.mission.1951014._detail,获得偶像“二人でコスプリ♡”
mst.mission.1950014._title,觉醒偶像“两人Cosplay♡”
mst.mission.1950014._detail,觉醒偶像“二人でコスプリ♡”
mst.mission.1951015._title,获得偶像“飞翔的海鸥”
mst.mission.1951015._detail,获得偶像《飞翔的海鸥》
mst.mission.1950015._title,觉醒偶像《飞翔的海鸥》
mst.mission.1950015._detail,觉醒偶像“飞翔的海鸥”
mst.mission.1951016._title,获得偶像“秋季新款甜点”
mst.mission.1951016._detail,获得偶像“秋季新款甜点”
mst.mission.1950016._title,觉醒偶像“秋季新款甜点”
mst.mission.1950016._detail,觉醒偶像“秋季新款甜点”
mst.mission.1951017._title,偶像“甜瓜甜瓜♡”入手吧
mst.mission.1951017._detail,获得偶像“甜瓜甜瓜♡”
mst.mission.1950017._title,觉醒偶像“甜瓜甜心♡”
mst.mission.1950017._detail,觉醒偶像“甜瓜甜瓜♡”
mst.mission.1951018._title,获得偶像“与姐姐的时光”
mst.mission.1951018._detail,获得偶像“与姐姐的时光”吧
mst.mission.1950018._title,觉醒偶像《与姐姐的时光》
mst.mission.1950018._detail,觉醒偶像“与姐姐的时光”
mst.mission.1953586._title,登录吧
mst.mission.1953586._detail,登录吧
mst.mission.1953587._title,登录吧
mst.mission.1953587._detail,登录吧
mst.mission.1953588._title,登录吧
mst.mission.1953588._detail,登录吧
mst.mission.1953589._title,登录吧
mst.mission.1953589._detail,登录吧
mst.mission.1953590._title,登录吧
mst.mission.1953590._detail,登录吧
mst.mission.1953591._title,登录吧
mst.mission.1953591._detail,登录吧
mst.mission.1951019._title,获得偶像“发型”吧
mst.mission.1951019._detail,获得偶像“发型设计”。
mst.mission.1950019._title,觉醒偶像“发型”
mst.mission.1950019._detail,让偶像“发型设计”觉醒吧
mst.mission.1951020._title,获得偶像“猫咪咖啡馆”吧
mst.mission.1951020._detail,获得偶像“猫咪咖啡馆”吧
mst.mission.1950020._title,觉醒偶像“猫咪咖啡馆”
mst.mission.1950020._detail,觉醒偶像《猫咖啡时光》
mst.mission.1951021._title,获得偶像《可爱的礼物们》
mst.mission.1951021._detail,获得偶像“可爱礼物们”
mst.mission.1950021._title,觉醒偶像《可爱的礼物们》
mst.mission.1950021._detail,觉醒偶像“可爱的小礼物们”
mst.mission.1951022._title,获得偶像“FULL COMBO！！”
mst.mission.1951022._detail,获得偶像“FULL COMBO！！”。
mst.mission.1950022._title,觉醒偶像《FULL COMBO！！》
mst.mission.1950022._detail,觉醒偶像“FULL COMBO！！”。
mst.mission.1953592._title,登录吧
mst.mission.1953592._detail,登录吧
mst.mission.1951023._title,获得偶像“草莓甜点自助餐”
mst.mission.1951023._detail,获得偶像“草莓甜点自助餐”
mst.mission.1950023._title,觉醒偶像“草莓甜点自助餐”
mst.mission.1950023._detail,觉醒偶像“草莓甜点自助餐”
mst.mission.1951024._title,获得偶像《梦寐以求的选手来到日本！》
mst.mission.1951024._detail,获得偶像《梦寐以求的选手来到日本！》
mst.mission.1950024._title,觉醒偶像《梦寐以求的选手来到日本了！》
mst.mission.1950024._detail,觉醒偶像《憧憬的选手来到日本！》
mst.mission.1951025._title,获得偶像《无法抗拒的暖炉魅力》
mst.mission.1951025._detail,获得偶像“无法抗拒的暖炉魅力”
mst.mission.1950025._title,觉醒偶像《无法抗拒的暖炉魅力》
mst.mission.1950025._detail,觉醒偶像《无法抗拒的暖炉魅力》
mst.mission.1953593._title,登录吧
mst.mission.1953593._detail,登录吧
mst.mission.1953594._title,登录吧
mst.mission.1953594._detail,登录吧
mst.mission.1953595._title,登录吧
mst.mission.1953595._detail,登录吧
mst.mission.1958586._title,提升《N》的好感度
mst.mission.1958586._detail,提升《N》的好感度
mst.mission.1958587._title,提高《N》的好感度至1000以上
mst.mission.1958587._detail,将《N》的好感度提升至1000以上
mst.mission.1958588._title,提高《N》的好感度至2000以上
mst.mission.1958588._detail,将《N》的好感度提升至2000以上。
mst.mission.1958589._title,提高“N”的好感度至3500以上
mst.mission.1958589._detail,将《N》的好感度提升至3500以上。
mst.mission.1958590._title,将《N》的好感度提升至5000以上
mst.mission.1958590._detail,将《N》的好感度提升至5000以上。
mst.mission.1958591._title,提高“N”的好感度至6000以上
mst.mission.1958591._detail,将《N》的好感度提升至6000以上。
mst.mission.1958592._title,提高“N”的好感度至7000以上
mst.mission.1958592._detail,将《N》的好感度提升至7000以上
mst.mission.1958593._title,提高“N”的好感度至8000以上
mst.mission.1958593._detail,将《N》的好感度提升至8000以上。
mst.mission.1958594._title,提高“N”的好感度至9000以上
mst.mission.1958594._detail,将《N》的好感度提升至9000以上。
mst.mission.1958595._title,提高“N”的好感度至10000以上
mst.mission.1958595._detail,将《N》的好感度提升至10000以上
mst.mission.1958596._title,将《N》的好感度提升至11000以上
mst.mission.1958596._detail,将《N》的好感度提升至11000以上
mst.mission.1958597._title,将《N》的好感度提升至12500以上
mst.mission.1958597._detail,将《N》的好感度提升至12500以上。
mst.mission.1958598._title,将《N》的好感度提升至13000以上
mst.mission.1958598._detail,将《N》的好感度提升至13000以上。
mst.mission.1958599._title,提高“N”的好感度至13500以上
mst.mission.1958599._detail,将《N》的好感度提升至13500以上。
mst.mission.1958600._title,提高“N”的好感度至15000以上
mst.mission.1958600._detail,将“N”的好感度提升至15000以上。
mst.mission.1958601._title,提升《N》的好感度
mst.mission.1958601._detail,提升《N》的好感度
mst.mission.1958602._title,提高《N》的好感度至1000以上
mst.mission.1958602._detail,将《N》的好感度提升至1000以上
mst.mission.1958603._title,提高《N》的好感度至2000以上
mst.mission.1958603._detail,将《N》的好感度提升至2000以上。
mst.mission.1958604._title,提高“N”的好感度至3500以上
mst.mission.1958604._detail,将《N》的好感度提升至3500以上。
mst.mission.1958605._title,将《N》的好感度提升至5000以上
mst.mission.1958605._detail,将《N》的好感度提升至5000以上。
mst.mission.1958606._title,提高“N”的好感度至6000以上
mst.mission.1958606._detail,将《N》的好感度提升至6000以上。
mst.mission.1958607._title,提高“N”的好感度至7000以上
mst.mission.1958607._detail,将《N》的好感度提升至7000以上
mst.mission.1958608._title,提高“N”的好感度至8000以上
mst.mission.1958608._detail,将《N》的好感度提升至8000以上。
mst.mission.1958609._title,提高“N”的好感度至9000以上
mst.mission.1958609._detail,将《N》的好感度提升至9000以上。
mst.mission.1958610._title,提高“N”的好感度至10000以上
mst.mission.1958610._detail,将《N》的好感度提升至10000以上
mst.mission.1958611._title,将《N》的好感度提升至11000以上
mst.mission.1958611._detail,将《N》的好感度提升至11000以上
mst.mission.1958612._title,将《N》的好感度提升至12500以上
mst.mission.1958612._detail,将《N》的好感度提升至12500以上。
mst.mission.1958613._title,将《N》的好感度提升至13000以上
mst.mission.1958613._detail,将《N》的好感度提升至13000以上。
mst.mission.1958614._title,提高“N”的好感度至13500以上
mst.mission.1958614._detail,将《N》的好感度提升至13500以上。
mst.mission.1958615._title,提高“N”的好感度至15000以上
mst.mission.1958615._detail,将“N”的好感度提升至15000以上。
mst.mission.1953596._title,登录吧
mst.mission.1953596._detail,登录吧
mst.mission.1953597._title,登录吧
mst.mission.1953597._detail,登录吧
mst.mission.1951026._title,获得偶像“Jellyfish”
mst.mission.1951026._detail,获得偶像“Jellyfish”
mst.mission.1950026._title,觉醒偶像“Jellyfish”
mst.mission.1950026._detail,觉醒偶像《Jellyfish》
mst.mission.1951027._title,获得偶像《绘马上铭刻的愿望》
mst.mission.1951027._detail,获得偶像《绘马上铭刻的愿望》
mst.mission.1950027._title,觉醒偶像《绘马上记录的愿望》
mst.mission.1950027._detail,觉醒偶像《绘马上铭刻的愿望》
mst.mission.1951028._title,获得偶像《高まる理由はひとつ》
mst.mission.1951028._detail,获得偶像《高まる理由はひとつ》
mst.mission.1950028._title,觉醒偶像《高まる理由はひとつ》
mst.mission.1950028._detail,觉醒偶像《高まる理由はひとつ》
mst.mission.1951029._title,获得偶像《双人舞》
mst.mission.1951029._detail,获得偶像《双人舞》。
mst.mission.1950029._title,觉醒偶像《双人舞》
mst.mission.1950029._detail,觉醒偶像“Duet”
mst.mission.1951030._title,获得偶像“化妆卡斯敏”
mst.mission.1951030._detail,获得偶像“化妆卡斯敏”
mst.mission.1950030._title,觉醒偶像“化妆卡斯敏”
mst.mission.1950030._detail,觉醒偶像“化妆卡斯敏”
mst.mission.1951031._title,获得偶像“想吃多少面包都行哦”
mst.mission.1951031._detail,获得偶像《只要有面包♡》
mst.mission.1950031._title,觉醒偶像《只要有面包♡》
mst.mission.1950031._detail,觉醒偶像“只要是面包，我都会吃♡”
mst.mission.1953598._title,登录吧
mst.mission.1953598._detail,登录吧
mst.mission.1953599._title,登录吧
mst.mission.1953599._detail,登录吧
mst.mission.1951032._title,获得偶像“特别的茶会”
mst.mission.1951032._detail,获得偶像“特别的茶会”
mst.mission.1950032._title,觉醒偶像“特别的下午茶”
mst.mission.1950032._detail,觉醒偶像《特别的下午茶》
mst.mission.1951033._title,获得偶像“与丸共度的美好一天”
mst.mission.1951033._detail,获得偶像“围绕圆圈的一天”
mst.mission.1950033._title,觉醒偶像《围绕圆的一天》
mst.mission.1950033._detail,觉醒偶像《围绕丸的一天》
mst.mission.1951034._title,获得偶像《乘坐空中秋千》
mst.mission.1951034._detail,获得偶像《乘坐空中秋千》。
mst.mission.1950034._title,觉醒偶像《乘坐空中秋千》
mst.mission.1950034._detail,觉醒偶像《空中秋千》
mst.mission.1953600._title,登录吧
mst.mission.1953600._detail,登录吧
mst.mission.1953601._title,登录吧
mst.mission.1953601._detail,登录吧
mst.mission.1953602._title,登录吧
mst.mission.1953602._detail,登录吧
mst.mission.1953603._title,登录吧
mst.mission.1953603._detail,登录吧
mst.mission.1953604._title,登录吧
mst.mission.1953604._detail,登录吧
mst.mission.1953605._title,登录吧
mst.mission.1953605._detail,登录吧
mst.mission.1953606._title,登录吧
mst.mission.1953606._detail,登录吧
mst.mission.1953607._title,登录吧
mst.mission.1953607._detail,登录吧
mst.mission.1953608._title,登录吧
mst.mission.1953608._detail,登录吧
mst.mission.1953609._title,登录吧
mst.mission.1953609._detail,登录吧
mst.mission.1953610._title,登录吧
mst.mission.1953610._detail,登录吧
mst.mission.1953611._title,登录吧
mst.mission.1953611._detail,登录吧
mst.mission.1953612._title,登录吧
mst.mission.1953612._detail,登录吧
mst.mission.1953613._title,登录吧
mst.mission.1953613._detail,登录吧
mst.mission.1953614._title,登录吧
mst.mission.1953614._detail,登录吧
mst.mission.1953615._title,登录吧
mst.mission.1953615._detail,登录吧
mst.mission.1953616._title,登录吧
mst.mission.1953616._detail,登录吧
mst.mission.1953617._title,登录吧
mst.mission.1953617._detail,登录吧
mst.mission.1953618._title,登录吧
mst.mission.1953618._detail,登录吧
mst.mission.1953619._title,登录吧
mst.mission.1953619._detail,登录吧
mst.mission.1953620._title,登录吧
mst.mission.1953620._detail,登录吧
mst.mission.1953621._title,登录吧
mst.mission.1953621._detail,登录吧
mst.mission.1953622._title,登录吧
mst.mission.1953622._detail,登录吧
mst.mission.1953623._title,登录吧
mst.mission.1953623._detail,登录吧
mst.mission.1953624._title,登录吧
mst.mission.1953624._detail,登录吧
mst.mission.1953625._title,登录吧
mst.mission.1953625._detail,登录吧
mst.mission.1953626._title,登录吧
mst.mission.1953626._detail,登录吧
mst.mission.1953627._title,登录吧
mst.mission.1953627._detail,登录吧
mst.mission.1953628._title,登录吧
mst.mission.1953628._detail,登录吧
mst.mission.1953629._title,登录吧
mst.mission.1953629._detail,登录吧
mst.mission.1953630._title,登录吧
mst.mission.1953630._detail,登录吧
mst.mission.1953631._title,登录吧
mst.mission.1953631._detail,登录吧
mst.mission.1953632._title,登录吧
mst.mission.1953632._detail,登录吧
mst.mission.1953633._title,登录吧
mst.mission.1953633._detail,登录吧
mst.mission.1953634._title,登录吧
mst.mission.1953634._detail,登录吧
mst.mission.1953635._title,登录吧
mst.mission.1953635._detail,登录吧
mst.mission.1953636._title,登录吧
mst.mission.1953636._detail,登录吧
mst.mission.1953637._title,登录吧
mst.mission.1953637._detail,登录吧
mst.mission.1953638._title,登录吧
mst.mission.1953638._detail,登录吧
mst.mission.1953639._title,登录吧
mst.mission.1953639._detail,登录吧
mst.mission.1953640._title,登录吧
mst.mission.1953640._detail,登录吧
mst.mission.1953641._title,登录吧
mst.mission.1953641._detail,登录吧
mst.mission.1953642._title,登录吧
mst.mission.1953642._detail,登录吧
mst.mission.1951035._title,获得偶像“挑战插花！”
mst.mission.1951035._detail,获得偶像“挑战插花！”
mst.mission.1950035._title,觉醒偶像《挑战插花！》
mst.mission.1950035._detail,觉醒偶像“挑战插花！”。
mst.mission.1953643._title,登录吧
mst.mission.1953643._detail,登录吧
mst.mission.1951036._title,获得偶像“感动！VR体验”
mst.mission.1951036._detail,获得偶像“感动！VR体验”
mst.mission.1950036._title,觉醒偶像“感动！VR体验”
mst.mission.1950036._detail,觉醒偶像“感动！VR体验”
mst.mission.1953644._title,登录吧
mst.mission.1953644._detail,登录吧
mst.mission.1951037._title,获得偶像“缘侧的笑容”
mst.mission.1951037._detail,获得偶像“缘侧的笑容”
mst.mission.1950037._title,觉醒偶像《在走廊上洒落的微笑》
mst.mission.1950037._detail,觉醒偶像《在走廊上洒落的微笑》
mst.mission.1951038._title,获得偶像《春之观星》
mst.mission.1951038._detail,获得偶像《春之观星》
mst.mission.1950038._title,觉醒偶像《春之观星》
mst.mission.1950038._detail,觉醒偶像《春之观星》
mst.mission.1951039._title,获得偶像《在回忆之地重拍》
mst.mission.1951039._detail,获得偶像“在回忆之地重拍”。
mst.mission.1950039._title,觉醒偶像《在回忆之地重拍》
mst.mission.1950039._detail,觉醒偶像《在回忆之地重拍》
mst.mission.1951040._title,获得偶像“我们是英雄！”
mst.mission.1951040._detail,获得偶像“我们是英雄☆”
mst.mission.1950040._title,觉醒偶像“我们是英雄☆”
mst.mission.1950040._detail,觉醒偶像“我们是英雄☆”
mst.mission.1951041._title,获得偶像《东京炸薯条》
mst.mission.1951041._detail,获得偶像《东京炸薯条》
mst.mission.1950041._title,觉醒偶像《东京炸薯条》
mst.mission.1950041._detail,觉醒偶像“东京炸薯条”
mst.mission.1953645._title,登录吧
mst.mission.1953645._detail,登录吧
mst.mission.1953646._title,登录吧
mst.mission.1953646._detail,登录吧
mst.mission.1224001._title,完成所有每日任务
mst.mission.1224001._detail,完成所有每日任务
mst.mission.1253001._title,登录吧
mst.mission.1253001._detail,登录吧
mst.mission.1273001._title,完成《Love Live!》歌曲一次
mst.mission.1273001._detail,完成《Love Live!》歌曲一次通关。
mst.mission.1273002._title,完成《Love Live! Sunshine!!》歌曲一次
mst.mission.1273002._detail,尝试通关一首《Love Live! Sunshine!!》的歌曲。
mst.mission.1273003._title,完成《Love Live! 虹之咲学园偶像社》歌曲一次
mst.mission.1273003._detail,完成《Love Live! 虹之咲学园偶像社》的歌曲一次。
mst.mission.1273004._title,完成《Love Live! Superstar!》歌曲一次
mst.mission.1273004._detail,完成《Love Live! Superstar!》歌曲一次通关。
mst.mission.1224002._title,完成所有每日任务
mst.mission.1224002._detail,完成所有每日任务
mst.mission.1253002._title,登录吧
mst.mission.1253002._detail,登录吧
mst.mission.1273005._title,完成《Love Live!》歌曲一次
mst.mission.1273005._detail,完成《Love Live!》歌曲一次通关。
mst.mission.1273006._title,完成《Love Live! Sunshine!!》歌曲一次
mst.mission.1273006._detail,尝试通关一首《Love Live! Sunshine!!》的歌曲。
mst.mission.1273007._title,完成《Love Live! 虹之咲学园偶像社》歌曲一次
mst.mission.1273007._detail,完成《Love Live! 虹之咲学园偶像社》的歌曲一次。
mst.mission.1273008._title,完成《Love Live! Superstar!》歌曲一次
mst.mission.1273008._detail,完成《Love Live! Superstar!》歌曲一次通关。
mst.mission.1224003._title,完成所有每日任务
mst.mission.1224003._detail,完成所有每日任务
mst.mission.1253003._title,登录吧
mst.mission.1253003._detail,登录吧
mst.mission.1273009._title,完成《Love Live!》歌曲一次
mst.mission.1273009._detail,完成《Love Live!》歌曲一次通关。
mst.mission.1273010._title,完成《Love Live! Sunshine!!》歌曲一次
mst.mission.1273010._detail,尝试通关一首《Love Live! Sunshine!!》的歌曲。
mst.mission.1273011._title,完成《Love Live! 虹之咲学园偶像社》歌曲一次
mst.mission.1273011._detail,完成《Love Live! 虹之咲学园偶像社》的歌曲一次。
mst.mission.1273012._title,完成《Love Live! Superstar!》歌曲一次
mst.mission.1273012._detail,完成《Love Live! Superstar!》歌曲一次通关。
mst.mission.2310101._title,收集100点活动积分
mst.mission.2310101._detail,收集100点活动积分
mst.mission.2310102._title,收集1000点活动积分
mst.mission.2310102._detail,收集1000点活动积分
mst.mission.2310103._title,收集5000点活动积分
mst.mission.2310103._detail,收集5000点活动积分
mst.mission.2310104._title,收集10000点活动积分
mst.mission.2310104._detail,收集10000点活动积分
mst.mission.2310105._title,完成活动歌曲
mst.mission.2310105._detail,完成活动歌曲。
mst.mission.2310106._title,三次通关活动歌曲
mst.mission.2310106._detail,完成活动歌曲三次
mst.mission.2310107._title,完成5次活动歌曲挑战
mst.mission.2310107._detail,完成5次活动歌曲挑战
mst.mission.2210108._title,完成10场Live
mst.mission.2210108._detail,完成10次Live。
mst.mission.2210109._title,完成20场Live
mst.mission.2210109._detail,完成20次Live。
mst.mission.2210110._title,完成30次Live
mst.mission.2210110._detail,完成30次Live。
mst.mission.2210111._title,完成40次Live
mst.mission.2210111._detail,完成40次Live。
mst.mission.2210112._title,完成50次Live
mst.mission.2210112._detail,完成50次Live。
mst.mission.2210113._title,完成60次Live
mst.mission.2210113._detail,完成60次Live。
mst.mission.2210114._title,完成70次Live
mst.mission.2210114._detail,完成70次Live。
mst.mission.2210115._title,完成80场Live
mst.mission.2210115._detail,完成80次Live。
mst.mission.2210116._title,完成90场Live
mst.mission.2210116._detail,完成90次Live。
mst.mission.2210117._title,完成100次Live
mst.mission.2210117._detail,完成100次Live。
mst.mission.2210118._title,完成125次Live
mst.mission.2210118._detail,完成125次Live。
mst.mission.2210119._title,完成150次Live
mst.mission.2210119._detail,完成150次Live。
mst.mission.2210120._title,完成200次Live
mst.mission.2210120._detail,完成200次Live。
mst.mission.2210121._title,完成250次Live
mst.mission.2210121._detail,完成250次Live。
mst.mission.2210122._title,完成300场Live
mst.mission.2210122._detail,完成300次Live。
mst.mission.2210123._title,完成350场Live
mst.mission.2210123._detail,完成350次Live。
mst.mission.2210124._title,完成400次Live
mst.mission.2210124._detail,完成400次Live。
mst.mission.2210125._title,完成450次Live
mst.mission.2210125._detail,完成450次Live。
mst.mission.2210126._title,完成500次Live
mst.mission.2210126._detail,完成500次Live。
mst.mission.2210127._title,完成活动歌曲的完美演奏
mst.mission.2210127._detail,完成活动歌曲的完美演奏
mst.mission.2210128._title,达成歌曲《MIRACLE NEW STORY》的 NORMAL 难度或更高，获得 50000 分。
mst.mission.2210128._detail,以普通难度或更高难度演奏歌曲《MIRACLE NEW STORY》，并获得50000分。
mst.mission.2210129._title,达成歌曲《MIRACLE NEW STORY》的HARD难度或更高，获得200000分。
mst.mission.2210129._detail,达成歌曲《MIRACLE NEW STORY》的HARD难度或更高，获得200000分。
mst.mission.2210130._title,达成歌曲《MIRACLE NEW STORY》的EXPERT难度或更高，获得300000分。
mst.mission.2210130._detail,在歌曲《MIRACLE NEW STORY》中，以EXPERT难度或更高难度达成300000分。
mst.mission.2210131._title,登录活动吧 ※不显示
mst.mission.2210131._detail,登录活动 ※不显示
mst.mission.2210132._title,收集5000点活动积分
mst.mission.2210132._detail,收集5000点活动积分
mst.mission.2210133._title,收集12000点活动积分
mst.mission.2210133._detail,收集12000点活动积分 ※不显示
mst.mission.2210134._title,收集20000点活动积分 ※不显示
mst.mission.2210134._detail,收集20000点活动积分 ※不显示
mst.mission.2210135._title,收集30000点活动积分 ※隐藏
mst.mission.2210135._detail,收集30000点活动积分 ※不显示
mst.mission.2310201._title,收集100点活动积分
mst.mission.2310201._detail,收集100点活动积分
mst.mission.2310202._title,收集1000点活动积分
mst.mission.2310202._detail,收集1000点活动积分
mst.mission.2310203._title,收集5000点活动积分
mst.mission.2310203._detail,收集5000点活动积分
mst.mission.2310204._title,收集10000点活动积分
mst.mission.2310204._detail,收集10000点活动积分
mst.mission.2310205._title,完成活动歌曲
mst.mission.2310205._detail,完成活动歌曲。
mst.mission.2310206._title,三次通关活动歌曲
mst.mission.2310206._detail,完成活动歌曲三次
mst.mission.2310207._title,完成5次活动歌曲挑战
mst.mission.2310207._detail,完成5次活动歌曲挑战
mst.mission.2210208._title,完成10场Live
mst.mission.2210208._detail,完成10次Live。
mst.mission.2210209._title,完成20场Live
mst.mission.2210209._detail,完成20次Live。
mst.mission.2210210._title,完成30次Live
mst.mission.2210210._detail,完成30次Live。
mst.mission.2210211._title,完成40次Live
mst.mission.2210211._detail,完成40次Live。
mst.mission.2210212._title,完成50次Live
mst.mission.2210212._detail,完成50次Live。
mst.mission.2210213._title,完成60次Live
mst.mission.2210213._detail,完成60次Live。
mst.mission.2210214._title,完成70次Live
mst.mission.2210214._detail,完成70次Live。
mst.mission.2210215._title,完成80场Live
mst.mission.2210215._detail,完成80次Live。
mst.mission.2210216._title,完成90场Live
mst.mission.2210216._detail,完成90次Live。
mst.mission.2210217._title,完成100次Live
mst.mission.2210217._detail,完成100次Live。
mst.mission.2210218._title,完成125次Live
mst.mission.2210218._detail,完成125次Live。
mst.mission.2210219._title,完成150次Live
mst.mission.2210219._detail,完成150次Live。
mst.mission.2210220._title,完成200次Live
mst.mission.2210220._detail,完成200次Live。
mst.mission.2210221._title,完成250次Live
mst.mission.2210221._detail,完成250次Live。
mst.mission.2210222._title,完成300场Live
mst.mission.2210222._detail,完成300次Live。
mst.mission.2210223._title,完成350场Live
mst.mission.2210223._detail,完成350次Live。
mst.mission.2210224._title,完成400次Live
mst.mission.2210224._detail,完成400次Live。
mst.mission.2210225._title,完成450次Live
mst.mission.2210225._detail,完成450次Live。
mst.mission.2210226._title,完成500次Live
mst.mission.2210226._detail,完成500次Live。
mst.mission.2210227._title,完成活动歌曲的完美演奏
mst.mission.2210227._detail,完成活动歌曲的完美演奏
mst.mission.2210228._title,达成歌曲《No brand girls》的NORMAL难度或更高，获得50000分。
mst.mission.2210228._detail,在歌曲《No brand girls》的 NORMAL 难度或更高难度中，达成 50000 分。
mst.mission.2210229._title,达成歌曲《No brand girls》的HARD难度或更高，获得200000分。
mst.mission.2210229._detail,在歌曲《No brand girls》的HARD难度或更高难度下，达成200000分。
mst.mission.2210230._title,达成歌曲《No brand girls》的EXPERT难度或更高，获得300000分
mst.mission.2210230._detail,在歌曲《No brand girls》中，以EXPERT难度或更高难度达成300000分。
mst.mission.2210231._title,登录活动吧 ※不显示
mst.mission.2210231._detail,登录活动 ※不显示
mst.mission.2210232._title,收集5000点活动积分
mst.mission.2210232._detail,收集5000点活动积分
mst.mission.2210233._title,收集12000点活动积分
mst.mission.2210233._detail,收集12000点活动积分 ※不显示
mst.mission.2210234._title,收集20000点活动积分 ※不显示
mst.mission.2210234._detail,收集20000点活动积分 ※不显示
mst.mission.2210235._title,收集30000点活动积分 ※隐藏
mst.mission.2210235._detail,收集30000点活动积分 ※不显示
mst.mission.2710301._title,收集100点活动积分
mst.mission.2710301._detail,收集100点活动积分
mst.mission.2710302._title,收集4000点活动积分
mst.mission.2710302._detail,收集4000点活动积分
mst.mission.2710303._title,收集8000点活动积分
mst.mission.2710303._detail,收集8000点活动积分
mst.mission.2610304._title,以NORMAL难度或更高完成Live的完全连击
mst.mission.2610304._detail,在难度NORMAL或更高时，达成Live的FULL COMBO。
mst.mission.2610305._title,在难度为NORMAL或更高的Live中，进行3次完全连击。
mst.mission.2610305._detail,在难度为NORMAL或更高的Live中，连续三次达成全连击。
mst.mission.2610306._title,在难度为NORMAL或更高的Live中，连续五次完美通关。
mst.mission.2610306._detail,在难度为NORMAL或更高的Live中，尝试5次完美连击。
mst.mission.2610307._title,在Live中以50000分以上的得分完成关卡
mst.mission.2610307._detail,在Live中以50000分以上的成绩通关。
mst.mission.2610308._title,在Live中以100000分以上的分数完成关卡
mst.mission.2610308._detail,在Live中获得100000分或更高分数并完成关卡。
mst.mission.2610309._title,在Live模式中，以150000以上的分数完成关卡。
mst.mission.2610309._detail,在Live中获得150000分或更高分数并完成关卡。
mst.mission.2610310._title,在随机选曲中选择的歌曲，进行3次游玩。
mst.mission.2610310._detail,在随机选曲中选择的歌曲，进行3次游玩。
mst.mission.2610311._title,在随机选曲中选择歌曲，并进行5次游玩。
mst.mission.2610311._detail,在随机选曲中选择歌曲，并游玩5次。
mst.mission.2610312._title,播放10次随机歌曲。
mst.mission.2610312._detail,在随机选曲中选择歌曲，并进行10次游玩。
mst.mission.2310401._title,收集100点活动积分
mst.mission.2310401._detail,收集100点活动积分
mst.mission.2310402._title,收集1000点活动积分
mst.mission.2310402._detail,收集1000点活动积分
mst.mission.2310403._title,收集5000点活动积分
mst.mission.2310403._detail,收集5000点活动积分
mst.mission.2310404._title,收集10000点活动积分
mst.mission.2310404._detail,收集10000点活动积分
mst.mission.2310405._title,完成《Love Live! Sunshine!!》歌曲挑战
mst.mission.2310405._detail,完成《Love Live! Sunshine!!》歌曲挑战
mst.mission.2310406._title,《Love Live! Sunshine!!》歌曲三次通关
mst.mission.2310406._detail,完成《Love Live! Sunshine!!》歌曲的挑战三次。
mst.mission.2310407._title,完成《Love Live! Sunshine!!》歌曲5次挑战
mst.mission.2310407._detail,完成《Love Live! Sunshine!!》歌曲的5次挑战。
mst.mission.2210408._title,完成10场Live
mst.mission.2210408._detail,完成10次Live。
mst.mission.2210409._title,完成20场Live
mst.mission.2210409._detail,完成20次Live。
mst.mission.2210410._title,完成30次Live
mst.mission.2210410._detail,完成30次Live。
mst.mission.2210411._title,完成40次Live
mst.mission.2210411._detail,完成40次Live。
mst.mission.2210412._title,完成50次Live
mst.mission.2210412._detail,完成50次Live。
mst.mission.2210413._title,完成60次Live
mst.mission.2210413._detail,完成60次Live。
mst.mission.2210414._title,完成70次Live
mst.mission.2210414._detail,完成70次Live。
mst.mission.2210415._title,完成80场Live
mst.mission.2210415._detail,完成80次Live。
mst.mission.2210416._title,完成90场Live
mst.mission.2210416._detail,完成90次Live。
mst.mission.2210417._title,完成100次Live
mst.mission.2210417._detail,完成100次Live。
mst.mission.2210418._title,完成125次Live
mst.mission.2210418._detail,完成125次Live。
mst.mission.2210419._title,完成150次Live
mst.mission.2210419._detail,完成150次Live。
mst.mission.2210420._title,完成200次Live
mst.mission.2210420._detail,完成200次Live。
mst.mission.2210421._title,完成250次Live
mst.mission.2210421._detail,完成250次Live。
mst.mission.2210422._title,完成300场Live
mst.mission.2210422._detail,完成300次Live。
mst.mission.2210423._title,完成350场Live
mst.mission.2210423._detail,完成350次Live。
mst.mission.2210424._title,完成400次Live
mst.mission.2210424._detail,完成400次Live。
mst.mission.2210425._title,完成450次Live
mst.mission.2210425._detail,完成450次Live。
mst.mission.2210426._title,完成500次Live
mst.mission.2210426._detail,完成500次Live。
mst.mission.2210427._title,完成活动歌曲的完美演奏
mst.mission.2210427._detail,完成活动歌曲的完美演奏
mst.mission.2210428._title,达成歌曲《你心中的光芒是否闪耀》的NORMAL难度或更高，获得50000分。
mst.mission.2210428._detail,在歌曲《你心中的光芒是否闪耀》的NORMAL难度或更高难度中，达成50000分。
mst.mission.2210429._title,达成歌曲《你心中的光芒是否闪耀》的HARD难度或更高，获得200000分。
mst.mission.2210429._detail,在歌曲《你心中的光芒是否闪耀》的HARD难度或更高难度中，达成200000分。
mst.mission.2210430._title,达成歌曲《你心中的光芒是否闪耀》的EXPERT难度，获得300000分
mst.mission.2210430._detail,在歌曲《你心中的光芒是否闪耀》的EXPERT难度或更高难度中，达成300000分。
mst.mission.2210431._title,登录活动吧 ※不显示
mst.mission.2210431._detail,登录活动 ※不显示
mst.mission.2210432._title,收集5000点活动积分
mst.mission.2210432._detail,收集5000点活动积分
mst.mission.2210433._title,收集12000点活动积分
mst.mission.2210433._detail,收集12000点活动积分 ※不显示
mst.mission.2210434._title,收集20000点活动积分 ※不显示
mst.mission.2210434._detail,收集20000点活动积分 ※不显示
mst.mission.2210435._title,收集30000点活动积分 ※隐藏
mst.mission.2210435._detail,收集30000点活动积分 ※不显示
mst.mission.2710501._title,收集100点活动积分
mst.mission.2710501._detail,收集100点活动积分
mst.mission.2710502._title,收集4000点活动积分
mst.mission.2710502._detail,收集4000点活动积分
mst.mission.2710503._title,收集8000点活动积分
mst.mission.2710503._detail,收集8000点活动积分
mst.mission.2610504._title,以NORMAL难度或更高完成Live的完全连击
mst.mission.2610504._detail,在难度NORMAL或更高时，达成Live的FULL COMBO。
mst.mission.2610505._title,在难度为NORMAL或更高的Live中，进行3次完全连击。
mst.mission.2610505._detail,在难度为NORMAL或更高的Live中，连续三次达成全连击。
mst.mission.2610506._title,在难度为NORMAL或更高的Live中，连续五次完美通关。
mst.mission.2610506._detail,在难度为NORMAL或更高的Live中，尝试5次完美连击。
mst.mission.2610507._title,在Live中以50000分以上的得分完成关卡
mst.mission.2610507._detail,在Live中以50000分以上的成绩通关。
mst.mission.2610508._title,在Live中以100000分以上的分数完成关卡
mst.mission.2610508._detail,在Live中获得100000分或更高分数并完成关卡。
mst.mission.2610509._title,在Live模式中，以150000以上的分数完成关卡。
mst.mission.2610509._detail,在Live中获得150000分或更高分数并完成关卡。
mst.mission.2610510._title,在随机选曲中选择的歌曲，进行3次游玩。
mst.mission.2610510._detail,在随机选曲中选择的歌曲，进行3次游玩。
mst.mission.2610511._title,在随机选曲中选择歌曲，并进行5次游玩。
mst.mission.2610511._detail,在随机选曲中选择歌曲，并游玩5次。
mst.mission.2610512._title,播放10次随机歌曲。
mst.mission.2610512._detail,在随机选曲中选择歌曲，并进行10次游玩。
mst.mission.2310601._title,收集100点活动积分
mst.mission.2310601._detail,收集100点活动积分
mst.mission.2310602._title,收集1000点活动积分
mst.mission.2310602._detail,收集1000点活动积分
mst.mission.2310603._title,收集5000点活动积分
mst.mission.2310603._detail,收集5000点活动积分
mst.mission.2310604._title,收集10000点活动积分
mst.mission.2310604._detail,收集10000点活动积分
mst.mission.2310605._title,完成《Love Live! 虹之咲学园校园偶像俱乐部》歌曲挑战
mst.mission.2310605._detail,完成《Love Live! 虹之咲学园校园偶像俱乐部》的歌曲。
mst.mission.2310606._title,完成《Love Live! 虹之咲学园校园偶像俱乐部》歌曲三次
mst.mission.2310606._detail,完成《Love Live! 虹之咲学园校园偶像俱乐部》歌曲三次。
mst.mission.2310607._title,完成《Love Live! 虹之咲学园校园偶像俱乐部》歌曲5次挑战
mst.mission.2310607._detail,完成《Love Live! 虹之咲学园校园偶像俱乐部》的歌曲5次。
mst.mission.2210608._title,完成10场Live
mst.mission.2210608._detail,完成10次Live。
mst.mission.2210609._title,完成20场Live
mst.mission.2210609._detail,完成20次Live。
mst.mission.2210610._title,完成30次Live
mst.mission.2210610._detail,完成30次Live。
mst.mission.2210611._title,完成40次Live
mst.mission.2210611._detail,完成40次Live。
mst.mission.2210612._title,完成50次Live
mst.mission.2210612._detail,完成50次Live。
mst.mission.2210613._title,完成60次Live
mst.mission.2210613._detail,完成60次Live。
mst.mission.2210614._title,完成70次Live
mst.mission.2210614._detail,完成70次Live。
mst.mission.2210615._title,完成80场Live
mst.mission.2210615._detail,完成80次Live。
mst.mission.2210616._title,完成90场Live
mst.mission.2210616._detail,完成90次Live。
mst.mission.2210617._title,完成100次Live
mst.mission.2210617._detail,完成100次Live。
mst.mission.2210618._title,完成125次Live
mst.mission.2210618._detail,完成125次Live。
mst.mission.2210619._title,完成150次Live
mst.mission.2210619._detail,完成150次Live。
mst.mission.2210620._title,完成200次Live
mst.mission.2210620._detail,完成200次Live。
mst.mission.2210621._title,完成250次Live
mst.mission.2210621._detail,完成250次Live。
mst.mission.2210622._title,完成300场Live
mst.mission.2210622._detail,完成300次Live。
mst.mission.2210623._title,完成350场Live
mst.mission.2210623._detail,完成350次Live。
mst.mission.2210624._title,完成400次Live
mst.mission.2210624._detail,完成400次Live。
mst.mission.2210625._title,完成450次Live
mst.mission.2210625._detail,完成450次Live。
mst.mission.2210626._title,完成500次Live
mst.mission.2210626._detail,完成500次Live。
mst.mission.2210627._title,完成活动歌曲的完美演奏
mst.mission.2210627._detail,完成活动歌曲的完美演奏
mst.mission.2210628._title,达成歌曲《Just Believe!!!（12人 Ver.）》的NORMAL难度或更高，获得50000分。
mst.mission.2210628._detail,在歌曲《Just Believe!!!（12人 Ver.）》的NORMAL难度或更高难度中，达成50000分。
mst.mission.2210629._title,达成歌曲《Just Believe!!!（12人 Ver.）》的HARD难度或更高，获得200000分
mst.mission.2210629._detail,达成歌曲《Just Believe!!!（12人 Ver.）》的HARD难度或更高，获得200000分。
mst.mission.2210630._title,达成歌曲《Just Believe!!!（12人 Ver.）》EXPERT难度及以上，获得300000分。
mst.mission.2210630._detail,在歌曲《Just Believe!!!（12人 Ver.）》的EXPERT难度或更高难度中，达成300000分。
mst.mission.2210631._title,登录活动吧 ※不显示
mst.mission.2210631._detail,登录活动 ※不显示
mst.mission.2210632._title,收集5000点活动积分
mst.mission.2210632._detail,收集5000点活动积分
mst.mission.2210633._title,收集12000点活动积分
mst.mission.2210633._detail,收集12000点活动积分 ※不显示
mst.mission.2210634._title,收集20000点活动积分 ※不显示
mst.mission.2210634._detail,收集20000点活动积分 ※不显示
mst.mission.2210635._title,收集30000点活动积分 ※隐藏
mst.mission.2210635._detail,收集30000点活动积分 ※不显示
mst.mission.2710701._title,收集100点活动积分
mst.mission.2710701._detail,收集100点活动积分
mst.mission.2710702._title,收集4000点活动积分
mst.mission.2710702._detail,收集4000点活动积分
mst.mission.2710703._title,收集8000点活动积分
mst.mission.2710703._detail,收集8000点活动积分
mst.mission.2610704._title,以NORMAL难度或更高完成Live的完全连击
mst.mission.2610704._detail,在难度NORMAL或更高时，达成Live的FULL COMBO。
mst.mission.2610705._title,在难度为NORMAL或更高的Live中，进行3次完全连击。
mst.mission.2610705._detail,在难度为NORMAL或更高的Live中，连续三次达成全连击。
mst.mission.2610706._title,在难度为NORMAL或更高的Live中，连续五次完美通关。
mst.mission.2610706._detail,在难度为NORMAL或更高的Live中，尝试5次完美连击。
mst.mission.2610707._title,在Live中以50000分以上的得分完成关卡
mst.mission.2610707._detail,在Live中以50000分以上的成绩通关。
mst.mission.2610708._title,在Live中以100000分以上的分数完成关卡
mst.mission.2610708._detail,在Live中获得100000分或更高分数并完成关卡。
mst.mission.2610709._title,在Live模式中，以150000以上的分数完成关卡。
mst.mission.2610709._detail,在Live中获得150000分或更高分数并完成关卡。
mst.mission.2610710._title,在随机选曲中选择的歌曲，进行3次游玩。
mst.mission.2610710._detail,在随机选曲中选择的歌曲，进行3次游玩。
mst.mission.2610711._title,在随机选曲中选择歌曲，并进行5次游玩。
mst.mission.2610711._detail,在随机选曲中选择歌曲，并游玩5次。
mst.mission.2610712._title,播放10次随机歌曲。
mst.mission.2610712._detail,在随机选曲中选择歌曲，并进行10次游玩。
mst.mission.2610713._title,完成10场Live
mst.mission.2610713._detail,完成10次Live。
mst.mission.2610714._title,完成15次Live
mst.mission.2610714._detail,完成15次Live。
mst.mission.2610715._title,完成20场Live
mst.mission.2610715._detail,完成20次Live。
mst.mission.2610716._title,完成25次Live
mst.mission.2610716._detail,完成25次Live。
mst.mission.2610717._title,完成30次Live
mst.mission.2610717._detail,完成30次Live。
mst.mission.2610718._title,完成35次Live
mst.mission.2610718._detail,完成35次Live。
mst.mission.2610719._title,完成40次Live
mst.mission.2610719._detail,完成40次Live。
mst.mission.2610720._title,完成45次Live
mst.mission.2610720._detail,完成45次Live。
mst.mission.2610721._title,完成50次Live
mst.mission.2610721._detail,完成50次Live。
mst.mission.2310901._title,收集100点活动积分
mst.mission.2310901._detail,收集100点活动积分
mst.mission.2310902._title,收集1000点活动积分
mst.mission.2310902._detail,收集1000点活动积分
mst.mission.2310903._title,收集5000点活动积分
mst.mission.2310903._detail,收集5000点活动积分
mst.mission.2310904._title,收集10000点活动积分
mst.mission.2310904._detail,收集10000点活动积分
mst.mission.2310905._title,完成《Love Live! Superstar!!》歌曲挑战
mst.mission.2310905._detail,完成《Love Live! Superstar!!》歌曲。
mst.mission.2310906._title,完成《Love Live! Superstar!!》歌曲三次挑战
mst.mission.2310906._detail,完成《Love Live! Superstar!!》歌曲三次挑战。
mst.mission.2310907._title,完成《Love Live! Superstar!!》歌曲5次挑战
mst.mission.2310907._detail,完成《Love Live! Superstar!!》歌曲的5次挑战。
mst.mission.2210908._title,完成10场Live
mst.mission.2210908._detail,完成10次Live。
mst.mission.2210909._title,完成20场Live
mst.mission.2210909._detail,完成20次Live。
mst.mission.2210910._title,完成30次Live
mst.mission.2210910._detail,完成30次Live。
mst.mission.2210911._title,完成40次Live
mst.mission.2210911._detail,完成40次Live。
mst.mission.2210912._title,完成50次Live
mst.mission.2210912._detail,完成50次Live。
mst.mission.2210913._title,完成60次Live
mst.mission.2210913._detail,完成60次Live。
mst.mission.2210914._title,完成70次Live
mst.mission.2210914._detail,完成70次Live。
mst.mission.2210915._title,完成80场Live
mst.mission.2210915._detail,完成80次Live。
mst.mission.2210916._title,完成90场Live
mst.mission.2210916._detail,完成90次Live。
mst.mission.2210917._title,完成100次Live
mst.mission.2210917._detail,完成100次Live。
mst.mission.2210918._title,完成125次Live
mst.mission.2210918._detail,完成125次Live。
mst.mission.2210919._title,完成150次Live
mst.mission.2210919._detail,完成150次Live。
mst.mission.2210920._title,完成200次Live
mst.mission.2210920._detail,完成200次Live。
mst.mission.2210921._title,完成250次Live
mst.mission.2210921._detail,完成250次Live。
mst.mission.2210922._title,完成300场Live
mst.mission.2210922._detail,完成300次Live。
mst.mission.2210923._title,完成350场Live
mst.mission.2210923._detail,完成350次Live。
mst.mission.2210924._title,完成400次Live
mst.mission.2210924._detail,完成400次Live。
mst.mission.2210925._title,完成450次Live
mst.mission.2210925._detail,完成450次Live。
mst.mission.2210926._title,完成500次Live
mst.mission.2210926._detail,完成500次Live。
mst.mission.2210927._title,完成活动歌曲的完美演奏
mst.mission.2210927._detail,完成活动歌曲的完美演奏
mst.mission.2210928._title,达成歌曲《WE WILL‼》的NORMAL难度或更高，获得50000分。
mst.mission.2210928._detail,达成歌曲《WE WILL‼》的NORMAL难度或更高，获得50000分。
mst.mission.2210929._title,达成歌曲《WE WILL‼》的HARD难度或更高，获得200000分
mst.mission.2210929._detail,在歌曲《WE WILL‼》的HARD难度或更高难度下，达成200000分。
mst.mission.2210930._title,达成歌曲《WE WILL‼》的EXPERT难度或更高，获得300000分。
mst.mission.2210930._detail,在歌曲《WE WILL‼》的EXPERT难度或更高难度下，达成300000分。
mst.mission.2210931._title,登录活动吧 ※不显示
mst.mission.2210931._detail,登录活动 ※不显示
mst.mission.2210932._title,收集5000点活动积分
mst.mission.2210932._detail,收集5000点活动积分
mst.mission.2210933._title,收集12000点活动积分
mst.mission.2210933._detail,收集12000点活动积分 ※不显示
mst.mission.2210934._title,收集20000点活动积分 ※不显示
mst.mission.2210934._detail,收集20000点活动积分 ※不显示
mst.mission.2210935._title,收集30000点活动积分 ※隐藏
mst.mission.2210935._detail,收集30000点活动积分 ※不显示
mst.mission.2711001._title,收集100点活动积分
mst.mission.2711001._detail,收集100点活动积分
mst.mission.2711002._title,收集4000点活动积分
mst.mission.2711002._detail,收集4000点活动积分
mst.mission.2711003._title,收集8000点活动积分
mst.mission.2711003._detail,收集8000点活动积分
mst.mission.2611004._title,以NORMAL难度或更高完成Live的完全连击
mst.mission.2611004._detail,在难度NORMAL或更高时，达成Live的FULL COMBO。
mst.mission.2611005._title,在难度为NORMAL或更高的Live中，进行3次完全连击。
mst.mission.2611005._detail,在难度为NORMAL或更高的Live中，连续三次达成全连击。
mst.mission.2611006._title,在难度为NORMAL或更高的Live中，连续五次完美通关。
mst.mission.2611006._detail,在难度为NORMAL或更高的Live中，尝试5次完美连击。
mst.mission.2611007._title,在Live中以50000分以上的得分完成关卡
mst.mission.2611007._detail,在Live中以50000分以上的成绩通关。
mst.mission.2611008._title,在Live中以100000分以上的分数完成关卡
mst.mission.2611008._detail,在Live中获得100000分或更高分数并完成关卡。
mst.mission.2611009._title,在Live模式中，以150000以上的分数完成关卡。
mst.mission.2611009._detail,在Live中获得150000分或更高分数并完成关卡。
mst.mission.2611010._title,在随机选曲中选择的歌曲，进行3次游玩。
mst.mission.2611010._detail,在随机选曲中选择的歌曲，进行3次游玩。
mst.mission.2611011._title,在随机选曲中选择歌曲，并进行5次游玩。
mst.mission.2611011._detail,在随机选曲中选择歌曲，并游玩5次。
mst.mission.2611012._title,播放10次随机歌曲。
mst.mission.2611012._detail,在随机选曲中选择歌曲，并进行10次游玩。
mst.mission.2511101._title,收集150点活动积分
mst.mission.2511101._detail,收集150点活动积分。
mst.mission.2511102._title,收集1500点活动积分
mst.mission.2511102._detail,收集1500点活动积分
mst.mission.2511103._title,收集7500点活动积分
mst.mission.2511103._detail,收集活动积分达到7500点
mst.mission.2511104._title,收集15000点活动积分
mst.mission.2511104._detail,收集15000点活动积分
mst.mission.2511105._title,作为支援成员，完成一次合作Live。
mst.mission.2511105._detail,作为支援成员，完成一次合作Live。
mst.mission.2511106._title,作为支援成员，完成3次合作Live。
mst.mission.2511106._detail,作为支援成员，完成3次合作Live。
mst.mission.2511107._title,作为支援成员，完成5次合作Live。
mst.mission.2511107._detail,作为支援成员，完成5次合作Live。
mst.mission.2411108._title,作为支援成员，完成7次合作Live。
mst.mission.2411108._detail,作为支援成员，完成7次合作Live。
mst.mission.2411109._title,作为支援成员，完成10次合作Live。
mst.mission.2411109._detail,作为支援成员，完成10次合作Live。
mst.mission.2411110._title,完成20次协力Live挑战
mst.mission.2411110._detail,作为支援成员，完成20次合作Live。
mst.mission.2411111._title,完成30次协力Live，作为支援成员
mst.mission.2411111._detail,作为支援成员，完成30次合作Live。
mst.mission.2411112._title,完成10场Live
mst.mission.2411112._detail,完成10次Live。
mst.mission.2411113._title,完成20场Live
mst.mission.2411113._detail,完成20次Live。
mst.mission.2411114._title,完成30次Live
mst.mission.2411114._detail,完成30次Live。
mst.mission.2411115._title,完成40次Live
mst.mission.2411115._detail,完成40次Live。
mst.mission.2411116._title,完成50次Live
mst.mission.2411116._detail,完成50次Live。
mst.mission.2411117._title,完成60次Live
mst.mission.2411117._detail,完成60次Live。
mst.mission.2411118._title,完成70次Live
mst.mission.2411118._detail,完成70次Live。
mst.mission.2411119._title,完成80场Live
mst.mission.2411119._detail,完成80次Live。
mst.mission.2411120._title,完成90场Live
mst.mission.2411120._detail,完成90次Live。
mst.mission.2411121._title,完成100次Live
mst.mission.2411121._detail,完成100次Live。
mst.mission.2411122._title,合作Live中获得5次前三名
mst.mission.2411122._detail,在合作Live中获得5次前三名。
mst.mission.2411123._title,合作Live中获得3次前两名
mst.mission.2411123._detail,在合作Live中获得3次前两名。
mst.mission.2411124._title,在合作Live中获得一次第一名。
mst.mission.2411124._detail,在合作Live中获得一次或多次第一名。
mst.mission.2411125._title,完成至少4人匹配的合作Live挑战
mst.mission.2411125._detail,完成至少4人匹配的合作Live。
mst.mission.2411126._title,完成合作Live三次
mst.mission.2411126._detail,完成三次多人合作Live挑战。
mst.mission.2411127._title,完成5次多人合作Live挑战
mst.mission.2411127._detail,完成5次多人合作Live。
mst.mission.2411128._title,完成10次多人Live挑战
mst.mission.2411128._detail,完成10次，匹配人数至少为4人的合作Live。
mst.mission.2411129._title,完成20次多人Live挑战
mst.mission.2411129._detail,完成20次多人合作Live。
mst.mission.2411130._title,完成30次多人合作Live
mst.mission.2411130._detail,完成30次多人合作Live。
mst.mission.2711201._title,收集100点活动积分
mst.mission.2711201._detail,收集100点活动积分
mst.mission.2711202._title,收集4000点活动积分
mst.mission.2711202._detail,收集4000点活动积分
mst.mission.2711203._title,收集8000点活动积分
mst.mission.2711203._detail,收集8000点活动积分
mst.mission.2611204._title,以NORMAL难度或更高完成Live的完全连击
mst.mission.2611204._detail,在难度NORMAL或更高时，达成Live的FULL COMBO。
mst.mission.2611205._title,在难度为NORMAL或更高的Live中，进行3次完全连击。
mst.mission.2611205._detail,在难度为NORMAL或更高的Live中，连续三次达成全连击。
mst.mission.2611206._title,在难度为NORMAL或更高的Live中，连续五次完美通关。
mst.mission.2611206._detail,在难度为NORMAL或更高的Live中，尝试5次完美连击。
mst.mission.2611207._title,在Live中以50000分以上的得分完成关卡
mst.mission.2611207._detail,在Live中以50000分以上的成绩通关。
mst.mission.2611208._title,在Live中以100000分以上的分数完成关卡
mst.mission.2611208._detail,在Live中获得100000分或更高分数并完成关卡。
mst.mission.2611209._title,在Live模式中，以150000以上的分数完成关卡。
mst.mission.2611209._detail,在Live中获得150000分或更高分数并完成关卡。
mst.mission.2611210._title,在随机选曲中选择的歌曲，进行3次游玩。
mst.mission.2611210._detail,在随机选曲中选择的歌曲，进行3次游玩。
mst.mission.2611211._title,在随机选曲中选择歌曲，并进行5次游玩。
mst.mission.2611211._detail,在随机选曲中选择歌曲，并游玩5次。
mst.mission.2611212._title,播放10次随机歌曲。
mst.mission.2611212._detail,在随机选曲中选择歌曲，并进行10次游玩。
mst.mission.2510801._title,收集150点活动积分
mst.mission.2510801._detail,收集150点活动积分。
mst.mission.2510802._title,收集1500点活动积分
mst.mission.2510802._detail,收集1500点活动积分
mst.mission.2510803._title,收集7500点活动积分
mst.mission.2510803._detail,收集活动积分达到7500点
mst.mission.2510804._title,收集15000点活动积分
mst.mission.2510804._detail,收集15000点活动积分
mst.mission.2510805._title,作为支援成员，完成一次合作Live。
mst.mission.2510805._detail,作为支援成员，完成一次合作Live。
mst.mission.2510806._title,作为支援成员，完成3次合作Live。
mst.mission.2510806._detail,作为支援成员，完成3次合作Live。
mst.mission.2510807._title,作为支援成员，完成5次合作Live。
mst.mission.2510807._detail,作为支援成员，完成5次合作Live。
mst.mission.2410808._title,作为支援成员，完成7次合作Live。
mst.mission.2410808._detail,作为支援成员，完成7次合作Live。
mst.mission.2410809._title,作为支援成员，完成10次合作Live。
mst.mission.2410809._detail,作为支援成员，完成10次合作Live。
mst.mission.2410810._title,完成20次协力Live挑战
mst.mission.2410810._detail,作为支援成员，完成20次合作Live。
mst.mission.2410811._title,完成30次协力Live，作为支援成员
mst.mission.2410811._detail,作为支援成员，完成30次合作Live。
mst.mission.2410812._title,完成10场Live
mst.mission.2410812._detail,完成10次Live。
mst.mission.2410813._title,完成20场Live
mst.mission.2410813._detail,完成20次Live。
mst.mission.2410814._title,完成30次Live
mst.mission.2410814._detail,完成30次Live。
mst.mission.2410815._title,完成40次Live
mst.mission.2410815._detail,完成40次Live。
mst.mission.2410816._title,完成50次Live
mst.mission.2410816._detail,完成50次Live。
mst.mission.2410817._title,完成60次Live
mst.mission.2410817._detail,完成60次Live。
mst.mission.2410818._title,完成70次Live
mst.mission.2410818._detail,完成70次Live。
mst.mission.2410819._title,完成80场Live
mst.mission.2410819._detail,完成80次Live。
mst.mission.2410820._title,完成90场Live
mst.mission.2410820._detail,完成90次Live。
mst.mission.2410821._title,完成100次Live
mst.mission.2410821._detail,完成100次Live。
mst.mission.2410822._title,合作Live中获得5次前三名
mst.mission.2410822._detail,在合作Live中获得5次前三名。
mst.mission.2410823._title,合作Live中获得3次前两名
mst.mission.2410823._detail,在合作Live中获得3次前两名。
mst.mission.2410824._title,在合作Live中获得一次第一名。
mst.mission.2410824._detail,在合作Live中获得一次或多次第一名。
mst.mission.2410825._title,完成至少4人匹配的合作Live挑战
mst.mission.2410825._detail,完成至少4人匹配的合作Live。
mst.mission.2410826._title,完成合作Live三次
mst.mission.2410826._detail,完成三次多人合作Live挑战。
mst.mission.2410827._title,完成5次多人合作Live挑战
mst.mission.2410827._detail,完成5次多人合作Live。
mst.mission.2410828._title,完成10次多人Live挑战
mst.mission.2410828._detail,完成10次，匹配人数至少为4人的合作Live。
mst.mission.2410829._title,完成20次多人Live挑战
mst.mission.2410829._detail,完成20次多人合作Live。
mst.mission.2410830._title,完成30次多人合作Live
mst.mission.2410830._detail,完成30次多人合作Live。
mst.mission.2311301._title,收集100点活动积分
mst.mission.2311301._detail,收集100点活动积分
mst.mission.2311302._title,收集1000点活动积分
mst.mission.2311302._detail,收集1000点活动积分
mst.mission.2311303._title,收集5000点活动积分
mst.mission.2311303._detail,收集5000点活动积分
mst.mission.2311304._title,收集10000点活动积分
mst.mission.2311304._detail,收集10000点活动积分
mst.mission.2311305._title,完成《Love Live!》歌曲挑战
mst.mission.2311305._detail,完成《Love Live!》歌曲。
mst.mission.2311306._title,完成《Love Live!》歌曲三次挑战
mst.mission.2311306._detail,完成《Love Live!》歌曲挑战三次
mst.mission.2311307._title,完成《Love Live!》歌曲挑战5次
mst.mission.2311307._detail,完成《Love Live!》歌曲的挑战5次。
mst.mission.2211308._title,完成10场Live
mst.mission.2211308._detail,完成10次Live。
mst.mission.2211309._title,完成20场Live
mst.mission.2211309._detail,完成20次Live。
mst.mission.2211310._title,完成30次Live
mst.mission.2211310._detail,完成30次Live。
mst.mission.2211311._title,完成40次Live
mst.mission.2211311._detail,完成40次Live。
mst.mission.2211312._title,完成50次Live
mst.mission.2211312._detail,完成50次Live。
mst.mission.2211313._title,完成60次Live
mst.mission.2211313._detail,完成60次Live。
mst.mission.2211314._title,完成70次Live
mst.mission.2211314._detail,完成70次Live。
mst.mission.2211315._title,完成80场Live
mst.mission.2211315._detail,完成80次Live。
mst.mission.2211316._title,完成90场Live
mst.mission.2211316._detail,完成90次Live。
mst.mission.2211317._title,完成100次Live
mst.mission.2211317._detail,完成100次Live。
mst.mission.2211318._title,完成125次Live
mst.mission.2211318._detail,完成125次Live。
mst.mission.2211319._title,完成150次Live
mst.mission.2211319._detail,完成150次Live。
mst.mission.2211320._title,完成200次Live
mst.mission.2211320._detail,完成200次Live。
mst.mission.2211321._title,完成250次Live
mst.mission.2211321._detail,完成250次Live。
mst.mission.2211322._title,完成300场Live
mst.mission.2211322._detail,完成300次Live。
mst.mission.2211323._title,完成350场Live
mst.mission.2211323._detail,完成350次Live。
mst.mission.2211324._title,完成400次Live
mst.mission.2211324._detail,完成400次Live。
mst.mission.2211325._title,完成450次Live
mst.mission.2211325._detail,完成450次Live。
mst.mission.2211326._title,完成500次Live
mst.mission.2211326._detail,完成500次Live。
mst.mission.2211327._title,完成活动歌曲的完美演奏
mst.mission.2211327._detail,完成活动歌曲的完美演奏
mst.mission.2211328._title,"达成歌曲《夏色えがおで1,2,Jump!》的NORMAL难度或更高，获得50000分。"
mst.mission.2211328._detail,"在歌曲《夏色えがおで1,2,Jump!》的NORMAL难度或更高难度中，达成50000分。"
mst.mission.2211329._title,"达成歌曲《夏色えがおで1,2,Jump!》的HARD难度或更高，获得200000分"
mst.mission.2211329._detail,"达成歌曲《夏色えがおで1,2,Jump!》的HARD难度或更高，获得200000分。"
mst.mission.2211330._title,"达成歌曲《夏色えがおで1,2,Jump!》的EXPERT难度或更高，获得300000分。"
mst.mission.2211330._detail,"在歌曲《夏色えがおで1,2,Jump!》的EXPERT难度或更高难度中，达成300000分。"
mst.mission.2211331._title,登录活动吧 ※不显示
mst.mission.2211331._detail,登录活动 ※不显示
mst.mission.2211332._title,收集5000点活动积分
mst.mission.2211332._detail,收集5000点活动积分
mst.mission.2211333._title,收集12000点活动积分
mst.mission.2211333._detail,收集12000点活动积分 ※不显示
mst.mission.2211334._title,收集20000点活动积分 ※不显示
mst.mission.2211334._detail,收集20000点活动积分 ※不显示
mst.mission.2211335._title,收集30000点活动积分 ※隐藏
mst.mission.2211335._detail,收集30000点活动积分 ※不显示
mst.mission.2711401._title,收集100点活动积分
mst.mission.2711401._detail,收集100点活动积分
mst.mission.2711402._title,收集4000点活动积分
mst.mission.2711402._detail,收集4000点活动积分
mst.mission.2711403._title,收集8000点活动积分
mst.mission.2711403._detail,收集8000点活动积分
mst.mission.2611404._title,以NORMAL难度或更高完成Live的完全连击
mst.mission.2611404._detail,在难度NORMAL或更高时，达成Live的FULL COMBO。
mst.mission.2611405._title,在难度为NORMAL或更高的Live中，进行3次完全连击。
mst.mission.2611405._detail,在难度为NORMAL或更高的Live中，连续三次达成全连击。
mst.mission.2611406._title,在难度为NORMAL或更高的Live中，连续五次完美通关。
mst.mission.2611406._detail,在难度为NORMAL或更高的Live中，尝试5次完美连击。
mst.mission.2611407._title,在Live中以50000分以上的得分完成关卡
mst.mission.2611407._detail,在Live中以50000分以上的成绩通关。
mst.mission.2611408._title,在Live中以100000分以上的分数完成关卡
mst.mission.2611408._detail,在Live中获得100000分或更高分数并完成关卡。
mst.mission.2611409._title,在Live模式中，以150000以上的分数完成关卡。
mst.mission.2611409._detail,在Live中获得150000分或更高分数并完成关卡。
mst.mission.2611410._title,在随机选曲中选择的歌曲，进行3次游玩。
mst.mission.2611410._detail,在随机选曲中选择的歌曲，进行3次游玩。
mst.mission.2611411._title,在随机选曲中选择歌曲，并进行5次游玩。
mst.mission.2611411._detail,在随机选曲中选择歌曲，并游玩5次。
mst.mission.2611412._title,播放10次随机歌曲。
mst.mission.2611412._detail,在随机选曲中选择歌曲，并进行10次游玩。
mst.mission.2511501._title,收集150点活动积分
mst.mission.2511501._detail,收集150点活动积分。
mst.mission.2511502._title,收集1500点活动积分
mst.mission.2511502._detail,收集1500点活动积分
mst.mission.2511503._title,收集7500点活动积分
mst.mission.2511503._detail,收集活动积分达到7500点
mst.mission.2511504._title,收集15000点活动积分
mst.mission.2511504._detail,收集15000点活动积分
mst.mission.2511505._title,作为支援成员，完成一次合作Live。
mst.mission.2511505._detail,作为支援成员，完成一次合作Live。
mst.mission.2511506._title,作为支援成员，完成3次合作Live。
mst.mission.2511506._detail,作为支援成员，完成3次合作Live。
mst.mission.2511507._title,作为支援成员，完成5次合作Live。
mst.mission.2511507._detail,作为支援成员，完成5次合作Live。
mst.mission.2411508._title,作为支援成员，完成7次合作Live。
mst.mission.2411508._detail,作为支援成员，完成7次合作Live。
mst.mission.2411509._title,作为支援成员，完成10次合作Live。
mst.mission.2411509._detail,作为支援成员，完成10次合作Live。
mst.mission.2411510._title,完成20次协力Live挑战
mst.mission.2411510._detail,作为支援成员，完成20次合作Live。
mst.mission.2411511._title,完成30次协力Live，作为支援成员
mst.mission.2411511._detail,作为支援成员，完成30次合作Live。
mst.mission.2411512._title,完成10场Live
mst.mission.2411512._detail,完成10次Live。
mst.mission.2411513._title,完成20场Live
mst.mission.2411513._detail,完成20次Live。
mst.mission.2411514._title,完成30次Live
mst.mission.2411514._detail,完成30次Live。
mst.mission.2411515._title,完成40次Live
mst.mission.2411515._detail,完成40次Live。
mst.mission.2411516._title,完成50次Live
mst.mission.2411516._detail,完成50次Live。
mst.mission.2411517._title,完成60次Live
mst.mission.2411517._detail,完成60次Live。
mst.mission.2411518._title,完成70次Live
mst.mission.2411518._detail,完成70次Live。
mst.mission.2411519._title,完成80场Live
mst.mission.2411519._detail,完成80次Live。
mst.mission.2411520._title,完成90场Live
mst.mission.2411520._detail,完成90次Live。
mst.mission.2411521._title,完成100次Live
mst.mission.2411521._detail,完成100次Live。
mst.mission.2411522._title,合作Live中获得5次前三名
mst.mission.2411522._detail,在合作Live中获得5次前三名。
mst.mission.2411523._title,合作Live中获得3次前两名
mst.mission.2411523._detail,在合作Live中获得3次前两名。
mst.mission.2411524._title,在合作Live中获得一次第一名。
mst.mission.2411524._detail,在合作Live中获得一次或多次第一名。
mst.mission.2411525._title,完成至少4人匹配的合作Live挑战
mst.mission.2411525._detail,完成至少4人匹配的合作Live。
mst.mission.2411526._title,完成合作Live三次
mst.mission.2411526._detail,完成三次多人合作Live挑战。
mst.mission.2411527._title,完成5次多人合作Live挑战
mst.mission.2411527._detail,完成5次多人合作Live。
mst.mission.2411528._title,完成10次多人Live挑战
mst.mission.2411528._detail,完成10次，匹配人数至少为4人的合作Live。
mst.mission.2411529._title,完成20次多人Live挑战
mst.mission.2411529._detail,完成20次多人合作Live。
mst.mission.2411530._title,完成30次多人合作Live
mst.mission.2411530._detail,完成30次多人合作Live。
mst.mission.2711601._title,收集100点活动积分
mst.mission.2711601._detail,收集100点活动积分
mst.mission.2711602._title,收集4000点活动积分
mst.mission.2711602._detail,收集4000点活动积分
mst.mission.2711603._title,收集8000点活动积分
mst.mission.2711603._detail,收集8000点活动积分
mst.mission.2611604._title,以NORMAL难度或更高完成Live的完全连击
mst.mission.2611604._detail,在难度NORMAL或更高时，达成Live的FULL COMBO。
mst.mission.2611605._title,在难度为NORMAL或更高的Live中，进行3次完全连击。
mst.mission.2611605._detail,在难度为NORMAL或更高的Live中，连续三次达成全连击。
mst.mission.2611606._title,在难度为NORMAL或更高的Live中，连续五次完美通关。
mst.mission.2611606._detail,在难度为NORMAL或更高的Live中，尝试5次完美连击。
mst.mission.2611607._title,在Live中以50000分以上的得分完成关卡
mst.mission.2611607._detail,在Live中以50000分以上的成绩通关。
mst.mission.2611608._title,在Live中以100000分以上的分数完成关卡
mst.mission.2611608._detail,在Live中获得100000分或更高分数并完成关卡。
mst.mission.2611609._title,在Live模式中，以150000以上的分数完成关卡。
mst.mission.2611609._detail,在Live中获得150000分或更高分数并完成关卡。
mst.mission.2611610._title,在随机选曲中选择的歌曲，进行3次游玩。
mst.mission.2611610._detail,在随机选曲中选择的歌曲，进行3次游玩。
mst.mission.2611611._title,在随机选曲中选择歌曲，并进行5次游玩。
mst.mission.2611611._detail,在随机选曲中选择歌曲，并游玩5次。
mst.mission.2611612._title,播放10次随机歌曲。
mst.mission.2611612._detail,在随机选曲中选择歌曲，并进行10次游玩。
mst.mission.2311701._title,收集100点活动积分
mst.mission.2311701._detail,收集100点活动积分
mst.mission.2311702._title,收集200点活动积分
mst.mission.2311702._detail,收集200点活动积分
mst.mission.2311703._title,收集1000点活动积分
mst.mission.2311703._detail,收集1000点活动积分
mst.mission.2311704._title,收集5000点活动积分
mst.mission.2311704._detail,收集5000点活动积分
mst.mission.2311705._title,收集10000点活动积分
mst.mission.2311705._detail,收集10000点活动积分
mst.mission.2311706._title,完成《Love Live! Sunshine!!》歌曲挑战
mst.mission.2311706._detail,完成《Love Live! Sunshine!!》歌曲挑战
mst.mission.2311707._title,《Love Live! Sunshine!!》歌曲三次通关
mst.mission.2311707._detail,完成《Love Live! Sunshine!!》歌曲的挑战三次。
mst.mission.2311708._title,完成《Love Live! Sunshine!!》歌曲5次挑战
mst.mission.2311708._detail,完成《Love Live! Sunshine!!》歌曲的5次挑战。
mst.mission.2211709._title,完成10场Live
mst.mission.2211709._detail,完成10次Live。
mst.mission.2211710._title,完成20场Live
mst.mission.2211710._detail,完成20次Live。
mst.mission.2211711._title,完成30次Live
mst.mission.2211711._detail,完成30次Live。
mst.mission.2211712._title,完成40次Live
mst.mission.2211712._detail,完成40次Live。
mst.mission.2211713._title,完成50次Live
mst.mission.2211713._detail,完成50次Live。
mst.mission.2211714._title,完成60次Live
mst.mission.2211714._detail,完成60次Live。
mst.mission.2211715._title,完成70次Live
mst.mission.2211715._detail,完成70次Live。
mst.mission.2211716._title,完成80场Live
mst.mission.2211716._detail,完成80次Live。
mst.mission.2211717._title,完成90场Live
mst.mission.2211717._detail,完成90次Live。
mst.mission.2211718._title,完成100次Live
mst.mission.2211718._detail,完成100次Live。
mst.mission.2211719._title,完成125次Live
mst.mission.2211719._detail,完成125次Live。
mst.mission.2211720._title,完成150次Live
mst.mission.2211720._detail,完成150次Live。
mst.mission.2211721._title,完成200次Live
mst.mission.2211721._detail,完成200次Live。
mst.mission.2211722._title,完成250次Live
mst.mission.2211722._detail,完成250次Live。
mst.mission.2211723._title,完成300场Live
mst.mission.2211723._detail,完成300次Live。
mst.mission.2211724._title,完成350场Live
mst.mission.2211724._detail,完成350次Live。
mst.mission.2211725._title,完成400次Live
mst.mission.2211725._detail,完成400次Live。
mst.mission.2211726._title,完成450次Live
mst.mission.2211726._detail,完成450次Live。
mst.mission.2211727._title,完成500次Live
mst.mission.2211727._detail,完成500次Live。
mst.mission.2211728._title,完成活动歌曲的完美演奏
mst.mission.2211728._detail,完成活动歌曲的完美演奏
mst.mission.2211729._title,达成歌曲《MY舞☆TONIGHT》的NORMAL难度或更高，获得50000分。
mst.mission.2211729._detail,在歌曲《MY舞☆TONIGHT》的NORMAL难度或更高难度下，达成50000分。
mst.mission.2211730._title,达成歌曲《MY舞☆TONIGHT》的HARD难度或更高，获得200000分
mst.mission.2211730._detail,达成歌曲《MY舞☆TONIGHT》的HARD难度或更高，获得200000分。
mst.mission.2211731._title,达成歌曲《MY舞☆TONIGHT》的EXPERT难度或更高，获得300000分。
mst.mission.2211731._detail,在歌曲《MY舞☆TONIGHT》的EXPERT难度或更高难度下，达成300000分。
mst.mission.2211732._title,登录游戏吧 ※不显示
mst.mission.2211732._detail,登录游戏吧 ※不显示
mst.mission.2211733._title,收集5000点活动积分
mst.mission.2211733._detail,收集5000点活动积分
mst.mission.2211734._title,收集12000点活动积分
mst.mission.2211734._detail,收集12000点活动积分 ※不显示
mst.mission.2211735._title,收集20000点活动积分 ※不显示
mst.mission.2211735._detail,收集20000点活动积分 ※不显示
mst.mission.2211736._title,收集30000点活动积分 ※隐藏
mst.mission.2211736._detail,收集30000点活动积分 ※不显示
mst.mission.2711801._title,收集100点活动积分
mst.mission.2711801._detail,收集100点活动积分
mst.mission.2711802._title,收集4000点活动积分
mst.mission.2711802._detail,收集4000点活动积分
mst.mission.2711803._title,收集8000点活动积分
mst.mission.2711803._detail,收集8000点活动积分
mst.mission.2611804._title,以NORMAL难度或更高完成Live的完全连击
mst.mission.2611804._detail,在难度NORMAL或更高时，达成Live的FULL COMBO。
mst.mission.2611805._title,在难度为NORMAL或更高的Live中，进行3次完全连击。
mst.mission.2611805._detail,在难度为NORMAL或更高的Live中，连续三次达成全连击。
mst.mission.2611806._title,在难度为NORMAL或更高的Live中，连续五次完美通关。
mst.mission.2611806._detail,在难度为NORMAL或更高的Live中，尝试5次完美连击。
mst.mission.2611807._title,在Live中以50000分以上的得分完成关卡
mst.mission.2611807._detail,在Live中以50000分以上的成绩通关。
mst.mission.2611808._title,在Live中以100000分以上的分数完成关卡
mst.mission.2611808._detail,在Live中获得100000分或更高分数并完成关卡。
mst.mission.2611809._title,在Live模式中，以150000以上的分数完成关卡。
mst.mission.2611809._detail,在Live中获得150000分或更高分数并完成关卡。
mst.mission.2611810._title,在随机选曲中选择的歌曲，进行3次游玩。
mst.mission.2611810._detail,在随机选曲中选择的歌曲，进行3次游玩。
mst.mission.2611811._title,在随机选曲中选择歌曲，并进行5次游玩。
mst.mission.2611811._detail,在随机选曲中选择歌曲，并游玩5次。
mst.mission.2611812._title,播放10次随机歌曲。
mst.mission.2611812._detail,在随机选曲中选择歌曲，并进行10次游玩。
mst.mission.2511901._title,收集150点活动积分
mst.mission.2511901._detail,收集150点活动积分。
mst.mission.2511902._title,收集1500点活动积分
mst.mission.2511902._detail,收集1500点活动积分
mst.mission.2511903._title,收集7500点活动积分
mst.mission.2511903._detail,收集活动积分达到7500点
mst.mission.2511904._title,收集15000点活动积分
mst.mission.2511904._detail,收集15000点活动积分
mst.mission.2511905._title,作为支援成员，完成一次合作Live。
mst.mission.2511905._detail,作为支援成员，完成一次合作Live。
mst.mission.2511906._title,作为支援成员，完成3次合作Live。
mst.mission.2511906._detail,作为支援成员，完成3次合作Live。
mst.mission.2511907._title,作为支援成员，完成5次合作Live。
mst.mission.2511907._detail,作为支援成员，完成5次合作Live。
mst.mission.2411908._title,作为支援成员，完成7次合作Live。
mst.mission.2411908._detail,作为支援成员，完成7次合作Live。
mst.mission.2411909._title,作为支援成员，完成10次合作Live。
mst.mission.2411909._detail,作为支援成员，完成10次合作Live。
mst.mission.2411910._title,完成20次协力Live挑战
mst.mission.2411910._detail,作为支援成员，完成20次合作Live。
mst.mission.2411911._title,完成30次协力Live，作为支援成员
mst.mission.2411911._detail,作为支援成员，完成30次合作Live。
mst.mission.2411912._title,完成10场Live
mst.mission.2411912._detail,完成10次Live。
mst.mission.2411913._title,完成20场Live
mst.mission.2411913._detail,完成20次Live。
mst.mission.2411914._title,完成30次Live
mst.mission.2411914._detail,完成30次Live。
mst.mission.2411915._title,完成40次Live
mst.mission.2411915._detail,完成40次Live。
mst.mission.2411916._title,完成50次Live
mst.mission.2411916._detail,完成50次Live。
mst.mission.2411917._title,完成60次Live
mst.mission.2411917._detail,完成60次Live。
mst.mission.2411918._title,完成70次Live
mst.mission.2411918._detail,完成70次Live。
mst.mission.2411919._title,完成80场Live
mst.mission.2411919._detail,完成80次Live。
mst.mission.2411920._title,完成90场Live
mst.mission.2411920._detail,完成90次Live。
mst.mission.2411921._title,完成100次Live
mst.mission.2411921._detail,完成100次Live。
mst.mission.2411922._title,合作Live中获得5次前三名
mst.mission.2411922._detail,在合作Live中获得5次前三名。
mst.mission.2411923._title,合作Live中获得3次前两名
mst.mission.2411923._detail,在合作Live中获得3次前两名。
mst.mission.2411924._title,在合作Live中获得一次第一名。
mst.mission.2411924._detail,在合作Live中获得一次或多次第一名。
mst.mission.2411925._title,完成至少4人匹配的合作Live挑战
mst.mission.2411925._detail,完成至少4人匹配的合作Live。
mst.mission.2411926._title,完成合作Live三次
mst.mission.2411926._detail,完成三次多人合作Live挑战。
mst.mission.2411927._title,完成5次多人合作Live挑战
mst.mission.2411927._detail,完成5次多人合作Live。
mst.mission.2411928._title,完成10次多人Live挑战
mst.mission.2411928._detail,完成10次，匹配人数至少为4人的合作Live。
mst.mission.2411929._title,完成20次多人Live挑战
mst.mission.2411929._detail,完成20次多人合作Live。
mst.mission.2411930._title,完成30次多人合作Live
mst.mission.2411930._detail,完成30次多人合作Live。
mst.mission.2712001._title,收集100点活动积分
mst.mission.2712001._detail,收集100点活动积分
mst.mission.2712002._title,收集4000点活动积分
mst.mission.2712002._detail,收集4000点活动积分
mst.mission.2712003._title,收集8000点活动积分
mst.mission.2712003._detail,收集8000点活动积分
mst.mission.2612004._title,以NORMAL难度或更高完成Live的完全连击
mst.mission.2612004._detail,在难度NORMAL或更高时，达成Live的FULL COMBO。
mst.mission.2612005._title,在难度为NORMAL或更高的Live中，进行3次完全连击。
mst.mission.2612005._detail,在难度为NORMAL或更高的Live中，连续三次达成全连击。
mst.mission.2612006._title,在难度为NORMAL或更高的Live中，连续五次完美通关。
mst.mission.2612006._detail,在难度为NORMAL或更高的Live中，尝试5次完美连击。
mst.mission.2612007._title,在Live中以50000分以上的得分完成关卡
mst.mission.2612007._detail,在Live中以50000分以上的成绩通关。
mst.mission.2612008._title,在Live中以100000分以上的分数完成关卡
mst.mission.2612008._detail,在Live中获得100000分或更高分数并完成关卡。
mst.mission.2612009._title,在Live模式中，以150000以上的分数完成关卡。
mst.mission.2612009._detail,在Live中获得150000分或更高分数并完成关卡。
mst.mission.2612010._title,在随机选曲中选择的歌曲，进行3次游玩。
mst.mission.2612010._detail,在随机选曲中选择的歌曲，进行3次游玩。
mst.mission.2612011._title,在随机选曲中选择歌曲，并进行5次游玩。
mst.mission.2612011._detail,在随机选曲中选择歌曲，并游玩5次。
mst.mission.2612012._title,播放10次随机歌曲。
mst.mission.2612012._detail,在随机选曲中选择歌曲，并进行10次游玩。
mst.mission.2312101._title,收集100点活动积分
mst.mission.2312101._detail,收集100点活动积分
mst.mission.2312102._title,收集200点活动积分
mst.mission.2312102._detail,收集200点活动积分
mst.mission.2312103._title,收集1000点活动积分
mst.mission.2312103._detail,收集1000点活动积分
mst.mission.2312104._title,收集5000点活动积分
mst.mission.2312104._detail,收集5000点活动积分
mst.mission.2312105._title,收集10000点活动积分
mst.mission.2312105._detail,收集10000点活动积分
mst.mission.2312106._title,完成《Love Live! 虹之咲学园校园偶像俱乐部》歌曲挑战
mst.mission.2312106._detail,完成《Love Live! 虹之咲学园校园偶像俱乐部》的歌曲。
mst.mission.2312107._title,完成《Love Live! 虹之咲学园校园偶像俱乐部》歌曲三次
mst.mission.2312107._detail,完成《Love Live! 虹之咲学园校园偶像俱乐部》歌曲三次。
mst.mission.2312108._title,完成《Love Live! 虹之咲学园校园偶像俱乐部》歌曲5次挑战
mst.mission.2312108._detail,完成《Love Live! 虹之咲学园校园偶像俱乐部》的歌曲5次。
mst.mission.2212109._title,完成10场Live
mst.mission.2212109._detail,完成10次Live。
mst.mission.2212110._title,完成20场Live
mst.mission.2212110._detail,完成20次Live。
mst.mission.2212111._title,完成30次Live
mst.mission.2212111._detail,完成30次Live。
mst.mission.2212112._title,完成40次Live
mst.mission.2212112._detail,完成40次Live。
mst.mission.2212113._title,完成50次Live
mst.mission.2212113._detail,完成50次Live。
mst.mission.2212114._title,完成60次Live
mst.mission.2212114._detail,完成60次Live。
mst.mission.2212115._title,完成70次Live
mst.mission.2212115._detail,完成70次Live。
mst.mission.2212116._title,完成80场Live
mst.mission.2212116._detail,完成80次Live。
mst.mission.2212117._title,完成90场Live
mst.mission.2212117._detail,完成90次Live。
mst.mission.2212118._title,完成100次Live
mst.mission.2212118._detail,完成100次Live。
mst.mission.2212119._title,完成125次Live
mst.mission.2212119._detail,完成125次Live。
mst.mission.2212120._title,完成150次Live
mst.mission.2212120._detail,完成150次Live。
mst.mission.2212121._title,完成200次Live
mst.mission.2212121._detail,完成200次Live。
mst.mission.2212122._title,完成250次Live
mst.mission.2212122._detail,完成250次Live。
mst.mission.2212123._title,完成300场Live
mst.mission.2212123._detail,完成300次Live。
mst.mission.2212124._title,完成350场Live
mst.mission.2212124._detail,完成350次Live。
mst.mission.2212125._title,完成400次Live
mst.mission.2212125._detail,完成400次Live。
mst.mission.2212126._title,完成450次Live
mst.mission.2212126._detail,完成450次Live。
mst.mission.2212127._title,完成500次Live
mst.mission.2212127._detail,完成500次Live。
mst.mission.2212128._title,完成活动歌曲的完美演奏
mst.mission.2212128._detail,完成活动歌曲的完美演奏
mst.mission.2212129._title,达成歌曲《Love U my friends（12人 Ver.）》的NORMAL难度或更高，获得50000分。
mst.mission.2212129._detail,在歌曲《Love U my friends（12人 Ver.）》的NORMAL难度或更高难度下，达成50000分。
mst.mission.2212130._title,达成歌曲《Love U my friends（12人 Ver.）》的HARD难度或更高，获得200000分。
mst.mission.2212130._detail,在歌曲《Love U my friends（12人 Ver.）》的HARD难度或更高难度下，达成200000分。
mst.mission.2212131._title,达成歌曲《Love U my friends（12人 Ver.）》EXPERT难度及以上，获得300000分。
mst.mission.2212131._detail,达成歌曲《Love U my friends（12人 Ver.）》的EXPERT难度或更高，获得300000分。
mst.mission.2212132._title,登录游戏吧 ※不显示
mst.mission.2212132._detail,登录游戏吧 ※不显示
mst.mission.2212133._title,收集5000点活动积分
mst.mission.2212133._detail,收集5000点活动积分
mst.mission.2212134._title,收集12000点活动积分
mst.mission.2212134._detail,收集12000点活动积分 ※不显示
mst.mission.2212135._title,收集20000点活动积分 ※不显示
mst.mission.2212135._detail,收集20000点活动积分 ※不显示
mst.mission.2212136._title,收集30000点活动积分 ※隐藏
mst.mission.2212136._detail,收集30000点活动积分 ※不显示
mst.mission.2712201._title,收集100点活动积分
mst.mission.2712201._detail,收集100点活动积分
mst.mission.2712202._title,收集4000点活动积分
mst.mission.2712202._detail,收集4000点活动积分
mst.mission.2712203._title,收集8000点活动积分
mst.mission.2712203._detail,收集8000点活动积分
mst.mission.2612204._title,以NORMAL难度或更高完成Live的完全连击
mst.mission.2612204._detail,在难度NORMAL或更高时，达成Live的FULL COMBO。
mst.mission.2612205._title,在难度为NORMAL或更高的Live中，进行3次完全连击。
mst.mission.2612205._detail,在难度为NORMAL或更高的Live中，连续三次达成全连击。
mst.mission.2612206._title,在难度为NORMAL或更高的Live中，连续五次完美通关。
mst.mission.2612206._detail,在难度为NORMAL或更高的Live中，尝试5次完美连击。
mst.mission.2612207._title,在Live中以50000分以上的得分完成关卡
mst.mission.2612207._detail,在Live中以50000分以上的成绩通关。
mst.mission.2612208._title,在Live中以100000分以上的分数完成关卡
mst.mission.2612208._detail,在Live中获得100000分或更高分数并完成关卡。
mst.mission.2612209._title,在Live模式中，以150000以上的分数完成关卡。
mst.mission.2612209._detail,在Live中获得150000分或更高分数并完成关卡。
mst.mission.2612210._title,在随机选曲中选择的歌曲，进行3次游玩。
mst.mission.2612210._detail,在随机选曲中选择的歌曲，进行3次游玩。
mst.mission.2612211._title,在随机选曲中选择歌曲，并进行5次游玩。
mst.mission.2612211._detail,在随机选曲中选择歌曲，并游玩5次。
mst.mission.2612212._title,播放10次随机歌曲。
mst.mission.2612212._detail,在随机选曲中选择歌曲，并进行10次游玩。
mst.mission.2312301._title,收集100点活动积分
mst.mission.2312301._detail,收集100点活动积分
mst.mission.2312302._title,收集200点活动积分
mst.mission.2312302._detail,收集200点活动积分
mst.mission.2312303._title,收集1000点活动积分
mst.mission.2312303._detail,收集1000点活动积分
mst.mission.2312304._title,收集5000点活动积分
mst.mission.2312304._detail,收集5000点活动积分
mst.mission.2312305._title,收集10000点活动积分
mst.mission.2312305._detail,收集10000点活动积分
mst.mission.2312306._title,完成《Love Live! Sunshine!!》歌曲挑战
mst.mission.2312306._detail,完成《Love Live! Sunshine!!》歌曲挑战
mst.mission.2312307._title,《Love Live! Sunshine!!》歌曲三次通关
mst.mission.2312307._detail,完成《Love Live! Sunshine!!》歌曲的挑战三次。
mst.mission.2312308._title,完成《Love Live! Sunshine!!》歌曲5次挑战
mst.mission.2312308._detail,完成《Love Live! Sunshine!!》歌曲的5次挑战。
mst.mission.2212309._title,完成10场Live
mst.mission.2212309._detail,完成10次Live。
mst.mission.2212310._title,完成20场Live
mst.mission.2212310._detail,完成20次Live。
mst.mission.2212311._title,完成30次Live
mst.mission.2212311._detail,完成30次Live。
mst.mission.2212312._title,完成40次Live
mst.mission.2212312._detail,完成40次Live。
mst.mission.2212313._title,完成50次Live
mst.mission.2212313._detail,完成50次Live。
mst.mission.2212314._title,完成60次Live
mst.mission.2212314._detail,完成60次Live。
mst.mission.2212315._title,完成70次Live
mst.mission.2212315._detail,完成70次Live。
mst.mission.2212316._title,完成80场Live
mst.mission.2212316._detail,完成80次Live。
mst.mission.2212317._title,完成90场Live
mst.mission.2212317._detail,完成90次Live。
mst.mission.2212318._title,完成100次Live
mst.mission.2212318._detail,完成100次Live。
mst.mission.2212319._title,完成125次Live
mst.mission.2212319._detail,完成125次Live。
mst.mission.2212320._title,完成150次Live
mst.mission.2212320._detail,完成150次Live。
mst.mission.2212321._title,完成200次Live
mst.mission.2212321._detail,完成200次Live。
mst.mission.2212322._title,完成250次Live
mst.mission.2212322._detail,完成250次Live。
mst.mission.2212323._title,完成300场Live
mst.mission.2212323._detail,完成300次Live。
mst.mission.2212324._title,完成350场Live
mst.mission.2212324._detail,完成350次Live。
mst.mission.2212325._title,完成400次Live
mst.mission.2212325._detail,完成400次Live。
mst.mission.2212326._title,完成450次Live
mst.mission.2212326._detail,完成450次Live。
mst.mission.2212327._title,完成500次Live
mst.mission.2212327._detail,完成500次Live。
mst.mission.2212328._title,完成活动歌曲的完美演奏
mst.mission.2212328._detail,完成活动歌曲的完美演奏
mst.mission.2212329._title,达成歌曲《WATER BLUE NEW WORLD》的NORMAL难度或更高，获得50000分。
mst.mission.2212329._detail,在歌曲《WATER BLUE NEW WORLD》的NORMAL难度或更高难度下，达成50000分。
mst.mission.2212330._title,达成歌曲《WATER BLUE NEW WORLD》的HARD难度或更高，获得200000分。
mst.mission.2212330._detail,在歌曲《WATER BLUE NEW WORLD》的HARD难度或更高难度下，达成200000分。
mst.mission.2212331._title,达成歌曲《WATER BLUE NEW WORLD》的EXPERT难度或更高，获得300000分。
mst.mission.2212331._detail,达成歌曲《WATER BLUE NEW WORLD》的EXPERT难度或更高，获得300000分。
mst.mission.2712401._title,收集100点活动积分
mst.mission.2712401._detail,收集100点活动积分
mst.mission.2712402._title,收集4000点活动积分
mst.mission.2712402._detail,收集4000点活动积分
mst.mission.2712403._title,收集8000点活动积分
mst.mission.2712403._detail,收集8000点活动积分
mst.mission.2612404._title,以NORMAL难度或更高完成Live的完全连击
mst.mission.2612404._detail,在难度NORMAL或更高时，达成Live的FULL COMBO。
mst.mission.2612405._title,在难度为NORMAL或更高的Live中，进行3次完全连击。
mst.mission.2612405._detail,在难度为NORMAL或更高的Live中，连续三次达成全连击。
mst.mission.2612406._title,在难度为NORMAL或更高的Live中，连续五次完美通关。
mst.mission.2612406._detail,在难度为NORMAL或更高的Live中，尝试5次完美连击。
mst.mission.2612407._title,在Live中以50000分以上的得分完成关卡
mst.mission.2612407._detail,在Live中以50000分以上的成绩通关。
mst.mission.2612408._title,在Live中以100000分以上的分数完成关卡
mst.mission.2612408._detail,在Live中获得100000分或更高分数并完成关卡。
mst.mission.2612409._title,在Live模式中，以150000以上的分数完成关卡。
mst.mission.2612409._detail,在Live中获得150000分或更高分数并完成关卡。
mst.mission.2612410._title,在随机选曲中选择的歌曲，进行3次游玩。
mst.mission.2612410._detail,在随机选曲中选择的歌曲，进行3次游玩。
mst.mission.2612411._title,在随机选曲中选择歌曲，并进行5次游玩。
mst.mission.2612411._detail,在随机选曲中选择歌曲，并游玩5次。
mst.mission.2612412._title,播放10次随机歌曲。
mst.mission.2612412._detail,在随机选曲中选择歌曲，并进行10次游玩。
mst.mission.2312501._title,收集100点活动积分
mst.mission.2312501._detail,收集100点活动积分
mst.mission.2312502._title,收集200点活动积分
mst.mission.2312502._detail,收集200点活动积分
mst.mission.2312503._title,收集1000点活动积分
mst.mission.2312503._detail,收集1000点活动积分
mst.mission.2312504._title,收集5000点活动积分
mst.mission.2312504._detail,收集5000点活动积分
mst.mission.2312505._title,收集10000点活动积分
mst.mission.2312505._detail,收集10000点活动积分
mst.mission.2312506._title,完成《Love Live! Superstar!!》歌曲挑战
mst.mission.2312506._detail,完成《Love Live! Superstar!!》歌曲。
mst.mission.2312507._title,完成《Love Live! Superstar!!》歌曲三次挑战
mst.mission.2312507._detail,完成《Love Live! Superstar!!》歌曲三次挑战。
mst.mission.2312508._title,完成《Love Live! Superstar!!》歌曲5次挑战
mst.mission.2312508._detail,完成《Love Live! Superstar!!》歌曲的5次挑战。
mst.mission.2212509._title,完成10场Live
mst.mission.2212509._detail,完成10次Live。
mst.mission.2212510._title,完成20场Live
mst.mission.2212510._detail,完成20次Live。
mst.mission.2212511._title,完成30次Live
mst.mission.2212511._detail,完成30次Live。
mst.mission.2212512._title,完成40次Live
mst.mission.2212512._detail,完成40次Live。
mst.mission.2212513._title,完成50次Live
mst.mission.2212513._detail,完成50次Live。
mst.mission.2212514._title,完成60次Live
mst.mission.2212514._detail,完成60次Live。
mst.mission.2212515._title,完成70次Live
mst.mission.2212515._detail,完成70次Live。
mst.mission.2212516._title,完成80场Live
mst.mission.2212516._detail,完成80次Live。
mst.mission.2212517._title,完成90场Live
mst.mission.2212517._detail,完成90次Live。
mst.mission.2212518._title,完成100次Live
mst.mission.2212518._detail,完成100次Live。
mst.mission.2212519._title,完成125次Live
mst.mission.2212519._detail,完成125次Live。
mst.mission.2212520._title,完成150次Live
mst.mission.2212520._detail,完成150次Live。
mst.mission.2212521._title,完成200次Live
mst.mission.2212521._detail,完成200次Live。
mst.mission.2212522._title,完成250次Live
mst.mission.2212522._detail,完成250次Live。
mst.mission.2212523._title,完成300场Live
mst.mission.2212523._detail,完成300次Live。
mst.mission.2212524._title,完成350场Live
mst.mission.2212524._detail,完成350次Live。
mst.mission.2212525._title,完成400次Live
mst.mission.2212525._detail,完成400次Live。
mst.mission.2212526._title,完成450次Live
mst.mission.2212526._detail,完成450次Live。
mst.mission.2212527._title,完成500次Live
mst.mission.2212527._detail,完成500次Live。
mst.mission.2212528._title,完成活动歌曲的完美演奏
mst.mission.2212528._detail,完成活动歌曲的完美演奏
mst.mission.2212529._title,达成歌曲《开始是你的天空》的NORMAL难度或更高，获得50000分。
mst.mission.2212529._detail,在歌曲《始まりは君の空》的NORMAL难度或更高难度下，达成50000分。
mst.mission.2212530._title,达成歌曲《始于你的天空》的HARD难度或更高，获得200000分。
mst.mission.2212530._detail,在歌曲《始まりは君の空》的HARD难度或更高难度下，达成200000分。
mst.mission.2212531._title,达成歌曲《始まりは君の空》的EXPERT难度或更高，获得300000分。
mst.mission.2212531._detail,在歌曲《始まりは君の空》的EXPERT难度或更高难度中，达成300000分。
mst.mission.2212532._title,登录游戏吧 ※不显示
mst.mission.2212532._detail,登录游戏吧 ※不显示
mst.mission.2212533._title,收集5000点活动积分
mst.mission.2212533._detail,收集5000点活动积分
mst.mission.2212534._title,收集12000点活动积分
mst.mission.2212534._detail,收集12000点活动积分 ※不显示
mst.mission.2212535._title,收集20000点活动积分 ※不显示
mst.mission.2212535._detail,收集20000点活动积分 ※不显示
mst.mission.2212536._title,收集30000点活动积分 ※隐藏
mst.mission.2212536._detail,收集30000点活动积分 ※不显示
mst.mission.2712601._title,收集100点活动积分
mst.mission.2712601._detail,收集100点活动积分
mst.mission.2712602._title,收集4000点活动积分
mst.mission.2712602._detail,收集4000点活动积分
mst.mission.2712603._title,收集8000点活动积分
mst.mission.2712603._detail,收集8000点活动积分
mst.mission.2612604._title,以NORMAL难度或更高完成Live的完全连击
mst.mission.2612604._detail,在难度NORMAL或更高时，达成Live的FULL COMBO。
mst.mission.2612605._title,在难度为NORMAL或更高的Live中，进行3次完全连击。
mst.mission.2612605._detail,在难度为NORMAL或更高的Live中，连续三次达成全连击。
mst.mission.2612606._title,在难度为NORMAL或更高的Live中，连续五次完美通关。
mst.mission.2612606._detail,在难度为NORMAL或更高的Live中，尝试5次完美连击。
mst.mission.2612607._title,在Live中以50000分以上的得分完成关卡
mst.mission.2612607._detail,在Live中以50000分以上的成绩通关。
mst.mission.2612608._title,在Live中以100000分以上的分数完成关卡
mst.mission.2612608._detail,在Live中获得100000分或更高分数并完成关卡。
mst.mission.2612609._title,在Live模式中，以150000以上的分数完成关卡。
mst.mission.2612609._detail,在Live中获得150000分或更高分数并完成关卡。
mst.mission.2612610._title,在随机选曲中选择的歌曲，进行3次游玩。
mst.mission.2612610._detail,在随机选曲中选择的歌曲，进行3次游玩。
mst.mission.2612611._title,在随机选曲中选择歌曲，并进行5次游玩。
mst.mission.2612611._detail,在随机选曲中选择歌曲，并游玩5次。
mst.mission.2612612._title,播放10次随机歌曲。
mst.mission.2612612._detail,在随机选曲中选择歌曲，并进行10次游玩。
mst.mission.3712701._title,收集10点活动积分
mst.mission.3712701._detail,收集10点活动积分
mst.mission.3712702._title,收集20点活动积分
mst.mission.3712702._detail,收集20点活动积分
mst.mission.3712703._title,收集100点活动积分
mst.mission.3712703._detail,收集100点活动积分
mst.mission.3712704._title,收集500点活动积分
mst.mission.3712704._detail,收集500点活动积分
mst.mission.3712705._title,收集1000点活动积分
mst.mission.3712705._detail,收集1000点活动积分
mst.mission.3712706._title,从星光挑战活动页面分享
mst.mission.3712706._detail,从“星之挑战活动”主页分享。
mst.mission.3612707._title,完成10场Live
mst.mission.3612707._detail,完成10次Live。
mst.mission.3612708._title,完成20场Live
mst.mission.3612708._detail,完成20次Live。
mst.mission.3612709._title,完成30次Live
mst.mission.3612709._detail,完成30次Live。
mst.mission.3612710._title,完成40次Live
mst.mission.3612710._detail,完成40次Live。
mst.mission.3612711._title,完成50次Live
mst.mission.3612711._detail,完成50次Live。
mst.mission.3612712._title,完成60次Live
mst.mission.3612712._detail,完成60次Live。
mst.mission.3612713._title,完成70次Live
mst.mission.3612713._detail,完成70次Live。
mst.mission.3612714._title,完成80场Live
mst.mission.3612714._detail,完成80次Live。
mst.mission.3612715._title,完成90场Live
mst.mission.3612715._detail,完成90次Live。
mst.mission.3612716._title,完成100次Live
mst.mission.3612716._detail,完成100次Live。
mst.mission.2712801._title,收集100点活动积分
mst.mission.2712801._detail,收集100点活动积分
mst.mission.2712802._title,收集4000点活动积分
mst.mission.2712802._detail,收集4000点活动积分
mst.mission.2712803._title,收集8000点活动积分
mst.mission.2712803._detail,收集8000点活动积分
mst.mission.2612804._title,以NORMAL难度或更高完成Live的完全连击
mst.mission.2612804._detail,在难度NORMAL或更高时，达成Live的FULL COMBO。
mst.mission.2612805._title,在难度为NORMAL或更高的Live中，进行3次完全连击。
mst.mission.2612805._detail,在难度为NORMAL或更高的Live中，连续三次达成全连击。
mst.mission.2612806._title,在难度为NORMAL或更高的Live中，连续五次完美通关。
mst.mission.2612806._detail,在难度为NORMAL或更高的Live中，尝试5次完美连击。
mst.mission.2612807._title,在Live中以50000分以上的得分完成关卡
mst.mission.2612807._detail,在Live中以50000分以上的成绩通关。
mst.mission.2612808._title,在Live中以100000分以上的分数完成关卡
mst.mission.2612808._detail,在Live中获得100000分或更高分数并完成关卡。
mst.mission.2612809._title,在Live模式中，以150000以上的分数完成关卡。
mst.mission.2612809._detail,在Live中获得150000分或更高分数并完成关卡。
mst.mission.2612810._title,在随机选曲中选择的歌曲，进行3次游玩。
mst.mission.2612810._detail,在随机选曲中选择的歌曲，进行3次游玩。
mst.mission.2612811._title,在随机选曲中选择歌曲，并进行5次游玩。
mst.mission.2612811._detail,在随机选曲中选择歌曲，并游玩5次。
mst.mission.2612812._title,播放10次随机歌曲。
mst.mission.2612812._detail,在随机选曲中选择歌曲，并进行10次游玩。
mst.mission.2312901._title,收集100点活动积分
mst.mission.2312901._detail,收集100点活动积分
mst.mission.2312902._title,收集200点活动积分
mst.mission.2312902._detail,收集200点活动积分
mst.mission.2312903._title,收集1000点活动积分
mst.mission.2312903._detail,收集1000点活动积分
mst.mission.2312904._title,收集5000点活动积分
mst.mission.2312904._detail,收集5000点活动积分
mst.mission.2312905._title,收集10000点活动积分
mst.mission.2312905._detail,收集10000点活动积分
mst.mission.2312906._title,完成《Love Live!》歌曲挑战
mst.mission.2312906._detail,完成《Love Live!》歌曲。
mst.mission.2312907._title,完成《Love Live!》歌曲三次挑战
mst.mission.2312907._detail,完成《Love Live!》歌曲挑战三次
mst.mission.2312908._title,完成《Love Live!》歌曲挑战5次
mst.mission.2312908._detail,完成《Love Live!》歌曲的挑战5次。
mst.mission.2212909._title,完成10场Live
mst.mission.2212909._detail,完成10次Live。
mst.mission.2212910._title,完成20场Live
mst.mission.2212910._detail,完成20次Live。
mst.mission.2212911._title,完成30次Live
mst.mission.2212911._detail,完成30次Live。
mst.mission.2212912._title,完成40次Live
mst.mission.2212912._detail,完成40次Live。
mst.mission.2212913._title,完成50次Live
mst.mission.2212913._detail,完成50次Live。
mst.mission.2212914._title,完成60次Live
mst.mission.2212914._detail,完成60次Live。
mst.mission.2212915._title,完成70次Live
mst.mission.2212915._detail,完成70次Live。
mst.mission.2212916._title,完成80场Live
mst.mission.2212916._detail,完成80次Live。
mst.mission.2212917._title,完成90场Live
mst.mission.2212917._detail,完成90次Live。
mst.mission.2212918._title,完成100次Live
mst.mission.2212918._detail,完成100次Live。
mst.mission.2212919._title,完成125次Live
mst.mission.2212919._detail,完成125次Live。
mst.mission.2212920._title,完成150次Live
mst.mission.2212920._detail,完成150次Live。
mst.mission.2212921._title,完成200次Live
mst.mission.2212921._detail,完成200次Live。
mst.mission.2212922._title,完成250次Live
mst.mission.2212922._detail,完成250次Live。
mst.mission.2212923._title,完成300场Live
mst.mission.2212923._detail,完成300次Live。
mst.mission.2212924._title,完成350场Live
mst.mission.2212924._detail,完成350次Live。
mst.mission.2212925._title,完成400次Live
mst.mission.2212925._detail,完成400次Live。
mst.mission.2212926._title,完成450次Live
mst.mission.2212926._detail,完成450次Live。
mst.mission.2212927._title,完成500次Live
mst.mission.2212927._detail,完成500次Live。
mst.mission.2212928._title,完成活动歌曲的完美演奏
mst.mission.2212928._detail,完成活动歌曲的完美演奏
mst.mission.2212929._title,以NORMAL难度或更高完成歌曲《baby maybe 恋のボタン》，目标得分50000。
mst.mission.2212929._detail,在歌曲《baby maybe 恋のボタン》的 NORMAL 难度或更高难度下，达成 50000 分。
mst.mission.2212930._title,在歌曲《baby maybe 恋のボタン》的HARD难度或更高难度下，达成200000分。
mst.mission.2212930._detail,达成歌曲《baby maybe 恋のボタン》的HARD难度或更高，获得200000分。
mst.mission.2212931._title,达成歌曲《baby maybe 恋のボタン》的EXPERT难度或更高，获得300000分。
mst.mission.2212931._detail,在歌曲《baby maybe 恋のボタン》的EXPERT难度或更高难度下，达成300000分。
mst.mission.2212932._title,登录游戏吧 ※不显示
mst.mission.2212932._detail,登录游戏吧 ※不显示
mst.mission.2212933._title,收集5000点活动积分
mst.mission.2212933._detail,收集5000点活动积分
mst.mission.2212934._title,收集12000点活动积分
mst.mission.2212934._detail,收集12000点活动积分 ※不显示
mst.mission.2212935._title,收集20000点活动积分 ※不显示
mst.mission.2212935._detail,收集20000点活动积分 ※不显示
mst.mission.2212936._title,收集30000点活动积分 ※隐藏
mst.mission.2212936._detail,收集30000点活动积分 ※不显示
mst.mission.2713001._title,收集100点活动积分
mst.mission.2713001._detail,收集100点活动积分
mst.mission.2713002._title,收集4000点活动积分
mst.mission.2713002._detail,收集4000点活动积分
mst.mission.2713003._title,收集8000点活动积分
mst.mission.2713003._detail,收集8000点活动积分
mst.mission.2613004._title,以NORMAL难度或更高完成Live的完全连击
mst.mission.2613004._detail,在难度NORMAL或更高时，达成Live的FULL COMBO。
mst.mission.2613005._title,在难度为NORMAL或更高的Live中，进行3次完全连击。
mst.mission.2613005._detail,在难度为NORMAL或更高的Live中，连续三次达成全连击。
mst.mission.2613006._title,在难度为NORMAL或更高的Live中，连续五次完美通关。
mst.mission.2613006._detail,在难度为NORMAL或更高的Live中，尝试5次完美连击。
mst.mission.2613007._title,在Live中以50000分以上的得分完成关卡
mst.mission.2613007._detail,在Live中以50000分以上的成绩通关。
mst.mission.2613008._title,在Live中以100000分以上的分数完成关卡
mst.mission.2613008._detail,在Live中获得100000分或更高分数并完成关卡。
mst.mission.2613009._title,在Live模式中，以150000以上的分数完成关卡。
mst.mission.2613009._detail,在Live中获得150000分或更高分数并完成关卡。
mst.mission.2613010._title,在随机选曲中选择的歌曲，进行3次游玩。
mst.mission.2613010._detail,在随机选曲中选择的歌曲，进行3次游玩。
mst.mission.2613011._title,在随机选曲中选择歌曲，并进行5次游玩。
mst.mission.2613011._detail,在随机选曲中选择歌曲，并游玩5次。
mst.mission.2613012._title,播放10次随机歌曲。
mst.mission.2613012._detail,在随机选曲中选择歌曲，并进行10次游玩。
mst.mission.2513101._title,收集800点活动积分
mst.mission.2513101._detail,收集800点活动积分。
mst.mission.2513102._title,收集1500点活动积分
mst.mission.2513102._detail,收集1500点活动积分
mst.mission.2513103._title,收集7500点活动积分
mst.mission.2513103._detail,收集活动积分达到7500点
mst.mission.2513104._title,收集15000点活动积分
mst.mission.2513104._detail,收集15000点活动积分
mst.mission.2513105._title,收集100点活动积分
mst.mission.2513105._detail,收集100点活动积分
mst.mission.2513106._title,收集150点活动积分
mst.mission.2513106._detail,收集150点活动积分。
mst.mission.2513107._title,收集2500点活动积分
mst.mission.2513107._detail,收集2500点活动积分
mst.mission.2413108._title,作为支援成员，完成7次合作Live。
mst.mission.2413108._detail,作为支援成员，完成7次合作Live。
mst.mission.2413109._title,作为支援成员，完成10次合作Live。
mst.mission.2413109._detail,作为支援成员，完成10次合作Live。
mst.mission.2413110._title,完成20次协力Live挑战
mst.mission.2413110._detail,作为支援成员，完成20次合作Live。
mst.mission.2413111._title,完成30次协力Live，作为支援成员
mst.mission.2413111._detail,作为支援成员，完成30次合作Live。
mst.mission.2413112._title,完成10场Live
mst.mission.2413112._detail,完成10次Live。
mst.mission.2413113._title,完成20场Live
mst.mission.2413113._detail,完成20次Live。
mst.mission.2413114._title,完成30次Live
mst.mission.2413114._detail,完成30次Live。
mst.mission.2413115._title,完成40次Live
mst.mission.2413115._detail,完成40次Live。
mst.mission.2413116._title,完成50次Live
mst.mission.2413116._detail,完成50次Live。
mst.mission.2413117._title,完成60次Live
mst.mission.2413117._detail,完成60次Live。
mst.mission.2413118._title,完成70次Live
mst.mission.2413118._detail,完成70次Live。
mst.mission.2413119._title,完成80场Live
mst.mission.2413119._detail,完成80次Live。
mst.mission.2413120._title,完成90场Live
mst.mission.2413120._detail,完成90次Live。
mst.mission.2413121._title,完成100次Live
mst.mission.2413121._detail,完成100次Live。
mst.mission.2413122._title,合作Live中获得5次前三名
mst.mission.2413122._detail,在合作Live中获得5次前三名。
mst.mission.2413123._title,合作Live中获得3次前两名
mst.mission.2413123._detail,在合作Live中获得3次前两名。
mst.mission.2413124._title,在合作Live中获得一次第一名。
mst.mission.2413124._detail,在合作Live中获得一次或多次第一名。
mst.mission.2413125._title,完成至少4人匹配的合作Live挑战
mst.mission.2413125._detail,完成至少4人匹配的合作Live。
mst.mission.2413126._title,完成合作Live三次
mst.mission.2413126._detail,完成三次多人合作Live挑战。
mst.mission.2413127._title,完成5次多人合作Live挑战
mst.mission.2413127._detail,完成5次多人合作Live。
mst.mission.2413128._title,完成10次多人Live挑战
mst.mission.2413128._detail,完成10次，匹配人数至少为4人的合作Live。
mst.mission.2413129._title,完成20次多人Live挑战
mst.mission.2413129._detail,完成20次多人合作Live。
mst.mission.2413130._title,完成30次多人合作Live
mst.mission.2413130._detail,完成30次多人合作Live。
mst.mission.2713201._title,收集100点活动积分
mst.mission.2713201._detail,收集100点活动积分
mst.mission.2713202._title,收集4000点活动积分
mst.mission.2713202._detail,收集4000点活动积分
mst.mission.2713203._title,收集8000点活动积分
mst.mission.2713203._detail,收集8000点活动积分
mst.mission.2613204._title,以NORMAL难度或更高完成Live的完全连击
mst.mission.2613204._detail,在难度NORMAL或更高时，达成Live的FULL COMBO。
mst.mission.2613205._title,在难度为NORMAL或更高的Live中，进行3次完全连击。
mst.mission.2613205._detail,在难度为NORMAL或更高的Live中，连续三次达成全连击。
mst.mission.2613206._title,在难度为NORMAL或更高的Live中，连续五次完美通关。
mst.mission.2613206._detail,在难度为NORMAL或更高的Live中，尝试5次完美连击。
mst.mission.2613207._title,在Live中以50000分以上的得分完成关卡
mst.mission.2613207._detail,在Live中以50000分以上的成绩通关。
mst.mission.2613208._title,在Live中以100000分以上的分数完成关卡
mst.mission.2613208._detail,在Live中获得100000分或更高分数并完成关卡。
mst.mission.2613209._title,在Live模式中，以150000以上的分数完成关卡。
mst.mission.2613209._detail,在Live中获得150000分或更高分数并完成关卡。
mst.mission.2613210._title,在随机选曲中选择的歌曲，进行3次游玩。
mst.mission.2613210._detail,在随机选曲中选择的歌曲，进行3次游玩。
mst.mission.2613211._title,在随机选曲中选择歌曲，并进行5次游玩。
mst.mission.2613211._detail,在随机选曲中选择歌曲，并游玩5次。
mst.mission.2613212._title,播放10次随机歌曲。
mst.mission.2613212._detail,在随机选曲中选择歌曲，并进行10次游玩。
mst.mission.2313301._title,收集100点活动积分
mst.mission.2313301._detail,收集100点活动积分
mst.mission.2313302._title,收集200点活动积分
mst.mission.2313302._detail,收集200点活动积分
mst.mission.2313303._title,收集1000点活动积分
mst.mission.2313303._detail,收集1000点活动积分
mst.mission.2313304._title,收集5000点活动积分
mst.mission.2313304._detail,收集5000点活动积分
mst.mission.2313305._title,收集10000点活动积分
mst.mission.2313305._detail,收集10000点活动积分
mst.mission.2313306._title,完成《Love Live! Sunshine!!》歌曲挑战
mst.mission.2313306._detail,完成《Love Live! Sunshine!!》歌曲挑战
mst.mission.2313307._title,《Love Live! Sunshine!!》歌曲三次通关
mst.mission.2313307._detail,完成《Love Live! Sunshine!!》歌曲的挑战三次。
mst.mission.2313308._title,完成《Love Live! Sunshine!!》歌曲5次挑战
mst.mission.2313308._detail,完成《Love Live! Sunshine!!》歌曲的5次挑战。
mst.mission.2213309._title,完成10场Live
mst.mission.2213309._detail,完成10次Live。
mst.mission.2213310._title,完成20场Live
mst.mission.2213310._detail,完成20次Live。
mst.mission.2213311._title,完成30次Live
mst.mission.2213311._detail,完成30次Live。
mst.mission.2213312._title,完成40次Live
mst.mission.2213312._detail,完成40次Live。
mst.mission.2213313._title,完成50次Live
mst.mission.2213313._detail,完成50次Live。
mst.mission.2213314._title,完成60次Live
mst.mission.2213314._detail,完成60次Live。
mst.mission.2213315._title,完成70次Live
mst.mission.2213315._detail,完成70次Live。
mst.mission.2213316._title,完成80场Live
mst.mission.2213316._detail,完成80次Live。
mst.mission.2213317._title,完成90场Live
mst.mission.2213317._detail,完成90次Live。
mst.mission.2213318._title,完成100次Live
mst.mission.2213318._detail,完成100次Live。
mst.mission.2213319._title,完成125次Live
mst.mission.2213319._detail,完成125次Live。
mst.mission.2213320._title,完成150次Live
mst.mission.2213320._detail,完成150次Live。
mst.mission.2213321._title,完成200次Live
mst.mission.2213321._detail,完成200次Live。
mst.mission.2213322._title,完成250次Live
mst.mission.2213322._detail,完成250次Live。
mst.mission.2213323._title,完成300场Live
mst.mission.2213323._detail,完成300次Live。
mst.mission.2213324._title,完成350场Live
mst.mission.2213324._detail,完成350次Live。
mst.mission.2213325._title,完成400次Live
mst.mission.2213325._detail,完成400次Live。
mst.mission.2213326._title,完成450次Live
mst.mission.2213326._detail,完成450次Live。
mst.mission.2213327._title,完成500次Live
mst.mission.2213327._detail,完成500次Live。
mst.mission.2213328._title,完成活动歌曲的完美演奏
mst.mission.2213328._detail,完成活动歌曲的完美演奏
mst.mission.2213329._title,达成歌曲《青空Jumping Heart》的NORMAL难度或更高，获得50000分。
mst.mission.2213329._detail,在歌曲《青空Jumping Heart》的NORMAL难度或更高难度下，达成50000分。
mst.mission.2213330._title,达成歌曲《青空Jumping Heart》的HARD难度或更高，获得200000分。
mst.mission.2213330._detail,达成歌曲《青空Jumping Heart》的HARD难度或更高，获得200000分。
mst.mission.2213331._title,达成歌曲《青空Jumping Heart》的EXPERT难度或更高，获得300000分。
mst.mission.2213331._detail,在歌曲《青空Jumping Heart》中，以EXPERT难度或更高难度达成300000分。
mst.mission.2213332._title,登录游戏吧 ※不显示
mst.mission.2213332._detail,登录游戏吧 ※不显示
mst.mission.2213333._title,收集5000点活动积分
mst.mission.2213333._detail,收集5000点活动积分
mst.mission.2213334._title,收集12000点活动积分
mst.mission.2213334._detail,收集12000点活动积分 ※不显示
mst.mission.2213335._title,收集20000点活动积分 ※不显示
mst.mission.2213335._detail,收集20000点活动积分 ※不显示
mst.mission.2213336._title,收集30000点活动积分 ※隐藏
mst.mission.2213336._detail,收集30000点活动积分 ※不显示
mst.mission.2713401._title,收集100点活动积分
mst.mission.2713401._detail,收集100点活动积分
mst.mission.2713402._title,收集4000点活动积分
mst.mission.2713402._detail,收集4000点活动积分
mst.mission.2713403._title,收集8000点活动积分
mst.mission.2713403._detail,收集8000点活动积分
mst.mission.2613404._title,以NORMAL难度或更高完成Live的完全连击
mst.mission.2613404._detail,在难度NORMAL或更高时，达成Live的FULL COMBO。
mst.mission.2613405._title,在难度为NORMAL或更高的Live中，进行3次完全连击。
mst.mission.2613405._detail,在难度为NORMAL或更高的Live中，连续三次达成全连击。
mst.mission.2613406._title,在难度为NORMAL或更高的Live中，连续五次完美通关。
mst.mission.2613406._detail,在难度为NORMAL或更高的Live中，尝试5次完美连击。
mst.mission.2613407._title,在Live中以50000分以上的得分完成关卡
mst.mission.2613407._detail,在Live中以50000分以上的成绩通关。
mst.mission.2613408._title,在Live中以100000分以上的分数完成关卡
mst.mission.2613408._detail,在Live中获得100000分或更高分数并完成关卡。
mst.mission.2613409._title,在Live模式中，以150000以上的分数完成关卡。
mst.mission.2613409._detail,在Live中获得150000分或更高分数并完成关卡。
mst.mission.2613410._title,在随机选曲中选择的歌曲，进行3次游玩。
mst.mission.2613410._detail,在随机选曲中选择的歌曲，进行3次游玩。
mst.mission.2613411._title,在随机选曲中选择歌曲，并进行5次游玩。
mst.mission.2613411._detail,在随机选曲中选择歌曲，并游玩5次。
mst.mission.2613412._title,播放10次随机歌曲。
mst.mission.2613412._detail,在随机选曲中选择歌曲，并进行10次游玩。
mst.mission.3713501._title,收集10点活动积分
mst.mission.3713501._detail,收集10点活动积分
mst.mission.3713502._title,收集20点活动积分
mst.mission.3713502._detail,收集20点活动积分
mst.mission.3713503._title,收集100点活动积分
mst.mission.3713503._detail,收集100点活动积分
mst.mission.3713504._title,收集500点活动积分
mst.mission.3713504._detail,收集500点活动积分
mst.mission.3713505._title,收集1000点活动积分
mst.mission.3713505._detail,收集1000点活动积分
mst.mission.3713506._title,完成Live
mst.mission.3713506._detail,完成Live挑战
mst.mission.3713507._title,完成3场Live
mst.mission.3713507._detail,完成3次Live挑战
mst.mission.3713508._title,完成 Live 5 次
mst.mission.3713508._detail,完成5次Live挑战。
mst.mission.3713509._title,完成10场Live
mst.mission.3713509._detail,完成10次Live。
mst.mission.3713510._title,从星光挑战活动页面分享
mst.mission.3713510._detail,从“星之挑战活动”主页分享。
mst.mission.3613511._title,完成10场Live
mst.mission.3613511._detail,完成10次Live。
mst.mission.3613512._title,完成20场Live
mst.mission.3613512._detail,完成20次Live。
mst.mission.3613513._title,完成30次Live
mst.mission.3613513._detail,完成30次Live。
mst.mission.3613514._title,完成40次Live
mst.mission.3613514._detail,完成40次Live。
mst.mission.3613515._title,完成50次Live
mst.mission.3613515._detail,完成50次Live。
mst.mission.3613516._title,完成60次Live
mst.mission.3613516._detail,完成60次Live。
mst.mission.3613517._title,完成70次Live
mst.mission.3613517._detail,完成70次Live。
mst.mission.3613518._title,完成80场Live
mst.mission.3613518._detail,完成80次Live。
mst.mission.3613519._title,完成90场Live
mst.mission.3613519._detail,完成90次Live。
mst.mission.3613520._title,完成100次Live
mst.mission.3613520._detail,完成100次Live。
mst.mission.2713601._title,收集100点活动积分
mst.mission.2713601._detail,收集100点活动积分
mst.mission.2713602._title,收集4000点活动积分
mst.mission.2713602._detail,收集4000点活动积分
mst.mission.2713603._title,收集8000点活动积分
mst.mission.2713603._detail,收集8000点活动积分
mst.mission.2613604._title,以NORMAL难度或更高完成Live的完全连击
mst.mission.2613604._detail,在难度NORMAL或更高时，达成Live的FULL COMBO。
mst.mission.2613605._title,在难度为NORMAL或更高的Live中，进行3次完全连击。
mst.mission.2613605._detail,在难度为NORMAL或更高的Live中，连续三次达成全连击。
mst.mission.2613606._title,在难度为NORMAL或更高的Live中，连续五次完美通关。
mst.mission.2613606._detail,在难度为NORMAL或更高的Live中，尝试5次完美连击。
mst.mission.2613607._title,在Live中以50000分以上的得分完成关卡
mst.mission.2613607._detail,在Live中以50000分以上的成绩通关。
mst.mission.2613608._title,在Live中以100000分以上的分数完成关卡
mst.mission.2613608._detail,在Live中获得100000分或更高分数并完成关卡。
mst.mission.2613609._title,在Live模式中，以150000以上的分数完成关卡。
mst.mission.2613609._detail,在Live中获得150000分或更高分数并完成关卡。
mst.mission.2613610._title,在随机选曲中选择的歌曲，进行3次游玩。
mst.mission.2613610._detail,在随机选曲中选择的歌曲，进行3次游玩。
mst.mission.2613611._title,在随机选曲中选择歌曲，并进行5次游玩。
mst.mission.2613611._detail,在随机选曲中选择歌曲，并游玩5次。
mst.mission.2613612._title,播放10次随机歌曲。
mst.mission.2613612._detail,在随机选曲中选择歌曲，并进行10次游玩。
mst.mission.2313701._title,收集100点活动积分
mst.mission.2313701._detail,收集100点活动积分
mst.mission.2313702._title,收集200点活动积分
mst.mission.2313702._detail,收集200点活动积分
mst.mission.2313703._title,收集1000点活动积分
mst.mission.2313703._detail,收集1000点活动积分
mst.mission.2313704._title,收集5000点活动积分
mst.mission.2313704._detail,收集5000点活动积分
mst.mission.2313705._title,收集10000点活动积分
mst.mission.2313705._detail,收集10000点活动积分
mst.mission.2313706._title,完成《Love Live! 虹之咲学园校园偶像俱乐部》歌曲挑战
mst.mission.2313706._detail,完成《Love Live! 虹之咲学园校园偶像俱乐部》的歌曲。
mst.mission.2313707._title,完成《Love Live! 虹之咲学园校园偶像俱乐部》歌曲三次
mst.mission.2313707._detail,完成《Love Live! 虹之咲学园校园偶像俱乐部》歌曲三次。
mst.mission.2313708._title,完成《Love Live! 虹之咲学园校园偶像俱乐部》歌曲5次挑战
mst.mission.2313708._detail,完成《Love Live! 虹之咲学园校园偶像俱乐部》的歌曲5次。
mst.mission.2213709._title,完成10场Live
mst.mission.2213709._detail,完成10次Live。
mst.mission.2213710._title,完成20场Live
mst.mission.2213710._detail,完成20次Live。
mst.mission.2213711._title,完成30次Live
mst.mission.2213711._detail,完成30次Live。
mst.mission.2213712._title,完成40次Live
mst.mission.2213712._detail,完成40次Live。
mst.mission.2213713._title,完成50次Live
mst.mission.2213713._detail,完成50次Live。
mst.mission.2213714._title,完成60次Live
mst.mission.2213714._detail,完成60次Live。
mst.mission.2213715._title,完成70次Live
mst.mission.2213715._detail,完成70次Live。
mst.mission.2213716._title,完成80场Live
mst.mission.2213716._detail,完成80次Live。
mst.mission.2213717._title,完成90场Live
mst.mission.2213717._detail,完成90次Live。
mst.mission.2213718._title,完成100次Live
mst.mission.2213718._detail,完成100次Live。
mst.mission.2213719._title,完成125次Live
mst.mission.2213719._detail,完成125次Live。
mst.mission.2213720._title,完成150次Live
mst.mission.2213720._detail,完成150次Live。
mst.mission.2213721._title,完成200次Live
mst.mission.2213721._detail,完成200次Live。
mst.mission.2213722._title,完成250次Live
mst.mission.2213722._detail,完成250次Live。
mst.mission.2213723._title,完成300场Live
mst.mission.2213723._detail,完成300次Live。
mst.mission.2213724._title,完成350场Live
mst.mission.2213724._detail,完成350次Live。
mst.mission.2213725._title,完成400次Live
mst.mission.2213725._detail,完成400次Live。
mst.mission.2213726._title,完成450次Live
mst.mission.2213726._detail,完成450次Live。
mst.mission.2213727._title,完成500次Live
mst.mission.2213727._detail,完成500次Live。
mst.mission.2213728._title,完成活动歌曲的完美演奏
mst.mission.2213728._detail,完成活动歌曲的完美演奏
mst.mission.2213729._title,达成歌曲《TOKIMEKI Runners》的NORMAL难度或更高，获得50000分。
mst.mission.2213729._detail,在歌曲《TOKIMEKI Runners》的 NORMAL 难度或更高难度下，达成 50000 分。
mst.mission.2213730._title,达成歌曲《TOKIMEKI Runners》的HARD难度或更高，获得200000分。
mst.mission.2213730._detail,在歌曲《TOKIMEKI Runners》中，以HARD难度或更高难度达成200000分。
mst.mission.2213731._title,达成歌曲《TOKIMEKI Runners》的EXPERT难度或更高，获得300000分。
mst.mission.2213731._detail,在歌曲《TOKIMEKI Runners》中，以EXPERT难度或更高难度达成300000分。
mst.mission.2213732._title,登录游戏吧 ※不显示
mst.mission.2213732._detail,登录游戏吧 ※不显示
mst.mission.2213733._title,收集5000点活动积分
mst.mission.2213733._detail,收集5000点活动积分
mst.mission.2213734._title,收集12000点活动积分
mst.mission.2213734._detail,收集12000点活动积分 ※不显示
mst.mission.2213735._title,收集20000点活动积分 ※不显示
mst.mission.2213735._detail,收集20000点活动积分 ※不显示
mst.mission.2213736._title,收集30000点活动积分 ※隐藏
mst.mission.2213736._detail,收集30000点活动积分 ※不显示
mst.mission.2713801._title,收集100点活动积分
mst.mission.2713801._detail,收集100点活动积分
mst.mission.2713802._title,收集4000点活动积分
mst.mission.2713802._detail,收集4000点活动积分
mst.mission.2713803._title,收集8000点活动积分
mst.mission.2713803._detail,收集8000点活动积分
mst.mission.2613804._title,以NORMAL难度或更高完成Live的完全连击
mst.mission.2613804._detail,在难度NORMAL或更高时，达成Live的FULL COMBO。
mst.mission.2613805._title,在难度为NORMAL或更高的Live中，进行3次完全连击。
mst.mission.2613805._detail,在难度为NORMAL或更高的Live中，连续三次达成全连击。
mst.mission.2613806._title,在难度为NORMAL或更高的Live中，连续五次完美通关。
mst.mission.2613806._detail,在难度为NORMAL或更高的Live中，尝试5次完美连击。
mst.mission.2613807._title,在Live中以50000分以上的得分完成关卡
mst.mission.2613807._detail,在Live中以50000分以上的成绩通关。
mst.mission.2613808._title,在Live中以100000分以上的分数完成关卡
mst.mission.2613808._detail,在Live中获得100000分或更高分数并完成关卡。
mst.mission.2613809._title,在Live模式中，以150000以上的分数完成关卡。
mst.mission.2613809._detail,在Live中获得150000分或更高分数并完成关卡。
mst.mission.2613810._title,在随机选曲中选择的歌曲，进行3次游玩。
mst.mission.2613810._detail,在随机选曲中选择的歌曲，进行3次游玩。
mst.mission.2613811._title,在随机选曲中选择歌曲，并进行5次游玩。
mst.mission.2613811._detail,在随机选曲中选择歌曲，并游玩5次。
mst.mission.2613812._title,播放10次随机歌曲。
mst.mission.2613812._detail,在随机选曲中选择歌曲，并进行10次游玩。
mst.mission.3713901._title,收集10点活动积分
mst.mission.3713901._detail,收集10点活动积分
mst.mission.3713902._title,收集20点活动积分
mst.mission.3713902._detail,收集20点活动积分
mst.mission.3713903._title,收集100点活动积分
mst.mission.3713903._detail,收集100点活动积分
mst.mission.3713904._title,收集500点活动积分
mst.mission.3713904._detail,收集500点活动积分
mst.mission.3713905._title,收集1000点活动积分
mst.mission.3713905._detail,收集1000点活动积分
mst.mission.3713906._title,完成Live
mst.mission.3713906._detail,完成Live挑战
mst.mission.3713907._title,完成3场Live
mst.mission.3713907._detail,完成3次Live挑战
mst.mission.3713908._title,完成 Live 5 次
mst.mission.3713908._detail,完成5次Live挑战。
mst.mission.3713909._title,完成10场Live
mst.mission.3713909._detail,完成10次Live。
mst.mission.3713910._title,从星光挑战活动页面分享
mst.mission.3713910._detail,从“星之挑战活动”主页分享。
mst.mission.3613911._title,完成10场Live
mst.mission.3613911._detail,完成10次Live。
mst.mission.3613912._title,完成20场Live
mst.mission.3613912._detail,完成20次Live。
mst.mission.3613913._title,完成30次Live
mst.mission.3613913._detail,完成30次Live。
mst.mission.3613914._title,完成40次Live
mst.mission.3613914._detail,完成40次Live。
mst.mission.3613915._title,完成50次Live
mst.mission.3613915._detail,完成50次Live。
mst.mission.3613916._title,完成60次Live
mst.mission.3613916._detail,完成60次Live。
mst.mission.3613917._title,完成70次Live
mst.mission.3613917._detail,完成70次Live。
mst.mission.3613918._title,完成80场Live
mst.mission.3613918._detail,完成80次Live。
mst.mission.3613919._title,完成90场Live
mst.mission.3613919._detail,完成90次Live。
mst.mission.3613920._title,完成100次Live
mst.mission.3613920._detail,完成100次Live。
mst.mission.2714001._title,收集100点活动积分
mst.mission.2714001._detail,收集100点活动积分
mst.mission.2714002._title,收集4000点活动积分
mst.mission.2714002._detail,收集4000点活动积分
mst.mission.2714003._title,收集8000点活动积分
mst.mission.2714003._detail,收集8000点活动积分
mst.mission.2614004._title,以NORMAL难度或更高完成Live的完全连击
mst.mission.2614004._detail,在难度NORMAL或更高时，达成Live的FULL COMBO。
mst.mission.2614005._title,在难度为NORMAL或更高的Live中，进行3次完全连击。
mst.mission.2614005._detail,在难度为NORMAL或更高的Live中，连续三次达成全连击。
mst.mission.2614006._title,在难度为NORMAL或更高的Live中，连续五次完美通关。
mst.mission.2614006._detail,在难度为NORMAL或更高的Live中，尝试5次完美连击。
mst.mission.2614007._title,在Live中以50000分以上的得分完成关卡
mst.mission.2614007._detail,在Live中以50000分以上的成绩通关。
mst.mission.2614008._title,在Live中以100000分以上的分数完成关卡
mst.mission.2614008._detail,在Live中获得100000分或更高分数并完成关卡。
mst.mission.2614009._title,在Live模式中，以150000以上的分数完成关卡。
mst.mission.2614009._detail,在Live中获得150000分或更高分数并完成关卡。
mst.mission.2614010._title,在随机选曲中选择的歌曲，进行3次游玩。
mst.mission.2614010._detail,在随机选曲中选择的歌曲，进行3次游玩。
mst.mission.2614011._title,在随机选曲中选择歌曲，并进行5次游玩。
mst.mission.2614011._detail,在随机选曲中选择歌曲，并游玩5次。
mst.mission.2614012._title,播放10次随机歌曲。
mst.mission.2614012._detail,在随机选曲中选择歌曲，并进行10次游玩。
mst.mission.2314101._title,收集100点活动积分
mst.mission.2314101._detail,收集100点活动积分
mst.mission.2314102._title,收集200点活动积分
mst.mission.2314102._detail,收集200点活动积分
mst.mission.2314103._title,收集1000点活动积分
mst.mission.2314103._detail,收集1000点活动积分
mst.mission.2314104._title,收集5000点活动积分
mst.mission.2314104._detail,收集5000点活动积分
mst.mission.2314105._title,收集10000点活动积分
mst.mission.2314105._detail,收集10000点活动积分
mst.mission.2314106._title,完成《Love Live! Superstar!!》歌曲挑战
mst.mission.2314106._detail,完成《Love Live! Superstar!!》歌曲。
mst.mission.2314107._title,完成《Love Live! Superstar!!》歌曲三次挑战
mst.mission.2314107._detail,完成《Love Live! Superstar!!》歌曲三次挑战。
mst.mission.2314108._title,完成《Love Live! Superstar!!》歌曲5次挑战
mst.mission.2314108._detail,完成《Love Live! Superstar!!》歌曲的5次挑战。
mst.mission.2214109._title,完成10场Live
mst.mission.2214109._detail,完成10次Live。
mst.mission.2214110._title,完成20场Live
mst.mission.2214110._detail,完成20次Live。
mst.mission.2214111._title,完成30次Live
mst.mission.2214111._detail,完成30次Live。
mst.mission.2214112._title,完成40次Live
mst.mission.2214112._detail,完成40次Live。
mst.mission.2214113._title,完成50次Live
mst.mission.2214113._detail,完成50次Live。
mst.mission.2214114._title,完成60次Live
mst.mission.2214114._detail,完成60次Live。
mst.mission.2214115._title,完成70次Live
mst.mission.2214115._detail,完成70次Live。
mst.mission.2214116._title,完成80场Live
mst.mission.2214116._detail,完成80次Live。
mst.mission.2214117._title,完成90场Live
mst.mission.2214117._detail,完成90次Live。
mst.mission.2214118._title,完成100次Live
mst.mission.2214118._detail,完成100次Live。
mst.mission.2214119._title,完成125次Live
mst.mission.2214119._detail,完成125次Live。
mst.mission.2214120._title,完成150次Live
mst.mission.2214120._detail,完成150次Live。
mst.mission.2214121._title,完成200次Live
mst.mission.2214121._detail,完成200次Live。
mst.mission.2214122._title,完成250次Live
mst.mission.2214122._detail,完成250次Live。
mst.mission.2214123._title,完成300场Live
mst.mission.2214123._detail,完成300次Live。
mst.mission.2214124._title,完成350场Live
mst.mission.2214124._detail,完成350次Live。
mst.mission.2214125._title,完成400次Live
mst.mission.2214125._detail,完成400次Live。
mst.mission.2214126._title,完成450次Live
mst.mission.2214126._detail,完成450次Live。
mst.mission.2214127._title,完成500次Live
mst.mission.2214127._detail,完成500次Live。
mst.mission.2214128._title,完成活动歌曲的完美演奏
mst.mission.2214128._detail,完成活动歌曲的完美演奏
mst.mission.2214129._title,达成歌曲《Nonfiction!!》的NORMAL难度或更高，获得50000分。
mst.mission.2214129._detail,在歌曲《Nonfiction!!》的NORMAL难度或更高难度下，达成50000分。
mst.mission.2214130._title,达成歌曲《Nonfiction!!》的HARD难度或更高，获得200000分。
mst.mission.2214130._detail,挑战歌曲《Nonfiction!!》的HARD难度或更高，目标得分达到200000。
mst.mission.2214131._title,达成歌曲《Nonfiction!!》的EXPERT难度或更高，获得300000分。
mst.mission.2214131._detail,在歌曲《Nonfiction!!》的EXPERT难度或更高难度下，达成300000分。
mst.mission.2214132._title,登录游戏吧 ※不显示
mst.mission.2214132._detail,登录游戏吧 ※不显示
mst.mission.2214133._title,收集5000点活动积分
mst.mission.2214133._detail,收集5000点活动积分
mst.mission.2214134._title,收集12000点活动积分
mst.mission.2214134._detail,收集12000点活动积分 ※不显示
mst.mission.2214135._title,收集20000点活动积分 ※不显示
mst.mission.2214135._detail,收集20000点活动积分 ※不显示
mst.mission.2214136._title,收集30000点活动积分 ※隐藏
mst.mission.2214136._detail,收集30000点活动积分 ※不显示
mst.mission.1653001._title,登录吧
mst.mission.1653001._detail,登录吧
mst.mission.1605001._title,完成Live
mst.mission.1605001._detail,完成Live挑战
mst.mission.1662001._title,试玩自动选曲中的歌曲
mst.mission.1662001._detail,播放自动选曲中选择的歌曲。
mst.mission.1663001._title,进行道具招募
mst.mission.1663001._detail,进行招募
mst.mission.1660001._title,编队中，使任意属性的成员总数值达到27500以上。
mst.mission.1660001._detail,在编队中，将“N”属性成员的总数值提高到27500以上。
mst.mission.1614001._title,提升偶像等级
mst.mission.1614001._detail,将偶像的等级提升到2级或以上。
mst.mission.1666001._title,设置Live选项
mst.mission.1666001._detail,设置Live选项
mst.mission.1658001._title,将任意一位偶像的好感度提升至10
mst.mission.1658001._detail,将好感度提升至10或以上
mst.mission.1661001._title,编辑主屏幕自定义设置
mst.mission.1661001._detail,编辑主屏幕自定义设置
mst.mission.1653002._title,连续登录两天
mst.mission.1653002._detail,连续登录两天
mst.mission.1605002._title,完成10场Live
mst.mission.1605002._detail,完成10次Live。
mst.mission.1665001._title,设置推荐列表
mst.mission.1665001._detail,设置推荐列表
mst.mission.1664001._title,提升偶像的技能等级
mst.mission.1664001._detail,将偶像的技能等级提升至“”或更高。
mst.mission.1658002._title,将任意一位偶像的好感度提升至20
mst.mission.1658002._detail,将好感度提升至20以上
mst.mission.1630001._title,编队中包含5名相同属性的成员
mst.mission.1630001._detail,创建包含5个或更多“—”类型成员的队伍。
mst.mission.1606001._title,将消耗LP设置为双倍
mst.mission.1606001._detail,将消耗的LP设置为两倍。
mst.mission.1614002._title,提升3名偶像等级至20级以上
mst.mission.1614002._detail,使3个偶像达到等级20以上
mst.mission.1663002._title,进行2次道具招募
mst.mission.1663002._detail,进行20次招募
mst.mission.1653003._title,连续登录3天
mst.mission.1653003._detail,连续登录3天
mst.mission.1605003._title,完成20场Live
mst.mission.1605003._detail,完成20次Live。
mst.mission.1660002._title,编队中，使任意属性的成员总数值达到29000以上。
mst.mission.1660002._detail,在编队中，将任意“N”属性成员的总数值提高到29000以上。
mst.mission.1617001._title,觉醒一个偶像
mst.mission.1617001._detail,让任意一位偶像觉醒。
mst.mission.1658003._title,提升任意偶像的好感度至30
mst.mission.1658003._detail,将好感度提升至30以上
mst.mission.1625001._title,准备账号关联。
mst.mission.1625001._detail,准备账号迁移。
mst.mission.1614003._title,提升5名偶像至等级30以上
mst.mission.1614003._detail,使用5个偶像，并将她们的等级提升到30级或以上
mst.mission.1664002._title,使3张卡提升至技能等级2或以上
mst.mission.1664002._detail,使3个偶像达到技能等级以上。
mst.mission.1626001._title,关注官方推特账号
mst.mission.1626001._detail,关注官方推特账号
mst.mission.2900001._title,完成 Live 5 次
mst.mission.2900001._detail,完成5次Live挑战。
mst.mission.2900002._title,完成10场Live
mst.mission.2900002._detail,完成10次Live。
mst.mission.2900003._title,完成15次Live
mst.mission.2900003._detail,完成15次Live。
mst.mission.2900004._title,完成20场Live
mst.mission.2900004._detail,完成20次Live。
mst.mission.2900005._title,完成25次Live
mst.mission.2900005._detail,完成25次Live。
mst.mission.2900006._title,完成30次Live
mst.mission.2900006._detail,完成30次Live。
mst.mission.2900007._title,完成35次Live
mst.mission.2900007._detail,完成35次Live。
mst.mission.2900008._title,完成40次Live
mst.mission.2900008._detail,完成40次Live。
mst.mission.2900009._title,完成45次Live
mst.mission.2900009._detail,完成45次Live。
mst.mission.2900010._title,完成50次Live
mst.mission.2900010._detail,完成50次Live。
mst.mission.2900011._title,完成55次Live
mst.mission.2900011._detail,完成55次Live。
mst.mission.2900012._title,完成60次Live
mst.mission.2900012._detail,完成60次Live。
mst.mission.2900013._title,完成65次Live
mst.mission.2900013._detail,完成65次Live。
mst.mission.2900014._title,完成70次Live
mst.mission.2900014._detail,完成70次Live。
mst.mission.2900015._title,完成75次Live
mst.mission.2900015._detail,完成75次Live。
mst.mission.2900016._title,完成80场Live
mst.mission.2900016._detail,完成80次Live。
mst.mission.2900017._title,完成 Live 85 次
mst.mission.2900017._detail,完成85次Live。
mst.mission.2900018._title,完成90场Live
mst.mission.2900018._detail,完成90次Live。
mst.mission.2900019._title,完成95次Live
mst.mission.2900019._detail,完成95次Live。
mst.mission.2900020._title,完成100次Live
mst.mission.2900020._detail,完成100次Live。
mst.mission.2900021._title,完成110次Live
mst.mission.2900021._detail,完成110次Live。
mst.mission.2900022._title,完成120次Live
mst.mission.2900022._detail,完成120次Live。
mst.mission.2900023._title,完成130次Live
mst.mission.2900023._detail,完成130次Live。
mst.mission.2900024._title,完成140次Live
mst.mission.2900024._detail,完成140次Live。
mst.mission.2900025._title,完成150次Live
mst.mission.2900025._detail,完成150次Live。
mst.mission.2900026._title,完成160次Live
mst.mission.2900026._detail,完成160次Live。
mst.mission.2900027._title,完成170次Live
mst.mission.2900027._detail,完成170次Live。
mst.mission.2900028._title,完成180次Live
mst.mission.2900028._detail,完成180次Live。
mst.mission.2900029._title,完成190次Live
mst.mission.2900029._detail,完成190次Live。
mst.mission.2900030._title,完成200次Live
mst.mission.2900030._detail,完成200次Live。
mst.mission.2900031._title,完成210场Live
mst.mission.2900031._detail,完成210次Live。
mst.mission.2900032._title,完成220次Live
mst.mission.2900032._detail,完成220次Live。
mst.mission.2900033._title,完成230次Live
mst.mission.2900033._detail,完成230次Live。
mst.mission.2900034._title,完成240次Live
mst.mission.2900034._detail,完成240次Live。
mst.mission.2900035._title,完成250次Live
mst.mission.2900035._detail,完成250次Live。
mst.mission.2900036._title,完成260次Live
mst.mission.2900036._detail,完成260次Live。
mst.mission.2900037._title,完成270场Live
mst.mission.2900037._detail,完成270次Live。
mst.mission.2900038._title,完成280场Live
mst.mission.2900038._detail,完成280次Live。
mst.mission.2900039._title,完成290次Live
mst.mission.2900039._detail,完成290次Live。
mst.mission.2900040._title,完成300场Live
mst.mission.2900040._detail,完成300次Live。
mst.mission.2900041._title,在难度为NORMAL或更高的Live中，连续五次完美通关。
mst.mission.2900041._detail,在难度为NORMAL或更高的Live中，尝试5次完美连击。
mst.mission.2900042._title,在NORMAL难度或更高难度下，进行10次Live全连击。
mst.mission.2900042._detail,在NORMAL难度或更高难度下，进行10次Live并达成全连击。
mst.mission.2900043._title,在NORMAL难度或更高难度下，进行15次Live全连击。
mst.mission.2900043._detail,在NORMAL难度或更高难度下，进行15次Live并达成全连击。
mst.mission.2900044._title,在NORMAL难度或更高难度下，进行20次Live全连击。
mst.mission.2900044._detail,在NORMAL难度或更高难度下，进行20次Live并达成全连击。
mst.mission.2900045._title,在NORMAL难度或更高难度下，进行25次Live并达成全连击。
mst.mission.2900045._detail,在NORMAL难度或更高难度下，进行25次Live并达成全连击。
mst.mission.2900046._title,在NORMAL难度或更高难度下，进行30次Live全连击。
mst.mission.2900046._detail,在难度为NORMAL或更高的级别中，进行30次Live并达成全连击。
mst.mission.2900047._title,完成《Love Live!》歌曲10次挑战
mst.mission.2900047._detail,完成《Love Live!》歌曲的挑战10次。
mst.mission.2900048._title,完成《Love Live!》歌曲20次
mst.mission.2900048._detail,完成《Love Live!》歌曲20次挑战
mst.mission.2900049._title,完成30首《Love Live!》歌曲
mst.mission.2900049._detail,尝试通关《Love Live!》歌曲30次
mst.mission.2900050._title,完成《Love Live!》歌曲40次挑战
mst.mission.2900050._detail,完成《Love Live!》歌曲40次挑战。
mst.mission.2900051._title,完成《Love Live!》歌曲50次挑战
mst.mission.2900051._detail,完成《Love Live!》歌曲50次。
mst.mission.2900052._title,完成《Love Live! Sunshine!!》歌曲10次挑战
mst.mission.2900052._detail,完成《Love Live! Sunshine!!》歌曲10次挑战。
mst.mission.2900053._title,《Love Live! Sunshine!!》歌曲挑战：完成20次
mst.mission.2900053._detail,完成《Love Live! Sunshine!!》歌曲20次。
mst.mission.2900054._title,完成30次《Love Live! Sunshine!!》歌曲挑战
mst.mission.2900054._detail,完成《Love Live! Sunshine!!》歌曲30次。
mst.mission.2900055._title,完成《Love Live! Sunshine!!》歌曲40次挑战
mst.mission.2900055._detail,完成《Love Live! Sunshine!!》歌曲40次。
mst.mission.2900056._title,完成《Love Live! Sunshine!!》歌曲50次挑战
mst.mission.2900056._detail,完成《Love Live! Sunshine!!》的歌曲50次。
mst.mission.2900057._title,完成《Love Live! 虹之咲学园校园偶像俱乐部》歌曲10次。
mst.mission.2900057._detail,完成《Love Live! 虹之咲学园校园偶像俱乐部》歌曲10次。
mst.mission.2900058._title,完成《Love Live! 虹之咲学园校园偶像俱乐部》歌曲20次通关
mst.mission.2900058._detail,完成《Love Live! 虹之咲学园校园偶像俱乐部》的歌曲20次。
mst.mission.2900059._title,尝试完成《Love Live!》虹之咲学园校园偶像社的歌曲30次通关。
mst.mission.2900059._detail,完成《Love Live! 虹之咲学园校园偶像俱乐部》的歌曲30次。
mst.mission.2900060._title,完成《Love Live! 虹之咲学园校园偶像俱乐部》歌曲40次通关
mst.mission.2900060._detail,尝试完成《Love Live! 虹之咲学园校园偶像俱乐部》的歌曲40次。
mst.mission.2900061._title,完成《Love Live! 虹之咲学园校园偶像俱乐部》歌曲50次通关
mst.mission.2900061._detail,完成《Love Live! 虹之咲学园校园偶像俱乐部》的歌曲50次。
mst.mission.2900062._title,完成《Love Live! Superstar!!》歌曲10次挑战
mst.mission.2900062._detail,完成《Love Live! Superstar!!》歌曲10次挑战。
mst.mission.2900063._title,完成《Love Live! Superstar!!》歌曲20次挑战
mst.mission.2900063._detail,完成《Love Live! Superstar!!》歌曲20次。
mst.mission.2900064._title,完成30首《Love Live! Superstar!!》歌曲
mst.mission.2900064._detail,完成《Love Live! Superstar!!》的歌曲30次。
mst.mission.2900065._title,完成《Love Live! Superstar!!》歌曲40次挑战
mst.mission.2900065._detail,完成《Love Live! Superstar!!》的歌曲40次。
mst.mission.2900066._title,完成《Love Live! Superstar!!》歌曲50次挑战
mst.mission.2900066._detail,完成《Love Live! Superstar!!》的歌曲50次。
mst.mission.2900067._title,完成《Love Live! 莲之空女学院学园偶像俱乐部》歌曲10次通关
mst.mission.2900067._detail,完成《Love Live! 莲之空女学院学园偶像俱乐部》的歌曲10次。
mst.mission.3000068._title,登录吧
mst.mission.3000068._detail,登录吧
mst.mission.3000069._title,完成 Live 5 次
mst.mission.3000069._detail,完成5次Live挑战。
mst.mission.3000070._title,登录吧
mst.mission.3000070._detail,登录吧
mst.mission.3000071._title,完成Live
mst.mission.3000071._detail,完成Live挑战
mst.mission.3000072._title,完成 Live 两次
mst.mission.3000072._detail,完成 Live 两次
mst.mission.3000073._title,完成3场Live
mst.mission.3000073._detail,完成3次Live挑战
mst.mission.3200074._title,登录吧
mst.mission.3200074._detail,登录吧
mst.mission.3200075._title,达成歌曲《Dancing stars on me!》的NORMAL难度或更高，获得50000分。
mst.mission.3200075._detail,在歌曲《Dancing stars on me!》的NORMAL难度或更高难度下，达成50000分。
mst.mission.3200076._title,达成歌曲《Aqours Pirates Desire》的NORMAL难度或更高，获得50000分。
mst.mission.3200076._detail,在歌曲《Aqours Pirates Desire》的NORMAL难度或更高难度下，达成50000分。
mst.mission.3200077._title,达成歌曲《Maze Town》的NORMAL难度或更高，获得50000分。
mst.mission.3200077._detail,在歌曲《Maze Town》的NORMAL难度或更高难度下，达成50000分。
mst.mission.3200078._title,达成歌曲《乌托邦魔法》的NORMAL难度或更高，获得50000分。
mst.mission.3200078._detail,达成歌曲《乌托邦魔法》的普通难度或更高难度的50000分目标。
mst.mission.3300079._title,完成 Live 5 次
mst.mission.3300079._detail,完成5次Live挑战。
mst.mission.3300080._title,完成10场Live
mst.mission.3300080._detail,完成10次Live。
mst.mission.3300081._title,完成15次Live
mst.mission.3300081._detail,完成15次Live。
mst.mission.3300082._title,完成20场Live
mst.mission.3300082._detail,完成20次Live。
mst.mission.3300083._title,完成25次Live
mst.mission.3300083._detail,完成25次Live。
mst.mission.3300084._title,完成30次Live
mst.mission.3300084._detail,完成30次Live。
mst.mission.3300085._title,试玩自动选曲中的歌曲
mst.mission.3300085._detail,播放自动选曲中选择的歌曲。
mst.mission.3300086._title,再播放一次随机歌曲。
mst.mission.3300086._detail,在自动选曲中选择的歌曲，播放两次。
mst.mission.3300087._title,在随机选曲中选择的歌曲，进行3次游玩。
mst.mission.3300087._detail,在随机选曲中选择的歌曲，进行3次游玩。
mst.mission.2800088._title,登录吧
mst.mission.2800088._detail,登录吧
mst.mission.2800089._title,完成3场Live
mst.mission.2800089._detail,完成3次Live挑战
mst.mission.2900090._title,完成10场Live
mst.mission.2900090._detail,完成10次Live。
mst.mission.3000091._title,登录吧
mst.mission.3000091._detail,登录吧
mst.mission.3000092._title,完成Live
mst.mission.3000092._detail,完成Live挑战
mst.mission.3000093._title,完成3场Live
mst.mission.3000093._detail,完成3次Live挑战
mst.mission.3100094._title,完成《Love Live!》歌曲10次挑战
mst.mission.3100094._detail,完成《Love Live!》歌曲的挑战10次。
mst.mission.3100095._title,完成《Love Live! Sunshine!!》歌曲10次挑战
mst.mission.3100095._detail,完成《Love Live! Sunshine!!》歌曲10次挑战。
mst.mission.3100096._title,完成《Love Live! 虹之咲学园校园偶像俱乐部》歌曲10次。
mst.mission.3100096._detail,完成《Love Live! 虹之咲学园校园偶像俱乐部》歌曲10次。
mst.mission.3100097._title,完成《Love Live! Superstar!!》歌曲10次挑战
mst.mission.3100097._detail,完成《Love Live! Superstar!!》歌曲10次挑战。
mst.mission.3100098._title,完成《Love Live!》歌曲20次
mst.mission.3100098._detail,完成《Love Live!》歌曲20次挑战
mst.mission.3100099._title,《Love Live! Sunshine!!》歌曲挑战：完成20次
mst.mission.3100099._detail,完成《Love Live! Sunshine!!》歌曲20次。
mst.mission.3100100._title,完成《Love Live! 虹之咲学园校园偶像俱乐部》歌曲20次通关
mst.mission.3100100._detail,完成《Love Live! 虹之咲学园校园偶像俱乐部》的歌曲20次。
mst.mission.3100101._title,完成《Love Live! Superstar!!》歌曲20次挑战
mst.mission.3100101._detail,完成《Love Live! Superstar!!》歌曲20次。
mst.mission.3100102._title,完成30首《Love Live!》歌曲
mst.mission.3100102._detail,尝试通关《Love Live!》歌曲30次
mst.mission.3100103._title,完成30次《Love Live! Sunshine!!》歌曲挑战
mst.mission.3100103._detail,完成《Love Live! Sunshine!!》歌曲30次。
mst.mission.3100104._title,尝试完成《Love Live!》虹之咲学园校园偶像社的歌曲30次通关。
mst.mission.3100104._detail,完成《Love Live! 虹之咲学园校园偶像俱乐部》的歌曲30次。
mst.mission.3100105._title,完成30首《Love Live! Superstar!!》歌曲
mst.mission.3100105._detail,完成《Love Live! Superstar!!》的歌曲30次。
mst.mission.3200106._title,登录吧
mst.mission.3200106._detail,登录吧
mst.mission.3200107._title,达成歌曲《秋之你的天空》的NORMAL难度或更高，获得50000分。
mst.mission.3200107._detail,在歌曲《秋之你的天空》的NORMAL难度或更高难度中，达成50000分。
mst.mission.3200108._title,达成歌曲《Aqours Pirates Desire》的NORMAL难度或更高，获得50000分。
mst.mission.3200108._detail,在歌曲《Aqours Pirates Desire》的NORMAL难度或更高难度下，达成50000分。
mst.mission.3200109._title,在歌曲《Beautiful Moonlight》的NORMAL难度或更高难度下，达成50000分。
mst.mission.3200109._detail,在歌曲《Beautiful Moonlight》的NORMAL难度或更高难度下，达成50000分。
mst.mission.3200110._title,"达成歌曲《Chance Day, Chance Way！》的NORMAL难度或更高，获得50000分。"
mst.mission.3200110._detail,"达成歌曲《Chance Day, Chance Way！》的NORMAL难度或更高，获得50000分。"
mst.mission.3300111._title,完成 Live 5 次
mst.mission.3300111._detail,完成5次Live挑战。
mst.mission.3300112._title,完成10场Live
mst.mission.3300112._detail,完成10次Live。
mst.mission.3300113._title,完成15次Live
mst.mission.3300113._detail,完成15次Live。
mst.mission.3300114._title,完成20场Live
mst.mission.3300114._detail,完成20次Live。
mst.mission.3300115._title,完成25次Live
mst.mission.3300115._detail,完成25次Live。
mst.mission.3300116._title,完成30次Live
mst.mission.3300116._detail,完成30次Live。
mst.mission.2800117._title,登录吧
mst.mission.2800117._detail,登录吧
mst.mission.2800118._title,完成3场Live
mst.mission.2800118._detail,完成3次Live挑战
mst.mission.2900119._title,完成10场Live
mst.mission.2900119._detail,完成10次Live。
mst.mission.3000120._title,登录吧
mst.mission.3000120._detail,登录吧
mst.mission.3000121._title,完成3场Live
mst.mission.3000121._detail,完成3次Live挑战
mst.mission.3100122._title,完成10场Live
mst.mission.3100122._detail,完成10次Live。
mst.mission.3300123._title,完成Live
mst.mission.3300123._detail,完成Live挑战
mst.mission.3300124._title,完成 Live 两次
mst.mission.3300124._detail,完成 Live 两次
mst.mission.3300125._title,完成3场Live
mst.mission.3300125._detail,完成3次Live挑战
mst.mission.3300126._title,完成 Live 4 次
mst.mission.3300126._detail,完成4次Live挑战
mst.mission.3300127._title,完成 Live 5 次
mst.mission.3300127._detail,完成5次Live挑战。
mst.mission.3300128._title,完成Live 6次
mst.mission.3300128._detail,完成6次Live挑战
mst.mission.3300129._title,完成8场Live
mst.mission.3300129._detail,完成8次Live挑战
mst.mission.3300130._title,完成10场Live
mst.mission.3300130._detail,完成10次Live。
mst.mission.3300131._title,完成12次Live
mst.mission.3300131._detail,完成12次Live。
mst.mission.3300132._title,完成15次Live
mst.mission.3300132._detail,完成15次Live。
mst.mission.3300133._title,完成18场Live
mst.mission.3300133._detail,完成18次Live。
mst.mission.3300134._title,完成21次Live
mst.mission.3300134._detail,完成21次Live。
mst.mission.3300135._title,完成24场Live
mst.mission.3300135._detail,完成24次Live。
mst.mission.3300136._title,完成27次Live
mst.mission.3300136._detail,完成27次Live。
mst.mission.3300137._title,完成30次Live
mst.mission.3300137._detail,完成30次Live。
mst.mission.3300138._title,完成33场Live
mst.mission.3300138._detail,完成33次Live。
mst.mission.3300139._title,完成36场Live
mst.mission.3300139._detail,完成36次Live。
mst.mission.3300140._title,完成40次Live
mst.mission.3300140._detail,完成40次Live。
mst.mission.3300141._title,完成45次Live
mst.mission.3300141._detail,完成45次Live。
mst.mission.3300142._title,完成50次Live
mst.mission.3300142._detail,完成50次Live。
mst.mission.3300143._title,完成55次Live
mst.mission.3300143._detail,完成55次Live。
mst.mission.3300144._title,完成60次Live
mst.mission.3300144._detail,完成60次Live。
mst.mission.3300145._title,完成65次Live
mst.mission.3300145._detail,完成65次Live。
mst.mission.3300146._title,完成70次Live
mst.mission.3300146._detail,完成70次Live。
mst.mission.3300147._title,完成75次Live
mst.mission.3300147._detail,完成75次Live。
mst.mission.3300148._title,完成80场Live
mst.mission.3300148._detail,完成80次Live。
mst.mission.3300149._title,完成 Live 85 次
mst.mission.3300149._detail,完成85次Live。
mst.mission.3300150._title,完成90场Live
mst.mission.3300150._detail,完成90次Live。
mst.mission.3300151._title,完成95次Live
mst.mission.3300151._detail,完成95次Live。
mst.mission.3300152._title,完成100次Live
mst.mission.3300152._detail,完成100次Live。
mst.mission.3300153._title,完成105次Live
mst.mission.3300153._detail,完成105次Live。
mst.mission.3300154._title,完成110次Live
mst.mission.3300154._detail,完成110次Live。
mst.mission.3300155._title,完成115次Live
mst.mission.3300155._detail,完成115次Live。
mst.mission.3300156._title,完成120次Live
mst.mission.3300156._detail,完成120次Live。
mst.mission.3300157._title,完成125次Live
mst.mission.3300157._detail,完成125次Live。
mst.mission.3300158._title,完成130次Live
mst.mission.3300158._detail,完成130次Live。
mst.mission.3300159._title,完成 次 Live
mst.mission.3300159._detail,完成135次Live。
mst.mission.3300160._title,完成140次Live
mst.mission.3300160._detail,完成140次Live。
mst.mission.3300161._title,完成145次Live
mst.mission.3300161._detail,完成145次Live。
mst.mission.3300162._title,完成150次Live
mst.mission.3300162._detail,完成150次Live。
mst.mission.3300163._title,以NORMAL难度或更高完成Live的完全连击
mst.mission.3300163._detail,在难度NORMAL或更高时，达成Live的FULL COMBO。
mst.mission.3300164._title,在难度为NORMAL或更高的Live中，进行3次完全连击。
mst.mission.3300164._detail,在难度为NORMAL或更高的Live中，连续三次达成全连击。
mst.mission.3300165._title,在NORMAL难度或更高难度下，进行6次Live全连击。
mst.mission.3300165._detail,在NORMAL难度或更高难度下，进行6次Live并达成全连击。
mst.mission.3300166._title,在NORMAL难度或更高难度下，进行9次Live全连击。
mst.mission.3300166._detail,在NORMAL难度或更高难度下，进行9次Live并达成全连击。
mst.mission.3300167._title,在NORMAL难度或更高难度下，进行12次Live全连击。
mst.mission.3300167._detail,在NORMAL难度或更高难度下，进行12次Live并达成全连击。
mst.mission.3300168._title,在NORMAL难度或更高难度下，进行15次Live全连击。
mst.mission.3300168._detail,在NORMAL难度或更高难度下，进行15次Live并达成全连击。
mst.mission.3300169._title,完成《Love Live!》歌曲挑战5次
mst.mission.3300169._detail,完成《Love Live!》歌曲的挑战5次。
mst.mission.3300170._title,完成《Love Live!》歌曲10次挑战
mst.mission.3300170._detail,完成《Love Live!》歌曲的挑战10次。
mst.mission.3300171._title,完成15首《Love Live!》歌曲
mst.mission.3300171._detail,完成《Love Live!》歌曲15次挑战
mst.mission.3300172._title,完成《Love Live!》歌曲20次
mst.mission.3300172._detail,完成《Love Live!》歌曲20次挑战
mst.mission.3300173._title,完成30首《Love Live!》歌曲
mst.mission.3300173._detail,尝试通关《Love Live!》歌曲30次
mst.mission.3300174._title,完成《Love Live! Sunshine!!》歌曲5次挑战
mst.mission.3300174._detail,完成《Love Live! Sunshine!!》歌曲的5次挑战。
mst.mission.3300175._title,完成《Love Live! Sunshine!!》歌曲10次挑战
mst.mission.3300175._detail,完成《Love Live! Sunshine!!》歌曲10次挑战。
mst.mission.3300176._title,完成《Love Live! Sunshine!!》歌曲15次挑战
mst.mission.3300176._detail,完成《Love Live! Sunshine!!》歌曲15次。
mst.mission.3300177._title,《Love Live! Sunshine!!》歌曲挑战：完成20次
mst.mission.3300177._detail,完成《Love Live! Sunshine!!》歌曲20次。
mst.mission.3300178._title,完成30次《Love Live! Sunshine!!》歌曲挑战
mst.mission.3300178._detail,完成《Love Live! Sunshine!!》歌曲30次。
mst.mission.3300179._title,完成《Love Live! 虹之咲学园校园偶像俱乐部》歌曲5次挑战
mst.mission.3300179._detail,完成《Love Live! 虹之咲学园校园偶像俱乐部》的歌曲5次。
mst.mission.3300180._title,完成《Love Live! 虹之咲学园校园偶像俱乐部》歌曲10次。
mst.mission.3300180._detail,完成《Love Live! 虹之咲学园校园偶像俱乐部》歌曲10次。
mst.mission.3300181._title,完成次“Love Live! 虹ヶ咲学园偶像俱乐部”的歌曲。
mst.mission.3300181._detail,完成《Love Live! 虹之咲学园校园偶像俱乐部》的歌曲15次。
mst.mission.3300182._title,完成《Love Live! 虹之咲学园校园偶像俱乐部》歌曲20次通关
mst.mission.3300182._detail,完成《Love Live! 虹之咲学园校园偶像俱乐部》的歌曲20次。
mst.mission.3300183._title,尝试完成《Love Live!》虹之咲学园校园偶像社的歌曲30次通关。
mst.mission.3300183._detail,完成《Love Live! 虹之咲学园校园偶像俱乐部》的歌曲30次。
mst.mission.3300184._title,完成《Love Live! Superstar!!》歌曲5次挑战
mst.mission.3300184._detail,完成《Love Live! Superstar!!》歌曲的5次挑战。
mst.mission.3300185._title,完成《Love Live! Superstar!!》歌曲10次挑战
mst.mission.3300185._detail,完成《Love Live! Superstar!!》歌曲10次挑战。
mst.mission.3300186._title,完成15首《Love Live! Superstar!!》歌曲
mst.mission.3300186._detail,完成《Love Live! Superstar!!》歌曲15次。
mst.mission.3300187._title,完成《Love Live! Superstar!!》歌曲20次挑战
mst.mission.3300187._detail,完成《Love Live! Superstar!!》歌曲20次。
mst.mission.3300188._title,完成30首《Love Live! Superstar!!》歌曲
mst.mission.3300188._detail,完成《Love Live! Superstar!!》的歌曲30次。
mst.mission.3300189._title,完成《Love Live! 莲之空女学院学园偶像俱乐部》歌曲5次通关
mst.mission.3300189._detail,完成《Love Live! 莲之空女学院学园偶像俱乐部》的歌曲5次。
mst.mission.3300190._title,完成《Love Live! 莲之空女学院学园偶像俱乐部》歌曲10次通关
mst.mission.3300190._detail,完成《Love Live! 莲之空女学院学园偶像俱乐部》的歌曲10次。
mst.mission.3300191._title,完成15首《Love Live!莲之空女学院学园偶像俱乐部》的歌曲
mst.mission.3300191._detail,完成《Love Live! 莲之空女学院学园偶像俱乐部》的歌曲15次。
mst.mission.3300192._title,完成《Love Live!莲之空女学院学园偶像俱乐部》歌曲20次通关
mst.mission.3300192._detail,完成《Love Live!》莲之空女学院学园偶像俱乐部歌曲20次。
mst.mission.3300193._title,完成30首《Love Live!莲之空女学院学园偶像俱乐部》歌曲
mst.mission.3300193._detail,完成《Love Live! 莲之空女学院学园偶像俱乐部》的歌曲30次。
mst.mission.3300194._title,完成《幻日的若叶 -SUNSHINE in the MIRROR-》歌曲。
mst.mission.3300194._detail,完成《幻日的若叶 -SUNSHINE in the MIRROR-》的歌曲。
mst.mission.3300195._title,完成《幻日的若叶 -SUNSHINE in the MIRROR-》歌曲两次
mst.mission.3300195._detail,完成《幻日的若叶 -SUNSHINE in the MIRROR-》歌曲两次。
mst.mission.3300196._title,完成《幻日的若叶 -SUNSHINE in the MIRROR-》歌曲三次挑战
mst.mission.3300196._detail,完成《幻日的若叶 -SUNSHINE in the MIRROR-》歌曲三次通关。
mst.mission.3300197._title,完成《幻日的若叶 -SUNSHINE in the MIRROR-》歌曲4次通关
mst.mission.3300197._detail,完成《幻日的若叶 -SUNSHINE in the MIRROR-》歌曲的4次挑战。
mst.mission.3300198._title,完成《幻日的若叶 -SUNSHINE in the MIRROR-》歌曲5次通关
mst.mission.3300198._detail,完成《幻日的若叶 -SUNSHINE in the MIRROR-》歌曲的5次挑战。
mst.mission.3300199._title,完成《幻日的若叶 -SUNSHINE in the MIRROR-》歌曲6次通关
mst.mission.3300199._detail,完成《幻日的若叶 -SUNSHINE in the MIRROR-》歌曲的6次挑战。
mst.mission.3300200._title,完成《幻日的若叶 -SUNSHINE in the MIRROR-》歌曲的7次挑战
mst.mission.3300200._detail,完成《幻日的若叶 -SUNSHINE in the MIRROR-》的歌曲7次通关。
mst.mission.3300201._title,完成《幻日的若叶 -SUNSHINE in the MIRROR-》歌曲8次通关
mst.mission.3300201._detail,尝试通关《幻日的约哈内 -SUNSHINE in the MIRROR-》中的歌曲8次。
mst.mission.3300202._title,完成《幻日的若叶 -SUNSHINE in the MIRROR-》歌曲9次通关
mst.mission.3300202._detail,尝试通关《幻日的约哈内 -SUNSHINE in the MIRROR-》中的歌曲9次。
mst.mission.3300203._title,完成《幻日的若叶 -SUNSHINE in the MIRROR-》的歌曲10次通关
mst.mission.3300203._detail,完成《幻日的若叶 -SUNSHINE in the MIRROR-》的歌曲10次通关。
mst.mission.2800204._title,登录吧
mst.mission.2800204._detail,登录吧
mst.mission.2800205._title,完成Live
mst.mission.2800205._detail,完成Live挑战
mst.mission.2800206._title,完成3场Live
mst.mission.2800206._detail,完成3次Live挑战
mst.mission.2900207._title,进行“年末年初纪念！最多可免费招募240次”
mst.mission.2900207._detail,进行“年末年初纪念！最多可免费招募240次”活动。
mst.mission.2900208._title,完成 Live 5 次
mst.mission.2900208._detail,完成5次Live挑战。
mst.mission.2900209._title,完成10场Live
mst.mission.2900209._detail,完成10次Live。
mst.mission.2900210._title,完成15次Live
mst.mission.2900210._detail,完成15次Live。
mst.mission.2900211._title,完成20场Live
mst.mission.2900211._detail,完成20次Live。
mst.mission.2900212._title,完成25次Live
mst.mission.2900212._detail,完成25次Live。
mst.mission.2900213._title,完成30次Live
mst.mission.2900213._detail,完成30次Live。
mst.mission.2900214._title,试玩自动选曲中的歌曲
mst.mission.2900214._detail,播放自动选曲中选择的歌曲。
mst.mission.2900215._title,再播放一次随机歌曲。
mst.mission.2900215._detail,在自动选曲中选择的歌曲，播放两次。
mst.mission.2900216._title,在随机选曲中选择的歌曲，进行3次游玩。
mst.mission.2900216._detail,在随机选曲中选择的歌曲，进行3次游玩。
mst.mission.2900217._title,以NORMAL难度或更高难度游玩歌曲《New Year's March！(1~6月Ver.)》，并获得50000分。
mst.mission.2900217._detail,以NORMAL难度或更高难度游玩歌曲《New Year's March！(1~6月Ver.)》，并达到50000分。
mst.mission.2900218._title,在歌曲《New Year's March！(7~12月Ver.)》的NORMAL难度或更高难度下，达成50000分。
mst.mission.2900218._detail,在歌曲《New Year's March！(7~12月Ver.)》的NORMAL难度或更高难度下，达成50000分。
mst.mission.2900219._title,达成歌曲《New Year's March！(1~6月Ver.)》的NORMAL难度或更高，获得150000分。
mst.mission.2900219._detail,达成歌曲《New Year's March！(1~6月Ver.)》的NORMAL难度或更高，获得150000分。
mst.mission.2900220._title,达成歌曲《New Year's March！(7~12月Ver.)》的NORMAL难度或更高，获得150000分。
mst.mission.2900220._detail,在歌曲《New Year's March！(7~12月Ver.)》的NORMAL难度或更高难度中，达成150000分。
mst.mission.3100221._title,完成 Live 5 次
mst.mission.3100221._detail,完成5次Live挑战。
mst.mission.3100222._title,完成10场Live
mst.mission.3100222._detail,完成10次Live。
mst.mission.3100223._title,完成15次Live
mst.mission.3100223._detail,完成15次Live。
mst.mission.3100224._title,完成20场Live
mst.mission.3100224._detail,完成20次Live。
mst.mission.3100225._title,完成25次Live
mst.mission.3100225._detail,完成25次Live。
mst.mission.3100226._title,完成30次Live
mst.mission.3100226._detail,完成30次Live。
mst.mission.3100227._title,完成35次Live
mst.mission.3100227._detail,完成35次Live。
mst.mission.3100228._title,完成40次Live
mst.mission.3100228._detail,完成40次Live。
mst.mission.3100229._title,完成45次Live
mst.mission.3100229._detail,完成45次Live。
mst.mission.3100230._title,完成50次Live
mst.mission.3100230._detail,完成50次Live。
mst.mission.3100231._title,完成55次Live
mst.mission.3100231._detail,完成55次Live。
mst.mission.3100232._title,完成60次Live
mst.mission.3100232._detail,完成60次Live。
mst.mission.3100233._title,完成65次Live
mst.mission.3100233._detail,完成65次Live。
mst.mission.3100234._title,完成70次Live
mst.mission.3100234._detail,完成70次Live。
mst.mission.3100235._title,完成75次Live
mst.mission.3100235._detail,完成75次Live。
mst.mission.3100236._title,完成80场Live
mst.mission.3100236._detail,完成80次Live。
mst.mission.3100237._title,完成 Live 85 次
mst.mission.3100237._detail,完成85次Live。
mst.mission.3100238._title,完成90场Live
mst.mission.3100238._detail,完成90次Live。
mst.mission.3100239._title,完成95次Live
mst.mission.3100239._detail,完成95次Live。
mst.mission.3100240._title,完成100次Live
mst.mission.3100240._detail,完成100次Live。
mst.mission.3100241._title,完成110次Live
mst.mission.3100241._detail,完成110次Live。
mst.mission.3100242._title,完成120次Live
mst.mission.3100242._detail,完成120次Live。
mst.mission.3100243._title,完成130次Live
mst.mission.3100243._detail,完成130次Live。
mst.mission.3100244._title,完成140次Live
mst.mission.3100244._detail,完成140次Live。
mst.mission.3100245._title,完成150次Live
mst.mission.3100245._detail,完成150次Live。
mst.mission.3100246._title,完成160次Live
mst.mission.3100246._detail,完成160次Live。
mst.mission.3100247._title,完成170次Live
mst.mission.3100247._detail,完成170次Live。
mst.mission.3100248._title,完成180次Live
mst.mission.3100248._detail,完成180次Live。
mst.mission.3100249._title,完成190次Live
mst.mission.3100249._detail,完成190次Live。
mst.mission.3100250._title,完成200次Live
mst.mission.3100250._detail,完成200次Live。
mst.mission.3100251._title,完成210场Live
mst.mission.3100251._detail,完成210次Live。
mst.mission.3100252._title,完成220次Live
mst.mission.3100252._detail,完成220次Live。
mst.mission.3100253._title,完成230次Live
mst.mission.3100253._detail,完成230次Live。
mst.mission.3100254._title,完成240次Live
mst.mission.3100254._detail,完成240次Live。
mst.mission.3100255._title,完成250次Live
mst.mission.3100255._detail,完成250次Live。
mst.mission.3100256._title,完成260次Live
mst.mission.3100256._detail,完成260次Live。
mst.mission.3100257._title,完成270场Live
mst.mission.3100257._detail,完成270次Live。
mst.mission.3100258._title,完成280场Live
mst.mission.3100258._detail,完成280次Live。
mst.mission.3100259._title,完成290次Live
mst.mission.3100259._detail,完成290次Live。
mst.mission.3100260._title,完成300场Live
mst.mission.3100260._detail,完成300次Live。
mst.mission.3100261._title,在难度为NORMAL或更高的Live中，连续五次完美通关。
mst.mission.3100261._detail,在难度为NORMAL或更高的Live中，尝试5次完美连击。
mst.mission.3100262._title,在NORMAL难度或更高难度下，进行10次Live全连击。
mst.mission.3100262._detail,在NORMAL难度或更高难度下，进行10次Live并达成全连击。
mst.mission.3100263._title,在NORMAL难度或更高难度下，进行15次Live全连击。
mst.mission.3100263._detail,在NORMAL难度或更高难度下，进行15次Live并达成全连击。
mst.mission.3100264._title,在NORMAL难度或更高难度下，进行20次Live全连击。
mst.mission.3100264._detail,在NORMAL难度或更高难度下，进行20次Live并达成全连击。
mst.mission.3100265._title,在NORMAL难度或更高难度下，进行25次Live并达成全连击。
mst.mission.3100265._detail,在NORMAL难度或更高难度下，进行25次Live并达成全连击。
mst.mission.3100266._title,在NORMAL难度或更高难度下，进行30次Live全连击。
mst.mission.3100266._detail,在难度为NORMAL或更高的级别中，进行30次Live并达成全连击。
mst.mission.3100267._title,完成《Love Live!》歌曲挑战5次
mst.mission.3100267._detail,完成《Love Live!》歌曲的挑战5次。
mst.mission.3100268._title,完成《Love Live!》歌曲10次挑战
mst.mission.3100268._detail,完成《Love Live!》歌曲的挑战10次。
mst.mission.3100269._title,完成《Love Live!》歌曲20次
mst.mission.3100269._detail,完成《Love Live!》歌曲20次挑战
mst.mission.3100270._title,完成30首《Love Live!》歌曲
mst.mission.3100270._detail,尝试通关《Love Live!》歌曲30次
mst.mission.3100271._title,完成《Love Live!》歌曲40次挑战
mst.mission.3100271._detail,完成《Love Live!》歌曲40次挑战。
mst.mission.3100272._title,完成《Love Live!》歌曲50次挑战
mst.mission.3100272._detail,完成《Love Live!》歌曲50次。
mst.mission.3100273._title,完成60首《Love Live!》歌曲
mst.mission.3100273._detail,完成《Love Live!》歌曲60次。
mst.mission.3100274._title,完成《Love Live! Sunshine!!》歌曲5次挑战
mst.mission.3100274._detail,完成《Love Live! Sunshine!!》歌曲的5次挑战。
mst.mission.3100275._title,完成《Love Live! Sunshine!!》歌曲10次挑战
mst.mission.3100275._detail,完成《Love Live! Sunshine!!》歌曲10次挑战。
mst.mission.3100276._title,《Love Live! Sunshine!!》歌曲挑战：完成20次
mst.mission.3100276._detail,完成《Love Live! Sunshine!!》歌曲20次。
mst.mission.3100277._title,完成30次《Love Live! Sunshine!!》歌曲挑战
mst.mission.3100277._detail,完成《Love Live! Sunshine!!》歌曲30次。
mst.mission.3100278._title,完成《Love Live! Sunshine!!》歌曲40次挑战
mst.mission.3100278._detail,完成《Love Live! Sunshine!!》歌曲40次。
mst.mission.3100279._title,完成《Love Live! Sunshine!!》歌曲50次挑战
mst.mission.3100279._detail,完成《Love Live! Sunshine!!》的歌曲50次。
mst.mission.3100280._title,完成《Love Live! Sunshine!!》歌曲60次挑战
mst.mission.3100280._detail,完成《Love Live! Sunshine!!》的歌曲60次。
mst.mission.3100281._title,完成《Love Live! 虹之咲学园校园偶像俱乐部》歌曲5次挑战
mst.mission.3100281._detail,完成《Love Live! 虹之咲学园校园偶像俱乐部》的歌曲5次。
mst.mission.3100282._title,完成《Love Live! 虹之咲学园校园偶像俱乐部》歌曲10次。
mst.mission.3100282._detail,完成《Love Live! 虹之咲学园校园偶像俱乐部》歌曲10次。
mst.mission.3100283._title,完成《Love Live! 虹之咲学园校园偶像俱乐部》歌曲20次通关
mst.mission.3100283._detail,完成《Love Live! 虹之咲学园校园偶像俱乐部》的歌曲20次。
mst.mission.3100284._title,尝试完成《Love Live!》虹之咲学园校园偶像社的歌曲30次通关。
mst.mission.3100284._detail,完成《Love Live! 虹之咲学园校园偶像俱乐部》的歌曲30次。
mst.mission.3100285._title,完成《Love Live! 虹之咲学园校园偶像俱乐部》歌曲40次通关
mst.mission.3100285._detail,尝试完成《Love Live! 虹之咲学园校园偶像俱乐部》的歌曲40次。
mst.mission.3100286._title,完成《Love Live! 虹之咲学园校园偶像俱乐部》歌曲50次通关
mst.mission.3100286._detail,完成《Love Live! 虹之咲学园校园偶像俱乐部》的歌曲50次。
mst.mission.3100287._title,完成《Love Live! 虹之咲学园校园偶像俱乐部》歌曲60次通关
mst.mission.3100287._detail,完成《Love Live! 虹之咲学园校园偶像俱乐部》的歌曲60次。
mst.mission.3100288._title,完成《Love Live! Superstar!!》歌曲5次挑战
mst.mission.3100288._detail,完成《Love Live! Superstar!!》歌曲的5次挑战。
mst.mission.3100289._title,完成《Love Live! Superstar!!》歌曲10次挑战
mst.mission.3100289._detail,完成《Love Live! Superstar!!》歌曲10次挑战。
mst.mission.3100290._title,完成《Love Live! Superstar!!》歌曲20次挑战
mst.mission.3100290._detail,完成《Love Live! Superstar!!》歌曲20次。
mst.mission.3100291._title,完成30首《Love Live! Superstar!!》歌曲
mst.mission.3100291._detail,完成《Love Live! Superstar!!》的歌曲30次。
mst.mission.3100292._title,完成《Love Live! Superstar!!》歌曲40次挑战
mst.mission.3100292._detail,完成《Love Live! Superstar!!》的歌曲40次。
mst.mission.3100293._title,完成《Love Live! Superstar!!》歌曲50次挑战
mst.mission.3100293._detail,完成《Love Live! Superstar!!》的歌曲50次。
mst.mission.3100294._title,完成《Love Live! Superstar!!》歌曲60次挑战
mst.mission.3100294._detail,完成《Love Live! Superstar!!》的歌曲60次。
mst.mission.3100295._title,完成《Love Live! 莲之空女学院学园偶像俱乐部》歌曲5次通关
mst.mission.3100295._detail,完成《Love Live! 莲之空女学院学园偶像俱乐部》的歌曲5次。
mst.mission.3100296._title,完成《Love Live! 莲之空女学院学园偶像俱乐部》歌曲10次通关
mst.mission.3100296._detail,完成《Love Live! 莲之空女学院学园偶像俱乐部》的歌曲10次。
mst.mission.3100297._title,完成《Love Live!莲之空女学院学园偶像俱乐部》歌曲20次通关
mst.mission.3100297._detail,完成《Love Live!》莲之空女学院学园偶像俱乐部歌曲20次。
mst.mission.3100298._title,完成30首《Love Live!莲之空女学院学园偶像俱乐部》歌曲
mst.mission.3100298._detail,完成《Love Live! 莲之空女学院学园偶像俱乐部》的歌曲30次。
mst.mission.3100299._title,完成《Love Live!》莲之空女学院学园偶像俱乐部歌曲40次通关
mst.mission.3100299._detail,完成《Love Live!》莲之空女学院学园偶像俱乐部歌曲40次通关。
mst.mission.3100300._title,完成《Love Live!》莲之空女学院学园偶像俱乐部歌曲50次通关
mst.mission.3100300._detail,完成《Love Live! 莲之空女学院学园偶像俱乐部》的歌曲50次。
mst.mission.3100301._title,完成《Love Live!》莲之空女学院学园偶像俱乐部歌曲60次通关
mst.mission.3100301._detail,完成《Love Live! 莲之空女学院学园偶像俱乐部》的歌曲60次。
mst.mission.3100302._title,完成《幻日的若叶 -SUNSHINE in the MIRROR-》歌曲5次通关
mst.mission.3100302._detail,完成《幻日的若叶 -SUNSHINE in the MIRROR-》歌曲的5次挑战。
mst.mission.3100303._title,完成《幻日的若叶 -SUNSHINE in the MIRROR-》的歌曲10次通关
mst.mission.3100303._detail,完成《幻日的若叶 -SUNSHINE in the MIRROR-》的歌曲10次通关。
mst.mission.3100304._title,完成《幻日的若叶 -SUNSHINE in the MIRROR-》歌曲15次通关
mst.mission.3100304._detail,完成《幻日的若叶 -SUNSHINE in the MIRROR-》的歌曲15次。
mst.mission.3100305._title,完成《幻日的若叶 -SUNSHINE in the MIRROR-》歌曲20次通关
mst.mission.3100305._detail,完成《幻日的若叶 -SUNSHINE in the MIRROR-》的歌曲20次。
mst.mission.3100306._title,完成《幻日的若叶 -SUNSHINE in the MIRROR-》歌曲25次通关。
mst.mission.3100306._detail,尝试通关《幻日的约哈内 -SUNSHINE in the MIRROR-》中的歌曲25次。
mst.mission.3300307._title,以普通难度或更高难度达成歌曲《mo gyutto “love” de sekishin-chuu!》的50000分。
mst.mission.3300307._detail,在歌曲《mo gyutto “love” de sekishin-chuu!》的 NORMAL 难度或更高难度下，达成 50000 分。
mst.mission.3300308._title,以NORMAL难度或更高完成歌曲《baby maybe 恋のボタン》，目标得分50000。
mst.mission.3300308._detail,在歌曲《baby maybe 恋のボタン》的 NORMAL 难度或更高难度下，达成 50000 分。
mst.mission.3300309._title,以歌曲《岚之中的恋爱》的普通难度或更高难度达成50000分
mst.mission.3300309._detail,在歌曲《岚之中的恋爱》的NORMAL难度或更高难度下，达成50000分。
mst.mission.3300310._title,达成歌曲《るてしキスキしてる》的NORMAL难度或更高，获得50000分。
mst.mission.3300310._detail,在歌曲《るてしキスキしてる》的NORMAL难度或更高难度下，达成50000分。
mst.mission.3300311._title,达成歌曲《爱してるばんざーい！》的NORMAL难度或更高，获得50000分。
mst.mission.3300311._detail,在歌曲《爱してるばんざーい！》的NORMAL难度或更高难度中，达成50000分。
mst.mission.3300312._title,在歌曲《Love marginal》的NORMAL难度或更高难度下，达成50000分。
mst.mission.3300312._detail,在歌曲《Love marginal》的NORMAL难度或更高难度下，达成50000分。
mst.mission.3300313._title,达成歌曲《ラブノベルス》的NORMAL难度或更高，获得50000分。
mst.mission.3300313._detail,在歌曲《Love Novels》的NORMAL难度或更高难度下，达成50000分。
mst.mission.3300314._title,在歌曲《不知道的爱》中，以NORMAL难度或更高难度达成50000分。
mst.mission.3300314._detail,在歌曲《不知道的爱，请告诉我》中，以NORMAL难度或更高难度达成50000分。
mst.mission.3300315._title,达成歌曲《sweet&sweet holiday》的NORMAL难度或更高，获得50000分。
mst.mission.3300315._detail,在歌曲《sweet&sweet holiday》的NORMAL难度或更高难度下，达成50000分。
mst.mission.3300316._title,在歌曲《Cutie Panther》的NORMAL难度或更高难度下，达成50000分。
mst.mission.3300316._detail,在歌曲《Cutie Panther》的NORMAL难度或更高难度下，达成50000分。
mst.mission.3300317._title,达成歌曲《春情浪漫曲》的NORMAL难度或更高，获得50000分。
mst.mission.3300317._detail,在歌曲《春情浪漫曲》的NORMAL难度或更高难度中，达成50000分。
mst.mission.3300318._title,在歌曲《噗哇噗哇哦！》的NORMAL难度或更高难度下，达成50000分。
mst.mission.3300318._detail,在歌曲《噗哇噗哇哦！》的NORMAL难度或更高难度中，达成50000分。
mst.mission.3300319._title,在歌曲《PSYCHIC FIRE》的NORMAL难度或更高难度下，达成50000分。
mst.mission.3300319._detail,在歌曲《PSYCHIC FIRE》的NORMAL难度或更高难度中，达成50000分。
mst.mission.3300320._title,在歌曲《微熱からMystery》的NORMAL难度或更高难度下，达成50000分。
mst.mission.3300320._detail,达成歌曲《微热到神秘》的 NORMAL 难度或更高，获得 50000 分。
mst.mission.3300321._title,在歌曲《想恋爱 AQUARIUM》的 NORMAL 难度或更高难度中，达成 50000 分。
mst.mission.3300321._detail,在歌曲《想变成恋人 AQUARIUM》的 NORMAL 难度或更高难度中，达成 50000 分。
mst.mission.3300322._title,在歌曲《想恋爱》的NORMAL难度或更高难度下，达成50000分。
mst.mission.3300322._detail,在歌曲《少女以上的恋がしたい》的NORMAL难度或更高难度下，达成50000分。
mst.mission.3300323._title,达成歌曲《JIMO-AI Dash!》的NORMAL难度或更高，获得50000分。
mst.mission.3300323._detail,在歌曲《JIMO-AI Dash!》的NORMAL难度或更高难度下，达成50000分。
mst.mission.3300324._title,在歌曲《等待吧，爱的歌》的NORMAL难度或更高难度下达成50000分
mst.mission.3300324._detail,在歌曲《等待吧，爱的歌》的NORMAL难度或更高难度中，达成50000分。
mst.mission.3300325._title,在歌曲《“MY LIST” to you!》的NORMAL难度或更高难度下，达成50000分。
mst.mission.3300325._detail,在歌曲《“MY LIST” to you!》的NORMAL难度或更高难度下，达成50000分。
mst.mission.3300326._title,达成歌曲《近未来哈皮恩多》的NORMAL难度或更高，获得50000分。
mst.mission.3300326._detail,在歌曲《近未来哈皮恩多》的NORMAL难度或更高难度下，达成50000分。
mst.mission.3300327._title,在歌曲《トリコリコPLEASE!!》的NORMAL难度或更高难度下，达成50000分。
mst.mission.3300327._detail,在歌曲《トリコリコPLEASE!!》的NORMAL难度或更高难度下，达成50000分。
mst.mission.3300328._title,"在歌曲《Guilty Night, Guilty Kiss!》的NORMAL难度或更高难度下，达成50000分。"
mst.mission.3300328._detail,"在歌曲《Guilty Night, Guilty Kiss!》的NORMAL难度或更高难度下，达成50000分。"
mst.mission.3300329._title,在歌曲《孤独·瞬间移动》的NORMAL难度或更高难度下，达成50000分。
mst.mission.3300329._detail,在歌曲《孤独·瞬间移动》的NORMAL难度或更高难度中，达成50000分。
mst.mission.3300330._title,达成歌曲《GALAXY HidE and SeeK》的NORMAL难度或更高，获得50000分。
mst.mission.3300330._detail,在歌曲《GALAXY HidE and SeeK》的NORMAL难度或更高难度下，达成50000分。
mst.mission.3300331._title,达成歌曲《Nameless Love Song》的NORMAL难度或更高，获得50000分。
mst.mission.3300331._detail,达成歌曲《Nameless Love Song》的NORMAL难度或更高，获得50000分。
mst.mission.3300332._title,达成歌曲《某天……仿佛永恒》的NORMAL难度或更高，获得50000分。
mst.mission.3300332._detail,在歌曲《某天……仿佛永恒》的NORMAL难度或更高难度中，达成50000分。
mst.mission.3300333._title,达成歌曲《空中恋爱论》的NORMAL难度或更高，获得50000分。
mst.mission.3300333._detail,在歌曲《空中恋爱论》的NORMAL难度或更高难度下，达成50000分。
mst.mission.3300334._title,达成歌曲《Deep Sea Cocoon》的NORMAL难度或更高，获得50000分。
mst.mission.3300334._detail,在歌曲《Deep Sea Cocoon》的NORMAL难度或更高难度下，达成50000分。
mst.mission.3300335._title,达成歌曲《Walking Dream》的NORMAL难度或更高，获得50000分
mst.mission.3300335._detail,在歌曲《Walking Dream》的NORMAL难度或更高难度下，达成50000分。
mst.mission.3300336._title,达成歌曲《背伸びしたって》的NORMAL难度或更高，获得50000分。
mst.mission.3300336._detail,在歌曲《背伸びしたって》的NORMAL难度或更高难度下，达成50000分。
mst.mission.3300337._title,达成歌曲《小恶魔LOVE♡》的NORMAL难度或更高，获得50000分。
mst.mission.3300337._detail,在歌曲《小恶魔LOVE♡》的NORMAL难度或更高难度中，达成50000分。
mst.mission.3300338._title,达成歌曲《My Shadow》的NORMAL难度或更高，获得50000分。
mst.mission.3300338._detail,在歌曲《My Shadow》的NORMAL难度或更高难度下，达成50000分。
mst.mission.3300339._title,达成歌曲《Request for U》的NORMAL难度或更高，获得50000分。
mst.mission.3300339._detail,在歌曲《Request for U》的NORMAL难度或更高难度下，达成50000分。
mst.mission.3300340._title,达成歌曲《Cooking with Love》的NORMAL难度或更高，获得50000分。
mst.mission.3300340._detail,在歌曲《Cooking with Love》的NORMAL难度或更高难度下，达成50000分。
mst.mission.3300341._title,达成歌曲《Cherry Bomb》的NORMAL难度或更高，获得50000分。
mst.mission.3300341._detail,在歌曲《Cherry Bomb》的NORMAL难度或更高难度下，达成50000分。
mst.mission.3300342._title,在歌曲《恋するSunflower》的NORMAL难度或更高难度下，达成50000分。
mst.mission.3300342._detail,在歌曲《恋するSunflower》的NORMAL难度或更高难度下，达成50000分。
mst.mission.3300343._title,达成歌曲《我是磁铁》的NORMAL难度或更高，获得50000分。
mst.mission.3300343._detail,在歌曲《我是磁铁》的NORMAL难度或更高难度下，达成50000分。
mst.mission.3300344._title,达成歌曲《咬福论》的NORMAL难度以上，获得50000分。
mst.mission.3300344._detail,在歌曲《咬福论》的NORMAL难度或更高难度下，达成50000分。
mst.mission.3300345._title,在歌曲《Lemonade》的NORMAL难度或更高难度下，达成50000分。
mst.mission.3300345._detail,在歌曲《Lemonade》的NORMAL难度或更高难度下，达成50000分。
mst.mission.3300346._title,在歌曲《5201314》的NORMAL难度或更高难度下，达成50000分。
mst.mission.3300346._detail,在歌曲《5201314》的NORMAL难度或更高难度下，达成50000分。
mst.mission.3300347._title,达成歌曲《Fly with You!!》的NORMAL难度或更高，获得50000分
mst.mission.3300347._detail,达成歌曲《Fly with You!!》的NORMAL难度或更高，获得50000分。
mst.mission.3300348._title,达成歌曲《Love U my friends（12人 Ver.）》的NORMAL难度或更高，获得50000分。
mst.mission.3300348._detail,在歌曲《Love U my friends（12人 Ver.）》的NORMAL难度或更高难度下，达成50000分。
mst.mission.3300349._title,在歌曲《此刻与你在此地》的NORMAL难度或更高难度下，达成50000分。
mst.mission.3300349._detail,在歌曲《此刻与你在此地》的NORMAL难度或更高难度中，达成50000分。
mst.mission.3300350._title,达成歌曲《GOING UP》的NORMAL难度或更高，获得50000分。
mst.mission.3300350._detail,在歌曲《GOING UP》的NORMAL难度或更高难度中，达成50000分。
mst.mission.3300351._title,达成歌曲《常夏☆Sunshine》的NORMAL难度或更高，获得50000分。
mst.mission.3300351._detail,在歌曲《常夏☆Sunshine》的NORMAL难度或更高难度下，达成50000分。
mst.mission.3300352._title,达成歌曲《トゥ トゥ トゥ！》的NORMAL难度或更高，获得50000分。
mst.mission.3300352._detail,在歌曲《トゥ トゥ トゥ！》的NORMAL难度或更高难度中，达成50000分。
mst.mission.3300353._title,达成歌曲《Primary》的NORMAL难度或更高，获得50000分。
mst.mission.3300353._detail,在歌曲《Primary》的NORMAL难度或更高难度中，达成50000分。
mst.mission.3300354._title,达成歌曲《Shooting Voice!!》的NORMAL难度或更高，获得50000分。
mst.mission.3300354._detail,在歌曲《Shooting Voice!!》的NORMAL难度或更高难度中，达成50000分。
mst.mission.3300355._title,在歌曲《未来の音が聴こえる》的NORMAL难度或更高难度下，达成50000分。
mst.mission.3300355._detail,在歌曲《未来の音が聴こえる》的NORMAL难度或更高难度中，达成50000分。
mst.mission.3300356._title,在歌曲《名字呼唤》的NORMAL难度或更高难度下，达成50000分。
mst.mission.3300356._detail,在歌曲《名字呼唤》的NORMAL难度或更高难度下，达成50000分。
mst.mission.3300357._title,在歌曲《Including you》的NORMAL难度或更高难度下，达成50000分。
mst.mission.3300357._detail,在歌曲《Including you》的NORMAL难度或更高难度下，达成50000分。
mst.mission.3300358._title,达成歌曲《Killer Queen☆》的NORMAL难度或更高，获得50000分。
mst.mission.3300358._detail,在歌曲《Killer Queen☆》的NORMAL难度或更高难度下，达成50000分。
mst.mission.3300359._title,达成歌曲《闪耀☆☆☆》的NORMAL难度或更高，获得50000分。
mst.mission.3300359._detail,在歌曲《闪耀☆☆☆》的NORMAL难度或更高难度中，达成50000分。
mst.mission.3300360._title,达成歌曲《オルタネイト》的NORMAL难度或更高，获得50000分。
mst.mission.3300360._detail,在歌曲《オルタネイト》的NORMAL难度或更高难度下，达成50000分。
mst.mission.3300361._title,达成歌曲《贝罗阿》的NORMAL难度或更高，获得50000分。
mst.mission.3300361._detail,在歌曲《贝罗阿》的NORMAL难度或更高难度中，达成50000分。
mst.mission.3300362._title,达成歌曲《A Little Love》的NORMAL难度或更高，获得50000分。
mst.mission.3300362._detail,在歌曲《A Little Love》的NORMAL难度或更高难度中，达成50000分。
mst.mission.3300363._title,让Liella!的成员参与，进行5次Live。
mst.mission.3300363._detail,让Liella!的成员参与，进行5次Live。
mst.mission.3300364._title,让Liella!的成员参与10次Live演出
mst.mission.3300364._detail,让Liella!的成员参与，进行10次Live。
mst.mission.3300365._title,让Liella!的成员参与，进行15次Live。
mst.mission.3300365._detail,让Liella!的成员参与，进行15次Live。
mst.mission.3300366._title,让Liella!的成员参与，进行20次Live。
mst.mission.3300366._detail,让Liella!的成员参与，进行20次Live。
mst.mission.3300367._title,让Liella!的成员参与，进行25次Live。
mst.mission.3300367._detail,让Liella!的成员参与，进行25次Live。
mst.mission.3300368._title,让Liella!的成员参与30次Live
mst.mission.3300368._detail,让Liella!的成员参与，进行30次Live。
mst.mission.3300369._title,让Liella!的成员参与，进行35次Live。
mst.mission.3300369._detail,让Liella!的成员参与，进行35次Live。
mst.mission.3300370._title,让Liella!的成员参与，进行40次Live。
mst.mission.3300370._detail,让Liella!的成员参与，进行40次Live。
mst.mission.3300371._title,让Liella!的成员参与，进行45次Live。
mst.mission.3300371._detail,让Liella!的成员参与，进行45次Live。
mst.mission.3300372._title,让Liella!的成员参与，进行50次Live。
mst.mission.3300372._detail,让Liella!的成员参与，进行50次Live。
mst.mission.2900373._title,完成 Live 5 次
mst.mission.2900373._detail,完成5次Live挑战。
mst.mission.2900374._title,完成10场Live
mst.mission.2900374._detail,完成10次Live。
mst.mission.2900375._title,完成15次Live
mst.mission.2900375._detail,完成15次Live。
mst.mission.2900376._title,完成20场Live
mst.mission.2900376._detail,完成20次Live。
mst.mission.2900377._title,完成25次Live
mst.mission.2900377._detail,完成25次Live。
mst.mission.2900378._title,完成30次Live
mst.mission.2900378._detail,完成30次Live。
mst.mission.2900379._title,完成35次Live
mst.mission.2900379._detail,完成35次Live。
mst.mission.2900380._title,完成40次Live
mst.mission.2900380._detail,完成40次Live。
mst.mission.2900381._title,完成45次Live
mst.mission.2900381._detail,完成45次Live。
mst.mission.2900382._title,完成50次Live
mst.mission.2900382._detail,完成50次Live。
mst.mission.2900383._title,完成55次Live
mst.mission.2900383._detail,完成55次Live。
mst.mission.2900384._title,完成60次Live
mst.mission.2900384._detail,完成60次Live。
mst.mission.2900385._title,完成65次Live
mst.mission.2900385._detail,完成65次Live。
mst.mission.2900386._title,完成70次Live
mst.mission.2900386._detail,完成70次Live。
mst.mission.2900387._title,完成75次Live
mst.mission.2900387._detail,完成75次Live。
mst.mission.2900388._title,完成80场Live
mst.mission.2900388._detail,完成80次Live。
mst.mission.2900389._title,完成 Live 85 次
mst.mission.2900389._detail,完成85次Live。
mst.mission.2900390._title,完成90场Live
mst.mission.2900390._detail,完成90次Live。
mst.mission.2900391._title,完成95次Live
mst.mission.2900391._detail,完成95次Live。
mst.mission.2900392._title,完成100次Live
mst.mission.2900392._detail,完成100次Live。
mst.mission.2900393._title,完成110次Live
mst.mission.2900393._detail,完成110次Live。
mst.mission.2900394._title,完成120次Live
mst.mission.2900394._detail,完成120次Live。
mst.mission.2900395._title,完成130次Live
mst.mission.2900395._detail,完成130次Live。
mst.mission.2900396._title,完成140次Live
mst.mission.2900396._detail,完成140次Live。
mst.mission.2900397._title,完成150次Live
mst.mission.2900397._detail,完成150次Live。
mst.mission.2900398._title,完成160次Live
mst.mission.2900398._detail,完成160次Live。
mst.mission.2900399._title,完成170次Live
mst.mission.2900399._detail,完成170次Live。
mst.mission.2900400._title,完成180次Live
mst.mission.2900400._detail,完成180次Live。
mst.mission.2900401._title,完成190次Live
mst.mission.2900401._detail,完成190次Live。
mst.mission.2900402._title,完成200次Live
mst.mission.2900402._detail,完成200次Live。
mst.mission.2900403._title,完成210场Live
mst.mission.2900403._detail,完成210次Live。
mst.mission.2900404._title,完成220次Live
mst.mission.2900404._detail,完成220次Live。
mst.mission.2900405._title,完成230次Live
mst.mission.2900405._detail,完成230次Live。
mst.mission.2900406._title,完成240次Live
mst.mission.2900406._detail,完成240次Live。
mst.mission.2900407._title,完成250次Live
mst.mission.2900407._detail,完成250次Live。
mst.mission.2900408._title,完成260次Live
mst.mission.2900408._detail,完成260次Live。
mst.mission.2900409._title,完成270场Live
mst.mission.2900409._detail,完成270次Live。
mst.mission.2900410._title,完成280场Live
mst.mission.2900410._detail,完成280次Live。
mst.mission.2900411._title,完成290次Live
mst.mission.2900411._detail,完成290次Live。
mst.mission.2900412._title,完成300场Live
mst.mission.2900412._detail,完成300次Live。
mst.mission.2900413._title,完成310次Live
mst.mission.2900413._detail,完成310次Live。
mst.mission.2900414._title,完成320次Live
mst.mission.2900414._detail,完成320次Live。
mst.mission.2900415._title,完成330次Live
mst.mission.2900415._detail,完成330次Live。
mst.mission.2900416._title,完成340次Live
mst.mission.2900416._detail,完成340次Live。
mst.mission.2900417._title,完成350场Live
mst.mission.2900417._detail,完成350次Live。
mst.mission.2900418._title,完成360次Live
mst.mission.2900418._detail,完成360次Live。
mst.mission.2900419._title,在难度为NORMAL或更高的Live中，连续五次完美通关。
mst.mission.2900419._detail,在难度为NORMAL或更高的Live中，尝试5次完美连击。
mst.mission.2900420._title,在NORMAL难度或更高难度下，进行10次Live全连击。
mst.mission.2900420._detail,在NORMAL难度或更高难度下，进行10次Live并达成全连击。
mst.mission.2900421._title,在NORMAL难度或更高难度下，进行15次Live全连击。
mst.mission.2900421._detail,在NORMAL难度或更高难度下，进行15次Live并达成全连击。
mst.mission.2900422._title,在NORMAL难度或更高难度下，进行20次Live全连击。
mst.mission.2900422._detail,在NORMAL难度或更高难度下，进行20次Live并达成全连击。
mst.mission.2900423._title,在NORMAL难度或更高难度下，进行25次Live并达成全连击。
mst.mission.2900423._detail,在NORMAL难度或更高难度下，进行25次Live并达成全连击。
mst.mission.2900424._title,在NORMAL难度或更高难度下，进行30次Live全连击。
mst.mission.2900424._detail,在难度为NORMAL或更高的级别中，进行30次Live并达成全连击。
mst.mission.2900425._title,完成《Love Live!》歌曲挑战5次
mst.mission.2900425._detail,完成《Love Live!》歌曲的挑战5次。
mst.mission.2900426._title,完成《Love Live!》歌曲10次挑战
mst.mission.2900426._detail,完成《Love Live!》歌曲的挑战10次。
mst.mission.2900427._title,完成《Love Live!》歌曲20次
mst.mission.2900427._detail,完成《Love Live!》歌曲20次挑战
mst.mission.2900428._title,完成30首《Love Live!》歌曲
mst.mission.2900428._detail,尝试通关《Love Live!》歌曲30次
mst.mission.2900429._title,完成《Love Live!》歌曲40次挑战
mst.mission.2900429._detail,完成《Love Live!》歌曲40次挑战。
mst.mission.2900430._title,完成《Love Live!》歌曲50次挑战
mst.mission.2900430._detail,完成《Love Live!》歌曲50次。
mst.mission.2900431._title,完成60首《Love Live!》歌曲
mst.mission.2900431._detail,完成《Love Live!》歌曲60次。
mst.mission.2900432._title,完成《Love Live! Sunshine!!》歌曲5次挑战
mst.mission.2900432._detail,完成《Love Live! Sunshine!!》歌曲的5次挑战。
mst.mission.2900433._title,完成《Love Live! Sunshine!!》歌曲10次挑战
mst.mission.2900433._detail,完成《Love Live! Sunshine!!》歌曲10次挑战。
mst.mission.2900434._title,《Love Live! Sunshine!!》歌曲挑战：完成20次
mst.mission.2900434._detail,完成《Love Live! Sunshine!!》歌曲20次。
mst.mission.2900435._title,完成30次《Love Live! Sunshine!!》歌曲挑战
mst.mission.2900435._detail,完成《Love Live! Sunshine!!》歌曲30次。
mst.mission.2900436._title,完成《Love Live! Sunshine!!》歌曲40次挑战
mst.mission.2900436._detail,完成《Love Live! Sunshine!!》歌曲40次。
mst.mission.2900437._title,完成《Love Live! Sunshine!!》歌曲50次挑战
mst.mission.2900437._detail,完成《Love Live! Sunshine!!》的歌曲50次。
mst.mission.2900438._title,完成《Love Live! Sunshine!!》歌曲60次挑战
mst.mission.2900438._detail,完成《Love Live! Sunshine!!》的歌曲60次。
mst.mission.2900439._title,完成《Love Live! 虹之咲学园校园偶像俱乐部》歌曲5次挑战
mst.mission.2900439._detail,完成《Love Live! 虹之咲学园校园偶像俱乐部》的歌曲5次。
mst.mission.2900440._title,完成《Love Live! 虹之咲学园校园偶像俱乐部》歌曲10次。
mst.mission.2900440._detail,完成《Love Live! 虹之咲学园校园偶像俱乐部》歌曲10次。
mst.mission.2900441._title,完成《Love Live! 虹之咲学园校园偶像俱乐部》歌曲20次通关
mst.mission.2900441._detail,完成《Love Live! 虹之咲学园校园偶像俱乐部》的歌曲20次。
mst.mission.2900442._title,尝试完成《Love Live!》虹之咲学园校园偶像社的歌曲30次通关。
mst.mission.2900442._detail,完成《Love Live! 虹之咲学园校园偶像俱乐部》的歌曲30次。
mst.mission.2900443._title,完成《Love Live! 虹之咲学园校园偶像俱乐部》歌曲40次通关
mst.mission.2900443._detail,尝试完成《Love Live! 虹之咲学园校园偶像俱乐部》的歌曲40次。
mst.mission.2900444._title,完成《Love Live! 虹之咲学园校园偶像俱乐部》歌曲50次通关
mst.mission.2900444._detail,完成《Love Live! 虹之咲学园校园偶像俱乐部》的歌曲50次。
mst.mission.2900445._title,完成《Love Live! 虹之咲学园校园偶像俱乐部》歌曲60次通关
mst.mission.2900445._detail,完成《Love Live! 虹之咲学园校园偶像俱乐部》的歌曲60次。
mst.mission.2900446._title,完成《Love Live! Superstar!!》歌曲5次挑战
mst.mission.2900446._detail,完成《Love Live! Superstar!!》歌曲的5次挑战。
mst.mission.2900447._title,完成《Love Live! Superstar!!》歌曲10次挑战
mst.mission.2900447._detail,完成《Love Live! Superstar!!》歌曲10次挑战。
mst.mission.2900448._title,完成《Love Live! Superstar!!》歌曲20次挑战
mst.mission.2900448._detail,完成《Love Live! Superstar!!》歌曲20次。
mst.mission.2900449._title,完成30首《Love Live! Superstar!!》歌曲
mst.mission.2900449._detail,完成《Love Live! Superstar!!》的歌曲30次。
mst.mission.2900450._title,完成《Love Live! Superstar!!》歌曲40次挑战
mst.mission.2900450._detail,完成《Love Live! Superstar!!》的歌曲40次。
mst.mission.2900451._title,完成《Love Live! Superstar!!》歌曲50次挑战
mst.mission.2900451._detail,完成《Love Live! Superstar!!》的歌曲50次。
mst.mission.2900452._title,完成《Love Live! Superstar!!》歌曲60次挑战
mst.mission.2900452._detail,完成《Love Live! Superstar!!》的歌曲60次。
mst.mission.2900453._title,完成《Love Live! 莲之空女学院学园偶像俱乐部》歌曲5次通关
mst.mission.2900453._detail,完成《Love Live! 莲之空女学院学园偶像俱乐部》的歌曲5次。
mst.mission.2900454._title,完成《Love Live! 莲之空女学院学园偶像俱乐部》歌曲10次通关
mst.mission.2900454._detail,完成《Love Live! 莲之空女学院学园偶像俱乐部》的歌曲10次。
mst.mission.2900455._title,完成《Love Live!莲之空女学院学园偶像俱乐部》歌曲20次通关
mst.mission.2900455._detail,完成《Love Live!》莲之空女学院学园偶像俱乐部歌曲20次。
mst.mission.2900456._title,完成30首《Love Live!莲之空女学院学园偶像俱乐部》歌曲
mst.mission.2900456._detail,完成《Love Live! 莲之空女学院学园偶像俱乐部》的歌曲30次。
mst.mission.2900457._title,完成《Love Live!》莲之空女学院学园偶像俱乐部歌曲40次通关
mst.mission.2900457._detail,完成《Love Live!》莲之空女学院学园偶像俱乐部歌曲40次通关。
mst.mission.2900458._title,完成《Love Live!》莲之空女学院学园偶像俱乐部歌曲50次通关
mst.mission.2900458._detail,完成《Love Live! 莲之空女学院学园偶像俱乐部》的歌曲50次。
mst.mission.2900459._title,完成《Love Live!》莲之空女学院学园偶像俱乐部歌曲60次通关
mst.mission.2900459._detail,完成《Love Live! 莲之空女学院学园偶像俱乐部》的歌曲60次。
mst.mission.2900460._title,完成《幻日的若叶 -SUNSHINE in the MIRROR-》歌曲5次通关
mst.mission.2900460._detail,完成《幻日的若叶 -SUNSHINE in the MIRROR-》歌曲的5次挑战。
mst.mission.2900461._title,完成《幻日的若叶 -SUNSHINE in the MIRROR-》的歌曲10次通关
mst.mission.2900461._detail,完成《幻日的若叶 -SUNSHINE in the MIRROR-》的歌曲10次通关。
mst.mission.2900462._title,完成《幻日的若叶 -SUNSHINE in the MIRROR-》歌曲15次通关
mst.mission.2900462._detail,完成《幻日的若叶 -SUNSHINE in the MIRROR-》的歌曲15次。
mst.mission.2900463._title,完成《幻日的若叶 -SUNSHINE in the MIRROR-》歌曲20次通关
mst.mission.2900463._detail,完成《幻日的若叶 -SUNSHINE in the MIRROR-》的歌曲20次。
mst.mission.2900464._title,完成《幻日的若叶 -SUNSHINE in the MIRROR-》歌曲25次通关。
mst.mission.2900464._detail,尝试通关《幻日的约哈内 -SUNSHINE in the MIRROR-》中的歌曲25次。
mst.mission.3300465._title,达成歌曲《我们的演唱会，与你的生活》的NORMAL难度或更高，获得50000分。
mst.mission.3300465._detail,达成歌曲《我们 LIVE 与你的 LIFE》的 NORMAL 难度或更高，获得 50000 分。
mst.mission.3300466._title,在歌曲《Snow halation》的NORMAL难度或更高难度下，达成50000分。
mst.mission.3300466._detail,在歌曲《Snow halation》的NORMAL难度或更高难度下，达成50000分。
mst.mission.3300467._title,达成歌曲《我们现在》的NORMAL难度或更高，获得50000分。
mst.mission.3300467._detail,在歌曲《我们现在》的NORMAL难度或更高难度中，达成50000分。
mst.mission.3300468._title,达成歌曲《Private Wars》的NORMAL难度或更高，获得50000分。
mst.mission.3300468._detail,在歌曲《Private Wars》的NORMAL难度或更高难度下，达成50000分。
mst.mission.3300469._title,在歌曲《きっと青春が聞こえる》的NORMAL难度或更高难度下，达成50000分。
mst.mission.3300469._detail,在歌曲《きっと青春が聞こえる》的NORMAL难度或更高难度中，达成50000分。
mst.mission.3300470._title,达成歌曲《No brand girls》的NORMAL难度或更高，获得50000分。
mst.mission.3300470._detail,在歌曲《No brand girls》的 NORMAL 难度或更高难度中，达成 50000 分。
mst.mission.3300471._title,在歌曲《那是我们的奇迹》的NORMAL难度或更高难度下，达成50000分。
mst.mission.3300471._detail,在歌曲《那是我们的奇迹》的NORMAL难度或更高难度中，达成50000分。
mst.mission.3300472._title,达成歌曲《KiRa-KiRa Sensation!》的NORMAL难度或更高，获得50000分
mst.mission.3300472._detail,在歌曲《KiRa-KiRa Sensation!》的NORMAL难度或更高难度下，达成50000分。
mst.mission.3300473._title,在歌曲《Happy maker!》的NORMAL难度或更高难度下，达成50000分。
mst.mission.3300473._detail,在歌曲《Happy maker!》的NORMAL难度或更高难度中，达成50000分。
mst.mission.3300474._title,在歌曲《SUNNY DAY SONG》的NORMAL难度或更高难度下，达成50000分。
mst.mission.3300474._detail,在歌曲《SUNNY DAY SONG》的NORMAL难度或更高难度下，达成50000分。
mst.mission.3300475._title,达成歌曲《我们是同一道光》的NORMAL难度或更高，获得50000分。
mst.mission.3300475._detail,在歌曲《我们是同一道光》的NORMAL难度或更高难度中，达成50000分。
mst.mission.3300476._title,达成歌曲《MOMENT RING》的NORMAL难度或更高，获得50000分。
mst.mission.3300476._detail,在歌曲《MOMENT RING》的NORMAL难度或更高难度下，达成50000分。
mst.mission.3300477._title,在歌曲《A song for You! You? You!!》的NORMAL难度或更高难度下，达成50000分。
mst.mission.3300477._detail,在歌曲《A song for You! You? You!!》的NORMAL难度或更高难度下，达成50000分。
mst.mission.3300478._title,达成歌曲《HEART to HEART!》的NORMAL难度或更高，获得50000分。
mst.mission.3300478._detail,在歌曲《HEART to HEART!》的NORMAL难度或更高难度下，达成50000分。
mst.mission.3300479._title,以歌曲《岚之中的恋爱》的普通难度或更高难度达成50000分
mst.mission.3300479._detail,在歌曲《岚之中的恋爱》的NORMAL难度或更高难度下，达成50000分。
mst.mission.3300480._title,在歌曲《タカラモノズ》的NORMAL难度或更高难度下，达成50000分。
mst.mission.3300480._detail,在歌曲《タカラモノズ》的NORMAL难度或更高难度下，达成50000分。
mst.mission.3300481._title,达成歌曲《你心中的光芒是否闪耀》的NORMAL难度或更高，获得50000分。
mst.mission.3300481._detail,在歌曲《你心中的光芒是否闪耀》的NORMAL难度或更高难度中，达成50000分。
mst.mission.3300482._title,达成歌曲《青空Jumping Heart》的NORMAL难度或更高，获得50000分。
mst.mission.3300482._detail,在歌曲《青空Jumping Heart》的NORMAL难度或更高难度下，达成50000分。
mst.mission.3300483._title,在歌曲《梦语胜过梦唱》的NORMAL难度或更高难度下，达成50000分。
mst.mission.3300483._detail,在歌曲《梦语胜过梦唱》的NORMAL难度或更高难度中，达成50000分。
mst.mission.3300484._title,达成歌曲《MIRAI TICKET》的NORMAL难度或更高，获得50000分。
mst.mission.3300484._detail,达成歌曲《MIRAI TICKET》的NORMAL难度或更高，获得50000分。
mst.mission.3300485._title,达成歌曲《HAPPY PARTY TRAIN》的NORMAL难度或更高，获得50000分。
mst.mission.3300485._detail,在歌曲《HAPPY PARTY TRAIN》的NORMAL难度或更高难度中，达成50000分。
mst.mission.3300486._title,在歌曲《未来的我们都知道》中，以NORMAL难度或更高难度达成50000分。
mst.mission.3300486._detail,在歌曲《未来的我们都知道》中，以NORMAL难度或更高难度达成50000分。
mst.mission.3300487._title,达成歌曲《WATER BLUE NEW WORLD》的NORMAL难度或更高，获得50000分。
mst.mission.3300487._detail,在歌曲《WATER BLUE NEW WORLD》的NORMAL难度或更高难度下，达成50000分。
mst.mission.3300488._title,达成歌曲《Believe again》的NORMAL难度或更高，获得50000分。
mst.mission.3300488._detail,在歌曲《Believe again》的NORMAL难度或更高难度中，达成50000分。
mst.mission.3300489._title,达成歌曲《Brightest Melody》的NORMAL难度或更高，获得50000分。
mst.mission.3300489._detail,在歌曲《Brightest Melody》的NORMAL难度或更高难度下，达成50000分。
mst.mission.3300490._title,达成歌曲《Deep Resonance》的NORMAL难度或更高，获得50000分。
mst.mission.3300490._detail,达成歌曲《Deep Resonance》的NORMAL难度或更高，获得50000分。
mst.mission.3300491._title,达成歌曲《未体验HORIZON》的NORMAL难度或更高，获得50000分
mst.mission.3300491._detail,在歌曲《未体验HORIZON》的NORMAL难度或更高难度中，达成50000分。
mst.mission.3300492._title,达成歌曲《KOKORO Magic “A to Z”》的NORMAL难度或更高，获得50000分
mst.mission.3300492._detail,在歌曲《KOKORO Magic “A to Z”》的NORMAL难度或更高难度中，达成50000分。
mst.mission.3300493._title,达成歌曲《DREAMY COLOR》的NORMAL难度或更高，获得50000分
mst.mission.3300493._detail,在歌曲《DREAMY COLOR》的NORMAL难度或更高难度下，达成50000分。
mst.mission.3300494._title,在歌曲《幻日ミステリウム》的NORMAL难度或更高难度下，达成50000分。
mst.mission.3300494._detail,在歌曲《幻日ミステリウム》的NORMAL难度或更高难度中，达成50000分。
mst.mission.3300495._title,达成歌曲《想いよひとつになれ (9人Ver.)》的NORMAL难度或更高，获得50000分。
mst.mission.3300495._detail,在歌曲《想いよひとつになれ (9人Ver.)》的NORMAL难度或更高难度中，达成50000分。
mst.mission.3300496._title,在歌曲《Jingle Bell无法停止》的NORMAL难度或更高难度下，达成50000分。
mst.mission.3300496._detail,达成歌曲《Jingle Bell无法停止》的NORMAL难度或更高，获得50000分。
mst.mission.3300497._title,达成歌曲《TOKIMEKI Runners（12人 Ver.）》的NORMAL难度或更高，获得50000分。
mst.mission.3300497._detail,在歌曲《TOKIMEKI Runners（12人 Ver.）》的NORMAL难度或更高难度下，达成50000分。
mst.mission.3300498._title,达成歌曲《Dream with You》的NORMAL难度或更高，获得50000分。
mst.mission.3300498._detail,在歌曲《Dream with You》的NORMAL难度或更高难度中，达成50000分。
mst.mission.3300499._title,达成歌曲《无敌级*Believer》的NORMAL难度或更高，获得50000分。
mst.mission.3300499._detail,在歌曲《无敌级*Believer》的NORMAL难度或更高难度中，达成50000分。
mst.mission.3300500._title,在歌曲《奥德丽》的NORMAL难度或更高难度下，达成50000分。
mst.mission.3300500._detail,在歌曲《奥德丽》的NORMAL难度或更高难度下，达成50000分。
mst.mission.3300501._title,达成歌曲《VIVID WORLD》的NORMAL难度或更高，获得50000分。
mst.mission.3300501._detail,在歌曲《VIVID WORLD》的NORMAL难度或更高难度下，达成50000分。
mst.mission.3300502._title,达成歌曲《めっちゃGoing!!》的NORMAL难度或更高，获得50000分。
mst.mission.3300502._detail,在歌曲《めっちゃGoing!!》的NORMAL难度或更高难度下，达成50000分。
mst.mission.3300503._title,达成歌曲《Butterfly》的NORMAL难度以上，获得50000分。
mst.mission.3300503._detail,在歌曲《Butterfly》的NORMAL难度或更高难度中，达成50000分。
mst.mission.3300504._title,达成歌曲《CHASE!》的NORMAL难度或更高，获得50000分。
mst.mission.3300504._detail,在歌曲《CHASE!》的NORMAL难度或更高难度下，达成50000分。
mst.mission.3300505._title,达成歌曲《哀温ノ詩》的NORMAL难度或更高，获得50000分。
mst.mission.3300505._detail,在歌曲《哀溫之詩》的NORMAL难度或更高难度下，达成50000分。
mst.mission.3300506._title,达成歌曲《连接吧！》的NORMAL难度或更高，获得50000分。
mst.mission.3300506._detail,在歌曲《连接之歌》的普通难度或更高难度下，达成50000分。
mst.mission.3300507._title,达成歌曲《翠いカナリア》的NORMAL难度或更高，获得50000分。
mst.mission.3300507._detail,在歌曲《翠いカナリア》的NORMAL难度或更高难度下，达成50000分。
mst.mission.3300508._title,达成歌曲《I'm Still...》的NORMAL难度或更高，获得50000分。
mst.mission.3300508._detail,在歌曲《I'm Still...》的NORMAL难度或更高难度下，达成50000分。
mst.mission.3300509._title,达成歌曲《Eutopia》的NORMAL难度或更高，获得50000分
mst.mission.3300509._detail,在歌曲《Eutopia》的NORMAL难度或更高难度下，达成50000分。
mst.mission.3300510._title,达成歌曲《L！L！L！ (Love the Life We Live)》的NORMAL难度或更高，获得50000分。
mst.mission.3300510._detail,在歌曲《L！L！L！ (Love the Life We Live)》的NORMAL难度或更高难度中，达成50000分。
mst.mission.3300511._title,以NORMAL难度或更高难度游玩歌曲《New Year's March！(1~6月Ver.)》，并获得50000分。
mst.mission.3300511._detail,以NORMAL难度或更高难度游玩歌曲《New Year's March！(1~6月Ver.)》，并达到50000分。
mst.mission.3300512._title,在歌曲《New Year's March！(7~12月Ver.)》的NORMAL难度或更高难度下，达成50000分。
mst.mission.3300512._detail,在歌曲《New Year's March！(7~12月Ver.)》的NORMAL难度或更高难度下，达成50000分。
mst.mission.3300513._title,达成歌曲《开始是你的天空》的NORMAL难度或更高，获得50000分。
mst.mission.3300513._detail,在歌曲《始まりは君の空》的NORMAL难度或更高难度下，达成50000分。
mst.mission.3300514._title,达成歌曲《START!! True dreams》的NORMAL难度或更高，获得50000分。
mst.mission.3300514._detail,在歌曲《START!! True dreams》的NORMAL难度或更高难度下，达成50000分。
mst.mission.3300515._title,在歌曲《未来予报哈利路亚！》的NORMAL难度或更高难度下，达成50000分。
mst.mission.3300515._detail,在歌曲《未来予報ハレルヤ！》的NORMAL难度或更高难度中，达成50000分。
mst.mission.3300516._title,在歌曲《HOT PASSION!!》的NORMAL难度或更高难度下，达成50000分。
mst.mission.3300516._detail,在歌曲《HOT PASSION!!》的NORMAL难度或更高难度下，达成50000分。
mst.mission.3300517._title,在歌曲《未来是风一样》的NORMAL难度或更高难度下，达成50000分。
mst.mission.3300517._detail,在歌曲《未来は風のように》的NORMAL难度或更高难度下，达成50000分。
mst.mission.3300518._title,在歌曲《Starlight Prologue》的NORMAL难度或更高难度下，达成50000分。
mst.mission.3300518._detail,在歌曲《Starlight Prologue》的NORMAL难度或更高难度下，达成50000分。
mst.mission.3300519._title,达成歌曲《WE WILL‼》的NORMAL难度或更高，获得50000分。
mst.mission.3300519._detail,达成歌曲《WE WILL‼》的NORMAL难度或更高，获得50000分。
mst.mission.3300520._title,在歌曲《追逐梦想的彼方》中，以NORMAL难度或更高难度达成50000分。
mst.mission.3300520._detail,在歌曲《追逐梦想的彼方》中，以NORMAL难度或更高难度达成50000分。
mst.mission.3300521._title,达成歌曲《Butterfly Wing》的NORMAL难度或更高，获得50000分。
mst.mission.3300521._detail,在歌曲《Butterfly Wing》的NORMAL难度或更高难度中，达成50000分。
mst.mission.3300522._title,达成歌曲《维生素SUMMER！》的NORMAL难度或更高，获得50000分。
mst.mission.3300522._detail,在歌曲《维生素SUMMER！》的NORMAL难度或更高难度下，达成50000分。
mst.mission.3300523._title,在歌曲《Sing！Shine！Smile！》的NORMAL难度或更高难度下，达成50000分。
mst.mission.3300523._detail,在歌曲《Sing！Shine！Smile！》的NORMAL难度或更高难度下，达成50000分。
mst.mission.3300524._title,在歌曲《未来の音が聴こえる》的NORMAL难度或更高难度下，达成50000分。
mst.mission.3300524._detail,在歌曲《未来の音が聴こえる》的NORMAL难度或更高难度中，达成50000分。
mst.mission.3300525._title,在歌曲《UNIVERSE!!》的NORMAL难度或更高难度下，达成50000分。
mst.mission.3300525._detail,在歌曲《UNIVERSE!!》的NORMAL难度或更高难度下，达成50000分。
mst.mission.3300526._title,在歌曲《Jump Into the New World》的NORMAL难度或更高难度下，达成50000分。
mst.mission.3300526._detail,在歌曲《Jump Into the New World》的NORMAL难度或更高难度下，达成50000分。
mst.mission.3300527._title,达成歌曲《我的交响曲～2023版～》的NORMAL难度或更高，获得50000分
mst.mission.3300527._detail,在歌曲《我的交响曲～2023版～》的NORMAL难度或更高难度中，达成50000分。
mst.mission.3300528._title,达成歌曲《MIRACLE NEW STORY》的 NORMAL 难度或更高，获得 50000 分。
mst.mission.3300528._detail,以普通难度或更高难度演奏歌曲《MIRACLE NEW STORY》，并获得50000分。
mst.mission.1073001._title,【剧情解锁条件】（隐藏）
mst.mission.1073001._detail,完成《Love Live!》歌曲的首次通关。
mst.mission.1073002._title,【剧情解锁条件】（隐藏）
mst.mission.1073002._detail,完成《Love Live!》歌曲10次。
mst.mission.1073003._title,【剧情解锁条件】（隐藏）
mst.mission.1073003._detail,完成《Love Live!》歌曲30次。
mst.mission.1073004._title,【剧情解锁条件】（隐藏）
mst.mission.1073004._detail,完成《Love Live!》歌曲50次。
mst.mission.1073005._title,【剧情解锁条件】（隐藏）
mst.mission.1073005._detail,完成《Love Live!》歌曲的挑战70次。
mst.mission.1073006._title,【剧情解锁条件】（隐藏）
mst.mission.1073006._detail,完成《Love Live! Sunshine!!》歌曲一次通关
mst.mission.1073007._title,【剧情解锁条件】（隐藏）
mst.mission.1073007._detail,完成《Love Live! Sunshine!!》歌曲10次。
mst.mission.1073008._title,【剧情解锁条件】（隐藏）
mst.mission.1073008._detail,完成《Love Live! Sunshine!!》歌曲30次。
mst.mission.1073009._title,【剧情解锁条件】（隐藏）
mst.mission.1073009._detail,完成《Love Live! Sunshine!!》的歌曲50次。
mst.mission.1073010._title,【剧情解锁条件】（隐藏）
mst.mission.1073010._detail,完成《Love Live! Sunshine!!》的歌曲70次。
mst.mission.1073011._title,【剧情解锁条件】（隐藏）
mst.mission.1073011._detail,完成《Love Live! 虹之咲学园校园偶像俱乐部》歌曲一次。
mst.mission.1073012._title,【剧情解锁条件】（隐藏）
mst.mission.1073012._detail,完成《Love Live! 虹之咲学园校园偶像俱乐部》歌曲的挑战两次。
mst.mission.1073013._title,【剧情解锁条件】（隐藏）
mst.mission.1073013._detail,完成《Love Live! 虹之咲学园校园偶像俱乐部》歌曲3次。
mst.mission.1073014._title,【剧情解锁条件】（隐藏）
mst.mission.1073014._detail,完成《Love Live! 虹之咲学园校园偶像俱乐部》的歌曲4次。
mst.mission.1073015._title,【剧情解锁条件】（隐藏）
mst.mission.1073015._detail,完成《Love Live! 虹之咲学园校园偶像俱乐部》歌曲的挑战5次。
mst.mission.1073016._title,【剧情解锁条件】（隐藏）
mst.mission.1073016._detail,完成《Love Live! Superstar!!》的歌曲一次。
mst.mission.1073017._title,【剧情解锁条件】（隐藏）
mst.mission.1073017._detail,完成《Love Live! Superstar!!》歌曲10次。
mst.mission.1073018._title,【剧情解锁条件】（隐藏）
mst.mission.1073018._detail,完成《Love Live! Superstar!!》的歌曲30次。
mst.mission.1073019._title,【剧情解锁条件】（隐藏）
mst.mission.1073019._detail,完成《Love Live! Superstar!!》的歌曲50次。
mst.mission.1073020._title,【剧情解锁条件】（隐藏）
mst.mission.1073020._detail,完成《Love Live! Superstar!!》的歌曲70次。
mst.mission.1073021._title,【剧情解锁条件】（隐藏）
mst.mission.1073021._detail,完成《Love Live! Sunshine!!》的歌曲50次。
mst.mission.1073022._title,【剧情解锁条件】（隐藏）
mst.mission.1073022._detail,完成《Love Live! Sunshine!!》的歌曲70次。
mst.mission.1073023._title,【剧情解锁条件】（隐藏）
mst.mission.1073023._detail,完成《Love Live! Superstar!!》的歌曲50次。
mst.mission.1073024._title,【剧情解锁条件】（隐藏）
mst.mission.1073024._detail,完成《Love Live! Superstar!!》的歌曲70次。
mst.mission.1073025._title,【剧情解锁条件】（隐藏）
mst.mission.1073025._detail,完成《Love Live! 虹之咲学园校园偶像俱乐部》的歌曲10次。
mst.mission.1073026._title,【剧情解锁条件】（隐藏）
mst.mission.1073026._detail,完成《Love Live! 虹之咲学园校园偶像俱乐部》的歌曲10次。
mst.mission.1073027._title,【剧情解锁条件】（隐藏）
mst.mission.1073027._detail,完成《Love Live! 虹之咲学园校园偶像俱乐部》的歌曲10次。
mst.mission.1073028._title,【剧情解锁条件】（隐藏）
mst.mission.1073028._detail,完成《Love Live! 虹之咲学园校园偶像俱乐部》的歌曲10次。
mst.mission.1073029._title,【剧情解锁条件】（隐藏）
mst.mission.1073029._detail,完成《Love Live! 虹之咲学园校园偶像俱乐部》的歌曲10次。
mst.mission.1073030._title,【剧情解锁条件】（隐藏）
mst.mission.1073030._detail,完成《Love Live! 虹之咲学园校园偶像俱乐部》的歌曲10次。
mst.mission.1073031._title,【剧情解锁条件】（隐藏）
mst.mission.1073031._detail,完成《Love Live! 虹之咲学园校园偶像俱乐部》的歌曲10次。
mst.mission.1073032._title,【剧情解锁条件】（隐藏）
mst.mission.1073032._detail,完成《Love Live! 虹之咲学园校园偶像俱乐部》的歌曲10次。
mst.mission.1073033._title,【剧情解锁条件】（隐藏）
mst.mission.1073033._detail,完成《Love Live! 虹之咲学园校园偶像俱乐部》的歌曲10次。
mst.mission.1073034._title,【剧情解锁条件】（隐藏）
mst.mission.1073034._detail,完成《Love Live! 虹之咲学园校园偶像俱乐部》的歌曲10次。
mst.mission.1073035._title,【剧情解锁条件】（隐藏）
mst.mission.1073035._detail,完成《Love Live! 虹之咲学园校园偶像俱乐部》的歌曲10次。
mst.mission.1073036._title,【剧情解锁条件】（隐藏）
mst.mission.1073036._detail,完成《Love Live! 虹之咲学园校园偶像俱乐部》的歌曲10次。
mst.mission.1073037._title,【剧情解锁条件】（隐藏）
mst.mission.1073037._detail,完成《Love Live! 虹之咲学园校园偶像俱乐部》歌曲15次。
mst.mission.1073038._title,【剧情解锁条件】（隐藏）
mst.mission.1073038._detail,完成《Love Live! 虹之咲学园校园偶像俱乐部》歌曲15次。
mst.mission.1073039._title,【剧情解锁条件】（隐藏）
mst.mission.1073039._detail,完成《Love Live! 虹之咲学园校园偶像俱乐部》歌曲15次。
mst.mission.1073040._title,【剧情解锁条件】（隐藏）
mst.mission.1073040._detail,完成《Love Live! 虹之咲学园校园偶像俱乐部》歌曲15次。
mst.mission.1073041._title,【剧情解锁条件】（隐藏）
mst.mission.1073041._detail,完成《Love Live! 虹之咲学园校园偶像俱乐部》歌曲15次。
mst.mission.1073042._title,【剧情解锁条件】（隐藏）
mst.mission.1073042._detail,完成《Love Live! 虹之咲学园校园偶像俱乐部》歌曲15次。
mst.mission.1073043._title,【剧情解锁条件】（隐藏）
mst.mission.1073043._detail,完成《Love Live! 虹之咲学园校园偶像俱乐部》歌曲15次。
mst.mission.1073044._title,【剧情解锁条件】（隐藏）
mst.mission.1073044._detail,完成《Love Live! 虹之咲学园校园偶像俱乐部》歌曲15次。
mst.mission.1073045._title,【剧情解锁条件】（隐藏）
mst.mission.1073045._detail,完成《Love Live! 虹之咲学园校园偶像俱乐部》歌曲15次。
mst.mission.1073046._title,【剧情解锁条件】（隐藏）
mst.mission.1073046._detail,完成《Love Live! 虹之咲学园校园偶像俱乐部》歌曲15次。
mst.mission.1073047._title,【剧情解锁条件】（隐藏）
mst.mission.1073047._detail,完成《Love Live! 虹之咲学园校园偶像俱乐部》歌曲15次。
mst.mission.1073048._title,【剧情解锁条件】（隐藏）
mst.mission.1073048._detail,完成《Love Live! 虹之咲学园校园偶像俱乐部》歌曲15次。
mst.mission.1073049._title,【剧情解锁条件】（隐藏）
mst.mission.1073049._detail,完成《Love Live! 虹之咲学园校园偶像俱乐部》歌曲20次。
mst.mission.1073050._title,【剧情解锁条件】（隐藏）
mst.mission.1073050._detail,完成《Love Live! 虹之咲学园校园偶像俱乐部》歌曲20次。
mst.mission.1073051._title,【剧情解锁条件】（隐藏）
mst.mission.1073051._detail,完成《Love Live! 虹之咲学园校园偶像俱乐部》歌曲20次。
mst.mission.1073052._title,【剧情解锁条件】（隐藏）
mst.mission.1073052._detail,完成《Love Live! 虹之咲学园校园偶像俱乐部》歌曲20次。
mst.mission.1073053._title,【剧情解锁条件】（隐藏）
mst.mission.1073053._detail,完成《Love Live! 虹之咲学园校园偶像俱乐部》歌曲20次。
mst.mission.1073054._title,【剧情解锁条件】（隐藏）
mst.mission.1073054._detail,完成《Love Live! 虹之咲学园校园偶像俱乐部》歌曲20次。
mst.mission.1073055._title,【剧情解锁条件】（隐藏）
mst.mission.1073055._detail,完成《Love Live! 虹之咲学园校园偶像俱乐部》歌曲20次。
mst.mission.1073056._title,【剧情解锁条件】（隐藏）
mst.mission.1073056._detail,完成《Love Live! 虹之咲学园校园偶像俱乐部》歌曲20次。
mst.mission.1073057._title,【剧情解锁条件】（隐藏）
mst.mission.1073057._detail,完成《Love Live! 虹之咲学园校园偶像俱乐部》歌曲20次。
mst.mission.1073058._title,【剧情解锁条件】（隐藏）
mst.mission.1073058._detail,完成《Love Live! 虹之咲学园校园偶像俱乐部》歌曲20次。
mst.mission.1073059._title,【剧情解锁条件】（隐藏）
mst.mission.1073059._detail,完成《Love Live! 虹之咲学园校园偶像俱乐部》歌曲20次。
mst.mission.1073060._title,【剧情解锁条件】（隐藏）
mst.mission.1073060._detail,完成《Love Live! 虹之咲学园校园偶像俱乐部》歌曲20次。
mst.mission.1073061._title,【剧情解锁条件】（隐藏）
mst.mission.1073061._detail,完成《Love Live!》歌曲90次。
mst.mission.1073062._title,【剧情解锁条件】（隐藏）
mst.mission.1073062._detail,完成《Love Live!》歌曲110次。
mst.mission.1073063._title,【剧情解锁条件】（隐藏）
mst.mission.1073063._detail,完成《Love Live!》歌曲130次。
mst.mission.1073064._title,【剧情解锁条件】（隐藏）
mst.mission.1073064._detail,完成《Love Live! Superstar!!》歌曲10次。
mst.mission.1073065._title,【剧情解锁条件】（隐藏）
mst.mission.1073065._detail,完成《Love Live! Superstar!!》的歌曲15次。
mst.mission.1073066._title,【剧情解锁条件】（隐藏）
mst.mission.1073066._detail,完成20次《Love Live! Superstar!!》的歌曲。
mst.mission.1805001._title,完成Live
mst.mission.1805001._detail,完成Live挑战
mst.mission.1805002._title,完成 Live 两次
mst.mission.1805002._detail,完成 Live 两次
mst.mission.1805003._title,完成3场Live
mst.mission.1805003._detail,完成3次Live挑战
mst.mission.1805004._title,完成 Live 4 次
mst.mission.1805004._detail,完成4次Live挑战
mst.mission.1805005._title,完成 Live 5 次
mst.mission.1805005._detail,完成5次Live挑战。
mst.mission.1805006._title,完成Live 6次
mst.mission.1805006._detail,完成6次Live挑战
mst.mission.1805007._title,完成7次Live
mst.mission.1805007._detail,完成7次Live。
mst.mission.1805008._title,完成8场Live
mst.mission.1805008._detail,完成8次Live挑战
mst.mission.1805009._title,完成9次Live
mst.mission.1805009._detail,完成9次Live。
mst.mission.1805010._title,完成10场Live
mst.mission.1805010._detail,完成10次Live。
mst.mission.1805011._title,完成11次Live
mst.mission.1805011._detail,完成11次Live。
mst.mission.1805012._title,完成12次Live
mst.mission.1805012._detail,完成12次Live。
mst.mission.1805013._title,完成13次Live
mst.mission.1805013._detail,完成13次Live。
mst.mission.1805014._title,完成14次Live
mst.mission.1805014._detail,完成14次Live。
mst.mission.1805015._title,完成15次Live
mst.mission.1805015._detail,完成15次Live。
mst.mission.1805016._title,完成16次Live
mst.mission.1805016._detail,完成16次Live。
mst.mission.1805017._title,完成17次Live
mst.mission.1805017._detail,完成17次Live。
mst.mission.1805018._title,完成18场Live
mst.mission.1805018._detail,完成18次Live。
mst.mission.1805019._title,完成19次Live
mst.mission.1805019._detail,完成19次Live。
mst.mission.1805020._title,完成20场Live
mst.mission.1805020._detail,完成20次Live。
mst.mission.1805021._title,完成21次Live
mst.mission.1805021._detail,完成21次Live。
mst.mission.1805022._title,完成22次Live
mst.mission.1805022._detail,完成22次Live。
mst.mission.1805023._title,完成23次Live
mst.mission.1805023._detail,完成23次Live。
mst.mission.1805024._title,完成24场Live
mst.mission.1805024._detail,完成24次Live。
mst.mission.1805025._title,完成25次Live
mst.mission.1805025._detail,完成25次Live。
mst.mission.1805026._title,完成28次Live
mst.mission.1805026._detail,完成28次Live。
mst.mission.1805027._title,完成30次Live
mst.mission.1805027._detail,完成30次Live。
mst.mission.1805028._title,完成33场Live
mst.mission.1805028._detail,完成33次Live。
mst.mission.1805029._title,完成35次Live
mst.mission.1805029._detail,完成35次Live。
mst.mission.1805030._title,完成38次Live
mst.mission.1805030._detail,完成38次Live。
mst.mission.1805031._title,完成40次Live
mst.mission.1805031._detail,完成40次Live。
mst.mission.1805032._title,完成43次Live
mst.mission.1805032._detail,完成43次Live。
mst.mission.1805033._title,完成45次Live
mst.mission.1805033._detail,完成45次Live。
mst.mission.1805034._title,完成48次Live
mst.mission.1805034._detail,完成48次Live。
mst.mission.1805035._title,完成50次Live
mst.mission.1805035._detail,完成50次Live。
